iter,step,backtrack
1,0.001953125,9
2,0.00390625,8
3,0.0078125,7
4,0.00390625,8
5,0.00390625,8
6,0.0078125,7
7,0.0078125,7
8,0.0078125,7
9,0.0078125,7
10,0.0078125,7
11,0.00390625,8
12,0.00390625,8
13,0.0078125,7
14,0.00390625,8
15,0.015625,6
16,0.00390625,8
17,0.00390625,8
18,0.0078125,7
19,0.00390625,8
20,0.0078125,7
21,0.00390625,8
22,0.00390625,8
23,0.0078125,7
24,0.00390625,8
25,0.00390625,8
26,0.00390625,8
27,0.00390625,8
28,0.0078125,7
29,0.00390625,8
30,0.00390625,8
31,0.00390625,8
32,0.00390625,8
33,0.00390625,8
34,0.00390625,8
35,0.00390625,8
36,0.00390625,8
37,0.00390625,8
38,0.00390625,8
39,0.001953125,9
40,0.03125,5
41,0.001953125,9
42,0.00390625,8
43,0.00390625,8
44,0.001953125,9
45,0.0078125,7
46,0.001953125,9
47,0.0078125,7
48,0.001953125,9
49,0.0078125,7
50,0.001953125,9
51,0.00390625,8
52,0.001953125,9
53,0.0078125,7
54,0.001953125,9
55,0.00390625,8
56,0.001953125,9
57,0.00390625,8
58,0.001953125,9
59,0.0078125,7
60,0.001953125,9
61,0.001953125,9
62,0.0078125,7
63,0.001953125,9
64,0.001953125,9
65,0.00390625,8
66,0.001953125,9
67,0.00390625,8
68,0.001953125,9
69,0.00390625,8
70,0.001953125,9
71,0.001953125,9
72,0.00390625,8
73,0.001953125,9
74,0.00390625,8
75,0.001953125,9
76,0.001953125,9
77,0.00390625,8
78,0.001953125,9
79,0.00390625,8
80,0.001953125,9
81,0.001953125,9
82,0.00390625,8
83,0.001953125,9
84,0.001953125,9
85,0.001953125,9
86,0.00390625,8
87,0.001953125,9
88,0.001953125,9
89,0.001953125,9
90,0.00390625,8
91,0.001953125,9
92,0.001953125,9
93,0.001953125,9
94,0.00390625,8
95,0.001953125,9
96,0.001953125,9
97,0.001953125,9
98,0.00390625,8
99,0.001953125,9
100,0.001953125,9
101,0.001953125,9
102,0.001953125,9
103,0.001953125,9
104,0.00390625,8
105,0.001953125,9
106,0.001953125,9
107,0.001953125,9
108,0.001953125,9
109,0.001953125,9
110,0.001953125,9
111,0.001953125,9
112,0.001953125,9
113,0.00390625,8
114,0.001953125,9
115,0.001953125,9
116,0.001953125,9
117,0.001953125,9
118,0.001953125,9
119,0.001953125,9
120,0.001953125,9
121,0.001953125,9
122,0.001953125,9
123,0.001953125,9
124,0.001953125,9
125,0.001953125,9
126,0.001953125,9
127,0.001953125,9
128,0.001953125,9
129,0.001953125,9
130,0.001953125,9
131,0.001953125,9
132,0.001953125,9
133,0.001953125,9
134,0.001953125,9
135,0.001953125,9
136,0.001953125,9
137,0.001953125,9
138,0.001953125,9
139,0.001953125,9
140,0.001953125,9
141,0.001953125,9
142,0.001953125,9
143,0.001953125,9
144,0.001953125,9
145,0.001953125,9
146,0.001953125,9
147,0.001953125,9
148,0.001953125,9
149,0.001953125,9
150,0.001953125,9
151,0.001953125,9
152,0.0009765625,10
153,0.015625,6
154,0.0009765625,10
155,0.015625,6
156,0.0009765625,10
157,0.00390625,8
158,0.001953125,9
159,0.001953125,9
160,0.001953125,9
161,0.0009765625,10
162,0.0078125,7
163,0.0009765625,10
164,0.0078125,7
165,0.0009765625,10
166,0.0078125,7
167,0.0009765625,10
168,0.0078125,7
169,0.0009765625,10
170,0.00390625,8
171,0.001953125,9
172,0.0009765625,10
173,0.00390625,8
174,0.001953125,9
175,0.0009765625,10
176,0.0078125,7
177,0.0009765625,10
178,0.00390625,8
179,0.0009765625,10
180,0.0078125,7
181,0.0009765625,10
182,0.001953125,9
183,0.001953125,9
184,0.001953125,9
185,0.0009765625,10
186,0.0078125,7
187,0.0009765625,10
188,0.001953125,9
189,0.001953125,9
190,0.001953125,9
191,0.0009765625,10
192,0.00390625,8
193,0.0009765625,10
194,0.00390625,8
195,0.001953125,9
196,0.0009765625,10
197,0.00390625,8
198,0.0009765625,10
199,0.00390625,8
200,0.0009765625,10
201,0.00390625,8
202,0.0009765625,10
203,0.00390625,8
204,0.0009765625,10
205,0.00390625,8
206,0.0009765625,10
207,0.00390625,8
208,0.0009765625,10
209,0.00390625,8
210,0.0009765625,10
211,0.001953125,9
212,0.001953125,9
213,0.0009765625,10
214,0.00390625,8
215,0.0009765625,10
216,0.00390625,8
217,0.0009765625,10
218,0.00390625,8
219,0.0009765625,10
220,0.001953125,9
221,0.001953125,9
222,0.0009765625,10
223,0.00390625,8
224,0.0009765625,10
225,0.00390625,8
226,0.0009765625,10
227,0.001953125,9
228,0.001953125,9
229,0.0009765625,10
230,0.00390625,8
231,0.0009765625,10
232,0.001953125,9
233,0.001953125,9
234,0.0009765625,10
235,0.001953125,9
236,0.001953125,9
237,0.0009765625,10
238,0.00390625,8
239,0.0009765625,10
240,0.001953125,9
241,0.001953125,9
242,0.0009765625,10
243,0.001953125,9
244,0.001953125,9
245,0.0009765625,10
246,0.001953125,9
247,0.001953125,9
248,0.0009765625,10
249,0.00390625,8
250,0.0009765625,10
251,0.001953125,9
252,0.0009765625,10
253,0.00390625,8
254,0.0009765625,10
255,0.001953125,9
256,0.001953125,9
257,0.0009765625,10
258,0.001953125,9
259,0.001953125,9
260,0.0009765625,10
261,0.001953125,9
262,0.001953125,9
263,0.0009765625,10
264,0.001953125,9
265,0.0009765625,10
266,0.00390625,8
267,0.0009765625,10
268,0.001953125,9
269,0.0009765625,10
270,0.00390625,8
271,0.0009765625,10
272,0.001953125,9
273,0.0009765625,10
274,0.00390625,8
275,0.0009765625,10
276,0.001953125,9
277,0.0009765625,10
278,0.00390625,8
279,0.0009765625,10
280,0.001953125,9
281,0.0009765625,10
282,0.001953125,9
283,0.001953125,9
284,0.0009765625,10
285,0.001953125,9
286,0.0009765625,10
287,0.00390625,8
288,0.0009765625,10
289,0.001953125,9
290,0.0009765625,10
291,0.001953125,9
292,0.001953125,9
293,0.0009765625,10
294,0.001953125,9
295,0.0009765625,10
296,0.001953125,9
297,0.001953125,9
298,0.0009765625,10
299,0.001953125,9
300,0.0009765625,10
301,0.001953125,9
302,0.001953125,9
303,0.0009765625,10
304,0.001953125,9
305,0.0009765625,10
306,0.001953125,9
307,0.001953125,9
308,0.0009765625,10
309,0.001953125,9
310,0.0009765625,10
311,0.001953125,9
312,0.001953125,9
313,0.0009765625,10
314,0.001953125,9
315,0.0009765625,10
316,0.001953125,9
317,0.0009765625,10
318,0.00390625,8
319,0.0009765625,10
320,0.001953125,9
321,0.0009765625,10
322,0.001953125,9
323,0.0009765625,10
324,0.001953125,9
325,0.001953125,9
326,0.0009765625,10
327,0.001953125,9
328,0.0009765625,10
329,0.001953125,9
330,0.0009765625,10
331,0.001953125,9
332,0.001953125,9
333,0.0009765625,10
334,0.001953125,9
335,0.0009765625,10
336,0.001953125,9
337,0.0009765625,10
338,0.001953125,9
339,0.0009765625,10
340,0.00390625,8
341,0.0009765625,10
342,0.0009765625,10
343,0.00390625,8
344,0.0009765625,10
345,0.001953125,9
346,0.0009765625,10
347,0.001953125,9
348,0.0009765625,10
349,0.001953125,9
350,0.0009765625,10
351,0.001953125,9
352,0.0009765625,10
353,0.001953125,9
354,0.0009765625,10
355,0.001953125,9
356,0.001953125,9
357,0.0009765625,10
358,0.001953125,9
359,0.0009765625,10
360,0.001953125,9
361,0.0009765625,10
362,0.001953125,9
363,0.0009765625,10
364,0.001953125,9
365,0.0009765625,10
366,0.001953125,9
367,0.0009765625,10
368,0.001953125,9
369,0.001953125,9
370,0.0009765625,10
371,0.001953125,9
372,0.0009765625,10
373,0.001953125,9
374,0.0009765625,10
375,0.001953125,9
376,0.0009765625,10
377,0.001953125,9
378,0.0009765625,10
379,0.001953125,9
380,0.0009765625,10
381,0.001953125,9
382,0.0009765625,10
383,0.001953125,9
384,0.0009765625,10
385,0.001953125,9
386,0.0009765625,10
387,0.001953125,9
388,0.0009765625,10
389,0.001953125,9
390,0.0009765625,10
391,0.00390625,8
392,0.0009765625,10
393,0.0009765625,10
394,0.001953125,9
395,0.0009765625,10
396,0.001953125,9
397,0.0009765625,10
398,0.001953125,9
399,0.0009765625,10
400,0.001953125,9
401,0.0009765625,10
402,0.001953125,9
403,0.0009765625,10
404,0.001953125,9
405,0.0009765625,10
406,0.001953125,9
407,0.0009765625,10
408,0.001953125,9
409,0.0009765625,10
410,0.001953125,9
411,0.0009765625,10
412,0.001953125,9
413,0.0009765625,10
414,0.001953125,9
415,0.0009765625,10
416,0.001953125,9
417,0.0009765625,10
418,0.001953125,9
419,0.0009765625,10
420,0.001953125,9
421,0.0009765625,10
422,0.001953125,9
423,0.0009765625,10
424,0.001953125,9
425,0.0009765625,10
426,0.001953125,9
427,0.0009765625,10
428,0.001953125,9
429,0.0009765625,10
430,0.001953125,9
431,0.0009765625,10
432,0.001953125,9
433,0.0009765625,10
434,0.001953125,9
435,0.0009765625,10
436,0.001953125,9
437,0.0009765625,10
438,0.001953125,9
439,0.0009765625,10
440,0.001953125,9
441,0.0009765625,10
442,0.0009765625,10
443,0.001953125,9
444,0.0009765625,10
445,0.001953125,9
446,0.0009765625,10
447,0.001953125,9
448,0.0009765625,10
449,0.001953125,9
450,0.0009765625,10
451,0.001953125,9
452,0.0009765625,10
453,0.001953125,9
454,0.0009765625,10
455,0.001953125,9
456,0.0009765625,10
457,0.001953125,9
458,0.0009765625,10
459,0.0009765625,10
460,0.001953125,9
461,0.0009765625,10
462,0.001953125,9
463,0.0009765625,10
464,0.001953125,9
465,0.0009765625,10
466,0.001953125,9
467,0.0009765625,10
468,0.001953125,9
469,0.0009765625,10
470,0.001953125,9
471,0.0009765625,10
472,0.0009765625,10
473,0.001953125,9
474,0.0009765625,10
475,0.001953125,9
476,0.0009765625,10
477,0.001953125,9
478,0.0009765625,10
479,0.001953125,9
480,0.0009765625,10
481,0.001953125,9
482,0.0009765625,10
483,0.0009765625,10
484,0.001953125,9
485,0.0009765625,10
486,0.001953125,9
487,0.0009765625,10
488,0.001953125,9
489,0.0009765625,10
490,0.001953125,9
491,0.0009765625,10
492,0.0009765625,10
493,0.001953125,9
494,0.0009765625,10
495,0.001953125,9
496,0.0009765625,10
497,0.001953125,9
498,0.0009765625,10
499,0.001953125,9
500,0.0009765625,10
501,0.0009765625,10
502,0.001953125,9
503,0.0009765625,10
504,0.001953125,9
505,0.0009765625,10
506,0.001953125,9
507,0.0009765625,10
508,0.0009765625,10
509,0.001953125,9
510,0.0009765625,10
511,0.001953125,9
512,0.0009765625,10
513,0.001953125,9
514,0.0009765625,10
515,0.0009765625,10
516,0.001953125,9
517,0.0009765625,10
518,0.001953125,9
519,0.0009765625,10
520,0.001953125,9
521,0.0009765625,10
522,0.001953125,9
523,0.0009765625,10
524,0.0009765625,10
525,0.001953125,9
526,0.0009765625,10
527,0.001953125,9
528,0.0009765625,10
529,0.0009765625,10
530,0.001953125,9
531,0.0009765625,10
532,0.001953125,9
533,0.0009765625,10
534,0.001953125,9
535,0.0009765625,10
536,0.0009765625,10
537,0.001953125,9
538,0.0009765625,10
539,0.001953125,9
540,0.0009765625,10
541,0.001953125,9
542,0.0009765625,10
543,0.0009765625,10
544,0.001953125,9
545,0.0009765625,10
546,0.001953125,9
547,0.0009765625,10
548,0.0009765625,10
549,0.001953125,9
550,0.0009765625,10
551,0.001953125,9
552,0.0009765625,10
553,0.001953125,9
554,0.0009765625,10
555,0.0009765625,10
556,0.001953125,9
557,0.0009765625,10
558,0.001953125,9
559,0.0009765625,10
560,0.0009765625,10
561,0.001953125,9
562,0.0009765625,10
563,0.001953125,9
564,0.0009765625,10
565,0.0009765625,10
566,0.001953125,9
567,0.0009765625,10
568,0.001953125,9
569,0.0009765625,10
570,0.001953125,9
571,0.0009765625,10
572,0.0009765625,10
573,0.001953125,9
574,0.0009765625,10
575,0.001953125,9
576,0.0009765625,10
577,0.0009765625,10
578,0.001953125,9
579,0.0009765625,10
580,0.001953125,9
581,0.0009765625,10
582,0.0009765625,10
583,0.001953125,9
584,0.0009765625,10
585,0.001953125,9
586,0.0009765625,10
587,0.0009765625,10
588,0.001953125,9
589,0.0009765625,10
590,0.001953125,9
591,0.0009765625,10
592,0.0009765625,10
593,0.001953125,9
594,0.0009765625,10
595,0.001953125,9
596,0.0009765625,10
597,0.0009765625,10
598,0.001953125,9
599,0.0009765625,10
600,0.001953125,9
601,0.0009765625,10
602,0.0009765625,10
603,0.001953125,9
604,0.0009765625,10
605,0.001953125,9
606,0.0009765625,10
607,0.0009765625,10
608,0.001953125,9
609,0.0009765625,10
610,0.0009765625,10
611,0.001953125,9
612,0.0009765625,10
613,0.001953125,9
614,0.0009765625,10
615,0.0009765625,10
616,0.001953125,9
617,0.0009765625,10
618,0.001953125,9
619,0.0009765625,10
620,0.0009765625,10
621,0.001953125,9
622,0.0009765625,10
623,0.001953125,9
624,0.0009765625,10
625,0.0009765625,10
626,0.001953125,9
627,0.0009765625,10
628,0.0009765625,10
629,0.001953125,9
630,0.0009765625,10
631,0.001953125,9
632,0.0009765625,10
633,0.0009765625,10
634,0.001953125,9
635,0.0009765625,10
636,0.0009765625,10
637,0.001953125,9
638,0.0009765625,10
639,0.001953125,9
640,0.0009765625,10
641,0.0009765625,10
642,0.001953125,9
643,0.0009765625,10
644,0.001953125,9
645,0.0009765625,10
646,0.0009765625,10
647,0.001953125,9
648,0.0009765625,10
649,0.0009765625,10
650,0.001953125,9
651,0.0009765625,10
652,0.001953125,9
653,0.0009765625,10
654,0.0009765625,10
655,0.001953125,9
656,0.0009765625,10
657,0.0009765625,10
658,0.001953125,9
659,0.0009765625,10
660,0.001953125,9
661,0.0009765625,10
662,0.0009765625,10
663,0.001953125,9
664,0.0009765625,10
665,0.0009765625,10
666,0.001953125,9
667,0.0009765625,10
668,0.001953125,9
669,0.0009765625,10
670,0.0009765625,10
671,0.001953125,9
672,0.0009765625,10
673,0.0009765625,10
674,0.001953125,9
675,0.0009765625,10
676,0.0009765625,10
677,0.001953125,9
678,0.0009765625,10
679,0.001953125,9
680,0.0009765625,10
681,0.0009765625,10
682,0.001953125,9
683,0.0009765625,10
684,0.0009765625,10
685,0.001953125,9
686,0.0009765625,10
687,0.0009765625,10
688,0.001953125,9
689,0.0009765625,10
690,0.001953125,9
691,0.0009765625,10
692,0.0009765625,10
693,0.001953125,9
694,0.0009765625,10
695,0.0009765625,10
696,0.001953125,9
697,0.0009765625,10
698,0.0009765625,10
699,0.001953125,9
700,0.0009765625,10
701,0.001953125,9
702,0.0009765625,10
703,0.0009765625,10
704,0.001953125,9
705,0.0009765625,10
706,0.0009765625,10
707,0.001953125,9
708,0.0009765625,10
709,0.0009765625,10
710,0.001953125,9
711,0.0009765625,10
712,0.001953125,9
713,0.0009765625,10
714,0.0009765625,10
715,0.001953125,9
716,0.0009765625,10
717,0.0009765625,10
718,0.001953125,9
719,0.0009765625,10
720,0.0009765625,10
721,0.001953125,9
722,0.0009765625,10
723,0.0009765625,10
724,0.001953125,9
725,0.0009765625,10
726,0.001953125,9
727,0.0009765625,10
728,0.0009765625,10
729,0.001953125,9
730,0.0009765625,10
731,0.0009765625,10
732,0.001953125,9
733,0.0009765625,10
734,0.0009765625,10
735,0.001953125,9
736,0.0009765625,10
737,0.0009765625,10
738,0.001953125,9
739,0.0009765625,10
740,0.0009765625,10
741,0.001953125,9
742,0.0009765625,10
743,0.0009765625,10
744,0.001953125,9
745,0.0009765625,10
746,0.001953125,9
747,0.0009765625,10
748,0.0009765625,10
749,0.001953125,9
750,0.0009765625,10
751,0.0009765625,10
752,0.001953125,9
753,0.0009765625,10
754,0.0009765625,10
755,0.001953125,9
756,0.0009765625,10
757,0.0009765625,10
758,0.001953125,9
759,0.0009765625,10
760,0.0009765625,10
761,0.001953125,9
762,0.0009765625,10
763,0.0009765625,10
764,0.001953125,9
765,0.0009765625,10
766,0.0009765625,10
767,0.001953125,9
768,0.0009765625,10
769,0.0009765625,10
770,0.001953125,9
771,0.0009765625,10
772,0.001953125,9
773,0.0009765625,10
774,0.0009765625,10
775,0.001953125,9
776,0.0009765625,10
777,0.0009765625,10
778,0.001953125,9
779,0.0009765625,10
780,0.0009765625,10
781,0.001953125,9
782,0.0009765625,10
783,0.0009765625,10
784,0.001953125,9
785,0.0009765625,10
786,0.0009765625,10
787,0.001953125,9
788,0.0009765625,10
789,0.0009765625,10
790,0.001953125,9
791,0.0009765625,10
792,0.0009765625,10
793,0.001953125,9
794,0.0009765625,10
795,0.0009765625,10
796,0.001953125,9
797,0.0009765625,10
798,0.0009765625,10
799,0.001953125,9
800,0.0009765625,10
801,0.0009765625,10
802,0.001953125,9
803,0.0009765625,10
804,0.0009765625,10
805,0.001953125,9
806,0.0009765625,10
807,0.0009765625,10
808,0.001953125,9
809,0.0009765625,10
810,0.0009765625,10
811,0.001953125,9
812,0.0009765625,10
813,0.0009765625,10
814,0.001953125,9
815,0.0009765625,10
816,0.0009765625,10
817,0.001953125,9
818,0.0009765625,10
819,0.0009765625,10
820,0.001953125,9
821,0.0009765625,10
822,0.0009765625,10
823,0.001953125,9
824,0.0009765625,10
825,0.0009765625,10
826,0.001953125,9
827,0.0009765625,10
828,0.0009765625,10
829,0.001953125,9
830,0.0009765625,10
831,0.0009765625,10
832,0.001953125,9
833,0.0009765625,10
834,0.0009765625,10
835,0.001953125,9
836,0.0009765625,10
837,0.0009765625,10
838,0.001953125,9
839,0.0009765625,10
840,0.0009765625,10
841,0.001953125,9
842,0.0009765625,10
843,0.0009765625,10
844,0.001953125,9
845,0.0009765625,10
846,0.0009765625,10
847,0.001953125,9
848,0.0009765625,10
849,0.0009765625,10
850,0.001953125,9
851,0.0009765625,10
852,0.0009765625,10
853,0.001953125,9
854,0.0009765625,10
855,0.0009765625,10
856,0.001953125,9
857,0.0009765625,10
858,0.0009765625,10
859,0.001953125,9
860,0.0009765625,10
861,0.0009765625,10
862,0.0009765625,10
863,0.001953125,9
864,0.0009765625,10
865,0.0009765625,10
866,0.001953125,9
867,0.0009765625,10
868,0.0009765625,10
869,0.001953125,9
870,0.0009765625,10
871,0.0009765625,10
872,0.001953125,9
873,0.0009765625,10
874,0.0009765625,10
875,0.001953125,9
876,0.0009765625,10
877,0.0009765625,10
878,0.001953125,9
879,0.0009765625,10
880,0.0009765625,10
881,0.001953125,9
882,0.0009765625,10
883,0.0009765625,10
884,0.001953125,9
885,0.0009765625,10
886,0.0009765625,10
887,0.001953125,9
888,0.0009765625,10
889,0.0009765625,10
890,0.001953125,9
891,0.0009765625,10
892,0.0009765625,10
893,0.0009765625,10
894,0.001953125,9
895,0.0009765625,10
896,0.0009765625,10
897,0.001953125,9
898,0.0009765625,10
899,0.0009765625,10
900,0.001953125,9
901,0.0009765625,10
902,0.0009765625,10
903,0.001953125,9
904,0.0009765625,10
905,0.0009765625,10
906,0.001953125,9
907,0.0009765625,10
908,0.0009765625,10
909,0.001953125,9
910,0.0009765625,10
911,0.0009765625,10
912,0.0009765625,10
913,0.001953125,9
914,0.0009765625,10
915,0.0009765625,10
916,0.001953125,9
917,0.0009765625,10
918,0.0009765625,10
919,0.001953125,9
920,0.0009765625,10
921,0.0009765625,10
922,0.001953125,9
923,0.0009765625,10
924,0.0009765625,10
925,0.001953125,9
926,0.0009765625,10
927,0.0009765625,10
928,0.001953125,9
929,0.0009765625,10
930,0.0009765625,10
931,0.0009765625,10
932,0.001953125,9
933,0.0009765625,10
934,0.0009765625,10
935,0.001953125,9
936,0.0009765625,10
937,0.0009765625,10
938,0.001953125,9
939,0.0009765625,10
940,0.0009765625,10
941,0.001953125,9
942,0.0009765625,10
943,0.0009765625,10
944,0.001953125,9
945,0.0009765625,10
946,0.0009765625,10
947,0.0009765625,10
948,0.001953125,9
949,0.0009765625,10
950,0.0009765625,10
951,0.001953125,9
952,0.0009765625,10
953,0.0009765625,10
954,0.001953125,9
955,0.0009765625,10
956,0.0009765625,10
957,0.001953125,9
958,0.0009765625,10
959,0.0009765625,10
960,0.0009765625,10
961,0.001953125,9
962,0.0009765625,10
963,0.0009765625,10
964,0.001953125,9
965,0.0009765625,10
966,0.0009765625,10
967,0.001953125,9
968,0.0009765625,10
969,0.0009765625,10
970,0.001953125,9
971,0.0009765625,10
972,0.0009765625,10
973,0.0009765625,10
974,0.001953125,9
975,0.0009765625,10
976,0.0009765625,10
977,0.001953125,9
978,0.0009765625,10
979,0.0009765625,10
980,0.001953125,9
981,0.0009765625,10
982,0.0009765625,10
983,0.001953125,9
984,0.0009765625,10
985,0.0009765625,10
986,0.0009765625,10
987,0.001953125,9
988,0.0009765625,10
989,0.0009765625,10
990,0.001953125,9
991,0.0009765625,10
992,0.0009765625,10
993,0.001953125,9
994,0.0009765625,10
995,0.0009765625,10
996,0.001953125,9
997,0.0009765625,10
998,0.0009765625,10
999,0.0009765625,10
1000,0.001953125,9
1001,0.0009765625,10
1002,0.0009765625,10
1003,0.001953125,9
1004,0.0009765625,10
1005,0.0009765625,10
1006,0.001953125,9
1007,0.0009765625,10
1008,0.0009765625,10
1009,0.0009765625,10
1010,0.001953125,9
1011,0.0009765625,10
1012,0.0009765625,10
1013,0.001953125,9
1014,0.0009765625,10
1015,0.0009765625,10
1016,0.001953125,9
1017,0.0009765625,10
1018,0.0009765625,10
1019,0.0009765625,10
1020,0.001953125,9
1021,0.0009765625,10
1022,0.0009765625,10
1023,0.001953125,9
1024,0.0009765625,10
1025,0.0009765625,10
1026,0.001953125,9
1027,0.0009765625,10
1028,0.0009765625,10
1029,0.0009765625,10
1030,0.001953125,9
1031,0.0009765625,10
1032,0.0009765625,10
1033,0.001953125,9
1034,0.0009765625,10
1035,0.0009765625,10
1036,0.001953125,9
1037,0.0009765625,10
1038,0.0009765625,10
1039,0.0009765625,10
1040,0.001953125,9
1041,0.0009765625,10
1042,0.0009765625,10
1043,0.001953125,9
1044,0.0009765625,10
1045,0.0009765625,10
1046,0.001953125,9
1047,0.0009765625,10
1048,0.0009765625,10
1049,0.0009765625,10
1050,0.001953125,9
1051,0.0009765625,10
1052,0.0009765625,10
1053,0.001953125,9
1054,0.0009765625,10
1055,0.0009765625,10
1056,0.001953125,9
1057,0.0009765625,10
1058,0.0009765625,10
1059,0.0009765625,10
1060,0.001953125,9
1061,0.0009765625,10
1062,0.0009765625,10
1063,0.001953125,9
1064,0.0009765625,10
1065,0.0009765625,10
1066,0.0009765625,10
1067,0.001953125,9
1068,0.0009765625,10
1069,0.0009765625,10
1070,0.001953125,9
1071,0.0009765625,10
1072,0.0009765625,10
1073,0.001953125,9
1074,0.0009765625,10
1075,0.0009765625,10
1076,0.0009765625,10
1077,0.001953125,9
1078,0.0009765625,10
1079,0.0009765625,10
1080,0.001953125,9
1081,0.0009765625,10
1082,0.0009765625,10
1083,0.0009765625,10
1084,0.001953125,9
1085,0.0009765625,10
1086,0.0009765625,10
1087,0.001953125,9
1088,0.0009765625,10
1089,0.0009765625,10
1090,0.001953125,9
1091,0.0009765625,10
1092,0.0009765625,10
1093,0.0009765625,10
1094,0.001953125,9
1095,0.0009765625,10
1096,0.0009765625,10
1097,0.001953125,9
1098,0.0009765625,10
1099,0.0009765625,10
1100,0.0009765625,10
1101,0.001953125,9
1102,0.0009765625,10
1103,0.0009765625,10
1104,0.001953125,9
1105,0.0009765625,10
1106,0.0009765625,10
1107,0.0009765625,10
1108,0.001953125,9
1109,0.0009765625,10
1110,0.0009765625,10
1111,0.001953125,9
1112,0.0009765625,10
1113,0.0009765625,10
1114,0.001953125,9
1115,0.0009765625,10
1116,0.0009765625,10
1117,0.0009765625,10
1118,0.001953125,9
1119,0.0009765625,10
1120,0.0009765625,10
1121,0.001953125,9
1122,0.0009765625,10
1123,0.0009765625,10
1124,0.0009765625,10
1125,0.001953125,9
1126,0.0009765625,10
1127,0.0009765625,10
1128,0.001953125,9
1129,0.0009765625,10
1130,0.0009765625,10
1131,0.0009765625,10
1132,0.001953125,9
1133,0.0009765625,10
1134,0.0009765625,10
1135,0.001953125,9
1136,0.0009765625,10
1137,0.0009765625,10
1138,0.0009765625,10
1139,0.001953125,9
1140,0.0009765625,10
1141,0.0009765625,10
1142,0.001953125,9
1143,0.0009765625,10
1144,0.0009765625,10
1145,0.0009765625,10
1146,0.001953125,9
1147,0.0009765625,10
1148,0.0009765625,10
1149,0.001953125,9
1150,0.0009765625,10
1151,0.0009765625,10
1152,0.001953125,9
1153,0.0009765625,10
1154,0.0009765625,10
1155,0.0009765625,10
1156,0.001953125,9
1157,0.0009765625,10
1158,0.0009765625,10
1159,0.001953125,9
1160,0.0009765625,10
1161,0.0009765625,10
1162,0.0009765625,10
1163,0.001953125,9
1164,0.0009765625,10
1165,0.0009765625,10
1166,0.001953125,9
1167,0.0009765625,10
1168,0.0009765625,10
1169,0.0009765625,10
1170,0.001953125,9
1171,0.0009765625,10
1172,0.0009765625,10
1173,0.001953125,9
1174,0.0009765625,10
1175,0.0009765625,10
1176,0.0009765625,10
1177,0.001953125,9
1178,0.0009765625,10
1179,0.0009765625,10
1180,0.001953125,9
1181,0.0009765625,10
1182,0.0009765625,10
1183,0.0009765625,10
1184,0.001953125,9
1185,0.0009765625,10
1186,0.0009765625,10
1187,0.0009765625,10
1188,0.001953125,9
1189,0.0009765625,10
1190,0.0009765625,10
1191,0.001953125,9
1192,0.0009765625,10
1193,0.0009765625,10
1194,0.0009765625,10
1195,0.001953125,9
1196,0.0009765625,10
1197,0.0009765625,10
1198,0.001953125,9
1199,0.0009765625,10
1200,0.0009765625,10
1201,0.0009765625,10
1202,0.001953125,9
1203,0.0009765625,10
1204,0.0009765625,10
1205,0.001953125,9
1206,0.0009765625,10
1207,0.0009765625,10
1208,0.0009765625,10
1209,0.001953125,9
1210,0.0009765625,10
1211,0.0009765625,10
1212,0.001953125,9
1213,0.0009765625,10
1214,0.0009765625,10
1215,0.0009765625,10
1216,0.001953125,9
1217,0.0009765625,10
1218,0.0009765625,10
1219,0.001953125,9
1220,0.0009765625,10
1221,0.0009765625,10
1222,0.0009765625,10
1223,0.001953125,9
1224,0.0009765625,10
1225,0.0009765625,10
1226,0.001953125,9
1227,0.0009765625,10
1228,0.0009765625,10
1229,0.0009765625,10
1230,0.001953125,9
1231,0.0009765625,10
1232,0.0009765625,10
1233,0.0009765625,10
1234,0.001953125,9
1235,0.0009765625,10
1236,0.0009765625,10
1237,0.001953125,9
1238,0.0009765625,10
1239,0.0009765625,10
1240,0.0009765625,10
1241,0.001953125,9
1242,0.0009765625,10
1243,0.0009765625,10
1244,0.001953125,9
1245,0.0009765625,10
1246,0.0009765625,10
1247,0.0009765625,10
1248,0.001953125,9
1249,0.0009765625,10
1250,0.0009765625,10
1251,0.001953125,9
1252,0.0009765625,10
1253,0.0009765625,10
1254,0.0009765625,10
1255,0.001953125,9
1256,0.0009765625,10
1257,0.0009765625,10
1258,0.0009765625,10
1259,0.001953125,9
1260,0.0009765625,10
1261,0.0009765625,10
1262,0.001953125,9
1263,0.0009765625,10
1264,0.0009765625,10
1265,0.0009765625,10
1266,0.001953125,9
1267,0.0009765625,10
1268,0.0009765625,10
1269,0.001953125,9
1270,0.0009765625,10
1271,0.0009765625,10
1272,0.0009765625,10
1273,0.001953125,9
1274,0.0009765625,10
1275,0.0009765625,10
1276,0.0009765625,10
1277,0.001953125,9
1278,0.0009765625,10
1279,0.0009765625,10
1280,0.001953125,9
1281,0.0009765625,10
1282,0.0009765625,10
1283,0.0009765625,10
1284,0.001953125,9
1285,0.0009765625,10
1286,0.0009765625,10
1287,0.0009765625,10
1288,0.001953125,9
1289,0.0009765625,10
1290,0.0009765625,10
1291,0.001953125,9
1292,0.0009765625,10
1293,0.0009765625,10
1294,0.0009765625,10
1295,0.001953125,9
1296,0.0009765625,10
1297,0.0009765625,10
1298,0.001953125,9
1299,0.0009765625,10
1300,0.0009765625,10
1301,0.0009765625,10
1302,0.001953125,9
1303,0.0009765625,10
1304,0.0009765625,10
1305,0.0009765625,10
1306,0.001953125,9
1307,0.0009765625,10
1308,0.0009765625,10
1309,0.001953125,9
1310,0.0009765625,10
1311,0.0009765625,10
1312,0.0009765625,10
1313,0.001953125,9
1314,0.0009765625,10
1315,0.0009765625,10
1316,0.0009765625,10
1317,0.001953125,9
1318,0.0009765625,10
1319,0.0009765625,10
1320,0.001953125,9
1321,0.0009765625,10
1322,0.0009765625,10
1323,0.0009765625,10
1324,0.001953125,9
1325,0.0009765625,10
1326,0.0009765625,10
1327,0.001953125,9
1328,0.0009765625,10
1329,0.0009765625,10
1330,0.0009765625,10
1331,0.001953125,9
1332,0.0009765625,10
1333,0.0009765625,10
1334,0.0009765625,10
1335,0.001953125,9
1336,0.0009765625,10
1337,0.0009765625,10
1338,0.001953125,9
1339,0.0009765625,10
1340,0.0009765625,10
1341,0.0009765625,10
1342,0.001953125,9
1343,0.0009765625,10
1344,0.0009765625,10
1345,0.0009765625,10
1346,0.001953125,9
1347,0.0009765625,10
1348,0.0009765625,10
1349,0.001953125,9
1350,0.0009765625,10
1351,0.0009765625,10
1352,0.0009765625,10
1353,0.001953125,9
1354,0.0009765625,10
1355,0.0009765625,10
1356,0.0009765625,10
1357,0.001953125,9
1358,0.0009765625,10
1359,0.0009765625,10
1360,0.001953125,9
1361,0.0009765625,10
1362,0.0009765625,10
1363,0.0009765625,10
1364,0.001953125,9
1365,0.0009765625,10
1366,0.0009765625,10
1367,0.0009765625,10
1368,0.001953125,9
1369,0.0009765625,10
1370,0.0009765625,10
1371,0.0009765625,10
1372,0.001953125,9
1373,0.0009765625,10
1374,0.0009765625,10
1375,0.001953125,9
1376,0.0009765625,10
1377,0.0009765625,10
1378,0.0009765625,10
1379,0.001953125,9
1380,0.0009765625,10
1381,0.0009765625,10
1382,0.0009765625,10
1383,0.001953125,9
1384,0.0009765625,10
1385,0.0009765625,10
1386,0.001953125,9
1387,0.0009765625,10
1388,0.0009765625,10
1389,0.0009765625,10
1390,0.001953125,9
1391,0.0009765625,10
1392,0.0009765625,10
1393,0.0009765625,10
1394,0.001953125,9
1395,0.0009765625,10
1396,0.0009765625,10
1397,0.001953125,9
1398,0.0009765625,10
1399,0.0009765625,10
1400,0.0009765625,10
1401,0.001953125,9
1402,0.0009765625,10
1403,0.0009765625,10
1404,0.0009765625,10
1405,0.001953125,9
1406,0.0009765625,10
1407,0.0009765625,10
1408,0.0009765625,10
1409,0.001953125,9
1410,0.0009765625,10
1411,0.0009765625,10
1412,0.001953125,9
1413,0.0009765625,10
1414,0.0009765625,10
1415,0.0009765625,10
1416,0.001953125,9
1417,0.0009765625,10
1418,0.0009765625,10
1419,0.0009765625,10
1420,0.001953125,9
1421,0.0009765625,10
1422,0.0009765625,10
1423,0.001953125,9
1424,0.0009765625,10
1425,0.0009765625,10
1426,0.0009765625,10
1427,0.001953125,9
1428,0.0009765625,10
1429,0.0009765625,10
1430,0.0009765625,10
1431,0.001953125,9
1432,0.0009765625,10
1433,0.0009765625,10
1434,0.0009765625,10
1435,0.001953125,9
1436,0.0009765625,10
1437,0.0009765625,10
1438,0.001953125,9
1439,0.0009765625,10
1440,0.0009765625,10
1441,0.0009765625,10
1442,0.001953125,9
1443,0.0009765625,10
1444,0.0009765625,10
1445,0.0009765625,10
1446,0.001953125,9
1447,0.0009765625,10
1448,0.0009765625,10
1449,0.0009765625,10
1450,0.001953125,9
1451,0.0009765625,10
1452,0.0009765625,10
1453,0.001953125,9
1454,0.0009765625,10
1455,0.0009765625,10
1456,0.0009765625,10
1457,0.001953125,9
1458,0.0009765625,10
1459,0.0009765625,10
1460,0.0009765625,10
1461,0.001953125,9
1462,0.0009765625,10
1463,0.0009765625,10
1464,0.0009765625,10
1465,0.001953125,9
1466,0.0009765625,10
1467,0.0009765625,10
1468,0.001953125,9
1469,0.0009765625,10
1470,0.0009765625,10
1471,0.0009765625,10
1472,0.001953125,9
1473,0.0009765625,10
1474,0.0009765625,10
1475,0.0009765625,10
1476,0.001953125,9
1477,0.0009765625,10
1478,0.0009765625,10
1479,0.0009765625,10
1480,0.001953125,9
1481,0.0009765625,10
1482,0.0009765625,10
1483,0.001953125,9
1484,0.0009765625,10
1485,0.0009765625,10
1486,0.0009765625,10
1487,0.001953125,9
1488,0.0009765625,10
1489,0.0009765625,10
1490,0.0009765625,10
1491,0.001953125,9
1492,0.0009765625,10
1493,0.0009765625,10
1494,0.0009765625,10
1495,0.001953125,9
1496,0.0009765625,10
1497,0.0009765625,10
1498,0.001953125,9
1499,0.0009765625,10
1500,0.0009765625,10
1501,0.0009765625,10
1502,0.001953125,9
1503,0.0009765625,10
1504,0.0009765625,10
1505,0.0009765625,10
1506,0.001953125,9
1507,0.0009765625,10
1508,0.0009765625,10
1509,0.0009765625,10
1510,0.001953125,9
1511,0.0009765625,10
1512,0.0009765625,10
1513,0.0009765625,10
1514,0.001953125,9
1515,0.0009765625,10
1516,0.0009765625,10
1517,0.001953125,9
1518,0.0009765625,10
1519,0.0009765625,10
1520,0.0009765625,10
1521,0.001953125,9
1522,0.0009765625,10
1523,0.0009765625,10
1524,0.0009765625,10
1525,0.001953125,9
1526,0.0009765625,10
1527,0.0009765625,10
1528,0.0009765625,10
1529,0.001953125,9
1530,0.0009765625,10
1531,0.0009765625,10
1532,0.0009765625,10
1533,0.001953125,9
1534,0.0009765625,10
1535,0.0009765625,10
1536,0.001953125,9
1537,0.0009765625,10
1538,0.0009765625,10
1539,0.0009765625,10
1540,0.001953125,9
1541,0.0009765625,10
1542,0.0009765625,10
1543,0.0009765625,10
1544,0.001953125,9
1545,0.0009765625,10
1546,0.0009765625,10
1547,0.0009765625,10
1548,0.001953125,9
1549,0.0009765625,10
1550,0.0009765625,10
1551,0.0009765625,10
1552,0.001953125,9
1553,0.0009765625,10
1554,0.0009765625,10
1555,0.001953125,9
1556,0.0009765625,10
1557,0.0009765625,10
1558,0.0009765625,10
1559,0.001953125,9
1560,0.0009765625,10
1561,0.0009765625,10
1562,0.0009765625,10
1563,0.001953125,9
1564,0.0009765625,10
1565,0.0009765625,10
1566,0.0009765625,10
1567,0.001953125,9
1568,0.0009765625,10
1569,0.0009765625,10
1570,0.0009765625,10
1571,0.001953125,9
1572,0.0009765625,10
1573,0.0009765625,10
1574,0.0009765625,10
1575,0.001953125,9
1576,0.0009765625,10
1577,0.0009765625,10
1578,0.001953125,9
1579,0.0009765625,10
1580,0.0009765625,10
1581,0.0009765625,10
1582,0.001953125,9
1583,0.0009765625,10
1584,0.0009765625,10
1585,0.0009765625,10
1586,0.001953125,9
1587,0.0009765625,10
1588,0.0009765625,10
1589,0.0009765625,10
1590,0.001953125,9
1591,0.0009765625,10
1592,0.0009765625,10
1593,0.0009765625,10
1594,0.001953125,9
1595,0.0009765625,10
1596,0.0009765625,10
1597,0.001953125,9
1598,0.0009765625,10
1599,0.0009765625,10
1600,0.0009765625,10
1601,0.001953125,9
1602,0.0009765625,10
1603,0.0009765625,10
1604,0.0009765625,10
1605,0.001953125,9
1606,0.0009765625,10
1607,0.0009765625,10
1608,0.0009765625,10
1609,0.001953125,9
1610,0.0009765625,10
1611,0.0009765625,10
1612,0.0009765625,10
1613,0.001953125,9
1614,0.0009765625,10
1615,0.0009765625,10
1616,0.0009765625,10
1617,0.001953125,9
1618,0.0009765625,10
1619,0.0009765625,10
1620,0.0009765625,10
1621,0.001953125,9
1622,0.0009765625,10
1623,0.0009765625,10
1624,0.001953125,9
1625,0.0009765625,10
1626,0.0009765625,10
1627,0.0009765625,10
1628,0.001953125,9
1629,0.0009765625,10
1630,0.0009765625,10
1631,0.0009765625,10
1632,0.001953125,9
1633,0.0009765625,10
1634,0.0009765625,10
1635,0.0009765625,10
1636,0.001953125,9
1637,0.0009765625,10
1638,0.0009765625,10
1639,0.0009765625,10
1640,0.001953125,9
1641,0.0009765625,10
1642,0.0009765625,10
1643,0.0009765625,10
1644,0.001953125,9
1645,0.0009765625,10
1646,0.0009765625,10
1647,0.0009765625,10
1648,0.001953125,9
1649,0.0009765625,10
1650,0.0009765625,10
1651,0.001953125,9
1652,0.0009765625,10
1653,0.0009765625,10
1654,0.0009765625,10
1655,0.001953125,9
1656,0.0009765625,10
1657,0.0009765625,10
1658,0.0009765625,10
1659,0.001953125,9
1660,0.0009765625,10
1661,0.0009765625,10
1662,0.0009765625,10
1663,0.001953125,9
1664,0.0009765625,10
1665,0.0009765625,10
1666,0.0009765625,10
1667,0.001953125,9
1668,0.0009765625,10
1669,0.0009765625,10
1670,0.0009765625,10
1671,0.001953125,9
1672,0.0009765625,10
1673,0.0009765625,10
1674,0.0009765625,10
1675,0.001953125,9
1676,0.0009765625,10
1677,0.0009765625,10
1678,0.0009765625,10
1679,0.001953125,9
1680,0.0009765625,10
1681,0.0009765625,10
1682,0.001953125,9
1683,0.0009765625,10
1684,0.0009765625,10
1685,0.0009765625,10
1686,0.001953125,9
1687,0.0009765625,10
1688,0.0009765625,10
1689,0.0009765625,10
1690,0.001953125,9
1691,0.0009765625,10
1692,0.0009765625,10
1693,0.0009765625,10
1694,0.001953125,9
1695,0.0009765625,10
1696,0.0009765625,10
1697,0.0009765625,10
1698,0.001953125,9
1699,0.0009765625,10
1700,0.0009765625,10
1701,0.0009765625,10
1702,0.001953125,9
1703,0.0009765625,10
1704,0.0009765625,10
1705,0.0009765625,10
1706,0.001953125,9
1707,0.0009765625,10
1708,0.0009765625,10
1709,0.0009765625,10
1710,0.001953125,9
1711,0.0009765625,10
1712,0.0009765625,10
1713,0.0009765625,10
1714,0.001953125,9
1715,0.0009765625,10
1716,0.0009765625,10
1717,0.001953125,9
1718,0.0009765625,10
1719,0.0009765625,10
1720,0.0009765625,10
1721,0.001953125,9
1722,0.0009765625,10
1723,0.0009765625,10
1724,0.0009765625,10
1725,0.001953125,9
1726,0.0009765625,10
1727,0.0009765625,10
1728,0.0009765625,10
1729,0.001953125,9
1730,0.0009765625,10
1731,0.0009765625,10
1732,0.0009765625,10
1733,0.001953125,9
1734,0.0009765625,10
1735,0.0009765625,10
1736,0.0009765625,10
1737,0.001953125,9
1738,0.0009765625,10
1739,0.0009765625,10
1740,0.0009765625,10
1741,0.001953125,9
1742,0.0009765625,10
1743,0.0009765625,10
1744,0.0009765625,10
1745,0.001953125,9
1746,0.0009765625,10
1747,0.0009765625,10
1748,0.0009765625,10
1749,0.001953125,9
1750,0.0009765625,10
1751,0.0009765625,10
1752,0.0009765625,10
1753,0.001953125,9
1754,0.0009765625,10
1755,0.0009765625,10
1756,0.001953125,9
1757,0.0009765625,10
1758,0.0009765625,10
1759,0.0009765625,10
1760,0.001953125,9
1761,0.0009765625,10
1762,0.0009765625,10
1763,0.0009765625,10
1764,0.001953125,9
1765,0.0009765625,10
1766,0.0009765625,10
1767,0.0009765625,10
1768,0.001953125,9
1769,0.0009765625,10
1770,0.0009765625,10
1771,0.0009765625,10
1772,0.001953125,9
1773,0.0009765625,10
1774,0.0009765625,10
1775,0.0009765625,10
1776,0.001953125,9
1777,0.0009765625,10
1778,0.0009765625,10
1779,0.0009765625,10
1780,0.001953125,9
1781,0.0009765625,10
1782,0.0009765625,10
1783,0.0009765625,10
1784,0.001953125,9
1785,0.0009765625,10
1786,0.0009765625,10
1787,0.0009765625,10
1788,0.001953125,9
1789,0.0009765625,10
1790,0.0009765625,10
1791,0.0009765625,10
1792,0.001953125,9
1793,0.0009765625,10
1794,0.0009765625,10
1795,0.0009765625,10
1796,0.001953125,9
1797,0.0009765625,10
1798,0.0009765625,10
1799,0.0009765625,10
1800,0.001953125,9
1801,0.0009765625,10
1802,0.0009765625,10
1803,0.0009765625,10
1804,0.001953125,9
1805,0.0009765625,10
1806,0.0009765625,10
1807,0.0009765625,10
1808,0.001953125,9
1809,0.0009765625,10
1810,0.0009765625,10
1811,0.001953125,9
1812,0.0009765625,10
1813,0.0009765625,10
1814,0.0009765625,10
1815,0.001953125,9
1816,0.0009765625,10
1817,0.0009765625,10
1818,0.0009765625,10
1819,0.001953125,9
1820,0.0009765625,10
1821,0.0009765625,10
1822,0.0009765625,10
1823,0.001953125,9
1824,0.0009765625,10
1825,0.0009765625,10
1826,0.0009765625,10
1827,0.001953125,9
1828,0.0009765625,10
1829,0.0009765625,10
1830,0.0009765625,10
1831,0.001953125,9
1832,0.0009765625,10
1833,0.0009765625,10
1834,0.0009765625,10
1835,0.001953125,9
1836,0.0009765625,10
1837,0.0009765625,10
1838,0.0009765625,10
1839,0.001953125,9
1840,0.0009765625,10
1841,0.0009765625,10
1842,0.0009765625,10
1843,0.001953125,9
1844,0.0009765625,10
1845,0.0009765625,10
1846,0.0009765625,10
1847,0.001953125,9
1848,0.0009765625,10
1849,0.0009765625,10
1850,0.0009765625,10
1851,0.001953125,9
1852,0.0009765625,10
1853,0.0009765625,10
1854,0.0009765625,10
1855,0.001953125,9
1856,0.0009765625,10
1857,0.0009765625,10
1858,0.0009765625,10
1859,0.001953125,9
1860,0.0009765625,10
1861,0.0009765625,10
1862,0.0009765625,10
1863,0.001953125,9
1864,0.0009765625,10
1865,0.0009765625,10
1866,0.0009765625,10
1867,0.001953125,9
1868,0.0009765625,10
1869,0.0009765625,10
1870,0.0009765625,10
1871,0.001953125,9
1872,0.0009765625,10
1873,0.0009765625,10
1874,0.0009765625,10
1875,0.001953125,9
1876,0.0009765625,10
1877,0.0009765625,10
1878,0.0009765625,10
1879,0.001953125,9
1880,0.0009765625,10
1881,0.0009765625,10
1882,0.0009765625,10
1883,0.001953125,9
1884,0.0009765625,10
1885,0.0009765625,10
1886,0.0009765625,10
1887,0.001953125,9
1888,0.0009765625,10
1889,0.0009765625,10
1890,0.0009765625,10
1891,0.001953125,9
1892,0.0009765625,10
1893,0.0009765625,10
1894,0.0009765625,10
1895,0.001953125,9
1896,0.0009765625,10
1897,0.0009765625,10
1898,0.0009765625,10
1899,0.001953125,9
1900,0.0009765625,10
1901,0.0009765625,10
1902,0.0009765625,10
1903,0.001953125,9
1904,0.0009765625,10
1905,0.0009765625,10
1906,0.001953125,9
1907,0.0009765625,10
1908,0.0009765625,10
1909,0.0009765625,10
1910,0.001953125,9
1911,0.0009765625,10
1912,0.0009765625,10
1913,0.0009765625,10
1914,0.001953125,9
1915,0.0009765625,10
1916,0.0009765625,10
1917,0.0009765625,10
1918,0.001953125,9
1919,0.0009765625,10
1920,0.0009765625,10
1921,0.0009765625,10
1922,0.001953125,9
1923,0.0009765625,10
1924,0.0009765625,10
1925,0.0009765625,10
1926,0.001953125,9
1927,0.0009765625,10
1928,0.0009765625,10
1929,0.0009765625,10
1930,0.001953125,9
1931,0.0009765625,10
1932,0.0009765625,10
1933,0.0009765625,10
1934,0.001953125,9
1935,0.0009765625,10
1936,0.0009765625,10
1937,0.0009765625,10
1938,0.001953125,9
1939,0.0009765625,10
1940,0.0009765625,10
1941,0.0009765625,10
1942,0.001953125,9
1943,0.0009765625,10
1944,0.0009765625,10
1945,0.0009765625,10
1946,0.001953125,9
1947,0.0009765625,10
1948,0.0009765625,10
1949,0.0009765625,10
1950,0.001953125,9
1951,0.0009765625,10
1952,0.0009765625,10
1953,0.0009765625,10
1954,0.001953125,9
1955,0.0009765625,10
1956,0.0009765625,10
1957,0.0009765625,10
1958,0.001953125,9
1959,0.0009765625,10
1960,0.0009765625,10
1961,0.0009765625,10
1962,0.001953125,9
1963,0.0009765625,10
1964,0.0009765625,10
1965,0.0009765625,10
1966,0.001953125,9
1967,0.0009765625,10
1968,0.0009765625,10
1969,0.0009765625,10
1970,0.001953125,9
1971,0.0009765625,10
1972,0.0009765625,10
1973,0.0009765625,10
1974,0.001953125,9
1975,0.0009765625,10
1976,0.0009765625,10
1977,0.0009765625,10
1978,0.001953125,9
1979,0.0009765625,10
1980,0.0009765625,10
1981,0.0009765625,10
1982,0.001953125,9
1983,0.0009765625,10
1984,0.0009765625,10
1985,0.0009765625,10
1986,0.001953125,9
1987,0.0009765625,10
1988,0.0009765625,10
1989,0.0009765625,10
1990,0.001953125,9
1991,0.0009765625,10
1992,0.0009765625,10
1993,0.0009765625,10
1994,0.001953125,9
1995,0.0009765625,10
1996,0.0009765625,10
1997,0.0009765625,10
1998,0.001953125,9
1999,0.0009765625,10
2000,0.0009765625,10
2001,0.0009765625,10
2002,0.001953125,9
2003,0.0009765625,10
2004,0.0009765625,10
2005,0.0009765625,10
2006,0.001953125,9
2007,0.0009765625,10
2008,0.0009765625,10
2009,0.0009765625,10
2010,0.001953125,9
2011,0.0009765625,10
2012,0.0009765625,10
2013,0.0009765625,10
2014,0.001953125,9
2015,0.0009765625,10
2016,0.0009765625,10
2017,0.0009765625,10
2018,0.001953125,9
2019,0.0009765625,10
2020,0.0009765625,10
2021,0.0009765625,10
2022,0.001953125,9
2023,0.0009765625,10
2024,0.0009765625,10
2025,0.0009765625,10
2026,0.001953125,9
2027,0.0009765625,10
2028,0.0009765625,10
2029,0.0009765625,10
2030,0.001953125,9
2031,0.0009765625,10
2032,0.0009765625,10
2033,0.0009765625,10
2034,0.001953125,9
2035,0.0009765625,10
2036,0.0009765625,10
2037,0.0009765625,10
2038,0.001953125,9
2039,0.0009765625,10
2040,0.0009765625,10
2041,0.0009765625,10
2042,0.001953125,9
2043,0.0009765625,10
2044,0.0009765625,10
2045,0.0009765625,10
2046,0.0009765625,10
2047,0.001953125,9
2048,0.0009765625,10
2049,0.0009765625,10
2050,0.0009765625,10
2051,0.001953125,9
2052,0.0009765625,10
2053,0.0009765625,10
2054,0.0009765625,10
2055,0.001953125,9
2056,0.0009765625,10
2057,0.0009765625,10
2058,0.0009765625,10
2059,0.001953125,9
2060,0.0009765625,10
2061,0.0009765625,10
2062,0.0009765625,10
2063,0.001953125,9
2064,0.0009765625,10
2065,0.0009765625,10
2066,0.0009765625,10
2067,0.001953125,9
2068,0.0009765625,10
2069,0.0009765625,10
2070,0.0009765625,10
2071,0.001953125,9
2072,0.0009765625,10
2073,0.0009765625,10
2074,0.0009765625,10
2075,0.001953125,9
2076,0.0009765625,10
2077,0.0009765625,10
2078,0.0009765625,10
2079,0.001953125,9
2080,0.0009765625,10
2081,0.0009765625,10
2082,0.0009765625,10
2083,0.001953125,9
2084,0.0009765625,10
2085,0.0009765625,10
2086,0.0009765625,10
2087,0.001953125,9
2088,0.0009765625,10
2089,0.0009765625,10
2090,0.0009765625,10
2091,0.001953125,9
2092,0.0009765625,10
2093,0.0009765625,10
2094,0.0009765625,10
2095,0.001953125,9
2096,0.0009765625,10
2097,0.0009765625,10
2098,0.0009765625,10
2099,0.001953125,9
2100,0.0009765625,10
2101,0.0009765625,10
2102,0.0009765625,10
2103,0.001953125,9
2104,0.0009765625,10
2105,0.0009765625,10
2106,0.0009765625,10
2107,0.001953125,9
2108,0.0009765625,10
2109,0.0009765625,10
2110,0.0009765625,10
2111,0.001953125,9
2112,0.0009765625,10
2113,0.0009765625,10
2114,0.0009765625,10
2115,0.001953125,9
2116,0.0009765625,10
2117,0.0009765625,10
2118,0.0009765625,10
2119,0.001953125,9
2120,0.0009765625,10
2121,0.0009765625,10
2122,0.0009765625,10
2123,0.001953125,9
2124,0.0009765625,10
2125,0.0009765625,10
2126,0.0009765625,10
2127,0.001953125,9
2128,0.0009765625,10
2129,0.0009765625,10
2130,0.0009765625,10
2131,0.001953125,9
2132,0.0009765625,10
2133,0.0009765625,10
2134,0.0009765625,10
2135,0.001953125,9
2136,0.0009765625,10
2137,0.0009765625,10
2138,0.0009765625,10
2139,0.001953125,9
2140,0.0009765625,10
2141,0.0009765625,10
2142,0.0009765625,10
2143,0.001953125,9
2144,0.0009765625,10
2145,0.0009765625,10
2146,0.0009765625,10
2147,0.001953125,9
2148,0.0009765625,10
2149,0.0009765625,10
2150,0.0009765625,10
2151,0.0009765625,10
2152,0.001953125,9
2153,0.0009765625,10
2154,0.0009765625,10
2155,0.0009765625,10
2156,0.001953125,9
2157,0.0009765625,10
2158,0.0009765625,10
2159,0.0009765625,10
2160,0.001953125,9
2161,0.0009765625,10
2162,0.0009765625,10
2163,0.0009765625,10
2164,0.001953125,9
2165,0.0009765625,10
2166,0.0009765625,10
2167,0.0009765625,10
2168,0.001953125,9
2169,0.0009765625,10
2170,0.0009765625,10
2171,0.0009765625,10
2172,0.001953125,9
2173,0.0009765625,10
2174,0.0009765625,10
2175,0.0009765625,10
2176,0.001953125,9
2177,0.0009765625,10
2178,0.0009765625,10
2179,0.0009765625,10
2180,0.001953125,9
2181,0.0009765625,10
2182,0.0009765625,10
2183,0.0009765625,10
2184,0.001953125,9
2185,0.0009765625,10
2186,0.0009765625,10
2187,0.0009765625,10
2188,0.001953125,9
2189,0.0009765625,10
2190,0.0009765625,10
2191,0.0009765625,10
2192,0.001953125,9
2193,0.0009765625,10
2194,0.0009765625,10
2195,0.0009765625,10
2196,0.001953125,9
2197,0.0009765625,10
2198,0.0009765625,10
2199,0.0009765625,10
2200,0.001953125,9
2201,0.0009765625,10
2202,0.0009765625,10
2203,0.0009765625,10
2204,0.001953125,9
2205,0.0009765625,10
2206,0.0009765625,10
2207,0.0009765625,10
2208,0.001953125,9
2209,0.0009765625,10
2210,0.0009765625,10
2211,0.0009765625,10
2212,0.001953125,9
2213,0.0009765625,10
2214,0.0009765625,10
2215,0.0009765625,10
2216,0.0009765625,10
2217,0.001953125,9
2218,0.0009765625,10
2219,0.0009765625,10
2220,0.0009765625,10
2221,0.001953125,9
2222,0.0009765625,10
2223,0.0009765625,10
2224,0.0009765625,10
2225,0.001953125,9
2226,0.0009765625,10
2227,0.0009765625,10
2228,0.0009765625,10
2229,0.001953125,9
2230,0.0009765625,10
2231,0.0009765625,10
2232,0.0009765625,10
2233,0.001953125,9
2234,0.0009765625,10
2235,0.0009765625,10
2236,0.0009765625,10
2237,0.001953125,9
2238,0.0009765625,10
2239,0.0009765625,10
2240,0.0009765625,10
2241,0.001953125,9
2242,0.0009765625,10
2243,0.0009765625,10
2244,0.0009765625,10
2245,0.001953125,9
2246,0.0009765625,10
2247,0.0009765625,10
2248,0.0009765625,10
2249,0.001953125,9
2250,0.0009765625,10
2251,0.0009765625,10
2252,0.0009765625,10
2253,0.001953125,9
2254,0.0009765625,10
2255,0.0009765625,10
2256,0.0009765625,10
2257,0.001953125,9
2258,0.0009765625,10
2259,0.0009765625,10
2260,0.0009765625,10
2261,0.001953125,9
2262,0.0009765625,10
2263,0.0009765625,10
2264,0.0009765625,10
2265,0.001953125,9
2266,0.0009765625,10
2267,0.0009765625,10
2268,0.0009765625,10
2269,0.001953125,9
2270,0.0009765625,10
2271,0.0009765625,10
2272,0.0009765625,10
2273,0.0009765625,10
2274,0.001953125,9
2275,0.0009765625,10
2276,0.0009765625,10
2277,0.0009765625,10
2278,0.001953125,9
2279,0.0009765625,10
2280,0.0009765625,10
2281,0.0009765625,10
2282,0.001953125,9
2283,0.0009765625,10
2284,0.0009765625,10
2285,0.0009765625,10
2286,0.001953125,9
2287,0.0009765625,10
2288,0.0009765625,10
2289,0.0009765625,10
2290,0.001953125,9
2291,0.0009765625,10
2292,0.0009765625,10
2293,0.0009765625,10
2294,0.001953125,9
2295,0.0009765625,10
2296,0.0009765625,10
2297,0.0009765625,10
2298,0.001953125,9
2299,0.0009765625,10
2300,0.0009765625,10
2301,0.0009765625,10
2302,0.001953125,9
2303,0.0009765625,10
2304,0.0009765625,10
2305,0.0009765625,10
2306,0.001953125,9
2307,0.0009765625,10
2308,0.0009765625,10
2309,0.0009765625,10
2310,0.001953125,9
2311,0.0009765625,10
2312,0.0009765625,10
2313,0.0009765625,10
2314,0.001953125,9
2315,0.0009765625,10
2316,0.0009765625,10
2317,0.0009765625,10
2318,0.0009765625,10
2319,0.001953125,9
2320,0.0009765625,10
2321,0.0009765625,10
2322,0.0009765625,10
2323,0.001953125,9
2324,0.0009765625,10
2325,0.0009765625,10
2326,0.0009765625,10
2327,0.001953125,9
2328,0.0009765625,10
2329,0.0009765625,10
2330,0.0009765625,10
2331,0.001953125,9
2332,0.0009765625,10
2333,0.0009765625,10
2334,0.0009765625,10
2335,0.001953125,9
2336,0.0009765625,10
2337,0.0009765625,10
2338,0.0009765625,10
2339,0.001953125,9
2340,0.0009765625,10
2341,0.0009765625,10
2342,0.0009765625,10
2343,0.001953125,9
2344,0.0009765625,10
2345,0.0009765625,10
2346,0.0009765625,10
2347,0.001953125,9
2348,0.0009765625,10
2349,0.0009765625,10
2350,0.0009765625,10
2351,0.001953125,9
2352,0.0009765625,10
2353,0.0009765625,10
2354,0.0009765625,10
2355,0.001953125,9
2356,0.0009765625,10
2357,0.0009765625,10
2358,0.0009765625,10
2359,0.0009765625,10
2360,0.001953125,9
2361,0.0009765625,10
2362,0.0009765625,10
2363,0.0009765625,10
2364,0.001953125,9
2365,0.0009765625,10
2366,0.0009765625,10
2367,0.0009765625,10
2368,0.001953125,9
2369,0.0009765625,10
2370,0.0009765625,10
2371,0.0009765625,10
2372,0.001953125,9
2373,0.0009765625,10
2374,0.0009765625,10
2375,0.0009765625,10
2376,0.001953125,9
2377,0.0009765625,10
2378,0.0009765625,10
2379,0.0009765625,10
2380,0.001953125,9
2381,0.0009765625,10
2382,0.0009765625,10
2383,0.0009765625,10
2384,0.001953125,9
2385,0.0009765625,10
2386,0.0009765625,10
2387,0.0009765625,10
2388,0.001953125,9
2389,0.0009765625,10
2390,0.0009765625,10
2391,0.0009765625,10
2392,0.001953125,9
2393,0.0009765625,10
2394,0.0009765625,10
2395,0.0009765625,10
2396,0.001953125,9
2397,0.0009765625,10
2398,0.0009765625,10
2399,0.0009765625,10
2400,0.0009765625,10
2401,0.001953125,9
2402,0.0009765625,10
2403,0.0009765625,10
2404,0.0009765625,10
2405,0.001953125,9
2406,0.0009765625,10
2407,0.0009765625,10
2408,0.0009765625,10
2409,0.001953125,9
2410,0.0009765625,10
2411,0.0009765625,10
2412,0.0009765625,10
2413,0.001953125,9
2414,0.0009765625,10
2415,0.0009765625,10
2416,0.0009765625,10
2417,0.001953125,9
2418,0.0009765625,10
2419,0.0009765625,10
2420,0.0009765625,10
2421,0.001953125,9
2422,0.0009765625,10
2423,0.0009765625,10
2424,0.0009765625,10
2425,0.001953125,9
2426,0.0009765625,10
2427,0.0009765625,10
2428,0.0009765625,10
2429,0.001953125,9
2430,0.0009765625,10
2431,0.0009765625,10
2432,0.0009765625,10
2433,0.0009765625,10
2434,0.001953125,9
2435,0.0009765625,10
2436,0.0009765625,10
2437,0.0009765625,10
2438,0.001953125,9
2439,0.0009765625,10
2440,0.0009765625,10
2441,0.0009765625,10
2442,0.001953125,9
2443,0.0009765625,10
2444,0.0009765625,10
2445,0.0009765625,10
2446,0.001953125,9
2447,0.0009765625,10
2448,0.0009765625,10
2449,0.0009765625,10
2450,0.001953125,9
2451,0.0009765625,10
2452,0.0009765625,10
2453,0.0009765625,10
2454,0.001953125,9
2455,0.0009765625,10
2456,0.0009765625,10
2457,0.0009765625,10
2458,0.001953125,9
2459,0.0009765625,10
2460,0.0009765625,10
2461,0.0009765625,10
2462,0.001953125,9
2463,0.0009765625,10
2464,0.0009765625,10
2465,0.0009765625,10
2466,0.001953125,9
2467,0.0009765625,10
2468,0.0009765625,10
2469,0.0009765625,10
2470,0.0009765625,10
2471,0.001953125,9
2472,0.0009765625,10
2473,0.0009765625,10
2474,0.0009765625,10
2475,0.001953125,9
2476,0.0009765625,10
2477,0.0009765625,10
2478,0.0009765625,10
2479,0.001953125,9
2480,0.0009765625,10
2481,0.0009765625,10
2482,0.0009765625,10
2483,0.001953125,9
2484,0.0009765625,10
2485,0.0009765625,10
2486,0.0009765625,10
2487,0.001953125,9
2488,0.0009765625,10
2489,0.0009765625,10
2490,0.0009765625,10
2491,0.001953125,9
2492,0.0009765625,10
2493,0.0009765625,10
2494,0.0009765625,10
2495,0.001953125,9
2496,0.0009765625,10
2497,0.0009765625,10
2498,0.0009765625,10
2499,0.001953125,9
2500,0.0009765625,10
2501,0.0009765625,10
2502,0.0009765625,10
2503,0.0009765625,10
2504,0.001953125,9
2505,0.0009765625,10
2506,0.0009765625,10
2507,0.0009765625,10
2508,0.001953125,9
2509,0.0009765625,10
2510,0.0009765625,10
2511,0.0009765625,10
2512,0.001953125,9
2513,0.0009765625,10
2514,0.0009765625,10
2515,0.0009765625,10
2516,0.001953125,9
2517,0.0009765625,10
2518,0.0009765625,10
2519,0.0009765625,10
2520,0.001953125,9
2521,0.0009765625,10
2522,0.0009765625,10
2523,0.0009765625,10
2524,0.001953125,9
2525,0.0009765625,10
2526,0.0009765625,10
2527,0.0009765625,10
2528,0.001953125,9
2529,0.0009765625,10
2530,0.0009765625,10
2531,0.0009765625,10
2532,0.0009765625,10
2533,0.001953125,9
2534,0.0009765625,10
2535,0.0009765625,10
2536,0.0009765625,10
2537,0.001953125,9
2538,0.0009765625,10
2539,0.0009765625,10
2540,0.0009765625,10
2541,0.001953125,9
2542,0.0009765625,10
2543,0.0009765625,10
2544,0.0009765625,10
2545,0.001953125,9
2546,0.0009765625,10
2547,0.0009765625,10
2548,0.0009765625,10
2549,0.001953125,9
2550,0.0009765625,10
2551,0.0009765625,10
2552,0.0009765625,10
2553,0.001953125,9
2554,0.0009765625,10
2555,0.0009765625,10
2556,0.0009765625,10
2557,0.001953125,9
2558,0.0009765625,10
2559,0.0009765625,10
2560,0.0009765625,10
2561,0.0009765625,10
2562,0.001953125,9
2563,0.0009765625,10
2564,0.0009765625,10
2565,0.0009765625,10
2566,0.001953125,9
2567,0.0009765625,10
2568,0.0009765625,10
2569,0.0009765625,10
2570,0.001953125,9
2571,0.0009765625,10
2572,0.0009765625,10
2573,0.0009765625,10
2574,0.001953125,9
2575,0.0009765625,10
2576,0.0009765625,10
2577,0.0009765625,10
2578,0.001953125,9
2579,0.0009765625,10
2580,0.0009765625,10
2581,0.0009765625,10
2582,0.001953125,9
2583,0.0009765625,10
2584,0.0009765625,10
2585,0.0009765625,10
2586,0.001953125,9
2587,0.0009765625,10
2588,0.0009765625,10
2589,0.0009765625,10
2590,0.001953125,9
2591,0.0009765625,10
2592,0.0009765625,10
2593,0.0009765625,10
2594,0.0009765625,10
2595,0.001953125,9
2596,0.0009765625,10
2597,0.0009765625,10
2598,0.0009765625,10
2599,0.001953125,9
2600,0.0009765625,10
2601,0.0009765625,10
2602,0.0009765625,10
2603,0.001953125,9
2604,0.0009765625,10
2605,0.0009765625,10
2606,0.0009765625,10
2607,0.001953125,9
2608,0.0009765625,10
2609,0.0009765625,10
2610,0.0009765625,10
2611,0.001953125,9
2612,0.0009765625,10
2613,0.0009765625,10
2614,0.0009765625,10
2615,0.001953125,9
2616,0.0009765625,10
2617,0.0009765625,10
2618,0.0009765625,10
2619,0.0009765625,10
2620,0.001953125,9
2621,0.0009765625,10
2622,0.0009765625,10
2623,0.0009765625,10
2624,0.001953125,9
2625,0.0009765625,10
2626,0.0009765625,10
2627,0.0009765625,10
2628,0.001953125,9
2629,0.0009765625,10
2630,0.0009765625,10
2631,0.0009765625,10
2632,0.001953125,9
2633,0.0009765625,10
2634,0.0009765625,10
2635,0.0009765625,10
2636,0.001953125,9
2637,0.0009765625,10
2638,0.0009765625,10
2639,0.0009765625,10
2640,0.001953125,9
2641,0.0009765625,10
2642,0.0009765625,10
2643,0.0009765625,10
2644,0.001953125,9
2645,0.0009765625,10
2646,0.0009765625,10
2647,0.0009765625,10
2648,0.0009765625,10
2649,0.001953125,9
2650,0.0009765625,10
2651,0.0009765625,10
2652,0.0009765625,10
2653,0.001953125,9
2654,0.0009765625,10
2655,0.0009765625,10
2656,0.0009765625,10
2657,0.001953125,9
2658,0.0009765625,10
2659,0.0009765625,10
2660,0.0009765625,10
2661,0.001953125,9
2662,0.0009765625,10
2663,0.0009765625,10
2664,0.0009765625,10
2665,0.001953125,9
2666,0.0009765625,10
2667,0.0009765625,10
2668,0.0009765625,10
2669,0.001953125,9
2670,0.0009765625,10
2671,0.0009765625,10
2672,0.0009765625,10
2673,0.0009765625,10
2674,0.001953125,9
2675,0.0009765625,10
2676,0.0009765625,10
2677,0.0009765625,10
2678,0.001953125,9
2679,0.0009765625,10
2680,0.0009765625,10
2681,0.0009765625,10
2682,0.001953125,9
2683,0.0009765625,10
2684,0.0009765625,10
2685,0.0009765625,10
2686,0.001953125,9
2687,0.0009765625,10
2688,0.0009765625,10
2689,0.0009765625,10
2690,0.001953125,9
2691,0.0009765625,10
2692,0.0009765625,10
2693,0.0009765625,10
2694,0.001953125,9
2695,0.0009765625,10
2696,0.0009765625,10
2697,0.0009765625,10
2698,0.001953125,9
2699,0.0009765625,10
2700,0.0009765625,10
2701,0.0009765625,10
2702,0.0009765625,10
2703,0.001953125,9
2704,0.0009765625,10
2705,0.0009765625,10
2706,0.0009765625,10
2707,0.001953125,9
2708,0.0009765625,10
2709,0.0009765625,10
2710,0.0009765625,10
2711,0.001953125,9
2712,0.0009765625,10
2713,0.0009765625,10
2714,0.0009765625,10
2715,0.001953125,9
2716,0.0009765625,10
2717,0.0009765625,10
2718,0.0009765625,10
2719,0.001953125,9
2720,0.0009765625,10
2721,0.0009765625,10
2722,0.0009765625,10
2723,0.001953125,9
2724,0.0009765625,10
2725,0.0009765625,10
2726,0.0009765625,10
2727,0.0009765625,10
2728,0.001953125,9
2729,0.0009765625,10
2730,0.0009765625,10
2731,0.0009765625,10
2732,0.001953125,9
2733,0.0009765625,10
2734,0.0009765625,10
2735,0.0009765625,10
2736,0.001953125,9
2737,0.0009765625,10
2738,0.0009765625,10
2739,0.0009765625,10
2740,0.001953125,9
2741,0.0009765625,10
2742,0.0009765625,10
2743,0.0009765625,10
2744,0.001953125,9
2745,0.0009765625,10
2746,0.0009765625,10
2747,0.0009765625,10
2748,0.001953125,9
2749,0.0009765625,10
2750,0.0009765625,10
2751,0.0009765625,10
2752,0.0009765625,10
2753,0.001953125,9
2754,0.0009765625,10
2755,0.0009765625,10
2756,0.0009765625,10
2757,0.001953125,9
2758,0.0009765625,10
2759,0.0009765625,10
2760,0.0009765625,10
2761,0.001953125,9
2762,0.0009765625,10
2763,0.0009765625,10
2764,0.0009765625,10
2765,0.001953125,9
2766,0.0009765625,10
2767,0.0009765625,10
2768,0.0009765625,10
2769,0.001953125,9
2770,0.0009765625,10
2771,0.0009765625,10
2772,0.0009765625,10
2773,0.001953125,9
2774,0.0009765625,10
2775,0.0009765625,10
2776,0.0009765625,10
2777,0.0009765625,10
2778,0.001953125,9
2779,0.0009765625,10
2780,0.0009765625,10
2781,0.0009765625,10
2782,0.001953125,9
2783,0.0009765625,10
2784,0.0009765625,10
2785,0.0009765625,10
2786,0.001953125,9
2787,0.0009765625,10
2788,0.0009765625,10
2789,0.0009765625,10
2790,0.001953125,9
2791,0.0009765625,10
2792,0.0009765625,10
2793,0.0009765625,10
2794,0.001953125,9
2795,0.0009765625,10
2796,0.0009765625,10
2797,0.0009765625,10
2798,0.0009765625,10
2799,0.001953125,9
2800,0.0009765625,10
2801,0.0009765625,10
2802,0.0009765625,10
2803,0.001953125,9
2804,0.0009765625,10
2805,0.0009765625,10
2806,0.0009765625,10
2807,0.001953125,9
2808,0.0009765625,10
2809,0.0009765625,10
2810,0.0009765625,10
2811,0.001953125,9
2812,0.0009765625,10
2813,0.0009765625,10
2814,0.0009765625,10
2815,0.001953125,9
2816,0.0009765625,10
2817,0.0009765625,10
2818,0.0009765625,10
2819,0.001953125,9
2820,0.0009765625,10
2821,0.0009765625,10
2822,0.0009765625,10
2823,0.0009765625,10
2824,0.001953125,9
2825,0.0009765625,10
2826,0.0009765625,10
2827,0.0009765625,10
2828,0.001953125,9
2829,0.0009765625,10
2830,0.0009765625,10
2831,0.0009765625,10
2832,0.001953125,9
2833,0.0009765625,10
2834,0.0009765625,10
2835,0.0009765625,10
2836,0.001953125,9
2837,0.0009765625,10
2838,0.0009765625,10
2839,0.0009765625,10
2840,0.001953125,9
2841,0.0009765625,10
2842,0.0009765625,10
2843,0.0009765625,10
2844,0.001953125,9
2845,0.0009765625,10
2846,0.0009765625,10
2847,0.0009765625,10
2848,0.0009765625,10
2849,0.001953125,9
2850,0.0009765625,10
2851,0.0009765625,10
2852,0.0009765625,10
2853,0.001953125,9
2854,0.0009765625,10
2855,0.0009765625,10
2856,0.0009765625,10
2857,0.001953125,9
2858,0.0009765625,10
2859,0.0009765625,10
2860,0.0009765625,10
2861,0.001953125,9
2862,0.0009765625,10
2863,0.0009765625,10
2864,0.0009765625,10
2865,0.001953125,9
2866,0.0009765625,10
2867,0.0009765625,10
2868,0.0009765625,10
2869,0.0009765625,10
2870,0.001953125,9
2871,0.0009765625,10
2872,0.0009765625,10
2873,0.0009765625,10
2874,0.001953125,9
2875,0.0009765625,10
2876,0.0009765625,10
2877,0.0009765625,10
2878,0.001953125,9
2879,0.0009765625,10
2880,0.0009765625,10
2881,0.0009765625,10
2882,0.001953125,9
2883,0.0009765625,10
2884,0.0009765625,10
2885,0.0009765625,10
2886,0.001953125,9
2887,0.0009765625,10
2888,0.0009765625,10
2889,0.0009765625,10
2890,0.001953125,9
2891,0.0009765625,10
2892,0.0009765625,10
2893,0.0009765625,10
2894,0.0009765625,10
2895,0.001953125,9
2896,0.0009765625,10
2897,0.0009765625,10
2898,0.0009765625,10
2899,0.001953125,9
2900,0.0009765625,10
2901,0.0009765625,10
2902,0.0009765625,10
2903,0.001953125,9
2904,0.0009765625,10
2905,0.0009765625,10
2906,0.0009765625,10
2907,0.001953125,9
2908,0.0009765625,10
2909,0.0009765625,10
2910,0.0009765625,10
2911,0.001953125,9
2912,0.0009765625,10
2913,0.0009765625,10
2914,0.0009765625,10
2915,0.0009765625,10
2916,0.001953125,9
2917,0.0009765625,10
2918,0.0009765625,10
2919,0.0009765625,10
2920,0.001953125,9
2921,0.0009765625,10
2922,0.0009765625,10
2923,0.0009765625,10
2924,0.001953125,9
2925,0.0009765625,10
2926,0.0009765625,10
2927,0.0009765625,10
2928,0.001953125,9
2929,0.0009765625,10
2930,0.0009765625,10
2931,0.0009765625,10
2932,0.001953125,9
2933,0.0009765625,10
2934,0.0009765625,10
2935,0.0009765625,10
2936,0.0009765625,10
2937,0.001953125,9
2938,0.0009765625,10
2939,0.0009765625,10
2940,0.0009765625,10
2941,0.001953125,9
2942,0.0009765625,10
2943,0.0009765625,10
2944,0.0009765625,10
2945,0.001953125,9
2946,0.0009765625,10
2947,0.0009765625,10
2948,0.0009765625,10
2949,0.001953125,9
2950,0.0009765625,10
2951,0.0009765625,10
2952,0.0009765625,10
2953,0.001953125,9
2954,0.0009765625,10
2955,0.0009765625,10
2956,0.0009765625,10
2957,0.0009765625,10
2958,0.001953125,9
2959,0.0009765625,10
2960,0.0009765625,10
2961,0.0009765625,10
2962,0.001953125,9
2963,0.0009765625,10
2964,0.0009765625,10
2965,0.0009765625,10
2966,0.001953125,9
2967,0.0009765625,10
2968,0.0009765625,10
2969,0.0009765625,10
2970,0.001953125,9
2971,0.0009765625,10
2972,0.0009765625,10
2973,0.0009765625,10
2974,0.001953125,9
2975,0.0009765625,10
2976,0.0009765625,10
2977,0.0009765625,10
2978,0.0009765625,10
2979,0.001953125,9
2980,0.0009765625,10
2981,0.0009765625,10
2982,0.0009765625,10
2983,0.001953125,9
2984,0.0009765625,10
2985,0.0009765625,10
2986,0.0009765625,10
2987,0.001953125,9
2988,0.0009765625,10
2989,0.0009765625,10
2990,0.0009765625,10
2991,0.001953125,9
2992,0.0009765625,10
2993,0.0009765625,10
2994,0.0009765625,10
2995,0.001953125,9
2996,0.0009765625,10
2997,0.0009765625,10
2998,0.0009765625,10
2999,0.001953125,9
3000,0.0009765625,10
3001,0.0009765625,10
3002,0.0009765625,10
3003,0.0009765625,10
3004,0.001953125,9
3005,0.0009765625,10
3006,0.0009765625,10
3007,0.0009765625,10
3008,0.001953125,9
3009,0.0009765625,10
3010,0.0009765625,10
3011,0.0009765625,10
3012,0.001953125,9
3013,0.0009765625,10
3014,0.0009765625,10
3015,0.0009765625,10
3016,0.001953125,9
3017,0.0009765625,10
3018,0.0009765625,10
3019,0.0009765625,10
3020,0.001953125,9
3021,0.0009765625,10
3022,0.0009765625,10
3023,0.0009765625,10
3024,0.0009765625,10
3025,0.001953125,9
3026,0.0009765625,10
3027,0.0009765625,10
3028,0.0009765625,10
3029,0.001953125,9
3030,0.0009765625,10
3031,0.0009765625,10
3032,0.0009765625,10
3033,0.001953125,9
3034,0.0009765625,10
3035,0.0009765625,10
3036,0.0009765625,10
3037,0.001953125,9
3038,0.0009765625,10
3039,0.0009765625,10
3040,0.0009765625,10
3041,0.001953125,9
3042,0.0009765625,10
3043,0.0009765625,10
3044,0.0009765625,10
3045,0.0009765625,10
3046,0.001953125,9
3047,0.0009765625,10
3048,0.0009765625,10
3049,0.0009765625,10
3050,0.001953125,9
3051,0.0009765625,10
3052,0.0009765625,10
3053,0.0009765625,10
3054,0.001953125,9
3055,0.0009765625,10
3056,0.0009765625,10
3057,0.0009765625,10
3058,0.001953125,9
3059,0.0009765625,10
3060,0.0009765625,10
3061,0.0009765625,10
3062,0.0009765625,10
3063,0.001953125,9
3064,0.0009765625,10
3065,0.0009765625,10
3066,0.0009765625,10
3067,0.001953125,9
3068,0.0009765625,10
3069,0.0009765625,10
3070,0.0009765625,10
3071,0.001953125,9
3072,0.0009765625,10
3073,0.0009765625,10
3074,0.0009765625,10
3075,0.001953125,9
3076,0.0009765625,10
3077,0.0009765625,10
3078,0.0009765625,10
3079,0.001953125,9
3080,0.0009765625,10
3081,0.0009765625,10
3082,0.0009765625,10
3083,0.0009765625,10
3084,0.001953125,9
3085,0.0009765625,10
3086,0.0009765625,10
3087,0.0009765625,10
3088,0.001953125,9
3089,0.0009765625,10
3090,0.0009765625,10
3091,0.0009765625,10
3092,0.001953125,9
3093,0.0009765625,10
3094,0.0009765625,10
3095,0.0009765625,10
3096,0.001953125,9
3097,0.0009765625,10
3098,0.0009765625,10
3099,0.0009765625,10
3100,0.001953125,9
3101,0.0009765625,10
3102,0.0009765625,10
3103,0.0009765625,10
3104,0.0009765625,10
3105,0.001953125,9
3106,0.0009765625,10
3107,0.0009765625,10
3108,0.0009765625,10
3109,0.001953125,9
3110,0.0009765625,10
3111,0.0009765625,10
3112,0.0009765625,10
3113,0.001953125,9
3114,0.0009765625,10
3115,0.0009765625,10
3116,0.0009765625,10
3117,0.001953125,9
3118,0.0009765625,10
3119,0.0009765625,10
3120,0.0009765625,10
3121,0.001953125,9
3122,0.0009765625,10
3123,0.0009765625,10
3124,0.0009765625,10
3125,0.0009765625,10
3126,0.001953125,9
3127,0.0009765625,10
3128,0.0009765625,10
3129,0.0009765625,10
3130,0.001953125,9
3131,0.0009765625,10
3132,0.0009765625,10
3133,0.0009765625,10
3134,0.001953125,9
3135,0.0009765625,10
3136,0.0009765625,10
3137,0.0009765625,10
3138,0.001953125,9
3139,0.0009765625,10
3140,0.0009765625,10
3141,0.0009765625,10
3142,0.001953125,9
3143,0.0009765625,10
3144,0.0009765625,10
3145,0.0009765625,10
3146,0.0009765625,10
3147,0.001953125,9
3148,0.0009765625,10
3149,0.0009765625,10
3150,0.0009765625,10
3151,0.001953125,9
3152,0.0009765625,10
3153,0.0009765625,10
3154,0.0009765625,10
3155,0.001953125,9
3156,0.0009765625,10
3157,0.0009765625,10
3158,0.0009765625,10
3159,0.001953125,9
3160,0.0009765625,10
3161,0.0009765625,10
3162,0.0009765625,10
3163,0.0009765625,10
3164,0.001953125,9
3165,0.0009765625,10
3166,0.0009765625,10
3167,0.0009765625,10
3168,0.001953125,9
3169,0.0009765625,10
3170,0.0009765625,10
3171,0.0009765625,10
3172,0.001953125,9
3173,0.0009765625,10
3174,0.0009765625,10
3175,0.0009765625,10
3176,0.001953125,9
3177,0.0009765625,10
3178,0.0009765625,10
3179,0.0009765625,10
3180,0.001953125,9
3181,0.0009765625,10
3182,0.0009765625,10
3183,0.0009765625,10
3184,0.0009765625,10
3185,0.001953125,9
3186,0.0009765625,10
3187,0.0009765625,10
3188,0.0009765625,10
3189,0.001953125,9
3190,0.0009765625,10
3191,0.0009765625,10
3192,0.0009765625,10
3193,0.001953125,9
3194,0.0009765625,10
3195,0.0009765625,10
3196,0.0009765625,10
3197,0.001953125,9
3198,0.0009765625,10
3199,0.0009765625,10
3200,0.0009765625,10
3201,0.0009765625,10
3202,0.001953125,9
3203,0.0009765625,10
3204,0.0009765625,10
3205,0.0009765625,10
3206,0.001953125,9
3207,0.0009765625,10
3208,0.0009765625,10
3209,0.0009765625,10
3210,0.001953125,9
3211,0.0009765625,10
3212,0.0009765625,10
3213,0.0009765625,10
3214,0.001953125,9
3215,0.0009765625,10
3216,0.0009765625,10
3217,0.0009765625,10
3218,0.001953125,9
3219,0.0009765625,10
3220,0.0009765625,10
3221,0.0009765625,10
3222,0.0009765625,10
3223,0.001953125,9
3224,0.0009765625,10
3225,0.0009765625,10
3226,0.0009765625,10
3227,0.001953125,9
3228,0.0009765625,10
3229,0.0009765625,10
3230,0.0009765625,10
3231,0.001953125,9
3232,0.0009765625,10
3233,0.0009765625,10
3234,0.0009765625,10
3235,0.001953125,9
3236,0.0009765625,10
3237,0.0009765625,10
3238,0.0009765625,10
3239,0.001953125,9
3240,0.0009765625,10
3241,0.0009765625,10
3242,0.0009765625,10
3243,0.0009765625,10
3244,0.001953125,9
3245,0.0009765625,10
3246,0.0009765625,10
3247,0.0009765625,10
3248,0.001953125,9
3249,0.0009765625,10
3250,0.0009765625,10
3251,0.0009765625,10
3252,0.001953125,9
3253,0.0009765625,10
3254,0.0009765625,10
3255,0.0009765625,10
3256,0.001953125,9
3257,0.0009765625,10
3258,0.0009765625,10
3259,0.0009765625,10
3260,0.0009765625,10
3261,0.001953125,9
3262,0.0009765625,10
3263,0.0009765625,10
3264,0.0009765625,10
3265,0.001953125,9
3266,0.0009765625,10
3267,0.0009765625,10
3268,0.0009765625,10
3269,0.001953125,9
3270,0.0009765625,10
3271,0.0009765625,10
3272,0.0009765625,10
3273,0.001953125,9
3274,0.0009765625,10
3275,0.0009765625,10
3276,0.0009765625,10
3277,0.001953125,9
3278,0.0009765625,10
3279,0.0009765625,10
3280,0.0009765625,10
3281,0.0009765625,10
3282,0.001953125,9
3283,0.0009765625,10
3284,0.0009765625,10
3285,0.0009765625,10
3286,0.001953125,9
3287,0.0009765625,10
3288,0.0009765625,10
3289,0.0009765625,10
3290,0.001953125,9
3291,0.0009765625,10
3292,0.0009765625,10
3293,0.0009765625,10
3294,0.001953125,9
3295,0.0009765625,10
3296,0.0009765625,10
3297,0.0009765625,10
3298,0.0009765625,10
3299,0.001953125,9
3300,0.0009765625,10
3301,0.0009765625,10
3302,0.0009765625,10
3303,0.001953125,9
3304,0.0009765625,10
3305,0.0009765625,10
3306,0.0009765625,10
3307,0.001953125,9
3308,0.0009765625,10
3309,0.0009765625,10
3310,0.0009765625,10
3311,0.001953125,9
3312,0.0009765625,10
3313,0.0009765625,10
3314,0.0009765625,10
3315,0.0009765625,10
3316,0.001953125,9
3317,0.0009765625,10
3318,0.0009765625,10
3319,0.0009765625,10
3320,0.001953125,9
3321,0.0009765625,10
3322,0.0009765625,10
3323,0.0009765625,10
3324,0.001953125,9
3325,0.0009765625,10
3326,0.0009765625,10
3327,0.0009765625,10
3328,0.001953125,9
3329,0.0009765625,10
3330,0.0009765625,10
3331,0.0009765625,10
3332,0.001953125,9
3333,0.0009765625,10
3334,0.0009765625,10
3335,0.0009765625,10
3336,0.0009765625,10
3337,0.001953125,9
3338,0.0009765625,10
3339,0.0009765625,10
3340,0.0009765625,10
3341,0.001953125,9
3342,0.0009765625,10
3343,0.0009765625,10
3344,0.0009765625,10
3345,0.001953125,9
3346,0.0009765625,10
3347,0.0009765625,10
3348,0.0009765625,10
3349,0.001953125,9
3350,0.0009765625,10
3351,0.0009765625,10
3352,0.0009765625,10
3353,0.0009765625,10
3354,0.001953125,9
3355,0.0009765625,10
3356,0.0009765625,10
3357,0.0009765625,10
3358,0.001953125,9
3359,0.0009765625,10
3360,0.0009765625,10
3361,0.0009765625,10
3362,0.001953125,9
3363,0.0009765625,10
3364,0.0009765625,10
3365,0.0009765625,10
3366,0.001953125,9
3367,0.0009765625,10
3368,0.0009765625,10
3369,0.0009765625,10
3370,0.0009765625,10
3371,0.001953125,9
3372,0.0009765625,10
3373,0.0009765625,10
3374,0.0009765625,10
3375,0.001953125,9
3376,0.0009765625,10
3377,0.0009765625,10
3378,0.0009765625,10
3379,0.001953125,9
3380,0.0009765625,10
3381,0.0009765625,10
3382,0.0009765625,10
3383,0.001953125,9
3384,0.0009765625,10
3385,0.0009765625,10
3386,0.0009765625,10
3387,0.001953125,9
3388,0.0009765625,10
3389,0.0009765625,10
3390,0.0009765625,10
3391,0.0009765625,10
3392,0.001953125,9
3393,0.0009765625,10
3394,0.0009765625,10
3395,0.0009765625,10
3396,0.001953125,9
3397,0.0009765625,10
3398,0.0009765625,10
3399,0.0009765625,10
3400,0.001953125,9
3401,0.0009765625,10
3402,0.0009765625,10
3403,0.0009765625,10
3404,0.001953125,9
3405,0.0009765625,10
3406,0.0009765625,10
3407,0.0009765625,10
3408,0.0009765625,10
3409,0.001953125,9
3410,0.0009765625,10
3411,0.0009765625,10
3412,0.0009765625,10
3413,0.001953125,9
3414,0.0009765625,10
3415,0.0009765625,10
3416,0.0009765625,10
3417,0.001953125,9
3418,0.0009765625,10
3419,0.0009765625,10
3420,0.0009765625,10
3421,0.001953125,9
3422,0.0009765625,10
3423,0.0009765625,10
3424,0.0009765625,10
3425,0.0009765625,10
3426,0.001953125,9
3427,0.0009765625,10
3428,0.0009765625,10
3429,0.0009765625,10
3430,0.001953125,9
3431,0.0009765625,10
3432,0.0009765625,10
3433,0.0009765625,10
3434,0.001953125,9
3435,0.0009765625,10
3436,0.0009765625,10
3437,0.0009765625,10
3438,0.001953125,9
3439,0.0009765625,10
3440,0.0009765625,10
3441,0.0009765625,10
3442,0.0009765625,10
3443,0.001953125,9
3444,0.0009765625,10
3445,0.0009765625,10
3446,0.0009765625,10
3447,0.001953125,9
3448,0.0009765625,10
3449,0.0009765625,10
3450,0.0009765625,10
3451,0.001953125,9
3452,0.0009765625,10
3453,0.0009765625,10
3454,0.0009765625,10
3455,0.001953125,9
3456,0.0009765625,10
3457,0.0009765625,10
3458,0.0009765625,10
3459,0.001953125,9
3460,0.0009765625,10
3461,0.0009765625,10
3462,0.0009765625,10
3463,0.0009765625,10
3464,0.001953125,9
3465,0.0009765625,10
3466,0.0009765625,10
3467,0.0009765625,10
3468,0.001953125,9
3469,0.0009765625,10
3470,0.0009765625,10
3471,0.0009765625,10
3472,0.001953125,9
3473,0.0009765625,10
3474,0.0009765625,10
3475,0.0009765625,10
3476,0.001953125,9
3477,0.0009765625,10
3478,0.0009765625,10
3479,0.0009765625,10
3480,0.0009765625,10
3481,0.001953125,9
3482,0.0009765625,10
3483,0.0009765625,10
3484,0.0009765625,10
3485,0.001953125,9
3486,0.0009765625,10
3487,0.0009765625,10
3488,0.0009765625,10
3489,0.001953125,9
3490,0.0009765625,10
3491,0.0009765625,10
3492,0.0009765625,10
3493,0.001953125,9
3494,0.0009765625,10
3495,0.0009765625,10
3496,0.0009765625,10
3497,0.0009765625,10
3498,0.001953125,9
3499,0.0009765625,10
3500,0.0009765625,10
3501,0.0009765625,10
3502,0.001953125,9
3503,0.0009765625,10
3504,0.0009765625,10
3505,0.0009765625,10
3506,0.001953125,9
3507,0.0009765625,10
3508,0.0009765625,10
3509,0.0009765625,10
3510,0.001953125,9
3511,0.0009765625,10
3512,0.0009765625,10
3513,0.0009765625,10
3514,0.0009765625,10
3515,0.001953125,9
3516,0.0009765625,10
3517,0.0009765625,10
3518,0.0009765625,10
3519,0.001953125,9
3520,0.0009765625,10
3521,0.0009765625,10
3522,0.0009765625,10
3523,0.001953125,9
3524,0.0009765625,10
3525,0.0009765625,10
3526,0.0009765625,10
3527,0.001953125,9
3528,0.0009765625,10
3529,0.0009765625,10
3530,0.0009765625,10
3531,0.0009765625,10
3532,0.001953125,9
3533,0.0009765625,10
3534,0.0009765625,10
3535,0.0009765625,10
3536,0.001953125,9
3537,0.0009765625,10
3538,0.0009765625,10
3539,0.0009765625,10
3540,0.001953125,9
3541,0.0009765625,10
3542,0.0009765625,10
3543,0.0009765625,10
3544,0.001953125,9
3545,0.0009765625,10
3546,0.0009765625,10
3547,0.0009765625,10
3548,0.0009765625,10
3549,0.001953125,9
3550,0.0009765625,10
3551,0.0009765625,10
3552,0.0009765625,10
3553,0.001953125,9
3554,0.0009765625,10
3555,0.0009765625,10
3556,0.0009765625,10
3557,0.001953125,9
3558,0.0009765625,10
3559,0.0009765625,10
3560,0.0009765625,10
3561,0.001953125,9
3562,0.0009765625,10
3563,0.0009765625,10
3564,0.0009765625,10
3565,0.0009765625,10
3566,0.001953125,9
3567,0.0009765625,10
3568,0.0009765625,10
3569,0.0009765625,10
3570,0.001953125,9
3571,0.0009765625,10
3572,0.0009765625,10
3573,0.0009765625,10
3574,0.001953125,9
3575,0.0009765625,10
3576,0.0009765625,10
3577,0.0009765625,10
3578,0.001953125,9
3579,0.0009765625,10
3580,0.0009765625,10
3581,0.0009765625,10
3582,0.0009765625,10
3583,0.001953125,9
3584,0.0009765625,10
3585,0.0009765625,10
3586,0.0009765625,10
3587,0.001953125,9
3588,0.0009765625,10
3589,0.0009765625,10
3590,0.0009765625,10
3591,0.001953125,9
3592,0.0009765625,10
3593,0.0009765625,10
3594,0.0009765625,10
3595,0.001953125,9
3596,0.0009765625,10
3597,0.0009765625,10
3598,0.0009765625,10
3599,0.0009765625,10
3600,0.001953125,9
3601,0.0009765625,10
3602,0.0009765625,10
3603,0.0009765625,10
3604,0.001953125,9
3605,0.0009765625,10
3606,0.0009765625,10
3607,0.0009765625,10
3608,0.001953125,9
3609,0.0009765625,10
3610,0.0009765625,10
3611,0.0009765625,10
3612,0.001953125,9
3613,0.0009765625,10
3614,0.0009765625,10
3615,0.0009765625,10
3616,0.001953125,9
3617,0.0009765625,10
3618,0.0009765625,10
3619,0.0009765625,10
3620,0.0009765625,10
3621,0.001953125,9
3622,0.0009765625,10
3623,0.0009765625,10
3624,0.0009765625,10
3625,0.001953125,9
3626,0.0009765625,10
3627,0.0009765625,10
3628,0.0009765625,10
3629,0.001953125,9
3630,0.0009765625,10
3631,0.0009765625,10
3632,0.0009765625,10
3633,0.001953125,9
3634,0.0009765625,10
3635,0.0009765625,10
3636,0.0009765625,10
3637,0.0009765625,10
3638,0.001953125,9
3639,0.0009765625,10
3640,0.0009765625,10
3641,0.0009765625,10
3642,0.001953125,9
3643,0.0009765625,10
3644,0.0009765625,10
3645,0.0009765625,10
3646,0.001953125,9
3647,0.0009765625,10
3648,0.0009765625,10
3649,0.0009765625,10
3650,0.001953125,9
3651,0.0009765625,10
3652,0.0009765625,10
3653,0.0009765625,10
3654,0.0009765625,10
3655,0.001953125,9
3656,0.0009765625,10
3657,0.0009765625,10
3658,0.0009765625,10
3659,0.001953125,9
3660,0.0009765625,10
3661,0.0009765625,10
3662,0.0009765625,10
3663,0.001953125,9
3664,0.0009765625,10
3665,0.0009765625,10
3666,0.0009765625,10
3667,0.0009765625,10
3668,0.001953125,9
3669,0.0009765625,10
3670,0.0009765625,10
3671,0.0009765625,10
3672,0.001953125,9
3673,0.0009765625,10
3674,0.0009765625,10
3675,0.0009765625,10
3676,0.001953125,9
3677,0.0009765625,10
3678,0.0009765625,10
3679,0.0009765625,10
3680,0.001953125,9
3681,0.0009765625,10
3682,0.0009765625,10
3683,0.0009765625,10
3684,0.0009765625,10
3685,0.001953125,9
3686,0.0009765625,10
3687,0.0009765625,10
3688,0.0009765625,10
3689,0.001953125,9
3690,0.0009765625,10
3691,0.0009765625,10
3692,0.0009765625,10
3693,0.001953125,9
3694,0.0009765625,10
3695,0.0009765625,10
3696,0.0009765625,10
3697,0.001953125,9
3698,0.0009765625,10
3699,0.0009765625,10
3700,0.0009765625,10
3701,0.0009765625,10
3702,0.001953125,9
3703,0.0009765625,10
3704,0.0009765625,10
3705,0.0009765625,10
3706,0.001953125,9
3707,0.0009765625,10
3708,0.0009765625,10
3709,0.0009765625,10
3710,0.001953125,9
3711,0.0009765625,10
3712,0.0009765625,10
3713,0.0009765625,10
3714,0.001953125,9
3715,0.0009765625,10
3716,0.0009765625,10
3717,0.0009765625,10
3718,0.0009765625,10
3719,0.001953125,9
3720,0.0009765625,10
3721,0.0009765625,10
3722,0.0009765625,10
3723,0.001953125,9
3724,0.0009765625,10
3725,0.0009765625,10
3726,0.0009765625,10
3727,0.001953125,9
3728,0.0009765625,10
3729,0.0009765625,10
3730,0.0009765625,10
3731,0.001953125,9
3732,0.0009765625,10
3733,0.0009765625,10
3734,0.0009765625,10
3735,0.0009765625,10
3736,0.001953125,9
3737,0.0009765625,10
3738,0.0009765625,10
3739,0.0009765625,10
3740,0.001953125,9
3741,0.0009765625,10
3742,0.0009765625,10
3743,0.0009765625,10
3744,0.001953125,9
3745,0.0009765625,10
3746,0.0009765625,10
3747,0.0009765625,10
3748,0.001953125,9
3749,0.0009765625,10
3750,0.0009765625,10
3751,0.0009765625,10
3752,0.0009765625,10
3753,0.001953125,9
3754,0.0009765625,10
3755,0.0009765625,10
3756,0.0009765625,10
3757,0.001953125,9
3758,0.0009765625,10
3759,0.0009765625,10
3760,0.0009765625,10
3761,0.001953125,9
3762,0.0009765625,10
3763,0.0009765625,10
3764,0.0009765625,10
3765,0.001953125,9
3766,0.0009765625,10
3767,0.0009765625,10
3768,0.0009765625,10
3769,0.0009765625,10
3770,0.001953125,9
3771,0.0009765625,10
3772,0.0009765625,10
3773,0.0009765625,10
3774,0.001953125,9
3775,0.0009765625,10
3776,0.0009765625,10
3777,0.0009765625,10
3778,0.001953125,9
3779,0.0009765625,10
3780,0.0009765625,10
3781,0.0009765625,10
3782,0.001953125,9
3783,0.0009765625,10
3784,0.0009765625,10
3785,0.0009765625,10
3786,0.0009765625,10
3787,0.001953125,9
3788,0.0009765625,10
3789,0.0009765625,10
3790,0.0009765625,10
3791,0.001953125,9
3792,0.0009765625,10
3793,0.0009765625,10
3794,0.0009765625,10
3795,0.001953125,9
3796,0.0009765625,10
3797,0.0009765625,10
3798,0.0009765625,10
3799,0.001953125,9
3800,0.0009765625,10
3801,0.0009765625,10
3802,0.0009765625,10
3803,0.0009765625,10
3804,0.001953125,9
3805,0.0009765625,10
3806,0.0009765625,10
3807,0.0009765625,10
3808,0.001953125,9
3809,0.0009765625,10
3810,0.0009765625,10
3811,0.0009765625,10
3812,0.001953125,9
3813,0.0009765625,10
3814,0.0009765625,10
3815,0.0009765625,10
3816,0.001953125,9
3817,0.0009765625,10
3818,0.0009765625,10
3819,0.0009765625,10
3820,0.0009765625,10
3821,0.001953125,9
3822,0.0009765625,10
3823,0.0009765625,10
3824,0.0009765625,10
3825,0.001953125,9
3826,0.0009765625,10
3827,0.0009765625,10
3828,0.0009765625,10
3829,0.001953125,9
3830,0.0009765625,10
3831,0.0009765625,10
3832,0.0009765625,10
3833,0.0009765625,10
3834,0.001953125,9
3835,0.0009765625,10
3836,0.0009765625,10
3837,0.0009765625,10
3838,0.001953125,9
3839,0.0009765625,10
3840,0.0009765625,10
3841,0.0009765625,10
3842,0.001953125,9
3843,0.0009765625,10
3844,0.0009765625,10
3845,0.0009765625,10
3846,0.001953125,9
3847,0.0009765625,10
3848,0.0009765625,10
3849,0.0009765625,10
3850,0.0009765625,10
3851,0.001953125,9
3852,0.0009765625,10
3853,0.0009765625,10
3854,0.0009765625,10
3855,0.001953125,9
3856,0.0009765625,10
3857,0.0009765625,10
3858,0.0009765625,10
3859,0.001953125,9
3860,0.0009765625,10
3861,0.0009765625,10
3862,0.0009765625,10
3863,0.001953125,9
3864,0.0009765625,10
3865,0.0009765625,10
3866,0.0009765625,10
3867,0.0009765625,10
3868,0.001953125,9
3869,0.0009765625,10
3870,0.0009765625,10
3871,0.0009765625,10
3872,0.001953125,9
3873,0.0009765625,10
3874,0.0009765625,10
3875,0.0009765625,10
3876,0.001953125,9
3877,0.0009765625,10
3878,0.0009765625,10
3879,0.0009765625,10
3880,0.001953125,9
3881,0.0009765625,10
3882,0.0009765625,10
3883,0.0009765625,10
3884,0.0009765625,10
3885,0.001953125,9
3886,0.0009765625,10
3887,0.0009765625,10
3888,0.0009765625,10
3889,0.001953125,9
3890,0.0009765625,10
3891,0.0009765625,10
3892,0.0009765625,10
3893,0.001953125,9
3894,0.0009765625,10
3895,0.0009765625,10
3896,0.0009765625,10
3897,0.001953125,9
3898,0.0009765625,10
3899,0.0009765625,10
3900,0.0009765625,10
3901,0.0009765625,10
3902,0.001953125,9
3903,0.0009765625,10
3904,0.0009765625,10
3905,0.0009765625,10
3906,0.001953125,9
3907,0.0009765625,10
3908,0.0009765625,10
3909,0.0009765625,10
3910,0.001953125,9
3911,0.0009765625,10
3912,0.0009765625,10
3913,0.0009765625,10
3914,0.0009765625,10
3915,0.001953125,9
3916,0.0009765625,10
3917,0.0009765625,10
3918,0.0009765625,10
3919,0.001953125,9
3920,0.0009765625,10
3921,0.0009765625,10
3922,0.0009765625,10
3923,0.001953125,9
3924,0.0009765625,10
3925,0.0009765625,10
3926,0.0009765625,10
3927,0.001953125,9
3928,0.0009765625,10
3929,0.0009765625,10
3930,0.0009765625,10
3931,0.0009765625,10
3932,0.001953125,9
3933,0.0009765625,10
3934,0.0009765625,10
3935,0.0009765625,10
3936,0.001953125,9
3937,0.0009765625,10
3938,0.0009765625,10
3939,0.0009765625,10
3940,0.001953125,9
3941,0.0009765625,10
3942,0.0009765625,10
3943,0.0009765625,10
3944,0.001953125,9
3945,0.0009765625,10
3946,0.0009765625,10
3947,0.0009765625,10
3948,0.0009765625,10
3949,0.001953125,9
3950,0.0009765625,10
3951,0.0009765625,10
3952,0.0009765625,10
3953,0.001953125,9
3954,0.0009765625,10
3955,0.0009765625,10
3956,0.0009765625,10
3957,0.001953125,9
3958,0.0009765625,10
3959,0.0009765625,10
3960,0.0009765625,10
3961,0.001953125,9
3962,0.0009765625,10
3963,0.0009765625,10
3964,0.0009765625,10
3965,0.0009765625,10
3966,0.001953125,9
3967,0.0009765625,10
3968,0.0009765625,10
3969,0.0009765625,10
3970,0.001953125,9
3971,0.0009765625,10
3972,0.0009765625,10
3973,0.0009765625,10
3974,0.001953125,9
3975,0.0009765625,10
3976,0.0009765625,10
3977,0.0009765625,10
3978,0.0009765625,10
3979,0.001953125,9
3980,0.0009765625,10
3981,0.0009765625,10
3982,0.0009765625,10
3983,0.001953125,9
3984,0.0009765625,10
3985,0.0009765625,10
3986,0.0009765625,10
3987,0.001953125,9
3988,0.0009765625,10
3989,0.0009765625,10
3990,0.0009765625,10
3991,0.001953125,9
3992,0.0009765625,10
3993,0.0009765625,10
3994,0.0009765625,10
3995,0.0009765625,10
3996,0.001953125,9
3997,0.0009765625,10
3998,0.0009765625,10
3999,0.0009765625,10
4000,0.001953125,9
4001,0.0009765625,10
4002,0.0009765625,10
4003,0.0009765625,10
4004,0.001953125,9
4005,0.0009765625,10
4006,0.0009765625,10
4007,0.0009765625,10
4008,0.001953125,9
4009,0.0009765625,10
4010,0.0009765625,10
4011,0.0009765625,10
4012,0.0009765625,10
4013,0.001953125,9
4014,0.0009765625,10
4015,0.0009765625,10
4016,0.0009765625,10
4017,0.001953125,9
4018,0.0009765625,10
4019,0.0009765625,10
4020,0.0009765625,10
4021,0.001953125,9
4022,0.0009765625,10
4023,0.0009765625,10
4024,0.0009765625,10
4025,0.0009765625,10
4026,0.001953125,9
4027,0.0009765625,10
4028,0.0009765625,10
4029,0.0009765625,10
4030,0.001953125,9
4031,0.0009765625,10
4032,0.0009765625,10
4033,0.0009765625,10
4034,0.001953125,9
4035,0.0009765625,10
4036,0.0009765625,10
4037,0.0009765625,10
4038,0.001953125,9
4039,0.0009765625,10
4040,0.0009765625,10
4041,0.0009765625,10
4042,0.0009765625,10
4043,0.001953125,9
4044,0.0009765625,10
4045,0.0009765625,10
4046,0.0009765625,10
4047,0.001953125,9
4048,0.0009765625,10
4049,0.0009765625,10
4050,0.0009765625,10
4051,0.001953125,9
4052,0.0009765625,10
4053,0.0009765625,10
4054,0.0009765625,10
4055,0.001953125,9
4056,0.0009765625,10
4057,0.0009765625,10
4058,0.0009765625,10
4059,0.0009765625,10
4060,0.001953125,9
4061,0.0009765625,10
4062,0.0009765625,10
4063,0.0009765625,10
4064,0.001953125,9
4065,0.0009765625,10
4066,0.0009765625,10
4067,0.0009765625,10
4068,0.001953125,9
4069,0.0009765625,10
4070,0.0009765625,10
4071,0.0009765625,10
4072,0.0009765625,10
4073,0.001953125,9
4074,0.0009765625,10
4075,0.0009765625,10
4076,0.0009765625,10
4077,0.001953125,9
4078,0.0009765625,10
4079,0.0009765625,10
4080,0.0009765625,10
4081,0.001953125,9
4082,0.0009765625,10
4083,0.0009765625,10
4084,0.0009765625,10
4085,0.001953125,9
4086,0.0009765625,10
4087,0.0009765625,10
4088,0.0009765625,10
4089,0.0009765625,10
4090,0.001953125,9
4091,0.0009765625,10
4092,0.0009765625,10
4093,0.0009765625,10
4094,0.001953125,9
4095,0.0009765625,10
4096,0.0009765625,10
4097,0.0009765625,10
4098,0.001953125,9
4099,0.0009765625,10
4100,0.0009765625,10
4101,0.0009765625,10
4102,0.001953125,9
4103,0.0009765625,10
4104,0.0009765625,10
4105,0.0009765625,10
4106,0.0009765625,10
4107,0.001953125,9
4108,0.0009765625,10
4109,0.0009765625,10
4110,0.0009765625,10
4111,0.001953125,9
4112,0.0009765625,10
4113,0.0009765625,10
4114,0.0009765625,10
4115,0.001953125,9
4116,0.0009765625,10
4117,0.0009765625,10
4118,0.0009765625,10
4119,0.0009765625,10
4120,0.001953125,9
4121,0.0009765625,10
4122,0.0009765625,10
4123,0.0009765625,10
4124,0.001953125,9
4125,0.0009765625,10
4126,0.0009765625,10
4127,0.0009765625,10
4128,0.001953125,9
4129,0.0009765625,10
4130,0.0009765625,10
4131,0.0009765625,10
4132,0.001953125,9
4133,0.0009765625,10
4134,0.0009765625,10
4135,0.0009765625,10
4136,0.0009765625,10
4137,0.001953125,9
4138,0.0009765625,10
4139,0.0009765625,10
4140,0.0009765625,10
4141,0.001953125,9
4142,0.0009765625,10
4143,0.0009765625,10
4144,0.0009765625,10
4145,0.001953125,9
4146,0.0009765625,10
4147,0.0009765625,10
4148,0.0009765625,10
4149,0.001953125,9
4150,0.0009765625,10
4151,0.0009765625,10
4152,0.0009765625,10
4153,0.0009765625,10
4154,0.001953125,9
4155,0.0009765625,10
4156,0.0009765625,10
4157,0.0009765625,10
4158,0.001953125,9
4159,0.0009765625,10
4160,0.0009765625,10
4161,0.0009765625,10
4162,0.001953125,9
4163,0.0009765625,10
4164,0.0009765625,10
4165,0.0009765625,10
4166,0.0009765625,10
4167,0.001953125,9
4168,0.0009765625,10
4169,0.0009765625,10
4170,0.0009765625,10
4171,0.001953125,9
4172,0.0009765625,10
4173,0.0009765625,10
4174,0.0009765625,10
4175,0.001953125,9
4176,0.0009765625,10
4177,0.0009765625,10
4178,0.0009765625,10
4179,0.001953125,9
4180,0.0009765625,10
4181,0.0009765625,10
4182,0.0009765625,10
4183,0.0009765625,10
4184,0.001953125,9
4185,0.0009765625,10
4186,0.0009765625,10
4187,0.0009765625,10
4188,0.001953125,9
4189,0.0009765625,10
4190,0.0009765625,10
4191,0.0009765625,10
4192,0.001953125,9
4193,0.0009765625,10
4194,0.0009765625,10
4195,0.0009765625,10
4196,0.0009765625,10
4197,0.001953125,9
4198,0.0009765625,10
4199,0.0009765625,10
4200,0.0009765625,10
4201,0.001953125,9
4202,0.0009765625,10
4203,0.0009765625,10
4204,0.0009765625,10
4205,0.001953125,9
4206,0.0009765625,10
4207,0.0009765625,10
4208,0.0009765625,10
4209,0.001953125,9
4210,0.0009765625,10
4211,0.0009765625,10
4212,0.0009765625,10
4213,0.0009765625,10
4214,0.001953125,9
4215,0.0009765625,10
4216,0.0009765625,10
4217,0.0009765625,10
4218,0.001953125,9
4219,0.0009765625,10
4220,0.0009765625,10
4221,0.0009765625,10
4222,0.001953125,9
4223,0.0009765625,10
4224,0.0009765625,10
4225,0.0009765625,10
4226,0.001953125,9
4227,0.0009765625,10
4228,0.0009765625,10
4229,0.0009765625,10
4230,0.0009765625,10
4231,0.001953125,9
4232,0.0009765625,10
4233,0.0009765625,10
4234,0.0009765625,10
4235,0.001953125,9
4236,0.0009765625,10
4237,0.0009765625,10
4238,0.0009765625,10
4239,0.001953125,9
4240,0.0009765625,10
4241,0.0009765625,10
4242,0.0009765625,10
4243,0.0009765625,10
4244,0.001953125,9
4245,0.0009765625,10
4246,0.0009765625,10
4247,0.0009765625,10
4248,0.001953125,9
4249,0.0009765625,10
4250,0.0009765625,10
4251,0.0009765625,10
4252,0.001953125,9
4253,0.0009765625,10
4254,0.0009765625,10
4255,0.0009765625,10
4256,0.001953125,9
4257,0.0009765625,10
4258,0.0009765625,10
4259,0.0009765625,10
4260,0.0009765625,10
4261,0.001953125,9
4262,0.0009765625,10
4263,0.0009765625,10
4264,0.0009765625,10
4265,0.001953125,9
4266,0.0009765625,10
4267,0.0009765625,10
4268,0.0009765625,10
4269,0.001953125,9
4270,0.0009765625,10
4271,0.0009765625,10
4272,0.0009765625,10
4273,0.0009765625,10
4274,0.001953125,9
4275,0.0009765625,10
4276,0.0009765625,10
4277,0.0009765625,10
4278,0.001953125,9
4279,0.0009765625,10
4280,0.0009765625,10
4281,0.0009765625,10
4282,0.001953125,9
4283,0.0009765625,10
4284,0.0009765625,10
4285,0.0009765625,10
4286,0.001953125,9
4287,0.0009765625,10
4288,0.0009765625,10
4289,0.0009765625,10
4290,0.0009765625,10
4291,0.001953125,9
4292,0.0009765625,10
4293,0.0009765625,10
4294,0.0009765625,10
4295,0.001953125,9
4296,0.0009765625,10
4297,0.0009765625,10
4298,0.0009765625,10
4299,0.001953125,9
4300,0.0009765625,10
4301,0.0009765625,10
4302,0.0009765625,10
4303,0.0009765625,10
4304,0.001953125,9
4305,0.0009765625,10
4306,0.0009765625,10
4307,0.0009765625,10
4308,0.001953125,9
4309,0.0009765625,10
4310,0.0009765625,10
4311,0.0009765625,10
4312,0.001953125,9
4313,0.0009765625,10
4314,0.0009765625,10
4315,0.0009765625,10
4316,0.001953125,9
4317,0.0009765625,10
4318,0.0009765625,10
4319,0.0009765625,10
4320,0.0009765625,10
4321,0.001953125,9
4322,0.0009765625,10
4323,0.0009765625,10
4324,0.0009765625,10
4325,0.001953125,9
4326,0.0009765625,10
4327,0.0009765625,10
4328,0.0009765625,10
4329,0.001953125,9
4330,0.0009765625,10
4331,0.0009765625,10
4332,0.0009765625,10
4333,0.001953125,9
4334,0.0009765625,10
4335,0.0009765625,10
4336,0.0009765625,10
4337,0.0009765625,10
4338,0.001953125,9
4339,0.0009765625,10
4340,0.0009765625,10
4341,0.0009765625,10
4342,0.001953125,9
4343,0.0009765625,10
4344,0.0009765625,10
4345,0.0009765625,10
4346,0.001953125,9
4347,0.0009765625,10
4348,0.0009765625,10
4349,0.0009765625,10
4350,0.0009765625,10
4351,0.001953125,9
4352,0.0009765625,10
4353,0.0009765625,10
4354,0.0009765625,10
4355,0.001953125,9
4356,0.0009765625,10
4357,0.0009765625,10
4358,0.0009765625,10
4359,0.001953125,9
4360,0.0009765625,10
4361,0.0009765625,10
4362,0.0009765625,10
4363,0.001953125,9
4364,0.0009765625,10
4365,0.0009765625,10
4366,0.0009765625,10
4367,0.0009765625,10
4368,0.001953125,9
4369,0.0009765625,10
4370,0.0009765625,10
4371,0.0009765625,10
4372,0.001953125,9
4373,0.0009765625,10
4374,0.0009765625,10
4375,0.0009765625,10
4376,0.001953125,9
4377,0.0009765625,10
4378,0.0009765625,10
4379,0.0009765625,10
4380,0.0009765625,10
4381,0.001953125,9
4382,0.0009765625,10
4383,0.0009765625,10
4384,0.0009765625,10
4385,0.001953125,9
4386,0.0009765625,10
4387,0.0009765625,10
4388,0.0009765625,10
4389,0.001953125,9
4390,0.0009765625,10
4391,0.0009765625,10
4392,0.0009765625,10
4393,0.001953125,9
4394,0.0009765625,10
4395,0.0009765625,10
4396,0.0009765625,10
4397,0.0009765625,10
4398,0.001953125,9
4399,0.0009765625,10
4400,0.0009765625,10
4401,0.0009765625,10
4402,0.001953125,9
4403,0.0009765625,10
4404,0.0009765625,10
4405,0.0009765625,10
4406,0.001953125,9
4407,0.0009765625,10
4408,0.0009765625,10
4409,0.0009765625,10
4410,0.0009765625,10
4411,0.001953125,9
4412,0.0009765625,10
4413,0.0009765625,10
4414,0.0009765625,10
4415,0.001953125,9
4416,0.0009765625,10
4417,0.0009765625,10
4418,0.0009765625,10
4419,0.001953125,9
4420,0.0009765625,10
4421,0.0009765625,10
4422,0.0009765625,10
4423,0.001953125,9
4424,0.0009765625,10
4425,0.0009765625,10
4426,0.0009765625,10
4427,0.0009765625,10
4428,0.001953125,9
4429,0.0009765625,10
4430,0.0009765625,10
4431,0.0009765625,10
4432,0.001953125,9
4433,0.0009765625,10
4434,0.0009765625,10
4435,0.0009765625,10
4436,0.001953125,9
4437,0.0009765625,10
4438,0.0009765625,10
4439,0.0009765625,10
4440,0.0009765625,10
4441,0.001953125,9
4442,0.0009765625,10
4443,0.0009765625,10
4444,0.0009765625,10
4445,0.001953125,9
4446,0.0009765625,10
4447,0.0009765625,10
4448,0.0009765625,10
4449,0.001953125,9
4450,0.0009765625,10
4451,0.0009765625,10
4452,0.0009765625,10
4453,0.001953125,9
4454,0.0009765625,10
4455,0.0009765625,10
4456,0.0009765625,10
4457,0.0009765625,10
4458,0.001953125,9
4459,0.0009765625,10
4460,0.0009765625,10
4461,0.0009765625,10
4462,0.001953125,9
4463,0.0009765625,10
4464,0.0009765625,10
4465,0.0009765625,10
4466,0.001953125,9
4467,0.0009765625,10
4468,0.0009765625,10
4469,0.0009765625,10
4470,0.0009765625,10
4471,0.001953125,9
4472,0.0009765625,10
4473,0.0009765625,10
4474,0.0009765625,10
4475,0.001953125,9
4476,0.0009765625,10
4477,0.0009765625,10
4478,0.0009765625,10
4479,0.001953125,9
4480,0.0009765625,10
4481,0.0009765625,10
4482,0.0009765625,10
4483,0.0009765625,10
4484,0.001953125,9
4485,0.0009765625,10
4486,0.0009765625,10
4487,0.0009765625,10
4488,0.001953125,9
4489,0.0009765625,10
4490,0.0009765625,10
4491,0.0009765625,10
4492,0.001953125,9
4493,0.0009765625,10
4494,0.0009765625,10
4495,0.0009765625,10
4496,0.001953125,9
4497,0.0009765625,10
4498,0.0009765625,10
4499,0.0009765625,10
4500,0.0009765625,10
4501,0.001953125,9
4502,0.0009765625,10
4503,0.0009765625,10
4504,0.0009765625,10
4505,0.001953125,9
4506,0.0009765625,10
4507,0.0009765625,10
4508,0.0009765625,10
4509,0.001953125,9
4510,0.0009765625,10
4511,0.0009765625,10
4512,0.0009765625,10
4513,0.0009765625,10
4514,0.001953125,9
4515,0.0009765625,10
4516,0.0009765625,10
4517,0.0009765625,10
4518,0.001953125,9
4519,0.0009765625,10
4520,0.0009765625,10
4521,0.0009765625,10
4522,0.001953125,9
4523,0.0009765625,10
4524,0.0009765625,10
4525,0.0009765625,10
4526,0.001953125,9
4527,0.0009765625,10
4528,0.0009765625,10
4529,0.0009765625,10
4530,0.0009765625,10
4531,0.001953125,9
4532,0.0009765625,10
4533,0.0009765625,10
4534,0.0009765625,10
4535,0.001953125,9
4536,0.0009765625,10
4537,0.0009765625,10
4538,0.0009765625,10
4539,0.001953125,9
4540,0.0009765625,10
4541,0.0009765625,10
4542,0.0009765625,10
4543,0.0009765625,10
4544,0.001953125,9
4545,0.0009765625,10
4546,0.0009765625,10
4547,0.0009765625,10
4548,0.001953125,9
4549,0.0009765625,10
4550,0.0009765625,10
4551,0.0009765625,10
4552,0.001953125,9
4553,0.0009765625,10
4554,0.0009765625,10
4555,0.0009765625,10
4556,0.001953125,9
4557,0.0009765625,10
4558,0.0009765625,10
4559,0.0009765625,10
4560,0.0009765625,10
4561,0.001953125,9
4562,0.0009765625,10
4563,0.0009765625,10
4564,0.0009765625,10
4565,0.001953125,9
4566,0.0009765625,10
4567,0.0009765625,10
4568,0.0009765625,10
4569,0.001953125,9
4570,0.0009765625,10
4571,0.0009765625,10
4572,0.0009765625,10
4573,0.0009765625,10
4574,0.001953125,9
4575,0.0009765625,10
4576,0.0009765625,10
4577,0.0009765625,10
4578,0.001953125,9
4579,0.0009765625,10
4580,0.0009765625,10
4581,0.0009765625,10
4582,0.001953125,9
4583,0.0009765625,10
4584,0.0009765625,10
4585,0.0009765625,10
4586,0.001953125,9
4587,0.0009765625,10
4588,0.0009765625,10
4589,0.0009765625,10
4590,0.0009765625,10
4591,0.001953125,9
4592,0.0009765625,10
4593,0.0009765625,10
4594,0.0009765625,10
4595,0.001953125,9
4596,0.0009765625,10
4597,0.0009765625,10
4598,0.0009765625,10
4599,0.001953125,9
4600,0.0009765625,10
4601,0.0009765625,10
4602,0.0009765625,10
4603,0.0009765625,10
4604,0.001953125,9
4605,0.0009765625,10
4606,0.0009765625,10
4607,0.0009765625,10
4608,0.001953125,9
4609,0.0009765625,10
4610,0.0009765625,10
4611,0.0009765625,10
4612,0.001953125,9
4613,0.0009765625,10
4614,0.0009765625,10
4615,0.0009765625,10
4616,0.0009765625,10
4617,0.001953125,9
4618,0.0009765625,10
4619,0.0009765625,10
4620,0.0009765625,10
4621,0.001953125,9
4622,0.0009765625,10
4623,0.0009765625,10
4624,0.0009765625,10
4625,0.001953125,9
4626,0.0009765625,10
4627,0.0009765625,10
4628,0.0009765625,10
4629,0.001953125,9
4630,0.0009765625,10
4631,0.0009765625,10
4632,0.0009765625,10
4633,0.0009765625,10
4634,0.001953125,9
4635,0.0009765625,10
4636,0.0009765625,10
4637,0.0009765625,10
4638,0.001953125,9
4639,0.0009765625,10
4640,0.0009765625,10
4641,0.0009765625,10
4642,0.001953125,9
4643,0.0009765625,10
4644,0.0009765625,10
4645,0.0009765625,10
4646,0.0009765625,10
4647,0.001953125,9
4648,0.0009765625,10
4649,0.0009765625,10
4650,0.0009765625,10
4651,0.001953125,9
4652,0.0009765625,10
4653,0.0009765625,10
4654,0.0009765625,10
4655,0.001953125,9
4656,0.0009765625,10
4657,0.0009765625,10
4658,0.0009765625,10
4659,0.001953125,9
4660,0.0009765625,10
4661,0.0009765625,10
4662,0.0009765625,10
4663,0.0009765625,10
4664,0.001953125,9
4665,0.0009765625,10
4666,0.0009765625,10
4667,0.0009765625,10
4668,0.001953125,9
4669,0.0009765625,10
4670,0.0009765625,10
4671,0.0009765625,10
4672,0.001953125,9
4673,0.0009765625,10
4674,0.0009765625,10
4675,0.0009765625,10
4676,0.0009765625,10
4677,0.001953125,9
4678,0.0009765625,10
4679,0.0009765625,10
4680,0.0009765625,10
4681,0.001953125,9
4682,0.0009765625,10
4683,0.0009765625,10
4684,0.0009765625,10
4685,0.001953125,9
4686,0.0009765625,10
4687,0.0009765625,10
4688,0.0009765625,10
4689,0.0009765625,10
4690,0.001953125,9
4691,0.0009765625,10
4692,0.0009765625,10
4693,0.0009765625,10
4694,0.001953125,9
4695,0.0009765625,10
4696,0.0009765625,10
4697,0.0009765625,10
4698,0.001953125,9
4699,0.0009765625,10
4700,0.0009765625,10
4701,0.0009765625,10
4702,0.001953125,9
4703,0.0009765625,10
4704,0.0009765625,10
4705,0.0009765625,10
4706,0.0009765625,10
4707,0.001953125,9
4708,0.0009765625,10
4709,0.0009765625,10
4710,0.0009765625,10
4711,0.001953125,9
4712,0.0009765625,10
4713,0.0009765625,10
4714,0.0009765625,10
4715,0.001953125,9
4716,0.0009765625,10
4717,0.0009765625,10
4718,0.0009765625,10
4719,0.0009765625,10
4720,0.001953125,9
4721,0.0009765625,10
4722,0.0009765625,10
4723,0.0009765625,10
4724,0.001953125,9
4725,0.0009765625,10
4726,0.0009765625,10
4727,0.0009765625,10
4728,0.001953125,9
4729,0.0009765625,10
4730,0.0009765625,10
4731,0.0009765625,10
4732,0.001953125,9
4733,0.0009765625,10
4734,0.0009765625,10
4735,0.0009765625,10
4736,0.0009765625,10
4737,0.001953125,9
4738,0.0009765625,10
4739,0.0009765625,10
4740,0.0009765625,10
4741,0.001953125,9
4742,0.0009765625,10
4743,0.0009765625,10
4744,0.0009765625,10
4745,0.001953125,9
4746,0.0009765625,10
4747,0.0009765625,10
4748,0.0009765625,10
4749,0.0009765625,10
4750,0.001953125,9
4751,0.0009765625,10
4752,0.0009765625,10
4753,0.0009765625,10
4754,0.001953125,9
4755,0.0009765625,10
4756,0.0009765625,10
4757,0.0009765625,10
4758,0.001953125,9
4759,0.0009765625,10
4760,0.0009765625,10
4761,0.0009765625,10
4762,0.0009765625,10
4763,0.001953125,9
4764,0.0009765625,10
4765,0.0009765625,10
4766,0.0009765625,10
4767,0.001953125,9
4768,0.0009765625,10
4769,0.0009765625,10
4770,0.0009765625,10
4771,0.001953125,9
4772,0.0009765625,10
4773,0.0009765625,10
4774,0.0009765625,10
4775,0.001953125,9
4776,0.0009765625,10
4777,0.0009765625,10
4778,0.0009765625,10
4779,0.0009765625,10
4780,0.001953125,9
4781,0.0009765625,10
4782,0.0009765625,10
4783,0.0009765625,10
4784,0.001953125,9
4785,0.0009765625,10
4786,0.0009765625,10
4787,0.0009765625,10
4788,0.001953125,9
4789,0.0009765625,10
4790,0.0009765625,10
4791,0.0009765625,10
4792,0.0009765625,10
4793,0.001953125,9
4794,0.0009765625,10
4795,0.0009765625,10
4796,0.0009765625,10
4797,0.001953125,9
4798,0.0009765625,10
4799,0.0009765625,10
4800,0.0009765625,10
4801,0.001953125,9
4802,0.0009765625,10
4803,0.0009765625,10
4804,0.0009765625,10
4805,0.0009765625,10
4806,0.001953125,9
4807,0.0009765625,10
4808,0.0009765625,10
4809,0.0009765625,10
4810,0.001953125,9
4811,0.0009765625,10
4812,0.0009765625,10
4813,0.0009765625,10
4814,0.001953125,9
4815,0.0009765625,10
4816,0.0009765625,10
4817,0.0009765625,10
4818,0.001953125,9
4819,0.0009765625,10
4820,0.0009765625,10
4821,0.0009765625,10
4822,0.0009765625,10
4823,0.001953125,9
4824,0.0009765625,10
4825,0.0009765625,10
4826,0.0009765625,10
4827,0.001953125,9
4828,0.0009765625,10
4829,0.0009765625,10
4830,0.0009765625,10
4831,0.001953125,9
4832,0.0009765625,10
4833,0.0009765625,10
4834,0.0009765625,10
4835,0.0009765625,10
4836,0.001953125,9
4837,0.0009765625,10
4838,0.0009765625,10
4839,0.0009765625,10
4840,0.001953125,9
4841,0.0009765625,10
4842,0.0009765625,10
4843,0.0009765625,10
4844,0.001953125,9
4845,0.0009765625,10
4846,0.0009765625,10
4847,0.0009765625,10
4848,0.0009765625,10
4849,0.001953125,9
4850,0.0009765625,10
4851,0.0009765625,10
4852,0.0009765625,10
4853,0.001953125,9
4854,0.0009765625,10
4855,0.0009765625,10
4856,0.0009765625,10
4857,0.001953125,9
4858,0.0009765625,10
4859,0.0009765625,10
4860,0.0009765625,10
4861,0.001953125,9
4862,0.0009765625,10
4863,0.0009765625,10
4864,0.0009765625,10
4865,0.0009765625,10
4866,0.001953125,9
4867,0.0009765625,10
4868,0.0009765625,10
4869,0.0009765625,10
4870,0.001953125,9
4871,0.0009765625,10
4872,0.0009765625,10
4873,0.0009765625,10
4874,0.001953125,9
4875,0.0009765625,10
4876,0.0009765625,10
4877,0.0009765625,10
4878,0.0009765625,10
4879,0.001953125,9
4880,0.0009765625,10
4881,0.0009765625,10
4882,0.0009765625,10
4883,0.001953125,9
4884,0.0009765625,10
4885,0.0009765625,10
4886,0.0009765625,10
4887,0.001953125,9
4888,0.0009765625,10
4889,0.0009765625,10
4890,0.0009765625,10
4891,0.0009765625,10
4892,0.001953125,9
4893,0.0009765625,10
4894,0.0009765625,10
4895,0.0009765625,10
4896,0.001953125,9
4897,0.0009765625,10
4898,0.0009765625,10
4899,0.0009765625,10
4900,0.001953125,9
4901,0.0009765625,10
4902,0.0009765625,10
4903,0.0009765625,10
4904,0.001953125,9
4905,0.0009765625,10
4906,0.0009765625,10
4907,0.0009765625,10
4908,0.0009765625,10
4909,0.001953125,9
4910,0.0009765625,10
4911,0.0009765625,10
4912,0.0009765625,10
4913,0.001953125,9
4914,0.0009765625,10
4915,0.0009765625,10
4916,0.0009765625,10
4917,0.001953125,9
4918,0.0009765625,10
4919,0.0009765625,10
4920,0.0009765625,10
4921,0.0009765625,10
4922,0.001953125,9
4923,0.0009765625,10
4924,0.0009765625,10
4925,0.0009765625,10
4926,0.001953125,9
4927,0.0009765625,10
4928,0.0009765625,10
4929,0.0009765625,10
4930,0.001953125,9
4931,0.0009765625,10
4932,0.0009765625,10
4933,0.0009765625,10
4934,0.0009765625,10
4935,0.001953125,9
4936,0.0009765625,10
4937,0.0009765625,10
4938,0.0009765625,10
4939,0.001953125,9
4940,0.0009765625,10
4941,0.0009765625,10
4942,0.0009765625,10
4943,0.001953125,9
4944,0.0009765625,10
4945,0.0009765625,10
4946,0.0009765625,10
4947,0.001953125,9
4948,0.0009765625,10
4949,0.0009765625,10
4950,0.0009765625,10
4951,0.0009765625,10
4952,0.001953125,9
4953,0.0009765625,10
4954,0.0009765625,10
4955,0.0009765625,10
4956,0.001953125,9
4957,0.0009765625,10
4958,0.0009765625,10
4959,0.0009765625,10
4960,0.001953125,9
4961,0.0009765625,10
4962,0.0009765625,10
4963,0.0009765625,10
4964,0.0009765625,10
4965,0.001953125,9
4966,0.0009765625,10
4967,0.0009765625,10
4968,0.0009765625,10
4969,0.001953125,9
4970,0.0009765625,10
4971,0.0009765625,10
4972,0.0009765625,10
4973,0.001953125,9
4974,0.0009765625,10
4975,0.0009765625,10
4976,0.0009765625,10
4977,0.0009765625,10
4978,0.001953125,9
4979,0.0009765625,10
4980,0.0009765625,10
4981,0.0009765625,10
4982,0.001953125,9
4983,0.0009765625,10
4984,0.0009765625,10
4985,0.0009765625,10
4986,0.001953125,9
4987,0.0009765625,10
4988,0.0009765625,10
4989,0.0009765625,10
4990,0.001953125,9
4991,0.0009765625,10
4992,0.0009765625,10
4993,0.0009765625,10
4994,0.0009765625,10
4995,0.001953125,9
4996,0.0009765625,10
4997,0.0009765625,10
4998,0.0009765625,10
4999,0.001953125,9
5000,0.0009765625,10
5001,0.0009765625,10
5002,0.0009765625,10
5003,0.001953125,9
5004,0.0009765625,10
5005,0.0009765625,10
5006,0.0009765625,10
5007,0.0009765625,10
5008,0.001953125,9
5009,0.0009765625,10
5010,0.0009765625,10
5011,0.0009765625,10
5012,0.001953125,9
5013,0.0009765625,10
5014,0.0009765625,10
5015,0.0009765625,10
5016,0.001953125,9
5017,0.0009765625,10
5018,0.0009765625,10
5019,0.0009765625,10
5020,0.0009765625,10
5021,0.001953125,9
5022,0.0009765625,10
5023,0.0009765625,10
5024,0.0009765625,10
5025,0.001953125,9
5026,0.0009765625,10
5027,0.0009765625,10
5028,0.0009765625,10
5029,0.001953125,9
5030,0.0009765625,10
5031,0.0009765625,10
5032,0.0009765625,10
5033,0.0009765625,10
5034,0.001953125,9
5035,0.0009765625,10
5036,0.0009765625,10
5037,0.0009765625,10
5038,0.001953125,9
5039,0.0009765625,10
5040,0.0009765625,10
5041,0.0009765625,10
5042,0.001953125,9
5043,0.0009765625,10
5044,0.0009765625,10
5045,0.0009765625,10
5046,0.001953125,9
5047,0.0009765625,10
5048,0.0009765625,10
5049,0.0009765625,10
5050,0.0009765625,10
5051,0.001953125,9
5052,0.0009765625,10
5053,0.0009765625,10
5054,0.0009765625,10
5055,0.001953125,9
5056,0.0009765625,10
5057,0.0009765625,10
5058,0.0009765625,10
5059,0.001953125,9
5060,0.0009765625,10
5061,0.0009765625,10
5062,0.0009765625,10
5063,0.0009765625,10
5064,0.001953125,9
5065,0.0009765625,10
5066,0.0009765625,10
5067,0.0009765625,10
5068,0.001953125,9
5069,0.0009765625,10
5070,0.0009765625,10
5071,0.0009765625,10
5072,0.001953125,9
5073,0.0009765625,10
5074,0.0009765625,10
5075,0.0009765625,10
5076,0.0009765625,10
5077,0.001953125,9
5078,0.0009765625,10
5079,0.0009765625,10
5080,0.0009765625,10
5081,0.001953125,9
5082,0.0009765625,10
5083,0.0009765625,10
5084,0.0009765625,10
5085,0.001953125,9
5086,0.0009765625,10
5087,0.0009765625,10
5088,0.0009765625,10
5089,0.001953125,9
5090,0.0009765625,10
5091,0.0009765625,10
5092,0.0009765625,10
5093,0.0009765625,10
5094,0.001953125,9
5095,0.0009765625,10
5096,0.0009765625,10
5097,0.0009765625,10
5098,0.001953125,9
5099,0.0009765625,10
5100,0.0009765625,10
5101,0.0009765625,10
5102,0.001953125,9
5103,0.0009765625,10
5104,0.0009765625,10
5105,0.0009765625,10
5106,0.0009765625,10
5107,0.001953125,9
5108,0.0009765625,10
5109,0.0009765625,10
5110,0.0009765625,10
5111,0.001953125,9
5112,0.0009765625,10
5113,0.0009765625,10
5114,0.0009765625,10
5115,0.001953125,9
5116,0.0009765625,10
5117,0.0009765625,10
5118,0.0009765625,10
5119,0.0009765625,10
5120,0.001953125,9
5121,0.0009765625,10
5122,0.0009765625,10
5123,0.0009765625,10
5124,0.001953125,9
5125,0.0009765625,10
5126,0.0009765625,10
5127,0.0009765625,10
5128,0.001953125,9
5129,0.0009765625,10
5130,0.0009765625,10
5131,0.0009765625,10
5132,0.0009765625,10
5133,0.001953125,9
5134,0.0009765625,10
5135,0.0009765625,10
5136,0.0009765625,10
5137,0.001953125,9
5138,0.0009765625,10
5139,0.0009765625,10
5140,0.0009765625,10
5141,0.001953125,9
5142,0.0009765625,10
5143,0.0009765625,10
5144,0.0009765625,10
5145,0.001953125,9
5146,0.0009765625,10
5147,0.0009765625,10
5148,0.0009765625,10
5149,0.0009765625,10
5150,0.001953125,9
5151,0.0009765625,10
5152,0.0009765625,10
5153,0.0009765625,10
5154,0.001953125,9
5155,0.0009765625,10
5156,0.0009765625,10
5157,0.0009765625,10
5158,0.001953125,9
5159,0.0009765625,10
5160,0.0009765625,10
5161,0.0009765625,10
5162,0.0009765625,10
5163,0.001953125,9
5164,0.0009765625,10
5165,0.0009765625,10
5166,0.0009765625,10
5167,0.001953125,9
5168,0.0009765625,10
5169,0.0009765625,10
5170,0.0009765625,10
5171,0.001953125,9
5172,0.0009765625,10
5173,0.0009765625,10
5174,0.0009765625,10
5175,0.0009765625,10
5176,0.001953125,9
5177,0.0009765625,10
5178,0.0009765625,10
5179,0.0009765625,10
5180,0.001953125,9
5181,0.0009765625,10
5182,0.0009765625,10
5183,0.0009765625,10
5184,0.001953125,9
5185,0.0009765625,10
5186,0.0009765625,10
5187,0.0009765625,10
5188,0.0009765625,10
5189,0.001953125,9
5190,0.0009765625,10
5191,0.0009765625,10
5192,0.0009765625,10
5193,0.001953125,9
5194,0.0009765625,10
5195,0.0009765625,10
5196,0.0009765625,10
5197,0.001953125,9
5198,0.0009765625,10
5199,0.0009765625,10
5200,0.0009765625,10
5201,0.001953125,9
5202,0.0009765625,10
5203,0.0009765625,10
5204,0.0009765625,10
5205,0.0009765625,10
5206,0.001953125,9
5207,0.0009765625,10
5208,0.0009765625,10
5209,0.0009765625,10
5210,0.001953125,9
5211,0.0009765625,10
5212,0.0009765625,10
5213,0.0009765625,10
5214,0.001953125,9
5215,0.0009765625,10
5216,0.0009765625,10
5217,0.0009765625,10
5218,0.0009765625,10
5219,0.001953125,9
5220,0.0009765625,10
5221,0.0009765625,10
5222,0.0009765625,10
5223,0.001953125,9
5224,0.0009765625,10
5225,0.0009765625,10
5226,0.0009765625,10
5227,0.001953125,9
5228,0.0009765625,10
5229,0.0009765625,10
5230,0.0009765625,10
5231,0.0009765625,10
5232,0.001953125,9
5233,0.0009765625,10
5234,0.0009765625,10
5235,0.0009765625,10
5236,0.001953125,9
5237,0.0009765625,10
5238,0.0009765625,10
5239,0.0009765625,10
5240,0.001953125,9
5241,0.0009765625,10
5242,0.0009765625,10
5243,0.0009765625,10
5244,0.0009765625,10
5245,0.001953125,9
5246,0.0009765625,10
5247,0.0009765625,10
5248,0.0009765625,10
5249,0.001953125,9
5250,0.0009765625,10
5251,0.0009765625,10
5252,0.0009765625,10
5253,0.001953125,9
5254,0.0009765625,10
5255,0.0009765625,10
5256,0.0009765625,10
5257,0.001953125,9
5258,0.0009765625,10
5259,0.0009765625,10
5260,0.0009765625,10
5261,0.0009765625,10
5262,0.001953125,9
5263,0.0009765625,10
5264,0.0009765625,10
5265,0.0009765625,10
5266,0.001953125,9
5267,0.0009765625,10
5268,0.0009765625,10
5269,0.0009765625,10
5270,0.001953125,9
5271,0.0009765625,10
5272,0.0009765625,10
5273,0.0009765625,10
5274,0.0009765625,10
5275,0.001953125,9
5276,0.0009765625,10
5277,0.0009765625,10
5278,0.0009765625,10
5279,0.001953125,9
5280,0.0009765625,10
5281,0.0009765625,10
5282,0.0009765625,10
5283,0.001953125,9
5284,0.0009765625,10
5285,0.0009765625,10
5286,0.0009765625,10
5287,0.0009765625,10
5288,0.001953125,9
5289,0.0009765625,10
5290,0.0009765625,10
5291,0.0009765625,10
5292,0.001953125,9
5293,0.0009765625,10
5294,0.0009765625,10
5295,0.0009765625,10
5296,0.001953125,9
5297,0.0009765625,10
5298,0.0009765625,10
5299,0.0009765625,10
5300,0.0009765625,10
5301,0.001953125,9
5302,0.0009765625,10
5303,0.0009765625,10
5304,0.0009765625,10
5305,0.001953125,9
5306,0.0009765625,10
5307,0.0009765625,10
5308,0.0009765625,10
5309,0.001953125,9
5310,0.0009765625,10
5311,0.0009765625,10
5312,0.0009765625,10
5313,0.001953125,9
5314,0.0009765625,10
5315,0.0009765625,10
5316,0.0009765625,10
5317,0.0009765625,10
5318,0.001953125,9
5319,0.0009765625,10
5320,0.0009765625,10
5321,0.0009765625,10
5322,0.001953125,9
5323,0.0009765625,10
5324,0.0009765625,10
5325,0.0009765625,10
5326,0.001953125,9
5327,0.0009765625,10
5328,0.0009765625,10
5329,0.0009765625,10
5330,0.0009765625,10
5331,0.001953125,9
5332,0.0009765625,10
5333,0.0009765625,10
5334,0.0009765625,10
5335,0.001953125,9
5336,0.0009765625,10
5337,0.0009765625,10
5338,0.0009765625,10
5339,0.001953125,9
5340,0.0009765625,10
5341,0.0009765625,10
5342,0.0009765625,10
5343,0.0009765625,10
5344,0.001953125,9
5345,0.0009765625,10
5346,0.0009765625,10
5347,0.0009765625,10
5348,0.001953125,9
5349,0.0009765625,10
5350,0.0009765625,10
5351,0.0009765625,10
5352,0.001953125,9
5353,0.0009765625,10
5354,0.0009765625,10
5355,0.0009765625,10
5356,0.0009765625,10
5357,0.001953125,9
5358,0.0009765625,10
5359,0.0009765625,10
5360,0.0009765625,10
5361,0.001953125,9
5362,0.0009765625,10
5363,0.0009765625,10
5364,0.0009765625,10
5365,0.001953125,9
5366,0.0009765625,10
5367,0.0009765625,10
5368,0.0009765625,10
5369,0.0009765625,10
5370,0.001953125,9
5371,0.0009765625,10
5372,0.0009765625,10
5373,0.0009765625,10
5374,0.001953125,9
5375,0.0009765625,10
5376,0.0009765625,10
5377,0.0009765625,10
5378,0.001953125,9
5379,0.0009765625,10
5380,0.0009765625,10
5381,0.0009765625,10
5382,0.001953125,9
5383,0.0009765625,10
5384,0.0009765625,10
5385,0.0009765625,10
5386,0.0009765625,10
5387,0.001953125,9
5388,0.0009765625,10
5389,0.0009765625,10
5390,0.0009765625,10
5391,0.001953125,9
5392,0.0009765625,10
5393,0.0009765625,10
5394,0.0009765625,10
5395,0.001953125,9
5396,0.0009765625,10
5397,0.0009765625,10
5398,0.0009765625,10
5399,0.0009765625,10
5400,0.001953125,9
5401,0.0009765625,10
5402,0.0009765625,10
5403,0.0009765625,10
5404,0.001953125,9
5405,0.0009765625,10
5406,0.0009765625,10
5407,0.0009765625,10
5408,0.001953125,9
5409,0.0009765625,10
5410,0.0009765625,10
5411,0.0009765625,10
5412,0.0009765625,10
5413,0.001953125,9
5414,0.0009765625,10
5415,0.0009765625,10
5416,0.0009765625,10
5417,0.001953125,9
5418,0.0009765625,10
5419,0.0009765625,10
5420,0.0009765625,10
5421,0.001953125,9
5422,0.0009765625,10
5423,0.0009765625,10
5424,0.0009765625,10
5425,0.0009765625,10
5426,0.001953125,9
5427,0.0009765625,10
5428,0.0009765625,10
5429,0.0009765625,10
5430,0.001953125,9
5431,0.0009765625,10
5432,0.0009765625,10
5433,0.0009765625,10
5434,0.001953125,9
5435,0.0009765625,10
5436,0.0009765625,10
5437,0.0009765625,10
5438,0.0009765625,10
5439,0.001953125,9
5440,0.0009765625,10
5441,0.0009765625,10
5442,0.0009765625,10
5443,0.001953125,9
5444,0.0009765625,10
5445,0.0009765625,10
5446,0.0009765625,10
5447,0.001953125,9
5448,0.0009765625,10
5449,0.0009765625,10
5450,0.0009765625,10
5451,0.001953125,9
5452,0.0009765625,10
5453,0.0009765625,10
5454,0.0009765625,10
5455,0.0009765625,10
5456,0.001953125,9
5457,0.0009765625,10
5458,0.0009765625,10
5459,0.0009765625,10
5460,0.001953125,9
5461,0.0009765625,10
5462,0.0009765625,10
5463,0.0009765625,10
5464,0.001953125,9
5465,0.0009765625,10
5466,0.0009765625,10
5467,0.0009765625,10
5468,0.0009765625,10
5469,0.001953125,9
5470,0.0009765625,10
5471,0.0009765625,10
5472,0.0009765625,10
5473,0.001953125,9
5474,0.0009765625,10
5475,0.0009765625,10
5476,0.0009765625,10
5477,0.001953125,9
5478,0.0009765625,10
5479,0.0009765625,10
5480,0.0009765625,10
5481,0.0009765625,10
5482,0.001953125,9
5483,0.0009765625,10
5484,0.0009765625,10
5485,0.0009765625,10
5486,0.001953125,9
5487,0.0009765625,10
5488,0.0009765625,10
5489,0.0009765625,10
5490,0.001953125,9
5491,0.0009765625,10
5492,0.0009765625,10
5493,0.0009765625,10
5494,0.0009765625,10
5495,0.001953125,9
5496,0.0009765625,10
5497,0.0009765625,10
5498,0.0009765625,10
5499,0.001953125,9
5500,0.0009765625,10
5501,0.0009765625,10
5502,0.0009765625,10
5503,0.001953125,9
5504,0.0009765625,10
5505,0.0009765625,10
5506,0.0009765625,10
5507,0.0009765625,10
5508,0.001953125,9
5509,0.0009765625,10
5510,0.0009765625,10
5511,0.0009765625,10
5512,0.001953125,9
5513,0.0009765625,10
5514,0.0009765625,10
5515,0.0009765625,10
5516,0.001953125,9
5517,0.0009765625,10
5518,0.0009765625,10
5519,0.0009765625,10
5520,0.001953125,9
5521,0.0009765625,10
5522,0.0009765625,10
5523,0.0009765625,10
5524,0.0009765625,10
5525,0.001953125,9
5526,0.0009765625,10
5527,0.0009765625,10
5528,0.0009765625,10
5529,0.001953125,9
5530,0.0009765625,10
5531,0.0009765625,10
5532,0.0009765625,10
5533,0.001953125,9
5534,0.0009765625,10
5535,0.0009765625,10
5536,0.0009765625,10
5537,0.0009765625,10
5538,0.001953125,9
5539,0.0009765625,10
5540,0.0009765625,10
5541,0.0009765625,10
5542,0.001953125,9
5543,0.0009765625,10
5544,0.0009765625,10
5545,0.0009765625,10
5546,0.001953125,9
5547,0.0009765625,10
5548,0.0009765625,10
5549,0.0009765625,10
5550,0.0009765625,10
5551,0.001953125,9
5552,0.0009765625,10
5553,0.0009765625,10
5554,0.0009765625,10
5555,0.001953125,9
5556,0.0009765625,10
5557,0.0009765625,10
5558,0.0009765625,10
5559,0.001953125,9
5560,0.0009765625,10
5561,0.0009765625,10
5562,0.0009765625,10
5563,0.0009765625,10
5564,0.001953125,9
5565,0.0009765625,10
5566,0.0009765625,10
5567,0.0009765625,10
5568,0.001953125,9
5569,0.0009765625,10
5570,0.0009765625,10
5571,0.0009765625,10
5572,0.001953125,9
5573,0.0009765625,10
5574,0.0009765625,10
5575,0.0009765625,10
5576,0.0009765625,10
5577,0.001953125,9
5578,0.0009765625,10
5579,0.0009765625,10
5580,0.0009765625,10
5581,0.001953125,9
5582,0.0009765625,10
5583,0.0009765625,10
5584,0.0009765625,10
5585,0.001953125,9
5586,0.0009765625,10
5587,0.0009765625,10
5588,0.0009765625,10
5589,0.0009765625,10
5590,0.001953125,9
5591,0.0009765625,10
5592,0.0009765625,10
5593,0.0009765625,10
5594,0.001953125,9
5595,0.0009765625,10
5596,0.0009765625,10
5597,0.0009765625,10
5598,0.001953125,9
5599,0.0009765625,10
5600,0.0009765625,10
5601,0.0009765625,10
5602,0.001953125,9
5603,0.0009765625,10
5604,0.0009765625,10
5605,0.0009765625,10
5606,0.0009765625,10
5607,0.001953125,9
5608,0.0009765625,10
5609,0.0009765625,10
5610,0.0009765625,10
5611,0.001953125,9
5612,0.0009765625,10
5613,0.0009765625,10
5614,0.0009765625,10
5615,0.001953125,9
5616,0.0009765625,10
5617,0.0009765625,10
5618,0.0009765625,10
5619,0.0009765625,10
5620,0.001953125,9
5621,0.0009765625,10
5622,0.0009765625,10
5623,0.0009765625,10
5624,0.001953125,9
5625,0.0009765625,10
5626,0.0009765625,10
5627,0.0009765625,10
5628,0.001953125,9
5629,0.0009765625,10
5630,0.0009765625,10
5631,0.0009765625,10
5632,0.0009765625,10
5633,0.001953125,9
5634,0.0009765625,10
5635,0.0009765625,10
5636,0.0009765625,10
5637,0.001953125,9
5638,0.0009765625,10
5639,0.0009765625,10
5640,0.0009765625,10
5641,0.001953125,9
5642,0.0009765625,10
5643,0.0009765625,10
5644,0.0009765625,10
5645,0.0009765625,10
5646,0.001953125,9
5647,0.0009765625,10
5648,0.0009765625,10
5649,0.0009765625,10
5650,0.001953125,9
5651,0.0009765625,10
5652,0.0009765625,10
5653,0.0009765625,10
5654,0.001953125,9
5655,0.0009765625,10
5656,0.0009765625,10
5657,0.0009765625,10
5658,0.0009765625,10
5659,0.001953125,9
5660,0.0009765625,10
5661,0.0009765625,10
5662,0.0009765625,10
5663,0.001953125,9
5664,0.0009765625,10
5665,0.0009765625,10
5666,0.0009765625,10
5667,0.001953125,9
5668,0.0009765625,10
5669,0.0009765625,10
5670,0.0009765625,10
5671,0.0009765625,10
5672,0.001953125,9
5673,0.0009765625,10
5674,0.0009765625,10
5675,0.0009765625,10
5676,0.001953125,9
5677,0.0009765625,10
5678,0.0009765625,10
5679,0.0009765625,10
5680,0.001953125,9
5681,0.0009765625,10
5682,0.0009765625,10
5683,0.0009765625,10
5684,0.001953125,9
5685,0.0009765625,10
5686,0.0009765625,10
5687,0.0009765625,10
5688,0.0009765625,10
5689,0.001953125,9
5690,0.0009765625,10
5691,0.0009765625,10
5692,0.0009765625,10
5693,0.001953125,9
5694,0.0009765625,10
5695,0.0009765625,10
5696,0.0009765625,10
5697,0.001953125,9
5698,0.0009765625,10
5699,0.0009765625,10
5700,0.0009765625,10
5701,0.0009765625,10
5702,0.001953125,9
5703,0.0009765625,10
5704,0.0009765625,10
5705,0.0009765625,10
5706,0.001953125,9
5707,0.0009765625,10
5708,0.0009765625,10
5709,0.0009765625,10
5710,0.001953125,9
5711,0.0009765625,10
5712,0.0009765625,10
5713,0.0009765625,10
5714,0.0009765625,10
5715,0.001953125,9
5716,0.0009765625,10
5717,0.0009765625,10
5718,0.0009765625,10
5719,0.001953125,9
5720,0.0009765625,10
5721,0.0009765625,10
5722,0.0009765625,10
5723,0.001953125,9
5724,0.0009765625,10
5725,0.0009765625,10
5726,0.0009765625,10
5727,0.0009765625,10
5728,0.001953125,9
5729,0.0009765625,10
5730,0.0009765625,10
5731,0.0009765625,10
5732,0.001953125,9
5733,0.0009765625,10
5734,0.0009765625,10
5735,0.0009765625,10
5736,0.001953125,9
5737,0.0009765625,10
5738,0.0009765625,10
5739,0.0009765625,10
5740,0.0009765625,10
5741,0.001953125,9
5742,0.0009765625,10
5743,0.0009765625,10
5744,0.0009765625,10
5745,0.001953125,9
5746,0.0009765625,10
5747,0.0009765625,10
5748,0.0009765625,10
5749,0.001953125,9
5750,0.0009765625,10
5751,0.0009765625,10
5752,0.0009765625,10
5753,0.0009765625,10
5754,0.001953125,9
5755,0.0009765625,10
5756,0.0009765625,10
5757,0.0009765625,10
5758,0.001953125,9
5759,0.0009765625,10
5760,0.0009765625,10
5761,0.0009765625,10
5762,0.001953125,9
5763,0.0009765625,10
5764,0.0009765625,10
5765,0.0009765625,10
5766,0.001953125,9
5767,0.0009765625,10
5768,0.0009765625,10
5769,0.0009765625,10
5770,0.0009765625,10
5771,0.001953125,9
5772,0.0009765625,10
5773,0.0009765625,10
5774,0.0009765625,10
5775,0.001953125,9
5776,0.0009765625,10
5777,0.0009765625,10
5778,0.0009765625,10
5779,0.001953125,9
5780,0.0009765625,10
5781,0.0009765625,10
5782,0.0009765625,10
5783,0.0009765625,10
5784,0.001953125,9
5785,0.0009765625,10
5786,0.0009765625,10
5787,0.0009765625,10
5788,0.001953125,9
5789,0.0009765625,10
5790,0.0009765625,10
5791,0.0009765625,10
5792,0.001953125,9
5793,0.0009765625,10
5794,0.0009765625,10
5795,0.0009765625,10
5796,0.0009765625,10
5797,0.001953125,9
5798,0.0009765625,10
5799,0.0009765625,10
5800,0.0009765625,10
5801,0.001953125,9
5802,0.0009765625,10
5803,0.0009765625,10
5804,0.0009765625,10
5805,0.001953125,9
5806,0.0009765625,10
5807,0.0009765625,10
5808,0.0009765625,10
5809,0.0009765625,10
5810,0.001953125,9
5811,0.0009765625,10
5812,0.0009765625,10
5813,0.0009765625,10
5814,0.001953125,9
5815,0.0009765625,10
5816,0.0009765625,10
5817,0.0009765625,10
5818,0.001953125,9
5819,0.0009765625,10
5820,0.0009765625,10
5821,0.0009765625,10
5822,0.0009765625,10
5823,0.001953125,9
5824,0.0009765625,10
5825,0.0009765625,10
5826,0.0009765625,10
5827,0.001953125,9
5828,0.0009765625,10
5829,0.0009765625,10
5830,0.0009765625,10
5831,0.001953125,9
5832,0.0009765625,10
5833,0.0009765625,10
5834,0.0009765625,10
5835,0.0009765625,10
5836,0.001953125,9
5837,0.0009765625,10
5838,0.0009765625,10
5839,0.0009765625,10
5840,0.001953125,9
5841,0.0009765625,10
5842,0.0009765625,10
5843,0.0009765625,10
5844,0.001953125,9
5845,0.0009765625,10
5846,0.0009765625,10
5847,0.0009765625,10
5848,0.0009765625,10
5849,0.001953125,9
5850,0.0009765625,10
5851,0.0009765625,10
5852,0.0009765625,10
5853,0.001953125,9
5854,0.0009765625,10
5855,0.0009765625,10
5856,0.0009765625,10
5857,0.001953125,9
5858,0.0009765625,10
5859,0.0009765625,10
5860,0.0009765625,10
5861,0.0009765625,10
5862,0.001953125,9
5863,0.0009765625,10
5864,0.0009765625,10
5865,0.0009765625,10
5866,0.001953125,9
5867,0.0009765625,10
5868,0.0009765625,10
5869,0.0009765625,10
5870,0.001953125,9
5871,0.0009765625,10
5872,0.0009765625,10
5873,0.0009765625,10
5874,0.001953125,9
5875,0.0009765625,10
5876,0.0009765625,10
5877,0.0009765625,10
5878,0.0009765625,10
5879,0.001953125,9
5880,0.0009765625,10
5881,0.0009765625,10
5882,0.0009765625,10
5883,0.001953125,9
5884,0.0009765625,10
5885,0.0009765625,10
5886,0.0009765625,10
5887,0.001953125,9
5888,0.0009765625,10
5889,0.0009765625,10
5890,0.0009765625,10
5891,0.0009765625,10
5892,0.001953125,9
5893,0.0009765625,10
5894,0.0009765625,10
5895,0.0009765625,10
5896,0.001953125,9
5897,0.0009765625,10
5898,0.0009765625,10
5899,0.0009765625,10
5900,0.001953125,9
5901,0.0009765625,10
5902,0.0009765625,10
5903,0.0009765625,10
5904,0.0009765625,10
5905,0.001953125,9
5906,0.0009765625,10
5907,0.0009765625,10
5908,0.0009765625,10
5909,0.001953125,9
5910,0.0009765625,10
5911,0.0009765625,10
5912,0.0009765625,10
5913,0.001953125,9
5914,0.0009765625,10
5915,0.0009765625,10
5916,0.0009765625,10
5917,0.0009765625,10
5918,0.001953125,9
5919,0.0009765625,10
5920,0.0009765625,10
5921,0.0009765625,10
5922,0.001953125,9
5923,0.0009765625,10
5924,0.0009765625,10
5925,0.0009765625,10
5926,0.001953125,9
5927,0.0009765625,10
5928,0.0009765625,10
5929,0.0009765625,10
5930,0.0009765625,10
5931,0.001953125,9
5932,0.0009765625,10
5933,0.0009765625,10
5934,0.0009765625,10
5935,0.001953125,9
5936,0.0009765625,10
5937,0.0009765625,10
5938,0.0009765625,10
5939,0.001953125,9
5940,0.0009765625,10
5941,0.0009765625,10
5942,0.0009765625,10
5943,0.0009765625,10
5944,0.001953125,9
5945,0.0009765625,10
5946,0.0009765625,10
5947,0.0009765625,10
5948,0.001953125,9
5949,0.0009765625,10
5950,0.0009765625,10
5951,0.0009765625,10
5952,0.001953125,9
5953,0.0009765625,10
5954,0.0009765625,10
5955,0.0009765625,10
5956,0.0009765625,10
5957,0.001953125,9
5958,0.0009765625,10
5959,0.0009765625,10
5960,0.0009765625,10
5961,0.001953125,9
5962,0.0009765625,10
5963,0.0009765625,10
5964,0.0009765625,10
5965,0.001953125,9
5966,0.0009765625,10
5967,0.0009765625,10
5968,0.0009765625,10
5969,0.0009765625,10
5970,0.001953125,9
5971,0.0009765625,10
5972,0.0009765625,10
5973,0.0009765625,10
5974,0.001953125,9
5975,0.0009765625,10
5976,0.0009765625,10
5977,0.0009765625,10
5978,0.001953125,9
5979,0.0009765625,10
5980,0.0009765625,10
5981,0.0009765625,10
5982,0.001953125,9
5983,0.0009765625,10
5984,0.0009765625,10
5985,0.0009765625,10
5986,0.0009765625,10
5987,0.001953125,9
5988,0.0009765625,10
5989,0.0009765625,10
5990,0.0009765625,10
5991,0.001953125,9
5992,0.0009765625,10
5993,0.0009765625,10
5994,0.0009765625,10
5995,0.001953125,9
5996,0.0009765625,10
5997,0.0009765625,10
5998,0.0009765625,10
5999,0.0009765625,10
6000,0.001953125,9
6001,0.0009765625,10
6002,0.0009765625,10
6003,0.0009765625,10
6004,0.001953125,9
6005,0.0009765625,10
6006,0.0009765625,10
6007,0.0009765625,10
6008,0.001953125,9
6009,0.0009765625,10
6010,0.0009765625,10
6011,0.0009765625,10
6012,0.0009765625,10
6013,0.001953125,9
6014,0.0009765625,10
6015,0.0009765625,10
6016,0.0009765625,10
6017,0.001953125,9
6018,0.0009765625,10
6019,0.0009765625,10
6020,0.0009765625,10
6021,0.001953125,9
6022,0.0009765625,10
6023,0.0009765625,10
6024,0.0009765625,10
6025,0.0009765625,10
6026,0.001953125,9
6027,0.0009765625,10
6028,0.0009765625,10
6029,0.0009765625,10
6030,0.001953125,9
6031,0.0009765625,10
6032,0.0009765625,10
6033,0.0009765625,10
6034,0.001953125,9
6035,0.0009765625,10
6036,0.0009765625,10
6037,0.0009765625,10
6038,0.0009765625,10
6039,0.001953125,9
6040,0.0009765625,10
6041,0.0009765625,10
6042,0.0009765625,10
6043,0.001953125,9
6044,0.0009765625,10
6045,0.0009765625,10
6046,0.0009765625,10
6047,0.001953125,9
6048,0.0009765625,10
6049,0.0009765625,10
6050,0.0009765625,10
6051,0.0009765625,10
6052,0.001953125,9
6053,0.0009765625,10
6054,0.0009765625,10
6055,0.0009765625,10
6056,0.001953125,9
6057,0.0009765625,10
6058,0.0009765625,10
6059,0.0009765625,10
6060,0.001953125,9
6061,0.0009765625,10
6062,0.0009765625,10
6063,0.0009765625,10
6064,0.0009765625,10
6065,0.001953125,9
6066,0.0009765625,10
6067,0.0009765625,10
6068,0.0009765625,10
6069,0.001953125,9
6070,0.0009765625,10
6071,0.0009765625,10
6072,0.0009765625,10
6073,0.001953125,9
6074,0.0009765625,10
6075,0.0009765625,10
6076,0.0009765625,10
6077,0.0009765625,10
6078,0.001953125,9
6079,0.0009765625,10
6080,0.0009765625,10
6081,0.0009765625,10
6082,0.001953125,9
6083,0.0009765625,10
6084,0.0009765625,10
6085,0.0009765625,10
6086,0.001953125,9
6087,0.0009765625,10
6088,0.0009765625,10
6089,0.0009765625,10
6090,0.0009765625,10
6091,0.001953125,9
6092,0.0009765625,10
6093,0.0009765625,10
6094,0.0009765625,10
6095,0.001953125,9
6096,0.0009765625,10
6097,0.0009765625,10
6098,0.0009765625,10
6099,0.001953125,9
6100,0.0009765625,10
6101,0.0009765625,10
6102,0.0009765625,10
6103,0.0009765625,10
6104,0.001953125,9
6105,0.0009765625,10
6106,0.0009765625,10
6107,0.0009765625,10
6108,0.001953125,9
6109,0.0009765625,10
6110,0.0009765625,10
6111,0.0009765625,10
6112,0.001953125,9
6113,0.0009765625,10
6114,0.0009765625,10
6115,0.0009765625,10
6116,0.001953125,9
6117,0.0009765625,10
6118,0.0009765625,10
6119,0.0009765625,10
6120,0.0009765625,10
6121,0.001953125,9
6122,0.0009765625,10
6123,0.0009765625,10
6124,0.0009765625,10
6125,0.001953125,9
6126,0.0009765625,10
6127,0.0009765625,10
6128,0.0009765625,10
6129,0.001953125,9
6130,0.0009765625,10
6131,0.0009765625,10
6132,0.0009765625,10
6133,0.0009765625,10
6134,0.001953125,9
6135,0.0009765625,10
6136,0.0009765625,10
6137,0.0009765625,10
6138,0.001953125,9
6139,0.0009765625,10
6140,0.0009765625,10
6141,0.0009765625,10
6142,0.001953125,9
6143,0.0009765625,10
6144,0.0009765625,10
6145,0.0009765625,10
6146,0.0009765625,10
6147,0.001953125,9
6148,0.0009765625,10
6149,0.0009765625,10
6150,0.0009765625,10
6151,0.001953125,9
6152,0.0009765625,10
6153,0.0009765625,10
6154,0.0009765625,10
6155,0.001953125,9
6156,0.0009765625,10
6157,0.0009765625,10
6158,0.0009765625,10
6159,0.0009765625,10
6160,0.001953125,9
6161,0.0009765625,10
6162,0.0009765625,10
6163,0.0009765625,10
6164,0.001953125,9
6165,0.0009765625,10
6166,0.0009765625,10
6167,0.0009765625,10
6168,0.001953125,9
6169,0.0009765625,10
6170,0.0009765625,10
6171,0.0009765625,10
6172,0.0009765625,10
6173,0.001953125,9
6174,0.0009765625,10
6175,0.0009765625,10
6176,0.0009765625,10
6177,0.001953125,9
6178,0.0009765625,10
6179,0.0009765625,10
6180,0.0009765625,10
6181,0.001953125,9
6182,0.0009765625,10
6183,0.0009765625,10
6184,0.0009765625,10
6185,0.0009765625,10
6186,0.001953125,9
6187,0.0009765625,10
6188,0.0009765625,10
6189,0.0009765625,10
6190,0.001953125,9
6191,0.0009765625,10
6192,0.0009765625,10
6193,0.0009765625,10
6194,0.001953125,9
6195,0.0009765625,10
6196,0.0009765625,10
6197,0.0009765625,10
6198,0.0009765625,10
6199,0.001953125,9
6200,0.0009765625,10
6201,0.0009765625,10
6202,0.0009765625,10
6203,0.001953125,9
6204,0.0009765625,10
6205,0.0009765625,10
6206,0.0009765625,10
6207,0.001953125,9
6208,0.0009765625,10
6209,0.0009765625,10
6210,0.0009765625,10
6211,0.0009765625,10
6212,0.001953125,9
6213,0.0009765625,10
6214,0.0009765625,10
6215,0.0009765625,10
6216,0.001953125,9
6217,0.0009765625,10
6218,0.0009765625,10
6219,0.0009765625,10
6220,0.001953125,9
6221,0.0009765625,10
6222,0.0009765625,10
6223,0.0009765625,10
6224,0.0009765625,10
6225,0.001953125,9
6226,0.0009765625,10
6227,0.0009765625,10
6228,0.0009765625,10
6229,0.001953125,9
6230,0.0009765625,10
6231,0.0009765625,10
6232,0.0009765625,10
6233,0.001953125,9
6234,0.0009765625,10
6235,0.0009765625,10
6236,0.0009765625,10
6237,0.0009765625,10
6238,0.001953125,9
6239,0.0009765625,10
6240,0.0009765625,10
6241,0.0009765625,10
6242,0.001953125,9
6243,0.0009765625,10
6244,0.0009765625,10
6245,0.0009765625,10
6246,0.001953125,9
6247,0.0009765625,10
6248,0.0009765625,10
6249,0.0009765625,10
6250,0.0009765625,10
6251,0.001953125,9
6252,0.0009765625,10
6253,0.0009765625,10
6254,0.0009765625,10
6255,0.001953125,9
6256,0.0009765625,10
6257,0.0009765625,10
6258,0.0009765625,10
6259,0.001953125,9
6260,0.0009765625,10
6261,0.0009765625,10
6262,0.0009765625,10
6263,0.001953125,9
6264,0.0009765625,10
6265,0.0009765625,10
6266,0.0009765625,10
6267,0.0009765625,10
6268,0.001953125,9
6269,0.0009765625,10
6270,0.0009765625,10
6271,0.0009765625,10
6272,0.001953125,9
6273,0.0009765625,10
6274,0.0009765625,10
6275,0.0009765625,10
6276,0.001953125,9
6277,0.0009765625,10
6278,0.0009765625,10
6279,0.0009765625,10
6280,0.0009765625,10
6281,0.001953125,9
6282,0.0009765625,10
6283,0.0009765625,10
6284,0.0009765625,10
6285,0.001953125,9
6286,0.0009765625,10
6287,0.0009765625,10
6288,0.0009765625,10
6289,0.001953125,9
6290,0.0009765625,10
6291,0.0009765625,10
6292,0.0009765625,10
6293,0.0009765625,10
6294,0.001953125,9
6295,0.0009765625,10
6296,0.0009765625,10
6297,0.0009765625,10
6298,0.001953125,9
6299,0.0009765625,10
6300,0.0009765625,10
6301,0.0009765625,10
6302,0.001953125,9
6303,0.0009765625,10
6304,0.0009765625,10
6305,0.0009765625,10
6306,0.0009765625,10
6307,0.001953125,9
6308,0.0009765625,10
6309,0.0009765625,10
6310,0.0009765625,10
6311,0.001953125,9
6312,0.0009765625,10
6313,0.0009765625,10
6314,0.0009765625,10
6315,0.001953125,9
6316,0.0009765625,10
6317,0.0009765625,10
6318,0.0009765625,10
6319,0.0009765625,10
6320,0.001953125,9
6321,0.0009765625,10
6322,0.0009765625,10
6323,0.0009765625,10
6324,0.001953125,9
6325,0.0009765625,10
6326,0.0009765625,10
6327,0.0009765625,10
6328,0.001953125,9
6329,0.0009765625,10
6330,0.0009765625,10
6331,0.0009765625,10
6332,0.0009765625,10
6333,0.001953125,9
6334,0.0009765625,10
6335,0.0009765625,10
6336,0.0009765625,10
6337,0.001953125,9
6338,0.0009765625,10
6339,0.0009765625,10
6340,0.0009765625,10
6341,0.001953125,9
6342,0.0009765625,10
6343,0.0009765625,10
6344,0.0009765625,10
6345,0.0009765625,10
6346,0.001953125,9
6347,0.0009765625,10
6348,0.0009765625,10
6349,0.0009765625,10
6350,0.001953125,9
6351,0.0009765625,10
6352,0.0009765625,10
6353,0.0009765625,10
6354,0.001953125,9
6355,0.0009765625,10
6356,0.0009765625,10
6357,0.0009765625,10
6358,0.0009765625,10
6359,0.001953125,9
6360,0.0009765625,10
6361,0.0009765625,10
6362,0.0009765625,10
6363,0.001953125,9
6364,0.0009765625,10
6365,0.0009765625,10
6366,0.0009765625,10
6367,0.001953125,9
6368,0.0009765625,10
6369,0.0009765625,10
6370,0.0009765625,10
6371,0.0009765625,10
6372,0.001953125,9
6373,0.0009765625,10
6374,0.0009765625,10
6375,0.0009765625,10
6376,0.001953125,9
6377,0.0009765625,10
6378,0.0009765625,10
6379,0.0009765625,10
6380,0.001953125,9
6381,0.0009765625,10
6382,0.0009765625,10
6383,0.0009765625,10
6384,0.0009765625,10
6385,0.001953125,9
6386,0.0009765625,10
6387,0.0009765625,10
6388,0.0009765625,10
6389,0.001953125,9
6390,0.0009765625,10
6391,0.0009765625,10
6392,0.0009765625,10
6393,0.001953125,9
6394,0.0009765625,10
6395,0.0009765625,10
6396,0.0009765625,10
6397,0.0009765625,10
6398,0.001953125,9
6399,0.0009765625,10
6400,0.0009765625,10
6401,0.0009765625,10
6402,0.001953125,9
6403,0.0009765625,10
6404,0.0009765625,10
6405,0.0009765625,10
6406,0.001953125,9
6407,0.0009765625,10
6408,0.0009765625,10
6409,0.0009765625,10
6410,0.0009765625,10
6411,0.001953125,9
6412,0.0009765625,10
6413,0.0009765625,10
6414,0.0009765625,10
6415,0.001953125,9
6416,0.0009765625,10
6417,0.0009765625,10
6418,0.0009765625,10
6419,0.001953125,9
6420,0.0009765625,10
6421,0.0009765625,10
6422,0.0009765625,10
6423,0.0009765625,10
6424,0.001953125,9
6425,0.0009765625,10
6426,0.0009765625,10
6427,0.0009765625,10
6428,0.001953125,9
6429,0.0009765625,10
6430,0.0009765625,10
6431,0.0009765625,10
6432,0.001953125,9
6433,0.0009765625,10
6434,0.0009765625,10
6435,0.0009765625,10
6436,0.0009765625,10
6437,0.001953125,9
6438,0.0009765625,10
6439,0.0009765625,10
6440,0.0009765625,10
6441,0.001953125,9
6442,0.0009765625,10
6443,0.0009765625,10
6444,0.0009765625,10
6445,0.001953125,9
6446,0.0009765625,10
6447,0.0009765625,10
6448,0.0009765625,10
6449,0.0009765625,10
6450,0.001953125,9
6451,0.0009765625,10
6452,0.0009765625,10
6453,0.0009765625,10
6454,0.001953125,9
6455,0.0009765625,10
6456,0.0009765625,10
6457,0.0009765625,10
6458,0.001953125,9
6459,0.0009765625,10
6460,0.0009765625,10
6461,0.0009765625,10
6462,0.0009765625,10
6463,0.001953125,9
6464,0.0009765625,10
6465,0.0009765625,10
6466,0.0009765625,10
6467,0.001953125,9
6468,0.0009765625,10
6469,0.0009765625,10
6470,0.0009765625,10
6471,0.001953125,9
6472,0.0009765625,10
6473,0.0009765625,10
6474,0.0009765625,10
6475,0.001953125,9
6476,0.0009765625,10
6477,0.0009765625,10
6478,0.0009765625,10
6479,0.0009765625,10
6480,0.001953125,9
6481,0.0009765625,10
6482,0.0009765625,10
6483,0.0009765625,10
6484,0.001953125,9
6485,0.0009765625,10
6486,0.0009765625,10
6487,0.0009765625,10
6488,0.001953125,9
6489,0.0009765625,10
6490,0.0009765625,10
6491,0.0009765625,10
6492,0.0009765625,10
6493,0.001953125,9
6494,0.0009765625,10
6495,0.0009765625,10
6496,0.0009765625,10
6497,0.001953125,9
6498,0.0009765625,10
6499,0.0009765625,10
6500,0.0009765625,10
6501,0.001953125,9
6502,0.0009765625,10
6503,0.0009765625,10
6504,0.0009765625,10
6505,0.0009765625,10
6506,0.001953125,9
6507,0.0009765625,10
6508,0.0009765625,10
6509,0.0009765625,10
6510,0.001953125,9
6511,0.0009765625,10
6512,0.0009765625,10
6513,0.0009765625,10
6514,0.001953125,9
6515,0.0009765625,10
6516,0.0009765625,10
6517,0.0009765625,10
6518,0.0009765625,10
6519,0.001953125,9
6520,0.0009765625,10
6521,0.0009765625,10
6522,0.0009765625,10
6523,0.001953125,9
6524,0.0009765625,10
6525,0.0009765625,10
6526,0.0009765625,10
6527,0.001953125,9
6528,0.0009765625,10
6529,0.0009765625,10
6530,0.0009765625,10
6531,0.0009765625,10
6532,0.001953125,9
6533,0.0009765625,10
6534,0.0009765625,10
6535,0.0009765625,10
6536,0.001953125,9
6537,0.0009765625,10
6538,0.0009765625,10
6539,0.0009765625,10
6540,0.001953125,9
6541,0.0009765625,10
6542,0.0009765625,10
6543,0.0009765625,10
6544,0.0009765625,10
6545,0.001953125,9
6546,0.0009765625,10
6547,0.0009765625,10
6548,0.0009765625,10
6549,0.001953125,9
6550,0.0009765625,10
6551,0.0009765625,10
6552,0.0009765625,10
6553,0.001953125,9
6554,0.0009765625,10
6555,0.0009765625,10
6556,0.0009765625,10
6557,0.0009765625,10
6558,0.001953125,9
6559,0.0009765625,10
6560,0.0009765625,10
6561,0.0009765625,10
6562,0.001953125,9
6563,0.0009765625,10
6564,0.0009765625,10
6565,0.0009765625,10
6566,0.001953125,9
6567,0.0009765625,10
6568,0.0009765625,10
6569,0.0009765625,10
6570,0.0009765625,10
6571,0.001953125,9
6572,0.0009765625,10
6573,0.0009765625,10
6574,0.0009765625,10
6575,0.001953125,9
6576,0.0009765625,10
6577,0.0009765625,10
6578,0.0009765625,10
6579,0.001953125,9
6580,0.0009765625,10
6581,0.0009765625,10
6582,0.0009765625,10
6583,0.0009765625,10
6584,0.001953125,9
6585,0.0009765625,10
6586,0.0009765625,10
6587,0.0009765625,10
6588,0.001953125,9
6589,0.0009765625,10
6590,0.0009765625,10
6591,0.0009765625,10
6592,0.001953125,9
6593,0.0009765625,10
6594,0.0009765625,10
6595,0.0009765625,10
6596,0.0009765625,10
6597,0.001953125,9
6598,0.0009765625,10
6599,0.0009765625,10
6600,0.0009765625,10
6601,0.001953125,9
6602,0.0009765625,10
6603,0.0009765625,10
6604,0.0009765625,10
6605,0.001953125,9
6606,0.0009765625,10
6607,0.0009765625,10
6608,0.0009765625,10
6609,0.0009765625,10
6610,0.001953125,9
6611,0.0009765625,10
6612,0.0009765625,10
6613,0.0009765625,10
6614,0.001953125,9
6615,0.0009765625,10
6616,0.0009765625,10
6617,0.0009765625,10
6618,0.001953125,9
6619,0.0009765625,10
6620,0.0009765625,10
6621,0.0009765625,10
6622,0.0009765625,10
6623,0.001953125,9
6624,0.0009765625,10
6625,0.0009765625,10
6626,0.0009765625,10
6627,0.001953125,9
6628,0.0009765625,10
6629,0.0009765625,10
6630,0.0009765625,10
6631,0.001953125,9
6632,0.0009765625,10
6633,0.0009765625,10
6634,0.0009765625,10
6635,0.0009765625,10
6636,0.001953125,9
6637,0.0009765625,10
6638,0.0009765625,10
6639,0.0009765625,10
6640,0.001953125,9
6641,0.0009765625,10
6642,0.0009765625,10
6643,0.0009765625,10
6644,0.001953125,9
6645,0.0009765625,10
6646,0.0009765625,10
6647,0.0009765625,10
6648,0.0009765625,10
6649,0.001953125,9
6650,0.0009765625,10
6651,0.0009765625,10
6652,0.0009765625,10
6653,0.001953125,9
6654,0.0009765625,10
6655,0.0009765625,10
6656,0.0009765625,10
6657,0.001953125,9
6658,0.0009765625,10
6659,0.0009765625,10
6660,0.0009765625,10
6661,0.0009765625,10
6662,0.001953125,9
6663,0.0009765625,10
6664,0.0009765625,10
6665,0.0009765625,10
6666,0.001953125,9
6667,0.0009765625,10
6668,0.0009765625,10
6669,0.0009765625,10
6670,0.001953125,9
6671,0.0009765625,10
6672,0.0009765625,10
6673,0.0009765625,10
6674,0.0009765625,10
6675,0.001953125,9
6676,0.0009765625,10
6677,0.0009765625,10
6678,0.0009765625,10
6679,0.001953125,9
6680,0.0009765625,10
6681,0.0009765625,10
6682,0.0009765625,10
6683,0.001953125,9
6684,0.0009765625,10
6685,0.0009765625,10
6686,0.0009765625,10
6687,0.0009765625,10
6688,0.001953125,9
6689,0.0009765625,10
6690,0.0009765625,10
6691,0.0009765625,10
6692,0.001953125,9
6693,0.0009765625,10
6694,0.0009765625,10
6695,0.0009765625,10
6696,0.001953125,9
6697,0.0009765625,10
6698,0.0009765625,10
6699,0.0009765625,10
6700,0.0009765625,10
6701,0.001953125,9
6702,0.0009765625,10
6703,0.0009765625,10
6704,0.0009765625,10
6705,0.001953125,9
6706,0.0009765625,10
6707,0.0009765625,10
6708,0.0009765625,10
6709,0.001953125,9
6710,0.0009765625,10
6711,0.0009765625,10
6712,0.0009765625,10
6713,0.0009765625,10
6714,0.001953125,9
6715,0.0009765625,10
6716,0.0009765625,10
6717,0.0009765625,10
6718,0.001953125,9
6719,0.0009765625,10
6720,0.0009765625,10
6721,0.0009765625,10
6722,0.001953125,9
6723,0.0009765625,10
6724,0.0009765625,10
6725,0.0009765625,10
6726,0.0009765625,10
6727,0.001953125,9
6728,0.0009765625,10
6729,0.0009765625,10
6730,0.0009765625,10
6731,0.001953125,9
6732,0.0009765625,10
6733,0.0009765625,10
6734,0.0009765625,10
6735,0.001953125,9
6736,0.0009765625,10
6737,0.0009765625,10
6738,0.0009765625,10
6739,0.0009765625,10
6740,0.001953125,9
6741,0.0009765625,10
6742,0.0009765625,10
6743,0.0009765625,10
6744,0.001953125,9
6745,0.0009765625,10
6746,0.0009765625,10
6747,0.0009765625,10
6748,0.001953125,9
6749,0.0009765625,10
6750,0.0009765625,10
6751,0.0009765625,10
6752,0.0009765625,10
6753,0.001953125,9
6754,0.0009765625,10
6755,0.0009765625,10
6756,0.0009765625,10
6757,0.001953125,9
6758,0.0009765625,10
6759,0.0009765625,10
6760,0.0009765625,10
6761,0.001953125,9
6762,0.0009765625,10
6763,0.0009765625,10
6764,0.0009765625,10
6765,0.0009765625,10
6766,0.001953125,9
6767,0.0009765625,10
6768,0.0009765625,10
6769,0.0009765625,10
6770,0.001953125,9
6771,0.0009765625,10
6772,0.0009765625,10
6773,0.0009765625,10
6774,0.001953125,9
6775,0.0009765625,10
6776,0.0009765625,10
6777,0.0009765625,10
6778,0.0009765625,10
6779,0.001953125,9
6780,0.0009765625,10
6781,0.0009765625,10
6782,0.0009765625,10
6783,0.001953125,9
6784,0.0009765625,10
6785,0.0009765625,10
6786,0.0009765625,10
6787,0.001953125,9
6788,0.0009765625,10
6789,0.0009765625,10
6790,0.0009765625,10
6791,0.0009765625,10
6792,0.001953125,9
6793,0.0009765625,10
6794,0.0009765625,10
6795,0.0009765625,10
6796,0.001953125,9
6797,0.0009765625,10
6798,0.0009765625,10
6799,0.0009765625,10
6800,0.001953125,9
6801,0.0009765625,10
6802,0.0009765625,10
6803,0.0009765625,10
6804,0.0009765625,10
6805,0.001953125,9
6806,0.0009765625,10
6807,0.0009765625,10
6808,0.0009765625,10
6809,0.001953125,9
6810,0.0009765625,10
6811,0.0009765625,10
6812,0.0009765625,10
6813,0.001953125,9
6814,0.0009765625,10
6815,0.0009765625,10
6816,0.0009765625,10
6817,0.0009765625,10
6818,0.001953125,9
6819,0.0009765625,10
6820,0.0009765625,10
6821,0.0009765625,10
6822,0.001953125,9
6823,0.0009765625,10
6824,0.0009765625,10
6825,0.0009765625,10
6826,0.001953125,9
6827,0.0009765625,10
6828,0.0009765625,10
6829,0.0009765625,10
6830,0.001953125,9
6831,0.0009765625,10
6832,0.0009765625,10
6833,0.0009765625,10
6834,0.0009765625,10
6835,0.001953125,9
6836,0.0009765625,10
6837,0.0009765625,10
6838,0.0009765625,10
6839,0.001953125,9
6840,0.0009765625,10
6841,0.0009765625,10
6842,0.0009765625,10
6843,0.001953125,9
6844,0.0009765625,10
6845,0.0009765625,10
6846,0.0009765625,10
6847,0.0009765625,10
6848,0.001953125,9
6849,0.0009765625,10
6850,0.0009765625,10
6851,0.0009765625,10
6852,0.001953125,9
6853,0.0009765625,10
6854,0.0009765625,10
6855,0.0009765625,10
6856,0.001953125,9
6857,0.0009765625,10
6858,0.0009765625,10
6859,0.0009765625,10
6860,0.0009765625,10
6861,0.001953125,9
6862,0.0009765625,10
6863,0.0009765625,10
6864,0.0009765625,10
6865,0.001953125,9
6866,0.0009765625,10
6867,0.0009765625,10
6868,0.0009765625,10
6869,0.001953125,9
6870,0.0009765625,10
6871,0.0009765625,10
6872,0.0009765625,10
6873,0.0009765625,10
6874,0.001953125,9
6875,0.0009765625,10
6876,0.0009765625,10
6877,0.0009765625,10
6878,0.001953125,9
6879,0.0009765625,10
6880,0.0009765625,10
6881,0.0009765625,10
6882,0.001953125,9
6883,0.0009765625,10
6884,0.0009765625,10
6885,0.0009765625,10
6886,0.0009765625,10
6887,0.001953125,9
6888,0.0009765625,10
6889,0.0009765625,10
6890,0.0009765625,10
6891,0.001953125,9
6892,0.0009765625,10
6893,0.0009765625,10
6894,0.0009765625,10
6895,0.001953125,9
6896,0.0009765625,10
6897,0.0009765625,10
6898,0.0009765625,10
6899,0.0009765625,10
6900,0.001953125,9
6901,0.0009765625,10
6902,0.0009765625,10
6903,0.0009765625,10
6904,0.001953125,9
6905,0.0009765625,10
6906,0.0009765625,10
6907,0.0009765625,10
6908,0.001953125,9
6909,0.0009765625,10
6910,0.0009765625,10
6911,0.0009765625,10
6912,0.0009765625,10
6913,0.001953125,9
6914,0.0009765625,10
6915,0.0009765625,10
6916,0.0009765625,10
6917,0.001953125,9
6918,0.0009765625,10
6919,0.0009765625,10
6920,0.0009765625,10
6921,0.001953125,9
6922,0.0009765625,10
6923,0.0009765625,10
6924,0.0009765625,10
6925,0.0009765625,10
6926,0.001953125,9
6927,0.0009765625,10
6928,0.0009765625,10
6929,0.0009765625,10
6930,0.001953125,9
6931,0.0009765625,10
6932,0.0009765625,10
6933,0.0009765625,10
6934,0.001953125,9
6935,0.0009765625,10
6936,0.0009765625,10
6937,0.0009765625,10
6938,0.0009765625,10
6939,0.001953125,9
6940,0.0009765625,10
6941,0.0009765625,10
6942,0.0009765625,10
6943,0.001953125,9
6944,0.0009765625,10
6945,0.0009765625,10
6946,0.0009765625,10
6947,0.001953125,9
6948,0.0009765625,10
6949,0.0009765625,10
6950,0.0009765625,10
6951,0.0009765625,10
6952,0.001953125,9
6953,0.0009765625,10
6954,0.0009765625,10
6955,0.0009765625,10
6956,0.001953125,9
6957,0.0009765625,10
6958,0.0009765625,10
6959,0.0009765625,10
6960,0.001953125,9
6961,0.0009765625,10
6962,0.0009765625,10
6963,0.0009765625,10
6964,0.0009765625,10
6965,0.001953125,9
6966,0.0009765625,10
6967,0.0009765625,10
6968,0.0009765625,10
6969,0.001953125,9
6970,0.0009765625,10
6971,0.0009765625,10
6972,0.0009765625,10
6973,0.001953125,9
6974,0.0009765625,10
6975,0.0009765625,10
6976,0.0009765625,10
6977,0.0009765625,10
6978,0.001953125,9
6979,0.0009765625,10
6980,0.0009765625,10
6981,0.0009765625,10
6982,0.001953125,9
6983,0.0009765625,10
6984,0.0009765625,10
6985,0.0009765625,10
6986,0.001953125,9
6987,0.0009765625,10
6988,0.0009765625,10
6989,0.0009765625,10
6990,0.0009765625,10
6991,0.001953125,9
6992,0.0009765625,10
6993,0.0009765625,10
6994,0.0009765625,10
6995,0.001953125,9
6996,0.0009765625,10
6997,0.0009765625,10
6998,0.0009765625,10
6999,0.001953125,9
7000,0.0009765625,10
7001,0.0009765625,10
7002,0.0009765625,10
7003,0.0009765625,10
7004,0.001953125,9
7005,0.0009765625,10
7006,0.0009765625,10
7007,0.0009765625,10
7008,0.001953125,9
7009,0.0009765625,10
7010,0.0009765625,10
7011,0.0009765625,10
7012,0.001953125,9
7013,0.0009765625,10
7014,0.0009765625,10
7015,0.0009765625,10
7016,0.0009765625,10
7017,0.001953125,9
7018,0.0009765625,10
7019,0.0009765625,10
7020,0.0009765625,10
7021,0.001953125,9
7022,0.0009765625,10
7023,0.0009765625,10
7024,0.0009765625,10
7025,0.001953125,9
7026,0.0009765625,10
7027,0.0009765625,10
7028,0.0009765625,10
7029,0.0009765625,10
7030,0.001953125,9
7031,0.0009765625,10
7032,0.0009765625,10
7033,0.0009765625,10
7034,0.001953125,9
7035,0.0009765625,10
7036,0.0009765625,10
7037,0.0009765625,10
7038,0.001953125,9
7039,0.0009765625,10
7040,0.0009765625,10
7041,0.0009765625,10
7042,0.0009765625,10
7043,0.001953125,9
7044,0.0009765625,10
7045,0.0009765625,10
7046,0.0009765625,10
7047,0.001953125,9
7048,0.0009765625,10
7049,0.0009765625,10
7050,0.0009765625,10
7051,0.001953125,9
7052,0.0009765625,10
7053,0.0009765625,10
7054,0.0009765625,10
7055,0.0009765625,10
7056,0.001953125,9
7057,0.0009765625,10
7058,0.0009765625,10
7059,0.0009765625,10
7060,0.001953125,9
7061,0.0009765625,10
7062,0.0009765625,10
7063,0.0009765625,10
7064,0.001953125,9
7065,0.0009765625,10
7066,0.0009765625,10
7067,0.0009765625,10
7068,0.0009765625,10
7069,0.001953125,9
7070,0.0009765625,10
7071,0.0009765625,10
7072,0.0009765625,10
7073,0.001953125,9
7074,0.0009765625,10
7075,0.0009765625,10
7076,0.0009765625,10
7077,0.001953125,9
7078,0.0009765625,10
7079,0.0009765625,10
7080,0.0009765625,10
7081,0.0009765625,10
7082,0.001953125,9
7083,0.0009765625,10
7084,0.0009765625,10
7085,0.0009765625,10
7086,0.001953125,9
7087,0.0009765625,10
7088,0.0009765625,10
7089,0.0009765625,10
7090,0.001953125,9
7091,0.0009765625,10
7092,0.0009765625,10
7093,0.0009765625,10
7094,0.0009765625,10
7095,0.001953125,9
7096,0.0009765625,10
7097,0.0009765625,10
7098,0.0009765625,10
7099,0.001953125,9
7100,0.0009765625,10
7101,0.0009765625,10
7102,0.0009765625,10
7103,0.001953125,9
7104,0.0009765625,10
7105,0.0009765625,10
7106,0.0009765625,10
7107,0.0009765625,10
7108,0.001953125,9
7109,0.0009765625,10
7110,0.0009765625,10
7111,0.0009765625,10
7112,0.001953125,9
7113,0.0009765625,10
7114,0.0009765625,10
7115,0.0009765625,10
7116,0.001953125,9
7117,0.0009765625,10
7118,0.0009765625,10
7119,0.0009765625,10
7120,0.0009765625,10
7121,0.001953125,9
7122,0.0009765625,10
7123,0.0009765625,10
7124,0.0009765625,10
7125,0.001953125,9
7126,0.0009765625,10
7127,0.0009765625,10
7128,0.0009765625,10
7129,0.001953125,9
7130,0.0009765625,10
7131,0.0009765625,10
7132,0.0009765625,10
7133,0.0009765625,10
7134,0.001953125,9
7135,0.0009765625,10
7136,0.0009765625,10
7137,0.0009765625,10
7138,0.001953125,9
7139,0.0009765625,10
7140,0.0009765625,10
7141,0.0009765625,10
7142,0.001953125,9
7143,0.0009765625,10
7144,0.0009765625,10
7145,0.0009765625,10
7146,0.0009765625,10
7147,0.001953125,9
7148,0.0009765625,10
7149,0.0009765625,10
7150,0.0009765625,10
7151,0.001953125,9
7152,0.0009765625,10
7153,0.0009765625,10
7154,0.0009765625,10
7155,0.001953125,9
7156,0.0009765625,10
7157,0.0009765625,10
7158,0.0009765625,10
7159,0.0009765625,10
7160,0.001953125,9
7161,0.0009765625,10
7162,0.0009765625,10
7163,0.0009765625,10
7164,0.001953125,9
7165,0.0009765625,10
7166,0.0009765625,10
7167,0.0009765625,10
7168,0.001953125,9
7169,0.0009765625,10
7170,0.0009765625,10
7171,0.0009765625,10
7172,0.0009765625,10
7173,0.001953125,9
7174,0.0009765625,10
7175,0.0009765625,10
7176,0.0009765625,10
7177,0.001953125,9
7178,0.0009765625,10
7179,0.0009765625,10
7180,0.0009765625,10
7181,0.001953125,9
7182,0.0009765625,10
7183,0.0009765625,10
7184,0.0009765625,10
7185,0.0009765625,10
7186,0.001953125,9
7187,0.0009765625,10
7188,0.0009765625,10
7189,0.0009765625,10
7190,0.001953125,9
7191,0.0009765625,10
7192,0.0009765625,10
7193,0.0009765625,10
7194,0.001953125,9
7195,0.0009765625,10
7196,0.0009765625,10
7197,0.0009765625,10
7198,0.0009765625,10
7199,0.001953125,9
7200,0.0009765625,10
7201,0.0009765625,10
7202,0.0009765625,10
7203,0.001953125,9
7204,0.0009765625,10
7205,0.0009765625,10
7206,0.0009765625,10
7207,0.001953125,9
7208,0.0009765625,10
7209,0.0009765625,10
7210,0.0009765625,10
7211,0.0009765625,10
7212,0.001953125,9
7213,0.0009765625,10
7214,0.0009765625,10
7215,0.0009765625,10
7216,0.001953125,9
7217,0.0009765625,10
7218,0.0009765625,10
7219,0.0009765625,10
7220,0.001953125,9
7221,0.0009765625,10
7222,0.0009765625,10
7223,0.0009765625,10
7224,0.0009765625,10
7225,0.001953125,9
7226,0.0009765625,10
7227,0.0009765625,10
7228,0.0009765625,10
7229,0.001953125,9
7230,0.0009765625,10
7231,0.0009765625,10
7232,0.0009765625,10
7233,0.001953125,9
7234,0.0009765625,10
7235,0.0009765625,10
7236,0.0009765625,10
7237,0.0009765625,10
7238,0.001953125,9
7239,0.0009765625,10
7240,0.0009765625,10
7241,0.0009765625,10
7242,0.001953125,9
7243,0.0009765625,10
7244,0.0009765625,10
7245,0.0009765625,10
7246,0.001953125,9
7247,0.0009765625,10
7248,0.0009765625,10
7249,0.0009765625,10
7250,0.0009765625,10
7251,0.001953125,9
7252,0.0009765625,10
7253,0.0009765625,10
7254,0.0009765625,10
7255,0.001953125,9
7256,0.0009765625,10
7257,0.0009765625,10
7258,0.0009765625,10
7259,0.001953125,9
7260,0.0009765625,10
7261,0.0009765625,10
7262,0.0009765625,10
7263,0.0009765625,10
7264,0.001953125,9
7265,0.0009765625,10
7266,0.0009765625,10
7267,0.0009765625,10
7268,0.001953125,9
7269,0.0009765625,10
7270,0.0009765625,10
7271,0.0009765625,10
7272,0.001953125,9
7273,0.0009765625,10
7274,0.0009765625,10
7275,0.0009765625,10
7276,0.0009765625,10
7277,0.001953125,9
7278,0.0009765625,10
7279,0.0009765625,10
7280,0.0009765625,10
7281,0.001953125,9
7282,0.0009765625,10
7283,0.0009765625,10
7284,0.0009765625,10
7285,0.001953125,9
7286,0.0009765625,10
7287,0.0009765625,10
7288,0.0009765625,10
7289,0.0009765625,10
7290,0.001953125,9
7291,0.0009765625,10
7292,0.0009765625,10
7293,0.0009765625,10
7294,0.001953125,9
7295,0.0009765625,10
7296,0.0009765625,10
7297,0.0009765625,10
7298,0.001953125,9
7299,0.0009765625,10
7300,0.0009765625,10
7301,0.0009765625,10
7302,0.0009765625,10
7303,0.001953125,9
7304,0.0009765625,10
7305,0.0009765625,10
7306,0.0009765625,10
7307,0.001953125,9
7308,0.0009765625,10
7309,0.0009765625,10
7310,0.0009765625,10
7311,0.001953125,9
7312,0.0009765625,10
7313,0.0009765625,10
7314,0.0009765625,10
7315,0.0009765625,10
7316,0.001953125,9
7317,0.0009765625,10
7318,0.0009765625,10
7319,0.0009765625,10
7320,0.001953125,9
7321,0.0009765625,10
7322,0.0009765625,10
7323,0.0009765625,10
7324,0.001953125,9
7325,0.0009765625,10
7326,0.0009765625,10
7327,0.0009765625,10
7328,0.0009765625,10
7329,0.001953125,9
7330,0.0009765625,10
7331,0.0009765625,10
7332,0.0009765625,10
7333,0.001953125,9
7334,0.0009765625,10
7335,0.0009765625,10
7336,0.0009765625,10
7337,0.0009765625,10
7338,0.001953125,9
7339,0.0009765625,10
7340,0.0009765625,10
7341,0.0009765625,10
7342,0.001953125,9
7343,0.0009765625,10
7344,0.0009765625,10
7345,0.0009765625,10
7346,0.001953125,9
7347,0.0009765625,10
7348,0.0009765625,10
7349,0.0009765625,10
7350,0.0009765625,10
7351,0.001953125,9
7352,0.0009765625,10
7353,0.0009765625,10
7354,0.0009765625,10
7355,0.001953125,9
7356,0.0009765625,10
7357,0.0009765625,10
7358,0.0009765625,10
7359,0.001953125,9
7360,0.0009765625,10
7361,0.0009765625,10
7362,0.0009765625,10
7363,0.0009765625,10
7364,0.001953125,9
7365,0.0009765625,10
7366,0.0009765625,10
7367,0.0009765625,10
7368,0.001953125,9
7369,0.0009765625,10
7370,0.0009765625,10
7371,0.0009765625,10
7372,0.001953125,9
7373,0.0009765625,10
7374,0.0009765625,10
7375,0.0009765625,10
7376,0.0009765625,10
7377,0.001953125,9
7378,0.0009765625,10
7379,0.0009765625,10
7380,0.0009765625,10
7381,0.001953125,9
7382,0.0009765625,10
7383,0.0009765625,10
7384,0.0009765625,10
7385,0.001953125,9
7386,0.0009765625,10
7387,0.0009765625,10
7388,0.0009765625,10
7389,0.0009765625,10
7390,0.001953125,9
7391,0.0009765625,10
7392,0.0009765625,10
7393,0.0009765625,10
7394,0.001953125,9
7395,0.0009765625,10
7396,0.0009765625,10
7397,0.0009765625,10
7398,0.001953125,9
7399,0.0009765625,10
7400,0.0009765625,10
7401,0.0009765625,10
7402,0.0009765625,10
7403,0.001953125,9
7404,0.0009765625,10
7405,0.0009765625,10
7406,0.0009765625,10
7407,0.001953125,9
7408,0.0009765625,10
7409,0.0009765625,10
7410,0.0009765625,10
7411,0.001953125,9
7412,0.0009765625,10
7413,0.0009765625,10
7414,0.0009765625,10
7415,0.0009765625,10
7416,0.001953125,9
7417,0.0009765625,10
7418,0.0009765625,10
7419,0.0009765625,10
7420,0.001953125,9
7421,0.0009765625,10
7422,0.0009765625,10
7423,0.0009765625,10
7424,0.001953125,9
7425,0.0009765625,10
7426,0.0009765625,10
7427,0.0009765625,10
7428,0.0009765625,10
7429,0.001953125,9
7430,0.0009765625,10
7431,0.0009765625,10
7432,0.0009765625,10
7433,0.001953125,9
7434,0.0009765625,10
7435,0.0009765625,10
7436,0.0009765625,10
7437,0.001953125,9
7438,0.0009765625,10
7439,0.0009765625,10
7440,0.0009765625,10
7441,0.0009765625,10
7442,0.001953125,9
7443,0.0009765625,10
7444,0.0009765625,10
7445,0.0009765625,10
7446,0.001953125,9
7447,0.0009765625,10
7448,0.0009765625,10
7449,0.0009765625,10
7450,0.001953125,9
7451,0.0009765625,10
7452,0.0009765625,10
7453,0.0009765625,10
7454,0.0009765625,10
7455,0.001953125,9
7456,0.0009765625,10
7457,0.0009765625,10
7458,0.0009765625,10
7459,0.001953125,9
7460,0.0009765625,10
7461,0.0009765625,10
7462,0.0009765625,10
7463,0.001953125,9
7464,0.0009765625,10
7465,0.0009765625,10
7466,0.0009765625,10
7467,0.0009765625,10
7468,0.001953125,9
7469,0.0009765625,10
7470,0.0009765625,10
7471,0.0009765625,10
7472,0.001953125,9
7473,0.0009765625,10
7474,0.0009765625,10
7475,0.0009765625,10
7476,0.001953125,9
7477,0.0009765625,10
7478,0.0009765625,10
7479,0.0009765625,10
7480,0.0009765625,10
7481,0.001953125,9
7482,0.0009765625,10
7483,0.0009765625,10
7484,0.0009765625,10
7485,0.001953125,9
7486,0.0009765625,10
7487,0.0009765625,10
7488,0.0009765625,10
7489,0.001953125,9
7490,0.0009765625,10
7491,0.0009765625,10
7492,0.0009765625,10
7493,0.0009765625,10
7494,0.001953125,9
7495,0.0009765625,10
7496,0.0009765625,10
7497,0.0009765625,10
7498,0.001953125,9
7499,0.0009765625,10
7500,0.0009765625,10
7501,0.0009765625,10
7502,0.001953125,9
7503,0.0009765625,10
7504,0.0009765625,10
7505,0.0009765625,10
7506,0.0009765625,10
7507,0.001953125,9
7508,0.0009765625,10
7509,0.0009765625,10
7510,0.0009765625,10
7511,0.001953125,9
7512,0.0009765625,10
7513,0.0009765625,10
7514,0.0009765625,10
7515,0.001953125,9
7516,0.0009765625,10
7517,0.0009765625,10
7518,0.0009765625,10
7519,0.0009765625,10
7520,0.001953125,9
7521,0.0009765625,10
7522,0.0009765625,10
7523,0.0009765625,10
7524,0.001953125,9
7525,0.0009765625,10
7526,0.0009765625,10
7527,0.0009765625,10
7528,0.001953125,9
7529,0.0009765625,10
7530,0.0009765625,10
7531,0.0009765625,10
7532,0.0009765625,10
7533,0.001953125,9
7534,0.0009765625,10
7535,0.0009765625,10
7536,0.0009765625,10
7537,0.001953125,9
7538,0.0009765625,10
7539,0.0009765625,10
7540,0.0009765625,10
7541,0.001953125,9
7542,0.0009765625,10
7543,0.0009765625,10
7544,0.0009765625,10
7545,0.0009765625,10
7546,0.001953125,9
7547,0.0009765625,10
7548,0.0009765625,10
7549,0.0009765625,10
7550,0.001953125,9
7551,0.0009765625,10
7552,0.0009765625,10
7553,0.0009765625,10
7554,0.001953125,9
7555,0.0009765625,10
7556,0.0009765625,10
7557,0.0009765625,10
7558,0.0009765625,10
7559,0.001953125,9
7560,0.0009765625,10
7561,0.0009765625,10
7562,0.0009765625,10
7563,0.001953125,9
7564,0.0009765625,10
7565,0.0009765625,10
7566,0.0009765625,10
7567,0.001953125,9
7568,0.0009765625,10
7569,0.0009765625,10
7570,0.0009765625,10
7571,0.0009765625,10
7572,0.001953125,9
7573,0.0009765625,10
7574,0.0009765625,10
7575,0.0009765625,10
7576,0.001953125,9
7577,0.0009765625,10
7578,0.0009765625,10
7579,0.0009765625,10
7580,0.001953125,9
7581,0.0009765625,10
7582,0.0009765625,10
7583,0.0009765625,10
7584,0.0009765625,10
7585,0.001953125,9
7586,0.0009765625,10
7587,0.0009765625,10
7588,0.0009765625,10
7589,0.001953125,9
7590,0.0009765625,10
7591,0.0009765625,10
7592,0.0009765625,10
7593,0.001953125,9
7594,0.0009765625,10
7595,0.0009765625,10
7596,0.0009765625,10
7597,0.0009765625,10
7598,0.001953125,9
7599,0.0009765625,10
7600,0.0009765625,10
7601,0.0009765625,10
7602,0.001953125,9
7603,0.0009765625,10
7604,0.0009765625,10
7605,0.0009765625,10
7606,0.001953125,9
7607,0.0009765625,10
7608,0.0009765625,10
7609,0.0009765625,10
7610,0.0009765625,10
7611,0.001953125,9
7612,0.0009765625,10
7613,0.0009765625,10
7614,0.0009765625,10
7615,0.001953125,9
7616,0.0009765625,10
7617,0.0009765625,10
7618,0.0009765625,10
7619,0.001953125,9
7620,0.0009765625,10
7621,0.0009765625,10
7622,0.0009765625,10
7623,0.0009765625,10
7624,0.001953125,9
7625,0.0009765625,10
7626,0.0009765625,10
7627,0.0009765625,10
7628,0.001953125,9
7629,0.0009765625,10
7630,0.0009765625,10
7631,0.0009765625,10
7632,0.001953125,9
7633,0.0009765625,10
7634,0.0009765625,10
7635,0.0009765625,10
7636,0.0009765625,10
7637,0.001953125,9
7638,0.0009765625,10
7639,0.0009765625,10
7640,0.0009765625,10
7641,0.001953125,9
7642,0.0009765625,10
7643,0.0009765625,10
7644,0.0009765625,10
7645,0.001953125,9
7646,0.0009765625,10
7647,0.0009765625,10
7648,0.0009765625,10
7649,0.0009765625,10
7650,0.001953125,9
7651,0.0009765625,10
7652,0.0009765625,10
7653,0.0009765625,10
7654,0.001953125,9
7655,0.0009765625,10
7656,0.0009765625,10
7657,0.0009765625,10
7658,0.001953125,9
7659,0.0009765625,10
7660,0.0009765625,10
7661,0.0009765625,10
7662,0.0009765625,10
7663,0.001953125,9
7664,0.0009765625,10
7665,0.0009765625,10
7666,0.0009765625,10
7667,0.001953125,9
7668,0.0009765625,10
7669,0.0009765625,10
7670,0.0009765625,10
7671,0.001953125,9
7672,0.0009765625,10
7673,0.0009765625,10
7674,0.0009765625,10
7675,0.0009765625,10
7676,0.001953125,9
7677,0.0009765625,10
7678,0.0009765625,10
7679,0.0009765625,10
7680,0.001953125,9
7681,0.0009765625,10
7682,0.0009765625,10
7683,0.0009765625,10
7684,0.001953125,9
7685,0.0009765625,10
7686,0.0009765625,10
7687,0.0009765625,10
7688,0.0009765625,10
7689,0.001953125,9
7690,0.0009765625,10
7691,0.0009765625,10
7692,0.0009765625,10
7693,0.001953125,9
7694,0.0009765625,10
7695,0.0009765625,10
7696,0.0009765625,10
7697,0.001953125,9
7698,0.0009765625,10
7699,0.0009765625,10
7700,0.0009765625,10
7701,0.0009765625,10
7702,0.001953125,9
7703,0.0009765625,10
7704,0.0009765625,10
7705,0.0009765625,10
7706,0.001953125,9
7707,0.0009765625,10
7708,0.0009765625,10
7709,0.0009765625,10
7710,0.001953125,9
7711,0.0009765625,10
7712,0.0009765625,10
7713,0.0009765625,10
7714,0.0009765625,10
7715,0.001953125,9
7716,0.0009765625,10
7717,0.0009765625,10
7718,0.0009765625,10
7719,0.001953125,9
7720,0.0009765625,10
7721,0.0009765625,10
7722,0.0009765625,10
7723,0.001953125,9
7724,0.0009765625,10
7725,0.0009765625,10
7726,0.0009765625,10
7727,0.0009765625,10
7728,0.001953125,9
7729,0.0009765625,10
7730,0.0009765625,10
7731,0.0009765625,10
7732,0.001953125,9
7733,0.0009765625,10
7734,0.0009765625,10
7735,0.0009765625,10
7736,0.0009765625,10
7737,0.001953125,9
7738,0.0009765625,10
7739,0.0009765625,10
7740,0.0009765625,10
7741,0.001953125,9
7742,0.0009765625,10
7743,0.0009765625,10
7744,0.0009765625,10
7745,0.001953125,9
7746,0.0009765625,10
7747,0.0009765625,10
7748,0.0009765625,10
7749,0.0009765625,10
7750,0.001953125,9
7751,0.0009765625,10
7752,0.0009765625,10
7753,0.0009765625,10
7754,0.001953125,9
7755,0.0009765625,10
7756,0.0009765625,10
7757,0.0009765625,10
7758,0.001953125,9
7759,0.0009765625,10
7760,0.0009765625,10
7761,0.0009765625,10
7762,0.0009765625,10
7763,0.001953125,9
7764,0.0009765625,10
7765,0.0009765625,10
7766,0.0009765625,10
7767,0.001953125,9
7768,0.0009765625,10
7769,0.0009765625,10
7770,0.0009765625,10
7771,0.001953125,9
7772,0.0009765625,10
7773,0.0009765625,10
7774,0.0009765625,10
7775,0.0009765625,10
7776,0.001953125,9
7777,0.0009765625,10
7778,0.0009765625,10
7779,0.0009765625,10
7780,0.001953125,9
7781,0.0009765625,10
7782,0.0009765625,10
7783,0.0009765625,10
7784,0.001953125,9
7785,0.0009765625,10
7786,0.0009765625,10
7787,0.0009765625,10
7788,0.0009765625,10
7789,0.001953125,9
7790,0.0009765625,10
7791,0.0009765625,10
7792,0.0009765625,10
7793,0.001953125,9
7794,0.0009765625,10
7795,0.0009765625,10
7796,0.0009765625,10
7797,0.001953125,9
7798,0.0009765625,10
7799,0.0009765625,10
7800,0.0009765625,10
7801,0.0009765625,10
7802,0.001953125,9
7803,0.0009765625,10
7804,0.0009765625,10
7805,0.0009765625,10
7806,0.001953125,9
7807,0.0009765625,10
7808,0.0009765625,10
7809,0.0009765625,10
7810,0.001953125,9
7811,0.0009765625,10
7812,0.0009765625,10
7813,0.0009765625,10
7814,0.0009765625,10
7815,0.001953125,9
7816,0.0009765625,10
7817,0.0009765625,10
7818,0.0009765625,10
7819,0.001953125,9
7820,0.0009765625,10
7821,0.0009765625,10
7822,0.0009765625,10
7823,0.001953125,9
7824,0.0009765625,10
7825,0.0009765625,10
7826,0.0009765625,10
7827,0.0009765625,10
7828,0.001953125,9
7829,0.0009765625,10
7830,0.0009765625,10
7831,0.0009765625,10
7832,0.001953125,9
7833,0.0009765625,10
7834,0.0009765625,10
7835,0.0009765625,10
7836,0.001953125,9
7837,0.0009765625,10
7838,0.0009765625,10
7839,0.0009765625,10
7840,0.0009765625,10
7841,0.001953125,9
7842,0.0009765625,10
7843,0.0009765625,10
7844,0.0009765625,10
7845,0.001953125,9
7846,0.0009765625,10
7847,0.0009765625,10
7848,0.0009765625,10
7849,0.001953125,9
7850,0.0009765625,10
7851,0.0009765625,10
7852,0.0009765625,10
7853,0.0009765625,10
7854,0.001953125,9
7855,0.0009765625,10
7856,0.0009765625,10
7857,0.0009765625,10
7858,0.001953125,9
7859,0.0009765625,10
7860,0.0009765625,10
7861,0.0009765625,10
7862,0.001953125,9
7863,0.0009765625,10
7864,0.0009765625,10
7865,0.0009765625,10
7866,0.0009765625,10
7867,0.001953125,9
7868,0.0009765625,10
7869,0.0009765625,10
7870,0.0009765625,10
7871,0.001953125,9
7872,0.0009765625,10
7873,0.0009765625,10
7874,0.0009765625,10
7875,0.001953125,9
7876,0.0009765625,10
7877,0.0009765625,10
7878,0.0009765625,10
7879,0.0009765625,10
7880,0.001953125,9
7881,0.0009765625,10
7882,0.0009765625,10
7883,0.0009765625,10
7884,0.001953125,9
7885,0.0009765625,10
7886,0.0009765625,10
7887,0.0009765625,10
7888,0.001953125,9
7889,0.0009765625,10
7890,0.0009765625,10
7891,0.0009765625,10
7892,0.0009765625,10
7893,0.001953125,9
7894,0.0009765625,10
7895,0.0009765625,10
7896,0.0009765625,10
7897,0.001953125,9
7898,0.0009765625,10
7899,0.0009765625,10
7900,0.0009765625,10
7901,0.001953125,9
7902,0.0009765625,10
7903,0.0009765625,10
7904,0.0009765625,10
7905,0.0009765625,10
7906,0.001953125,9
7907,0.0009765625,10
7908,0.0009765625,10
7909,0.0009765625,10
7910,0.001953125,9
7911,0.0009765625,10
7912,0.0009765625,10
7913,0.0009765625,10
7914,0.001953125,9
7915,0.0009765625,10
7916,0.0009765625,10
7917,0.0009765625,10
7918,0.0009765625,10
7919,0.001953125,9
7920,0.0009765625,10
7921,0.0009765625,10
7922,0.0009765625,10
7923,0.001953125,9
7924,0.0009765625,10
7925,0.0009765625,10
7926,0.0009765625,10
7927,0.001953125,9
7928,0.0009765625,10
7929,0.0009765625,10
7930,0.0009765625,10
7931,0.0009765625,10
7932,0.001953125,9
7933,0.0009765625,10
7934,0.0009765625,10
7935,0.0009765625,10
7936,0.001953125,9
7937,0.0009765625,10
7938,0.0009765625,10
7939,0.0009765625,10
7940,0.001953125,9
7941,0.0009765625,10
7942,0.0009765625,10
7943,0.0009765625,10
7944,0.0009765625,10
7945,0.001953125,9
7946,0.0009765625,10
7947,0.0009765625,10
7948,0.0009765625,10
7949,0.001953125,9
7950,0.0009765625,10
7951,0.0009765625,10
7952,0.0009765625,10
7953,0.001953125,9
7954,0.0009765625,10
7955,0.0009765625,10
7956,0.0009765625,10
7957,0.0009765625,10
7958,0.001953125,9
7959,0.0009765625,10
7960,0.0009765625,10
7961,0.0009765625,10
7962,0.001953125,9
7963,0.0009765625,10
7964,0.0009765625,10
7965,0.0009765625,10
7966,0.001953125,9
7967,0.0009765625,10
7968,0.0009765625,10
7969,0.0009765625,10
7970,0.0009765625,10
7971,0.001953125,9
7972,0.0009765625,10
7973,0.0009765625,10
7974,0.0009765625,10
7975,0.001953125,9
7976,0.0009765625,10
7977,0.0009765625,10
7978,0.0009765625,10
7979,0.001953125,9
7980,0.0009765625,10
7981,0.0009765625,10
7982,0.0009765625,10
7983,0.0009765625,10
7984,0.001953125,9
7985,0.0009765625,10
7986,0.0009765625,10
7987,0.0009765625,10
7988,0.001953125,9
7989,0.0009765625,10
7990,0.0009765625,10
7991,0.0009765625,10
7992,0.0009765625,10
7993,0.001953125,9
7994,0.0009765625,10
7995,0.0009765625,10
7996,0.0009765625,10
7997,0.001953125,9
7998,0.0009765625,10
7999,0.0009765625,10
8000,0.0009765625,10
8001,0.001953125,9
8002,0.0009765625,10
8003,0.0009765625,10
8004,0.0009765625,10
8005,0.0009765625,10
8006,0.001953125,9
8007,0.0009765625,10
8008,0.0009765625,10
8009,0.0009765625,10
8010,0.001953125,9
8011,0.0009765625,10
8012,0.0009765625,10
8013,0.0009765625,10
8014,0.001953125,9
8015,0.0009765625,10
8016,0.0009765625,10
8017,0.0009765625,10
8018,0.0009765625,10
8019,0.001953125,9
8020,0.0009765625,10
8021,0.0009765625,10
8022,0.0009765625,10
8023,0.001953125,9
8024,0.0009765625,10
8025,0.0009765625,10
8026,0.0009765625,10
8027,0.001953125,9
8028,0.0009765625,10
8029,0.0009765625,10
8030,0.0009765625,10
8031,0.0009765625,10
8032,0.001953125,9
8033,0.0009765625,10
8034,0.0009765625,10
8035,0.0009765625,10
8036,0.001953125,9
8037,0.0009765625,10
8038,0.0009765625,10
8039,0.0009765625,10
8040,0.001953125,9
8041,0.0009765625,10
8042,0.0009765625,10
8043,0.0009765625,10
8044,0.0009765625,10
8045,0.001953125,9
8046,0.0009765625,10
8047,0.0009765625,10
8048,0.0009765625,10
8049,0.001953125,9
8050,0.0009765625,10
8051,0.0009765625,10
8052,0.0009765625,10
8053,0.001953125,9
8054,0.0009765625,10
8055,0.0009765625,10
8056,0.0009765625,10
8057,0.0009765625,10
8058,0.001953125,9
8059,0.0009765625,10
8060,0.0009765625,10
8061,0.0009765625,10
8062,0.001953125,9
8063,0.0009765625,10
8064,0.0009765625,10
8065,0.0009765625,10
8066,0.001953125,9
8067,0.0009765625,10
8068,0.0009765625,10
8069,0.0009765625,10
8070,0.0009765625,10
8071,0.001953125,9
8072,0.0009765625,10
8073,0.0009765625,10
8074,0.0009765625,10
8075,0.001953125,9
8076,0.0009765625,10
8077,0.0009765625,10
8078,0.0009765625,10
8079,0.001953125,9
8080,0.0009765625,10
8081,0.0009765625,10
8082,0.0009765625,10
8083,0.0009765625,10
8084,0.001953125,9
8085,0.0009765625,10
8086,0.0009765625,10
8087,0.0009765625,10
8088,0.001953125,9
8089,0.0009765625,10
8090,0.0009765625,10
8091,0.0009765625,10
8092,0.001953125,9
8093,0.0009765625,10
8094,0.0009765625,10
8095,0.0009765625,10
8096,0.0009765625,10
8097,0.001953125,9
8098,0.0009765625,10
8099,0.0009765625,10
8100,0.0009765625,10
8101,0.001953125,9
8102,0.0009765625,10
8103,0.0009765625,10
8104,0.0009765625,10
8105,0.001953125,9
8106,0.0009765625,10
8107,0.0009765625,10
8108,0.0009765625,10
8109,0.0009765625,10
8110,0.001953125,9
8111,0.0009765625,10
8112,0.0009765625,10
8113,0.0009765625,10
8114,0.001953125,9
8115,0.0009765625,10
8116,0.0009765625,10
8117,0.0009765625,10
8118,0.001953125,9
8119,0.0009765625,10
8120,0.0009765625,10
8121,0.0009765625,10
8122,0.0009765625,10
8123,0.001953125,9
8124,0.0009765625,10
8125,0.0009765625,10
8126,0.0009765625,10
8127,0.001953125,9
8128,0.0009765625,10
8129,0.0009765625,10
8130,0.0009765625,10
8131,0.001953125,9
8132,0.0009765625,10
8133,0.0009765625,10
8134,0.0009765625,10
8135,0.0009765625,10
8136,0.001953125,9
8137,0.0009765625,10
8138,0.0009765625,10
8139,0.0009765625,10
8140,0.001953125,9
8141,0.0009765625,10
8142,0.0009765625,10
8143,0.0009765625,10
8144,0.001953125,9
8145,0.0009765625,10
8146,0.0009765625,10
8147,0.0009765625,10
8148,0.0009765625,10
8149,0.001953125,9
8150,0.0009765625,10
8151,0.0009765625,10
8152,0.0009765625,10
8153,0.001953125,9
8154,0.0009765625,10
8155,0.0009765625,10
8156,0.0009765625,10
8157,0.001953125,9
8158,0.0009765625,10
8159,0.0009765625,10
8160,0.0009765625,10
8161,0.0009765625,10
8162,0.001953125,9
8163,0.0009765625,10
8164,0.0009765625,10
8165,0.0009765625,10
8166,0.001953125,9
8167,0.0009765625,10
8168,0.0009765625,10
8169,0.0009765625,10
8170,0.001953125,9
8171,0.0009765625,10
8172,0.0009765625,10
8173,0.0009765625,10
8174,0.0009765625,10
8175,0.001953125,9
8176,0.0009765625,10
8177,0.0009765625,10
8178,0.0009765625,10
8179,0.001953125,9
8180,0.0009765625,10
8181,0.0009765625,10
8182,0.0009765625,10
8183,0.001953125,9
8184,0.0009765625,10
8185,0.0009765625,10
8186,0.0009765625,10
8187,0.0009765625,10
8188,0.001953125,9
8189,0.0009765625,10
8190,0.0009765625,10
8191,0.0009765625,10
8192,0.001953125,9
8193,0.0009765625,10
8194,0.0009765625,10
8195,0.0009765625,10
8196,0.0009765625,10
8197,0.001953125,9
8198,0.0009765625,10
8199,0.0009765625,10
8200,0.0009765625,10
8201,0.001953125,9
8202,0.0009765625,10
8203,0.0009765625,10
8204,0.0009765625,10
8205,0.001953125,9
8206,0.0009765625,10
8207,0.0009765625,10
8208,0.0009765625,10
8209,0.0009765625,10
8210,0.001953125,9
8211,0.0009765625,10
8212,0.0009765625,10
8213,0.0009765625,10
8214,0.001953125,9
8215,0.0009765625,10
8216,0.0009765625,10
8217,0.0009765625,10
8218,0.001953125,9
8219,0.0009765625,10
8220,0.0009765625,10
8221,0.0009765625,10
8222,0.0009765625,10
8223,0.001953125,9
8224,0.0009765625,10
8225,0.0009765625,10
8226,0.0009765625,10
8227,0.001953125,9
8228,0.0009765625,10
8229,0.0009765625,10
8230,0.0009765625,10
8231,0.001953125,9
8232,0.0009765625,10
8233,0.0009765625,10
8234,0.0009765625,10
8235,0.0009765625,10
8236,0.001953125,9
8237,0.0009765625,10
8238,0.0009765625,10
8239,0.0009765625,10
8240,0.001953125,9
8241,0.0009765625,10
8242,0.0009765625,10
8243,0.0009765625,10
8244,0.001953125,9
8245,0.0009765625,10
8246,0.0009765625,10
8247,0.0009765625,10
8248,0.0009765625,10
8249,0.001953125,9
8250,0.0009765625,10
8251,0.0009765625,10
8252,0.0009765625,10
8253,0.001953125,9
8254,0.0009765625,10
8255,0.0009765625,10
8256,0.0009765625,10
8257,0.001953125,9
8258,0.0009765625,10
8259,0.0009765625,10
8260,0.0009765625,10
8261,0.0009765625,10
8262,0.001953125,9
8263,0.0009765625,10
8264,0.0009765625,10
8265,0.0009765625,10
8266,0.001953125,9
8267,0.0009765625,10
8268,0.0009765625,10
8269,0.0009765625,10
8270,0.001953125,9
8271,0.0009765625,10
8272,0.0009765625,10
8273,0.0009765625,10
8274,0.0009765625,10
8275,0.001953125,9
8276,0.0009765625,10
8277,0.0009765625,10
8278,0.0009765625,10
8279,0.001953125,9
8280,0.0009765625,10
8281,0.0009765625,10
8282,0.0009765625,10
8283,0.001953125,9
8284,0.0009765625,10
8285,0.0009765625,10
8286,0.0009765625,10
8287,0.0009765625,10
8288,0.001953125,9
8289,0.0009765625,10
8290,0.0009765625,10
8291,0.0009765625,10
8292,0.001953125,9
8293,0.0009765625,10
8294,0.0009765625,10
8295,0.0009765625,10
8296,0.001953125,9
8297,0.0009765625,10
8298,0.0009765625,10
8299,0.0009765625,10
8300,0.0009765625,10
8301,0.001953125,9
8302,0.0009765625,10
8303,0.0009765625,10
8304,0.0009765625,10
8305,0.001953125,9
8306,0.0009765625,10
8307,0.0009765625,10
8308,0.0009765625,10
8309,0.001953125,9
8310,0.0009765625,10
8311,0.0009765625,10
8312,0.0009765625,10
8313,0.0009765625,10
8314,0.001953125,9
8315,0.0009765625,10
8316,0.0009765625,10
8317,0.0009765625,10
8318,0.001953125,9
8319,0.0009765625,10
8320,0.0009765625,10
8321,0.0009765625,10
8322,0.001953125,9
8323,0.0009765625,10
8324,0.0009765625,10
8325,0.0009765625,10
8326,0.0009765625,10
8327,0.001953125,9
8328,0.0009765625,10
8329,0.0009765625,10
8330,0.0009765625,10
8331,0.001953125,9
8332,0.0009765625,10
8333,0.0009765625,10
8334,0.0009765625,10
8335,0.001953125,9
8336,0.0009765625,10
8337,0.0009765625,10
8338,0.0009765625,10
8339,0.0009765625,10
8340,0.001953125,9
8341,0.0009765625,10
8342,0.0009765625,10
8343,0.0009765625,10
8344,0.001953125,9
8345,0.0009765625,10
8346,0.0009765625,10
8347,0.0009765625,10
8348,0.001953125,9
8349,0.0009765625,10
8350,0.0009765625,10
8351,0.0009765625,10
8352,0.0009765625,10
8353,0.001953125,9
8354,0.0009765625,10
8355,0.0009765625,10
8356,0.0009765625,10
8357,0.001953125,9
8358,0.0009765625,10
8359,0.0009765625,10
8360,0.0009765625,10
8361,0.001953125,9
8362,0.0009765625,10
8363,0.0009765625,10
8364,0.0009765625,10
8365,0.0009765625,10
8366,0.001953125,9
8367,0.0009765625,10
8368,0.0009765625,10
8369,0.0009765625,10
8370,0.001953125,9
8371,0.0009765625,10
8372,0.0009765625,10
8373,0.0009765625,10
8374,0.0009765625,10
8375,0.001953125,9
8376,0.0009765625,10
8377,0.0009765625,10
8378,0.0009765625,10
8379,0.001953125,9
8380,0.0009765625,10
8381,0.0009765625,10
8382,0.0009765625,10
8383,0.001953125,9
8384,0.0009765625,10
8385,0.0009765625,10
8386,0.0009765625,10
8387,0.0009765625,10
8388,0.001953125,9
8389,0.0009765625,10
8390,0.0009765625,10
8391,0.0009765625,10
8392,0.001953125,9
8393,0.0009765625,10
8394,0.0009765625,10
8395,0.0009765625,10
8396,0.001953125,9
8397,0.0009765625,10
8398,0.0009765625,10
8399,0.0009765625,10
8400,0.0009765625,10
8401,0.001953125,9
8402,0.0009765625,10
8403,0.0009765625,10
8404,0.0009765625,10
8405,0.001953125,9
8406,0.0009765625,10
8407,0.0009765625,10
8408,0.0009765625,10
8409,0.001953125,9
8410,0.0009765625,10
8411,0.0009765625,10
8412,0.0009765625,10
8413,0.0009765625,10
8414,0.001953125,9
8415,0.0009765625,10
8416,0.0009765625,10
8417,0.0009765625,10
8418,0.001953125,9
8419,0.0009765625,10
8420,0.0009765625,10
8421,0.0009765625,10
8422,0.001953125,9
8423,0.0009765625,10
8424,0.0009765625,10
8425,0.0009765625,10
8426,0.0009765625,10
8427,0.001953125,9
8428,0.0009765625,10
8429,0.0009765625,10
8430,0.0009765625,10
8431,0.001953125,9
8432,0.0009765625,10
8433,0.0009765625,10
8434,0.0009765625,10
8435,0.001953125,9
8436,0.0009765625,10
8437,0.0009765625,10
8438,0.0009765625,10
8439,0.0009765625,10
8440,0.001953125,9
8441,0.0009765625,10
8442,0.0009765625,10
8443,0.0009765625,10
8444,0.001953125,9
8445,0.0009765625,10
8446,0.0009765625,10
8447,0.0009765625,10
8448,0.001953125,9
8449,0.0009765625,10
8450,0.0009765625,10
8451,0.0009765625,10
8452,0.0009765625,10
8453,0.001953125,9
8454,0.0009765625,10
8455,0.0009765625,10
8456,0.0009765625,10
8457,0.001953125,9
8458,0.0009765625,10
8459,0.0009765625,10
8460,0.0009765625,10
8461,0.001953125,9
8462,0.0009765625,10
8463,0.0009765625,10
8464,0.0009765625,10
8465,0.0009765625,10
8466,0.001953125,9
8467,0.0009765625,10
8468,0.0009765625,10
8469,0.0009765625,10
8470,0.001953125,9
8471,0.0009765625,10
8472,0.0009765625,10
8473,0.0009765625,10
8474,0.001953125,9
8475,0.0009765625,10
8476,0.0009765625,10
8477,0.0009765625,10
8478,0.0009765625,10
8479,0.001953125,9
8480,0.0009765625,10
8481,0.0009765625,10
8482,0.0009765625,10
8483,0.001953125,9
8484,0.0009765625,10
8485,0.0009765625,10
8486,0.0009765625,10
8487,0.001953125,9
8488,0.0009765625,10
8489,0.0009765625,10
8490,0.0009765625,10
8491,0.0009765625,10
8492,0.001953125,9
8493,0.0009765625,10
8494,0.0009765625,10
8495,0.0009765625,10
8496,0.001953125,9
8497,0.0009765625,10
8498,0.0009765625,10
8499,0.0009765625,10
8500,0.001953125,9
8501,0.0009765625,10
8502,0.0009765625,10
8503,0.0009765625,10
8504,0.0009765625,10
8505,0.001953125,9
8506,0.0009765625,10
8507,0.0009765625,10
8508,0.0009765625,10
8509,0.001953125,9
8510,0.0009765625,10
8511,0.0009765625,10
8512,0.0009765625,10
8513,0.001953125,9
8514,0.0009765625,10
8515,0.0009765625,10
8516,0.0009765625,10
8517,0.0009765625,10
8518,0.001953125,9
8519,0.0009765625,10
8520,0.0009765625,10
8521,0.0009765625,10
8522,0.001953125,9
8523,0.0009765625,10
8524,0.0009765625,10
8525,0.0009765625,10
8526,0.001953125,9
8527,0.0009765625,10
8528,0.0009765625,10
8529,0.0009765625,10
8530,0.0009765625,10
8531,0.001953125,9
8532,0.0009765625,10
8533,0.0009765625,10
8534,0.0009765625,10
8535,0.001953125,9
8536,0.0009765625,10
8537,0.0009765625,10
8538,0.0009765625,10
8539,0.0009765625,10
8540,0.001953125,9
8541,0.0009765625,10
8542,0.0009765625,10
8543,0.0009765625,10
8544,0.001953125,9
8545,0.0009765625,10
8546,0.0009765625,10
8547,0.0009765625,10
8548,0.001953125,9
8549,0.0009765625,10
8550,0.0009765625,10
8551,0.0009765625,10
8552,0.0009765625,10
8553,0.001953125,9
8554,0.0009765625,10
8555,0.0009765625,10
8556,0.0009765625,10
8557,0.001953125,9
8558,0.0009765625,10
8559,0.0009765625,10
8560,0.0009765625,10
8561,0.001953125,9
8562,0.0009765625,10
8563,0.0009765625,10
8564,0.0009765625,10
8565,0.0009765625,10
8566,0.001953125,9
8567,0.0009765625,10
8568,0.0009765625,10
8569,0.0009765625,10
8570,0.001953125,9
8571,0.0009765625,10
8572,0.0009765625,10
8573,0.0009765625,10
8574,0.001953125,9
8575,0.0009765625,10
8576,0.0009765625,10
8577,0.0009765625,10
8578,0.0009765625,10
8579,0.001953125,9
8580,0.0009765625,10
8581,0.0009765625,10
8582,0.0009765625,10
8583,0.001953125,9
8584,0.0009765625,10
8585,0.0009765625,10
8586,0.0009765625,10
8587,0.001953125,9
8588,0.0009765625,10
8589,0.0009765625,10
8590,0.0009765625,10
8591,0.0009765625,10
8592,0.001953125,9
8593,0.0009765625,10
8594,0.0009765625,10
8595,0.0009765625,10
8596,0.001953125,9
8597,0.0009765625,10
8598,0.0009765625,10
8599,0.0009765625,10
8600,0.001953125,9
8601,0.0009765625,10
8602,0.0009765625,10
8603,0.0009765625,10
8604,0.0009765625,10
8605,0.001953125,9
8606,0.0009765625,10
8607,0.0009765625,10
8608,0.0009765625,10
8609,0.001953125,9
8610,0.0009765625,10
8611,0.0009765625,10
8612,0.0009765625,10
8613,0.001953125,9
8614,0.0009765625,10
8615,0.0009765625,10
8616,0.0009765625,10
8617,0.0009765625,10
8618,0.001953125,9
8619,0.0009765625,10
8620,0.0009765625,10
8621,0.0009765625,10
8622,0.001953125,9
8623,0.0009765625,10
8624,0.0009765625,10
8625,0.0009765625,10
8626,0.001953125,9
8627,0.0009765625,10
8628,0.0009765625,10
8629,0.0009765625,10
8630,0.0009765625,10
8631,0.001953125,9
8632,0.0009765625,10
8633,0.0009765625,10
8634,0.0009765625,10
8635,0.001953125,9
8636,0.0009765625,10
8637,0.0009765625,10
8638,0.0009765625,10
8639,0.001953125,9
8640,0.0009765625,10
8641,0.0009765625,10
8642,0.0009765625,10
8643,0.0009765625,10
8644,0.001953125,9
8645,0.0009765625,10
8646,0.0009765625,10
8647,0.0009765625,10
8648,0.001953125,9
8649,0.0009765625,10
8650,0.0009765625,10
8651,0.0009765625,10
8652,0.001953125,9
8653,0.0009765625,10
8654,0.0009765625,10
8655,0.0009765625,10
8656,0.0009765625,10
8657,0.001953125,9
8658,0.0009765625,10
8659,0.0009765625,10
8660,0.0009765625,10
8661,0.001953125,9
8662,0.0009765625,10
8663,0.0009765625,10
8664,0.0009765625,10
8665,0.001953125,9
8666,0.0009765625,10
8667,0.0009765625,10
8668,0.0009765625,10
8669,0.0009765625,10
8670,0.001953125,9
8671,0.0009765625,10
8672,0.0009765625,10
8673,0.0009765625,10
8674,0.001953125,9
8675,0.0009765625,10
8676,0.0009765625,10
8677,0.0009765625,10
8678,0.001953125,9
8679,0.0009765625,10
8680,0.0009765625,10
8681,0.0009765625,10
8682,0.0009765625,10
8683,0.001953125,9
8684,0.0009765625,10
8685,0.0009765625,10
8686,0.0009765625,10
8687,0.001953125,9
8688,0.0009765625,10
8689,0.0009765625,10
8690,0.0009765625,10
8691,0.0009765625,10
8692,0.001953125,9
8693,0.0009765625,10
8694,0.0009765625,10
8695,0.0009765625,10
8696,0.001953125,9
8697,0.0009765625,10
8698,0.0009765625,10
8699,0.0009765625,10
8700,0.001953125,9
8701,0.0009765625,10
8702,0.0009765625,10
8703,0.0009765625,10
8704,0.0009765625,10
8705,0.001953125,9
8706,0.0009765625,10
8707,0.0009765625,10
8708,0.0009765625,10
8709,0.001953125,9
8710,0.0009765625,10
8711,0.0009765625,10
8712,0.0009765625,10
8713,0.001953125,9
8714,0.0009765625,10
8715,0.0009765625,10
8716,0.0009765625,10
8717,0.0009765625,10
8718,0.001953125,9
8719,0.0009765625,10
8720,0.0009765625,10
8721,0.0009765625,10
8722,0.001953125,9
8723,0.0009765625,10
8724,0.0009765625,10
8725,0.0009765625,10
8726,0.001953125,9
8727,0.0009765625,10
8728,0.0009765625,10
8729,0.0009765625,10
8730,0.0009765625,10
8731,0.001953125,9
8732,0.0009765625,10
8733,0.0009765625,10
8734,0.0009765625,10
8735,0.001953125,9
8736,0.0009765625,10
8737,0.0009765625,10
8738,0.0009765625,10
8739,0.001953125,9
8740,0.0009765625,10
8741,0.0009765625,10
8742,0.0009765625,10
8743,0.0009765625,10
8744,0.001953125,9
8745,0.0009765625,10
8746,0.0009765625,10
8747,0.0009765625,10
8748,0.001953125,9
8749,0.0009765625,10
8750,0.0009765625,10
8751,0.0009765625,10
8752,0.001953125,9
8753,0.0009765625,10
8754,0.0009765625,10
8755,0.0009765625,10
8756,0.0009765625,10
8757,0.001953125,9
8758,0.0009765625,10
8759,0.0009765625,10
8760,0.0009765625,10
8761,0.001953125,9
8762,0.0009765625,10
8763,0.0009765625,10
8764,0.0009765625,10
8765,0.001953125,9
8766,0.0009765625,10
8767,0.0009765625,10
8768,0.0009765625,10
8769,0.0009765625,10
8770,0.001953125,9
8771,0.0009765625,10
8772,0.0009765625,10
8773,0.0009765625,10
8774,0.001953125,9
8775,0.0009765625,10
8776,0.0009765625,10
8777,0.0009765625,10
8778,0.001953125,9
8779,0.0009765625,10
8780,0.0009765625,10
8781,0.0009765625,10
8782,0.0009765625,10
8783,0.001953125,9
8784,0.0009765625,10
8785,0.0009765625,10
8786,0.0009765625,10
8787,0.001953125,9
8788,0.0009765625,10
8789,0.0009765625,10
8790,0.0009765625,10
8791,0.001953125,9
8792,0.0009765625,10
8793,0.0009765625,10
8794,0.0009765625,10
8795,0.0009765625,10
8796,0.001953125,9
8797,0.0009765625,10
8798,0.0009765625,10
8799,0.0009765625,10
8800,0.001953125,9
8801,0.0009765625,10
8802,0.0009765625,10
8803,0.0009765625,10
8804,0.001953125,9
8805,0.0009765625,10
8806,0.0009765625,10
8807,0.0009765625,10
8808,0.0009765625,10
8809,0.001953125,9
8810,0.0009765625,10
8811,0.0009765625,10
8812,0.0009765625,10
8813,0.001953125,9
8814,0.0009765625,10
8815,0.0009765625,10
8816,0.0009765625,10
8817,0.001953125,9
8818,0.0009765625,10
8819,0.0009765625,10
8820,0.0009765625,10
8821,0.0009765625,10
8822,0.001953125,9
8823,0.0009765625,10
8824,0.0009765625,10
8825,0.0009765625,10
8826,0.001953125,9
8827,0.0009765625,10
8828,0.0009765625,10
8829,0.0009765625,10
8830,0.0009765625,10
8831,0.001953125,9
8832,0.0009765625,10
8833,0.0009765625,10
8834,0.0009765625,10
8835,0.001953125,9
8836,0.0009765625,10
8837,0.0009765625,10
8838,0.0009765625,10
8839,0.001953125,9
8840,0.0009765625,10
8841,0.0009765625,10
8842,0.0009765625,10
8843,0.0009765625,10
8844,0.001953125,9
8845,0.0009765625,10
8846,0.0009765625,10
8847,0.0009765625,10
8848,0.001953125,9
8849,0.0009765625,10
8850,0.0009765625,10
8851,0.0009765625,10
8852,0.001953125,9
8853,0.0009765625,10
8854,0.0009765625,10
8855,0.0009765625,10
8856,0.0009765625,10
8857,0.001953125,9
8858,0.0009765625,10
8859,0.0009765625,10
8860,0.0009765625,10
8861,0.001953125,9
8862,0.0009765625,10
8863,0.0009765625,10
8864,0.0009765625,10
8865,0.001953125,9
8866,0.0009765625,10
8867,0.0009765625,10
8868,0.0009765625,10
8869,0.0009765625,10
8870,0.001953125,9
8871,0.0009765625,10
8872,0.0009765625,10
8873,0.0009765625,10
8874,0.001953125,9
8875,0.0009765625,10
8876,0.0009765625,10
8877,0.0009765625,10
8878,0.001953125,9
8879,0.0009765625,10
8880,0.0009765625,10
8881,0.0009765625,10
8882,0.0009765625,10
8883,0.001953125,9
8884,0.0009765625,10
8885,0.0009765625,10
8886,0.0009765625,10
8887,0.001953125,9
8888,0.0009765625,10
8889,0.0009765625,10
8890,0.0009765625,10
8891,0.001953125,9
8892,0.0009765625,10
8893,0.0009765625,10
8894,0.0009765625,10
8895,0.0009765625,10
8896,0.001953125,9
8897,0.0009765625,10
8898,0.0009765625,10
8899,0.0009765625,10
8900,0.001953125,9
8901,0.0009765625,10
8902,0.0009765625,10
8903,0.0009765625,10
8904,0.001953125,9
8905,0.0009765625,10
8906,0.0009765625,10
8907,0.0009765625,10
8908,0.0009765625,10
8909,0.001953125,9
8910,0.0009765625,10
8911,0.0009765625,10
8912,0.0009765625,10
8913,0.001953125,9
8914,0.0009765625,10
8915,0.0009765625,10
8916,0.0009765625,10
8917,0.001953125,9
8918,0.0009765625,10
8919,0.0009765625,10
8920,0.0009765625,10
8921,0.0009765625,10
8922,0.001953125,9
8923,0.0009765625,10
8924,0.0009765625,10
8925,0.0009765625,10
8926,0.001953125,9
8927,0.0009765625,10
8928,0.0009765625,10
8929,0.0009765625,10
8930,0.001953125,9
8931,0.0009765625,10
8932,0.0009765625,10
8933,0.0009765625,10
8934,0.0009765625,10
8935,0.001953125,9
8936,0.0009765625,10
8937,0.0009765625,10
8938,0.0009765625,10
8939,0.001953125,9
8940,0.0009765625,10
8941,0.0009765625,10
8942,0.0009765625,10
8943,0.001953125,9
8944,0.0009765625,10
8945,0.0009765625,10
8946,0.0009765625,10
8947,0.0009765625,10
8948,0.001953125,9
8949,0.0009765625,10
8950,0.0009765625,10
8951,0.0009765625,10
8952,0.001953125,9
8953,0.0009765625,10
8954,0.0009765625,10
8955,0.0009765625,10
8956,0.0009765625,10
8957,0.001953125,9
8958,0.0009765625,10
8959,0.0009765625,10
8960,0.0009765625,10
8961,0.001953125,9
8962,0.0009765625,10
8963,0.0009765625,10
8964,0.0009765625,10
8965,0.001953125,9
8966,0.0009765625,10
8967,0.0009765625,10
8968,0.0009765625,10
8969,0.0009765625,10
8970,0.001953125,9
8971,0.0009765625,10
8972,0.0009765625,10
8973,0.0009765625,10
8974,0.001953125,9
8975,0.0009765625,10
8976,0.0009765625,10
8977,0.0009765625,10
8978,0.001953125,9
8979,0.0009765625,10
8980,0.0009765625,10
8981,0.0009765625,10
8982,0.0009765625,10
8983,0.001953125,9
8984,0.0009765625,10
8985,0.0009765625,10
8986,0.0009765625,10
8987,0.001953125,9
8988,0.0009765625,10
8989,0.0009765625,10
8990,0.0009765625,10
8991,0.001953125,9
8992,0.0009765625,10
8993,0.0009765625,10
8994,0.0009765625,10
8995,0.0009765625,10
8996,0.001953125,9
8997,0.0009765625,10
8998,0.0009765625,10
8999,0.0009765625,10
9000,0.001953125,9
9001,0.0009765625,10
9002,0.0009765625,10
9003,0.0009765625,10
9004,0.001953125,9
9005,0.0009765625,10
9006,0.0009765625,10
9007,0.0009765625,10
9008,0.0009765625,10
9009,0.001953125,9
9010,0.0009765625,10
9011,0.0009765625,10
9012,0.0009765625,10
9013,0.001953125,9
9014,0.0009765625,10
9015,0.0009765625,10
9016,0.0009765625,10
9017,0.001953125,9
9018,0.0009765625,10
9019,0.0009765625,10
9020,0.0009765625,10
9021,0.0009765625,10
9022,0.001953125,9
9023,0.0009765625,10
9024,0.0009765625,10
9025,0.0009765625,10
9026,0.001953125,9
9027,0.0009765625,10
9028,0.0009765625,10
9029,0.0009765625,10
9030,0.001953125,9
9031,0.0009765625,10
9032,0.0009765625,10
9033,0.0009765625,10
9034,0.0009765625,10
9035,0.001953125,9
9036,0.0009765625,10
9037,0.0009765625,10
9038,0.0009765625,10
9039,0.001953125,9
9040,0.0009765625,10
9041,0.0009765625,10
9042,0.0009765625,10
9043,0.001953125,9
9044,0.0009765625,10
9045,0.0009765625,10
9046,0.0009765625,10
9047,0.0009765625,10
9048,0.001953125,9
9049,0.0009765625,10
9050,0.0009765625,10
9051,0.0009765625,10
9052,0.001953125,9
9053,0.0009765625,10
9054,0.0009765625,10
9055,0.0009765625,10
9056,0.001953125,9
9057,0.0009765625,10
9058,0.0009765625,10
9059,0.0009765625,10
9060,0.0009765625,10
9061,0.001953125,9
9062,0.0009765625,10
9063,0.0009765625,10
9064,0.0009765625,10
9065,0.001953125,9
9066,0.0009765625,10
9067,0.0009765625,10
9068,0.0009765625,10
9069,0.001953125,9
9070,0.0009765625,10
9071,0.0009765625,10
9072,0.0009765625,10
9073,0.0009765625,10
9074,0.001953125,9
9075,0.0009765625,10
9076,0.0009765625,10
9077,0.0009765625,10
9078,0.001953125,9
9079,0.0009765625,10
9080,0.0009765625,10
9081,0.0009765625,10
9082,0.0009765625,10
9083,0.001953125,9
9084,0.0009765625,10
9085,0.0009765625,10
9086,0.0009765625,10
9087,0.001953125,9
9088,0.0009765625,10
9089,0.0009765625,10
9090,0.0009765625,10
9091,0.001953125,9
9092,0.0009765625,10
9093,0.0009765625,10
9094,0.0009765625,10
9095,0.0009765625,10
9096,0.001953125,9
9097,0.0009765625,10
9098,0.0009765625,10
9099,0.0009765625,10
9100,0.001953125,9
9101,0.0009765625,10
9102,0.0009765625,10
9103,0.0009765625,10
9104,0.001953125,9
9105,0.0009765625,10
9106,0.0009765625,10
9107,0.0009765625,10
9108,0.0009765625,10
9109,0.001953125,9
9110,0.0009765625,10
9111,0.0009765625,10
9112,0.0009765625,10
9113,0.001953125,9
9114,0.0009765625,10
9115,0.0009765625,10
9116,0.0009765625,10
9117,0.001953125,9
9118,0.0009765625,10
9119,0.0009765625,10
9120,0.0009765625,10
9121,0.0009765625,10
9122,0.001953125,9
9123,0.0009765625,10
9124,0.0009765625,10
9125,0.0009765625,10
9126,0.001953125,9
9127,0.0009765625,10
9128,0.0009765625,10
9129,0.0009765625,10
9130,0.001953125,9
9131,0.0009765625,10
9132,0.0009765625,10
9133,0.0009765625,10
9134,0.0009765625,10
9135,0.001953125,9
9136,0.0009765625,10
9137,0.0009765625,10
9138,0.0009765625,10
9139,0.001953125,9
9140,0.0009765625,10
9141,0.0009765625,10
9142,0.0009765625,10
9143,0.001953125,9
9144,0.0009765625,10
9145,0.0009765625,10
9146,0.0009765625,10
9147,0.0009765625,10
9148,0.001953125,9
9149,0.0009765625,10
9150,0.0009765625,10
9151,0.0009765625,10
9152,0.001953125,9
9153,0.0009765625,10
9154,0.0009765625,10
9155,0.0009765625,10
9156,0.001953125,9
9157,0.0009765625,10
9158,0.0009765625,10
9159,0.0009765625,10
9160,0.0009765625,10
9161,0.001953125,9
9162,0.0009765625,10
9163,0.0009765625,10
9164,0.0009765625,10
9165,0.001953125,9
9166,0.0009765625,10
9167,0.0009765625,10
9168,0.0009765625,10
9169,0.001953125,9
9170,0.0009765625,10
9171,0.0009765625,10
9172,0.0009765625,10
9173,0.0009765625,10
9174,0.001953125,9
9175,0.0009765625,10
9176,0.0009765625,10
9177,0.0009765625,10
9178,0.001953125,9
9179,0.0009765625,10
9180,0.0009765625,10
9181,0.0009765625,10
9182,0.001953125,9
9183,0.0009765625,10
9184,0.0009765625,10
9185,0.0009765625,10
9186,0.0009765625,10
9187,0.001953125,9
9188,0.0009765625,10
9189,0.0009765625,10
9190,0.0009765625,10
9191,0.001953125,9
9192,0.0009765625,10
9193,0.0009765625,10
9194,0.0009765625,10
9195,0.001953125,9
9196,0.0009765625,10
9197,0.0009765625,10
9198,0.0009765625,10
9199,0.0009765625,10
9200,0.001953125,9
9201,0.0009765625,10
9202,0.0009765625,10
9203,0.0009765625,10
9204,0.001953125,9
9205,0.0009765625,10
9206,0.0009765625,10
9207,0.0009765625,10
9208,0.0009765625,10
9209,0.001953125,9
9210,0.0009765625,10
9211,0.0009765625,10
9212,0.0009765625,10
9213,0.001953125,9
9214,0.0009765625,10
9215,0.0009765625,10
9216,0.0009765625,10
9217,0.001953125,9
9218,0.0009765625,10
9219,0.0009765625,10
9220,0.0009765625,10
9221,0.0009765625,10
9222,0.001953125,9
9223,0.0009765625,10
9224,0.0009765625,10
9225,0.0009765625,10
9226,0.001953125,9
9227,0.0009765625,10
9228,0.0009765625,10
9229,0.0009765625,10
9230,0.001953125,9
9231,0.0009765625,10
9232,0.0009765625,10
9233,0.0009765625,10
9234,0.0009765625,10
9235,0.001953125,9
9236,0.0009765625,10
9237,0.0009765625,10
9238,0.0009765625,10
9239,0.001953125,9
9240,0.0009765625,10
9241,0.0009765625,10
9242,0.0009765625,10
9243,0.001953125,9
9244,0.0009765625,10
9245,0.0009765625,10
9246,0.0009765625,10
9247,0.0009765625,10
9248,0.001953125,9
9249,0.0009765625,10
9250,0.0009765625,10
9251,0.0009765625,10
9252,0.001953125,9
9253,0.0009765625,10
9254,0.0009765625,10
9255,0.0009765625,10
9256,0.001953125,9
9257,0.0009765625,10
9258,0.0009765625,10
9259,0.0009765625,10
9260,0.0009765625,10
9261,0.001953125,9
9262,0.0009765625,10
9263,0.0009765625,10
9264,0.0009765625,10
9265,0.001953125,9
9266,0.0009765625,10
9267,0.0009765625,10
9268,0.0009765625,10
9269,0.001953125,9
9270,0.0009765625,10
9271,0.0009765625,10
9272,0.0009765625,10
9273,0.0009765625,10
9274,0.001953125,9
9275,0.0009765625,10
9276,0.0009765625,10
9277,0.0009765625,10
9278,0.001953125,9
9279,0.0009765625,10
9280,0.0009765625,10
9281,0.0009765625,10
9282,0.001953125,9
9283,0.0009765625,10
9284,0.0009765625,10
9285,0.0009765625,10
9286,0.0009765625,10
9287,0.001953125,9
9288,0.0009765625,10
9289,0.0009765625,10
9290,0.0009765625,10
9291,0.001953125,9
9292,0.0009765625,10
9293,0.0009765625,10
9294,0.0009765625,10
9295,0.001953125,9
9296,0.0009765625,10
9297,0.0009765625,10
9298,0.0009765625,10
9299,0.0009765625,10
9300,0.001953125,9
9301,0.0009765625,10
9302,0.0009765625,10
9303,0.0009765625,10
9304,0.001953125,9
9305,0.0009765625,10
9306,0.0009765625,10
9307,0.0009765625,10
9308,0.001953125,9
9309,0.0009765625,10
9310,0.0009765625,10
9311,0.0009765625,10
9312,0.0009765625,10
9313,0.001953125,9
9314,0.0009765625,10
9315,0.0009765625,10
9316,0.0009765625,10
9317,0.001953125,9
9318,0.0009765625,10
9319,0.0009765625,10
9320,0.0009765625,10
9321,0.0009765625,10
9322,0.001953125,9
9323,0.0009765625,10
9324,0.0009765625,10
9325,0.0009765625,10
9326,0.001953125,9
9327,0.0009765625,10
9328,0.0009765625,10
9329,0.0009765625,10
9330,0.001953125,9
9331,0.0009765625,10
9332,0.0009765625,10
9333,0.0009765625,10
9334,0.0009765625,10
9335,0.001953125,9
9336,0.0009765625,10
9337,0.0009765625,10
9338,0.0009765625,10
9339,0.001953125,9
9340,0.0009765625,10
9341,0.0009765625,10
9342,0.0009765625,10
9343,0.001953125,9
9344,0.0009765625,10
9345,0.0009765625,10
9346,0.0009765625,10
9347,0.0009765625,10
9348,0.001953125,9
9349,0.0009765625,10
9350,0.0009765625,10
9351,0.0009765625,10
9352,0.001953125,9
9353,0.0009765625,10
9354,0.0009765625,10
9355,0.0009765625,10
9356,0.001953125,9
9357,0.0009765625,10
9358,0.0009765625,10
9359,0.0009765625,10
9360,0.0009765625,10
9361,0.001953125,9
9362,0.0009765625,10
9363,0.0009765625,10
9364,0.0009765625,10
9365,0.001953125,9
9366,0.0009765625,10
9367,0.0009765625,10
9368,0.0009765625,10
9369,0.001953125,9
9370,0.0009765625,10
9371,0.0009765625,10
9372,0.0009765625,10
9373,0.0009765625,10
9374,0.001953125,9
9375,0.0009765625,10
9376,0.0009765625,10
9377,0.0009765625,10
9378,0.001953125,9
9379,0.0009765625,10
9380,0.0009765625,10
9381,0.0009765625,10
9382,0.001953125,9
9383,0.0009765625,10
9384,0.0009765625,10
9385,0.0009765625,10
9386,0.0009765625,10
9387,0.001953125,9
9388,0.0009765625,10
9389,0.0009765625,10
9390,0.0009765625,10
9391,0.001953125,9
9392,0.0009765625,10
9393,0.0009765625,10
9394,0.0009765625,10
9395,0.001953125,9
9396,0.0009765625,10
9397,0.0009765625,10
9398,0.0009765625,10
9399,0.0009765625,10
9400,0.001953125,9
9401,0.0009765625,10
9402,0.0009765625,10
9403,0.0009765625,10
9404,0.001953125,9
9405,0.0009765625,10
9406,0.0009765625,10
9407,0.0009765625,10
9408,0.001953125,9
9409,0.0009765625,10
9410,0.0009765625,10
9411,0.0009765625,10
9412,0.0009765625,10
9413,0.001953125,9
9414,0.0009765625,10
9415,0.0009765625,10
9416,0.0009765625,10
9417,0.001953125,9
9418,0.0009765625,10
9419,0.0009765625,10
9420,0.0009765625,10
9421,0.001953125,9
9422,0.0009765625,10
9423,0.0009765625,10
9424,0.0009765625,10
9425,0.0009765625,10
9426,0.001953125,9
9427,0.0009765625,10
9428,0.0009765625,10
9429,0.0009765625,10
9430,0.001953125,9
9431,0.0009765625,10
9432,0.0009765625,10
9433,0.0009765625,10
9434,0.0009765625,10
9435,0.001953125,9
9436,0.0009765625,10
9437,0.0009765625,10
9438,0.0009765625,10
9439,0.001953125,9
9440,0.0009765625,10
9441,0.0009765625,10
9442,0.0009765625,10
9443,0.001953125,9
9444,0.0009765625,10
9445,0.0009765625,10
9446,0.0009765625,10
9447,0.0009765625,10
9448,0.001953125,9
9449,0.0009765625,10
9450,0.0009765625,10
9451,0.0009765625,10
9452,0.001953125,9
9453,0.0009765625,10
9454,0.0009765625,10
9455,0.0009765625,10
9456,0.001953125,9
9457,0.0009765625,10
9458,0.0009765625,10
9459,0.0009765625,10
9460,0.0009765625,10
9461,0.001953125,9
9462,0.0009765625,10
9463,0.0009765625,10
9464,0.0009765625,10
9465,0.001953125,9
9466,0.0009765625,10
9467,0.0009765625,10
9468,0.0009765625,10
9469,0.001953125,9
9470,0.0009765625,10
9471,0.0009765625,10
9472,0.0009765625,10
9473,0.0009765625,10
9474,0.001953125,9
9475,0.0009765625,10
9476,0.0009765625,10
9477,0.0009765625,10
9478,0.001953125,9
9479,0.0009765625,10
9480,0.0009765625,10
9481,0.0009765625,10
9482,0.001953125,9
9483,0.0009765625,10
9484,0.0009765625,10
9485,0.0009765625,10
9486,0.0009765625,10
9487,0.001953125,9
9488,0.0009765625,10
9489,0.0009765625,10
9490,0.0009765625,10
9491,0.001953125,9
9492,0.0009765625,10
9493,0.0009765625,10
9494,0.0009765625,10
9495,0.001953125,9
9496,0.0009765625,10
9497,0.0009765625,10
9498,0.0009765625,10
9499,0.0009765625,10
9500,0.001953125,9
9501,0.0009765625,10
9502,0.0009765625,10
9503,0.0009765625,10
9504,0.001953125,9
9505,0.0009765625,10
9506,0.0009765625,10
9507,0.0009765625,10
9508,0.001953125,9
9509,0.0009765625,10
9510,0.0009765625,10
9511,0.0009765625,10
9512,0.0009765625,10
9513,0.001953125,9
9514,0.0009765625,10
9515,0.0009765625,10
9516,0.0009765625,10
9517,0.001953125,9
9518,0.0009765625,10
9519,0.0009765625,10
9520,0.0009765625,10
9521,0.001953125,9
9522,0.0009765625,10
9523,0.0009765625,10
9524,0.0009765625,10
9525,0.0009765625,10
9526,0.001953125,9
9527,0.0009765625,10
9528,0.0009765625,10
9529,0.0009765625,10
9530,0.001953125,9
9531,0.0009765625,10
9532,0.0009765625,10
9533,0.0009765625,10
9534,0.0009765625,10
9535,0.001953125,9
9536,0.0009765625,10
9537,0.0009765625,10
9538,0.0009765625,10
9539,0.001953125,9
9540,0.0009765625,10
9541,0.0009765625,10
9542,0.0009765625,10
9543,0.001953125,9
9544,0.0009765625,10
9545,0.0009765625,10
9546,0.0009765625,10
9547,0.0009765625,10
9548,0.001953125,9
9549,0.0009765625,10
9550,0.0009765625,10
9551,0.0009765625,10
9552,0.001953125,9
9553,0.0009765625,10
9554,0.0009765625,10
9555,0.0009765625,10
9556,0.001953125,9
9557,0.0009765625,10
9558,0.0009765625,10
9559,0.0009765625,10
9560,0.0009765625,10
9561,0.001953125,9
9562,0.0009765625,10
9563,0.0009765625,10
9564,0.0009765625,10
9565,0.001953125,9
9566,0.0009765625,10
9567,0.0009765625,10
9568,0.0009765625,10
9569,0.001953125,9
9570,0.0009765625,10
9571,0.0009765625,10
9572,0.0009765625,10
9573,0.0009765625,10
9574,0.001953125,9
9575,0.0009765625,10
9576,0.0009765625,10
9577,0.0009765625,10
9578,0.001953125,9
9579,0.0009765625,10
9580,0.0009765625,10
9581,0.0009765625,10
9582,0.001953125,9
9583,0.0009765625,10
9584,0.0009765625,10
9585,0.0009765625,10
9586,0.0009765625,10
9587,0.001953125,9
9588,0.0009765625,10
9589,0.0009765625,10
9590,0.0009765625,10
9591,0.001953125,9
9592,0.0009765625,10
9593,0.0009765625,10
9594,0.0009765625,10
9595,0.001953125,9
9596,0.0009765625,10
9597,0.0009765625,10
9598,0.0009765625,10
9599,0.0009765625,10
9600,0.001953125,9
9601,0.0009765625,10
9602,0.0009765625,10
9603,0.0009765625,10
9604,0.001953125,9
9605,0.0009765625,10
9606,0.0009765625,10
9607,0.0009765625,10
9608,0.001953125,9
9609,0.0009765625,10
9610,0.0009765625,10
9611,0.0009765625,10
9612,0.0009765625,10
9613,0.001953125,9
9614,0.0009765625,10
9615,0.0009765625,10
9616,0.0009765625,10
9617,0.001953125,9
9618,0.0009765625,10
9619,0.0009765625,10
9620,0.0009765625,10
9621,0.001953125,9
9622,0.0009765625,10
9623,0.0009765625,10
9624,0.0009765625,10
9625,0.0009765625,10
9626,0.001953125,9
9627,0.0009765625,10
9628,0.0009765625,10
9629,0.0009765625,10
9630,0.001953125,9
9631,0.0009765625,10
9632,0.0009765625,10
9633,0.0009765625,10
9634,0.001953125,9
9635,0.0009765625,10
9636,0.0009765625,10
9637,0.0009765625,10
9638,0.0009765625,10
9639,0.001953125,9
9640,0.0009765625,10
9641,0.0009765625,10
9642,0.0009765625,10
9643,0.001953125,9
9644,0.0009765625,10
9645,0.0009765625,10
9646,0.0009765625,10
9647,0.0009765625,10
9648,0.001953125,9
9649,0.0009765625,10
9650,0.0009765625,10
9651,0.0009765625,10
9652,0.001953125,9
9653,0.0009765625,10
9654,0.0009765625,10
9655,0.0009765625,10
9656,0.001953125,9
9657,0.0009765625,10
9658,0.0009765625,10
9659,0.0009765625,10
9660,0.0009765625,10
9661,0.001953125,9
9662,0.0009765625,10
9663,0.0009765625,10
9664,0.0009765625,10
9665,0.001953125,9
9666,0.0009765625,10
9667,0.0009765625,10
9668,0.0009765625,10
9669,0.001953125,9
9670,0.0009765625,10
9671,0.0009765625,10
9672,0.0009765625,10
9673,0.0009765625,10
9674,0.001953125,9
9675,0.0009765625,10
9676,0.0009765625,10
9677,0.0009765625,10
9678,0.001953125,9
9679,0.0009765625,10
9680,0.0009765625,10
9681,0.0009765625,10
9682,0.001953125,9
9683,0.0009765625,10
9684,0.0009765625,10
9685,0.0009765625,10
9686,0.0009765625,10
9687,0.001953125,9
9688,0.0009765625,10
9689,0.0009765625,10
9690,0.0009765625,10
9691,0.001953125,9
9692,0.0009765625,10
9693,0.0009765625,10
9694,0.0009765625,10
9695,0.001953125,9
9696,0.0009765625,10
9697,0.0009765625,10
9698,0.0009765625,10
9699,0.0009765625,10
9700,0.001953125,9
9701,0.0009765625,10
9702,0.0009765625,10
9703,0.0009765625,10
9704,0.001953125,9
9705,0.0009765625,10
9706,0.0009765625,10
9707,0.0009765625,10
9708,0.001953125,9
9709,0.0009765625,10
9710,0.0009765625,10
9711,0.0009765625,10
9712,0.0009765625,10
9713,0.001953125,9
9714,0.0009765625,10
9715,0.0009765625,10
9716,0.0009765625,10
9717,0.001953125,9
9718,0.0009765625,10
9719,0.0009765625,10
9720,0.0009765625,10
9721,0.001953125,9
9722,0.0009765625,10
9723,0.0009765625,10
9724,0.0009765625,10
9725,0.0009765625,10
9726,0.001953125,9
9727,0.0009765625,10
9728,0.0009765625,10
9729,0.0009765625,10
9730,0.001953125,9
9731,0.0009765625,10
9732,0.0009765625,10
9733,0.0009765625,10
9734,0.001953125,9
9735,0.0009765625,10
9736,0.0009765625,10
9737,0.0009765625,10
9738,0.0009765625,10
9739,0.001953125,9
9740,0.0009765625,10
9741,0.0009765625,10
9742,0.0009765625,10
9743,0.001953125,9
9744,0.0009765625,10
9745,0.0009765625,10
9746,0.0009765625,10
9747,0.0009765625,10
9748,0.001953125,9
9749,0.0009765625,10
9750,0.0009765625,10
9751,0.0009765625,10
9752,0.001953125,9
9753,0.0009765625,10
9754,0.0009765625,10
9755,0.0009765625,10
9756,0.001953125,9
9757,0.0009765625,10
9758,0.0009765625,10
9759,0.0009765625,10
9760,0.0009765625,10
9761,0.001953125,9
9762,0.0009765625,10
9763,0.0009765625,10
9764,0.0009765625,10
9765,0.001953125,9
9766,0.0009765625,10
9767,0.0009765625,10
9768,0.0009765625,10
9769,0.001953125,9
9770,0.0009765625,10
9771,0.0009765625,10
9772,0.0009765625,10
9773,0.0009765625,10
9774,0.001953125,9
9775,0.0009765625,10
9776,0.0009765625,10
9777,0.0009765625,10
9778,0.001953125,9
9779,0.0009765625,10
9780,0.0009765625,10
9781,0.0009765625,10
9782,0.001953125,9
9783,0.0009765625,10
9784,0.0009765625,10
9785,0.0009765625,10
9786,0.0009765625,10
9787,0.001953125,9
9788,0.0009765625,10
9789,0.0009765625,10
9790,0.0009765625,10
9791,0.001953125,9
9792,0.0009765625,10
9793,0.0009765625,10
9794,0.0009765625,10
9795,0.001953125,9
9796,0.0009765625,10
9797,0.0009765625,10
9798,0.0009765625,10
9799,0.0009765625,10
9800,0.001953125,9
9801,0.0009765625,10
9802,0.0009765625,10
9803,0.0009765625,10
9804,0.001953125,9
9805,0.0009765625,10
9806,0.0009765625,10
9807,0.0009765625,10
9808,0.001953125,9
9809,0.0009765625,10
9810,0.0009765625,10
9811,0.0009765625,10
9812,0.0009765625,10
9813,0.001953125,9
9814,0.0009765625,10
9815,0.0009765625,10
9816,0.0009765625,10
9817,0.001953125,9
9818,0.0009765625,10
9819,0.0009765625,10
9820,0.0009765625,10
9821,0.001953125,9
9822,0.0009765625,10
9823,0.0009765625,10
9824,0.0009765625,10
9825,0.0009765625,10
9826,0.001953125,9
9827,0.0009765625,10
9828,0.0009765625,10
9829,0.0009765625,10
9830,0.001953125,9
9831,0.0009765625,10
9832,0.0009765625,10
9833,0.0009765625,10
9834,0.001953125,9
9835,0.0009765625,10
9836,0.0009765625,10
9837,0.0009765625,10
9838,0.0009765625,10
9839,0.001953125,9
9840,0.0009765625,10
9841,0.0009765625,10
9842,0.0009765625,10
9843,0.001953125,9
9844,0.0009765625,10
9845,0.0009765625,10
9846,0.0009765625,10
9847,0.0009765625,10
9848,0.001953125,9
9849,0.0009765625,10
9850,0.0009765625,10
9851,0.0009765625,10
9852,0.001953125,9
9853,0.0009765625,10
9854,0.0009765625,10
9855,0.0009765625,10
9856,0.001953125,9
9857,0.0009765625,10
9858,0.0009765625,10
9859,0.0009765625,10
9860,0.0009765625,10
9861,0.001953125,9
9862,0.0009765625,10
9863,0.0009765625,10
9864,0.0009765625,10
9865,0.001953125,9
9866,0.0009765625,10
9867,0.0009765625,10
9868,0.0009765625,10
9869,0.001953125,9
9870,0.0009765625,10
9871,0.0009765625,10
9872,0.0009765625,10
9873,0.0009765625,10
9874,0.001953125,9
9875,0.0009765625,10
9876,0.0009765625,10
9877,0.0009765625,10
9878,0.001953125,9
9879,0.0009765625,10
9880,0.0009765625,10
9881,0.0009765625,10
9882,0.001953125,9
9883,0.0009765625,10
9884,0.0009765625,10
9885,0.0009765625,10
9886,0.0009765625,10
9887,0.001953125,9
9888,0.0009765625,10
9889,0.0009765625,10
9890,0.0009765625,10
9891,0.001953125,9
9892,0.0009765625,10
9893,0.0009765625,10
9894,0.0009765625,10
9895,0.001953125,9
9896,0.0009765625,10
9897,0.0009765625,10
9898,0.0009765625,10
9899,0.0009765625,10
9900,0.001953125,9
9901,0.0009765625,10
9902,0.0009765625,10
9903,0.0009765625,10
9904,0.001953125,9
9905,0.0009765625,10
9906,0.0009765625,10
9907,0.0009765625,10
9908,0.001953125,9
9909,0.0009765625,10
9910,0.0009765625,10
9911,0.0009765625,10
9912,0.0009765625,10
9913,0.001953125,9
9914,0.0009765625,10
9915,0.0009765625,10
9916,0.0009765625,10
9917,0.001953125,9
9918,0.0009765625,10
9919,0.0009765625,10
9920,0.0009765625,10
9921,0.001953125,9
9922,0.0009765625,10
9923,0.0009765625,10
9924,0.0009765625,10
9925,0.0009765625,10
9926,0.001953125,9
9927,0.0009765625,10
9928,0.0009765625,10
9929,0.0009765625,10
9930,0.001953125,9
9931,0.0009765625,10
9932,0.0009765625,10
9933,0.0009765625,10
9934,0.001953125,9
9935,0.0009765625,10
9936,0.0009765625,10
9937,0.0009765625,10
9938,0.0009765625,10
9939,0.001953125,9
9940,0.0009765625,10
9941,0.0009765625,10
9942,0.0009765625,10
9943,0.001953125,9
9944,0.0009765625,10
9945,0.0009765625,10
9946,0.0009765625,10
9947,0.0009765625,10
9948,0.001953125,9
9949,0.0009765625,10
9950,0.0009765625,10
9951,0.0009765625,10
9952,0.001953125,9
9953,0.0009765625,10
9954,0.0009765625,10
9955,0.0009765625,10
9956,0.001953125,9
9957,0.0009765625,10
9958,0.0009765625,10
9959,0.0009765625,10
9960,0.0009765625,10
9961,0.001953125,9
9962,0.0009765625,10
9963,0.0009765625,10
9964,0.0009765625,10
9965,0.001953125,9
9966,0.0009765625,10
9967,0.0009765625,10
9968,0.0009765625,10
9969,0.001953125,9
9970,0.0009765625,10
9971,0.0009765625,10
9972,0.0009765625,10
9973,0.0009765625,10
9974,0.001953125,9
9975,0.0009765625,10
9976,0.0009765625,10
9977,0.0009765625,10
9978,0.001953125,9
9979,0.0009765625,10
9980,0.0009765625,10
9981,0.0009765625,10
9982,0.001953125,9
9983,0.0009765625,10
9984,0.0009765625,10
9985,0.0009765625,10
9986,0.0009765625,10
9987,0.001953125,9
9988,0.0009765625,10
9989,0.0009765625,10
9990,0.0009765625,10
9991,0.001953125,9
9992,0.0009765625,10
9993,0.0009765625,10
9994,0.0009765625,10
9995,0.001953125,9
9996,0.0009765625,10
9997,0.0009765625,10
9998,0.0009765625,10
9999,0.0009765625,10
10000,0.001953125,9
10001,0.0009765625,10
10002,0.0009765625,10
10003,0.0009765625,10
10004,0.001953125,9
10005,0.0009765625,10
10006,0.0009765625,10
10007,0.0009765625,10
10008,0.001953125,9
10009,0.0009765625,10
10010,0.0009765625,10
10011,0.0009765625,10
10012,0.0009765625,10
10013,0.001953125,9
10014,0.0009765625,10
10015,0.0009765625,10
10016,0.0009765625,10
10017,0.001953125,9
10018,0.0009765625,10
10019,0.0009765625,10
10020,0.0009765625,10
10021,0.001953125,9
10022,0.0009765625,10
10023,0.0009765625,10
10024,0.0009765625,10
10025,0.0009765625,10
10026,0.001953125,9
10027,0.0009765625,10
10028,0.0009765625,10
10029,0.0009765625,10
10030,0.001953125,9
10031,0.0009765625,10
10032,0.0009765625,10
10033,0.0009765625,10
10034,0.001953125,9
10035,0.0009765625,10
10036,0.0009765625,10
10037,0.0009765625,10
10038,0.0009765625,10
10039,0.001953125,9
10040,0.0009765625,10
10041,0.0009765625,10
10042,0.0009765625,10
10043,0.001953125,9
10044,0.0009765625,10
10045,0.0009765625,10
10046,0.0009765625,10
10047,0.0009765625,10
10048,0.001953125,9
10049,0.0009765625,10
10050,0.0009765625,10
10051,0.0009765625,10
10052,0.001953125,9
10053,0.0009765625,10
10054,0.0009765625,10
10055,0.0009765625,10
10056,0.001953125,9
10057,0.0009765625,10
10058,0.0009765625,10
10059,0.0009765625,10
10060,0.0009765625,10
10061,0.001953125,9
10062,0.0009765625,10
10063,0.0009765625,10
10064,0.0009765625,10
10065,0.001953125,9
10066,0.0009765625,10
10067,0.0009765625,10
10068,0.0009765625,10
10069,0.001953125,9
10070,0.0009765625,10
10071,0.0009765625,10
10072,0.0009765625,10
10073,0.0009765625,10
10074,0.001953125,9
10075,0.0009765625,10
10076,0.0009765625,10
10077,0.0009765625,10
10078,0.001953125,9
10079,0.0009765625,10
10080,0.0009765625,10
10081,0.0009765625,10
10082,0.001953125,9
10083,0.0009765625,10
10084,0.0009765625,10
10085,0.0009765625,10
10086,0.0009765625,10
10087,0.001953125,9
10088,0.0009765625,10
10089,0.0009765625,10
10090,0.0009765625,10
10091,0.001953125,9
10092,0.0009765625,10
10093,0.0009765625,10
10094,0.0009765625,10
10095,0.001953125,9
10096,0.0009765625,10
10097,0.0009765625,10
10098,0.0009765625,10
10099,0.0009765625,10
10100,0.001953125,9
10101,0.0009765625,10
10102,0.0009765625,10
10103,0.0009765625,10
10104,0.001953125,9
10105,0.0009765625,10
10106,0.0009765625,10
10107,0.0009765625,10
10108,0.001953125,9
10109,0.0009765625,10
10110,0.0009765625,10
10111,0.0009765625,10
10112,0.0009765625,10
10113,0.001953125,9
10114,0.0009765625,10
10115,0.0009765625,10
10116,0.0009765625,10
10117,0.001953125,9
10118,0.0009765625,10
10119,0.0009765625,10
10120,0.0009765625,10
10121,0.001953125,9
10122,0.0009765625,10
10123,0.0009765625,10
10124,0.0009765625,10
10125,0.0009765625,10
10126,0.001953125,9
10127,0.0009765625,10
10128,0.0009765625,10
10129,0.0009765625,10
10130,0.001953125,9
10131,0.0009765625,10
10132,0.0009765625,10
10133,0.0009765625,10
10134,0.0009765625,10
10135,0.001953125,9
10136,0.0009765625,10
10137,0.0009765625,10
10138,0.0009765625,10
10139,0.001953125,9
10140,0.0009765625,10
10141,0.0009765625,10
10142,0.0009765625,10
10143,0.001953125,9
10144,0.0009765625,10
10145,0.0009765625,10
10146,0.0009765625,10
10147,0.0009765625,10
10148,0.001953125,9
10149,0.0009765625,10
10150,0.0009765625,10
10151,0.0009765625,10
10152,0.001953125,9
10153,0.0009765625,10
10154,0.0009765625,10
10155,0.0009765625,10
10156,0.001953125,9
10157,0.0009765625,10
10158,0.0009765625,10
10159,0.0009765625,10
10160,0.0009765625,10
10161,0.001953125,9
10162,0.0009765625,10
10163,0.0009765625,10
10164,0.0009765625,10
10165,0.001953125,9
10166,0.0009765625,10
10167,0.0009765625,10
10168,0.0009765625,10
10169,0.001953125,9
10170,0.0009765625,10
10171,0.0009765625,10
10172,0.0009765625,10
10173,0.0009765625,10
10174,0.001953125,9
10175,0.0009765625,10
10176,0.0009765625,10
10177,0.0009765625,10
10178,0.001953125,9
10179,0.0009765625,10
10180,0.0009765625,10
10181,0.0009765625,10
10182,0.001953125,9
10183,0.0009765625,10
10184,0.0009765625,10
10185,0.0009765625,10
10186,0.0009765625,10
10187,0.001953125,9
10188,0.0009765625,10
10189,0.0009765625,10
10190,0.0009765625,10
10191,0.001953125,9
10192,0.0009765625,10
10193,0.0009765625,10
10194,0.0009765625,10
10195,0.001953125,9
10196,0.0009765625,10
10197,0.0009765625,10
10198,0.0009765625,10
10199,0.0009765625,10
10200,0.001953125,9
10201,0.0009765625,10
10202,0.0009765625,10
10203,0.0009765625,10
10204,0.001953125,9
10205,0.0009765625,10
10206,0.0009765625,10
10207,0.0009765625,10
10208,0.001953125,9
10209,0.0009765625,10
10210,0.0009765625,10
10211,0.0009765625,10
10212,0.0009765625,10
10213,0.001953125,9
10214,0.0009765625,10
10215,0.0009765625,10
10216,0.0009765625,10
10217,0.001953125,9
10218,0.0009765625,10
10219,0.0009765625,10
10220,0.0009765625,10
10221,0.001953125,9
10222,0.0009765625,10
10223,0.0009765625,10
10224,0.0009765625,10
10225,0.0009765625,10
10226,0.001953125,9
10227,0.0009765625,10
10228,0.0009765625,10
10229,0.0009765625,10
10230,0.001953125,9
10231,0.0009765625,10
10232,0.0009765625,10
10233,0.0009765625,10
10234,0.0009765625,10
10235,0.001953125,9
10236,0.0009765625,10
10237,0.0009765625,10
10238,0.0009765625,10
10239,0.001953125,9
10240,0.0009765625,10
10241,0.0009765625,10
10242,0.0009765625,10
10243,0.001953125,9
10244,0.0009765625,10
10245,0.0009765625,10
10246,0.0009765625,10
10247,0.0009765625,10
10248,0.001953125,9
10249,0.0009765625,10
10250,0.0009765625,10
10251,0.0009765625,10
10252,0.001953125,9
10253,0.0009765625,10
10254,0.0009765625,10
10255,0.0009765625,10
10256,0.001953125,9
10257,0.0009765625,10
10258,0.0009765625,10
10259,0.0009765625,10
10260,0.0009765625,10
10261,0.001953125,9
10262,0.0009765625,10
10263,0.0009765625,10
10264,0.0009765625,10
10265,0.001953125,9
10266,0.0009765625,10
10267,0.0009765625,10
10268,0.0009765625,10
10269,0.001953125,9
10270,0.0009765625,10
10271,0.0009765625,10
10272,0.0009765625,10
10273,0.0009765625,10
10274,0.001953125,9
10275,0.0009765625,10
10276,0.0009765625,10
10277,0.0009765625,10
10278,0.001953125,9
10279,0.0009765625,10
10280,0.0009765625,10
10281,0.0009765625,10
10282,0.001953125,9
10283,0.0009765625,10
10284,0.0009765625,10
10285,0.0009765625,10
10286,0.0009765625,10
10287,0.001953125,9
10288,0.0009765625,10
10289,0.0009765625,10
10290,0.0009765625,10
10291,0.001953125,9
10292,0.0009765625,10
10293,0.0009765625,10
10294,0.0009765625,10
10295,0.001953125,9
10296,0.0009765625,10
10297,0.0009765625,10
10298,0.0009765625,10
10299,0.0009765625,10
10300,0.001953125,9
10301,0.0009765625,10
10302,0.0009765625,10
10303,0.0009765625,10
10304,0.001953125,9
10305,0.0009765625,10
10306,0.0009765625,10
10307,0.0009765625,10
10308,0.001953125,9
10309,0.0009765625,10
10310,0.0009765625,10
10311,0.0009765625,10
10312,0.0009765625,10
10313,0.001953125,9
10314,0.0009765625,10
10315,0.0009765625,10
10316,0.0009765625,10
10317,0.001953125,9
10318,0.0009765625,10
10319,0.0009765625,10
10320,0.0009765625,10
10321,0.0009765625,10
10322,0.001953125,9
10323,0.0009765625,10
10324,0.0009765625,10
10325,0.0009765625,10
10326,0.001953125,9
10327,0.0009765625,10
10328,0.0009765625,10
10329,0.0009765625,10
10330,0.001953125,9
10331,0.0009765625,10
10332,0.0009765625,10
10333,0.0009765625,10
10334,0.0009765625,10
10335,0.001953125,9
10336,0.0009765625,10
10337,0.0009765625,10
10338,0.0009765625,10
10339,0.001953125,9
10340,0.0009765625,10
10341,0.0009765625,10
10342,0.0009765625,10
10343,0.001953125,9
10344,0.0009765625,10
10345,0.0009765625,10
10346,0.0009765625,10
10347,0.0009765625,10
10348,0.001953125,9
10349,0.0009765625,10
10350,0.0009765625,10
10351,0.0009765625,10
10352,0.001953125,9
10353,0.0009765625,10
10354,0.0009765625,10
10355,0.0009765625,10
10356,0.001953125,9
10357,0.0009765625,10
10358,0.0009765625,10
10359,0.0009765625,10
10360,0.0009765625,10
10361,0.001953125,9
10362,0.0009765625,10
10363,0.0009765625,10
10364,0.0009765625,10
10365,0.001953125,9
10366,0.0009765625,10
10367,0.0009765625,10
10368,0.0009765625,10
10369,0.001953125,9
10370,0.0009765625,10
10371,0.0009765625,10
10372,0.0009765625,10
10373,0.0009765625,10
10374,0.001953125,9
10375,0.0009765625,10
10376,0.0009765625,10
10377,0.0009765625,10
10378,0.001953125,9
10379,0.0009765625,10
10380,0.0009765625,10
10381,0.0009765625,10
10382,0.001953125,9
10383,0.0009765625,10
10384,0.0009765625,10
10385,0.0009765625,10
10386,0.0009765625,10
10387,0.001953125,9
10388,0.0009765625,10
10389,0.0009765625,10
10390,0.0009765625,10
10391,0.001953125,9
10392,0.0009765625,10
10393,0.0009765625,10
10394,0.0009765625,10
10395,0.001953125,9
10396,0.0009765625,10
10397,0.0009765625,10
10398,0.0009765625,10
10399,0.0009765625,10
10400,0.001953125,9
10401,0.0009765625,10
10402,0.0009765625,10
10403,0.0009765625,10
10404,0.001953125,9
10405,0.0009765625,10
10406,0.0009765625,10
10407,0.0009765625,10
10408,0.001953125,9
10409,0.0009765625,10
10410,0.0009765625,10
10411,0.0009765625,10
10412,0.0009765625,10
10413,0.001953125,9
10414,0.0009765625,10
10415,0.0009765625,10
10416,0.0009765625,10
10417,0.001953125,9
10418,0.0009765625,10
10419,0.0009765625,10
10420,0.0009765625,10
10421,0.0009765625,10
10422,0.001953125,9
10423,0.0009765625,10
10424,0.0009765625,10
10425,0.0009765625,10
10426,0.001953125,9
10427,0.0009765625,10
10428,0.0009765625,10
10429,0.0009765625,10
10430,0.001953125,9
10431,0.0009765625,10
10432,0.0009765625,10
10433,0.0009765625,10
10434,0.0009765625,10
10435,0.001953125,9
10436,0.0009765625,10
10437,0.0009765625,10
10438,0.0009765625,10
10439,0.001953125,9
10440,0.0009765625,10
10441,0.0009765625,10
10442,0.0009765625,10
10443,0.001953125,9
10444,0.0009765625,10
10445,0.0009765625,10
10446,0.0009765625,10
10447,0.0009765625,10
10448,0.001953125,9
10449,0.0009765625,10
10450,0.0009765625,10
10451,0.0009765625,10
10452,0.001953125,9
10453,0.0009765625,10
10454,0.0009765625,10
10455,0.0009765625,10
10456,0.001953125,9
10457,0.0009765625,10
10458,0.0009765625,10
10459,0.0009765625,10
10460,0.0009765625,10
10461,0.001953125,9
10462,0.0009765625,10
10463,0.0009765625,10
10464,0.0009765625,10
10465,0.001953125,9
10466,0.0009765625,10
10467,0.0009765625,10
10468,0.0009765625,10
10469,0.001953125,9
10470,0.0009765625,10
10471,0.0009765625,10
10472,0.0009765625,10
10473,0.0009765625,10
10474,0.001953125,9
10475,0.0009765625,10
10476,0.0009765625,10
10477,0.0009765625,10
10478,0.001953125,9
10479,0.0009765625,10
10480,0.0009765625,10
10481,0.0009765625,10
10482,0.001953125,9
10483,0.0009765625,10
10484,0.0009765625,10
10485,0.0009765625,10
10486,0.0009765625,10
10487,0.001953125,9
10488,0.0009765625,10
10489,0.0009765625,10
10490,0.0009765625,10
10491,0.001953125,9
10492,0.0009765625,10
10493,0.0009765625,10
10494,0.0009765625,10
10495,0.001953125,9
10496,0.0009765625,10
10497,0.0009765625,10
10498,0.0009765625,10
10499,0.0009765625,10
10500,0.001953125,9
10501,0.0009765625,10
10502,0.0009765625,10
10503,0.0009765625,10
10504,0.001953125,9
10505,0.0009765625,10
10506,0.0009765625,10
10507,0.0009765625,10
10508,0.0009765625,10
10509,0.001953125,9
10510,0.0009765625,10
10511,0.0009765625,10
10512,0.0009765625,10
10513,0.001953125,9
10514,0.0009765625,10
10515,0.0009765625,10
10516,0.0009765625,10
10517,0.001953125,9
10518,0.0009765625,10
10519,0.0009765625,10
10520,0.0009765625,10
10521,0.0009765625,10
10522,0.001953125,9
10523,0.0009765625,10
10524,0.0009765625,10
10525,0.0009765625,10
10526,0.001953125,9
10527,0.0009765625,10
10528,0.0009765625,10
10529,0.0009765625,10
10530,0.001953125,9
10531,0.0009765625,10
10532,0.0009765625,10
10533,0.0009765625,10
10534,0.0009765625,10
10535,0.001953125,9
10536,0.0009765625,10
10537,0.0009765625,10
10538,0.0009765625,10
10539,0.001953125,9
10540,0.0009765625,10
10541,0.0009765625,10
10542,0.0009765625,10
10543,0.001953125,9
10544,0.0009765625,10
10545,0.0009765625,10
10546,0.0009765625,10
10547,0.0009765625,10
10548,0.001953125,9
10549,0.0009765625,10
10550,0.0009765625,10
10551,0.0009765625,10
10552,0.001953125,9
10553,0.0009765625,10
10554,0.0009765625,10
10555,0.0009765625,10
10556,0.001953125,9
10557,0.0009765625,10
10558,0.0009765625,10
10559,0.0009765625,10
10560,0.0009765625,10
10561,0.001953125,9
10562,0.0009765625,10
10563,0.0009765625,10
10564,0.0009765625,10
10565,0.001953125,9
10566,0.0009765625,10
10567,0.0009765625,10
10568,0.0009765625,10
10569,0.001953125,9
10570,0.0009765625,10
10571,0.0009765625,10
10572,0.0009765625,10
10573,0.0009765625,10
10574,0.001953125,9
10575,0.0009765625,10
10576,0.0009765625,10
10577,0.0009765625,10
10578,0.001953125,9
10579,0.0009765625,10
10580,0.0009765625,10
10581,0.0009765625,10
10582,0.001953125,9
10583,0.0009765625,10
10584,0.0009765625,10
10585,0.0009765625,10
10586,0.0009765625,10
10587,0.001953125,9
10588,0.0009765625,10
10589,0.0009765625,10
10590,0.0009765625,10
10591,0.001953125,9
10592,0.0009765625,10
10593,0.0009765625,10
10594,0.0009765625,10
10595,0.0009765625,10
10596,0.001953125,9
10597,0.0009765625,10
10598,0.0009765625,10
10599,0.0009765625,10
10600,0.001953125,9
10601,0.0009765625,10
10602,0.0009765625,10
10603,0.0009765625,10
10604,0.001953125,9
10605,0.0009765625,10
10606,0.0009765625,10
10607,0.0009765625,10
10608,0.0009765625,10
10609,0.001953125,9
10610,0.0009765625,10
10611,0.0009765625,10
10612,0.0009765625,10
10613,0.001953125,9
10614,0.0009765625,10
10615,0.0009765625,10
10616,0.0009765625,10
10617,0.001953125,9
10618,0.0009765625,10
10619,0.0009765625,10
10620,0.0009765625,10
10621,0.0009765625,10
10622,0.001953125,9
10623,0.0009765625,10
10624,0.0009765625,10
10625,0.0009765625,10
10626,0.001953125,9
10627,0.0009765625,10
10628,0.0009765625,10
10629,0.0009765625,10
10630,0.001953125,9
10631,0.0009765625,10
10632,0.0009765625,10
10633,0.0009765625,10
10634,0.0009765625,10
10635,0.001953125,9
10636,0.0009765625,10
10637,0.0009765625,10
10638,0.0009765625,10
10639,0.001953125,9
10640,0.0009765625,10
10641,0.0009765625,10
10642,0.0009765625,10
10643,0.001953125,9
10644,0.0009765625,10
10645,0.0009765625,10
10646,0.0009765625,10
10647,0.0009765625,10
10648,0.001953125,9
10649,0.0009765625,10
10650,0.0009765625,10
10651,0.0009765625,10
10652,0.001953125,9
10653,0.0009765625,10
10654,0.0009765625,10
10655,0.0009765625,10
10656,0.001953125,9
10657,0.0009765625,10
10658,0.0009765625,10
10659,0.0009765625,10
10660,0.0009765625,10
10661,0.001953125,9
10662,0.0009765625,10
10663,0.0009765625,10
10664,0.0009765625,10
10665,0.001953125,9
10666,0.0009765625,10
10667,0.0009765625,10
10668,0.0009765625,10
10669,0.001953125,9
10670,0.0009765625,10
10671,0.0009765625,10
10672,0.0009765625,10
10673,0.0009765625,10
10674,0.001953125,9
10675,0.0009765625,10
10676,0.0009765625,10
10677,0.0009765625,10
10678,0.001953125,9
10679,0.0009765625,10
10680,0.0009765625,10
10681,0.0009765625,10
10682,0.0009765625,10
10683,0.001953125,9
10684,0.0009765625,10
10685,0.0009765625,10
10686,0.0009765625,10
10687,0.001953125,9
10688,0.0009765625,10
10689,0.0009765625,10
10690,0.0009765625,10
10691,0.001953125,9
10692,0.0009765625,10
10693,0.0009765625,10
10694,0.0009765625,10
10695,0.0009765625,10
10696,0.001953125,9
10697,0.0009765625,10
10698,0.0009765625,10
10699,0.0009765625,10
10700,0.001953125,9
10701,0.0009765625,10
10702,0.0009765625,10
10703,0.0009765625,10
10704,0.001953125,9
10705,0.0009765625,10
10706,0.0009765625,10
10707,0.0009765625,10
10708,0.0009765625,10
10709,0.001953125,9
10710,0.0009765625,10
10711,0.0009765625,10
10712,0.0009765625,10
10713,0.001953125,9
10714,0.0009765625,10
10715,0.0009765625,10
10716,0.0009765625,10
10717,0.001953125,9
10718,0.0009765625,10
10719,0.0009765625,10
10720,0.0009765625,10
10721,0.0009765625,10
10722,0.001953125,9
10723,0.0009765625,10
10724,0.0009765625,10
10725,0.0009765625,10
10726,0.001953125,9
10727,0.0009765625,10
10728,0.0009765625,10
10729,0.0009765625,10
10730,0.001953125,9
10731,0.0009765625,10
10732,0.0009765625,10
10733,0.0009765625,10
10734,0.0009765625,10
10735,0.001953125,9
10736,0.0009765625,10
10737,0.0009765625,10
10738,0.0009765625,10
10739,0.001953125,9
10740,0.0009765625,10
10741,0.0009765625,10
10742,0.0009765625,10
10743,0.001953125,9
10744,0.0009765625,10
10745,0.0009765625,10
10746,0.0009765625,10
10747,0.0009765625,10
10748,0.001953125,9
10749,0.0009765625,10
10750,0.0009765625,10
10751,0.0009765625,10
10752,0.001953125,9
10753,0.0009765625,10
10754,0.0009765625,10
10755,0.0009765625,10
10756,0.001953125,9
10757,0.0009765625,10
10758,0.0009765625,10
10759,0.0009765625,10
10760,0.0009765625,10
10761,0.001953125,9
10762,0.0009765625,10
10763,0.0009765625,10
10764,0.0009765625,10
10765,0.001953125,9
10766,0.0009765625,10
10767,0.0009765625,10
10768,0.0009765625,10
10769,0.0009765625,10
10770,0.001953125,9
10771,0.0009765625,10
10772,0.0009765625,10
10773,0.0009765625,10
10774,0.001953125,9
10775,0.0009765625,10
10776,0.0009765625,10
10777,0.0009765625,10
10778,0.001953125,9
10779,0.0009765625,10
10780,0.0009765625,10
10781,0.0009765625,10
10782,0.0009765625,10
10783,0.001953125,9
10784,0.0009765625,10
10785,0.0009765625,10
10786,0.0009765625,10
10787,0.001953125,9
10788,0.0009765625,10
10789,0.0009765625,10
10790,0.0009765625,10
10791,0.001953125,9
10792,0.0009765625,10
10793,0.0009765625,10
10794,0.0009765625,10
10795,0.0009765625,10
10796,0.001953125,9
10797,0.0009765625,10
10798,0.0009765625,10
10799,0.0009765625,10
10800,0.001953125,9
10801,0.0009765625,10
10802,0.0009765625,10
10803,0.0009765625,10
10804,0.001953125,9
10805,0.0009765625,10
10806,0.0009765625,10
10807,0.0009765625,10
10808,0.0009765625,10
10809,0.001953125,9
10810,0.0009765625,10
10811,0.0009765625,10
10812,0.0009765625,10
10813,0.001953125,9
10814,0.0009765625,10
10815,0.0009765625,10
10816,0.0009765625,10
10817,0.001953125,9
10818,0.0009765625,10
10819,0.0009765625,10
10820,0.0009765625,10
10821,0.0009765625,10
10822,0.001953125,9
10823,0.0009765625,10
10824,0.0009765625,10
10825,0.0009765625,10
10826,0.001953125,9
10827,0.0009765625,10
10828,0.0009765625,10
10829,0.0009765625,10
10830,0.001953125,9
10831,0.0009765625,10
10832,0.0009765625,10
10833,0.0009765625,10
10834,0.0009765625,10
10835,0.001953125,9
10836,0.0009765625,10
10837,0.0009765625,10
10838,0.0009765625,10
10839,0.001953125,9
10840,0.0009765625,10
10841,0.0009765625,10
10842,0.0009765625,10
10843,0.0009765625,10
10844,0.001953125,9
10845,0.0009765625,10
10846,0.0009765625,10
10847,0.0009765625,10
10848,0.001953125,9
10849,0.0009765625,10
10850,0.0009765625,10
10851,0.0009765625,10
10852,0.001953125,9
10853,0.0009765625,10
10854,0.0009765625,10
10855,0.0009765625,10
10856,0.0009765625,10
10857,0.001953125,9
10858,0.0009765625,10
10859,0.0009765625,10
10860,0.0009765625,10
10861,0.001953125,9
10862,0.0009765625,10
10863,0.0009765625,10
10864,0.0009765625,10
10865,0.001953125,9
10866,0.0009765625,10
10867,0.0009765625,10
10868,0.0009765625,10
10869,0.0009765625,10
10870,0.001953125,9
10871,0.0009765625,10
10872,0.0009765625,10
10873,0.0009765625,10
10874,0.001953125,9
10875,0.0009765625,10
10876,0.0009765625,10
10877,0.0009765625,10
10878,0.001953125,9
10879,0.0009765625,10
10880,0.0009765625,10
10881,0.0009765625,10
10882,0.0009765625,10
10883,0.001953125,9
10884,0.0009765625,10
10885,0.0009765625,10
10886,0.0009765625,10
10887,0.001953125,9
10888,0.0009765625,10
10889,0.0009765625,10
10890,0.0009765625,10
10891,0.001953125,9
10892,0.0009765625,10
10893,0.0009765625,10
10894,0.0009765625,10
10895,0.0009765625,10
10896,0.001953125,9
10897,0.0009765625,10
10898,0.0009765625,10
10899,0.0009765625,10
10900,0.001953125,9
10901,0.0009765625,10
10902,0.0009765625,10
10903,0.0009765625,10
10904,0.001953125,9
10905,0.0009765625,10
10906,0.0009765625,10
10907,0.0009765625,10
10908,0.0009765625,10
10909,0.001953125,9
10910,0.0009765625,10
10911,0.0009765625,10
10912,0.0009765625,10
10913,0.001953125,9
10914,0.0009765625,10
10915,0.0009765625,10
10916,0.0009765625,10
10917,0.001953125,9
10918,0.0009765625,10
10919,0.0009765625,10
10920,0.0009765625,10
10921,0.0009765625,10
10922,0.001953125,9
10923,0.0009765625,10
10924,0.0009765625,10
10925,0.0009765625,10
10926,0.001953125,9
10927,0.0009765625,10
10928,0.0009765625,10
10929,0.0009765625,10
10930,0.0009765625,10
10931,0.001953125,9
10932,0.0009765625,10
10933,0.0009765625,10
10934,0.0009765625,10
10935,0.001953125,9
10936,0.0009765625,10
10937,0.0009765625,10
10938,0.0009765625,10
10939,0.001953125,9
10940,0.0009765625,10
10941,0.0009765625,10
10942,0.0009765625,10
10943,0.0009765625,10
10944,0.001953125,9
10945,0.0009765625,10
10946,0.0009765625,10
10947,0.0009765625,10
10948,0.001953125,9
10949,0.0009765625,10
10950,0.0009765625,10
10951,0.0009765625,10
10952,0.001953125,9
10953,0.0009765625,10
10954,0.0009765625,10
10955,0.0009765625,10
10956,0.0009765625,10
10957,0.001953125,9
10958,0.0009765625,10
10959,0.0009765625,10
10960,0.0009765625,10
10961,0.001953125,9
10962,0.0009765625,10
10963,0.0009765625,10
10964,0.0009765625,10
10965,0.001953125,9
10966,0.0009765625,10
10967,0.0009765625,10
10968,0.0009765625,10
10969,0.0009765625,10
10970,0.001953125,9
10971,0.0009765625,10
10972,0.0009765625,10
10973,0.0009765625,10
10974,0.001953125,9
10975,0.0009765625,10
10976,0.0009765625,10
10977,0.0009765625,10
10978,0.001953125,9
10979,0.0009765625,10
10980,0.0009765625,10
10981,0.0009765625,10
10982,0.0009765625,10
10983,0.001953125,9
10984,0.0009765625,10
10985,0.0009765625,10
10986,0.0009765625,10
10987,0.001953125,9
10988,0.0009765625,10
10989,0.0009765625,10
10990,0.0009765625,10
10991,0.001953125,9
10992,0.0009765625,10
10993,0.0009765625,10
10994,0.0009765625,10
10995,0.0009765625,10
10996,0.001953125,9
10997,0.0009765625,10
10998,0.0009765625,10
10999,0.0009765625,10
11000,0.001953125,9
11001,0.0009765625,10
11002,0.0009765625,10
11003,0.0009765625,10
11004,0.001953125,9
11005,0.0009765625,10
11006,0.0009765625,10
11007,0.0009765625,10
11008,0.0009765625,10
11009,0.001953125,9
11010,0.0009765625,10
11011,0.0009765625,10
11012,0.0009765625,10
11013,0.001953125,9
11014,0.0009765625,10
11015,0.0009765625,10
11016,0.0009765625,10
11017,0.0009765625,10
11018,0.001953125,9
11019,0.0009765625,10
11020,0.0009765625,10
11021,0.0009765625,10
11022,0.001953125,9
11023,0.0009765625,10
11024,0.0009765625,10
11025,0.0009765625,10
11026,0.001953125,9
11027,0.0009765625,10
11028,0.0009765625,10
11029,0.0009765625,10
11030,0.0009765625,10
11031,0.001953125,9
11032,0.0009765625,10
11033,0.0009765625,10
11034,0.0009765625,10
11035,0.001953125,9
11036,0.0009765625,10
11037,0.0009765625,10
11038,0.0009765625,10
11039,0.001953125,9
11040,0.0009765625,10
11041,0.0009765625,10
11042,0.0009765625,10
11043,0.0009765625,10
11044,0.001953125,9
11045,0.0009765625,10
11046,0.0009765625,10
11047,0.0009765625,10
11048,0.001953125,9
11049,0.0009765625,10
11050,0.0009765625,10
11051,0.0009765625,10
11052,0.001953125,9
11053,0.0009765625,10
11054,0.0009765625,10
11055,0.0009765625,10
11056,0.0009765625,10
11057,0.001953125,9
11058,0.0009765625,10
11059,0.0009765625,10
11060,0.0009765625,10
11061,0.001953125,9
11062,0.0009765625,10
11063,0.0009765625,10
11064,0.0009765625,10
11065,0.001953125,9
11066,0.0009765625,10
11067,0.0009765625,10
11068,0.0009765625,10
11069,0.0009765625,10
11070,0.001953125,9
11071,0.0009765625,10
11072,0.0009765625,10
11073,0.0009765625,10
11074,0.001953125,9
11075,0.0009765625,10
11076,0.0009765625,10
11077,0.0009765625,10
11078,0.001953125,9
11079,0.0009765625,10
11080,0.0009765625,10
11081,0.0009765625,10
11082,0.0009765625,10
11083,0.001953125,9
11084,0.0009765625,10
11085,0.0009765625,10
11086,0.0009765625,10
11087,0.001953125,9
11088,0.0009765625,10
11089,0.0009765625,10
11090,0.0009765625,10
11091,0.001953125,9
11092,0.0009765625,10
11093,0.0009765625,10
11094,0.0009765625,10
11095,0.0009765625,10
11096,0.001953125,9
11097,0.0009765625,10
11098,0.0009765625,10
11099,0.0009765625,10
11100,0.001953125,9
11101,0.0009765625,10
11102,0.0009765625,10
11103,0.0009765625,10
11104,0.0009765625,10
11105,0.001953125,9
11106,0.0009765625,10
11107,0.0009765625,10
11108,0.0009765625,10
11109,0.001953125,9
11110,0.0009765625,10
11111,0.0009765625,10
11112,0.0009765625,10
11113,0.001953125,9
11114,0.0009765625,10
11115,0.0009765625,10
11116,0.0009765625,10
11117,0.0009765625,10
11118,0.001953125,9
11119,0.0009765625,10
11120,0.0009765625,10
11121,0.0009765625,10
11122,0.001953125,9
11123,0.0009765625,10
11124,0.0009765625,10
11125,0.0009765625,10
11126,0.001953125,9
11127,0.0009765625,10
11128,0.0009765625,10
11129,0.0009765625,10
11130,0.0009765625,10
11131,0.001953125,9
11132,0.0009765625,10
11133,0.0009765625,10
11134,0.0009765625,10
11135,0.001953125,9
11136,0.0009765625,10
11137,0.0009765625,10
11138,0.0009765625,10
11139,0.001953125,9
11140,0.0009765625,10
11141,0.0009765625,10
11142,0.0009765625,10
11143,0.0009765625,10
11144,0.001953125,9
11145,0.0009765625,10
11146,0.0009765625,10
11147,0.0009765625,10
11148,0.001953125,9
11149,0.0009765625,10
11150,0.0009765625,10
11151,0.0009765625,10
11152,0.001953125,9
11153,0.0009765625,10
11154,0.0009765625,10
11155,0.0009765625,10
11156,0.0009765625,10
11157,0.001953125,9
11158,0.0009765625,10
11159,0.0009765625,10
11160,0.0009765625,10
11161,0.001953125,9
11162,0.0009765625,10
11163,0.0009765625,10
11164,0.0009765625,10
11165,0.001953125,9
11166,0.0009765625,10
11167,0.0009765625,10
11168,0.0009765625,10
11169,0.0009765625,10
11170,0.001953125,9
11171,0.0009765625,10
11172,0.0009765625,10
11173,0.0009765625,10
11174,0.001953125,9
11175,0.0009765625,10
11176,0.0009765625,10
11177,0.0009765625,10
11178,0.0009765625,10
11179,0.001953125,9
11180,0.0009765625,10
11181,0.0009765625,10
11182,0.0009765625,10
11183,0.001953125,9
11184,0.0009765625,10
11185,0.0009765625,10
11186,0.0009765625,10
11187,0.001953125,9
11188,0.0009765625,10
11189,0.0009765625,10
11190,0.0009765625,10
11191,0.0009765625,10
11192,0.001953125,9
11193,0.0009765625,10
11194,0.0009765625,10
11195,0.0009765625,10
11196,0.001953125,9
11197,0.0009765625,10
11198,0.0009765625,10
11199,0.0009765625,10
11200,0.001953125,9
11201,0.0009765625,10
11202,0.0009765625,10
11203,0.0009765625,10
11204,0.0009765625,10
11205,0.001953125,9
11206,0.0009765625,10
11207,0.0009765625,10
11208,0.0009765625,10
11209,0.001953125,9
11210,0.0009765625,10
11211,0.0009765625,10
11212,0.0009765625,10
11213,0.001953125,9
11214,0.0009765625,10
11215,0.0009765625,10
11216,0.0009765625,10
11217,0.0009765625,10
11218,0.001953125,9
11219,0.0009765625,10
11220,0.0009765625,10
11221,0.0009765625,10
11222,0.001953125,9
11223,0.0009765625,10
11224,0.0009765625,10
11225,0.0009765625,10
11226,0.001953125,9
11227,0.0009765625,10
11228,0.0009765625,10
11229,0.0009765625,10
11230,0.0009765625,10
11231,0.001953125,9
11232,0.0009765625,10
11233,0.0009765625,10
11234,0.0009765625,10
11235,0.001953125,9
11236,0.0009765625,10
11237,0.0009765625,10
11238,0.0009765625,10
11239,0.001953125,9
11240,0.0009765625,10
11241,0.0009765625,10
11242,0.0009765625,10
11243,0.0009765625,10
11244,0.001953125,9
11245,0.0009765625,10
11246,0.0009765625,10
11247,0.0009765625,10
11248,0.001953125,9
11249,0.0009765625,10
11250,0.0009765625,10
11251,0.0009765625,10
11252,0.001953125,9
11253,0.0009765625,10
11254,0.0009765625,10
11255,0.0009765625,10
11256,0.0009765625,10
11257,0.001953125,9
11258,0.0009765625,10
11259,0.0009765625,10
11260,0.0009765625,10
11261,0.001953125,9
11262,0.0009765625,10
11263,0.0009765625,10
11264,0.0009765625,10
11265,0.0009765625,10
11266,0.001953125,9
11267,0.0009765625,10
11268,0.0009765625,10
11269,0.0009765625,10
11270,0.001953125,9
11271,0.0009765625,10
11272,0.0009765625,10
11273,0.0009765625,10
11274,0.001953125,9
11275,0.0009765625,10
11276,0.0009765625,10
11277,0.0009765625,10
11278,0.0009765625,10
11279,0.001953125,9
11280,0.0009765625,10
11281,0.0009765625,10
11282,0.0009765625,10
11283,0.001953125,9
11284,0.0009765625,10
11285,0.0009765625,10
11286,0.0009765625,10
11287,0.001953125,9
11288,0.0009765625,10
11289,0.0009765625,10
11290,0.0009765625,10
11291,0.0009765625,10
11292,0.001953125,9
11293,0.0009765625,10
11294,0.0009765625,10
11295,0.0009765625,10
11296,0.001953125,9
11297,0.0009765625,10
11298,0.0009765625,10
11299,0.0009765625,10
11300,0.001953125,9
11301,0.0009765625,10
11302,0.0009765625,10
11303,0.0009765625,10
11304,0.0009765625,10
11305,0.001953125,9
11306,0.0009765625,10
11307,0.0009765625,10
11308,0.0009765625,10
11309,0.001953125,9
11310,0.0009765625,10
11311,0.0009765625,10
11312,0.0009765625,10
11313,0.001953125,9
11314,0.0009765625,10
11315,0.0009765625,10
11316,0.0009765625,10
11317,0.0009765625,10
11318,0.001953125,9
11319,0.0009765625,10
11320,0.0009765625,10
11321,0.0009765625,10
11322,0.001953125,9
11323,0.0009765625,10
11324,0.0009765625,10
11325,0.0009765625,10
11326,0.001953125,9
11327,0.0009765625,10
11328,0.0009765625,10
11329,0.0009765625,10
11330,0.0009765625,10
11331,0.001953125,9
11332,0.0009765625,10
11333,0.0009765625,10
11334,0.0009765625,10
11335,0.001953125,9
11336,0.0009765625,10
11337,0.0009765625,10
11338,0.0009765625,10
11339,0.0009765625,10
11340,0.001953125,9
11341,0.0009765625,10
11342,0.0009765625,10
11343,0.0009765625,10
11344,0.001953125,9
11345,0.0009765625,10
11346,0.0009765625,10
11347,0.0009765625,10
11348,0.001953125,9
11349,0.0009765625,10
11350,0.0009765625,10
11351,0.0009765625,10
11352,0.0009765625,10
11353,0.001953125,9
11354,0.0009765625,10
11355,0.0009765625,10
11356,0.0009765625,10
11357,0.001953125,9
11358,0.0009765625,10
11359,0.0009765625,10
11360,0.0009765625,10
11361,0.001953125,9
11362,0.0009765625,10
11363,0.0009765625,10
11364,0.0009765625,10
11365,0.0009765625,10
11366,0.001953125,9
11367,0.0009765625,10
11368,0.0009765625,10
11369,0.0009765625,10
11370,0.001953125,9
11371,0.0009765625,10
11372,0.0009765625,10
11373,0.0009765625,10
11374,0.001953125,9
11375,0.0009765625,10
11376,0.0009765625,10
11377,0.0009765625,10
11378,0.0009765625,10
11379,0.001953125,9
11380,0.0009765625,10
11381,0.0009765625,10
11382,0.0009765625,10
11383,0.001953125,9
11384,0.0009765625,10
11385,0.0009765625,10
11386,0.0009765625,10
11387,0.001953125,9
11388,0.0009765625,10
11389,0.0009765625,10
11390,0.0009765625,10
11391,0.0009765625,10
11392,0.001953125,9
11393,0.0009765625,10
11394,0.0009765625,10
11395,0.0009765625,10
11396,0.001953125,9
11397,0.0009765625,10
11398,0.0009765625,10
11399,0.0009765625,10
11400,0.001953125,9
11401,0.0009765625,10
11402,0.0009765625,10
11403,0.0009765625,10
11404,0.0009765625,10
11405,0.001953125,9
11406,0.0009765625,10
11407,0.0009765625,10
11408,0.0009765625,10
11409,0.001953125,9
11410,0.0009765625,10
11411,0.0009765625,10
11412,0.0009765625,10
11413,0.0009765625,10
11414,0.001953125,9
11415,0.0009765625,10
11416,0.0009765625,10
11417,0.0009765625,10
11418,0.001953125,9
11419,0.0009765625,10
11420,0.0009765625,10
11421,0.0009765625,10
11422,0.001953125,9
11423,0.0009765625,10
11424,0.0009765625,10
11425,0.0009765625,10
11426,0.0009765625,10
11427,0.001953125,9
11428,0.0009765625,10
11429,0.0009765625,10
11430,0.0009765625,10
11431,0.001953125,9
11432,0.0009765625,10
11433,0.0009765625,10
11434,0.0009765625,10
11435,0.001953125,9
11436,0.0009765625,10
11437,0.0009765625,10
11438,0.0009765625,10
11439,0.0009765625,10
11440,0.001953125,9
11441,0.0009765625,10
11442,0.0009765625,10
11443,0.0009765625,10
11444,0.001953125,9
11445,0.0009765625,10
11446,0.0009765625,10
11447,0.0009765625,10
11448,0.001953125,9
11449,0.0009765625,10
11450,0.0009765625,10
11451,0.0009765625,10
11452,0.0009765625,10
11453,0.001953125,9
11454,0.0009765625,10
11455,0.0009765625,10
11456,0.0009765625,10
11457,0.001953125,9
11458,0.0009765625,10
11459,0.0009765625,10
11460,0.0009765625,10
11461,0.001953125,9
11462,0.0009765625,10
11463,0.0009765625,10
11464,0.0009765625,10
11465,0.0009765625,10
11466,0.001953125,9
11467,0.0009765625,10
11468,0.0009765625,10
11469,0.0009765625,10
11470,0.001953125,9
11471,0.0009765625,10
11472,0.0009765625,10
11473,0.0009765625,10
11474,0.001953125,9
11475,0.0009765625,10
11476,0.0009765625,10
11477,0.0009765625,10
11478,0.0009765625,10
11479,0.001953125,9
11480,0.0009765625,10
11481,0.0009765625,10
11482,0.0009765625,10
11483,0.001953125,9
11484,0.0009765625,10
11485,0.0009765625,10
11486,0.0009765625,10
11487,0.001953125,9
11488,0.0009765625,10
11489,0.0009765625,10
11490,0.0009765625,10
11491,0.0009765625,10
11492,0.001953125,9
11493,0.0009765625,10
11494,0.0009765625,10
11495,0.0009765625,10
11496,0.001953125,9
11497,0.0009765625,10
11498,0.0009765625,10
11499,0.0009765625,10
11500,0.0009765625,10
11501,0.001953125,9
11502,0.0009765625,10
11503,0.0009765625,10
11504,0.0009765625,10
11505,0.001953125,9
11506,0.0009765625,10
11507,0.0009765625,10
11508,0.0009765625,10
11509,0.001953125,9
11510,0.0009765625,10
11511,0.0009765625,10
11512,0.0009765625,10
11513,0.0009765625,10
11514,0.001953125,9
11515,0.0009765625,10
11516,0.0009765625,10
11517,0.0009765625,10
11518,0.001953125,9
11519,0.0009765625,10
11520,0.0009765625,10
11521,0.0009765625,10
11522,0.001953125,9
11523,0.0009765625,10
11524,0.0009765625,10
11525,0.0009765625,10
11526,0.0009765625,10
11527,0.001953125,9
11528,0.0009765625,10
11529,0.0009765625,10
11530,0.0009765625,10
11531,0.001953125,9
11532,0.0009765625,10
11533,0.0009765625,10
11534,0.0009765625,10
11535,0.001953125,9
11536,0.0009765625,10
11537,0.0009765625,10
11538,0.0009765625,10
11539,0.0009765625,10
11540,0.001953125,9
11541,0.0009765625,10
11542,0.0009765625,10
11543,0.0009765625,10
11544,0.001953125,9
11545,0.0009765625,10
11546,0.0009765625,10
11547,0.0009765625,10
11548,0.001953125,9
11549,0.0009765625,10
11550,0.0009765625,10
11551,0.0009765625,10
11552,0.0009765625,10
11553,0.001953125,9
11554,0.0009765625,10
11555,0.0009765625,10
11556,0.0009765625,10
11557,0.001953125,9
11558,0.0009765625,10
11559,0.0009765625,10
11560,0.0009765625,10
11561,0.001953125,9
11562,0.0009765625,10
11563,0.0009765625,10
11564,0.0009765625,10
11565,0.0009765625,10
11566,0.001953125,9
11567,0.0009765625,10
11568,0.0009765625,10
11569,0.0009765625,10
11570,0.001953125,9
11571,0.0009765625,10
11572,0.0009765625,10
11573,0.0009765625,10
11574,0.0009765625,10
11575,0.001953125,9
11576,0.0009765625,10
11577,0.0009765625,10
11578,0.0009765625,10
11579,0.001953125,9
11580,0.0009765625,10
11581,0.0009765625,10
11582,0.0009765625,10
11583,0.001953125,9
11584,0.0009765625,10
11585,0.0009765625,10
11586,0.0009765625,10
11587,0.0009765625,10
11588,0.001953125,9
11589,0.0009765625,10
11590,0.0009765625,10
11591,0.0009765625,10
11592,0.001953125,9
11593,0.0009765625,10
11594,0.0009765625,10
11595,0.0009765625,10
11596,0.001953125,9
11597,0.0009765625,10
11598,0.0009765625,10
11599,0.0009765625,10
11600,0.0009765625,10
11601,0.001953125,9
11602,0.0009765625,10
11603,0.0009765625,10
11604,0.0009765625,10
11605,0.001953125,9
11606,0.0009765625,10
11607,0.0009765625,10
11608,0.0009765625,10
11609,0.001953125,9
11610,0.0009765625,10
11611,0.0009765625,10
11612,0.0009765625,10
11613,0.0009765625,10
11614,0.001953125,9
11615,0.0009765625,10
11616,0.0009765625,10
11617,0.0009765625,10
11618,0.001953125,9
11619,0.0009765625,10
11620,0.0009765625,10
11621,0.0009765625,10
11622,0.001953125,9
11623,0.0009765625,10
11624,0.0009765625,10
11625,0.0009765625,10
11626,0.0009765625,10
11627,0.001953125,9
11628,0.0009765625,10
11629,0.0009765625,10
11630,0.0009765625,10
11631,0.001953125,9
11632,0.0009765625,10
11633,0.0009765625,10
11634,0.0009765625,10
11635,0.001953125,9
11636,0.0009765625,10
11637,0.0009765625,10
11638,0.0009765625,10
11639,0.0009765625,10
11640,0.001953125,9
11641,0.0009765625,10
11642,0.0009765625,10
11643,0.0009765625,10
11644,0.001953125,9
11645,0.0009765625,10
11646,0.0009765625,10
11647,0.0009765625,10
11648,0.0009765625,10
11649,0.001953125,9
11650,0.0009765625,10
11651,0.0009765625,10
11652,0.0009765625,10
11653,0.001953125,9
11654,0.0009765625,10
11655,0.0009765625,10
11656,0.0009765625,10
11657,0.001953125,9
11658,0.0009765625,10
11659,0.0009765625,10
11660,0.0009765625,10
11661,0.0009765625,10
11662,0.001953125,9
11663,0.0009765625,10
11664,0.0009765625,10
11665,0.0009765625,10
11666,0.001953125,9
11667,0.0009765625,10
11668,0.0009765625,10
11669,0.0009765625,10
11670,0.001953125,9
11671,0.0009765625,10
11672,0.0009765625,10
11673,0.0009765625,10
11674,0.0009765625,10
11675,0.001953125,9
11676,0.0009765625,10
11677,0.0009765625,10
11678,0.0009765625,10
11679,0.001953125,9
11680,0.0009765625,10
11681,0.0009765625,10
11682,0.0009765625,10
11683,0.001953125,9
11684,0.0009765625,10
11685,0.0009765625,10
11686,0.0009765625,10
11687,0.0009765625,10
11688,0.001953125,9
11689,0.0009765625,10
11690,0.0009765625,10
11691,0.0009765625,10
11692,0.001953125,9
11693,0.0009765625,10
11694,0.0009765625,10
11695,0.0009765625,10
11696,0.001953125,9
11697,0.0009765625,10
11698,0.0009765625,10
11699,0.0009765625,10
11700,0.0009765625,10
11701,0.001953125,9
11702,0.0009765625,10
11703,0.0009765625,10
11704,0.0009765625,10
11705,0.001953125,9
11706,0.0009765625,10
11707,0.0009765625,10
11708,0.0009765625,10
11709,0.001953125,9
11710,0.0009765625,10
11711,0.0009765625,10
11712,0.0009765625,10
11713,0.0009765625,10
11714,0.001953125,9
11715,0.0009765625,10
11716,0.0009765625,10
11717,0.0009765625,10
11718,0.001953125,9
11719,0.0009765625,10
11720,0.0009765625,10
11721,0.0009765625,10
11722,0.0009765625,10
11723,0.001953125,9
11724,0.0009765625,10
11725,0.0009765625,10
11726,0.0009765625,10
11727,0.001953125,9
11728,0.0009765625,10
11729,0.0009765625,10
11730,0.0009765625,10
11731,0.001953125,9
11732,0.0009765625,10
11733,0.0009765625,10
11734,0.0009765625,10
11735,0.0009765625,10
11736,0.001953125,9
11737,0.0009765625,10
11738,0.0009765625,10
11739,0.0009765625,10
11740,0.001953125,9
11741,0.0009765625,10
11742,0.0009765625,10
11743,0.0009765625,10
11744,0.001953125,9
11745,0.0009765625,10
11746,0.0009765625,10
11747,0.0009765625,10
11748,0.0009765625,10
11749,0.001953125,9
11750,0.0009765625,10
11751,0.0009765625,10
11752,0.0009765625,10
11753,0.001953125,9
11754,0.0009765625,10
11755,0.0009765625,10
11756,0.0009765625,10
11757,0.001953125,9
11758,0.0009765625,10
11759,0.0009765625,10
11760,0.0009765625,10
11761,0.0009765625,10
11762,0.001953125,9
11763,0.0009765625,10
11764,0.0009765625,10
11765,0.0009765625,10
11766,0.001953125,9
11767,0.0009765625,10
11768,0.0009765625,10
11769,0.0009765625,10
11770,0.001953125,9
11771,0.0009765625,10
11772,0.0009765625,10
11773,0.0009765625,10
11774,0.0009765625,10
11775,0.001953125,9
11776,0.0009765625,10
11777,0.0009765625,10
11778,0.0009765625,10
11779,0.001953125,9
11780,0.0009765625,10
11781,0.0009765625,10
11782,0.0009765625,10
11783,0.001953125,9
11784,0.0009765625,10
11785,0.0009765625,10
11786,0.0009765625,10
11787,0.0009765625,10
11788,0.001953125,9
11789,0.0009765625,10
11790,0.0009765625,10
11791,0.0009765625,10
11792,0.001953125,9
11793,0.0009765625,10
11794,0.0009765625,10
11795,0.0009765625,10
11796,0.0009765625,10
11797,0.001953125,9
11798,0.0009765625,10
11799,0.0009765625,10
11800,0.0009765625,10
11801,0.001953125,9
11802,0.0009765625,10
11803,0.0009765625,10
11804,0.0009765625,10
11805,0.001953125,9
11806,0.0009765625,10
11807,0.0009765625,10
11808,0.0009765625,10
11809,0.0009765625,10
11810,0.001953125,9
11811,0.0009765625,10
11812,0.0009765625,10
11813,0.0009765625,10
11814,0.001953125,9
11815,0.0009765625,10
11816,0.0009765625,10
11817,0.0009765625,10
11818,0.001953125,9
11819,0.0009765625,10
11820,0.0009765625,10
11821,0.0009765625,10
11822,0.0009765625,10
11823,0.001953125,9
11824,0.0009765625,10
11825,0.0009765625,10
11826,0.0009765625,10
11827,0.001953125,9
11828,0.0009765625,10
11829,0.0009765625,10
11830,0.0009765625,10
11831,0.001953125,9
11832,0.0009765625,10
11833,0.0009765625,10
11834,0.0009765625,10
11835,0.0009765625,10
11836,0.001953125,9
11837,0.0009765625,10
11838,0.0009765625,10
11839,0.0009765625,10
11840,0.001953125,9
11841,0.0009765625,10
11842,0.0009765625,10
11843,0.0009765625,10
11844,0.001953125,9
11845,0.0009765625,10
11846,0.0009765625,10
11847,0.0009765625,10
11848,0.0009765625,10
11849,0.001953125,9
11850,0.0009765625,10
11851,0.0009765625,10
11852,0.0009765625,10
11853,0.001953125,9
11854,0.0009765625,10
11855,0.0009765625,10
11856,0.0009765625,10
11857,0.001953125,9
11858,0.0009765625,10
11859,0.0009765625,10
11860,0.0009765625,10
11861,0.0009765625,10
11862,0.001953125,9
11863,0.0009765625,10
11864,0.0009765625,10
11865,0.0009765625,10
11866,0.001953125,9
11867,0.0009765625,10
11868,0.0009765625,10
11869,0.0009765625,10
11870,0.001953125,9
11871,0.0009765625,10
11872,0.0009765625,10
11873,0.0009765625,10
11874,0.0009765625,10
11875,0.001953125,9
11876,0.0009765625,10
11877,0.0009765625,10
11878,0.0009765625,10
11879,0.001953125,9
11880,0.0009765625,10
11881,0.0009765625,10
11882,0.0009765625,10
11883,0.0009765625,10
11884,0.001953125,9
11885,0.0009765625,10
11886,0.0009765625,10
11887,0.0009765625,10
11888,0.001953125,9
11889,0.0009765625,10
11890,0.0009765625,10
11891,0.0009765625,10
11892,0.001953125,9
11893,0.0009765625,10
11894,0.0009765625,10
11895,0.0009765625,10
11896,0.0009765625,10
11897,0.001953125,9
11898,0.0009765625,10
11899,0.0009765625,10
11900,0.0009765625,10
11901,0.001953125,9
11902,0.0009765625,10
11903,0.0009765625,10
11904,0.0009765625,10
11905,0.001953125,9
11906,0.0009765625,10
11907,0.0009765625,10
11908,0.0009765625,10
11909,0.0009765625,10
11910,0.001953125,9
11911,0.0009765625,10
11912,0.0009765625,10
11913,0.0009765625,10
11914,0.001953125,9
11915,0.0009765625,10
11916,0.0009765625,10
11917,0.0009765625,10
11918,0.001953125,9
11919,0.0009765625,10
11920,0.0009765625,10
11921,0.0009765625,10
11922,0.0009765625,10
11923,0.001953125,9
11924,0.0009765625,10
11925,0.0009765625,10
11926,0.0009765625,10
11927,0.001953125,9
11928,0.0009765625,10
11929,0.0009765625,10
11930,0.0009765625,10
11931,0.001953125,9
11932,0.0009765625,10
11933,0.0009765625,10
11934,0.0009765625,10
11935,0.0009765625,10
11936,0.001953125,9
11937,0.0009765625,10
11938,0.0009765625,10
11939,0.0009765625,10
11940,0.001953125,9
11941,0.0009765625,10
11942,0.0009765625,10
11943,0.0009765625,10
11944,0.001953125,9
11945,0.0009765625,10
11946,0.0009765625,10
11947,0.0009765625,10
11948,0.0009765625,10
11949,0.001953125,9
11950,0.0009765625,10
11951,0.0009765625,10
11952,0.0009765625,10
11953,0.001953125,9
11954,0.0009765625,10
11955,0.0009765625,10
11956,0.0009765625,10
11957,0.0009765625,10
11958,0.001953125,9
11959,0.0009765625,10
11960,0.0009765625,10
11961,0.0009765625,10
11962,0.001953125,9
11963,0.0009765625,10
11964,0.0009765625,10
11965,0.0009765625,10
11966,0.001953125,9
11967,0.0009765625,10
11968,0.0009765625,10
11969,0.0009765625,10
11970,0.0009765625,10
11971,0.001953125,9
11972,0.0009765625,10
11973,0.0009765625,10
11974,0.0009765625,10
11975,0.001953125,9
11976,0.0009765625,10
11977,0.0009765625,10
11978,0.0009765625,10
11979,0.001953125,9
11980,0.0009765625,10
11981,0.0009765625,10
11982,0.0009765625,10
11983,0.0009765625,10
11984,0.001953125,9
11985,0.0009765625,10
11986,0.0009765625,10
11987,0.0009765625,10
11988,0.001953125,9
11989,0.0009765625,10
11990,0.0009765625,10
11991,0.0009765625,10
11992,0.001953125,9
11993,0.0009765625,10
11994,0.0009765625,10
11995,0.0009765625,10
11996,0.0009765625,10
11997,0.001953125,9
11998,0.0009765625,10
11999,0.0009765625,10
12000,0.0009765625,10
12001,0.001953125,9
12002,0.0009765625,10
12003,0.0009765625,10
12004,0.0009765625,10
12005,0.001953125,9
12006,0.0009765625,10
12007,0.0009765625,10
12008,0.0009765625,10
12009,0.0009765625,10
12010,0.001953125,9
12011,0.0009765625,10
12012,0.0009765625,10
12013,0.0009765625,10
12014,0.001953125,9
12015,0.0009765625,10
12016,0.0009765625,10
12017,0.0009765625,10
12018,0.001953125,9
12019,0.0009765625,10
12020,0.0009765625,10
12021,0.0009765625,10
12022,0.0009765625,10
12023,0.001953125,9
12024,0.0009765625,10
12025,0.0009765625,10
12026,0.0009765625,10
12027,0.001953125,9
12028,0.0009765625,10
12029,0.0009765625,10
12030,0.0009765625,10
12031,0.0009765625,10
12032,0.001953125,9
12033,0.0009765625,10
12034,0.0009765625,10
12035,0.0009765625,10
12036,0.001953125,9
12037,0.0009765625,10
12038,0.0009765625,10
12039,0.0009765625,10
12040,0.001953125,9
12041,0.0009765625,10
12042,0.0009765625,10
12043,0.0009765625,10
12044,0.0009765625,10
12045,0.001953125,9
12046,0.0009765625,10
12047,0.0009765625,10
12048,0.0009765625,10
12049,0.001953125,9
12050,0.0009765625,10
12051,0.0009765625,10
12052,0.0009765625,10
12053,0.001953125,9
12054,0.0009765625,10
12055,0.0009765625,10
12056,0.0009765625,10
12057,0.0009765625,10
12058,0.001953125,9
12059,0.0009765625,10
12060,0.0009765625,10
12061,0.0009765625,10
12062,0.001953125,9
12063,0.0009765625,10
12064,0.0009765625,10
12065,0.0009765625,10
12066,0.001953125,9
12067,0.0009765625,10
12068,0.0009765625,10
12069,0.0009765625,10
12070,0.0009765625,10
12071,0.001953125,9
12072,0.0009765625,10
12073,0.0009765625,10
12074,0.0009765625,10
12075,0.001953125,9
12076,0.0009765625,10
12077,0.0009765625,10
12078,0.0009765625,10
12079,0.001953125,9
12080,0.0009765625,10
12081,0.0009765625,10
12082,0.0009765625,10
12083,0.0009765625,10
12084,0.001953125,9
12085,0.0009765625,10
12086,0.0009765625,10
12087,0.0009765625,10
12088,0.001953125,9
12089,0.0009765625,10
12090,0.0009765625,10
12091,0.0009765625,10
12092,0.001953125,9
12093,0.0009765625,10
12094,0.0009765625,10
12095,0.0009765625,10
12096,0.0009765625,10
12097,0.001953125,9
12098,0.0009765625,10
12099,0.0009765625,10
12100,0.0009765625,10
12101,0.001953125,9
12102,0.0009765625,10
12103,0.0009765625,10
12104,0.0009765625,10
12105,0.0009765625,10
12106,0.001953125,9
12107,0.0009765625,10
12108,0.0009765625,10
12109,0.0009765625,10
12110,0.001953125,9
12111,0.0009765625,10
12112,0.0009765625,10
12113,0.0009765625,10
12114,0.001953125,9
12115,0.0009765625,10
12116,0.0009765625,10
12117,0.0009765625,10
12118,0.0009765625,10
12119,0.001953125,9
12120,0.0009765625,10
12121,0.0009765625,10
12122,0.0009765625,10
12123,0.001953125,9
12124,0.0009765625,10
12125,0.0009765625,10
12126,0.0009765625,10
12127,0.001953125,9
12128,0.0009765625,10
12129,0.0009765625,10
12130,0.0009765625,10
12131,0.0009765625,10
12132,0.001953125,9
12133,0.0009765625,10
12134,0.0009765625,10
12135,0.0009765625,10
12136,0.001953125,9
12137,0.0009765625,10
12138,0.0009765625,10
12139,0.0009765625,10
12140,0.001953125,9
12141,0.0009765625,10
12142,0.0009765625,10
12143,0.0009765625,10
12144,0.0009765625,10
12145,0.001953125,9
12146,0.0009765625,10
12147,0.0009765625,10
12148,0.0009765625,10
12149,0.001953125,9
12150,0.0009765625,10
12151,0.0009765625,10
12152,0.0009765625,10
12153,0.001953125,9
12154,0.0009765625,10
12155,0.0009765625,10
12156,0.0009765625,10
12157,0.0009765625,10
12158,0.001953125,9
12159,0.0009765625,10
12160,0.0009765625,10
12161,0.0009765625,10
12162,0.001953125,9
12163,0.0009765625,10
12164,0.0009765625,10
12165,0.0009765625,10
12166,0.001953125,9
12167,0.0009765625,10
12168,0.0009765625,10
12169,0.0009765625,10
12170,0.0009765625,10
12171,0.001953125,9
12172,0.0009765625,10
12173,0.0009765625,10
12174,0.0009765625,10
12175,0.001953125,9
12176,0.0009765625,10
12177,0.0009765625,10
12178,0.0009765625,10
12179,0.0009765625,10
12180,0.001953125,9
12181,0.0009765625,10
12182,0.0009765625,10
12183,0.0009765625,10
12184,0.001953125,9
12185,0.0009765625,10
12186,0.0009765625,10
12187,0.0009765625,10
12188,0.001953125,9
12189,0.0009765625,10
12190,0.0009765625,10
12191,0.0009765625,10
12192,0.0009765625,10
12193,0.001953125,9
12194,0.0009765625,10
12195,0.0009765625,10
12196,0.0009765625,10
12197,0.001953125,9
12198,0.0009765625,10
12199,0.0009765625,10
12200,0.0009765625,10
12201,0.001953125,9
12202,0.0009765625,10
12203,0.0009765625,10
12204,0.0009765625,10
12205,0.0009765625,10
12206,0.001953125,9
12207,0.0009765625,10
12208,0.0009765625,10
12209,0.0009765625,10
12210,0.001953125,9
12211,0.0009765625,10
12212,0.0009765625,10
12213,0.0009765625,10
12214,0.001953125,9
12215,0.0009765625,10
12216,0.0009765625,10
12217,0.0009765625,10
12218,0.0009765625,10
12219,0.001953125,9
12220,0.0009765625,10
12221,0.0009765625,10
12222,0.0009765625,10
12223,0.001953125,9
12224,0.0009765625,10
12225,0.0009765625,10
12226,0.0009765625,10
12227,0.001953125,9
12228,0.0009765625,10
12229,0.0009765625,10
12230,0.0009765625,10
12231,0.0009765625,10
12232,0.001953125,9
12233,0.0009765625,10
12234,0.0009765625,10
12235,0.0009765625,10
12236,0.001953125,9
12237,0.0009765625,10
12238,0.0009765625,10
12239,0.0009765625,10
12240,0.0009765625,10
12241,0.001953125,9
12242,0.0009765625,10
12243,0.0009765625,10
12244,0.0009765625,10
12245,0.001953125,9
12246,0.0009765625,10
12247,0.0009765625,10
12248,0.0009765625,10
12249,0.001953125,9
12250,0.0009765625,10
12251,0.0009765625,10
12252,0.0009765625,10
12253,0.0009765625,10
12254,0.001953125,9
12255,0.0009765625,10
12256,0.0009765625,10
12257,0.0009765625,10
12258,0.001953125,9
12259,0.0009765625,10
12260,0.0009765625,10
12261,0.0009765625,10
12262,0.001953125,9
12263,0.0009765625,10
12264,0.0009765625,10
12265,0.0009765625,10
12266,0.0009765625,10
12267,0.001953125,9
12268,0.0009765625,10
12269,0.0009765625,10
12270,0.0009765625,10
12271,0.001953125,9
12272,0.0009765625,10
12273,0.0009765625,10
12274,0.0009765625,10
12275,0.001953125,9
12276,0.0009765625,10
12277,0.0009765625,10
12278,0.0009765625,10
12279,0.0009765625,10
12280,0.001953125,9
12281,0.0009765625,10
12282,0.0009765625,10
12283,0.0009765625,10
12284,0.001953125,9
12285,0.0009765625,10
12286,0.0009765625,10
12287,0.0009765625,10
12288,0.001953125,9
12289,0.0009765625,10
12290,0.0009765625,10
12291,0.0009765625,10
12292,0.0009765625,10
12293,0.001953125,9
12294,0.0009765625,10
12295,0.0009765625,10
12296,0.0009765625,10
12297,0.001953125,9
12298,0.0009765625,10
12299,0.0009765625,10
12300,0.0009765625,10
12301,0.001953125,9
12302,0.0009765625,10
12303,0.0009765625,10
12304,0.0009765625,10
12305,0.0009765625,10
12306,0.001953125,9
12307,0.0009765625,10
12308,0.0009765625,10
12309,0.0009765625,10
12310,0.001953125,9
12311,0.0009765625,10
12312,0.0009765625,10
12313,0.0009765625,10
12314,0.0009765625,10
12315,0.001953125,9
12316,0.0009765625,10
12317,0.0009765625,10
12318,0.0009765625,10
12319,0.001953125,9
12320,0.0009765625,10
12321,0.0009765625,10
12322,0.0009765625,10
12323,0.001953125,9
12324,0.0009765625,10
12325,0.0009765625,10
12326,0.0009765625,10
12327,0.0009765625,10
12328,0.001953125,9
12329,0.0009765625,10
12330,0.0009765625,10
12331,0.0009765625,10
12332,0.001953125,9
12333,0.0009765625,10
12334,0.0009765625,10
12335,0.0009765625,10
12336,0.001953125,9
12337,0.0009765625,10
12338,0.0009765625,10
12339,0.0009765625,10
12340,0.0009765625,10
12341,0.001953125,9
12342,0.0009765625,10
12343,0.0009765625,10
12344,0.0009765625,10
12345,0.001953125,9
12346,0.0009765625,10
12347,0.0009765625,10
12348,0.0009765625,10
12349,0.001953125,9
12350,0.0009765625,10
12351,0.0009765625,10
12352,0.0009765625,10
12353,0.0009765625,10
12354,0.001953125,9
12355,0.0009765625,10
12356,0.0009765625,10
12357,0.0009765625,10
12358,0.001953125,9
12359,0.0009765625,10
12360,0.0009765625,10
12361,0.0009765625,10
12362,0.001953125,9
12363,0.0009765625,10
12364,0.0009765625,10
12365,0.0009765625,10
12366,0.0009765625,10
12367,0.001953125,9
12368,0.0009765625,10
12369,0.0009765625,10
12370,0.0009765625,10
12371,0.001953125,9
12372,0.0009765625,10
12373,0.0009765625,10
12374,0.0009765625,10
12375,0.001953125,9
12376,0.0009765625,10
12377,0.0009765625,10
12378,0.0009765625,10
12379,0.0009765625,10
12380,0.001953125,9
12381,0.0009765625,10
12382,0.0009765625,10
12383,0.0009765625,10
12384,0.001953125,9
12385,0.0009765625,10
12386,0.0009765625,10
12387,0.0009765625,10
12388,0.0009765625,10
12389,0.001953125,9
12390,0.0009765625,10
12391,0.0009765625,10
12392,0.0009765625,10
12393,0.001953125,9
12394,0.0009765625,10
12395,0.0009765625,10
12396,0.0009765625,10
12397,0.001953125,9
12398,0.0009765625,10
12399,0.0009765625,10
12400,0.0009765625,10
12401,0.0009765625,10
12402,0.001953125,9
12403,0.0009765625,10
12404,0.0009765625,10
12405,0.0009765625,10
12406,0.001953125,9
12407,0.0009765625,10
12408,0.0009765625,10
12409,0.0009765625,10
12410,0.001953125,9
12411,0.0009765625,10
12412,0.0009765625,10
12413,0.0009765625,10
12414,0.0009765625,10
12415,0.001953125,9
12416,0.0009765625,10
12417,0.0009765625,10
12418,0.0009765625,10
12419,0.001953125,9
12420,0.0009765625,10
12421,0.0009765625,10
12422,0.0009765625,10
12423,0.001953125,9
12424,0.0009765625,10
12425,0.0009765625,10
12426,0.0009765625,10
12427,0.0009765625,10
12428,0.001953125,9
12429,0.0009765625,10
12430,0.0009765625,10
12431,0.0009765625,10
12432,0.001953125,9
12433,0.0009765625,10
12434,0.0009765625,10
12435,0.0009765625,10
12436,0.001953125,9
12437,0.0009765625,10
12438,0.0009765625,10
12439,0.0009765625,10
12440,0.0009765625,10
12441,0.001953125,9
12442,0.0009765625,10
12443,0.0009765625,10
12444,0.0009765625,10
12445,0.001953125,9
12446,0.0009765625,10
12447,0.0009765625,10
12448,0.0009765625,10
12449,0.001953125,9
12450,0.0009765625,10
12451,0.0009765625,10
12452,0.0009765625,10
12453,0.0009765625,10
12454,0.001953125,9
12455,0.0009765625,10
12456,0.0009765625,10
12457,0.0009765625,10
12458,0.001953125,9
12459,0.0009765625,10
12460,0.0009765625,10
12461,0.0009765625,10
12462,0.0009765625,10
12463,0.001953125,9
12464,0.0009765625,10
12465,0.0009765625,10
12466,0.0009765625,10
12467,0.001953125,9
12468,0.0009765625,10
12469,0.0009765625,10
12470,0.0009765625,10
12471,0.001953125,9
12472,0.0009765625,10
12473,0.0009765625,10
12474,0.0009765625,10
12475,0.0009765625,10
12476,0.001953125,9
12477,0.0009765625,10
12478,0.0009765625,10
12479,0.0009765625,10
12480,0.001953125,9
12481,0.0009765625,10
12482,0.0009765625,10
12483,0.0009765625,10
12484,0.001953125,9
12485,0.0009765625,10
12486,0.0009765625,10
12487,0.0009765625,10
12488,0.0009765625,10
12489,0.001953125,9
12490,0.0009765625,10
12491,0.0009765625,10
12492,0.0009765625,10
12493,0.001953125,9
12494,0.0009765625,10
12495,0.0009765625,10
12496,0.0009765625,10
12497,0.001953125,9
12498,0.0009765625,10
12499,0.0009765625,10
12500,0.0009765625,10
12501,0.0009765625,10
12502,0.001953125,9
12503,0.0009765625,10
12504,0.0009765625,10
12505,0.0009765625,10
12506,0.001953125,9
12507,0.0009765625,10
12508,0.0009765625,10
12509,0.0009765625,10
12510,0.001953125,9
12511,0.0009765625,10
12512,0.0009765625,10
12513,0.0009765625,10
12514,0.0009765625,10
12515,0.001953125,9
12516,0.0009765625,10
12517,0.0009765625,10
12518,0.0009765625,10
12519,0.001953125,9
12520,0.0009765625,10
12521,0.0009765625,10
12522,0.0009765625,10
12523,0.001953125,9
12524,0.0009765625,10
12525,0.0009765625,10
12526,0.0009765625,10
12527,0.0009765625,10
12528,0.001953125,9
12529,0.0009765625,10
12530,0.0009765625,10
12531,0.0009765625,10
12532,0.001953125,9
12533,0.0009765625,10
12534,0.0009765625,10
12535,0.0009765625,10
12536,0.0009765625,10
12537,0.001953125,9
12538,0.0009765625,10
12539,0.0009765625,10
12540,0.0009765625,10
12541,0.001953125,9
12542,0.0009765625,10
12543,0.0009765625,10
12544,0.0009765625,10
12545,0.001953125,9
12546,0.0009765625,10
12547,0.0009765625,10
12548,0.0009765625,10
12549,0.0009765625,10
12550,0.001953125,9
12551,0.0009765625,10
12552,0.0009765625,10
12553,0.0009765625,10
12554,0.001953125,9
12555,0.0009765625,10
12556,0.0009765625,10
12557,0.0009765625,10
12558,0.001953125,9
12559,0.0009765625,10
12560,0.0009765625,10
12561,0.0009765625,10
12562,0.0009765625,10
12563,0.001953125,9
12564,0.0009765625,10
12565,0.0009765625,10
12566,0.0009765625,10
12567,0.001953125,9
12568,0.0009765625,10
12569,0.0009765625,10
12570,0.0009765625,10
12571,0.001953125,9
12572,0.0009765625,10
12573,0.0009765625,10
12574,0.0009765625,10
12575,0.0009765625,10
12576,0.001953125,9
12577,0.0009765625,10
12578,0.0009765625,10
12579,0.0009765625,10
12580,0.001953125,9
12581,0.0009765625,10
12582,0.0009765625,10
12583,0.0009765625,10
12584,0.001953125,9
12585,0.0009765625,10
12586,0.0009765625,10
12587,0.0009765625,10
12588,0.0009765625,10
12589,0.001953125,9
12590,0.0009765625,10
12591,0.0009765625,10
12592,0.0009765625,10
12593,0.001953125,9
12594,0.0009765625,10
12595,0.0009765625,10
12596,0.0009765625,10
12597,0.001953125,9
12598,0.0009765625,10
12599,0.0009765625,10
12600,0.0009765625,10
12601,0.0009765625,10
12602,0.001953125,9
12603,0.0009765625,10
12604,0.0009765625,10
12605,0.0009765625,10
12606,0.001953125,9
12607,0.0009765625,10
12608,0.0009765625,10
12609,0.0009765625,10
12610,0.0009765625,10
12611,0.001953125,9
12612,0.0009765625,10
12613,0.0009765625,10
12614,0.0009765625,10
12615,0.001953125,9
12616,0.0009765625,10
12617,0.0009765625,10
12618,0.0009765625,10
12619,0.001953125,9
12620,0.0009765625,10
12621,0.0009765625,10
12622,0.0009765625,10
12623,0.0009765625,10
12624,0.001953125,9
12625,0.0009765625,10
12626,0.0009765625,10
12627,0.0009765625,10
12628,0.001953125,9
12629,0.0009765625,10
12630,0.0009765625,10
12631,0.0009765625,10
12632,0.001953125,9
12633,0.0009765625,10
12634,0.0009765625,10
12635,0.0009765625,10
12636,0.0009765625,10
12637,0.001953125,9
12638,0.0009765625,10
12639,0.0009765625,10
12640,0.0009765625,10
12641,0.001953125,9
12642,0.0009765625,10
12643,0.0009765625,10
12644,0.0009765625,10
12645,0.001953125,9
12646,0.0009765625,10
12647,0.0009765625,10
12648,0.0009765625,10
12649,0.0009765625,10
12650,0.001953125,9
12651,0.0009765625,10
12652,0.0009765625,10
12653,0.0009765625,10
12654,0.001953125,9
12655,0.0009765625,10
12656,0.0009765625,10
12657,0.0009765625,10
12658,0.001953125,9
12659,0.0009765625,10
12660,0.0009765625,10
12661,0.0009765625,10
12662,0.0009765625,10
12663,0.001953125,9
12664,0.0009765625,10
12665,0.0009765625,10
12666,0.0009765625,10
12667,0.001953125,9
12668,0.0009765625,10
12669,0.0009765625,10
12670,0.0009765625,10
12671,0.0009765625,10
12672,0.001953125,9
12673,0.0009765625,10
12674,0.0009765625,10
12675,0.0009765625,10
12676,0.001953125,9
12677,0.0009765625,10
12678,0.0009765625,10
12679,0.0009765625,10
12680,0.001953125,9
12681,0.0009765625,10
12682,0.0009765625,10
12683,0.0009765625,10
12684,0.0009765625,10
12685,0.001953125,9
12686,0.0009765625,10
12687,0.0009765625,10
12688,0.0009765625,10
12689,0.001953125,9
12690,0.0009765625,10
12691,0.0009765625,10
12692,0.0009765625,10
12693,0.001953125,9
12694,0.0009765625,10
12695,0.0009765625,10
12696,0.0009765625,10
12697,0.0009765625,10
12698,0.001953125,9
12699,0.0009765625,10
12700,0.0009765625,10
12701,0.0009765625,10
12702,0.001953125,9
12703,0.0009765625,10
12704,0.0009765625,10
12705,0.0009765625,10
12706,0.001953125,9
12707,0.0009765625,10
12708,0.0009765625,10
12709,0.0009765625,10
12710,0.0009765625,10
12711,0.001953125,9
12712,0.0009765625,10
12713,0.0009765625,10
12714,0.0009765625,10
12715,0.001953125,9
12716,0.0009765625,10
12717,0.0009765625,10
12718,0.0009765625,10
12719,0.001953125,9
12720,0.0009765625,10
12721,0.0009765625,10
12722,0.0009765625,10
12723,0.0009765625,10
12724,0.001953125,9
12725,0.0009765625,10
12726,0.0009765625,10
12727,0.0009765625,10
12728,0.001953125,9
12729,0.0009765625,10
12730,0.0009765625,10
12731,0.0009765625,10
12732,0.001953125,9
12733,0.0009765625,10
12734,0.0009765625,10
12735,0.0009765625,10
12736,0.0009765625,10
12737,0.001953125,9
12738,0.0009765625,10
12739,0.0009765625,10
12740,0.0009765625,10
12741,0.001953125,9
12742,0.0009765625,10
12743,0.0009765625,10
12744,0.0009765625,10
12745,0.0009765625,10
12746,0.001953125,9
12747,0.0009765625,10
12748,0.0009765625,10
12749,0.0009765625,10
12750,0.001953125,9
12751,0.0009765625,10
12752,0.0009765625,10
12753,0.0009765625,10
12754,0.001953125,9
12755,0.0009765625,10
12756,0.0009765625,10
12757,0.0009765625,10
12758,0.0009765625,10
12759,0.001953125,9
12760,0.0009765625,10
12761,0.0009765625,10
12762,0.0009765625,10
12763,0.001953125,9
12764,0.0009765625,10
12765,0.0009765625,10
12766,0.0009765625,10
12767,0.001953125,9
12768,0.0009765625,10
12769,0.0009765625,10
12770,0.0009765625,10
12771,0.0009765625,10
12772,0.001953125,9
12773,0.0009765625,10
12774,0.0009765625,10
12775,0.0009765625,10
12776,0.001953125,9
12777,0.0009765625,10
12778,0.0009765625,10
12779,0.0009765625,10
12780,0.001953125,9
12781,0.0009765625,10
12782,0.0009765625,10
12783,0.0009765625,10
12784,0.0009765625,10
12785,0.001953125,9
12786,0.0009765625,10
12787,0.0009765625,10
12788,0.0009765625,10
12789,0.001953125,9
12790,0.0009765625,10
12791,0.0009765625,10
12792,0.0009765625,10
12793,0.001953125,9
12794,0.0009765625,10
12795,0.0009765625,10
12796,0.0009765625,10
12797,0.0009765625,10
12798,0.001953125,9
12799,0.0009765625,10
12800,0.0009765625,10
12801,0.0009765625,10
12802,0.001953125,9
12803,0.0009765625,10
12804,0.0009765625,10
12805,0.0009765625,10
12806,0.001953125,9
12807,0.0009765625,10
12808,0.0009765625,10
12809,0.0009765625,10
12810,0.0009765625,10
12811,0.001953125,9
12812,0.0009765625,10
12813,0.0009765625,10
12814,0.0009765625,10
12815,0.001953125,9
12816,0.0009765625,10
12817,0.0009765625,10
12818,0.0009765625,10
12819,0.0009765625,10
12820,0.001953125,9
12821,0.0009765625,10
12822,0.0009765625,10
12823,0.0009765625,10
12824,0.001953125,9
12825,0.0009765625,10
12826,0.0009765625,10
12827,0.0009765625,10
12828,0.001953125,9
12829,0.0009765625,10
12830,0.0009765625,10
12831,0.0009765625,10
12832,0.0009765625,10
12833,0.001953125,9
12834,0.0009765625,10
12835,0.0009765625,10
12836,0.0009765625,10
12837,0.001953125,9
12838,0.0009765625,10
12839,0.0009765625,10
12840,0.0009765625,10
12841,0.001953125,9
12842,0.0009765625,10
12843,0.0009765625,10
12844,0.0009765625,10
12845,0.0009765625,10
12846,0.001953125,9
12847,0.0009765625,10
12848,0.0009765625,10
12849,0.0009765625,10
12850,0.001953125,9
12851,0.0009765625,10
12852,0.0009765625,10
12853,0.0009765625,10
12854,0.001953125,9
12855,0.0009765625,10
12856,0.0009765625,10
12857,0.0009765625,10
12858,0.0009765625,10
12859,0.001953125,9
12860,0.0009765625,10
12861,0.0009765625,10
12862,0.0009765625,10
12863,0.001953125,9
12864,0.0009765625,10
12865,0.0009765625,10
12866,0.0009765625,10
12867,0.001953125,9
12868,0.0009765625,10
12869,0.0009765625,10
12870,0.0009765625,10
12871,0.0009765625,10
12872,0.001953125,9
12873,0.0009765625,10
12874,0.0009765625,10
12875,0.0009765625,10
12876,0.001953125,9
12877,0.0009765625,10
12878,0.0009765625,10
12879,0.0009765625,10
12880,0.0009765625,10
12881,0.001953125,9
12882,0.0009765625,10
12883,0.0009765625,10
12884,0.0009765625,10
12885,0.001953125,9
12886,0.0009765625,10
12887,0.0009765625,10
12888,0.0009765625,10
12889,0.001953125,9
12890,0.0009765625,10
12891,0.0009765625,10
12892,0.0009765625,10
12893,0.0009765625,10
12894,0.001953125,9
12895,0.0009765625,10
12896,0.0009765625,10
12897,0.0009765625,10
12898,0.001953125,9
12899,0.0009765625,10
12900,0.0009765625,10
12901,0.0009765625,10
12902,0.001953125,9
12903,0.0009765625,10
12904,0.0009765625,10
12905,0.0009765625,10
12906,0.0009765625,10
12907,0.001953125,9
12908,0.0009765625,10
12909,0.0009765625,10
12910,0.0009765625,10
12911,0.001953125,9
12912,0.0009765625,10
12913,0.0009765625,10
12914,0.0009765625,10
12915,0.001953125,9
12916,0.0009765625,10
12917,0.0009765625,10
12918,0.0009765625,10
12919,0.0009765625,10
12920,0.001953125,9
12921,0.0009765625,10
12922,0.0009765625,10
12923,0.0009765625,10
12924,0.001953125,9
12925,0.0009765625,10
12926,0.0009765625,10
12927,0.0009765625,10
12928,0.001953125,9
12929,0.0009765625,10
12930,0.0009765625,10
12931,0.0009765625,10
12932,0.0009765625,10
12933,0.001953125,9
12934,0.0009765625,10
12935,0.0009765625,10
12936,0.0009765625,10
12937,0.001953125,9
12938,0.0009765625,10
12939,0.0009765625,10
12940,0.0009765625,10
12941,0.001953125,9
12942,0.0009765625,10
12943,0.0009765625,10
12944,0.0009765625,10
12945,0.0009765625,10
12946,0.001953125,9
12947,0.0009765625,10
12948,0.0009765625,10
12949,0.0009765625,10
12950,0.001953125,9
12951,0.0009765625,10
12952,0.0009765625,10
12953,0.0009765625,10
12954,0.0009765625,10
12955,0.001953125,9
12956,0.0009765625,10
12957,0.0009765625,10
12958,0.0009765625,10
12959,0.001953125,9
12960,0.0009765625,10
12961,0.0009765625,10
12962,0.0009765625,10
12963,0.001953125,9
12964,0.0009765625,10
12965,0.0009765625,10
12966,0.0009765625,10
12967,0.0009765625,10
12968,0.001953125,9
12969,0.0009765625,10
12970,0.0009765625,10
12971,0.0009765625,10
12972,0.001953125,9
12973,0.0009765625,10
12974,0.0009765625,10
12975,0.0009765625,10
12976,0.001953125,9
12977,0.0009765625,10
12978,0.0009765625,10
12979,0.0009765625,10
12980,0.0009765625,10
12981,0.001953125,9
12982,0.0009765625,10
12983,0.0009765625,10
12984,0.0009765625,10
12985,0.001953125,9
12986,0.0009765625,10
12987,0.0009765625,10
12988,0.0009765625,10
12989,0.001953125,9
12990,0.0009765625,10
12991,0.0009765625,10
12992,0.0009765625,10
12993,0.0009765625,10
12994,0.001953125,9
12995,0.0009765625,10
12996,0.0009765625,10
12997,0.0009765625,10
12998,0.001953125,9
12999,0.0009765625,10
13000,0.0009765625,10
13001,0.0009765625,10
13002,0.001953125,9
13003,0.0009765625,10
13004,0.0009765625,10
13005,0.0009765625,10
13006,0.0009765625,10
13007,0.001953125,9
13008,0.0009765625,10
13009,0.0009765625,10
13010,0.0009765625,10
13011,0.001953125,9
13012,0.0009765625,10
13013,0.0009765625,10
13014,0.0009765625,10
13015,0.001953125,9
13016,0.0009765625,10
13017,0.0009765625,10
13018,0.0009765625,10
13019,0.0009765625,10
13020,0.001953125,9
13021,0.0009765625,10
13022,0.0009765625,10
13023,0.0009765625,10
13024,0.001953125,9
13025,0.0009765625,10
13026,0.0009765625,10
13027,0.0009765625,10
13028,0.0009765625,10
13029,0.001953125,9
13030,0.0009765625,10
13031,0.0009765625,10
13032,0.0009765625,10
13033,0.001953125,9
13034,0.0009765625,10
13035,0.0009765625,10
13036,0.0009765625,10
13037,0.001953125,9
13038,0.0009765625,10
13039,0.0009765625,10
13040,0.0009765625,10
13041,0.0009765625,10
13042,0.001953125,9
13043,0.0009765625,10
13044,0.0009765625,10
13045,0.0009765625,10
13046,0.001953125,9
13047,0.0009765625,10
13048,0.0009765625,10
13049,0.0009765625,10
13050,0.001953125,9
13051,0.0009765625,10
13052,0.0009765625,10
13053,0.0009765625,10
13054,0.0009765625,10
13055,0.001953125,9
13056,0.0009765625,10
13057,0.0009765625,10
13058,0.0009765625,10
13059,0.001953125,9
13060,0.0009765625,10
13061,0.0009765625,10
13062,0.0009765625,10
13063,0.001953125,9
13064,0.0009765625,10
13065,0.0009765625,10
13066,0.0009765625,10
13067,0.0009765625,10
13068,0.001953125,9
13069,0.0009765625,10
13070,0.0009765625,10
13071,0.0009765625,10
13072,0.001953125,9
13073,0.0009765625,10
13074,0.0009765625,10
13075,0.0009765625,10
13076,0.001953125,9
13077,0.0009765625,10
13078,0.0009765625,10
13079,0.0009765625,10
13080,0.0009765625,10
13081,0.001953125,9
13082,0.0009765625,10
13083,0.0009765625,10
13084,0.0009765625,10
13085,0.001953125,9
13086,0.0009765625,10
13087,0.0009765625,10
13088,0.0009765625,10
13089,0.0009765625,10
13090,0.001953125,9
13091,0.0009765625,10
13092,0.0009765625,10
13093,0.0009765625,10
13094,0.001953125,9
13095,0.0009765625,10
13096,0.0009765625,10
13097,0.0009765625,10
13098,0.001953125,9
13099,0.0009765625,10
13100,0.0009765625,10
13101,0.0009765625,10
13102,0.0009765625,10
13103,0.001953125,9
13104,0.0009765625,10
13105,0.0009765625,10
13106,0.0009765625,10
13107,0.001953125,9
13108,0.0009765625,10
13109,0.0009765625,10
13110,0.0009765625,10
13111,0.001953125,9
13112,0.0009765625,10
13113,0.0009765625,10
13114,0.0009765625,10
13115,0.0009765625,10
13116,0.001953125,9
13117,0.0009765625,10
13118,0.0009765625,10
13119,0.0009765625,10
13120,0.001953125,9
13121,0.0009765625,10
13122,0.0009765625,10
13123,0.0009765625,10
13124,0.001953125,9
13125,0.0009765625,10
13126,0.0009765625,10
13127,0.0009765625,10
13128,0.0009765625,10
13129,0.001953125,9
13130,0.0009765625,10
13131,0.0009765625,10
13132,0.0009765625,10
13133,0.001953125,9
13134,0.0009765625,10
13135,0.0009765625,10
13136,0.0009765625,10
13137,0.001953125,9
13138,0.0009765625,10
13139,0.0009765625,10
13140,0.0009765625,10
13141,0.0009765625,10
13142,0.001953125,9
13143,0.0009765625,10
13144,0.0009765625,10
13145,0.0009765625,10
13146,0.001953125,9
13147,0.0009765625,10
13148,0.0009765625,10
13149,0.0009765625,10
13150,0.001953125,9
13151,0.0009765625,10
13152,0.0009765625,10
13153,0.0009765625,10
13154,0.0009765625,10
13155,0.001953125,9
13156,0.0009765625,10
13157,0.0009765625,10
13158,0.0009765625,10
13159,0.001953125,9
13160,0.0009765625,10
13161,0.0009765625,10
13162,0.0009765625,10
13163,0.0009765625,10
13164,0.001953125,9
13165,0.0009765625,10
13166,0.0009765625,10
13167,0.0009765625,10
13168,0.001953125,9
13169,0.0009765625,10
13170,0.0009765625,10
13171,0.0009765625,10
13172,0.001953125,9
13173,0.0009765625,10
13174,0.0009765625,10
13175,0.0009765625,10
13176,0.0009765625,10
13177,0.001953125,9
13178,0.0009765625,10
13179,0.0009765625,10
13180,0.0009765625,10
13181,0.001953125,9
13182,0.0009765625,10
13183,0.0009765625,10
13184,0.0009765625,10
13185,0.001953125,9
13186,0.0009765625,10
13187,0.0009765625,10
13188,0.0009765625,10
13189,0.0009765625,10
13190,0.001953125,9
13191,0.0009765625,10
13192,0.0009765625,10
13193,0.0009765625,10
13194,0.001953125,9
13195,0.0009765625,10
13196,0.0009765625,10
13197,0.0009765625,10
13198,0.001953125,9
13199,0.0009765625,10
13200,0.0009765625,10
13201,0.0009765625,10
13202,0.0009765625,10
13203,0.001953125,9
13204,0.0009765625,10
13205,0.0009765625,10
13206,0.0009765625,10
13207,0.001953125,9
13208,0.0009765625,10
13209,0.0009765625,10
13210,0.0009765625,10
13211,0.001953125,9
13212,0.0009765625,10
13213,0.0009765625,10
13214,0.0009765625,10
13215,0.0009765625,10
13216,0.001953125,9
13217,0.0009765625,10
13218,0.0009765625,10
13219,0.0009765625,10
13220,0.001953125,9
13221,0.0009765625,10
13222,0.0009765625,10
13223,0.0009765625,10
13224,0.0009765625,10
13225,0.001953125,9
13226,0.0009765625,10
13227,0.0009765625,10
13228,0.0009765625,10
13229,0.001953125,9
13230,0.0009765625,10
13231,0.0009765625,10
13232,0.0009765625,10
13233,0.001953125,9
13234,0.0009765625,10
13235,0.0009765625,10
13236,0.0009765625,10
13237,0.0009765625,10
13238,0.001953125,9
13239,0.0009765625,10
13240,0.0009765625,10
13241,0.0009765625,10
13242,0.001953125,9
13243,0.0009765625,10
13244,0.0009765625,10
13245,0.0009765625,10
13246,0.001953125,9
13247,0.0009765625,10
13248,0.0009765625,10
13249,0.0009765625,10
13250,0.0009765625,10
13251,0.001953125,9
13252,0.0009765625,10
13253,0.0009765625,10
13254,0.0009765625,10
13255,0.001953125,9
13256,0.0009765625,10
13257,0.0009765625,10
13258,0.0009765625,10
13259,0.001953125,9
13260,0.0009765625,10
13261,0.0009765625,10
13262,0.0009765625,10
13263,0.0009765625,10
13264,0.001953125,9
13265,0.0009765625,10
13266,0.0009765625,10
13267,0.0009765625,10
13268,0.001953125,9
13269,0.0009765625,10
13270,0.0009765625,10
13271,0.0009765625,10
13272,0.001953125,9
13273,0.0009765625,10
13274,0.0009765625,10
13275,0.0009765625,10
13276,0.0009765625,10
13277,0.001953125,9
13278,0.0009765625,10
13279,0.0009765625,10
13280,0.0009765625,10
13281,0.001953125,9
13282,0.0009765625,10
13283,0.0009765625,10
13284,0.0009765625,10
13285,0.001953125,9
13286,0.0009765625,10
13287,0.0009765625,10
13288,0.0009765625,10
13289,0.0009765625,10
13290,0.001953125,9
13291,0.0009765625,10
13292,0.0009765625,10
13293,0.0009765625,10
13294,0.001953125,9
13295,0.0009765625,10
13296,0.0009765625,10
13297,0.0009765625,10
13298,0.0009765625,10
13299,0.001953125,9
13300,0.0009765625,10
13301,0.0009765625,10
13302,0.0009765625,10
13303,0.001953125,9
13304,0.0009765625,10
13305,0.0009765625,10
13306,0.0009765625,10
13307,0.001953125,9
13308,0.0009765625,10
13309,0.0009765625,10
13310,0.0009765625,10
13311,0.0009765625,10
13312,0.001953125,9
13313,0.0009765625,10
13314,0.0009765625,10
13315,0.0009765625,10
13316,0.001953125,9
13317,0.0009765625,10
13318,0.0009765625,10
13319,0.0009765625,10
13320,0.001953125,9
13321,0.0009765625,10
13322,0.0009765625,10
13323,0.0009765625,10
13324,0.0009765625,10
13325,0.001953125,9
13326,0.0009765625,10
13327,0.0009765625,10
13328,0.0009765625,10
13329,0.001953125,9
13330,0.0009765625,10
13331,0.0009765625,10
13332,0.0009765625,10
13333,0.001953125,9
13334,0.0009765625,10
13335,0.0009765625,10
13336,0.0009765625,10
13337,0.0009765625,10
13338,0.001953125,9
13339,0.0009765625,10
13340,0.0009765625,10
13341,0.0009765625,10
13342,0.001953125,9
13343,0.0009765625,10
13344,0.0009765625,10
13345,0.0009765625,10
13346,0.001953125,9
13347,0.0009765625,10
13348,0.0009765625,10
13349,0.0009765625,10
13350,0.0009765625,10
13351,0.001953125,9
13352,0.0009765625,10
13353,0.0009765625,10
13354,0.0009765625,10
13355,0.001953125,9
13356,0.0009765625,10
13357,0.0009765625,10
13358,0.0009765625,10
13359,0.0009765625,10
13360,0.001953125,9
13361,0.0009765625,10
13362,0.0009765625,10
13363,0.0009765625,10
13364,0.001953125,9
13365,0.0009765625,10
13366,0.0009765625,10
13367,0.0009765625,10
13368,0.001953125,9
13369,0.0009765625,10
13370,0.0009765625,10
13371,0.0009765625,10
13372,0.0009765625,10
13373,0.001953125,9
13374,0.0009765625,10
13375,0.0009765625,10
13376,0.0009765625,10
13377,0.001953125,9
13378,0.0009765625,10
13379,0.0009765625,10
13380,0.0009765625,10
13381,0.001953125,9
13382,0.0009765625,10
13383,0.0009765625,10
13384,0.0009765625,10
13385,0.0009765625,10
13386,0.001953125,9
13387,0.0009765625,10
13388,0.0009765625,10
13389,0.0009765625,10
13390,0.001953125,9
13391,0.0009765625,10
13392,0.0009765625,10
13393,0.0009765625,10
13394,0.001953125,9
13395,0.0009765625,10
13396,0.0009765625,10
13397,0.0009765625,10
13398,0.0009765625,10
13399,0.001953125,9
13400,0.0009765625,10
13401,0.0009765625,10
13402,0.0009765625,10
13403,0.001953125,9
13404,0.0009765625,10
13405,0.0009765625,10
13406,0.0009765625,10
13407,0.001953125,9
13408,0.0009765625,10
13409,0.0009765625,10
13410,0.0009765625,10
13411,0.0009765625,10
13412,0.001953125,9
13413,0.0009765625,10
13414,0.0009765625,10
13415,0.0009765625,10
13416,0.001953125,9
13417,0.0009765625,10
13418,0.0009765625,10
13419,0.0009765625,10
13420,0.001953125,9
13421,0.0009765625,10
13422,0.0009765625,10
13423,0.0009765625,10
13424,0.0009765625,10
13425,0.001953125,9
13426,0.0009765625,10
13427,0.0009765625,10
13428,0.0009765625,10
13429,0.001953125,9
13430,0.0009765625,10
13431,0.0009765625,10
13432,0.0009765625,10
13433,0.0009765625,10
13434,0.001953125,9
13435,0.0009765625,10
13436,0.0009765625,10
13437,0.0009765625,10
13438,0.001953125,9
13439,0.0009765625,10
13440,0.0009765625,10
13441,0.0009765625,10
13442,0.001953125,9
13443,0.0009765625,10
13444,0.0009765625,10
13445,0.0009765625,10
13446,0.0009765625,10
13447,0.001953125,9
13448,0.0009765625,10
13449,0.0009765625,10
13450,0.0009765625,10
13451,0.001953125,9
13452,0.0009765625,10
13453,0.0009765625,10
13454,0.0009765625,10
13455,0.001953125,9
13456,0.0009765625,10
13457,0.0009765625,10
13458,0.0009765625,10
13459,0.0009765625,10
13460,0.001953125,9
13461,0.0009765625,10
13462,0.0009765625,10
13463,0.0009765625,10
13464,0.001953125,9
13465,0.0009765625,10
13466,0.0009765625,10
13467,0.0009765625,10
13468,0.001953125,9
13469,0.0009765625,10
13470,0.0009765625,10
13471,0.0009765625,10
13472,0.0009765625,10
13473,0.001953125,9
13474,0.0009765625,10
13475,0.0009765625,10
13476,0.0009765625,10
13477,0.001953125,9
13478,0.0009765625,10
13479,0.0009765625,10
13480,0.0009765625,10
13481,0.001953125,9
13482,0.0009765625,10
13483,0.0009765625,10
13484,0.0009765625,10
13485,0.0009765625,10
13486,0.001953125,9
13487,0.0009765625,10
13488,0.0009765625,10
13489,0.0009765625,10
13490,0.001953125,9
13491,0.0009765625,10
13492,0.0009765625,10
13493,0.0009765625,10
13494,0.0009765625,10
13495,0.001953125,9
13496,0.0009765625,10
13497,0.0009765625,10
13498,0.0009765625,10
13499,0.001953125,9
13500,0.0009765625,10
13501,0.0009765625,10
13502,0.0009765625,10
13503,0.001953125,9
13504,0.0009765625,10
13505,0.0009765625,10
13506,0.0009765625,10
13507,0.0009765625,10
13508,0.001953125,9
13509,0.0009765625,10
13510,0.0009765625,10
13511,0.0009765625,10
13512,0.001953125,9
13513,0.0009765625,10
13514,0.0009765625,10
13515,0.0009765625,10
13516,0.001953125,9
13517,0.0009765625,10
13518,0.0009765625,10
13519,0.0009765625,10
13520,0.0009765625,10
13521,0.001953125,9
13522,0.0009765625,10
13523,0.0009765625,10
13524,0.0009765625,10
13525,0.001953125,9
13526,0.0009765625,10
13527,0.0009765625,10
13528,0.0009765625,10
13529,0.001953125,9
13530,0.0009765625,10
13531,0.0009765625,10
13532,0.0009765625,10
13533,0.0009765625,10
13534,0.001953125,9
13535,0.0009765625,10
13536,0.0009765625,10
13537,0.0009765625,10
13538,0.001953125,9
13539,0.0009765625,10
13540,0.0009765625,10
13541,0.0009765625,10
13542,0.001953125,9
13543,0.0009765625,10
13544,0.0009765625,10
13545,0.0009765625,10
13546,0.0009765625,10
13547,0.001953125,9
13548,0.0009765625,10
13549,0.0009765625,10
13550,0.0009765625,10
13551,0.001953125,9
13552,0.0009765625,10
13553,0.0009765625,10
13554,0.0009765625,10
13555,0.001953125,9
13556,0.0009765625,10
13557,0.0009765625,10
13558,0.0009765625,10
13559,0.0009765625,10
13560,0.001953125,9
13561,0.0009765625,10
13562,0.0009765625,10
13563,0.0009765625,10
13564,0.001953125,9
13565,0.0009765625,10
13566,0.0009765625,10
13567,0.0009765625,10
13568,0.0009765625,10
13569,0.001953125,9
13570,0.0009765625,10
13571,0.0009765625,10
13572,0.0009765625,10
13573,0.001953125,9
13574,0.0009765625,10
13575,0.0009765625,10
13576,0.0009765625,10
13577,0.001953125,9
13578,0.0009765625,10
13579,0.0009765625,10
13580,0.0009765625,10
13581,0.0009765625,10
13582,0.001953125,9
13583,0.0009765625,10
13584,0.0009765625,10
13585,0.0009765625,10
13586,0.001953125,9
13587,0.0009765625,10
13588,0.0009765625,10
13589,0.0009765625,10
13590,0.001953125,9
13591,0.0009765625,10
13592,0.0009765625,10
13593,0.0009765625,10
13594,0.0009765625,10
13595,0.001953125,9
13596,0.0009765625,10
13597,0.0009765625,10
13598,0.0009765625,10
13599,0.001953125,9
13600,0.0009765625,10
13601,0.0009765625,10
13602,0.0009765625,10
13603,0.001953125,9
13604,0.0009765625,10
13605,0.0009765625,10
13606,0.0009765625,10
13607,0.0009765625,10
13608,0.001953125,9
13609,0.0009765625,10
13610,0.0009765625,10
13611,0.0009765625,10
13612,0.001953125,9
13613,0.0009765625,10
13614,0.0009765625,10
13615,0.0009765625,10
13616,0.001953125,9
13617,0.0009765625,10
13618,0.0009765625,10
13619,0.0009765625,10
13620,0.0009765625,10
13621,0.001953125,9
13622,0.0009765625,10
13623,0.0009765625,10
13624,0.0009765625,10
13625,0.001953125,9
13626,0.0009765625,10
13627,0.0009765625,10
13628,0.0009765625,10
13629,0.0009765625,10
13630,0.001953125,9
13631,0.0009765625,10
13632,0.0009765625,10
13633,0.0009765625,10
13634,0.001953125,9
13635,0.0009765625,10
13636,0.0009765625,10
13637,0.0009765625,10
13638,0.001953125,9
13639,0.0009765625,10
13640,0.0009765625,10
13641,0.0009765625,10
13642,0.0009765625,10
13643,0.001953125,9
13644,0.0009765625,10
13645,0.0009765625,10
13646,0.0009765625,10
13647,0.001953125,9
13648,0.0009765625,10
13649,0.0009765625,10
13650,0.0009765625,10
13651,0.001953125,9
13652,0.0009765625,10
13653,0.0009765625,10
13654,0.0009765625,10
13655,0.0009765625,10
13656,0.001953125,9
13657,0.0009765625,10
13658,0.0009765625,10
13659,0.0009765625,10
13660,0.001953125,9
13661,0.0009765625,10
13662,0.0009765625,10
13663,0.0009765625,10
13664,0.001953125,9
13665,0.0009765625,10
13666,0.0009765625,10
13667,0.0009765625,10
13668,0.0009765625,10
13669,0.001953125,9
13670,0.0009765625,10
13671,0.0009765625,10
13672,0.0009765625,10
13673,0.001953125,9
13674,0.0009765625,10
13675,0.0009765625,10
13676,0.0009765625,10
13677,0.001953125,9
13678,0.0009765625,10
13679,0.0009765625,10
13680,0.0009765625,10
13681,0.0009765625,10
13682,0.001953125,9
13683,0.0009765625,10
13684,0.0009765625,10
13685,0.0009765625,10
13686,0.001953125,9
13687,0.0009765625,10
13688,0.0009765625,10
13689,0.0009765625,10
13690,0.0009765625,10
13691,0.001953125,9
13692,0.0009765625,10
13693,0.0009765625,10
13694,0.0009765625,10
13695,0.001953125,9
13696,0.0009765625,10
13697,0.0009765625,10
13698,0.0009765625,10
13699,0.001953125,9
13700,0.0009765625,10
13701,0.0009765625,10
13702,0.0009765625,10
13703,0.0009765625,10
13704,0.001953125,9
13705,0.0009765625,10
13706,0.0009765625,10
13707,0.0009765625,10
13708,0.001953125,9
13709,0.0009765625,10
13710,0.0009765625,10
13711,0.0009765625,10
13712,0.001953125,9
13713,0.0009765625,10
13714,0.0009765625,10
13715,0.0009765625,10
13716,0.0009765625,10
13717,0.001953125,9
13718,0.0009765625,10
13719,0.0009765625,10
13720,0.0009765625,10
13721,0.001953125,9
13722,0.0009765625,10
13723,0.0009765625,10
13724,0.0009765625,10
13725,0.001953125,9
13726,0.0009765625,10
13727,0.0009765625,10
13728,0.0009765625,10
13729,0.0009765625,10
13730,0.001953125,9
13731,0.0009765625,10
13732,0.0009765625,10
13733,0.0009765625,10
13734,0.001953125,9
13735,0.0009765625,10
13736,0.0009765625,10
13737,0.0009765625,10
13738,0.001953125,9
13739,0.0009765625,10
13740,0.0009765625,10
13741,0.0009765625,10
13742,0.0009765625,10
13743,0.001953125,9
13744,0.0009765625,10
13745,0.0009765625,10
13746,0.0009765625,10
13747,0.001953125,9
13748,0.0009765625,10
13749,0.0009765625,10
13750,0.0009765625,10
13751,0.001953125,9
13752,0.0009765625,10
13753,0.0009765625,10
13754,0.0009765625,10
13755,0.0009765625,10
13756,0.001953125,9
13757,0.0009765625,10
13758,0.0009765625,10
13759,0.0009765625,10
13760,0.001953125,9
13761,0.0009765625,10
13762,0.0009765625,10
13763,0.0009765625,10
13764,0.0009765625,10
13765,0.001953125,9
13766,0.0009765625,10
13767,0.0009765625,10
13768,0.0009765625,10
13769,0.001953125,9
13770,0.0009765625,10
13771,0.0009765625,10
13772,0.0009765625,10
13773,0.001953125,9
13774,0.0009765625,10
13775,0.0009765625,10
13776,0.0009765625,10
13777,0.0009765625,10
13778,0.001953125,9
13779,0.0009765625,10
13780,0.0009765625,10
13781,0.0009765625,10
13782,0.001953125,9
13783,0.0009765625,10
13784,0.0009765625,10
13785,0.0009765625,10
13786,0.001953125,9
13787,0.0009765625,10
13788,0.0009765625,10
13789,0.0009765625,10
13790,0.0009765625,10
13791,0.001953125,9
13792,0.0009765625,10
13793,0.0009765625,10
13794,0.0009765625,10
13795,0.001953125,9
13796,0.0009765625,10
13797,0.0009765625,10
13798,0.0009765625,10
13799,0.001953125,9
13800,0.0009765625,10
13801,0.0009765625,10
13802,0.0009765625,10
13803,0.0009765625,10
13804,0.001953125,9
13805,0.0009765625,10
13806,0.0009765625,10
13807,0.0009765625,10
13808,0.001953125,9
13809,0.0009765625,10
13810,0.0009765625,10
13811,0.0009765625,10
13812,0.001953125,9
13813,0.0009765625,10
13814,0.0009765625,10
13815,0.0009765625,10
13816,0.0009765625,10
13817,0.001953125,9
13818,0.0009765625,10
13819,0.0009765625,10
13820,0.0009765625,10
13821,0.001953125,9
13822,0.0009765625,10
13823,0.0009765625,10
13824,0.0009765625,10
13825,0.0009765625,10
13826,0.001953125,9
13827,0.0009765625,10
13828,0.0009765625,10
13829,0.0009765625,10
13830,0.001953125,9
13831,0.0009765625,10
13832,0.0009765625,10
13833,0.0009765625,10
13834,0.001953125,9
13835,0.0009765625,10
13836,0.0009765625,10
13837,0.0009765625,10
13838,0.0009765625,10
13839,0.001953125,9
13840,0.0009765625,10
13841,0.0009765625,10
13842,0.0009765625,10
13843,0.001953125,9
13844,0.0009765625,10
13845,0.0009765625,10
13846,0.0009765625,10
13847,0.001953125,9
13848,0.0009765625,10
13849,0.0009765625,10
13850,0.0009765625,10
13851,0.0009765625,10
13852,0.001953125,9
13853,0.0009765625,10
13854,0.0009765625,10
13855,0.0009765625,10
13856,0.001953125,9
13857,0.0009765625,10
13858,0.0009765625,10
13859,0.0009765625,10
13860,0.001953125,9
13861,0.0009765625,10
13862,0.0009765625,10
13863,0.0009765625,10
13864,0.0009765625,10
13865,0.001953125,9
13866,0.0009765625,10
13867,0.0009765625,10
13868,0.0009765625,10
13869,0.001953125,9
13870,0.0009765625,10
13871,0.0009765625,10
13872,0.0009765625,10
13873,0.001953125,9
13874,0.0009765625,10
13875,0.0009765625,10
13876,0.0009765625,10
13877,0.0009765625,10
13878,0.001953125,9
13879,0.0009765625,10
13880,0.0009765625,10
13881,0.0009765625,10
13882,0.001953125,9
13883,0.0009765625,10
13884,0.0009765625,10
13885,0.0009765625,10
13886,0.0009765625,10
13887,0.001953125,9
13888,0.0009765625,10
13889,0.0009765625,10
13890,0.0009765625,10
13891,0.001953125,9
13892,0.0009765625,10
13893,0.0009765625,10
13894,0.0009765625,10
13895,0.001953125,9
13896,0.0009765625,10
13897,0.0009765625,10
13898,0.0009765625,10
13899,0.0009765625,10
13900,0.001953125,9
13901,0.0009765625,10
13902,0.0009765625,10
13903,0.0009765625,10
13904,0.001953125,9
13905,0.0009765625,10
13906,0.0009765625,10
13907,0.0009765625,10
13908,0.001953125,9
13909,0.0009765625,10
13910,0.0009765625,10
13911,0.0009765625,10
13912,0.0009765625,10
13913,0.001953125,9
13914,0.0009765625,10
13915,0.0009765625,10
13916,0.0009765625,10
13917,0.001953125,9
13918,0.0009765625,10
13919,0.0009765625,10
13920,0.0009765625,10
13921,0.001953125,9
13922,0.0009765625,10
13923,0.0009765625,10
13924,0.0009765625,10
13925,0.0009765625,10
13926,0.001953125,9
13927,0.0009765625,10
13928,0.0009765625,10
13929,0.0009765625,10
13930,0.001953125,9
13931,0.0009765625,10
13932,0.0009765625,10
13933,0.0009765625,10
13934,0.001953125,9
13935,0.0009765625,10
13936,0.0009765625,10
13937,0.0009765625,10
13938,0.0009765625,10
13939,0.001953125,9
13940,0.0009765625,10
13941,0.0009765625,10
13942,0.0009765625,10
13943,0.001953125,9
13944,0.0009765625,10
13945,0.0009765625,10
13946,0.0009765625,10
13947,0.001953125,9
13948,0.0009765625,10
13949,0.0009765625,10
13950,0.0009765625,10
13951,0.0009765625,10
13952,0.001953125,9
13953,0.0009765625,10
13954,0.0009765625,10
13955,0.0009765625,10
13956,0.001953125,9
13957,0.0009765625,10
13958,0.0009765625,10
13959,0.0009765625,10
13960,0.0009765625,10
13961,0.001953125,9
13962,0.0009765625,10
13963,0.0009765625,10
13964,0.0009765625,10
13965,0.001953125,9
13966,0.0009765625,10
13967,0.0009765625,10
13968,0.0009765625,10
13969,0.001953125,9
13970,0.0009765625,10
13971,0.0009765625,10
13972,0.0009765625,10
13973,0.0009765625,10
13974,0.001953125,9
13975,0.0009765625,10
13976,0.0009765625,10
13977,0.0009765625,10
13978,0.001953125,9
13979,0.0009765625,10
13980,0.0009765625,10
13981,0.0009765625,10
13982,0.001953125,9
13983,0.0009765625,10
13984,0.0009765625,10
13985,0.0009765625,10
13986,0.0009765625,10
13987,0.001953125,9
13988,0.0009765625,10
13989,0.0009765625,10
13990,0.0009765625,10
13991,0.001953125,9
13992,0.0009765625,10
13993,0.0009765625,10
13994,0.0009765625,10
13995,0.001953125,9
13996,0.0009765625,10
13997,0.0009765625,10
13998,0.0009765625,10
13999,0.0009765625,10
14000,0.001953125,9
14001,0.0009765625,10
14002,0.0009765625,10
14003,0.0009765625,10
14004,0.001953125,9
14005,0.0009765625,10
14006,0.0009765625,10
14007,0.0009765625,10
14008,0.001953125,9
14009,0.0009765625,10
14010,0.0009765625,10
14011,0.0009765625,10
14012,0.0009765625,10
14013,0.001953125,9
14014,0.0009765625,10
14015,0.0009765625,10
14016,0.0009765625,10
14017,0.001953125,9
14018,0.0009765625,10
14019,0.0009765625,10
14020,0.0009765625,10
14021,0.0009765625,10
14022,0.001953125,9
14023,0.0009765625,10
14024,0.0009765625,10
14025,0.0009765625,10
14026,0.001953125,9
14027,0.0009765625,10
14028,0.0009765625,10
14029,0.0009765625,10
14030,0.001953125,9
14031,0.0009765625,10
14032,0.0009765625,10
14033,0.0009765625,10
14034,0.0009765625,10
14035,0.001953125,9
14036,0.0009765625,10
14037,0.0009765625,10
14038,0.0009765625,10
14039,0.001953125,9
14040,0.0009765625,10
14041,0.0009765625,10
14042,0.0009765625,10
14043,0.001953125,9
14044,0.0009765625,10
14045,0.0009765625,10
14046,0.0009765625,10
14047,0.0009765625,10
14048,0.001953125,9
14049,0.0009765625,10
14050,0.0009765625,10
14051,0.0009765625,10
14052,0.001953125,9
14053,0.0009765625,10
14054,0.0009765625,10
14055,0.0009765625,10
14056,0.001953125,9
14057,0.0009765625,10
14058,0.0009765625,10
14059,0.0009765625,10
14060,0.0009765625,10
14061,0.001953125,9
14062,0.0009765625,10
14063,0.0009765625,10
14064,0.0009765625,10
14065,0.001953125,9
14066,0.0009765625,10
14067,0.0009765625,10
14068,0.0009765625,10
14069,0.001953125,9
14070,0.0009765625,10
14071,0.0009765625,10
14072,0.0009765625,10
14073,0.0009765625,10
14074,0.001953125,9
14075,0.0009765625,10
14076,0.0009765625,10
14077,0.0009765625,10
14078,0.001953125,9
14079,0.0009765625,10
14080,0.0009765625,10
14081,0.0009765625,10
14082,0.0009765625,10
14083,0.001953125,9
14084,0.0009765625,10
14085,0.0009765625,10
14086,0.0009765625,10
14087,0.001953125,9
14088,0.0009765625,10
14089,0.0009765625,10
14090,0.0009765625,10
14091,0.001953125,9
14092,0.0009765625,10
14093,0.0009765625,10
14094,0.0009765625,10
14095,0.0009765625,10
14096,0.001953125,9
14097,0.0009765625,10
14098,0.0009765625,10
14099,0.0009765625,10
14100,0.001953125,9
14101,0.0009765625,10
14102,0.0009765625,10
14103,0.0009765625,10
14104,0.001953125,9
14105,0.0009765625,10
14106,0.0009765625,10
14107,0.0009765625,10
14108,0.0009765625,10
14109,0.001953125,9
14110,0.0009765625,10
14111,0.0009765625,10
14112,0.0009765625,10
14113,0.001953125,9
14114,0.0009765625,10
14115,0.0009765625,10
14116,0.0009765625,10
14117,0.001953125,9
14118,0.0009765625,10
14119,0.0009765625,10
14120,0.0009765625,10
14121,0.0009765625,10
14122,0.001953125,9
14123,0.0009765625,10
14124,0.0009765625,10
14125,0.0009765625,10
14126,0.001953125,9
14127,0.0009765625,10
14128,0.0009765625,10
14129,0.0009765625,10
14130,0.001953125,9
14131,0.0009765625,10
14132,0.0009765625,10
14133,0.0009765625,10
14134,0.0009765625,10
14135,0.001953125,9
14136,0.0009765625,10
14137,0.0009765625,10
14138,0.0009765625,10
14139,0.001953125,9
14140,0.0009765625,10
14141,0.0009765625,10
14142,0.0009765625,10
14143,0.001953125,9
14144,0.0009765625,10
14145,0.0009765625,10
14146,0.0009765625,10
14147,0.0009765625,10
14148,0.001953125,9
14149,0.0009765625,10
14150,0.0009765625,10
14151,0.0009765625,10
14152,0.001953125,9
14153,0.0009765625,10
14154,0.0009765625,10
14155,0.0009765625,10
14156,0.0009765625,10
14157,0.001953125,9
14158,0.0009765625,10
14159,0.0009765625,10
14160,0.0009765625,10
14161,0.001953125,9
14162,0.0009765625,10
14163,0.0009765625,10
14164,0.0009765625,10
14165,0.001953125,9
14166,0.0009765625,10
14167,0.0009765625,10
14168,0.0009765625,10
14169,0.0009765625,10
14170,0.001953125,9
14171,0.0009765625,10
14172,0.0009765625,10
14173,0.0009765625,10
14174,0.001953125,9
14175,0.0009765625,10
14176,0.0009765625,10
14177,0.0009765625,10
14178,0.001953125,9
14179,0.0009765625,10
14180,0.0009765625,10
14181,0.0009765625,10
14182,0.0009765625,10
14183,0.001953125,9
14184,0.0009765625,10
14185,0.0009765625,10
14186,0.0009765625,10
14187,0.001953125,9
14188,0.0009765625,10
14189,0.0009765625,10
14190,0.0009765625,10
14191,0.001953125,9
14192,0.0009765625,10
14193,0.0009765625,10
14194,0.0009765625,10
14195,0.0009765625,10
14196,0.001953125,9
14197,0.0009765625,10
14198,0.0009765625,10
14199,0.0009765625,10
14200,0.001953125,9
14201,0.0009765625,10
14202,0.0009765625,10
14203,0.0009765625,10
14204,0.001953125,9
14205,0.0009765625,10
14206,0.0009765625,10
14207,0.0009765625,10
14208,0.0009765625,10
14209,0.001953125,9
14210,0.0009765625,10
14211,0.0009765625,10
14212,0.0009765625,10
14213,0.001953125,9
14214,0.0009765625,10
14215,0.0009765625,10
14216,0.0009765625,10
14217,0.0009765625,10
14218,0.001953125,9
14219,0.0009765625,10
14220,0.0009765625,10
14221,0.0009765625,10
14222,0.001953125,9
14223,0.0009765625,10
14224,0.0009765625,10
14225,0.0009765625,10
14226,0.001953125,9
14227,0.0009765625,10
14228,0.0009765625,10
14229,0.0009765625,10
14230,0.0009765625,10
14231,0.001953125,9
14232,0.0009765625,10
14233,0.0009765625,10
14234,0.0009765625,10
14235,0.001953125,9
14236,0.0009765625,10
14237,0.0009765625,10
14238,0.0009765625,10
14239,0.001953125,9
14240,0.0009765625,10
14241,0.0009765625,10
14242,0.0009765625,10
14243,0.0009765625,10
14244,0.001953125,9
14245,0.0009765625,10
14246,0.0009765625,10
14247,0.0009765625,10
14248,0.001953125,9
14249,0.0009765625,10
14250,0.0009765625,10
14251,0.0009765625,10
14252,0.001953125,9
14253,0.0009765625,10
14254,0.0009765625,10
14255,0.0009765625,10
14256,0.0009765625,10
14257,0.001953125,9
14258,0.0009765625,10
14259,0.0009765625,10
14260,0.0009765625,10
14261,0.001953125,9
14262,0.0009765625,10
14263,0.0009765625,10
14264,0.0009765625,10
14265,0.001953125,9
14266,0.0009765625,10
14267,0.0009765625,10
14268,0.0009765625,10
14269,0.0009765625,10
14270,0.001953125,9
14271,0.0009765625,10
14272,0.0009765625,10
14273,0.0009765625,10
14274,0.001953125,9
14275,0.0009765625,10
14276,0.0009765625,10
14277,0.0009765625,10
14278,0.0009765625,10
14279,0.001953125,9
14280,0.0009765625,10
14281,0.0009765625,10
14282,0.0009765625,10
14283,0.001953125,9
14284,0.0009765625,10
14285,0.0009765625,10
14286,0.0009765625,10
14287,0.001953125,9
14288,0.0009765625,10
14289,0.0009765625,10
14290,0.0009765625,10
14291,0.0009765625,10
14292,0.001953125,9
14293,0.0009765625,10
14294,0.0009765625,10
14295,0.0009765625,10
14296,0.001953125,9
14297,0.0009765625,10
14298,0.0009765625,10
14299,0.0009765625,10
14300,0.001953125,9
14301,0.0009765625,10
14302,0.0009765625,10
14303,0.0009765625,10
14304,0.0009765625,10
14305,0.001953125,9
14306,0.0009765625,10
14307,0.0009765625,10
14308,0.0009765625,10
14309,0.001953125,9
14310,0.0009765625,10
14311,0.0009765625,10
14312,0.0009765625,10
14313,0.001953125,9
14314,0.0009765625,10
14315,0.0009765625,10
14316,0.0009765625,10
14317,0.0009765625,10
14318,0.001953125,9
14319,0.0009765625,10
14320,0.0009765625,10
14321,0.0009765625,10
14322,0.001953125,9
14323,0.0009765625,10
14324,0.0009765625,10
14325,0.0009765625,10
14326,0.001953125,9
14327,0.0009765625,10
14328,0.0009765625,10
14329,0.0009765625,10
14330,0.0009765625,10
14331,0.001953125,9
14332,0.0009765625,10
14333,0.0009765625,10
14334,0.0009765625,10
14335,0.001953125,9
14336,0.0009765625,10
14337,0.0009765625,10
14338,0.0009765625,10
14339,0.0009765625,10
14340,0.001953125,9
14341,0.0009765625,10
14342,0.0009765625,10
14343,0.0009765625,10
14344,0.001953125,9
14345,0.0009765625,10
14346,0.0009765625,10
14347,0.0009765625,10
14348,0.001953125,9
14349,0.0009765625,10
14350,0.0009765625,10
14351,0.0009765625,10
14352,0.0009765625,10
14353,0.001953125,9
14354,0.0009765625,10
14355,0.0009765625,10
14356,0.0009765625,10
14357,0.001953125,9
14358,0.0009765625,10
14359,0.0009765625,10
14360,0.0009765625,10
14361,0.001953125,9
14362,0.0009765625,10
14363,0.0009765625,10
14364,0.0009765625,10
14365,0.0009765625,10
14366,0.001953125,9
14367,0.0009765625,10
14368,0.0009765625,10
14369,0.0009765625,10
14370,0.001953125,9
14371,0.0009765625,10
14372,0.0009765625,10
14373,0.0009765625,10
14374,0.001953125,9
14375,0.0009765625,10
14376,0.0009765625,10
14377,0.0009765625,10
14378,0.0009765625,10
14379,0.001953125,9
14380,0.0009765625,10
14381,0.0009765625,10
14382,0.0009765625,10
14383,0.001953125,9
14384,0.0009765625,10
14385,0.0009765625,10
14386,0.0009765625,10
14387,0.001953125,9
14388,0.0009765625,10
14389,0.0009765625,10
14390,0.0009765625,10
14391,0.0009765625,10
14392,0.001953125,9
14393,0.0009765625,10
14394,0.0009765625,10
14395,0.0009765625,10
14396,0.001953125,9
14397,0.0009765625,10
14398,0.0009765625,10
14399,0.0009765625,10
14400,0.001953125,9
14401,0.0009765625,10
14402,0.0009765625,10
14403,0.0009765625,10
14404,0.0009765625,10
14405,0.001953125,9
14406,0.0009765625,10
14407,0.0009765625,10
14408,0.0009765625,10
14409,0.001953125,9
14410,0.0009765625,10
14411,0.0009765625,10
14412,0.0009765625,10
14413,0.0009765625,10
14414,0.001953125,9
14415,0.0009765625,10
14416,0.0009765625,10
14417,0.0009765625,10
14418,0.001953125,9
14419,0.0009765625,10
14420,0.0009765625,10
14421,0.0009765625,10
14422,0.001953125,9
14423,0.0009765625,10
14424,0.0009765625,10
14425,0.0009765625,10
14426,0.0009765625,10
14427,0.001953125,9
14428,0.0009765625,10
14429,0.0009765625,10
14430,0.0009765625,10
14431,0.001953125,9
14432,0.0009765625,10
14433,0.0009765625,10
14434,0.0009765625,10
14435,0.001953125,9
14436,0.0009765625,10
14437,0.0009765625,10
14438,0.0009765625,10
14439,0.0009765625,10
14440,0.001953125,9
14441,0.0009765625,10
14442,0.0009765625,10
14443,0.0009765625,10
14444,0.001953125,9
14445,0.0009765625,10
14446,0.0009765625,10
14447,0.0009765625,10
14448,0.001953125,9
14449,0.0009765625,10
14450,0.0009765625,10
14451,0.0009765625,10
14452,0.0009765625,10
14453,0.001953125,9
14454,0.0009765625,10
14455,0.0009765625,10
14456,0.0009765625,10
14457,0.001953125,9
14458,0.0009765625,10
14459,0.0009765625,10
14460,0.0009765625,10
14461,0.001953125,9
14462,0.0009765625,10
14463,0.0009765625,10
14464,0.0009765625,10
14465,0.0009765625,10
14466,0.001953125,9
14467,0.0009765625,10
14468,0.0009765625,10
14469,0.0009765625,10
14470,0.001953125,9
14471,0.0009765625,10
14472,0.0009765625,10
14473,0.0009765625,10
14474,0.0009765625,10
14475,0.001953125,9
14476,0.0009765625,10
14477,0.0009765625,10
14478,0.0009765625,10
14479,0.001953125,9
14480,0.0009765625,10
14481,0.0009765625,10
14482,0.0009765625,10
14483,0.001953125,9
14484,0.0009765625,10
14485,0.0009765625,10
14486,0.0009765625,10
14487,0.0009765625,10
14488,0.001953125,9
14489,0.0009765625,10
14490,0.0009765625,10
14491,0.0009765625,10
14492,0.001953125,9
14493,0.0009765625,10
14494,0.0009765625,10
14495,0.0009765625,10
14496,0.001953125,9
14497,0.0009765625,10
14498,0.0009765625,10
14499,0.0009765625,10
14500,0.0009765625,10
14501,0.001953125,9
14502,0.0009765625,10
14503,0.0009765625,10
14504,0.0009765625,10
14505,0.001953125,9
14506,0.0009765625,10
14507,0.0009765625,10
14508,0.0009765625,10
14509,0.001953125,9
14510,0.0009765625,10
14511,0.0009765625,10
14512,0.0009765625,10
14513,0.0009765625,10
14514,0.001953125,9
14515,0.0009765625,10
14516,0.0009765625,10
14517,0.0009765625,10
14518,0.001953125,9
14519,0.0009765625,10
14520,0.0009765625,10
14521,0.0009765625,10
14522,0.001953125,9
14523,0.0009765625,10
14524,0.0009765625,10
14525,0.0009765625,10
14526,0.0009765625,10
14527,0.001953125,9
14528,0.0009765625,10
14529,0.0009765625,10
14530,0.0009765625,10
14531,0.001953125,9
14532,0.0009765625,10
14533,0.0009765625,10
14534,0.0009765625,10
14535,0.0009765625,10
14536,0.001953125,9
14537,0.0009765625,10
14538,0.0009765625,10
14539,0.0009765625,10
14540,0.001953125,9
14541,0.0009765625,10
14542,0.0009765625,10
14543,0.0009765625,10
14544,0.001953125,9
14545,0.0009765625,10
14546,0.0009765625,10
14547,0.0009765625,10
14548,0.0009765625,10
14549,0.001953125,9
14550,0.0009765625,10
14551,0.0009765625,10
14552,0.0009765625,10
14553,0.001953125,9
14554,0.0009765625,10
14555,0.0009765625,10
14556,0.0009765625,10
14557,0.001953125,9
14558,0.0009765625,10
14559,0.0009765625,10
14560,0.0009765625,10
14561,0.0009765625,10
14562,0.001953125,9
14563,0.0009765625,10
14564,0.0009765625,10
14565,0.0009765625,10
14566,0.001953125,9
14567,0.0009765625,10
14568,0.0009765625,10
14569,0.0009765625,10
14570,0.001953125,9
14571,0.0009765625,10
14572,0.0009765625,10
14573,0.0009765625,10
14574,0.0009765625,10
14575,0.001953125,9
14576,0.0009765625,10
14577,0.0009765625,10
14578,0.0009765625,10
14579,0.001953125,9
14580,0.0009765625,10
14581,0.0009765625,10
14582,0.0009765625,10
14583,0.001953125,9
14584,0.0009765625,10
14585,0.0009765625,10
14586,0.0009765625,10
14587,0.0009765625,10
14588,0.001953125,9
14589,0.0009765625,10
14590,0.0009765625,10
14591,0.0009765625,10
14592,0.001953125,9
14593,0.0009765625,10
14594,0.0009765625,10
14595,0.0009765625,10
14596,0.0009765625,10
14597,0.001953125,9
14598,0.0009765625,10
14599,0.0009765625,10
14600,0.0009765625,10
14601,0.001953125,9
14602,0.0009765625,10
14603,0.0009765625,10
14604,0.0009765625,10
14605,0.001953125,9
14606,0.0009765625,10
14607,0.0009765625,10
14608,0.0009765625,10
14609,0.0009765625,10
14610,0.001953125,9
14611,0.0009765625,10
14612,0.0009765625,10
14613,0.0009765625,10
14614,0.001953125,9
14615,0.0009765625,10
14616,0.0009765625,10
14617,0.0009765625,10
14618,0.001953125,9
14619,0.0009765625,10
14620,0.0009765625,10
14621,0.0009765625,10
14622,0.0009765625,10
14623,0.001953125,9
14624,0.0009765625,10
14625,0.0009765625,10
14626,0.0009765625,10
14627,0.001953125,9
14628,0.0009765625,10
14629,0.0009765625,10
14630,0.0009765625,10
14631,0.001953125,9
14632,0.0009765625,10
14633,0.0009765625,10
14634,0.0009765625,10
14635,0.0009765625,10
14636,0.001953125,9
14637,0.0009765625,10
14638,0.0009765625,10
14639,0.0009765625,10
14640,0.001953125,9
14641,0.0009765625,10
14642,0.0009765625,10
14643,0.0009765625,10
14644,0.001953125,9
14645,0.0009765625,10
14646,0.0009765625,10
14647,0.0009765625,10
14648,0.0009765625,10
14649,0.001953125,9
14650,0.0009765625,10
14651,0.0009765625,10
14652,0.0009765625,10
14653,0.001953125,9
14654,0.0009765625,10
14655,0.0009765625,10
14656,0.0009765625,10
14657,0.0009765625,10
14658,0.001953125,9
14659,0.0009765625,10
14660,0.0009765625,10
14661,0.0009765625,10
14662,0.001953125,9
14663,0.0009765625,10
14664,0.0009765625,10
14665,0.0009765625,10
14666,0.001953125,9
14667,0.0009765625,10
14668,0.0009765625,10
14669,0.0009765625,10
14670,0.0009765625,10
14671,0.001953125,9
14672,0.0009765625,10
14673,0.0009765625,10
14674,0.0009765625,10
14675,0.001953125,9
14676,0.0009765625,10
14677,0.0009765625,10
14678,0.0009765625,10
14679,0.001953125,9
14680,0.0009765625,10
14681,0.0009765625,10
14682,0.0009765625,10
14683,0.0009765625,10
14684,0.001953125,9
14685,0.0009765625,10
14686,0.0009765625,10
14687,0.0009765625,10
14688,0.001953125,9
14689,0.0009765625,10
14690,0.0009765625,10
14691,0.0009765625,10
14692,0.001953125,9
14693,0.0009765625,10
14694,0.0009765625,10
14695,0.0009765625,10
14696,0.0009765625,10
14697,0.001953125,9
14698,0.0009765625,10
14699,0.0009765625,10
14700,0.0009765625,10
14701,0.001953125,9
14702,0.0009765625,10
14703,0.0009765625,10
14704,0.0009765625,10
14705,0.001953125,9
14706,0.0009765625,10
14707,0.0009765625,10
14708,0.0009765625,10
14709,0.0009765625,10
14710,0.001953125,9
14711,0.0009765625,10
14712,0.0009765625,10
14713,0.0009765625,10
14714,0.001953125,9
14715,0.0009765625,10
14716,0.0009765625,10
14717,0.0009765625,10
14718,0.001953125,9
14719,0.0009765625,10
14720,0.0009765625,10
14721,0.0009765625,10
14722,0.0009765625,10
14723,0.001953125,9
14724,0.0009765625,10
14725,0.0009765625,10
14726,0.0009765625,10
14727,0.001953125,9
14728,0.0009765625,10
14729,0.0009765625,10
14730,0.0009765625,10
14731,0.0009765625,10
14732,0.001953125,9
14733,0.0009765625,10
14734,0.0009765625,10
14735,0.0009765625,10
14736,0.001953125,9
14737,0.0009765625,10
14738,0.0009765625,10
14739,0.0009765625,10
14740,0.001953125,9
14741,0.0009765625,10
14742,0.0009765625,10
14743,0.0009765625,10
14744,0.0009765625,10
14745,0.001953125,9
14746,0.0009765625,10
14747,0.0009765625,10
14748,0.0009765625,10
14749,0.001953125,9
14750,0.0009765625,10
14751,0.0009765625,10
14752,0.0009765625,10
14753,0.001953125,9
14754,0.0009765625,10
14755,0.0009765625,10
14756,0.0009765625,10
14757,0.0009765625,10
14758,0.001953125,9
14759,0.0009765625,10
14760,0.0009765625,10
14761,0.0009765625,10
14762,0.001953125,9
14763,0.0009765625,10
14764,0.0009765625,10
14765,0.0009765625,10
14766,0.001953125,9
14767,0.0009765625,10
14768,0.0009765625,10
14769,0.0009765625,10
14770,0.0009765625,10
14771,0.001953125,9
14772,0.0009765625,10
14773,0.0009765625,10
14774,0.0009765625,10
14775,0.001953125,9
14776,0.0009765625,10
14777,0.0009765625,10
14778,0.0009765625,10
14779,0.001953125,9
14780,0.0009765625,10
14781,0.0009765625,10
14782,0.0009765625,10
14783,0.0009765625,10
14784,0.001953125,9
14785,0.0009765625,10
14786,0.0009765625,10
14787,0.0009765625,10
14788,0.001953125,9
14789,0.0009765625,10
14790,0.0009765625,10
14791,0.0009765625,10
14792,0.0009765625,10
14793,0.001953125,9
14794,0.0009765625,10
14795,0.0009765625,10
14796,0.0009765625,10
14797,0.001953125,9
14798,0.0009765625,10
14799,0.0009765625,10
14800,0.0009765625,10
14801,0.001953125,9
14802,0.0009765625,10
14803,0.0009765625,10
14804,0.0009765625,10
14805,0.0009765625,10
14806,0.001953125,9
14807,0.0009765625,10
14808,0.0009765625,10
14809,0.0009765625,10
14810,0.001953125,9
14811,0.0009765625,10
14812,0.0009765625,10
14813,0.0009765625,10
14814,0.001953125,9
14815,0.0009765625,10
14816,0.0009765625,10
14817,0.0009765625,10
14818,0.0009765625,10
14819,0.001953125,9
14820,0.0009765625,10
14821,0.0009765625,10
14822,0.0009765625,10
14823,0.001953125,9
14824,0.0009765625,10
14825,0.0009765625,10
14826,0.0009765625,10
14827,0.001953125,9
14828,0.0009765625,10
14829,0.0009765625,10
14830,0.0009765625,10
14831,0.0009765625,10
14832,0.001953125,9
14833,0.0009765625,10
14834,0.0009765625,10
14835,0.0009765625,10
14836,0.001953125,9
14837,0.0009765625,10
14838,0.0009765625,10
14839,0.0009765625,10
14840,0.001953125,9
14841,0.0009765625,10
14842,0.0009765625,10
14843,0.0009765625,10
14844,0.0009765625,10
14845,0.001953125,9
14846,0.0009765625,10
14847,0.0009765625,10
14848,0.0009765625,10
14849,0.001953125,9
14850,0.0009765625,10
14851,0.0009765625,10
14852,0.0009765625,10
14853,0.0009765625,10
14854,0.001953125,9
14855,0.0009765625,10
14856,0.0009765625,10
14857,0.0009765625,10
14858,0.001953125,9
14859,0.0009765625,10
14860,0.0009765625,10
14861,0.0009765625,10
14862,0.001953125,9
14863,0.0009765625,10
14864,0.0009765625,10
14865,0.0009765625,10
14866,0.0009765625,10
14867,0.001953125,9
14868,0.0009765625,10
14869,0.0009765625,10
14870,0.0009765625,10
14871,0.001953125,9
14872,0.0009765625,10
14873,0.0009765625,10
14874,0.0009765625,10
14875,0.001953125,9
14876,0.0009765625,10
14877,0.0009765625,10
14878,0.0009765625,10
14879,0.0009765625,10
14880,0.001953125,9
14881,0.0009765625,10
14882,0.0009765625,10
14883,0.0009765625,10
14884,0.001953125,9
14885,0.0009765625,10
14886,0.0009765625,10
14887,0.0009765625,10
14888,0.001953125,9
14889,0.0009765625,10
14890,0.0009765625,10
14891,0.0009765625,10
14892,0.0009765625,10
14893,0.001953125,9
14894,0.0009765625,10
14895,0.0009765625,10
14896,0.0009765625,10
14897,0.001953125,9
14898,0.0009765625,10
14899,0.0009765625,10
14900,0.0009765625,10
14901,0.001953125,9
14902,0.0009765625,10
14903,0.0009765625,10
14904,0.0009765625,10
14905,0.0009765625,10
14906,0.001953125,9
14907,0.0009765625,10
14908,0.0009765625,10
14909,0.0009765625,10
14910,0.001953125,9
14911,0.0009765625,10
14912,0.0009765625,10
14913,0.0009765625,10
14914,0.0009765625,10
14915,0.001953125,9
14916,0.0009765625,10
14917,0.0009765625,10
14918,0.0009765625,10
14919,0.001953125,9
14920,0.0009765625,10
14921,0.0009765625,10
14922,0.0009765625,10
14923,0.001953125,9
14924,0.0009765625,10
14925,0.0009765625,10
14926,0.0009765625,10
14927,0.0009765625,10
14928,0.001953125,9
14929,0.0009765625,10
14930,0.0009765625,10
14931,0.0009765625,10
14932,0.001953125,9
14933,0.0009765625,10
14934,0.0009765625,10
14935,0.0009765625,10
14936,0.001953125,9
14937,0.0009765625,10
14938,0.0009765625,10
14939,0.0009765625,10
14940,0.0009765625,10
14941,0.001953125,9
14942,0.0009765625,10
14943,0.0009765625,10
14944,0.0009765625,10
14945,0.001953125,9
14946,0.0009765625,10
14947,0.0009765625,10
14948,0.0009765625,10
14949,0.001953125,9
14950,0.0009765625,10
14951,0.0009765625,10
14952,0.0009765625,10
14953,0.0009765625,10
14954,0.001953125,9
14955,0.0009765625,10
14956,0.0009765625,10
14957,0.0009765625,10
14958,0.001953125,9
14959,0.0009765625,10
14960,0.0009765625,10
14961,0.0009765625,10
14962,0.001953125,9
14963,0.0009765625,10
14964,0.0009765625,10
14965,0.0009765625,10
14966,0.0009765625,10
14967,0.001953125,9
14968,0.0009765625,10
14969,0.0009765625,10
14970,0.0009765625,10
14971,0.001953125,9
14972,0.0009765625,10
14973,0.0009765625,10
14974,0.0009765625,10
14975,0.0009765625,10
14976,0.001953125,9
14977,0.0009765625,10
14978,0.0009765625,10
14979,0.0009765625,10
14980,0.001953125,9
14981,0.0009765625,10
14982,0.0009765625,10
14983,0.0009765625,10
14984,0.001953125,9
14985,0.0009765625,10
14986,0.0009765625,10
14987,0.0009765625,10
14988,0.0009765625,10
14989,0.001953125,9
14990,0.0009765625,10
14991,0.0009765625,10
14992,0.0009765625,10
14993,0.001953125,9
14994,0.0009765625,10
14995,0.0009765625,10
14996,0.0009765625,10
14997,0.001953125,9
14998,0.0009765625,10
14999,0.0009765625,10
15000,0.0009765625,10
15001,0.0009765625,10
15002,0.001953125,9
15003,0.0009765625,10
15004,0.0009765625,10
15005,0.0009765625,10
15006,0.001953125,9
15007,0.0009765625,10
15008,0.0009765625,10
15009,0.0009765625,10
15010,0.001953125,9
15011,0.0009765625,10
15012,0.0009765625,10
15013,0.0009765625,10
15014,0.0009765625,10
15015,0.001953125,9
15016,0.0009765625,10
15017,0.0009765625,10
15018,0.0009765625,10
15019,0.001953125,9
15020,0.0009765625,10
15021,0.0009765625,10
15022,0.0009765625,10
15023,0.001953125,9
15024,0.0009765625,10
15025,0.0009765625,10
15026,0.0009765625,10
15027,0.0009765625,10
15028,0.001953125,9
15029,0.0009765625,10
15030,0.0009765625,10
15031,0.0009765625,10
15032,0.001953125,9
15033,0.0009765625,10
15034,0.0009765625,10
15035,0.0009765625,10
15036,0.0009765625,10
15037,0.001953125,9
15038,0.0009765625,10
15039,0.0009765625,10
15040,0.0009765625,10
15041,0.001953125,9
15042,0.0009765625,10
15043,0.0009765625,10
15044,0.0009765625,10
15045,0.001953125,9
15046,0.0009765625,10
15047,0.0009765625,10
15048,0.0009765625,10
15049,0.0009765625,10
15050,0.001953125,9
15051,0.0009765625,10
15052,0.0009765625,10
15053,0.0009765625,10
15054,0.001953125,9
15055,0.0009765625,10
15056,0.0009765625,10
15057,0.0009765625,10
15058,0.001953125,9
15059,0.0009765625,10
15060,0.0009765625,10
15061,0.0009765625,10
15062,0.0009765625,10
15063,0.001953125,9
15064,0.0009765625,10
15065,0.0009765625,10
15066,0.0009765625,10
15067,0.001953125,9
15068,0.0009765625,10
15069,0.0009765625,10
15070,0.0009765625,10
15071,0.001953125,9
15072,0.0009765625,10
15073,0.0009765625,10
15074,0.0009765625,10
15075,0.0009765625,10
15076,0.001953125,9
15077,0.0009765625,10
15078,0.0009765625,10
15079,0.0009765625,10
15080,0.001953125,9
15081,0.0009765625,10
15082,0.0009765625,10
15083,0.0009765625,10
15084,0.001953125,9
15085,0.0009765625,10
15086,0.0009765625,10
15087,0.0009765625,10
15088,0.0009765625,10
15089,0.001953125,9
15090,0.0009765625,10
15091,0.0009765625,10
15092,0.0009765625,10
15093,0.001953125,9
15094,0.0009765625,10
15095,0.0009765625,10
15096,0.0009765625,10
15097,0.0009765625,10
15098,0.001953125,9
15099,0.0009765625,10
15100,0.0009765625,10
15101,0.0009765625,10
15102,0.001953125,9
15103,0.0009765625,10
15104,0.0009765625,10
15105,0.0009765625,10
15106,0.001953125,9
15107,0.0009765625,10
15108,0.0009765625,10
15109,0.0009765625,10
15110,0.0009765625,10
15111,0.001953125,9
15112,0.0009765625,10
15113,0.0009765625,10
15114,0.0009765625,10
15115,0.001953125,9
15116,0.0009765625,10
15117,0.0009765625,10
15118,0.0009765625,10
15119,0.001953125,9
15120,0.0009765625,10
15121,0.0009765625,10
15122,0.0009765625,10
15123,0.0009765625,10
15124,0.001953125,9
15125,0.0009765625,10
15126,0.0009765625,10
15127,0.0009765625,10
15128,0.001953125,9
15129,0.0009765625,10
15130,0.0009765625,10
15131,0.0009765625,10
15132,0.001953125,9
15133,0.0009765625,10
15134,0.0009765625,10
15135,0.0009765625,10
15136,0.0009765625,10
15137,0.001953125,9
15138,0.0009765625,10
15139,0.0009765625,10
15140,0.0009765625,10
15141,0.001953125,9
15142,0.0009765625,10
15143,0.0009765625,10
15144,0.0009765625,10
15145,0.001953125,9
15146,0.0009765625,10
15147,0.0009765625,10
15148,0.0009765625,10
15149,0.0009765625,10
15150,0.001953125,9
15151,0.0009765625,10
15152,0.0009765625,10
15153,0.0009765625,10
15154,0.001953125,9
15155,0.0009765625,10
15156,0.0009765625,10
15157,0.0009765625,10
15158,0.0009765625,10
15159,0.001953125,9
15160,0.0009765625,10
15161,0.0009765625,10
15162,0.0009765625,10
15163,0.001953125,9
15164,0.0009765625,10
15165,0.0009765625,10
15166,0.0009765625,10
15167,0.001953125,9
15168,0.0009765625,10
15169,0.0009765625,10
15170,0.0009765625,10
15171,0.0009765625,10
15172,0.001953125,9
15173,0.0009765625,10
15174,0.0009765625,10
15175,0.0009765625,10
15176,0.001953125,9
15177,0.0009765625,10
15178,0.0009765625,10
15179,0.0009765625,10
15180,0.001953125,9
15181,0.0009765625,10
15182,0.0009765625,10
15183,0.0009765625,10
15184,0.0009765625,10
15185,0.001953125,9
15186,0.0009765625,10
15187,0.0009765625,10
15188,0.0009765625,10
15189,0.001953125,9
15190,0.0009765625,10
15191,0.0009765625,10
15192,0.0009765625,10
15193,0.001953125,9
15194,0.0009765625,10
15195,0.0009765625,10
15196,0.0009765625,10
15197,0.0009765625,10
15198,0.001953125,9
15199,0.0009765625,10
15200,0.0009765625,10
15201,0.0009765625,10
15202,0.001953125,9
15203,0.0009765625,10
15204,0.0009765625,10
15205,0.0009765625,10
15206,0.001953125,9
15207,0.0009765625,10
15208,0.0009765625,10
15209,0.0009765625,10
15210,0.0009765625,10
15211,0.001953125,9
15212,0.0009765625,10
15213,0.0009765625,10
15214,0.0009765625,10
15215,0.001953125,9
15216,0.0009765625,10
15217,0.0009765625,10
15218,0.0009765625,10
15219,0.0009765625,10
15220,0.001953125,9
15221,0.0009765625,10
15222,0.0009765625,10
15223,0.0009765625,10
15224,0.001953125,9
15225,0.0009765625,10
15226,0.0009765625,10
15227,0.0009765625,10
15228,0.001953125,9
15229,0.0009765625,10
15230,0.0009765625,10
15231,0.0009765625,10
15232,0.0009765625,10
15233,0.001953125,9
15234,0.0009765625,10
15235,0.0009765625,10
15236,0.0009765625,10
15237,0.001953125,9
15238,0.0009765625,10
15239,0.0009765625,10
15240,0.0009765625,10
15241,0.001953125,9
15242,0.0009765625,10
15243,0.0009765625,10
15244,0.0009765625,10
15245,0.0009765625,10
15246,0.001953125,9
15247,0.0009765625,10
15248,0.0009765625,10
15249,0.0009765625,10
15250,0.001953125,9
15251,0.0009765625,10
15252,0.0009765625,10
15253,0.0009765625,10
15254,0.001953125,9
15255,0.0009765625,10
15256,0.0009765625,10
15257,0.0009765625,10
15258,0.0009765625,10
15259,0.001953125,9
15260,0.0009765625,10
15261,0.0009765625,10
15262,0.0009765625,10
15263,0.001953125,9
15264,0.0009765625,10
15265,0.0009765625,10
15266,0.0009765625,10
15267,0.001953125,9
15268,0.0009765625,10
15269,0.0009765625,10
15270,0.0009765625,10
15271,0.0009765625,10
15272,0.001953125,9
15273,0.0009765625,10
15274,0.0009765625,10
15275,0.0009765625,10
15276,0.001953125,9
15277,0.0009765625,10
15278,0.0009765625,10
15279,0.0009765625,10
15280,0.0009765625,10
15281,0.001953125,9
15282,0.0009765625,10
15283,0.0009765625,10
15284,0.0009765625,10
15285,0.001953125,9
15286,0.0009765625,10
15287,0.0009765625,10
15288,0.0009765625,10
15289,0.001953125,9
15290,0.0009765625,10
15291,0.0009765625,10
15292,0.0009765625,10
15293,0.0009765625,10
15294,0.001953125,9
15295,0.0009765625,10
15296,0.0009765625,10
15297,0.0009765625,10
15298,0.001953125,9
15299,0.0009765625,10
15300,0.0009765625,10
15301,0.0009765625,10
15302,0.001953125,9
15303,0.0009765625,10
15304,0.0009765625,10
15305,0.0009765625,10
15306,0.0009765625,10
15307,0.001953125,9
15308,0.0009765625,10
15309,0.0009765625,10
15310,0.0009765625,10
15311,0.001953125,9
15312,0.0009765625,10
15313,0.0009765625,10
15314,0.0009765625,10
15315,0.001953125,9
15316,0.0009765625,10
15317,0.0009765625,10
15318,0.0009765625,10
15319,0.0009765625,10
15320,0.001953125,9
15321,0.0009765625,10
15322,0.0009765625,10
15323,0.0009765625,10
15324,0.001953125,9
15325,0.0009765625,10
15326,0.0009765625,10
15327,0.0009765625,10
15328,0.001953125,9
15329,0.0009765625,10
15330,0.0009765625,10
15331,0.0009765625,10
15332,0.0009765625,10
15333,0.001953125,9
15334,0.0009765625,10
15335,0.0009765625,10
15336,0.0009765625,10
15337,0.001953125,9
15338,0.0009765625,10
15339,0.0009765625,10
15340,0.0009765625,10
15341,0.001953125,9
15342,0.0009765625,10
15343,0.0009765625,10
15344,0.0009765625,10
15345,0.0009765625,10
15346,0.001953125,9
15347,0.0009765625,10
15348,0.0009765625,10
15349,0.0009765625,10
15350,0.001953125,9
15351,0.0009765625,10
15352,0.0009765625,10
15353,0.0009765625,10
15354,0.0009765625,10
15355,0.001953125,9
15356,0.0009765625,10
15357,0.0009765625,10
15358,0.0009765625,10
15359,0.001953125,9
15360,0.0009765625,10
15361,0.0009765625,10
15362,0.0009765625,10
15363,0.001953125,9
15364,0.0009765625,10
15365,0.0009765625,10
15366,0.0009765625,10
15367,0.0009765625,10
15368,0.001953125,9
15369,0.0009765625,10
15370,0.0009765625,10
15371,0.0009765625,10
15372,0.001953125,9
15373,0.0009765625,10
15374,0.0009765625,10
15375,0.0009765625,10
15376,0.001953125,9
15377,0.0009765625,10
15378,0.0009765625,10
15379,0.0009765625,10
15380,0.0009765625,10
15381,0.001953125,9
15382,0.0009765625,10
15383,0.0009765625,10
15384,0.0009765625,10
15385,0.001953125,9
15386,0.0009765625,10
15387,0.0009765625,10
15388,0.0009765625,10
15389,0.001953125,9
15390,0.0009765625,10
15391,0.0009765625,10
15392,0.0009765625,10
15393,0.0009765625,10
15394,0.001953125,9
15395,0.0009765625,10
15396,0.0009765625,10
15397,0.0009765625,10
15398,0.001953125,9
15399,0.0009765625,10
15400,0.0009765625,10
15401,0.0009765625,10
15402,0.001953125,9
15403,0.0009765625,10
15404,0.0009765625,10
15405,0.0009765625,10
15406,0.0009765625,10
15407,0.001953125,9
15408,0.0009765625,10
15409,0.0009765625,10
15410,0.0009765625,10
15411,0.001953125,9
15412,0.0009765625,10
15413,0.0009765625,10
15414,0.0009765625,10
15415,0.0009765625,10
15416,0.001953125,9
15417,0.0009765625,10
15418,0.0009765625,10
15419,0.0009765625,10
15420,0.001953125,9
15421,0.0009765625,10
15422,0.0009765625,10
15423,0.0009765625,10
15424,0.001953125,9
15425,0.0009765625,10
15426,0.0009765625,10
15427,0.0009765625,10
15428,0.0009765625,10
15429,0.001953125,9
15430,0.0009765625,10
15431,0.0009765625,10
15432,0.0009765625,10
15433,0.001953125,9
15434,0.0009765625,10
15435,0.0009765625,10
15436,0.0009765625,10
15437,0.001953125,9
15438,0.0009765625,10
15439,0.0009765625,10
15440,0.0009765625,10
15441,0.0009765625,10
15442,0.001953125,9
15443,0.0009765625,10
15444,0.0009765625,10
15445,0.0009765625,10
15446,0.001953125,9
15447,0.0009765625,10
15448,0.0009765625,10
15449,0.0009765625,10
15450,0.001953125,9
15451,0.0009765625,10
15452,0.0009765625,10
15453,0.0009765625,10
15454,0.0009765625,10
15455,0.001953125,9
15456,0.0009765625,10
15457,0.0009765625,10
15458,0.0009765625,10
15459,0.001953125,9
15460,0.0009765625,10
15461,0.0009765625,10
15462,0.0009765625,10
15463,0.001953125,9
15464,0.0009765625,10
15465,0.0009765625,10
15466,0.0009765625,10
15467,0.0009765625,10
15468,0.001953125,9
15469,0.0009765625,10
15470,0.0009765625,10
15471,0.0009765625,10
15472,0.001953125,9
15473,0.0009765625,10
15474,0.0009765625,10
15475,0.0009765625,10
15476,0.0009765625,10
15477,0.001953125,9
15478,0.0009765625,10
15479,0.0009765625,10
15480,0.0009765625,10
15481,0.001953125,9
15482,0.0009765625,10
15483,0.0009765625,10
15484,0.0009765625,10
15485,0.001953125,9
15486,0.0009765625,10
15487,0.0009765625,10
15488,0.0009765625,10
15489,0.0009765625,10
15490,0.001953125,9
15491,0.0009765625,10
15492,0.0009765625,10
15493,0.0009765625,10
15494,0.001953125,9
15495,0.0009765625,10
15496,0.0009765625,10
15497,0.0009765625,10
15498,0.001953125,9
15499,0.0009765625,10
15500,0.0009765625,10
15501,0.0009765625,10
15502,0.0009765625,10
15503,0.001953125,9
15504,0.0009765625,10
15505,0.0009765625,10
15506,0.0009765625,10
15507,0.001953125,9
15508,0.0009765625,10
15509,0.0009765625,10
15510,0.0009765625,10
15511,0.001953125,9
15512,0.0009765625,10
15513,0.0009765625,10
15514,0.0009765625,10
15515,0.0009765625,10
15516,0.001953125,9
15517,0.0009765625,10
15518,0.0009765625,10
15519,0.0009765625,10
15520,0.001953125,9
15521,0.0009765625,10
15522,0.0009765625,10
15523,0.0009765625,10
15524,0.001953125,9
15525,0.0009765625,10
15526,0.0009765625,10
15527,0.0009765625,10
15528,0.0009765625,10
15529,0.001953125,9
15530,0.0009765625,10
15531,0.0009765625,10
15532,0.0009765625,10
15533,0.001953125,9
15534,0.0009765625,10
15535,0.0009765625,10
15536,0.0009765625,10
15537,0.0009765625,10
15538,0.001953125,9
15539,0.0009765625,10
15540,0.0009765625,10
15541,0.0009765625,10
15542,0.001953125,9
15543,0.0009765625,10
15544,0.0009765625,10
15545,0.0009765625,10
15546,0.001953125,9
15547,0.0009765625,10
15548,0.0009765625,10
15549,0.0009765625,10
15550,0.0009765625,10
15551,0.001953125,9
15552,0.0009765625,10
15553,0.0009765625,10
15554,0.0009765625,10
15555,0.001953125,9
15556,0.0009765625,10
15557,0.0009765625,10
15558,0.0009765625,10
15559,0.001953125,9
15560,0.0009765625,10
15561,0.0009765625,10
15562,0.0009765625,10
15563,0.0009765625,10
15564,0.001953125,9
15565,0.0009765625,10
15566,0.0009765625,10
15567,0.0009765625,10
15568,0.001953125,9
15569,0.0009765625,10
15570,0.0009765625,10
15571,0.0009765625,10
15572,0.001953125,9
15573,0.0009765625,10
15574,0.0009765625,10
15575,0.0009765625,10
15576,0.0009765625,10
15577,0.001953125,9
15578,0.0009765625,10
15579,0.0009765625,10
15580,0.0009765625,10
15581,0.001953125,9
15582,0.0009765625,10
15583,0.0009765625,10
15584,0.0009765625,10
15585,0.001953125,9
15586,0.0009765625,10
15587,0.0009765625,10
15588,0.0009765625,10
15589,0.0009765625,10
15590,0.001953125,9
15591,0.0009765625,10
15592,0.0009765625,10
15593,0.0009765625,10
15594,0.001953125,9
15595,0.0009765625,10
15596,0.0009765625,10
15597,0.0009765625,10
15598,0.0009765625,10
15599,0.001953125,9
15600,0.0009765625,10
15601,0.0009765625,10
15602,0.0009765625,10
15603,0.001953125,9
15604,0.0009765625,10
15605,0.0009765625,10
15606,0.0009765625,10
15607,0.001953125,9
15608,0.0009765625,10
15609,0.0009765625,10
15610,0.0009765625,10
15611,0.0009765625,10
15612,0.001953125,9
15613,0.0009765625,10
15614,0.0009765625,10
15615,0.0009765625,10
15616,0.001953125,9
15617,0.0009765625,10
15618,0.0009765625,10
15619,0.0009765625,10
15620,0.001953125,9
15621,0.0009765625,10
15622,0.0009765625,10
15623,0.0009765625,10
15624,0.0009765625,10
15625,0.001953125,9
15626,0.0009765625,10
15627,0.0009765625,10
15628,0.0009765625,10
15629,0.001953125,9
15630,0.0009765625,10
15631,0.0009765625,10
15632,0.0009765625,10
15633,0.001953125,9
15634,0.0009765625,10
15635,0.0009765625,10
15636,0.0009765625,10
15637,0.0009765625,10
15638,0.001953125,9
15639,0.0009765625,10
15640,0.0009765625,10
15641,0.0009765625,10
15642,0.001953125,9
15643,0.0009765625,10
15644,0.0009765625,10
15645,0.0009765625,10
15646,0.001953125,9
15647,0.0009765625,10
15648,0.0009765625,10
15649,0.0009765625,10
15650,0.0009765625,10
15651,0.001953125,9
15652,0.0009765625,10
15653,0.0009765625,10
15654,0.0009765625,10
15655,0.001953125,9
15656,0.0009765625,10
15657,0.0009765625,10
15658,0.0009765625,10
15659,0.0009765625,10
15660,0.001953125,9
15661,0.0009765625,10
15662,0.0009765625,10
15663,0.0009765625,10
15664,0.001953125,9
15665,0.0009765625,10
15666,0.0009765625,10
15667,0.0009765625,10
15668,0.001953125,9
15669,0.0009765625,10
15670,0.0009765625,10
15671,0.0009765625,10
15672,0.0009765625,10
15673,0.001953125,9
15674,0.0009765625,10
15675,0.0009765625,10
15676,0.0009765625,10
15677,0.001953125,9
15678,0.0009765625,10
15679,0.0009765625,10
15680,0.0009765625,10
15681,0.001953125,9
15682,0.0009765625,10
15683,0.0009765625,10
15684,0.0009765625,10
15685,0.0009765625,10
15686,0.001953125,9
15687,0.0009765625,10
15688,0.0009765625,10
15689,0.0009765625,10
15690,0.001953125,9
15691,0.0009765625,10
15692,0.0009765625,10
15693,0.0009765625,10
15694,0.001953125,9
15695,0.0009765625,10
15696,0.0009765625,10
15697,0.0009765625,10
15698,0.0009765625,10
15699,0.001953125,9
15700,0.0009765625,10
15701,0.0009765625,10
15702,0.0009765625,10
15703,0.001953125,9
15704,0.0009765625,10
15705,0.0009765625,10
15706,0.0009765625,10
15707,0.001953125,9
15708,0.0009765625,10
15709,0.0009765625,10
15710,0.0009765625,10
15711,0.0009765625,10
15712,0.001953125,9
15713,0.0009765625,10
15714,0.0009765625,10
15715,0.0009765625,10
15716,0.001953125,9
15717,0.0009765625,10
15718,0.0009765625,10
15719,0.0009765625,10
15720,0.0009765625,10
15721,0.001953125,9
15722,0.0009765625,10
15723,0.0009765625,10
15724,0.0009765625,10
15725,0.001953125,9
15726,0.0009765625,10
15727,0.0009765625,10
15728,0.0009765625,10
15729,0.001953125,9
15730,0.0009765625,10
15731,0.0009765625,10
15732,0.0009765625,10
15733,0.0009765625,10
15734,0.001953125,9
15735,0.0009765625,10
15736,0.0009765625,10
15737,0.0009765625,10
15738,0.001953125,9
15739,0.0009765625,10
15740,0.0009765625,10
15741,0.0009765625,10
15742,0.001953125,9
15743,0.0009765625,10
15744,0.0009765625,10
15745,0.0009765625,10
15746,0.0009765625,10
15747,0.001953125,9
15748,0.0009765625,10
15749,0.0009765625,10
15750,0.0009765625,10
15751,0.001953125,9
15752,0.0009765625,10
15753,0.0009765625,10
15754,0.0009765625,10
15755,0.001953125,9
15756,0.0009765625,10
15757,0.0009765625,10
15758,0.0009765625,10
15759,0.0009765625,10
15760,0.001953125,9
15761,0.0009765625,10
15762,0.0009765625,10
15763,0.0009765625,10
15764,0.001953125,9
15765,0.0009765625,10
15766,0.0009765625,10
15767,0.0009765625,10
15768,0.001953125,9
15769,0.0009765625,10
15770,0.0009765625,10
15771,0.0009765625,10
15772,0.0009765625,10
15773,0.001953125,9
15774,0.0009765625,10
15775,0.0009765625,10
15776,0.0009765625,10
15777,0.001953125,9
15778,0.0009765625,10
15779,0.0009765625,10
15780,0.0009765625,10
15781,0.0009765625,10
15782,0.001953125,9
15783,0.0009765625,10
15784,0.0009765625,10
15785,0.0009765625,10
15786,0.001953125,9
15787,0.0009765625,10
15788,0.0009765625,10
15789,0.0009765625,10
15790,0.001953125,9
15791,0.0009765625,10
15792,0.0009765625,10
15793,0.0009765625,10
15794,0.0009765625,10
15795,0.001953125,9
15796,0.0009765625,10
15797,0.0009765625,10
15798,0.0009765625,10
15799,0.001953125,9
15800,0.0009765625,10
15801,0.0009765625,10
15802,0.0009765625,10
15803,0.001953125,9
15804,0.0009765625,10
15805,0.0009765625,10
15806,0.0009765625,10
15807,0.0009765625,10
15808,0.001953125,9
15809,0.0009765625,10
15810,0.0009765625,10
15811,0.0009765625,10
15812,0.001953125,9
15813,0.0009765625,10
15814,0.0009765625,10
15815,0.0009765625,10
15816,0.001953125,9
15817,0.0009765625,10
15818,0.0009765625,10
15819,0.0009765625,10
15820,0.0009765625,10
15821,0.001953125,9
15822,0.0009765625,10
15823,0.0009765625,10
15824,0.0009765625,10
15825,0.001953125,9
15826,0.0009765625,10
15827,0.0009765625,10
15828,0.0009765625,10
15829,0.001953125,9
15830,0.0009765625,10
15831,0.0009765625,10
15832,0.0009765625,10
15833,0.0009765625,10
15834,0.001953125,9
15835,0.0009765625,10
15836,0.0009765625,10
15837,0.0009765625,10
15838,0.001953125,9
15839,0.0009765625,10
15840,0.0009765625,10
15841,0.0009765625,10
15842,0.0009765625,10
15843,0.001953125,9
15844,0.0009765625,10
15845,0.0009765625,10
15846,0.0009765625,10
15847,0.001953125,9
15848,0.0009765625,10
15849,0.0009765625,10
15850,0.0009765625,10
15851,0.001953125,9
15852,0.0009765625,10
15853,0.0009765625,10
15854,0.0009765625,10
15855,0.0009765625,10
15856,0.001953125,9
15857,0.0009765625,10
15858,0.0009765625,10
15859,0.0009765625,10
15860,0.001953125,9
15861,0.0009765625,10
15862,0.0009765625,10
15863,0.0009765625,10
15864,0.001953125,9
15865,0.0009765625,10
15866,0.0009765625,10
15867,0.0009765625,10
15868,0.0009765625,10
15869,0.001953125,9
15870,0.0009765625,10
15871,0.0009765625,10
15872,0.0009765625,10
15873,0.001953125,9
15874,0.0009765625,10
15875,0.0009765625,10
15876,0.0009765625,10
15877,0.001953125,9
15878,0.0009765625,10
15879,0.0009765625,10
15880,0.0009765625,10
15881,0.0009765625,10
15882,0.001953125,9
15883,0.0009765625,10
15884,0.0009765625,10
15885,0.0009765625,10
15886,0.001953125,9
15887,0.0009765625,10
15888,0.0009765625,10
15889,0.0009765625,10
15890,0.0009765625,10
15891,0.001953125,9
15892,0.0009765625,10
15893,0.0009765625,10
15894,0.0009765625,10
15895,0.001953125,9
15896,0.0009765625,10
15897,0.0009765625,10
15898,0.0009765625,10
15899,0.001953125,9
15900,0.0009765625,10
15901,0.0009765625,10
15902,0.0009765625,10
15903,0.0009765625,10
15904,0.001953125,9
15905,0.0009765625,10
15906,0.0009765625,10
15907,0.0009765625,10
15908,0.001953125,9
15909,0.0009765625,10
15910,0.0009765625,10
15911,0.0009765625,10
15912,0.001953125,9
15913,0.0009765625,10
15914,0.0009765625,10
15915,0.0009765625,10
15916,0.0009765625,10
15917,0.001953125,9
15918,0.0009765625,10
15919,0.0009765625,10
15920,0.0009765625,10
15921,0.001953125,9
15922,0.0009765625,10
15923,0.0009765625,10
15924,0.0009765625,10
15925,0.001953125,9
15926,0.0009765625,10
15927,0.0009765625,10
15928,0.0009765625,10
15929,0.0009765625,10
15930,0.001953125,9
15931,0.0009765625,10
15932,0.0009765625,10
15933,0.0009765625,10
15934,0.001953125,9
15935,0.0009765625,10
15936,0.0009765625,10
15937,0.0009765625,10
15938,0.001953125,9
15939,0.0009765625,10
15940,0.0009765625,10
15941,0.0009765625,10
15942,0.0009765625,10
15943,0.001953125,9
15944,0.0009765625,10
15945,0.0009765625,10
15946,0.0009765625,10
15947,0.001953125,9
15948,0.0009765625,10
15949,0.0009765625,10
15950,0.0009765625,10
15951,0.0009765625,10
15952,0.001953125,9
15953,0.0009765625,10
15954,0.0009765625,10
15955,0.0009765625,10
15956,0.001953125,9
15957,0.0009765625,10
15958,0.0009765625,10
15959,0.0009765625,10
15960,0.001953125,9
15961,0.0009765625,10
15962,0.0009765625,10
15963,0.0009765625,10
15964,0.0009765625,10
15965,0.001953125,9
15966,0.0009765625,10
15967,0.0009765625,10
15968,0.0009765625,10
15969,0.001953125,9
15970,0.0009765625,10
15971,0.0009765625,10
15972,0.0009765625,10
15973,0.001953125,9
15974,0.0009765625,10
15975,0.0009765625,10
15976,0.0009765625,10
15977,0.0009765625,10
15978,0.001953125,9
15979,0.0009765625,10
15980,0.0009765625,10
15981,0.0009765625,10
15982,0.001953125,9
15983,0.0009765625,10
15984,0.0009765625,10
15985,0.0009765625,10
15986,0.001953125,9
15987,0.0009765625,10
15988,0.0009765625,10
15989,0.0009765625,10
15990,0.0009765625,10
15991,0.001953125,9
15992,0.0009765625,10
15993,0.0009765625,10
15994,0.0009765625,10
15995,0.001953125,9
15996,0.0009765625,10
15997,0.0009765625,10
15998,0.0009765625,10
15999,0.001953125,9
16000,0.0009765625,10
16001,0.0009765625,10
16002,0.0009765625,10
16003,0.0009765625,10
16004,0.001953125,9
16005,0.0009765625,10
16006,0.0009765625,10
16007,0.0009765625,10
16008,0.001953125,9
16009,0.0009765625,10
16010,0.0009765625,10
16011,0.0009765625,10
16012,0.0009765625,10
16013,0.001953125,9
16014,0.0009765625,10
16015,0.0009765625,10
16016,0.0009765625,10
16017,0.001953125,9
16018,0.0009765625,10
16019,0.0009765625,10
16020,0.0009765625,10
16021,0.001953125,9
16022,0.0009765625,10
16023,0.0009765625,10
16024,0.0009765625,10
16025,0.0009765625,10
16026,0.001953125,9
16027,0.0009765625,10
16028,0.0009765625,10
16029,0.0009765625,10
16030,0.001953125,9
16031,0.0009765625,10
16032,0.0009765625,10
16033,0.0009765625,10
16034,0.001953125,9
16035,0.0009765625,10
16036,0.0009765625,10
16037,0.0009765625,10
16038,0.0009765625,10
16039,0.001953125,9
16040,0.0009765625,10
16041,0.0009765625,10
16042,0.0009765625,10
16043,0.001953125,9
16044,0.0009765625,10
16045,0.0009765625,10
16046,0.0009765625,10
16047,0.001953125,9
16048,0.0009765625,10
16049,0.0009765625,10
16050,0.0009765625,10
16051,0.0009765625,10
16052,0.001953125,9
16053,0.0009765625,10
16054,0.0009765625,10
16055,0.0009765625,10
16056,0.001953125,9
16057,0.0009765625,10
16058,0.0009765625,10
16059,0.0009765625,10
16060,0.001953125,9
16061,0.0009765625,10
16062,0.0009765625,10
16063,0.0009765625,10
16064,0.0009765625,10
16065,0.001953125,9
16066,0.0009765625,10
16067,0.0009765625,10
16068,0.0009765625,10
16069,0.001953125,9
16070,0.0009765625,10
16071,0.0009765625,10
16072,0.0009765625,10
16073,0.0009765625,10
16074,0.001953125,9
16075,0.0009765625,10
16076,0.0009765625,10
16077,0.0009765625,10
16078,0.001953125,9
16079,0.0009765625,10
16080,0.0009765625,10
16081,0.0009765625,10
16082,0.001953125,9
16083,0.0009765625,10
16084,0.0009765625,10
16085,0.0009765625,10
16086,0.0009765625,10
16087,0.001953125,9
16088,0.0009765625,10
16089,0.0009765625,10
16090,0.0009765625,10
16091,0.001953125,9
16092,0.0009765625,10
16093,0.0009765625,10
16094,0.0009765625,10
16095,0.001953125,9
16096,0.0009765625,10
16097,0.0009765625,10
16098,0.0009765625,10
16099,0.0009765625,10
16100,0.001953125,9
16101,0.0009765625,10
16102,0.0009765625,10
16103,0.0009765625,10
16104,0.001953125,9
16105,0.0009765625,10
16106,0.0009765625,10
16107,0.0009765625,10
16108,0.001953125,9
16109,0.0009765625,10
16110,0.0009765625,10
16111,0.0009765625,10
16112,0.0009765625,10
16113,0.001953125,9
16114,0.0009765625,10
16115,0.0009765625,10
16116,0.0009765625,10
16117,0.001953125,9
16118,0.0009765625,10
16119,0.0009765625,10
16120,0.0009765625,10
16121,0.001953125,9
16122,0.0009765625,10
16123,0.0009765625,10
16124,0.0009765625,10
16125,0.0009765625,10
16126,0.001953125,9
16127,0.0009765625,10
16128,0.0009765625,10
16129,0.0009765625,10
16130,0.001953125,9
16131,0.0009765625,10
16132,0.0009765625,10
16133,0.0009765625,10
16134,0.0009765625,10
16135,0.001953125,9
16136,0.0009765625,10
16137,0.0009765625,10
16138,0.0009765625,10
16139,0.001953125,9
16140,0.0009765625,10
16141,0.0009765625,10
16142,0.0009765625,10
16143,0.001953125,9
16144,0.0009765625,10
16145,0.0009765625,10
16146,0.0009765625,10
16147,0.0009765625,10
16148,0.001953125,9
16149,0.0009765625,10
16150,0.0009765625,10
16151,0.0009765625,10
16152,0.001953125,9
16153,0.0009765625,10
16154,0.0009765625,10
16155,0.0009765625,10
16156,0.001953125,9
16157,0.0009765625,10
16158,0.0009765625,10
16159,0.0009765625,10
16160,0.0009765625,10
16161,0.001953125,9
16162,0.0009765625,10
16163,0.0009765625,10
16164,0.0009765625,10
16165,0.001953125,9
16166,0.0009765625,10
16167,0.0009765625,10
16168,0.0009765625,10
16169,0.001953125,9
16170,0.0009765625,10
16171,0.0009765625,10
16172,0.0009765625,10
16173,0.0009765625,10
16174,0.001953125,9
16175,0.0009765625,10
16176,0.0009765625,10
16177,0.0009765625,10
16178,0.001953125,9
16179,0.0009765625,10
16180,0.0009765625,10
16181,0.0009765625,10
16182,0.001953125,9
16183,0.0009765625,10
16184,0.0009765625,10
16185,0.0009765625,10
16186,0.0009765625,10
16187,0.001953125,9
16188,0.0009765625,10
16189,0.0009765625,10
16190,0.0009765625,10
16191,0.001953125,9
16192,0.0009765625,10
16193,0.0009765625,10
16194,0.0009765625,10
16195,0.0009765625,10
16196,0.001953125,9
16197,0.0009765625,10
16198,0.0009765625,10
16199,0.0009765625,10
16200,0.001953125,9
16201,0.0009765625,10
16202,0.0009765625,10
16203,0.0009765625,10
16204,0.001953125,9
16205,0.0009765625,10
16206,0.0009765625,10
16207,0.0009765625,10
16208,0.0009765625,10
16209,0.001953125,9
16210,0.0009765625,10
16211,0.0009765625,10
16212,0.0009765625,10
16213,0.001953125,9
16214,0.0009765625,10
16215,0.0009765625,10
16216,0.0009765625,10
16217,0.001953125,9
16218,0.0009765625,10
16219,0.0009765625,10
16220,0.0009765625,10
16221,0.0009765625,10
16222,0.001953125,9
16223,0.0009765625,10
16224,0.0009765625,10
16225,0.0009765625,10
16226,0.001953125,9
16227,0.0009765625,10
16228,0.0009765625,10
16229,0.0009765625,10
16230,0.001953125,9
16231,0.0009765625,10
16232,0.0009765625,10
16233,0.0009765625,10
16234,0.0009765625,10
16235,0.001953125,9
16236,0.0009765625,10
16237,0.0009765625,10
16238,0.0009765625,10
16239,0.001953125,9
16240,0.0009765625,10
16241,0.0009765625,10
16242,0.0009765625,10
16243,0.001953125,9
16244,0.0009765625,10
16245,0.0009765625,10
16246,0.0009765625,10
16247,0.0009765625,10
16248,0.001953125,9
16249,0.0009765625,10
16250,0.0009765625,10
16251,0.0009765625,10
16252,0.001953125,9
16253,0.0009765625,10
16254,0.0009765625,10
16255,0.0009765625,10
16256,0.0009765625,10
16257,0.001953125,9
16258,0.0009765625,10
16259,0.0009765625,10
16260,0.0009765625,10
16261,0.001953125,9
16262,0.0009765625,10
16263,0.0009765625,10
16264,0.0009765625,10
16265,0.001953125,9
16266,0.0009765625,10
16267,0.0009765625,10
16268,0.0009765625,10
16269,0.0009765625,10
16270,0.001953125,9
16271,0.0009765625,10
16272,0.0009765625,10
16273,0.0009765625,10
16274,0.001953125,9
16275,0.0009765625,10
16276,0.0009765625,10
16277,0.0009765625,10
16278,0.001953125,9
16279,0.0009765625,10
16280,0.0009765625,10
16281,0.0009765625,10
16282,0.0009765625,10
16283,0.001953125,9
16284,0.0009765625,10
16285,0.0009765625,10
16286,0.0009765625,10
16287,0.001953125,9
16288,0.0009765625,10
16289,0.0009765625,10
16290,0.0009765625,10
16291,0.001953125,9
16292,0.0009765625,10
16293,0.0009765625,10
16294,0.0009765625,10
16295,0.0009765625,10
16296,0.001953125,9
16297,0.0009765625,10
16298,0.0009765625,10
16299,0.0009765625,10
16300,0.001953125,9
16301,0.0009765625,10
16302,0.0009765625,10
16303,0.0009765625,10
16304,0.001953125,9
16305,0.0009765625,10
16306,0.0009765625,10
16307,0.0009765625,10
16308,0.0009765625,10
16309,0.001953125,9
16310,0.0009765625,10
16311,0.0009765625,10
16312,0.0009765625,10
16313,0.001953125,9
16314,0.0009765625,10
16315,0.0009765625,10
16316,0.0009765625,10
16317,0.0009765625,10
16318,0.001953125,9
16319,0.0009765625,10
16320,0.0009765625,10
16321,0.0009765625,10
16322,0.001953125,9
16323,0.0009765625,10
16324,0.0009765625,10
16325,0.0009765625,10
16326,0.001953125,9
16327,0.0009765625,10
16328,0.0009765625,10
16329,0.0009765625,10
16330,0.0009765625,10
16331,0.001953125,9
16332,0.0009765625,10
16333,0.0009765625,10
16334,0.0009765625,10
16335,0.001953125,9
16336,0.0009765625,10
16337,0.0009765625,10
16338,0.0009765625,10
16339,0.001953125,9
16340,0.0009765625,10
16341,0.0009765625,10
16342,0.0009765625,10
16343,0.0009765625,10
16344,0.001953125,9
16345,0.0009765625,10
16346,0.0009765625,10
16347,0.0009765625,10
16348,0.001953125,9
16349,0.0009765625,10
16350,0.0009765625,10
16351,0.0009765625,10
16352,0.001953125,9
16353,0.0009765625,10
16354,0.0009765625,10
16355,0.0009765625,10
16356,0.0009765625,10
16357,0.001953125,9
16358,0.0009765625,10
16359,0.0009765625,10
16360,0.0009765625,10
16361,0.001953125,9
16362,0.0009765625,10
16363,0.0009765625,10
16364,0.0009765625,10
16365,0.001953125,9
16366,0.0009765625,10
16367,0.0009765625,10
16368,0.0009765625,10
16369,0.0009765625,10
16370,0.001953125,9
16371,0.0009765625,10
16372,0.0009765625,10
16373,0.0009765625,10
16374,0.001953125,9
16375,0.0009765625,10
16376,0.0009765625,10
16377,0.0009765625,10
16378,0.0009765625,10
16379,0.001953125,9
16380,0.0009765625,10
16381,0.0009765625,10
16382,0.0009765625,10
16383,0.001953125,9
16384,0.0009765625,10
16385,0.0009765625,10
16386,0.0009765625,10
16387,0.001953125,9
16388,0.0009765625,10
16389,0.0009765625,10
16390,0.0009765625,10
16391,0.0009765625,10
16392,0.001953125,9
16393,0.0009765625,10
16394,0.0009765625,10
16395,0.0009765625,10
16396,0.001953125,9
16397,0.0009765625,10
16398,0.0009765625,10
16399,0.0009765625,10
16400,0.001953125,9
16401,0.0009765625,10
16402,0.0009765625,10
16403,0.0009765625,10
16404,0.0009765625,10
16405,0.001953125,9
16406,0.0009765625,10
16407,0.0009765625,10
16408,0.0009765625,10
16409,0.001953125,9
16410,0.0009765625,10
16411,0.0009765625,10
16412,0.0009765625,10
16413,0.001953125,9
16414,0.0009765625,10
16415,0.0009765625,10
16416,0.0009765625,10
16417,0.0009765625,10
16418,0.001953125,9
16419,0.0009765625,10
16420,0.0009765625,10
16421,0.0009765625,10
16422,0.001953125,9
16423,0.0009765625,10
16424,0.0009765625,10
16425,0.0009765625,10
16426,0.001953125,9
16427,0.0009765625,10
16428,0.0009765625,10
16429,0.0009765625,10
16430,0.0009765625,10
16431,0.001953125,9
16432,0.0009765625,10
16433,0.0009765625,10
16434,0.0009765625,10
16435,0.001953125,9
16436,0.0009765625,10
16437,0.0009765625,10
16438,0.0009765625,10
16439,0.0009765625,10
16440,0.001953125,9
16441,0.0009765625,10
16442,0.0009765625,10
16443,0.0009765625,10
16444,0.001953125,9
16445,0.0009765625,10
16446,0.0009765625,10
16447,0.0009765625,10
16448,0.001953125,9
16449,0.0009765625,10
16450,0.0009765625,10
16451,0.0009765625,10
16452,0.0009765625,10
16453,0.001953125,9
16454,0.0009765625,10
16455,0.0009765625,10
16456,0.0009765625,10
16457,0.001953125,9
16458,0.0009765625,10
16459,0.0009765625,10
16460,0.0009765625,10
16461,0.001953125,9
16462,0.0009765625,10
16463,0.0009765625,10
16464,0.0009765625,10
16465,0.0009765625,10
16466,0.001953125,9
16467,0.0009765625,10
16468,0.0009765625,10
16469,0.0009765625,10
16470,0.001953125,9
16471,0.0009765625,10
16472,0.0009765625,10
16473,0.0009765625,10
16474,0.001953125,9
16475,0.0009765625,10
16476,0.0009765625,10
16477,0.0009765625,10
16478,0.0009765625,10
16479,0.001953125,9
16480,0.0009765625,10
16481,0.0009765625,10
16482,0.0009765625,10
16483,0.001953125,9
16484,0.0009765625,10
16485,0.0009765625,10
16486,0.0009765625,10
16487,0.001953125,9
16488,0.0009765625,10
16489,0.0009765625,10
16490,0.0009765625,10
16491,0.0009765625,10
16492,0.001953125,9
16493,0.0009765625,10
16494,0.0009765625,10
16495,0.0009765625,10
16496,0.001953125,9
16497,0.0009765625,10
16498,0.0009765625,10
16499,0.0009765625,10
16500,0.0009765625,10
16501,0.001953125,9
16502,0.0009765625,10
16503,0.0009765625,10
16504,0.0009765625,10
16505,0.001953125,9
16506,0.0009765625,10
16507,0.0009765625,10
16508,0.0009765625,10
16509,0.001953125,9
16510,0.0009765625,10
16511,0.0009765625,10
16512,0.0009765625,10
16513,0.0009765625,10
16514,0.001953125,9
16515,0.0009765625,10
16516,0.0009765625,10
16517,0.0009765625,10
16518,0.001953125,9
16519,0.0009765625,10
16520,0.0009765625,10
16521,0.0009765625,10
16522,0.001953125,9
16523,0.0009765625,10
16524,0.0009765625,10
16525,0.0009765625,10
16526,0.0009765625,10
16527,0.001953125,9
16528,0.0009765625,10
16529,0.0009765625,10
16530,0.0009765625,10
16531,0.001953125,9
16532,0.0009765625,10
16533,0.0009765625,10
16534,0.0009765625,10
16535,0.001953125,9
16536,0.0009765625,10
16537,0.0009765625,10
16538,0.0009765625,10
16539,0.0009765625,10
16540,0.001953125,9
16541,0.0009765625,10
16542,0.0009765625,10
16543,0.0009765625,10
16544,0.001953125,9
16545,0.0009765625,10
16546,0.0009765625,10
16547,0.0009765625,10
16548,0.001953125,9
16549,0.0009765625,10
16550,0.0009765625,10
16551,0.0009765625,10
16552,0.0009765625,10
16553,0.001953125,9
16554,0.0009765625,10
16555,0.0009765625,10
16556,0.0009765625,10
16557,0.001953125,9
16558,0.0009765625,10
16559,0.0009765625,10
16560,0.0009765625,10
16561,0.0009765625,10
16562,0.001953125,9
16563,0.0009765625,10
16564,0.0009765625,10
16565,0.0009765625,10
16566,0.001953125,9
16567,0.0009765625,10
16568,0.0009765625,10
16569,0.0009765625,10
16570,0.001953125,9
16571,0.0009765625,10
16572,0.0009765625,10
16573,0.0009765625,10
16574,0.0009765625,10
16575,0.001953125,9
16576,0.0009765625,10
16577,0.0009765625,10
16578,0.0009765625,10
16579,0.001953125,9
16580,0.0009765625,10
16581,0.0009765625,10
16582,0.0009765625,10
16583,0.001953125,9
16584,0.0009765625,10
16585,0.0009765625,10
16586,0.0009765625,10
16587,0.0009765625,10
16588,0.001953125,9
16589,0.0009765625,10
16590,0.0009765625,10
16591,0.0009765625,10
16592,0.001953125,9
16593,0.0009765625,10
16594,0.0009765625,10
16595,0.0009765625,10
16596,0.001953125,9
16597,0.0009765625,10
16598,0.0009765625,10
16599,0.0009765625,10
16600,0.0009765625,10
16601,0.001953125,9
16602,0.0009765625,10
16603,0.0009765625,10
16604,0.0009765625,10
16605,0.001953125,9
16606,0.0009765625,10
16607,0.0009765625,10
16608,0.0009765625,10
16609,0.0009765625,10
16610,0.001953125,9
16611,0.0009765625,10
16612,0.0009765625,10
16613,0.0009765625,10
16614,0.001953125,9
16615,0.0009765625,10
16616,0.0009765625,10
16617,0.0009765625,10
16618,0.001953125,9
16619,0.0009765625,10
16620,0.0009765625,10
16621,0.0009765625,10
16622,0.0009765625,10
16623,0.001953125,9
16624,0.0009765625,10
16625,0.0009765625,10
16626,0.0009765625,10
16627,0.001953125,9
16628,0.0009765625,10
16629,0.0009765625,10
16630,0.0009765625,10
16631,0.001953125,9
16632,0.0009765625,10
16633,0.0009765625,10
16634,0.0009765625,10
16635,0.0009765625,10
16636,0.001953125,9
16637,0.0009765625,10
16638,0.0009765625,10
16639,0.0009765625,10
16640,0.001953125,9
16641,0.0009765625,10
16642,0.0009765625,10
16643,0.0009765625,10
16644,0.001953125,9
16645,0.0009765625,10
16646,0.0009765625,10
16647,0.0009765625,10
16648,0.0009765625,10
16649,0.001953125,9
16650,0.0009765625,10
16651,0.0009765625,10
16652,0.0009765625,10
16653,0.001953125,9
16654,0.0009765625,10
16655,0.0009765625,10
16656,0.0009765625,10
16657,0.001953125,9
16658,0.0009765625,10
16659,0.0009765625,10
16660,0.0009765625,10
16661,0.0009765625,10
16662,0.001953125,9
16663,0.0009765625,10
16664,0.0009765625,10
16665,0.0009765625,10
16666,0.001953125,9
16667,0.0009765625,10
16668,0.0009765625,10
16669,0.0009765625,10
16670,0.0009765625,10
16671,0.001953125,9
16672,0.0009765625,10
16673,0.0009765625,10
16674,0.0009765625,10
16675,0.001953125,9
16676,0.0009765625,10
16677,0.0009765625,10
16678,0.0009765625,10
16679,0.001953125,9
16680,0.0009765625,10
16681,0.0009765625,10
16682,0.0009765625,10
16683,0.0009765625,10
16684,0.001953125,9
16685,0.0009765625,10
16686,0.0009765625,10
16687,0.0009765625,10
16688,0.001953125,9
16689,0.0009765625,10
16690,0.0009765625,10
16691,0.0009765625,10
16692,0.001953125,9
16693,0.0009765625,10
16694,0.0009765625,10
16695,0.0009765625,10
16696,0.0009765625,10
16697,0.001953125,9
16698,0.0009765625,10
16699,0.0009765625,10
16700,0.0009765625,10
16701,0.001953125,9
16702,0.0009765625,10
16703,0.0009765625,10
16704,0.0009765625,10
16705,0.001953125,9
16706,0.0009765625,10
16707,0.0009765625,10
16708,0.0009765625,10
16709,0.0009765625,10
16710,0.001953125,9
16711,0.0009765625,10
16712,0.0009765625,10
16713,0.0009765625,10
16714,0.001953125,9
16715,0.0009765625,10
16716,0.0009765625,10
16717,0.0009765625,10
16718,0.001953125,9
16719,0.0009765625,10
16720,0.0009765625,10
16721,0.0009765625,10
16722,0.0009765625,10
16723,0.001953125,9
16724,0.0009765625,10
16725,0.0009765625,10
16726,0.0009765625,10
16727,0.001953125,9
16728,0.0009765625,10
16729,0.0009765625,10
16730,0.0009765625,10
16731,0.0009765625,10
16732,0.001953125,9
16733,0.0009765625,10
16734,0.0009765625,10
16735,0.0009765625,10
16736,0.001953125,9
16737,0.0009765625,10
16738,0.0009765625,10
16739,0.0009765625,10
16740,0.001953125,9
16741,0.0009765625,10
16742,0.0009765625,10
16743,0.0009765625,10
16744,0.0009765625,10
16745,0.001953125,9
16746,0.0009765625,10
16747,0.0009765625,10
16748,0.0009765625,10
16749,0.001953125,9
16750,0.0009765625,10
16751,0.0009765625,10
16752,0.0009765625,10
16753,0.001953125,9
16754,0.0009765625,10
16755,0.0009765625,10
16756,0.0009765625,10
16757,0.0009765625,10
16758,0.001953125,9
16759,0.0009765625,10
16760,0.0009765625,10
16761,0.0009765625,10
16762,0.001953125,9
16763,0.0009765625,10
16764,0.0009765625,10
16765,0.0009765625,10
16766,0.001953125,9
16767,0.0009765625,10
16768,0.0009765625,10
16769,0.0009765625,10
16770,0.0009765625,10
16771,0.001953125,9
16772,0.0009765625,10
16773,0.0009765625,10
16774,0.0009765625,10
16775,0.001953125,9
16776,0.0009765625,10
16777,0.0009765625,10
16778,0.0009765625,10
16779,0.001953125,9
16780,0.0009765625,10
16781,0.0009765625,10
16782,0.0009765625,10
16783,0.0009765625,10
16784,0.001953125,9
16785,0.0009765625,10
16786,0.0009765625,10
16787,0.0009765625,10
16788,0.001953125,9
16789,0.0009765625,10
16790,0.0009765625,10
16791,0.0009765625,10
16792,0.0009765625,10
16793,0.001953125,9
16794,0.0009765625,10
16795,0.0009765625,10
16796,0.0009765625,10
16797,0.001953125,9
16798,0.0009765625,10
16799,0.0009765625,10
16800,0.0009765625,10
16801,0.001953125,9
16802,0.0009765625,10
16803,0.0009765625,10
16804,0.0009765625,10
16805,0.0009765625,10
16806,0.001953125,9
16807,0.0009765625,10
16808,0.0009765625,10
16809,0.0009765625,10
16810,0.001953125,9
16811,0.0009765625,10
16812,0.0009765625,10
16813,0.0009765625,10
16814,0.001953125,9
16815,0.0009765625,10
16816,0.0009765625,10
16817,0.0009765625,10
16818,0.0009765625,10
16819,0.001953125,9
16820,0.0009765625,10
16821,0.0009765625,10
16822,0.0009765625,10
16823,0.001953125,9
16824,0.0009765625,10
16825,0.0009765625,10
16826,0.0009765625,10
16827,0.001953125,9
16828,0.0009765625,10
16829,0.0009765625,10
16830,0.0009765625,10
16831,0.0009765625,10
16832,0.001953125,9
16833,0.0009765625,10
16834,0.0009765625,10
16835,0.0009765625,10
16836,0.001953125,9
16837,0.0009765625,10
16838,0.0009765625,10
16839,0.0009765625,10
16840,0.001953125,9
16841,0.0009765625,10
16842,0.0009765625,10
16843,0.0009765625,10
16844,0.0009765625,10
16845,0.001953125,9
16846,0.0009765625,10
16847,0.0009765625,10
16848,0.0009765625,10
16849,0.001953125,9
16850,0.0009765625,10
16851,0.0009765625,10
16852,0.0009765625,10
16853,0.0009765625,10
16854,0.001953125,9
16855,0.0009765625,10
16856,0.0009765625,10
16857,0.0009765625,10
16858,0.001953125,9
16859,0.0009765625,10
16860,0.0009765625,10
16861,0.0009765625,10
16862,0.001953125,9
16863,0.0009765625,10
16864,0.0009765625,10
16865,0.0009765625,10
16866,0.0009765625,10
16867,0.001953125,9
16868,0.0009765625,10
16869,0.0009765625,10
16870,0.0009765625,10
16871,0.001953125,9
16872,0.0009765625,10
16873,0.0009765625,10
16874,0.0009765625,10
16875,0.001953125,9
16876,0.0009765625,10
16877,0.0009765625,10
16878,0.0009765625,10
16879,0.0009765625,10
16880,0.001953125,9
16881,0.0009765625,10
16882,0.0009765625,10
16883,0.0009765625,10
16884,0.001953125,9
16885,0.0009765625,10
16886,0.0009765625,10
16887,0.0009765625,10
16888,0.001953125,9
16889,0.0009765625,10
16890,0.0009765625,10
16891,0.0009765625,10
16892,0.0009765625,10
16893,0.001953125,9
16894,0.0009765625,10
16895,0.0009765625,10
16896,0.0009765625,10
16897,0.001953125,9
16898,0.0009765625,10
16899,0.0009765625,10
16900,0.0009765625,10
16901,0.001953125,9
16902,0.0009765625,10
16903,0.0009765625,10
16904,0.0009765625,10
16905,0.0009765625,10
16906,0.001953125,9
16907,0.0009765625,10
16908,0.0009765625,10
16909,0.0009765625,10
16910,0.001953125,9
16911,0.0009765625,10
16912,0.0009765625,10
16913,0.0009765625,10
16914,0.0009765625,10
16915,0.001953125,9
16916,0.0009765625,10
16917,0.0009765625,10
16918,0.0009765625,10
16919,0.001953125,9
16920,0.0009765625,10
16921,0.0009765625,10
16922,0.0009765625,10
16923,0.001953125,9
16924,0.0009765625,10
16925,0.0009765625,10
16926,0.0009765625,10
16927,0.0009765625,10
16928,0.001953125,9
16929,0.0009765625,10
16930,0.0009765625,10
16931,0.0009765625,10
16932,0.001953125,9
16933,0.0009765625,10
16934,0.0009765625,10
16935,0.0009765625,10
16936,0.001953125,9
16937,0.0009765625,10
16938,0.0009765625,10
16939,0.0009765625,10
16940,0.0009765625,10
16941,0.001953125,9
16942,0.0009765625,10
16943,0.0009765625,10
16944,0.0009765625,10
16945,0.001953125,9
16946,0.0009765625,10
16947,0.0009765625,10
16948,0.0009765625,10
16949,0.001953125,9
16950,0.0009765625,10
16951,0.0009765625,10
16952,0.0009765625,10
16953,0.0009765625,10
16954,0.001953125,9
16955,0.0009765625,10
16956,0.0009765625,10
16957,0.0009765625,10
16958,0.001953125,9
16959,0.0009765625,10
16960,0.0009765625,10
16961,0.0009765625,10
16962,0.0009765625,10
16963,0.001953125,9
16964,0.0009765625,10
16965,0.0009765625,10
16966,0.0009765625,10
16967,0.001953125,9
16968,0.0009765625,10
16969,0.0009765625,10
16970,0.0009765625,10
16971,0.001953125,9
16972,0.0009765625,10
16973,0.0009765625,10
16974,0.0009765625,10
16975,0.0009765625,10
16976,0.001953125,9
16977,0.0009765625,10
16978,0.0009765625,10
16979,0.0009765625,10
16980,0.001953125,9
16981,0.0009765625,10
16982,0.0009765625,10
16983,0.0009765625,10
16984,0.001953125,9
16985,0.0009765625,10
16986,0.0009765625,10
16987,0.0009765625,10
16988,0.0009765625,10
16989,0.001953125,9
16990,0.0009765625,10
16991,0.0009765625,10
16992,0.0009765625,10
16993,0.001953125,9
16994,0.0009765625,10
16995,0.0009765625,10
16996,0.0009765625,10
16997,0.001953125,9
16998,0.0009765625,10
16999,0.0009765625,10
17000,0.0009765625,10
17001,0.0009765625,10
17002,0.001953125,9
17003,0.0009765625,10
17004,0.0009765625,10
17005,0.0009765625,10
17006,0.001953125,9
17007,0.0009765625,10
17008,0.0009765625,10
17009,0.0009765625,10
17010,0.001953125,9
17011,0.0009765625,10
17012,0.0009765625,10
17013,0.0009765625,10
17014,0.0009765625,10
17015,0.001953125,9
17016,0.0009765625,10
17017,0.0009765625,10
17018,0.0009765625,10
17019,0.001953125,9
17020,0.0009765625,10
17021,0.0009765625,10
17022,0.0009765625,10
17023,0.0009765625,10
17024,0.001953125,9
17025,0.0009765625,10
17026,0.0009765625,10
17027,0.0009765625,10
17028,0.001953125,9
17029,0.0009765625,10
17030,0.0009765625,10
17031,0.0009765625,10
17032,0.001953125,9
17033,0.0009765625,10
17034,0.0009765625,10
17035,0.0009765625,10
17036,0.0009765625,10
17037,0.001953125,9
17038,0.0009765625,10
17039,0.0009765625,10
17040,0.0009765625,10
17041,0.001953125,9
17042,0.0009765625,10
17043,0.0009765625,10
17044,0.0009765625,10
17045,0.001953125,9
17046,0.0009765625,10
17047,0.0009765625,10
17048,0.0009765625,10
17049,0.0009765625,10
17050,0.001953125,9
17051,0.0009765625,10
17052,0.0009765625,10
17053,0.0009765625,10
17054,0.001953125,9
17055,0.0009765625,10
17056,0.0009765625,10
17057,0.0009765625,10
17058,0.001953125,9
17059,0.0009765625,10
17060,0.0009765625,10
17061,0.0009765625,10
17062,0.0009765625,10
17063,0.001953125,9
17064,0.0009765625,10
17065,0.0009765625,10
17066,0.0009765625,10
17067,0.001953125,9
17068,0.0009765625,10
17069,0.0009765625,10
17070,0.0009765625,10
17071,0.0009765625,10
17072,0.001953125,9
17073,0.0009765625,10
17074,0.0009765625,10
17075,0.0009765625,10
17076,0.001953125,9
17077,0.0009765625,10
17078,0.0009765625,10
17079,0.0009765625,10
17080,0.001953125,9
17081,0.0009765625,10
17082,0.0009765625,10
17083,0.0009765625,10
17084,0.0009765625,10
17085,0.001953125,9
17086,0.0009765625,10
17087,0.0009765625,10
17088,0.0009765625,10
17089,0.001953125,9
17090,0.0009765625,10
17091,0.0009765625,10
17092,0.0009765625,10
17093,0.001953125,9
17094,0.0009765625,10
17095,0.0009765625,10
17096,0.0009765625,10
17097,0.0009765625,10
17098,0.001953125,9
17099,0.0009765625,10
17100,0.0009765625,10
17101,0.0009765625,10
17102,0.001953125,9
17103,0.0009765625,10
17104,0.0009765625,10
17105,0.0009765625,10
17106,0.001953125,9
17107,0.0009765625,10
17108,0.0009765625,10
17109,0.0009765625,10
17110,0.0009765625,10
17111,0.001953125,9
17112,0.0009765625,10
17113,0.0009765625,10
17114,0.0009765625,10
17115,0.001953125,9
17116,0.0009765625,10
17117,0.0009765625,10
17118,0.0009765625,10
17119,0.0009765625,10
17120,0.001953125,9
17121,0.0009765625,10
17122,0.0009765625,10
17123,0.0009765625,10
17124,0.001953125,9
17125,0.0009765625,10
17126,0.0009765625,10
17127,0.0009765625,10
17128,0.001953125,9
17129,0.0009765625,10
17130,0.0009765625,10
17131,0.0009765625,10
17132,0.0009765625,10
17133,0.001953125,9
17134,0.0009765625,10
17135,0.0009765625,10
17136,0.0009765625,10
17137,0.001953125,9
17138,0.0009765625,10
17139,0.0009765625,10
17140,0.0009765625,10
17141,0.0009765625,10
17142,0.001953125,9
17143,0.0009765625,10
17144,0.0009765625,10
17145,0.0009765625,10
17146,0.001953125,9
17147,0.0009765625,10
17148,0.0009765625,10
17149,0.0009765625,10
17150,0.001953125,9
17151,0.0009765625,10
17152,0.0009765625,10
17153,0.0009765625,10
17154,0.0009765625,10
17155,0.001953125,9
17156,0.0009765625,10
17157,0.0009765625,10
17158,0.0009765625,10
17159,0.001953125,9
17160,0.0009765625,10
17161,0.0009765625,10
17162,0.0009765625,10
17163,0.001953125,9
17164,0.0009765625,10
17165,0.0009765625,10
17166,0.0009765625,10
17167,0.0009765625,10
17168,0.001953125,9
17169,0.0009765625,10
17170,0.0009765625,10
17171,0.0009765625,10
17172,0.001953125,9
17173,0.0009765625,10
17174,0.0009765625,10
17175,0.0009765625,10
17176,0.0009765625,10
17177,0.001953125,9
17178,0.0009765625,10
17179,0.0009765625,10
17180,0.0009765625,10
17181,0.001953125,9
17182,0.0009765625,10
17183,0.0009765625,10
17184,0.0009765625,10
17185,0.001953125,9
17186,0.0009765625,10
17187,0.0009765625,10
17188,0.0009765625,10
17189,0.0009765625,10
17190,0.001953125,9
17191,0.0009765625,10
17192,0.0009765625,10
17193,0.0009765625,10
17194,0.001953125,9
17195,0.0009765625,10
17196,0.0009765625,10
17197,0.0009765625,10
17198,0.001953125,9
17199,0.0009765625,10
17200,0.0009765625,10
17201,0.0009765625,10
17202,0.0009765625,10
17203,0.001953125,9
17204,0.0009765625,10
17205,0.0009765625,10
17206,0.0009765625,10
17207,0.001953125,9
17208,0.0009765625,10
17209,0.0009765625,10
17210,0.0009765625,10
17211,0.0009765625,10
17212,0.001953125,9
17213,0.0009765625,10
17214,0.0009765625,10
17215,0.0009765625,10
17216,0.001953125,9
17217,0.0009765625,10
17218,0.0009765625,10
17219,0.0009765625,10
17220,0.001953125,9
17221,0.0009765625,10
17222,0.0009765625,10
17223,0.0009765625,10
17224,0.0009765625,10
17225,0.001953125,9
17226,0.0009765625,10
17227,0.0009765625,10
17228,0.0009765625,10
17229,0.001953125,9
17230,0.0009765625,10
17231,0.0009765625,10
17232,0.0009765625,10
17233,0.0009765625,10
17234,0.001953125,9
17235,0.0009765625,10
17236,0.0009765625,10
17237,0.0009765625,10
17238,0.001953125,9
17239,0.0009765625,10
17240,0.0009765625,10
17241,0.0009765625,10
17242,0.001953125,9
17243,0.0009765625,10
17244,0.0009765625,10
17245,0.0009765625,10
17246,0.0009765625,10
17247,0.001953125,9
17248,0.0009765625,10
17249,0.0009765625,10
17250,0.0009765625,10
17251,0.001953125,9
17252,0.0009765625,10
17253,0.0009765625,10
17254,0.0009765625,10
17255,0.0009765625,10
17256,0.001953125,9
17257,0.0009765625,10
17258,0.0009765625,10
17259,0.0009765625,10
17260,0.001953125,9
17261,0.0009765625,10
17262,0.0009765625,10
17263,0.0009765625,10
17264,0.001953125,9
17265,0.0009765625,10
17266,0.0009765625,10
17267,0.0009765625,10
17268,0.0009765625,10
17269,0.001953125,9
17270,0.0009765625,10
17271,0.0009765625,10
17272,0.0009765625,10
17273,0.001953125,9
17274,0.0009765625,10
17275,0.0009765625,10
17276,0.0009765625,10
17277,0.0009765625,10
17278,0.001953125,9
17279,0.0009765625,10
17280,0.0009765625,10
17281,0.0009765625,10
17282,0.001953125,9
17283,0.0009765625,10
17284,0.0009765625,10
17285,0.0009765625,10
17286,0.001953125,9
17287,0.0009765625,10
17288,0.0009765625,10
17289,0.0009765625,10
17290,0.0009765625,10
17291,0.001953125,9
17292,0.0009765625,10
17293,0.0009765625,10
17294,0.0009765625,10
17295,0.001953125,9
17296,0.0009765625,10
17297,0.0009765625,10
17298,0.0009765625,10
17299,0.0009765625,10
17300,0.001953125,9
17301,0.0009765625,10
17302,0.0009765625,10
17303,0.0009765625,10
17304,0.001953125,9
17305,0.0009765625,10
17306,0.0009765625,10
17307,0.0009765625,10
17308,0.001953125,9
17309,0.0009765625,10
17310,0.0009765625,10
17311,0.0009765625,10
17312,0.0009765625,10
17313,0.001953125,9
17314,0.0009765625,10
17315,0.0009765625,10
17316,0.0009765625,10
17317,0.001953125,9
17318,0.0009765625,10
17319,0.0009765625,10
17320,0.0009765625,10
17321,0.0009765625,10
17322,0.001953125,9
17323,0.0009765625,10
17324,0.0009765625,10
17325,0.0009765625,10
17326,0.001953125,9
17327,0.0009765625,10
17328,0.0009765625,10
17329,0.0009765625,10
17330,0.001953125,9
17331,0.0009765625,10
17332,0.0009765625,10
17333,0.0009765625,10
17334,0.0009765625,10
17335,0.001953125,9
17336,0.0009765625,10
17337,0.0009765625,10
17338,0.0009765625,10
17339,0.001953125,9
17340,0.0009765625,10
17341,0.0009765625,10
17342,0.0009765625,10
17343,0.0009765625,10
17344,0.001953125,9
17345,0.0009765625,10
17346,0.0009765625,10
17347,0.0009765625,10
17348,0.001953125,9
17349,0.0009765625,10
17350,0.0009765625,10
17351,0.0009765625,10
17352,0.001953125,9
17353,0.0009765625,10
17354,0.0009765625,10
17355,0.0009765625,10
17356,0.0009765625,10
17357,0.001953125,9
17358,0.0009765625,10
17359,0.0009765625,10
17360,0.0009765625,10
17361,0.001953125,9
17362,0.0009765625,10
17363,0.0009765625,10
17364,0.0009765625,10
17365,0.0009765625,10
17366,0.001953125,9
17367,0.0009765625,10
17368,0.0009765625,10
17369,0.0009765625,10
17370,0.001953125,9
17371,0.0009765625,10
17372,0.0009765625,10
17373,0.0009765625,10
17374,0.001953125,9
17375,0.0009765625,10
17376,0.0009765625,10
17377,0.0009765625,10
17378,0.0009765625,10
17379,0.001953125,9
17380,0.0009765625,10
17381,0.0009765625,10
17382,0.0009765625,10
17383,0.001953125,9
17384,0.0009765625,10
17385,0.0009765625,10
17386,0.0009765625,10
17387,0.0009765625,10
17388,0.001953125,9
17389,0.0009765625,10
17390,0.0009765625,10
17391,0.0009765625,10
17392,0.001953125,9
17393,0.0009765625,10
17394,0.0009765625,10
17395,0.0009765625,10
17396,0.001953125,9
17397,0.0009765625,10
17398,0.0009765625,10
17399,0.0009765625,10
17400,0.0009765625,10
17401,0.001953125,9
17402,0.0009765625,10
17403,0.0009765625,10
17404,0.0009765625,10
17405,0.001953125,9
17406,0.0009765625,10
17407,0.0009765625,10
17408,0.0009765625,10
17409,0.0009765625,10
17410,0.001953125,9
17411,0.0009765625,10
17412,0.0009765625,10
17413,0.0009765625,10
17414,0.001953125,9
17415,0.0009765625,10
17416,0.0009765625,10
17417,0.0009765625,10
17418,0.001953125,9
17419,0.0009765625,10
17420,0.0009765625,10
17421,0.0009765625,10
17422,0.0009765625,10
17423,0.001953125,9
17424,0.0009765625,10
17425,0.0009765625,10
17426,0.0009765625,10
17427,0.001953125,9
17428,0.0009765625,10
17429,0.0009765625,10
17430,0.0009765625,10
17431,0.0009765625,10
17432,0.001953125,9
17433,0.0009765625,10
17434,0.0009765625,10
17435,0.0009765625,10
17436,0.001953125,9
17437,0.0009765625,10
17438,0.0009765625,10
17439,0.0009765625,10
17440,0.001953125,9
17441,0.0009765625,10
17442,0.0009765625,10
17443,0.0009765625,10
17444,0.0009765625,10
17445,0.001953125,9
17446,0.0009765625,10
17447,0.0009765625,10
17448,0.0009765625,10
17449,0.001953125,9
17450,0.0009765625,10
17451,0.0009765625,10
17452,0.0009765625,10
17453,0.001953125,9
17454,0.0009765625,10
17455,0.0009765625,10
17456,0.0009765625,10
17457,0.0009765625,10
17458,0.001953125,9
17459,0.0009765625,10
17460,0.0009765625,10
17461,0.0009765625,10
17462,0.001953125,9
17463,0.0009765625,10
17464,0.0009765625,10
17465,0.0009765625,10
17466,0.0009765625,10
17467,0.001953125,9
17468,0.0009765625,10
17469,0.0009765625,10
17470,0.0009765625,10
17471,0.001953125,9
17472,0.0009765625,10
17473,0.0009765625,10
17474,0.0009765625,10
17475,0.001953125,9
17476,0.0009765625,10
17477,0.0009765625,10
17478,0.0009765625,10
17479,0.0009765625,10
17480,0.001953125,9
17481,0.0009765625,10
17482,0.0009765625,10
17483,0.0009765625,10
17484,0.001953125,9
17485,0.0009765625,10
17486,0.0009765625,10
17487,0.0009765625,10
17488,0.0009765625,10
17489,0.001953125,9
17490,0.0009765625,10
17491,0.0009765625,10
17492,0.0009765625,10
17493,0.001953125,9
17494,0.0009765625,10
17495,0.0009765625,10
17496,0.0009765625,10
17497,0.001953125,9
17498,0.0009765625,10
17499,0.0009765625,10
17500,0.0009765625,10
17501,0.0009765625,10
17502,0.001953125,9
17503,0.0009765625,10
17504,0.0009765625,10
17505,0.0009765625,10
17506,0.001953125,9
17507,0.0009765625,10
17508,0.0009765625,10
17509,0.0009765625,10
17510,0.0009765625,10
17511,0.001953125,9
17512,0.0009765625,10
17513,0.0009765625,10
17514,0.0009765625,10
17515,0.001953125,9
17516,0.0009765625,10
17517,0.0009765625,10
17518,0.0009765625,10
17519,0.001953125,9
17520,0.0009765625,10
17521,0.0009765625,10
17522,0.0009765625,10
17523,0.0009765625,10
17524,0.001953125,9
17525,0.0009765625,10
17526,0.0009765625,10
17527,0.0009765625,10
17528,0.001953125,9
17529,0.0009765625,10
17530,0.0009765625,10
17531,0.0009765625,10
17532,0.0009765625,10
17533,0.001953125,9
17534,0.0009765625,10
17535,0.0009765625,10
17536,0.0009765625,10
17537,0.001953125,9
17538,0.0009765625,10
17539,0.0009765625,10
17540,0.0009765625,10
17541,0.001953125,9
17542,0.0009765625,10
17543,0.0009765625,10
17544,0.0009765625,10
17545,0.0009765625,10
17546,0.001953125,9
17547,0.0009765625,10
17548,0.0009765625,10
17549,0.0009765625,10
17550,0.001953125,9
17551,0.0009765625,10
17552,0.0009765625,10
17553,0.0009765625,10
17554,0.0009765625,10
17555,0.001953125,9
17556,0.0009765625,10
17557,0.0009765625,10
17558,0.0009765625,10
17559,0.001953125,9
17560,0.0009765625,10
17561,0.0009765625,10
17562,0.0009765625,10
17563,0.001953125,9
17564,0.0009765625,10
17565,0.0009765625,10
17566,0.0009765625,10
17567,0.0009765625,10
17568,0.001953125,9
17569,0.0009765625,10
17570,0.0009765625,10
17571,0.0009765625,10
17572,0.001953125,9
17573,0.0009765625,10
17574,0.0009765625,10
17575,0.0009765625,10
17576,0.001953125,9
17577,0.0009765625,10
17578,0.0009765625,10
17579,0.0009765625,10
17580,0.0009765625,10
17581,0.001953125,9
17582,0.0009765625,10
17583,0.0009765625,10
17584,0.0009765625,10
17585,0.001953125,9
17586,0.0009765625,10
17587,0.0009765625,10
17588,0.0009765625,10
17589,0.0009765625,10
17590,0.001953125,9
17591,0.0009765625,10
17592,0.0009765625,10
17593,0.0009765625,10
17594,0.001953125,9
17595,0.0009765625,10
17596,0.0009765625,10
17597,0.0009765625,10
17598,0.001953125,9
17599,0.0009765625,10
17600,0.0009765625,10
17601,0.0009765625,10
17602,0.0009765625,10
17603,0.001953125,9
17604,0.0009765625,10
17605,0.0009765625,10
17606,0.0009765625,10
17607,0.001953125,9
17608,0.0009765625,10
17609,0.0009765625,10
17610,0.0009765625,10
17611,0.0009765625,10
17612,0.001953125,9
17613,0.0009765625,10
17614,0.0009765625,10
17615,0.0009765625,10
17616,0.001953125,9
17617,0.0009765625,10
17618,0.0009765625,10
17619,0.0009765625,10
17620,0.001953125,9
17621,0.0009765625,10
17622,0.0009765625,10
17623,0.0009765625,10
17624,0.0009765625,10
17625,0.001953125,9
17626,0.0009765625,10
17627,0.0009765625,10
17628,0.0009765625,10
17629,0.001953125,9
17630,0.0009765625,10
17631,0.0009765625,10
17632,0.0009765625,10
17633,0.0009765625,10
17634,0.001953125,9
17635,0.0009765625,10
17636,0.0009765625,10
17637,0.0009765625,10
17638,0.001953125,9
17639,0.0009765625,10
17640,0.0009765625,10
17641,0.0009765625,10
17642,0.001953125,9
17643,0.0009765625,10
17644,0.0009765625,10
17645,0.0009765625,10
17646,0.0009765625,10
17647,0.001953125,9
17648,0.0009765625,10
17649,0.0009765625,10
17650,0.0009765625,10
17651,0.001953125,9
17652,0.0009765625,10
17653,0.0009765625,10
17654,0.0009765625,10
17655,0.001953125,9
17656,0.0009765625,10
17657,0.0009765625,10
17658,0.0009765625,10
17659,0.0009765625,10
17660,0.001953125,9
17661,0.0009765625,10
17662,0.0009765625,10
17663,0.0009765625,10
17664,0.001953125,9
17665,0.0009765625,10
17666,0.0009765625,10
17667,0.0009765625,10
17668,0.0009765625,10
17669,0.001953125,9
17670,0.0009765625,10
17671,0.0009765625,10
17672,0.0009765625,10
17673,0.001953125,9
17674,0.0009765625,10
17675,0.0009765625,10
17676,0.0009765625,10
17677,0.001953125,9
17678,0.0009765625,10
17679,0.0009765625,10
17680,0.0009765625,10
17681,0.0009765625,10
17682,0.001953125,9
17683,0.0009765625,10
17684,0.0009765625,10
17685,0.0009765625,10
17686,0.001953125,9
17687,0.0009765625,10
17688,0.0009765625,10
17689,0.0009765625,10
17690,0.0009765625,10
17691,0.001953125,9
17692,0.0009765625,10
17693,0.0009765625,10
17694,0.0009765625,10
17695,0.001953125,9
17696,0.0009765625,10
17697,0.0009765625,10
17698,0.0009765625,10
17699,0.001953125,9
17700,0.0009765625,10
17701,0.0009765625,10
17702,0.0009765625,10
17703,0.0009765625,10
17704,0.001953125,9
17705,0.0009765625,10
17706,0.0009765625,10
17707,0.0009765625,10
17708,0.001953125,9
17709,0.0009765625,10
17710,0.0009765625,10
17711,0.0009765625,10
17712,0.001953125,9
17713,0.0009765625,10
17714,0.0009765625,10
17715,0.0009765625,10
17716,0.0009765625,10
17717,0.001953125,9
17718,0.0009765625,10
17719,0.0009765625,10
17720,0.0009765625,10
17721,0.001953125,9
17722,0.0009765625,10
17723,0.0009765625,10
17724,0.0009765625,10
17725,0.0009765625,10
17726,0.001953125,9
17727,0.0009765625,10
17728,0.0009765625,10
17729,0.0009765625,10
17730,0.001953125,9
17731,0.0009765625,10
17732,0.0009765625,10
17733,0.0009765625,10
17734,0.001953125,9
17735,0.0009765625,10
17736,0.0009765625,10
17737,0.0009765625,10
17738,0.0009765625,10
17739,0.001953125,9
17740,0.0009765625,10
17741,0.0009765625,10
17742,0.0009765625,10
17743,0.001953125,9
17744,0.0009765625,10
17745,0.0009765625,10
17746,0.0009765625,10
17747,0.0009765625,10
17748,0.001953125,9
17749,0.0009765625,10
17750,0.0009765625,10
17751,0.0009765625,10
17752,0.001953125,9
17753,0.0009765625,10
17754,0.0009765625,10
17755,0.0009765625,10
17756,0.001953125,9
17757,0.0009765625,10
17758,0.0009765625,10
17759,0.0009765625,10
17760,0.0009765625,10
17761,0.001953125,9
17762,0.0009765625,10
17763,0.0009765625,10
17764,0.0009765625,10
17765,0.001953125,9
17766,0.0009765625,10
17767,0.0009765625,10
17768,0.0009765625,10
17769,0.001953125,9
17770,0.0009765625,10
17771,0.0009765625,10
17772,0.0009765625,10
17773,0.0009765625,10
17774,0.001953125,9
17775,0.0009765625,10
17776,0.0009765625,10
17777,0.0009765625,10
17778,0.001953125,9
17779,0.0009765625,10
17780,0.0009765625,10
17781,0.0009765625,10
17782,0.0009765625,10
17783,0.001953125,9
17784,0.0009765625,10
17785,0.0009765625,10
17786,0.0009765625,10
17787,0.001953125,9
17788,0.0009765625,10
17789,0.0009765625,10
17790,0.0009765625,10
17791,0.001953125,9
17792,0.0009765625,10
17793,0.0009765625,10
17794,0.0009765625,10
17795,0.0009765625,10
17796,0.001953125,9
17797,0.0009765625,10
17798,0.0009765625,10
17799,0.0009765625,10
17800,0.001953125,9
17801,0.0009765625,10
17802,0.0009765625,10
17803,0.0009765625,10
17804,0.0009765625,10
17805,0.001953125,9
17806,0.0009765625,10
17807,0.0009765625,10
17808,0.0009765625,10
17809,0.001953125,9
17810,0.0009765625,10
17811,0.0009765625,10
17812,0.0009765625,10
17813,0.001953125,9
17814,0.0009765625,10
17815,0.0009765625,10
17816,0.0009765625,10
17817,0.0009765625,10
17818,0.001953125,9
17819,0.0009765625,10
17820,0.0009765625,10
17821,0.0009765625,10
17822,0.001953125,9
17823,0.0009765625,10
17824,0.0009765625,10
17825,0.0009765625,10
17826,0.001953125,9
17827,0.0009765625,10
17828,0.0009765625,10
17829,0.0009765625,10
17830,0.0009765625,10
17831,0.001953125,9
17832,0.0009765625,10
17833,0.0009765625,10
17834,0.0009765625,10
17835,0.001953125,9
17836,0.0009765625,10
17837,0.0009765625,10
17838,0.0009765625,10
17839,0.0009765625,10
17840,0.001953125,9
17841,0.0009765625,10
17842,0.0009765625,10
17843,0.0009765625,10
17844,0.001953125,9
17845,0.0009765625,10
17846,0.0009765625,10
17847,0.0009765625,10
17848,0.001953125,9
17849,0.0009765625,10
17850,0.0009765625,10
17851,0.0009765625,10
17852,0.0009765625,10
17853,0.001953125,9
17854,0.0009765625,10
17855,0.0009765625,10
17856,0.0009765625,10
17857,0.001953125,9
17858,0.0009765625,10
17859,0.0009765625,10
17860,0.0009765625,10
17861,0.001953125,9
17862,0.0009765625,10
17863,0.0009765625,10
17864,0.0009765625,10
17865,0.0009765625,10
17866,0.001953125,9
17867,0.0009765625,10
17868,0.0009765625,10
17869,0.0009765625,10
17870,0.001953125,9
17871,0.0009765625,10
17872,0.0009765625,10
17873,0.0009765625,10
17874,0.0009765625,10
17875,0.001953125,9
17876,0.0009765625,10
17877,0.0009765625,10
17878,0.0009765625,10
17879,0.001953125,9
17880,0.0009765625,10
17881,0.0009765625,10
17882,0.0009765625,10
17883,0.001953125,9
17884,0.0009765625,10
17885,0.0009765625,10
17886,0.0009765625,10
17887,0.0009765625,10
17888,0.001953125,9
17889,0.0009765625,10
17890,0.0009765625,10
17891,0.0009765625,10
17892,0.001953125,9
17893,0.0009765625,10
17894,0.0009765625,10
17895,0.0009765625,10
17896,0.0009765625,10
17897,0.001953125,9
17898,0.0009765625,10
17899,0.0009765625,10
17900,0.0009765625,10
17901,0.001953125,9
17902,0.0009765625,10
17903,0.0009765625,10
17904,0.0009765625,10
17905,0.001953125,9
17906,0.0009765625,10
17907,0.0009765625,10
17908,0.0009765625,10
17909,0.0009765625,10
17910,0.001953125,9
17911,0.0009765625,10
17912,0.0009765625,10
17913,0.0009765625,10
17914,0.001953125,9
17915,0.0009765625,10
17916,0.0009765625,10
17917,0.0009765625,10
17918,0.001953125,9
17919,0.0009765625,10
17920,0.0009765625,10
17921,0.0009765625,10
17922,0.0009765625,10
17923,0.001953125,9
17924,0.0009765625,10
17925,0.0009765625,10
17926,0.0009765625,10
17927,0.001953125,9
17928,0.0009765625,10
17929,0.0009765625,10
17930,0.0009765625,10
17931,0.0009765625,10
17932,0.001953125,9
17933,0.0009765625,10
17934,0.0009765625,10
17935,0.0009765625,10
17936,0.001953125,9
17937,0.0009765625,10
17938,0.0009765625,10
17939,0.0009765625,10
17940,0.001953125,9
17941,0.0009765625,10
17942,0.0009765625,10
17943,0.0009765625,10
17944,0.0009765625,10
17945,0.001953125,9
17946,0.0009765625,10
17947,0.0009765625,10
17948,0.0009765625,10
17949,0.001953125,9
17950,0.0009765625,10
17951,0.0009765625,10
17952,0.0009765625,10
17953,0.001953125,9
17954,0.0009765625,10
17955,0.0009765625,10
17956,0.0009765625,10
17957,0.0009765625,10
17958,0.001953125,9
17959,0.0009765625,10
17960,0.0009765625,10
17961,0.0009765625,10
17962,0.001953125,9
17963,0.0009765625,10
17964,0.0009765625,10
17965,0.0009765625,10
17966,0.0009765625,10
17967,0.001953125,9
17968,0.0009765625,10
17969,0.0009765625,10
17970,0.0009765625,10
17971,0.001953125,9
17972,0.0009765625,10
17973,0.0009765625,10
17974,0.0009765625,10
17975,0.001953125,9
17976,0.0009765625,10
17977,0.0009765625,10
17978,0.0009765625,10
17979,0.0009765625,10
17980,0.001953125,9
17981,0.0009765625,10
17982,0.0009765625,10
17983,0.0009765625,10
17984,0.001953125,9
17985,0.0009765625,10
17986,0.0009765625,10
17987,0.0009765625,10
17988,0.0009765625,10
17989,0.001953125,9
17990,0.0009765625,10
17991,0.0009765625,10
17992,0.0009765625,10
17993,0.001953125,9
17994,0.0009765625,10
17995,0.0009765625,10
17996,0.0009765625,10
17997,0.001953125,9
17998,0.0009765625,10
17999,0.0009765625,10
18000,0.0009765625,10
18001,0.0009765625,10
18002,0.001953125,9
18003,0.0009765625,10
18004,0.0009765625,10
18005,0.0009765625,10
18006,0.001953125,9
18007,0.0009765625,10
18008,0.0009765625,10
18009,0.0009765625,10
18010,0.001953125,9
18011,0.0009765625,10
18012,0.0009765625,10
18013,0.0009765625,10
18014,0.0009765625,10
18015,0.001953125,9
18016,0.0009765625,10
18017,0.0009765625,10
18018,0.0009765625,10
18019,0.001953125,9
18020,0.0009765625,10
18021,0.0009765625,10
18022,0.0009765625,10
18023,0.0009765625,10
18024,0.001953125,9
18025,0.0009765625,10
18026,0.0009765625,10
18027,0.0009765625,10
18028,0.001953125,9
18029,0.0009765625,10
18030,0.0009765625,10
18031,0.0009765625,10
18032,0.001953125,9
18033,0.0009765625,10
18034,0.0009765625,10
18035,0.0009765625,10
18036,0.0009765625,10
18037,0.001953125,9
18038,0.0009765625,10
18039,0.0009765625,10
18040,0.0009765625,10
18041,0.001953125,9
18042,0.0009765625,10
18043,0.0009765625,10
18044,0.0009765625,10
18045,0.001953125,9
18046,0.0009765625,10
18047,0.0009765625,10
18048,0.0009765625,10
18049,0.0009765625,10
18050,0.001953125,9
18051,0.0009765625,10
18052,0.0009765625,10
18053,0.0009765625,10
18054,0.001953125,9
18055,0.0009765625,10
18056,0.0009765625,10
18057,0.0009765625,10
18058,0.0009765625,10
18059,0.001953125,9
18060,0.0009765625,10
18061,0.0009765625,10
18062,0.0009765625,10
18063,0.001953125,9
18064,0.0009765625,10
18065,0.0009765625,10
18066,0.0009765625,10
18067,0.001953125,9
18068,0.0009765625,10
18069,0.0009765625,10
18070,0.0009765625,10
18071,0.0009765625,10
18072,0.001953125,9
18073,0.0009765625,10
18074,0.0009765625,10
18075,0.0009765625,10
18076,0.001953125,9
18077,0.0009765625,10
18078,0.0009765625,10
18079,0.0009765625,10
18080,0.001953125,9
18081,0.0009765625,10
18082,0.0009765625,10
18083,0.0009765625,10
18084,0.0009765625,10
18085,0.001953125,9
18086,0.0009765625,10
18087,0.0009765625,10
18088,0.0009765625,10
18089,0.001953125,9
18090,0.0009765625,10
18091,0.0009765625,10
18092,0.0009765625,10
18093,0.0009765625,10
18094,0.001953125,9
18095,0.0009765625,10
18096,0.0009765625,10
18097,0.0009765625,10
18098,0.001953125,9
18099,0.0009765625,10
18100,0.0009765625,10
18101,0.0009765625,10
18102,0.001953125,9
18103,0.0009765625,10
18104,0.0009765625,10
18105,0.0009765625,10
18106,0.0009765625,10
18107,0.001953125,9
18108,0.0009765625,10
18109,0.0009765625,10
18110,0.0009765625,10
18111,0.001953125,9
18112,0.0009765625,10
18113,0.0009765625,10
18114,0.0009765625,10
18115,0.001953125,9
18116,0.0009765625,10
18117,0.0009765625,10
18118,0.0009765625,10
18119,0.0009765625,10
18120,0.001953125,9
18121,0.0009765625,10
18122,0.0009765625,10
18123,0.0009765625,10
18124,0.001953125,9
18125,0.0009765625,10
18126,0.0009765625,10
18127,0.0009765625,10
18128,0.0009765625,10
18129,0.001953125,9
18130,0.0009765625,10
18131,0.0009765625,10
18132,0.0009765625,10
18133,0.001953125,9
18134,0.0009765625,10
18135,0.0009765625,10
18136,0.0009765625,10
18137,0.001953125,9
18138,0.0009765625,10
18139,0.0009765625,10
18140,0.0009765625,10
18141,0.0009765625,10
18142,0.001953125,9
18143,0.0009765625,10
18144,0.0009765625,10
18145,0.0009765625,10
18146,0.001953125,9
18147,0.0009765625,10
18148,0.0009765625,10
18149,0.0009765625,10
18150,0.001953125,9
18151,0.0009765625,10
18152,0.0009765625,10
18153,0.0009765625,10
18154,0.0009765625,10
18155,0.001953125,9
18156,0.0009765625,10
18157,0.0009765625,10
18158,0.0009765625,10
18159,0.001953125,9
18160,0.0009765625,10
18161,0.0009765625,10
18162,0.0009765625,10
18163,0.0009765625,10
18164,0.001953125,9
18165,0.0009765625,10
18166,0.0009765625,10
18167,0.0009765625,10
18168,0.001953125,9
18169,0.0009765625,10
18170,0.0009765625,10
18171,0.0009765625,10
18172,0.001953125,9
18173,0.0009765625,10
18174,0.0009765625,10
18175,0.0009765625,10
18176,0.0009765625,10
18177,0.001953125,9
18178,0.0009765625,10
18179,0.0009765625,10
18180,0.0009765625,10
18181,0.001953125,9
18182,0.0009765625,10
18183,0.0009765625,10
18184,0.0009765625,10
18185,0.001953125,9
18186,0.0009765625,10
18187,0.0009765625,10
18188,0.0009765625,10
18189,0.0009765625,10
18190,0.001953125,9
18191,0.0009765625,10
18192,0.0009765625,10
18193,0.0009765625,10
18194,0.001953125,9
18195,0.0009765625,10
18196,0.0009765625,10
18197,0.0009765625,10
18198,0.0009765625,10
18199,0.001953125,9
18200,0.0009765625,10
18201,0.0009765625,10
18202,0.0009765625,10
18203,0.001953125,9
18204,0.0009765625,10
18205,0.0009765625,10
18206,0.0009765625,10
18207,0.001953125,9
18208,0.0009765625,10
18209,0.0009765625,10
18210,0.0009765625,10
18211,0.0009765625,10
18212,0.001953125,9
18213,0.0009765625,10
18214,0.0009765625,10
18215,0.0009765625,10
18216,0.001953125,9
18217,0.0009765625,10
18218,0.0009765625,10
18219,0.0009765625,10
18220,0.0009765625,10
18221,0.001953125,9
18222,0.0009765625,10
18223,0.0009765625,10
18224,0.0009765625,10
18225,0.001953125,9
18226,0.0009765625,10
18227,0.0009765625,10
18228,0.0009765625,10
18229,0.001953125,9
18230,0.0009765625,10
18231,0.0009765625,10
18232,0.0009765625,10
18233,0.0009765625,10
18234,0.001953125,9
18235,0.0009765625,10
18236,0.0009765625,10
18237,0.0009765625,10
18238,0.001953125,9
18239,0.0009765625,10
18240,0.0009765625,10
18241,0.0009765625,10
18242,0.001953125,9
18243,0.0009765625,10
18244,0.0009765625,10
18245,0.0009765625,10
18246,0.0009765625,10
18247,0.001953125,9
18248,0.0009765625,10
18249,0.0009765625,10
18250,0.0009765625,10
18251,0.001953125,9
18252,0.0009765625,10
18253,0.0009765625,10
18254,0.0009765625,10
18255,0.0009765625,10
18256,0.001953125,9
18257,0.0009765625,10
18258,0.0009765625,10
18259,0.0009765625,10
18260,0.001953125,9
18261,0.0009765625,10
18262,0.0009765625,10
18263,0.0009765625,10
18264,0.001953125,9
18265,0.0009765625,10
18266,0.0009765625,10
18267,0.0009765625,10
18268,0.0009765625,10
18269,0.001953125,9
18270,0.0009765625,10
18271,0.0009765625,10
18272,0.0009765625,10
18273,0.001953125,9
18274,0.0009765625,10
18275,0.0009765625,10
18276,0.0009765625,10
18277,0.001953125,9
18278,0.0009765625,10
18279,0.0009765625,10
18280,0.0009765625,10
18281,0.0009765625,10
18282,0.001953125,9
18283,0.0009765625,10
18284,0.0009765625,10
18285,0.0009765625,10
18286,0.001953125,9
18287,0.0009765625,10
18288,0.0009765625,10
18289,0.0009765625,10
18290,0.0009765625,10
18291,0.001953125,9
18292,0.0009765625,10
18293,0.0009765625,10
18294,0.0009765625,10
18295,0.001953125,9
18296,0.0009765625,10
18297,0.0009765625,10
18298,0.0009765625,10
18299,0.001953125,9
18300,0.0009765625,10
18301,0.0009765625,10
18302,0.0009765625,10
18303,0.0009765625,10
18304,0.001953125,9
18305,0.0009765625,10
18306,0.0009765625,10
18307,0.0009765625,10
18308,0.001953125,9
18309,0.0009765625,10
18310,0.0009765625,10
18311,0.0009765625,10
18312,0.001953125,9
18313,0.0009765625,10
18314,0.0009765625,10
18315,0.0009765625,10
18316,0.0009765625,10
18317,0.001953125,9
18318,0.0009765625,10
18319,0.0009765625,10
18320,0.0009765625,10
18321,0.001953125,9
18322,0.0009765625,10
18323,0.0009765625,10
18324,0.0009765625,10
18325,0.0009765625,10
18326,0.001953125,9
18327,0.0009765625,10
18328,0.0009765625,10
18329,0.0009765625,10
18330,0.001953125,9
18331,0.0009765625,10
18332,0.0009765625,10
18333,0.0009765625,10
18334,0.001953125,9
18335,0.0009765625,10
18336,0.0009765625,10
18337,0.0009765625,10
18338,0.0009765625,10
18339,0.001953125,9
18340,0.0009765625,10
18341,0.0009765625,10
18342,0.0009765625,10
18343,0.001953125,9
18344,0.0009765625,10
18345,0.0009765625,10
18346,0.0009765625,10
18347,0.001953125,9
18348,0.0009765625,10
18349,0.0009765625,10
18350,0.0009765625,10
18351,0.0009765625,10
18352,0.001953125,9
18353,0.0009765625,10
18354,0.0009765625,10
18355,0.0009765625,10
18356,0.001953125,9
18357,0.0009765625,10
18358,0.0009765625,10
18359,0.0009765625,10
18360,0.0009765625,10
18361,0.001953125,9
18362,0.0009765625,10
18363,0.0009765625,10
18364,0.0009765625,10
18365,0.001953125,9
18366,0.0009765625,10
18367,0.0009765625,10
18368,0.0009765625,10
18369,0.001953125,9
18370,0.0009765625,10
18371,0.0009765625,10
18372,0.0009765625,10
18373,0.0009765625,10
18374,0.001953125,9
18375,0.0009765625,10
18376,0.0009765625,10
18377,0.0009765625,10
18378,0.001953125,9
18379,0.0009765625,10
18380,0.0009765625,10
18381,0.0009765625,10
18382,0.001953125,9
18383,0.0009765625,10
18384,0.0009765625,10
18385,0.0009765625,10
18386,0.0009765625,10
18387,0.001953125,9
18388,0.0009765625,10
18389,0.0009765625,10
18390,0.0009765625,10
18391,0.001953125,9
18392,0.0009765625,10
18393,0.0009765625,10
18394,0.0009765625,10
18395,0.0009765625,10
18396,0.001953125,9
18397,0.0009765625,10
18398,0.0009765625,10
18399,0.0009765625,10
18400,0.001953125,9
18401,0.0009765625,10
18402,0.0009765625,10
18403,0.0009765625,10
18404,0.001953125,9
18405,0.0009765625,10
18406,0.0009765625,10
18407,0.0009765625,10
18408,0.0009765625,10
18409,0.001953125,9
18410,0.0009765625,10
18411,0.0009765625,10
18412,0.0009765625,10
18413,0.001953125,9
18414,0.0009765625,10
18415,0.0009765625,10
18416,0.0009765625,10
18417,0.001953125,9
18418,0.0009765625,10
18419,0.0009765625,10
18420,0.0009765625,10
18421,0.0009765625,10
18422,0.001953125,9
18423,0.0009765625,10
18424,0.0009765625,10
18425,0.0009765625,10
18426,0.001953125,9
18427,0.0009765625,10
18428,0.0009765625,10
18429,0.0009765625,10
18430,0.0009765625,10
18431,0.001953125,9
18432,0.0009765625,10
18433,0.0009765625,10
18434,0.0009765625,10
18435,0.001953125,9
18436,0.0009765625,10
18437,0.0009765625,10
18438,0.0009765625,10
18439,0.001953125,9
18440,0.0009765625,10
18441,0.0009765625,10
18442,0.0009765625,10
18443,0.0009765625,10
18444,0.001953125,9
18445,0.0009765625,10
18446,0.0009765625,10
18447,0.0009765625,10
18448,0.001953125,9
18449,0.0009765625,10
18450,0.0009765625,10
18451,0.0009765625,10
18452,0.001953125,9
18453,0.0009765625,10
18454,0.0009765625,10
18455,0.0009765625,10
18456,0.0009765625,10
18457,0.001953125,9
18458,0.0009765625,10
18459,0.0009765625,10
18460,0.0009765625,10
18461,0.001953125,9
18462,0.0009765625,10
18463,0.0009765625,10
18464,0.0009765625,10
18465,0.0009765625,10
18466,0.001953125,9
18467,0.0009765625,10
18468,0.0009765625,10
18469,0.0009765625,10
18470,0.001953125,9
18471,0.0009765625,10
18472,0.0009765625,10
18473,0.0009765625,10
18474,0.001953125,9
18475,0.0009765625,10
18476,0.0009765625,10
18477,0.0009765625,10
18478,0.0009765625,10
18479,0.001953125,9
18480,0.0009765625,10
18481,0.0009765625,10
18482,0.0009765625,10
18483,0.001953125,9
18484,0.0009765625,10
18485,0.0009765625,10
18486,0.0009765625,10
18487,0.001953125,9
18488,0.0009765625,10
18489,0.0009765625,10
18490,0.0009765625,10
18491,0.0009765625,10
18492,0.001953125,9
18493,0.0009765625,10
18494,0.0009765625,10
18495,0.0009765625,10
18496,0.001953125,9
18497,0.0009765625,10
18498,0.0009765625,10
18499,0.0009765625,10
18500,0.0009765625,10
18501,0.001953125,9
18502,0.0009765625,10
18503,0.0009765625,10
18504,0.0009765625,10
18505,0.001953125,9
18506,0.0009765625,10
18507,0.0009765625,10
18508,0.0009765625,10
18509,0.001953125,9
18510,0.0009765625,10
18511,0.0009765625,10
18512,0.0009765625,10
18513,0.0009765625,10
18514,0.001953125,9
18515,0.0009765625,10
18516,0.0009765625,10
18517,0.0009765625,10
18518,0.001953125,9
18519,0.0009765625,10
18520,0.0009765625,10
18521,0.0009765625,10
18522,0.001953125,9
18523,0.0009765625,10
18524,0.0009765625,10
18525,0.0009765625,10
18526,0.0009765625,10
18527,0.001953125,9
18528,0.0009765625,10
18529,0.0009765625,10
18530,0.0009765625,10
18531,0.001953125,9
18532,0.0009765625,10
18533,0.0009765625,10
18534,0.0009765625,10
18535,0.0009765625,10
18536,0.001953125,9
18537,0.0009765625,10
18538,0.0009765625,10
18539,0.0009765625,10
18540,0.001953125,9
18541,0.0009765625,10
18542,0.0009765625,10
18543,0.0009765625,10
18544,0.001953125,9
18545,0.0009765625,10
18546,0.0009765625,10
18547,0.0009765625,10
18548,0.0009765625,10
18549,0.001953125,9
18550,0.0009765625,10
18551,0.0009765625,10
18552,0.0009765625,10
18553,0.001953125,9
18554,0.0009765625,10
18555,0.0009765625,10
18556,0.0009765625,10
18557,0.001953125,9
18558,0.0009765625,10
18559,0.0009765625,10
18560,0.0009765625,10
18561,0.0009765625,10
18562,0.001953125,9
18563,0.0009765625,10
18564,0.0009765625,10
18565,0.0009765625,10
18566,0.001953125,9
18567,0.0009765625,10
18568,0.0009765625,10
18569,0.0009765625,10
18570,0.001953125,9
18571,0.0009765625,10
18572,0.0009765625,10
18573,0.0009765625,10
18574,0.0009765625,10
18575,0.001953125,9
18576,0.0009765625,10
18577,0.0009765625,10
18578,0.0009765625,10
18579,0.001953125,9
18580,0.0009765625,10
18581,0.0009765625,10
18582,0.0009765625,10
18583,0.0009765625,10
18584,0.001953125,9
18585,0.0009765625,10
18586,0.0009765625,10
18587,0.0009765625,10
18588,0.001953125,9
18589,0.0009765625,10
18590,0.0009765625,10
18591,0.0009765625,10
18592,0.001953125,9
18593,0.0009765625,10
18594,0.0009765625,10
18595,0.0009765625,10
18596,0.0009765625,10
18597,0.001953125,9
18598,0.0009765625,10
18599,0.0009765625,10
18600,0.0009765625,10
18601,0.001953125,9
18602,0.0009765625,10
18603,0.0009765625,10
18604,0.0009765625,10
18605,0.001953125,9
18606,0.0009765625,10
18607,0.0009765625,10
18608,0.0009765625,10
18609,0.0009765625,10
18610,0.001953125,9
18611,0.0009765625,10
18612,0.0009765625,10
18613,0.0009765625,10
18614,0.001953125,9
18615,0.0009765625,10
18616,0.0009765625,10
18617,0.0009765625,10
18618,0.0009765625,10
18619,0.001953125,9
18620,0.0009765625,10
18621,0.0009765625,10
18622,0.0009765625,10
18623,0.001953125,9
18624,0.0009765625,10
18625,0.0009765625,10
18626,0.0009765625,10
18627,0.001953125,9
18628,0.0009765625,10
18629,0.0009765625,10
18630,0.0009765625,10
18631,0.0009765625,10
18632,0.001953125,9
18633,0.0009765625,10
18634,0.0009765625,10
18635,0.0009765625,10
18636,0.001953125,9
18637,0.0009765625,10
18638,0.0009765625,10
18639,0.0009765625,10
18640,0.001953125,9
18641,0.0009765625,10
18642,0.0009765625,10
18643,0.0009765625,10
18644,0.0009765625,10
18645,0.001953125,9
18646,0.0009765625,10
18647,0.0009765625,10
18648,0.0009765625,10
18649,0.001953125,9
18650,0.0009765625,10
18651,0.0009765625,10
18652,0.0009765625,10
18653,0.0009765625,10
18654,0.001953125,9
18655,0.0009765625,10
18656,0.0009765625,10
18657,0.0009765625,10
18658,0.001953125,9
18659,0.0009765625,10
18660,0.0009765625,10
18661,0.0009765625,10
18662,0.001953125,9
18663,0.0009765625,10
18664,0.0009765625,10
18665,0.0009765625,10
18666,0.0009765625,10
18667,0.001953125,9
18668,0.0009765625,10
18669,0.0009765625,10
18670,0.0009765625,10
18671,0.001953125,9
18672,0.0009765625,10
18673,0.0009765625,10
18674,0.0009765625,10
18675,0.001953125,9
18676,0.0009765625,10
18677,0.0009765625,10
18678,0.0009765625,10
18679,0.0009765625,10
18680,0.001953125,9
18681,0.0009765625,10
18682,0.0009765625,10
18683,0.0009765625,10
18684,0.001953125,9
18685,0.0009765625,10
18686,0.0009765625,10
18687,0.0009765625,10
18688,0.0009765625,10
18689,0.001953125,9
18690,0.0009765625,10
18691,0.0009765625,10
18692,0.0009765625,10
18693,0.001953125,9
18694,0.0009765625,10
18695,0.0009765625,10
18696,0.0009765625,10
18697,0.001953125,9
18698,0.0009765625,10
18699,0.0009765625,10
18700,0.0009765625,10
18701,0.0009765625,10
18702,0.001953125,9
18703,0.0009765625,10
18704,0.0009765625,10
18705,0.0009765625,10
18706,0.001953125,9
18707,0.0009765625,10
18708,0.0009765625,10
18709,0.0009765625,10
18710,0.001953125,9
18711,0.0009765625,10
18712,0.0009765625,10
18713,0.0009765625,10
18714,0.0009765625,10
18715,0.001953125,9
18716,0.0009765625,10
18717,0.0009765625,10
18718,0.0009765625,10
18719,0.001953125,9
18720,0.0009765625,10
18721,0.0009765625,10
18722,0.0009765625,10
18723,0.0009765625,10
18724,0.001953125,9
18725,0.0009765625,10
18726,0.0009765625,10
18727,0.0009765625,10
18728,0.001953125,9
18729,0.0009765625,10
18730,0.0009765625,10
18731,0.0009765625,10
18732,0.001953125,9
18733,0.0009765625,10
18734,0.0009765625,10
18735,0.0009765625,10
18736,0.0009765625,10
18737,0.001953125,9
18738,0.0009765625,10
18739,0.0009765625,10
18740,0.0009765625,10
18741,0.001953125,9
18742,0.0009765625,10
18743,0.0009765625,10
18744,0.0009765625,10
18745,0.001953125,9
18746,0.0009765625,10
18747,0.0009765625,10
18748,0.0009765625,10
18749,0.0009765625,10
18750,0.001953125,9
18751,0.0009765625,10
18752,0.0009765625,10
18753,0.0009765625,10
18754,0.001953125,9
18755,0.0009765625,10
18756,0.0009765625,10
18757,0.0009765625,10
18758,0.0009765625,10
18759,0.001953125,9
18760,0.0009765625,10
18761,0.0009765625,10
18762,0.0009765625,10
18763,0.001953125,9
18764,0.0009765625,10
18765,0.0009765625,10
18766,0.0009765625,10
18767,0.001953125,9
18768,0.0009765625,10
18769,0.0009765625,10
18770,0.0009765625,10
18771,0.0009765625,10
18772,0.001953125,9
18773,0.0009765625,10
18774,0.0009765625,10
18775,0.0009765625,10
18776,0.001953125,9
18777,0.0009765625,10
18778,0.0009765625,10
18779,0.0009765625,10
18780,0.001953125,9
18781,0.0009765625,10
18782,0.0009765625,10
18783,0.0009765625,10
18784,0.0009765625,10
18785,0.001953125,9
18786,0.0009765625,10
18787,0.0009765625,10
18788,0.0009765625,10
18789,0.001953125,9
18790,0.0009765625,10
18791,0.0009765625,10
18792,0.0009765625,10
18793,0.0009765625,10
18794,0.001953125,9
18795,0.0009765625,10
18796,0.0009765625,10
18797,0.0009765625,10
18798,0.001953125,9
18799,0.0009765625,10
18800,0.0009765625,10
18801,0.0009765625,10
18802,0.001953125,9
18803,0.0009765625,10
18804,0.0009765625,10
18805,0.0009765625,10
18806,0.0009765625,10
18807,0.001953125,9
18808,0.0009765625,10
18809,0.0009765625,10
18810,0.0009765625,10
18811,0.001953125,9
18812,0.0009765625,10
18813,0.0009765625,10
18814,0.0009765625,10
18815,0.001953125,9
18816,0.0009765625,10
18817,0.0009765625,10
18818,0.0009765625,10
18819,0.0009765625,10
18820,0.001953125,9
18821,0.0009765625,10
18822,0.0009765625,10
18823,0.0009765625,10
18824,0.001953125,9
18825,0.0009765625,10
18826,0.0009765625,10
18827,0.0009765625,10
18828,0.001953125,9
18829,0.0009765625,10
18830,0.0009765625,10
18831,0.0009765625,10
18832,0.0009765625,10
18833,0.001953125,9
18834,0.0009765625,10
18835,0.0009765625,10
18836,0.0009765625,10
18837,0.001953125,9
18838,0.0009765625,10
18839,0.0009765625,10
18840,0.0009765625,10
18841,0.0009765625,10
18842,0.001953125,9
18843,0.0009765625,10
18844,0.0009765625,10
18845,0.0009765625,10
18846,0.001953125,9
18847,0.0009765625,10
18848,0.0009765625,10
18849,0.0009765625,10
18850,0.001953125,9
18851,0.0009765625,10
18852,0.0009765625,10
18853,0.0009765625,10
18854,0.0009765625,10
18855,0.001953125,9
18856,0.0009765625,10
18857,0.0009765625,10
18858,0.0009765625,10
18859,0.001953125,9
18860,0.0009765625,10
18861,0.0009765625,10
18862,0.0009765625,10
18863,0.001953125,9
18864,0.0009765625,10
18865,0.0009765625,10
18866,0.0009765625,10
18867,0.0009765625,10
18868,0.001953125,9
18869,0.0009765625,10
18870,0.0009765625,10
18871,0.0009765625,10
18872,0.001953125,9
18873,0.0009765625,10
18874,0.0009765625,10
18875,0.0009765625,10
18876,0.0009765625,10
18877,0.001953125,9
18878,0.0009765625,10
18879,0.0009765625,10
18880,0.0009765625,10
18881,0.001953125,9
18882,0.0009765625,10
18883,0.0009765625,10
18884,0.0009765625,10
18885,0.001953125,9
18886,0.0009765625,10
18887,0.0009765625,10
18888,0.0009765625,10
18889,0.0009765625,10
18890,0.001953125,9
18891,0.0009765625,10
18892,0.0009765625,10
18893,0.0009765625,10
18894,0.001953125,9
18895,0.0009765625,10
18896,0.0009765625,10
18897,0.0009765625,10
18898,0.001953125,9
18899,0.0009765625,10
18900,0.0009765625,10
18901,0.0009765625,10
18902,0.0009765625,10
18903,0.001953125,9
18904,0.0009765625,10
18905,0.0009765625,10
18906,0.0009765625,10
18907,0.001953125,9
18908,0.0009765625,10
18909,0.0009765625,10
18910,0.0009765625,10
18911,0.0009765625,10
18912,0.001953125,9
18913,0.0009765625,10
18914,0.0009765625,10
18915,0.0009765625,10
18916,0.001953125,9
18917,0.0009765625,10
18918,0.0009765625,10
18919,0.0009765625,10
18920,0.001953125,9
18921,0.0009765625,10
18922,0.0009765625,10
18923,0.0009765625,10
18924,0.0009765625,10
18925,0.001953125,9
18926,0.0009765625,10
18927,0.0009765625,10
18928,0.0009765625,10
18929,0.001953125,9
18930,0.0009765625,10
18931,0.0009765625,10
18932,0.0009765625,10
18933,0.001953125,9
18934,0.0009765625,10
18935,0.0009765625,10
18936,0.0009765625,10
18937,0.0009765625,10
18938,0.001953125,9
18939,0.0009765625,10
18940,0.0009765625,10
18941,0.0009765625,10
18942,0.001953125,9
18943,0.0009765625,10
18944,0.0009765625,10
18945,0.0009765625,10
18946,0.0009765625,10
18947,0.001953125,9
18948,0.0009765625,10
18949,0.0009765625,10
18950,0.0009765625,10
18951,0.001953125,9
18952,0.0009765625,10
18953,0.0009765625,10
18954,0.0009765625,10
18955,0.001953125,9
18956,0.0009765625,10
18957,0.0009765625,10
18958,0.0009765625,10
18959,0.0009765625,10
18960,0.001953125,9
18961,0.0009765625,10
18962,0.0009765625,10
18963,0.0009765625,10
18964,0.001953125,9
18965,0.0009765625,10
18966,0.0009765625,10
18967,0.0009765625,10
18968,0.001953125,9
18969,0.0009765625,10
18970,0.0009765625,10
18971,0.0009765625,10
18972,0.0009765625,10
18973,0.001953125,9
18974,0.0009765625,10
18975,0.0009765625,10
18976,0.0009765625,10
18977,0.001953125,9
18978,0.0009765625,10
18979,0.0009765625,10
18980,0.0009765625,10
18981,0.0009765625,10
18982,0.001953125,9
18983,0.0009765625,10
18984,0.0009765625,10
18985,0.0009765625,10
18986,0.001953125,9
18987,0.0009765625,10
18988,0.0009765625,10
18989,0.0009765625,10
18990,0.001953125,9
18991,0.0009765625,10
18992,0.0009765625,10
18993,0.0009765625,10
18994,0.0009765625,10
18995,0.001953125,9
18996,0.0009765625,10
18997,0.0009765625,10
18998,0.0009765625,10
18999,0.001953125,9
19000,0.0009765625,10
19001,0.0009765625,10
19002,0.0009765625,10
19003,0.001953125,9
19004,0.0009765625,10
19005,0.0009765625,10
19006,0.0009765625,10
19007,0.0009765625,10
19008,0.001953125,9
19009,0.0009765625,10
19010,0.0009765625,10
19011,0.0009765625,10
19012,0.001953125,9
19013,0.0009765625,10
19014,0.0009765625,10
19015,0.0009765625,10
19016,0.001953125,9
19017,0.0009765625,10
19018,0.0009765625,10
19019,0.0009765625,10
19020,0.0009765625,10
19021,0.001953125,9
19022,0.0009765625,10
19023,0.0009765625,10
19024,0.0009765625,10
19025,0.001953125,9
19026,0.0009765625,10
19027,0.0009765625,10
19028,0.0009765625,10
19029,0.0009765625,10
19030,0.001953125,9
19031,0.0009765625,10
19032,0.0009765625,10
19033,0.0009765625,10
19034,0.001953125,9
19035,0.0009765625,10
19036,0.0009765625,10
19037,0.0009765625,10
19038,0.001953125,9
19039,0.0009765625,10
19040,0.0009765625,10
19041,0.0009765625,10
19042,0.0009765625,10
19043,0.001953125,9
19044,0.0009765625,10
19045,0.0009765625,10
19046,0.0009765625,10
19047,0.001953125,9
19048,0.0009765625,10
19049,0.0009765625,10
19050,0.0009765625,10
19051,0.001953125,9
19052,0.0009765625,10
19053,0.0009765625,10
19054,0.0009765625,10
19055,0.0009765625,10
19056,0.001953125,9
19057,0.0009765625,10
19058,0.0009765625,10
19059,0.0009765625,10
19060,0.001953125,9
19061,0.0009765625,10
19062,0.0009765625,10
19063,0.0009765625,10
19064,0.0009765625,10
19065,0.001953125,9
19066,0.0009765625,10
19067,0.0009765625,10
19068,0.0009765625,10
19069,0.001953125,9
19070,0.0009765625,10
19071,0.0009765625,10
19072,0.0009765625,10
19073,0.001953125,9
19074,0.0009765625,10
19075,0.0009765625,10
19076,0.0009765625,10
19077,0.0009765625,10
19078,0.001953125,9
19079,0.0009765625,10
19080,0.0009765625,10
19081,0.0009765625,10
19082,0.001953125,9
19083,0.0009765625,10
19084,0.0009765625,10
19085,0.0009765625,10
19086,0.001953125,9
19087,0.0009765625,10
19088,0.0009765625,10
19089,0.0009765625,10
19090,0.0009765625,10
19091,0.001953125,9
19092,0.0009765625,10
19093,0.0009765625,10
19094,0.0009765625,10
19095,0.001953125,9
19096,0.0009765625,10
19097,0.0009765625,10
19098,0.0009765625,10
19099,0.0009765625,10
19100,0.001953125,9
19101,0.0009765625,10
19102,0.0009765625,10
19103,0.0009765625,10
19104,0.001953125,9
19105,0.0009765625,10
19106,0.0009765625,10
19107,0.0009765625,10
19108,0.001953125,9
19109,0.0009765625,10
19110,0.0009765625,10
19111,0.0009765625,10
19112,0.0009765625,10
19113,0.001953125,9
19114,0.0009765625,10
19115,0.0009765625,10
19116,0.0009765625,10
19117,0.001953125,9
19118,0.0009765625,10
19119,0.0009765625,10
19120,0.0009765625,10
19121,0.001953125,9
19122,0.0009765625,10
19123,0.0009765625,10
19124,0.0009765625,10
19125,0.0009765625,10
19126,0.001953125,9
19127,0.0009765625,10
19128,0.0009765625,10
19129,0.0009765625,10
19130,0.001953125,9
19131,0.0009765625,10
19132,0.0009765625,10
19133,0.0009765625,10
19134,0.0009765625,10
19135,0.001953125,9
19136,0.0009765625,10
19137,0.0009765625,10
19138,0.0009765625,10
19139,0.001953125,9
19140,0.0009765625,10
19141,0.0009765625,10
19142,0.0009765625,10
19143,0.001953125,9
19144,0.0009765625,10
19145,0.0009765625,10
19146,0.0009765625,10
19147,0.0009765625,10
19148,0.001953125,9
19149,0.0009765625,10
19150,0.0009765625,10
19151,0.0009765625,10
19152,0.001953125,9
19153,0.0009765625,10
19154,0.0009765625,10
19155,0.0009765625,10
19156,0.001953125,9
19157,0.0009765625,10
19158,0.0009765625,10
19159,0.0009765625,10
19160,0.0009765625,10
19161,0.001953125,9
19162,0.0009765625,10
19163,0.0009765625,10
19164,0.0009765625,10
19165,0.001953125,9
19166,0.0009765625,10
19167,0.0009765625,10
19168,0.0009765625,10
19169,0.001953125,9
19170,0.0009765625,10
19171,0.0009765625,10
19172,0.0009765625,10
19173,0.0009765625,10
19174,0.001953125,9
19175,0.0009765625,10
19176,0.0009765625,10
19177,0.0009765625,10
19178,0.001953125,9
19179,0.0009765625,10
19180,0.0009765625,10
19181,0.0009765625,10
19182,0.0009765625,10
19183,0.001953125,9
19184,0.0009765625,10
19185,0.0009765625,10
19186,0.0009765625,10
19187,0.001953125,9
19188,0.0009765625,10
19189,0.0009765625,10
19190,0.0009765625,10
19191,0.001953125,9
19192,0.0009765625,10
19193,0.0009765625,10
19194,0.0009765625,10
19195,0.0009765625,10
19196,0.001953125,9
19197,0.0009765625,10
19198,0.0009765625,10
19199,0.0009765625,10
19200,0.001953125,9
19201,0.0009765625,10
19202,0.0009765625,10
19203,0.0009765625,10
19204,0.001953125,9
19205,0.0009765625,10
19206,0.0009765625,10
19207,0.0009765625,10
19208,0.0009765625,10
19209,0.001953125,9
19210,0.0009765625,10
19211,0.0009765625,10
19212,0.0009765625,10
19213,0.001953125,9
19214,0.0009765625,10
19215,0.0009765625,10
19216,0.0009765625,10
19217,0.0009765625,10
19218,0.001953125,9
19219,0.0009765625,10
19220,0.0009765625,10
19221,0.0009765625,10
19222,0.001953125,9
19223,0.0009765625,10
19224,0.0009765625,10
19225,0.0009765625,10
19226,0.001953125,9
19227,0.0009765625,10
19228,0.0009765625,10
19229,0.0009765625,10
19230,0.0009765625,10
19231,0.001953125,9
19232,0.0009765625,10
19233,0.0009765625,10
19234,0.0009765625,10
19235,0.001953125,9
19236,0.0009765625,10
19237,0.0009765625,10
19238,0.0009765625,10
19239,0.001953125,9
19240,0.0009765625,10
19241,0.0009765625,10
19242,0.0009765625,10
19243,0.0009765625,10
19244,0.001953125,9
19245,0.0009765625,10
19246,0.0009765625,10
19247,0.0009765625,10
19248,0.001953125,9
19249,0.0009765625,10
19250,0.0009765625,10
19251,0.0009765625,10
19252,0.0009765625,10
19253,0.001953125,9
19254,0.0009765625,10
19255,0.0009765625,10
19256,0.0009765625,10
19257,0.001953125,9
19258,0.0009765625,10
19259,0.0009765625,10
19260,0.0009765625,10
19261,0.001953125,9
19262,0.0009765625,10
19263,0.0009765625,10
19264,0.0009765625,10
19265,0.0009765625,10
19266,0.001953125,9
19267,0.0009765625,10
19268,0.0009765625,10
19269,0.0009765625,10
19270,0.001953125,9
19271,0.0009765625,10
19272,0.0009765625,10
19273,0.0009765625,10
19274,0.001953125,9
19275,0.0009765625,10
19276,0.0009765625,10
19277,0.0009765625,10
19278,0.0009765625,10
19279,0.001953125,9
19280,0.0009765625,10
19281,0.0009765625,10
19282,0.0009765625,10
19283,0.001953125,9
19284,0.0009765625,10
19285,0.0009765625,10
19286,0.0009765625,10
19287,0.0009765625,10
19288,0.001953125,9
19289,0.0009765625,10
19290,0.0009765625,10
19291,0.0009765625,10
19292,0.001953125,9
19293,0.0009765625,10
19294,0.0009765625,10
19295,0.0009765625,10
19296,0.001953125,9
19297,0.0009765625,10
19298,0.0009765625,10
19299,0.0009765625,10
19300,0.0009765625,10
19301,0.001953125,9
19302,0.0009765625,10
19303,0.0009765625,10
19304,0.0009765625,10
19305,0.001953125,9
19306,0.0009765625,10
19307,0.0009765625,10
19308,0.0009765625,10
19309,0.001953125,9
19310,0.0009765625,10
19311,0.0009765625,10
19312,0.0009765625,10
19313,0.0009765625,10
19314,0.001953125,9
19315,0.0009765625,10
19316,0.0009765625,10
19317,0.0009765625,10
19318,0.001953125,9
19319,0.0009765625,10
19320,0.0009765625,10
19321,0.0009765625,10
19322,0.001953125,9
19323,0.0009765625,10
19324,0.0009765625,10
19325,0.0009765625,10
19326,0.0009765625,10
19327,0.001953125,9
19328,0.0009765625,10
19329,0.0009765625,10
19330,0.0009765625,10
19331,0.001953125,9
19332,0.0009765625,10
19333,0.0009765625,10
19334,0.0009765625,10
19335,0.0009765625,10
19336,0.001953125,9
19337,0.0009765625,10
19338,0.0009765625,10
19339,0.0009765625,10
19340,0.001953125,9
19341,0.0009765625,10
19342,0.0009765625,10
19343,0.0009765625,10
19344,0.001953125,9
19345,0.0009765625,10
19346,0.0009765625,10
19347,0.0009765625,10
19348,0.0009765625,10
19349,0.001953125,9
19350,0.0009765625,10
19351,0.0009765625,10
19352,0.0009765625,10
19353,0.001953125,9
19354,0.0009765625,10
19355,0.0009765625,10
19356,0.0009765625,10
19357,0.001953125,9
19358,0.0009765625,10
19359,0.0009765625,10
19360,0.0009765625,10
19361,0.0009765625,10
19362,0.001953125,9
19363,0.0009765625,10
19364,0.0009765625,10
19365,0.0009765625,10
19366,0.001953125,9
19367,0.0009765625,10
19368,0.0009765625,10
19369,0.0009765625,10
19370,0.0009765625,10
19371,0.001953125,9
19372,0.0009765625,10
19373,0.0009765625,10
19374,0.0009765625,10
19375,0.001953125,9
19376,0.0009765625,10
19377,0.0009765625,10
19378,0.0009765625,10
19379,0.001953125,9
19380,0.0009765625,10
19381,0.0009765625,10
19382,0.0009765625,10
19383,0.0009765625,10
19384,0.001953125,9
19385,0.0009765625,10
19386,0.0009765625,10
19387,0.0009765625,10
19388,0.001953125,9
19389,0.0009765625,10
19390,0.0009765625,10
19391,0.0009765625,10
19392,0.001953125,9
19393,0.0009765625,10
19394,0.0009765625,10
19395,0.0009765625,10
19396,0.0009765625,10
19397,0.001953125,9
19398,0.0009765625,10
19399,0.0009765625,10
19400,0.0009765625,10
19401,0.001953125,9
19402,0.0009765625,10
19403,0.0009765625,10
19404,0.0009765625,10
19405,0.0009765625,10
19406,0.001953125,9
19407,0.0009765625,10
19408,0.0009765625,10
19409,0.0009765625,10
19410,0.001953125,9
19411,0.0009765625,10
19412,0.0009765625,10
19413,0.0009765625,10
19414,0.001953125,9
19415,0.0009765625,10
19416,0.0009765625,10
19417,0.0009765625,10
19418,0.0009765625,10
19419,0.001953125,9
19420,0.0009765625,10
19421,0.0009765625,10
19422,0.0009765625,10
19423,0.001953125,9
19424,0.0009765625,10
19425,0.0009765625,10
19426,0.0009765625,10
19427,0.001953125,9
19428,0.0009765625,10
19429,0.0009765625,10
19430,0.0009765625,10
19431,0.0009765625,10
19432,0.001953125,9
19433,0.0009765625,10
19434,0.0009765625,10
19435,0.0009765625,10
19436,0.001953125,9
19437,0.0009765625,10
19438,0.0009765625,10
19439,0.0009765625,10
19440,0.0009765625,10
19441,0.001953125,9
19442,0.0009765625,10
19443,0.0009765625,10
19444,0.0009765625,10
19445,0.001953125,9
19446,0.0009765625,10
19447,0.0009765625,10
19448,0.0009765625,10
19449,0.001953125,9
19450,0.0009765625,10
19451,0.0009765625,10
19452,0.0009765625,10
19453,0.0009765625,10
19454,0.001953125,9
19455,0.0009765625,10
19456,0.0009765625,10
19457,0.0009765625,10
19458,0.001953125,9
19459,0.0009765625,10
19460,0.0009765625,10
19461,0.0009765625,10
19462,0.001953125,9
19463,0.0009765625,10
19464,0.0009765625,10
19465,0.0009765625,10
19466,0.0009765625,10
19467,0.001953125,9
19468,0.0009765625,10
19469,0.0009765625,10
19470,0.0009765625,10
19471,0.001953125,9
19472,0.0009765625,10
19473,0.0009765625,10
19474,0.0009765625,10
19475,0.001953125,9
19476,0.0009765625,10
19477,0.0009765625,10
19478,0.0009765625,10
19479,0.0009765625,10
19480,0.001953125,9
19481,0.0009765625,10
19482,0.0009765625,10
19483,0.0009765625,10
19484,0.001953125,9
19485,0.0009765625,10
19486,0.0009765625,10
19487,0.0009765625,10
19488,0.0009765625,10
19489,0.001953125,9
19490,0.0009765625,10
19491,0.0009765625,10
19492,0.0009765625,10
19493,0.001953125,9
19494,0.0009765625,10
19495,0.0009765625,10
19496,0.0009765625,10
19497,0.001953125,9
19498,0.0009765625,10
19499,0.0009765625,10
19500,0.0009765625,10
19501,0.0009765625,10
19502,0.001953125,9
19503,0.0009765625,10
19504,0.0009765625,10
19505,0.0009765625,10
19506,0.001953125,9
19507,0.0009765625,10
19508,0.0009765625,10
19509,0.0009765625,10
19510,0.001953125,9
19511,0.0009765625,10
19512,0.0009765625,10
19513,0.0009765625,10
19514,0.0009765625,10
19515,0.001953125,9
19516,0.0009765625,10
19517,0.0009765625,10
19518,0.0009765625,10
19519,0.001953125,9
19520,0.0009765625,10
19521,0.0009765625,10
19522,0.0009765625,10
19523,0.0009765625,10
19524,0.001953125,9
19525,0.0009765625,10
19526,0.0009765625,10
19527,0.0009765625,10
19528,0.001953125,9
19529,0.0009765625,10
19530,0.0009765625,10
19531,0.0009765625,10
19532,0.001953125,9
19533,0.0009765625,10
19534,0.0009765625,10
19535,0.0009765625,10
19536,0.0009765625,10
19537,0.001953125,9
19538,0.0009765625,10
19539,0.0009765625,10
19540,0.0009765625,10
19541,0.001953125,9
19542,0.0009765625,10
19543,0.0009765625,10
19544,0.0009765625,10
19545,0.001953125,9
19546,0.0009765625,10
19547,0.0009765625,10
19548,0.0009765625,10
19549,0.0009765625,10
19550,0.001953125,9
19551,0.0009765625,10
19552,0.0009765625,10
19553,0.0009765625,10
19554,0.001953125,9
19555,0.0009765625,10
19556,0.0009765625,10
19557,0.0009765625,10
19558,0.0009765625,10
19559,0.001953125,9
19560,0.0009765625,10
19561,0.0009765625,10
19562,0.0009765625,10
19563,0.001953125,9
19564,0.0009765625,10
19565,0.0009765625,10
19566,0.0009765625,10
19567,0.001953125,9
19568,0.0009765625,10
19569,0.0009765625,10
19570,0.0009765625,10
19571,0.0009765625,10
19572,0.001953125,9
19573,0.0009765625,10
19574,0.0009765625,10
19575,0.0009765625,10
19576,0.001953125,9
19577,0.0009765625,10
19578,0.0009765625,10
19579,0.0009765625,10
19580,0.001953125,9
19581,0.0009765625,10
19582,0.0009765625,10
19583,0.0009765625,10
19584,0.0009765625,10
19585,0.001953125,9
19586,0.0009765625,10
19587,0.0009765625,10
19588,0.0009765625,10
19589,0.001953125,9
19590,0.0009765625,10
19591,0.0009765625,10
19592,0.0009765625,10
19593,0.001953125,9
19594,0.0009765625,10
19595,0.0009765625,10
19596,0.0009765625,10
19597,0.0009765625,10
19598,0.001953125,9
19599,0.0009765625,10
19600,0.0009765625,10
19601,0.0009765625,10
19602,0.001953125,9
19603,0.0009765625,10
19604,0.0009765625,10
19605,0.0009765625,10
19606,0.0009765625,10
19607,0.001953125,9
19608,0.0009765625,10
19609,0.0009765625,10
19610,0.0009765625,10
19611,0.001953125,9
19612,0.0009765625,10
19613,0.0009765625,10
19614,0.0009765625,10
19615,0.001953125,9
19616,0.0009765625,10
19617,0.0009765625,10
19618,0.0009765625,10
19619,0.0009765625,10
19620,0.001953125,9
19621,0.0009765625,10
19622,0.0009765625,10
19623,0.0009765625,10
19624,0.001953125,9
19625,0.0009765625,10
19626,0.0009765625,10
19627,0.0009765625,10
19628,0.001953125,9
19629,0.0009765625,10
19630,0.0009765625,10
19631,0.0009765625,10
19632,0.0009765625,10
19633,0.001953125,9
19634,0.0009765625,10
19635,0.0009765625,10
19636,0.0009765625,10
19637,0.001953125,9
19638,0.0009765625,10
19639,0.0009765625,10
19640,0.0009765625,10
19641,0.0009765625,10
19642,0.001953125,9
19643,0.0009765625,10
19644,0.0009765625,10
19645,0.0009765625,10
19646,0.001953125,9
19647,0.0009765625,10
19648,0.0009765625,10
19649,0.0009765625,10
19650,0.001953125,9
19651,0.0009765625,10
19652,0.0009765625,10
19653,0.0009765625,10
19654,0.0009765625,10
19655,0.001953125,9
19656,0.0009765625,10
19657,0.0009765625,10
19658,0.0009765625,10
19659,0.001953125,9
19660,0.0009765625,10
19661,0.0009765625,10
19662,0.0009765625,10
19663,0.001953125,9
19664,0.0009765625,10
19665,0.0009765625,10
19666,0.0009765625,10
19667,0.0009765625,10
19668,0.001953125,9
19669,0.0009765625,10
19670,0.0009765625,10
19671,0.0009765625,10
19672,0.001953125,9
19673,0.0009765625,10
19674,0.0009765625,10
19675,0.0009765625,10
19676,0.0009765625,10
19677,0.001953125,9
19678,0.0009765625,10
19679,0.0009765625,10
19680,0.0009765625,10
19681,0.001953125,9
19682,0.0009765625,10
19683,0.0009765625,10
19684,0.0009765625,10
19685,0.001953125,9
19686,0.0009765625,10
19687,0.0009765625,10
19688,0.0009765625,10
19689,0.0009765625,10
19690,0.001953125,9
19691,0.0009765625,10
19692,0.0009765625,10
19693,0.0009765625,10
19694,0.001953125,9
19695,0.0009765625,10
19696,0.0009765625,10
19697,0.0009765625,10
19698,0.001953125,9
19699,0.0009765625,10
19700,0.0009765625,10
19701,0.0009765625,10
19702,0.0009765625,10
19703,0.001953125,9
19704,0.0009765625,10
19705,0.0009765625,10
19706,0.0009765625,10
19707,0.001953125,9
19708,0.0009765625,10
19709,0.0009765625,10
19710,0.0009765625,10
19711,0.001953125,9
19712,0.0009765625,10
19713,0.0009765625,10
19714,0.0009765625,10
19715,0.0009765625,10
19716,0.001953125,9
19717,0.0009765625,10
19718,0.0009765625,10
19719,0.0009765625,10
19720,0.001953125,9
19721,0.0009765625,10
19722,0.0009765625,10
19723,0.0009765625,10
19724,0.0009765625,10
19725,0.001953125,9
19726,0.0009765625,10
19727,0.0009765625,10
19728,0.0009765625,10
19729,0.001953125,9
19730,0.0009765625,10
19731,0.0009765625,10
19732,0.0009765625,10
19733,0.001953125,9
19734,0.0009765625,10
19735,0.0009765625,10
19736,0.0009765625,10
19737,0.0009765625,10
19738,0.001953125,9
19739,0.0009765625,10
19740,0.0009765625,10
19741,0.0009765625,10
19742,0.001953125,9
19743,0.0009765625,10
19744,0.0009765625,10
19745,0.0009765625,10
19746,0.001953125,9
19747,0.0009765625,10
19748,0.0009765625,10
19749,0.0009765625,10
19750,0.0009765625,10
19751,0.001953125,9
19752,0.0009765625,10
19753,0.0009765625,10
19754,0.0009765625,10
19755,0.001953125,9
19756,0.0009765625,10
19757,0.0009765625,10
19758,0.0009765625,10
19759,0.0009765625,10
19760,0.001953125,9
19761,0.0009765625,10
19762,0.0009765625,10
19763,0.0009765625,10
19764,0.001953125,9
19765,0.0009765625,10
19766,0.0009765625,10
19767,0.0009765625,10
19768,0.001953125,9
19769,0.0009765625,10
19770,0.0009765625,10
19771,0.0009765625,10
19772,0.0009765625,10
19773,0.001953125,9
19774,0.0009765625,10
19775,0.0009765625,10
19776,0.0009765625,10
19777,0.001953125,9
19778,0.0009765625,10
19779,0.0009765625,10
19780,0.0009765625,10
19781,0.001953125,9
19782,0.0009765625,10
19783,0.0009765625,10
19784,0.0009765625,10
19785,0.0009765625,10
19786,0.001953125,9
19787,0.0009765625,10
19788,0.0009765625,10
19789,0.0009765625,10
19790,0.001953125,9
19791,0.0009765625,10
19792,0.0009765625,10
19793,0.0009765625,10
19794,0.0009765625,10
19795,0.001953125,9
19796,0.0009765625,10
19797,0.0009765625,10
19798,0.0009765625,10
19799,0.001953125,9
19800,0.0009765625,10
19801,0.0009765625,10
19802,0.0009765625,10
19803,0.001953125,9
19804,0.0009765625,10
19805,0.0009765625,10
19806,0.0009765625,10
19807,0.0009765625,10
19808,0.001953125,9
19809,0.0009765625,10
19810,0.0009765625,10
19811,0.0009765625,10
19812,0.001953125,9
19813,0.0009765625,10
19814,0.0009765625,10
19815,0.0009765625,10
19816,0.001953125,9
19817,0.0009765625,10
19818,0.0009765625,10
19819,0.0009765625,10
19820,0.0009765625,10
19821,0.001953125,9
19822,0.0009765625,10
19823,0.0009765625,10
19824,0.0009765625,10
19825,0.001953125,9
19826,0.0009765625,10
19827,0.0009765625,10
19828,0.0009765625,10
19829,0.001953125,9
19830,0.0009765625,10
19831,0.0009765625,10
19832,0.0009765625,10
19833,0.0009765625,10
19834,0.001953125,9
19835,0.0009765625,10
19836,0.0009765625,10
19837,0.0009765625,10
19838,0.001953125,9
19839,0.0009765625,10
19840,0.0009765625,10
19841,0.0009765625,10
19842,0.0009765625,10
19843,0.001953125,9
19844,0.0009765625,10
19845,0.0009765625,10
19846,0.0009765625,10
19847,0.001953125,9
19848,0.0009765625,10
19849,0.0009765625,10
19850,0.0009765625,10
19851,0.001953125,9
19852,0.0009765625,10
19853,0.0009765625,10
19854,0.0009765625,10
19855,0.0009765625,10
19856,0.001953125,9
19857,0.0009765625,10
19858,0.0009765625,10
19859,0.0009765625,10
19860,0.001953125,9
19861,0.0009765625,10
19862,0.0009765625,10
19863,0.0009765625,10
19864,0.001953125,9
19865,0.0009765625,10
19866,0.0009765625,10
19867,0.0009765625,10
19868,0.0009765625,10
19869,0.001953125,9
19870,0.0009765625,10
19871,0.0009765625,10
19872,0.0009765625,10
19873,0.001953125,9
19874,0.0009765625,10
19875,0.0009765625,10
19876,0.0009765625,10
19877,0.0009765625,10
19878,0.001953125,9
19879,0.0009765625,10
19880,0.0009765625,10
19881,0.0009765625,10
19882,0.001953125,9
19883,0.0009765625,10
19884,0.0009765625,10
19885,0.0009765625,10
19886,0.001953125,9
19887,0.0009765625,10
19888,0.0009765625,10
19889,0.0009765625,10
19890,0.0009765625,10
19891,0.001953125,9
19892,0.0009765625,10
19893,0.0009765625,10
19894,0.0009765625,10
19895,0.001953125,9
19896,0.0009765625,10
19897,0.0009765625,10
19898,0.0009765625,10
19899,0.001953125,9
19900,0.0009765625,10
19901,0.0009765625,10
19902,0.0009765625,10
19903,0.0009765625,10
19904,0.001953125,9
19905,0.0009765625,10
19906,0.0009765625,10
19907,0.0009765625,10
19908,0.001953125,9
19909,0.0009765625,10
19910,0.0009765625,10
19911,0.0009765625,10
19912,0.0009765625,10
19913,0.001953125,9
19914,0.0009765625,10
19915,0.0009765625,10
19916,0.0009765625,10
19917,0.001953125,9
19918,0.0009765625,10
19919,0.0009765625,10
19920,0.0009765625,10
19921,0.001953125,9
19922,0.0009765625,10
19923,0.0009765625,10
19924,0.0009765625,10
19925,0.0009765625,10
19926,0.001953125,9
19927,0.0009765625,10
19928,0.0009765625,10
19929,0.0009765625,10
19930,0.001953125,9
19931,0.0009765625,10
19932,0.0009765625,10
19933,0.0009765625,10
19934,0.001953125,9
19935,0.0009765625,10
19936,0.0009765625,10
19937,0.0009765625,10
19938,0.0009765625,10
19939,0.001953125,9
19940,0.0009765625,10
19941,0.0009765625,10
19942,0.0009765625,10
19943,0.001953125,9
19944,0.0009765625,10
19945,0.0009765625,10
19946,0.0009765625,10
19947,0.001953125,9
19948,0.0009765625,10
19949,0.0009765625,10
19950,0.0009765625,10
19951,0.0009765625,10
19952,0.001953125,9
19953,0.0009765625,10
19954,0.0009765625,10
19955,0.0009765625,10
19956,0.001953125,9
19957,0.0009765625,10
19958,0.0009765625,10
19959,0.0009765625,10
19960,0.0009765625,10
19961,0.001953125,9
19962,0.0009765625,10
19963,0.0009765625,10
19964,0.0009765625,10
19965,0.001953125,9
19966,0.0009765625,10
19967,0.0009765625,10
19968,0.0009765625,10
19969,0.001953125,9
19970,0.0009765625,10
19971,0.0009765625,10
19972,0.0009765625,10
19973,0.0009765625,10
19974,0.001953125,9
19975,0.0009765625,10
19976,0.0009765625,10
19977,0.0009765625,10
19978,0.001953125,9
19979,0.0009765625,10
19980,0.0009765625,10
19981,0.0009765625,10
19982,0.001953125,9
19983,0.0009765625,10
19984,0.0009765625,10
19985,0.0009765625,10
19986,0.0009765625,10
19987,0.001953125,9
19988,0.0009765625,10
19989,0.0009765625,10
19990,0.0009765625,10
19991,0.001953125,9
19992,0.0009765625,10
19993,0.0009765625,10
19994,0.0009765625,10
19995,0.0009765625,10
19996,0.001953125,9
19997,0.0009765625,10
19998,0.0009765625,10
19999,0.0009765625,10
20000,0.001953125,9
20001,0.0009765625,10
20002,0.0009765625,10
20003,0.0009765625,10
20004,0.001953125,9
20005,0.0009765625,10
20006,0.0009765625,10
20007,0.0009765625,10
20008,0.0009765625,10
20009,0.001953125,9
20010,0.0009765625,10
20011,0.0009765625,10
20012,0.0009765625,10
20013,0.001953125,9
20014,0.0009765625,10
20015,0.0009765625,10
20016,0.0009765625,10
20017,0.001953125,9
20018,0.0009765625,10
20019,0.0009765625,10
20020,0.0009765625,10
20021,0.0009765625,10
20022,0.001953125,9
20023,0.0009765625,10
20024,0.0009765625,10
20025,0.0009765625,10
20026,0.001953125,9
20027,0.0009765625,10
20028,0.0009765625,10
20029,0.0009765625,10
20030,0.001953125,9
20031,0.0009765625,10
20032,0.0009765625,10
20033,0.0009765625,10
20034,0.0009765625,10
20035,0.001953125,9
20036,0.0009765625,10
20037,0.0009765625,10
20038,0.0009765625,10
20039,0.001953125,9
20040,0.0009765625,10
20041,0.0009765625,10
20042,0.0009765625,10
20043,0.0009765625,10
20044,0.001953125,9
20045,0.0009765625,10
20046,0.0009765625,10
20047,0.0009765625,10
20048,0.001953125,9
20049,0.0009765625,10
20050,0.0009765625,10
20051,0.0009765625,10
20052,0.001953125,9
20053,0.0009765625,10
20054,0.0009765625,10
20055,0.0009765625,10
20056,0.0009765625,10
20057,0.001953125,9
20058,0.0009765625,10
20059,0.0009765625,10
20060,0.0009765625,10
20061,0.001953125,9
20062,0.0009765625,10
20063,0.0009765625,10
20064,0.0009765625,10
20065,0.001953125,9
20066,0.0009765625,10
20067,0.0009765625,10
20068,0.0009765625,10
20069,0.0009765625,10
20070,0.001953125,9
20071,0.0009765625,10
20072,0.0009765625,10
20073,0.0009765625,10
20074,0.001953125,9
20075,0.0009765625,10
20076,0.0009765625,10
20077,0.0009765625,10
20078,0.0009765625,10
20079,0.001953125,9
20080,0.0009765625,10
20081,0.0009765625,10
20082,0.0009765625,10
20083,0.001953125,9
20084,0.0009765625,10
20085,0.0009765625,10
20086,0.0009765625,10
20087,0.001953125,9
20088,0.0009765625,10
20089,0.0009765625,10
20090,0.0009765625,10
20091,0.0009765625,10
20092,0.001953125,9
20093,0.0009765625,10
20094,0.0009765625,10
20095,0.0009765625,10
20096,0.001953125,9
20097,0.0009765625,10
20098,0.0009765625,10
20099,0.0009765625,10
20100,0.001953125,9
20101,0.0009765625,10
20102,0.0009765625,10
20103,0.0009765625,10
20104,0.0009765625,10
20105,0.001953125,9
20106,0.0009765625,10
20107,0.0009765625,10
20108,0.0009765625,10
20109,0.001953125,9
20110,0.0009765625,10
20111,0.0009765625,10
20112,0.0009765625,10
20113,0.0009765625,10
20114,0.001953125,9
20115,0.0009765625,10
20116,0.0009765625,10
20117,0.0009765625,10
20118,0.001953125,9
20119,0.0009765625,10
20120,0.0009765625,10
20121,0.0009765625,10
20122,0.001953125,9
20123,0.0009765625,10
20124,0.0009765625,10
20125,0.0009765625,10
20126,0.0009765625,10
20127,0.001953125,9
20128,0.0009765625,10
20129,0.0009765625,10
20130,0.0009765625,10
20131,0.001953125,9
20132,0.0009765625,10
20133,0.0009765625,10
20134,0.0009765625,10
20135,0.001953125,9
20136,0.0009765625,10
20137,0.0009765625,10
20138,0.0009765625,10
20139,0.0009765625,10
20140,0.001953125,9
20141,0.0009765625,10
20142,0.0009765625,10
20143,0.0009765625,10
20144,0.001953125,9
20145,0.0009765625,10
20146,0.0009765625,10
20147,0.0009765625,10
20148,0.001953125,9
20149,0.0009765625,10
20150,0.0009765625,10
20151,0.0009765625,10
20152,0.0009765625,10
20153,0.001953125,9
20154,0.0009765625,10
20155,0.0009765625,10
20156,0.0009765625,10
20157,0.001953125,9
20158,0.0009765625,10
20159,0.0009765625,10
20160,0.0009765625,10
20161,0.0009765625,10
20162,0.001953125,9
20163,0.0009765625,10
20164,0.0009765625,10
20165,0.0009765625,10
20166,0.001953125,9
20167,0.0009765625,10
20168,0.0009765625,10
20169,0.0009765625,10
20170,0.001953125,9
20171,0.0009765625,10
20172,0.0009765625,10
20173,0.0009765625,10
20174,0.0009765625,10
20175,0.001953125,9
20176,0.0009765625,10
20177,0.0009765625,10
20178,0.0009765625,10
20179,0.001953125,9
20180,0.0009765625,10
20181,0.0009765625,10
20182,0.0009765625,10
20183,0.001953125,9
20184,0.0009765625,10
20185,0.0009765625,10
20186,0.0009765625,10
20187,0.0009765625,10
20188,0.001953125,9
20189,0.0009765625,10
20190,0.0009765625,10
20191,0.0009765625,10
20192,0.001953125,9
20193,0.0009765625,10
20194,0.0009765625,10
20195,0.0009765625,10
20196,0.0009765625,10
20197,0.001953125,9
20198,0.0009765625,10
20199,0.0009765625,10
20200,0.0009765625,10
20201,0.001953125,9
20202,0.0009765625,10
20203,0.0009765625,10
20204,0.0009765625,10
20205,0.001953125,9
20206,0.0009765625,10
20207,0.0009765625,10
20208,0.0009765625,10
20209,0.0009765625,10
20210,0.001953125,9
20211,0.0009765625,10
20212,0.0009765625,10
20213,0.0009765625,10
20214,0.001953125,9
20215,0.0009765625,10
20216,0.0009765625,10
20217,0.0009765625,10
20218,0.001953125,9
20219,0.0009765625,10
20220,0.0009765625,10
20221,0.0009765625,10
20222,0.0009765625,10
20223,0.001953125,9
20224,0.0009765625,10
20225,0.0009765625,10
20226,0.0009765625,10
20227,0.001953125,9
20228,0.0009765625,10
20229,0.0009765625,10
20230,0.0009765625,10
20231,0.001953125,9
20232,0.0009765625,10
20233,0.0009765625,10
20234,0.0009765625,10
20235,0.0009765625,10
20236,0.001953125,9
20237,0.0009765625,10
20238,0.0009765625,10
20239,0.0009765625,10
20240,0.001953125,9
20241,0.0009765625,10
20242,0.0009765625,10
20243,0.0009765625,10
20244,0.0009765625,10
20245,0.001953125,9
20246,0.0009765625,10
20247,0.0009765625,10
20248,0.0009765625,10
20249,0.001953125,9
20250,0.0009765625,10
20251,0.0009765625,10
20252,0.0009765625,10
20253,0.001953125,9
20254,0.0009765625,10
20255,0.0009765625,10
20256,0.0009765625,10
20257,0.0009765625,10
20258,0.001953125,9
20259,0.0009765625,10
20260,0.0009765625,10
20261,0.0009765625,10
20262,0.001953125,9
20263,0.0009765625,10
20264,0.0009765625,10
20265,0.0009765625,10
20266,0.001953125,9
20267,0.0009765625,10
20268,0.0009765625,10
20269,0.0009765625,10
20270,0.0009765625,10
20271,0.001953125,9
20272,0.0009765625,10
20273,0.0009765625,10
20274,0.0009765625,10
20275,0.001953125,9
20276,0.0009765625,10
20277,0.0009765625,10
20278,0.0009765625,10
20279,0.0009765625,10
20280,0.001953125,9
20281,0.0009765625,10
20282,0.0009765625,10
20283,0.0009765625,10
20284,0.001953125,9
20285,0.0009765625,10
20286,0.0009765625,10
20287,0.0009765625,10
20288,0.001953125,9
20289,0.0009765625,10
20290,0.0009765625,10
20291,0.0009765625,10
20292,0.0009765625,10
20293,0.001953125,9
20294,0.0009765625,10
20295,0.0009765625,10
20296,0.0009765625,10
20297,0.001953125,9
20298,0.0009765625,10
20299,0.0009765625,10
20300,0.0009765625,10
20301,0.001953125,9
20302,0.0009765625,10
20303,0.0009765625,10
20304,0.0009765625,10
20305,0.0009765625,10
20306,0.001953125,9
20307,0.0009765625,10
20308,0.0009765625,10
20309,0.0009765625,10
20310,0.001953125,9
20311,0.0009765625,10
20312,0.0009765625,10
20313,0.0009765625,10
20314,0.0009765625,10
20315,0.001953125,9
20316,0.0009765625,10
20317,0.0009765625,10
20318,0.0009765625,10
20319,0.001953125,9
20320,0.0009765625,10
20321,0.0009765625,10
20322,0.0009765625,10
20323,0.001953125,9
20324,0.0009765625,10
20325,0.0009765625,10
20326,0.0009765625,10
20327,0.0009765625,10
20328,0.001953125,9
20329,0.0009765625,10
20330,0.0009765625,10
20331,0.0009765625,10
20332,0.001953125,9
20333,0.0009765625,10
20334,0.0009765625,10
20335,0.0009765625,10
20336,0.001953125,9
20337,0.0009765625,10
20338,0.0009765625,10
20339,0.0009765625,10
20340,0.0009765625,10
20341,0.001953125,9
20342,0.0009765625,10
20343,0.0009765625,10
20344,0.0009765625,10
20345,0.001953125,9
20346,0.0009765625,10
20347,0.0009765625,10
20348,0.0009765625,10
20349,0.001953125,9
20350,0.0009765625,10
20351,0.0009765625,10
20352,0.0009765625,10
20353,0.0009765625,10
20354,0.001953125,9
20355,0.0009765625,10
20356,0.0009765625,10
20357,0.0009765625,10
20358,0.001953125,9
20359,0.0009765625,10
20360,0.0009765625,10
20361,0.0009765625,10
20362,0.0009765625,10
20363,0.001953125,9
20364,0.0009765625,10
20365,0.0009765625,10
20366,0.0009765625,10
20367,0.001953125,9
20368,0.0009765625,10
20369,0.0009765625,10
20370,0.0009765625,10
20371,0.001953125,9
20372,0.0009765625,10
20373,0.0009765625,10
20374,0.0009765625,10
20375,0.0009765625,10
20376,0.001953125,9
20377,0.0009765625,10
20378,0.0009765625,10
20379,0.0009765625,10
20380,0.001953125,9
20381,0.0009765625,10
20382,0.0009765625,10
20383,0.0009765625,10
20384,0.001953125,9
20385,0.0009765625,10
20386,0.0009765625,10
20387,0.0009765625,10
20388,0.0009765625,10
20389,0.001953125,9
20390,0.0009765625,10
20391,0.0009765625,10
20392,0.0009765625,10
20393,0.001953125,9
20394,0.0009765625,10
20395,0.0009765625,10
20396,0.0009765625,10
20397,0.0009765625,10
20398,0.001953125,9
20399,0.0009765625,10
20400,0.0009765625,10
20401,0.0009765625,10
20402,0.001953125,9
20403,0.0009765625,10
20404,0.0009765625,10
20405,0.0009765625,10
20406,0.001953125,9
20407,0.0009765625,10
20408,0.0009765625,10
20409,0.0009765625,10
20410,0.0009765625,10
20411,0.001953125,9
20412,0.0009765625,10
20413,0.0009765625,10
20414,0.0009765625,10
20415,0.001953125,9
20416,0.0009765625,10
20417,0.0009765625,10
20418,0.0009765625,10
20419,0.001953125,9
20420,0.0009765625,10
20421,0.0009765625,10
20422,0.0009765625,10
20423,0.0009765625,10
20424,0.001953125,9
20425,0.0009765625,10
20426,0.0009765625,10
20427,0.0009765625,10
20428,0.001953125,9
20429,0.0009765625,10
20430,0.0009765625,10
20431,0.0009765625,10
20432,0.001953125,9
20433,0.0009765625,10
20434,0.0009765625,10
20435,0.0009765625,10
20436,0.0009765625,10
20437,0.001953125,9
20438,0.0009765625,10
20439,0.0009765625,10
20440,0.0009765625,10
20441,0.001953125,9
20442,0.0009765625,10
20443,0.0009765625,10
20444,0.0009765625,10
20445,0.0009765625,10
20446,0.001953125,9
20447,0.0009765625,10
20448,0.0009765625,10
20449,0.0009765625,10
20450,0.001953125,9
20451,0.0009765625,10
20452,0.0009765625,10
20453,0.0009765625,10
20454,0.001953125,9
20455,0.0009765625,10
20456,0.0009765625,10
20457,0.0009765625,10
20458,0.0009765625,10
20459,0.001953125,9
20460,0.0009765625,10
20461,0.0009765625,10
20462,0.0009765625,10
20463,0.001953125,9
20464,0.0009765625,10
20465,0.0009765625,10
20466,0.0009765625,10
20467,0.001953125,9
20468,0.0009765625,10
20469,0.0009765625,10
20470,0.0009765625,10
20471,0.0009765625,10
20472,0.001953125,9
20473,0.0009765625,10
20474,0.0009765625,10
20475,0.0009765625,10
20476,0.001953125,9
20477,0.0009765625,10
20478,0.0009765625,10
20479,0.0009765625,10
20480,0.0009765625,10
20481,0.001953125,9
20482,0.0009765625,10
20483,0.0009765625,10
20484,0.0009765625,10
20485,0.001953125,9
20486,0.0009765625,10
20487,0.0009765625,10
20488,0.0009765625,10
20489,0.001953125,9
20490,0.0009765625,10
20491,0.0009765625,10
20492,0.0009765625,10
20493,0.0009765625,10
20494,0.001953125,9
20495,0.0009765625,10
20496,0.0009765625,10
20497,0.0009765625,10
20498,0.001953125,9
20499,0.0009765625,10
20500,0.0009765625,10
20501,0.0009765625,10
20502,0.001953125,9
20503,0.0009765625,10
20504,0.0009765625,10
20505,0.0009765625,10
20506,0.0009765625,10
20507,0.001953125,9
20508,0.0009765625,10
20509,0.0009765625,10
20510,0.0009765625,10
20511,0.001953125,9
20512,0.0009765625,10
20513,0.0009765625,10
20514,0.0009765625,10
20515,0.0009765625,10
20516,0.001953125,9
20517,0.0009765625,10
20518,0.0009765625,10
20519,0.0009765625,10
20520,0.001953125,9
20521,0.0009765625,10
20522,0.0009765625,10
20523,0.0009765625,10
20524,0.001953125,9
20525,0.0009765625,10
20526,0.0009765625,10
20527,0.0009765625,10
20528,0.0009765625,10
20529,0.001953125,9
20530,0.0009765625,10
20531,0.0009765625,10
20532,0.0009765625,10
20533,0.001953125,9
20534,0.0009765625,10
20535,0.0009765625,10
20536,0.0009765625,10
20537,0.001953125,9
20538,0.0009765625,10
20539,0.0009765625,10
20540,0.0009765625,10
20541,0.0009765625,10
20542,0.001953125,9
20543,0.0009765625,10
20544,0.0009765625,10
20545,0.0009765625,10
20546,0.001953125,9
20547,0.0009765625,10
20548,0.0009765625,10
20549,0.0009765625,10
20550,0.001953125,9
20551,0.0009765625,10
20552,0.0009765625,10
20553,0.0009765625,10
20554,0.0009765625,10
20555,0.001953125,9
20556,0.0009765625,10
20557,0.0009765625,10
20558,0.0009765625,10
20559,0.001953125,9
20560,0.0009765625,10
20561,0.0009765625,10
20562,0.0009765625,10
20563,0.0009765625,10
20564,0.001953125,9
20565,0.0009765625,10
20566,0.0009765625,10
20567,0.0009765625,10
20568,0.001953125,9
20569,0.0009765625,10
20570,0.0009765625,10
20571,0.0009765625,10
20572,0.001953125,9
20573,0.0009765625,10
20574,0.0009765625,10
20575,0.0009765625,10
20576,0.0009765625,10
20577,0.001953125,9
20578,0.0009765625,10
20579,0.0009765625,10
20580,0.0009765625,10
20581,0.001953125,9
20582,0.0009765625,10
20583,0.0009765625,10
20584,0.0009765625,10
20585,0.001953125,9
20586,0.0009765625,10
20587,0.0009765625,10
20588,0.0009765625,10
20589,0.0009765625,10
20590,0.001953125,9
20591,0.0009765625,10
20592,0.0009765625,10
20593,0.0009765625,10
20594,0.001953125,9
20595,0.0009765625,10
20596,0.0009765625,10
20597,0.0009765625,10
20598,0.0009765625,10
20599,0.001953125,9
20600,0.0009765625,10
20601,0.0009765625,10
20602,0.0009765625,10
20603,0.001953125,9
20604,0.0009765625,10
20605,0.0009765625,10
20606,0.0009765625,10
20607,0.001953125,9
20608,0.0009765625,10
20609,0.0009765625,10
20610,0.0009765625,10
20611,0.0009765625,10
20612,0.001953125,9
20613,0.0009765625,10
20614,0.0009765625,10
20615,0.0009765625,10
20616,0.001953125,9
20617,0.0009765625,10
20618,0.0009765625,10
20619,0.0009765625,10
20620,0.001953125,9
20621,0.0009765625,10
20622,0.0009765625,10
20623,0.0009765625,10
20624,0.0009765625,10
20625,0.001953125,9
20626,0.0009765625,10
20627,0.0009765625,10
20628,0.0009765625,10
20629,0.001953125,9
20630,0.0009765625,10
20631,0.0009765625,10
20632,0.0009765625,10
20633,0.001953125,9
20634,0.0009765625,10
20635,0.0009765625,10
20636,0.0009765625,10
20637,0.0009765625,10
20638,0.001953125,9
20639,0.0009765625,10
20640,0.0009765625,10
20641,0.0009765625,10
20642,0.001953125,9
20643,0.0009765625,10
20644,0.0009765625,10
20645,0.0009765625,10
20646,0.0009765625,10
20647,0.001953125,9
20648,0.0009765625,10
20649,0.0009765625,10
20650,0.0009765625,10
20651,0.001953125,9
20652,0.0009765625,10
20653,0.0009765625,10
20654,0.0009765625,10
20655,0.001953125,9
20656,0.0009765625,10
20657,0.0009765625,10
20658,0.0009765625,10
20659,0.0009765625,10
20660,0.001953125,9
20661,0.0009765625,10
20662,0.0009765625,10
20663,0.0009765625,10
20664,0.001953125,9
20665,0.0009765625,10
20666,0.0009765625,10
20667,0.0009765625,10
20668,0.001953125,9
20669,0.0009765625,10
20670,0.0009765625,10
20671,0.0009765625,10
20672,0.0009765625,10
20673,0.001953125,9
20674,0.0009765625,10
20675,0.0009765625,10
20676,0.0009765625,10
20677,0.001953125,9
20678,0.0009765625,10
20679,0.0009765625,10
20680,0.0009765625,10
20681,0.0009765625,10
20682,0.001953125,9
20683,0.0009765625,10
20684,0.0009765625,10
20685,0.0009765625,10
20686,0.001953125,9
20687,0.0009765625,10
20688,0.0009765625,10
20689,0.0009765625,10
20690,0.001953125,9
20691,0.0009765625,10
20692,0.0009765625,10
20693,0.0009765625,10
20694,0.0009765625,10
20695,0.001953125,9
20696,0.0009765625,10
20697,0.0009765625,10
20698,0.0009765625,10
20699,0.001953125,9
20700,0.0009765625,10
20701,0.0009765625,10
20702,0.0009765625,10
20703,0.001953125,9
20704,0.0009765625,10
20705,0.0009765625,10
20706,0.0009765625,10
20707,0.0009765625,10
20708,0.001953125,9
20709,0.0009765625,10
20710,0.0009765625,10
20711,0.0009765625,10
20712,0.001953125,9
20713,0.0009765625,10
20714,0.0009765625,10
20715,0.0009765625,10
20716,0.0009765625,10
20717,0.001953125,9
20718,0.0009765625,10
20719,0.0009765625,10
20720,0.0009765625,10
20721,0.001953125,9
20722,0.0009765625,10
20723,0.0009765625,10
20724,0.0009765625,10
20725,0.001953125,9
20726,0.0009765625,10
20727,0.0009765625,10
20728,0.0009765625,10
20729,0.0009765625,10
20730,0.001953125,9
20731,0.0009765625,10
20732,0.0009765625,10
20733,0.0009765625,10
20734,0.001953125,9
20735,0.0009765625,10
20736,0.0009765625,10
20737,0.0009765625,10
20738,0.001953125,9
20739,0.0009765625,10
20740,0.0009765625,10
20741,0.0009765625,10
20742,0.0009765625,10
20743,0.001953125,9
20744,0.0009765625,10
20745,0.0009765625,10
20746,0.0009765625,10
20747,0.001953125,9
20748,0.0009765625,10
20749,0.0009765625,10
20750,0.0009765625,10
20751,0.001953125,9
20752,0.0009765625,10
20753,0.0009765625,10
20754,0.0009765625,10
20755,0.0009765625,10
20756,0.001953125,9
20757,0.0009765625,10
20758,0.0009765625,10
20759,0.0009765625,10
20760,0.001953125,9
20761,0.0009765625,10
20762,0.0009765625,10
20763,0.0009765625,10
20764,0.0009765625,10
20765,0.001953125,9
20766,0.0009765625,10
20767,0.0009765625,10
20768,0.0009765625,10
20769,0.001953125,9
20770,0.0009765625,10
20771,0.0009765625,10
20772,0.0009765625,10
20773,0.001953125,9
20774,0.0009765625,10
20775,0.0009765625,10
20776,0.0009765625,10
20777,0.0009765625,10
20778,0.001953125,9
20779,0.0009765625,10
20780,0.0009765625,10
20781,0.0009765625,10
20782,0.001953125,9
20783,0.0009765625,10
20784,0.0009765625,10
20785,0.0009765625,10
20786,0.001953125,9
20787,0.0009765625,10
20788,0.0009765625,10
20789,0.0009765625,10
20790,0.0009765625,10
20791,0.001953125,9
20792,0.0009765625,10
20793,0.0009765625,10
20794,0.0009765625,10
20795,0.001953125,9
20796,0.0009765625,10
20797,0.0009765625,10
20798,0.0009765625,10
20799,0.0009765625,10
20800,0.001953125,9
20801,0.0009765625,10
20802,0.0009765625,10
20803,0.0009765625,10
20804,0.001953125,9
20805,0.0009765625,10
20806,0.0009765625,10
20807,0.0009765625,10
20808,0.001953125,9
20809,0.0009765625,10
20810,0.0009765625,10
20811,0.0009765625,10
20812,0.0009765625,10
20813,0.001953125,9
20814,0.0009765625,10
20815,0.0009765625,10
20816,0.0009765625,10
20817,0.001953125,9
20818,0.0009765625,10
20819,0.0009765625,10
20820,0.0009765625,10
20821,0.001953125,9
20822,0.0009765625,10
20823,0.0009765625,10
20824,0.0009765625,10
20825,0.0009765625,10
20826,0.001953125,9
20827,0.0009765625,10
20828,0.0009765625,10
20829,0.0009765625,10
20830,0.001953125,9
20831,0.0009765625,10
20832,0.0009765625,10
20833,0.0009765625,10
20834,0.001953125,9
20835,0.0009765625,10
20836,0.0009765625,10
20837,0.0009765625,10
20838,0.0009765625,10
20839,0.001953125,9
20840,0.0009765625,10
20841,0.0009765625,10
20842,0.0009765625,10
20843,0.001953125,9
20844,0.0009765625,10
20845,0.0009765625,10
20846,0.0009765625,10
20847,0.0009765625,10
20848,0.001953125,9
20849,0.0009765625,10
20850,0.0009765625,10
20851,0.0009765625,10
20852,0.001953125,9
20853,0.0009765625,10
20854,0.0009765625,10
20855,0.0009765625,10
20856,0.001953125,9
20857,0.0009765625,10
20858,0.0009765625,10
20859,0.0009765625,10
20860,0.0009765625,10
20861,0.001953125,9
20862,0.0009765625,10
20863,0.0009765625,10
20864,0.0009765625,10
20865,0.001953125,9
20866,0.0009765625,10
20867,0.0009765625,10
20868,0.0009765625,10
20869,0.001953125,9
20870,0.0009765625,10
20871,0.0009765625,10
20872,0.0009765625,10
20873,0.0009765625,10
20874,0.001953125,9
20875,0.0009765625,10
20876,0.0009765625,10
20877,0.0009765625,10
20878,0.001953125,9
20879,0.0009765625,10
20880,0.0009765625,10
20881,0.0009765625,10
20882,0.0009765625,10
20883,0.001953125,9
20884,0.0009765625,10
20885,0.0009765625,10
20886,0.0009765625,10
20887,0.001953125,9
20888,0.0009765625,10
20889,0.0009765625,10
20890,0.0009765625,10
20891,0.001953125,9
20892,0.0009765625,10
20893,0.0009765625,10
20894,0.0009765625,10
20895,0.0009765625,10
20896,0.001953125,9
20897,0.0009765625,10
20898,0.0009765625,10
20899,0.0009765625,10
20900,0.001953125,9
20901,0.0009765625,10
20902,0.0009765625,10
20903,0.0009765625,10
20904,0.001953125,9
20905,0.0009765625,10
20906,0.0009765625,10
20907,0.0009765625,10
20908,0.0009765625,10
20909,0.001953125,9
20910,0.0009765625,10
20911,0.0009765625,10
20912,0.0009765625,10
20913,0.001953125,9
20914,0.0009765625,10
20915,0.0009765625,10
20916,0.0009765625,10
20917,0.001953125,9
20918,0.0009765625,10
20919,0.0009765625,10
20920,0.0009765625,10
20921,0.0009765625,10
20922,0.001953125,9
20923,0.0009765625,10
20924,0.0009765625,10
20925,0.0009765625,10
20926,0.001953125,9
20927,0.0009765625,10
20928,0.0009765625,10
20929,0.0009765625,10
20930,0.0009765625,10
20931,0.001953125,9
20932,0.0009765625,10
20933,0.0009765625,10
20934,0.0009765625,10
20935,0.001953125,9
20936,0.0009765625,10
20937,0.0009765625,10
20938,0.0009765625,10
20939,0.001953125,9
20940,0.0009765625,10
20941,0.0009765625,10
20942,0.0009765625,10
20943,0.0009765625,10
20944,0.001953125,9
20945,0.0009765625,10
20946,0.0009765625,10
20947,0.0009765625,10
20948,0.001953125,9
20949,0.0009765625,10
20950,0.0009765625,10
20951,0.0009765625,10
20952,0.001953125,9
20953,0.0009765625,10
20954,0.0009765625,10
20955,0.0009765625,10
20956,0.0009765625,10
20957,0.001953125,9
20958,0.0009765625,10
20959,0.0009765625,10
20960,0.0009765625,10
20961,0.001953125,9
20962,0.0009765625,10
20963,0.0009765625,10
20964,0.0009765625,10
20965,0.0009765625,10
20966,0.001953125,9
20967,0.0009765625,10
20968,0.0009765625,10
20969,0.0009765625,10
20970,0.001953125,9
20971,0.0009765625,10
20972,0.0009765625,10
20973,0.0009765625,10
20974,0.001953125,9
20975,0.0009765625,10
20976,0.0009765625,10
20977,0.0009765625,10
20978,0.0009765625,10
20979,0.001953125,9
20980,0.0009765625,10
20981,0.0009765625,10
20982,0.0009765625,10
20983,0.001953125,9
20984,0.0009765625,10
20985,0.0009765625,10
20986,0.0009765625,10
20987,0.001953125,9
20988,0.0009765625,10
20989,0.0009765625,10
20990,0.0009765625,10
20991,0.0009765625,10
20992,0.001953125,9
20993,0.0009765625,10
20994,0.0009765625,10
20995,0.0009765625,10
20996,0.001953125,9
20997,0.0009765625,10
20998,0.0009765625,10
20999,0.0009765625,10
21000,0.0009765625,10
21001,0.001953125,9
21002,0.0009765625,10
21003,0.0009765625,10
21004,0.0009765625,10
21005,0.001953125,9
21006,0.0009765625,10
21007,0.0009765625,10
21008,0.0009765625,10
21009,0.001953125,9
21010,0.0009765625,10
21011,0.0009765625,10
21012,0.0009765625,10
21013,0.0009765625,10
21014,0.001953125,9
21015,0.0009765625,10
21016,0.0009765625,10
21017,0.0009765625,10
21018,0.001953125,9
21019,0.0009765625,10
21020,0.0009765625,10
21021,0.0009765625,10
21022,0.001953125,9
21023,0.0009765625,10
21024,0.0009765625,10
21025,0.0009765625,10
21026,0.0009765625,10
21027,0.001953125,9
21028,0.0009765625,10
21029,0.0009765625,10
21030,0.0009765625,10
21031,0.001953125,9
21032,0.0009765625,10
21033,0.0009765625,10
21034,0.0009765625,10
21035,0.001953125,9
21036,0.0009765625,10
21037,0.0009765625,10
21038,0.0009765625,10
21039,0.0009765625,10
21040,0.001953125,9
21041,0.0009765625,10
21042,0.0009765625,10
21043,0.0009765625,10
21044,0.001953125,9
21045,0.0009765625,10
21046,0.0009765625,10
21047,0.0009765625,10
21048,0.0009765625,10
21049,0.001953125,9
21050,0.0009765625,10
21051,0.0009765625,10
21052,0.0009765625,10
21053,0.001953125,9
21054,0.0009765625,10
21055,0.0009765625,10
21056,0.0009765625,10
21057,0.001953125,9
21058,0.0009765625,10
21059,0.0009765625,10
21060,0.0009765625,10
21061,0.0009765625,10
21062,0.001953125,9
21063,0.0009765625,10
21064,0.0009765625,10
21065,0.0009765625,10
21066,0.001953125,9
21067,0.0009765625,10
21068,0.0009765625,10
21069,0.0009765625,10
21070,0.001953125,9
21071,0.0009765625,10
21072,0.0009765625,10
21073,0.0009765625,10
21074,0.0009765625,10
21075,0.001953125,9
21076,0.0009765625,10
21077,0.0009765625,10
21078,0.0009765625,10
21079,0.001953125,9
21080,0.0009765625,10
21081,0.0009765625,10
21082,0.0009765625,10
21083,0.0009765625,10
21084,0.001953125,9
21085,0.0009765625,10
21086,0.0009765625,10
21087,0.0009765625,10
21088,0.001953125,9
21089,0.0009765625,10
21090,0.0009765625,10
21091,0.0009765625,10
21092,0.001953125,9
21093,0.0009765625,10
21094,0.0009765625,10
21095,0.0009765625,10
21096,0.0009765625,10
21097,0.001953125,9
21098,0.0009765625,10
21099,0.0009765625,10
21100,0.0009765625,10
21101,0.001953125,9
21102,0.0009765625,10
21103,0.0009765625,10
21104,0.0009765625,10
21105,0.001953125,9
21106,0.0009765625,10
21107,0.0009765625,10
21108,0.0009765625,10
21109,0.0009765625,10
21110,0.001953125,9
21111,0.0009765625,10
21112,0.0009765625,10
21113,0.0009765625,10
21114,0.001953125,9
21115,0.0009765625,10
21116,0.0009765625,10
21117,0.0009765625,10
21118,0.001953125,9
21119,0.0009765625,10
21120,0.0009765625,10
21121,0.0009765625,10
21122,0.0009765625,10
21123,0.001953125,9
21124,0.0009765625,10
21125,0.0009765625,10
21126,0.0009765625,10
21127,0.001953125,9
21128,0.0009765625,10
21129,0.0009765625,10
21130,0.0009765625,10
21131,0.0009765625,10
21132,0.001953125,9
21133,0.0009765625,10
21134,0.0009765625,10
21135,0.0009765625,10
21136,0.001953125,9
21137,0.0009765625,10
21138,0.0009765625,10
21139,0.0009765625,10
21140,0.001953125,9
21141,0.0009765625,10
21142,0.0009765625,10
21143,0.0009765625,10
21144,0.0009765625,10
21145,0.001953125,9
21146,0.0009765625,10
21147,0.0009765625,10
21148,0.0009765625,10
21149,0.001953125,9
21150,0.0009765625,10
21151,0.0009765625,10
21152,0.0009765625,10
21153,0.001953125,9
21154,0.0009765625,10
21155,0.0009765625,10
21156,0.0009765625,10
21157,0.0009765625,10
21158,0.001953125,9
21159,0.0009765625,10
21160,0.0009765625,10
21161,0.0009765625,10
21162,0.001953125,9
21163,0.0009765625,10
21164,0.0009765625,10
21165,0.0009765625,10
21166,0.0009765625,10
21167,0.001953125,9
21168,0.0009765625,10
21169,0.0009765625,10
21170,0.0009765625,10
21171,0.001953125,9
21172,0.0009765625,10
21173,0.0009765625,10
21174,0.0009765625,10
21175,0.001953125,9
21176,0.0009765625,10
21177,0.0009765625,10
21178,0.0009765625,10
21179,0.0009765625,10
21180,0.001953125,9
21181,0.0009765625,10
21182,0.0009765625,10
21183,0.0009765625,10
21184,0.001953125,9
21185,0.0009765625,10
21186,0.0009765625,10
21187,0.0009765625,10
21188,0.001953125,9
21189,0.0009765625,10
21190,0.0009765625,10
21191,0.0009765625,10
21192,0.0009765625,10
21193,0.001953125,9
21194,0.0009765625,10
21195,0.0009765625,10
21196,0.0009765625,10
21197,0.001953125,9
21198,0.0009765625,10
21199,0.0009765625,10
21200,0.0009765625,10
21201,0.001953125,9
21202,0.0009765625,10
21203,0.0009765625,10
21204,0.0009765625,10
21205,0.0009765625,10
21206,0.001953125,9
21207,0.0009765625,10
21208,0.0009765625,10
21209,0.0009765625,10
21210,0.001953125,9
21211,0.0009765625,10
21212,0.0009765625,10
21213,0.0009765625,10
21214,0.0009765625,10
21215,0.001953125,9
21216,0.0009765625,10
21217,0.0009765625,10
21218,0.0009765625,10
21219,0.001953125,9
21220,0.0009765625,10
21221,0.0009765625,10
21222,0.0009765625,10
21223,0.001953125,9
21224,0.0009765625,10
21225,0.0009765625,10
21226,0.0009765625,10
21227,0.0009765625,10
21228,0.001953125,9
21229,0.0009765625,10
21230,0.0009765625,10
21231,0.0009765625,10
21232,0.001953125,9
21233,0.0009765625,10
21234,0.0009765625,10
21235,0.0009765625,10
21236,0.001953125,9
21237,0.0009765625,10
21238,0.0009765625,10
21239,0.0009765625,10
21240,0.0009765625,10
21241,0.001953125,9
21242,0.0009765625,10
21243,0.0009765625,10
21244,0.0009765625,10
21245,0.001953125,9
21246,0.0009765625,10
21247,0.0009765625,10
21248,0.0009765625,10
21249,0.0009765625,10
21250,0.001953125,9
21251,0.0009765625,10
21252,0.0009765625,10
21253,0.0009765625,10
21254,0.001953125,9
21255,0.0009765625,10
21256,0.0009765625,10
21257,0.0009765625,10
21258,0.001953125,9
21259,0.0009765625,10
21260,0.0009765625,10
21261,0.0009765625,10
21262,0.0009765625,10
21263,0.001953125,9
21264,0.0009765625,10
21265,0.0009765625,10
21266,0.0009765625,10
21267,0.001953125,9
21268,0.0009765625,10
21269,0.0009765625,10
21270,0.0009765625,10
21271,0.001953125,9
21272,0.0009765625,10
21273,0.0009765625,10
21274,0.0009765625,10
21275,0.0009765625,10
21276,0.001953125,9
21277,0.0009765625,10
21278,0.0009765625,10
21279,0.0009765625,10
21280,0.001953125,9
21281,0.0009765625,10
21282,0.0009765625,10
21283,0.0009765625,10
21284,0.001953125,9
21285,0.0009765625,10
21286,0.0009765625,10
21287,0.0009765625,10
21288,0.0009765625,10
21289,0.001953125,9
21290,0.0009765625,10
21291,0.0009765625,10
21292,0.0009765625,10
21293,0.001953125,9
21294,0.0009765625,10
21295,0.0009765625,10
21296,0.0009765625,10
21297,0.0009765625,10
21298,0.001953125,9
21299,0.0009765625,10
21300,0.0009765625,10
21301,0.0009765625,10
21302,0.001953125,9
21303,0.0009765625,10
21304,0.0009765625,10
21305,0.0009765625,10
21306,0.001953125,9
21307,0.0009765625,10
21308,0.0009765625,10
21309,0.0009765625,10
21310,0.0009765625,10
21311,0.001953125,9
21312,0.0009765625,10
21313,0.0009765625,10
21314,0.0009765625,10
21315,0.001953125,9
21316,0.0009765625,10
21317,0.0009765625,10
21318,0.0009765625,10
21319,0.001953125,9
21320,0.0009765625,10
21321,0.0009765625,10
21322,0.0009765625,10
21323,0.0009765625,10
21324,0.001953125,9
21325,0.0009765625,10
21326,0.0009765625,10
21327,0.0009765625,10
21328,0.001953125,9
21329,0.0009765625,10
21330,0.0009765625,10
21331,0.0009765625,10
21332,0.0009765625,10
21333,0.001953125,9
21334,0.0009765625,10
21335,0.0009765625,10
21336,0.0009765625,10
21337,0.001953125,9
21338,0.0009765625,10
21339,0.0009765625,10
21340,0.0009765625,10
21341,0.001953125,9
21342,0.0009765625,10
21343,0.0009765625,10
21344,0.0009765625,10
21345,0.0009765625,10
21346,0.001953125,9
21347,0.0009765625,10
21348,0.0009765625,10
21349,0.0009765625,10
21350,0.001953125,9
21351,0.0009765625,10
21352,0.0009765625,10
21353,0.0009765625,10
21354,0.001953125,9
21355,0.0009765625,10
21356,0.0009765625,10
21357,0.0009765625,10
21358,0.0009765625,10
21359,0.001953125,9
21360,0.0009765625,10
21361,0.0009765625,10
21362,0.0009765625,10
21363,0.001953125,9
21364,0.0009765625,10
21365,0.0009765625,10
21366,0.0009765625,10
21367,0.0009765625,10
21368,0.001953125,9
21369,0.0009765625,10
21370,0.0009765625,10
21371,0.0009765625,10
21372,0.001953125,9
21373,0.0009765625,10
21374,0.0009765625,10
21375,0.0009765625,10
21376,0.001953125,9
21377,0.0009765625,10
21378,0.0009765625,10
21379,0.0009765625,10
21380,0.0009765625,10
21381,0.001953125,9
21382,0.0009765625,10
21383,0.0009765625,10
21384,0.0009765625,10
21385,0.001953125,9
21386,0.0009765625,10
21387,0.0009765625,10
21388,0.0009765625,10
21389,0.001953125,9
21390,0.0009765625,10
21391,0.0009765625,10
21392,0.0009765625,10
21393,0.0009765625,10
21394,0.001953125,9
21395,0.0009765625,10
21396,0.0009765625,10
21397,0.0009765625,10
21398,0.001953125,9
21399,0.0009765625,10
21400,0.0009765625,10
21401,0.0009765625,10
21402,0.001953125,9
21403,0.0009765625,10
21404,0.0009765625,10
21405,0.0009765625,10
21406,0.0009765625,10
21407,0.001953125,9
21408,0.0009765625,10
21409,0.0009765625,10
21410,0.0009765625,10
21411,0.001953125,9
21412,0.0009765625,10
21413,0.0009765625,10
21414,0.0009765625,10
21415,0.0009765625,10
21416,0.001953125,9
21417,0.0009765625,10
21418,0.0009765625,10
21419,0.0009765625,10
21420,0.001953125,9
21421,0.0009765625,10
21422,0.0009765625,10
21423,0.0009765625,10
21424,0.001953125,9
21425,0.0009765625,10
21426,0.0009765625,10
21427,0.0009765625,10
21428,0.0009765625,10
21429,0.001953125,9
21430,0.0009765625,10
21431,0.0009765625,10
21432,0.0009765625,10
21433,0.001953125,9
21434,0.0009765625,10
21435,0.0009765625,10
21436,0.0009765625,10
21437,0.001953125,9
21438,0.0009765625,10
21439,0.0009765625,10
21440,0.0009765625,10
21441,0.0009765625,10
21442,0.001953125,9
21443,0.0009765625,10
21444,0.0009765625,10
21445,0.0009765625,10
21446,0.001953125,9
21447,0.0009765625,10
21448,0.0009765625,10
21449,0.0009765625,10
21450,0.0009765625,10
21451,0.001953125,9
21452,0.0009765625,10
21453,0.0009765625,10
21454,0.0009765625,10
21455,0.001953125,9
21456,0.0009765625,10
21457,0.0009765625,10
21458,0.0009765625,10
21459,0.001953125,9
21460,0.0009765625,10
21461,0.0009765625,10
21462,0.0009765625,10
21463,0.0009765625,10
21464,0.001953125,9
21465,0.0009765625,10
21466,0.0009765625,10
21467,0.0009765625,10
21468,0.001953125,9
21469,0.0009765625,10
21470,0.0009765625,10
21471,0.0009765625,10
21472,0.001953125,9
21473,0.0009765625,10
21474,0.0009765625,10
21475,0.0009765625,10
21476,0.0009765625,10
21477,0.001953125,9
21478,0.0009765625,10
21479,0.0009765625,10
21480,0.0009765625,10
21481,0.001953125,9
21482,0.0009765625,10
21483,0.0009765625,10
21484,0.0009765625,10
21485,0.001953125,9
21486,0.0009765625,10
21487,0.0009765625,10
21488,0.0009765625,10
21489,0.0009765625,10
21490,0.001953125,9
21491,0.0009765625,10
21492,0.0009765625,10
21493,0.0009765625,10
21494,0.001953125,9
21495,0.0009765625,10
21496,0.0009765625,10
21497,0.0009765625,10
21498,0.0009765625,10
21499,0.001953125,9
21500,0.0009765625,10
21501,0.0009765625,10
21502,0.0009765625,10
21503,0.001953125,9
21504,0.0009765625,10
21505,0.0009765625,10
21506,0.0009765625,10
21507,0.001953125,9
21508,0.0009765625,10
21509,0.0009765625,10
21510,0.0009765625,10
21511,0.0009765625,10
21512,0.001953125,9
21513,0.0009765625,10
21514,0.0009765625,10
21515,0.0009765625,10
21516,0.001953125,9
21517,0.0009765625,10
21518,0.0009765625,10
21519,0.0009765625,10
21520,0.001953125,9
21521,0.0009765625,10
21522,0.0009765625,10
21523,0.0009765625,10
21524,0.0009765625,10
21525,0.001953125,9
21526,0.0009765625,10
21527,0.0009765625,10
21528,0.0009765625,10
21529,0.001953125,9
21530,0.0009765625,10
21531,0.0009765625,10
21532,0.0009765625,10
21533,0.0009765625,10
21534,0.001953125,9
21535,0.0009765625,10
21536,0.0009765625,10
21537,0.0009765625,10
21538,0.001953125,9
21539,0.0009765625,10
21540,0.0009765625,10
21541,0.0009765625,10
21542,0.001953125,9
21543,0.0009765625,10
21544,0.0009765625,10
21545,0.0009765625,10
21546,0.0009765625,10
21547,0.001953125,9
21548,0.0009765625,10
21549,0.0009765625,10
21550,0.0009765625,10
21551,0.001953125,9
21552,0.0009765625,10
21553,0.0009765625,10
21554,0.0009765625,10
21555,0.001953125,9
21556,0.0009765625,10
21557,0.0009765625,10
21558,0.0009765625,10
21559,0.0009765625,10
21560,0.001953125,9
21561,0.0009765625,10
21562,0.0009765625,10
21563,0.0009765625,10
21564,0.001953125,9
21565,0.0009765625,10
21566,0.0009765625,10
21567,0.0009765625,10
21568,0.001953125,9
21569,0.0009765625,10
21570,0.0009765625,10
21571,0.0009765625,10
21572,0.0009765625,10
21573,0.001953125,9
21574,0.0009765625,10
21575,0.0009765625,10
21576,0.0009765625,10
21577,0.001953125,9
21578,0.0009765625,10
21579,0.0009765625,10
21580,0.0009765625,10
21581,0.0009765625,10
21582,0.001953125,9
21583,0.0009765625,10
21584,0.0009765625,10
21585,0.0009765625,10
21586,0.001953125,9
21587,0.0009765625,10
21588,0.0009765625,10
21589,0.0009765625,10
21590,0.001953125,9
21591,0.0009765625,10
21592,0.0009765625,10
21593,0.0009765625,10
21594,0.0009765625,10
21595,0.001953125,9
21596,0.0009765625,10
21597,0.0009765625,10
21598,0.0009765625,10
21599,0.001953125,9
21600,0.0009765625,10
21601,0.0009765625,10
21602,0.0009765625,10
21603,0.001953125,9
21604,0.0009765625,10
21605,0.0009765625,10
21606,0.0009765625,10
21607,0.0009765625,10
21608,0.001953125,9
21609,0.0009765625,10
21610,0.0009765625,10
21611,0.0009765625,10
21612,0.001953125,9
21613,0.0009765625,10
21614,0.0009765625,10
21615,0.0009765625,10
21616,0.0009765625,10
21617,0.001953125,9
21618,0.0009765625,10
21619,0.0009765625,10
21620,0.0009765625,10
21621,0.001953125,9
21622,0.0009765625,10
21623,0.0009765625,10
21624,0.0009765625,10
21625,0.001953125,9
21626,0.0009765625,10
21627,0.0009765625,10
21628,0.0009765625,10
21629,0.0009765625,10
21630,0.001953125,9
21631,0.0009765625,10
21632,0.0009765625,10
21633,0.0009765625,10
21634,0.001953125,9
21635,0.0009765625,10
21636,0.0009765625,10
21637,0.0009765625,10
21638,0.001953125,9
21639,0.0009765625,10
21640,0.0009765625,10
21641,0.0009765625,10
21642,0.0009765625,10
21643,0.001953125,9
21644,0.0009765625,10
21645,0.0009765625,10
21646,0.0009765625,10
21647,0.001953125,9
21648,0.0009765625,10
21649,0.0009765625,10
21650,0.0009765625,10
21651,0.001953125,9
21652,0.0009765625,10
21653,0.0009765625,10
21654,0.0009765625,10
21655,0.0009765625,10
21656,0.001953125,9
21657,0.0009765625,10
21658,0.0009765625,10
21659,0.0009765625,10
21660,0.001953125,9
21661,0.0009765625,10
21662,0.0009765625,10
21663,0.0009765625,10
21664,0.0009765625,10
21665,0.001953125,9
21666,0.0009765625,10
21667,0.0009765625,10
21668,0.0009765625,10
21669,0.001953125,9
21670,0.0009765625,10
21671,0.0009765625,10
21672,0.0009765625,10
21673,0.001953125,9
21674,0.0009765625,10
21675,0.0009765625,10
21676,0.0009765625,10
21677,0.0009765625,10
21678,0.001953125,9
21679,0.0009765625,10
21680,0.0009765625,10
21681,0.0009765625,10
21682,0.001953125,9
21683,0.0009765625,10
21684,0.0009765625,10
21685,0.0009765625,10
21686,0.001953125,9
21687,0.0009765625,10
21688,0.0009765625,10
21689,0.0009765625,10
21690,0.0009765625,10
21691,0.001953125,9
21692,0.0009765625,10
21693,0.0009765625,10
21694,0.0009765625,10
21695,0.001953125,9
21696,0.0009765625,10
21697,0.0009765625,10
21698,0.0009765625,10
21699,0.0009765625,10
21700,0.001953125,9
21701,0.0009765625,10
21702,0.0009765625,10
21703,0.0009765625,10
21704,0.001953125,9
21705,0.0009765625,10
21706,0.0009765625,10
21707,0.0009765625,10
21708,0.001953125,9
21709,0.0009765625,10
21710,0.0009765625,10
21711,0.0009765625,10
21712,0.0009765625,10
21713,0.001953125,9
21714,0.0009765625,10
21715,0.0009765625,10
21716,0.0009765625,10
21717,0.001953125,9
21718,0.0009765625,10
21719,0.0009765625,10
21720,0.0009765625,10
21721,0.001953125,9
21722,0.0009765625,10
21723,0.0009765625,10
21724,0.0009765625,10
21725,0.0009765625,10
21726,0.001953125,9
21727,0.0009765625,10
21728,0.0009765625,10
21729,0.0009765625,10
21730,0.001953125,9
21731,0.0009765625,10
21732,0.0009765625,10
21733,0.0009765625,10
21734,0.001953125,9
21735,0.0009765625,10
21736,0.0009765625,10
21737,0.0009765625,10
21738,0.0009765625,10
21739,0.001953125,9
21740,0.0009765625,10
21741,0.0009765625,10
21742,0.0009765625,10
21743,0.001953125,9
21744,0.0009765625,10
21745,0.0009765625,10
21746,0.0009765625,10
21747,0.0009765625,10
21748,0.001953125,9
21749,0.0009765625,10
21750,0.0009765625,10
21751,0.0009765625,10
21752,0.001953125,9
21753,0.0009765625,10
21754,0.0009765625,10
21755,0.0009765625,10
21756,0.001953125,9
21757,0.0009765625,10
21758,0.0009765625,10
21759,0.0009765625,10
21760,0.0009765625,10
21761,0.001953125,9
21762,0.0009765625,10
21763,0.0009765625,10
21764,0.0009765625,10
21765,0.001953125,9
21766,0.0009765625,10
21767,0.0009765625,10
21768,0.0009765625,10
21769,0.001953125,9
21770,0.0009765625,10
21771,0.0009765625,10
21772,0.0009765625,10
21773,0.0009765625,10
21774,0.001953125,9
21775,0.0009765625,10
21776,0.0009765625,10
21777,0.0009765625,10
21778,0.001953125,9
21779,0.0009765625,10
21780,0.0009765625,10
21781,0.0009765625,10
21782,0.0009765625,10
21783,0.001953125,9
21784,0.0009765625,10
21785,0.0009765625,10
21786,0.0009765625,10
21787,0.001953125,9
21788,0.0009765625,10
21789,0.0009765625,10
21790,0.0009765625,10
21791,0.001953125,9
21792,0.0009765625,10
21793,0.0009765625,10
21794,0.0009765625,10
21795,0.0009765625,10
21796,0.001953125,9
21797,0.0009765625,10
21798,0.0009765625,10
21799,0.0009765625,10
21800,0.001953125,9
21801,0.0009765625,10
21802,0.0009765625,10
21803,0.0009765625,10
21804,0.001953125,9
21805,0.0009765625,10
21806,0.0009765625,10
21807,0.0009765625,10
21808,0.0009765625,10
21809,0.001953125,9
21810,0.0009765625,10
21811,0.0009765625,10
21812,0.0009765625,10
21813,0.001953125,9
21814,0.0009765625,10
21815,0.0009765625,10
21816,0.0009765625,10
21817,0.0009765625,10
21818,0.001953125,9
21819,0.0009765625,10
21820,0.0009765625,10
21821,0.0009765625,10
21822,0.001953125,9
21823,0.0009765625,10
21824,0.0009765625,10
21825,0.0009765625,10
21826,0.001953125,9
21827,0.0009765625,10
21828,0.0009765625,10
21829,0.0009765625,10
21830,0.0009765625,10
21831,0.001953125,9
21832,0.0009765625,10
21833,0.0009765625,10
21834,0.0009765625,10
21835,0.001953125,9
21836,0.0009765625,10
21837,0.0009765625,10
21838,0.0009765625,10
21839,0.001953125,9
21840,0.0009765625,10
21841,0.0009765625,10
21842,0.0009765625,10
21843,0.0009765625,10
21844,0.001953125,9
21845,0.0009765625,10
21846,0.0009765625,10
21847,0.0009765625,10
21848,0.001953125,9
21849,0.0009765625,10
21850,0.0009765625,10
21851,0.0009765625,10
21852,0.001953125,9
21853,0.0009765625,10
21854,0.0009765625,10
21855,0.0009765625,10
21856,0.0009765625,10
21857,0.001953125,9
21858,0.0009765625,10
21859,0.0009765625,10
21860,0.0009765625,10
21861,0.001953125,9
21862,0.0009765625,10
21863,0.0009765625,10
21864,0.0009765625,10
21865,0.0009765625,10
21866,0.001953125,9
21867,0.0009765625,10
21868,0.0009765625,10
21869,0.0009765625,10
21870,0.001953125,9
21871,0.0009765625,10
21872,0.0009765625,10
21873,0.0009765625,10
21874,0.001953125,9
21875,0.0009765625,10
21876,0.0009765625,10
21877,0.0009765625,10
21878,0.0009765625,10
21879,0.001953125,9
21880,0.0009765625,10
21881,0.0009765625,10
21882,0.0009765625,10
21883,0.001953125,9
21884,0.0009765625,10
21885,0.0009765625,10
21886,0.0009765625,10
21887,0.001953125,9
21888,0.0009765625,10
21889,0.0009765625,10
21890,0.0009765625,10
21891,0.0009765625,10
21892,0.001953125,9
21893,0.0009765625,10
21894,0.0009765625,10
21895,0.0009765625,10
21896,0.001953125,9
21897,0.0009765625,10
21898,0.0009765625,10
21899,0.0009765625,10
21900,0.0009765625,10
21901,0.001953125,9
21902,0.0009765625,10
21903,0.0009765625,10
21904,0.0009765625,10
21905,0.001953125,9
21906,0.0009765625,10
21907,0.0009765625,10
21908,0.0009765625,10
21909,0.001953125,9
21910,0.0009765625,10
21911,0.0009765625,10
21912,0.0009765625,10
21913,0.0009765625,10
21914,0.001953125,9
21915,0.0009765625,10
21916,0.0009765625,10
21917,0.0009765625,10
21918,0.001953125,9
21919,0.0009765625,10
21920,0.0009765625,10
21921,0.0009765625,10
21922,0.001953125,9
21923,0.0009765625,10
21924,0.0009765625,10
21925,0.0009765625,10
21926,0.0009765625,10
21927,0.001953125,9
21928,0.0009765625,10
21929,0.0009765625,10
21930,0.0009765625,10
21931,0.001953125,9
21932,0.0009765625,10
21933,0.0009765625,10
21934,0.0009765625,10
21935,0.001953125,9
21936,0.0009765625,10
21937,0.0009765625,10
21938,0.0009765625,10
21939,0.0009765625,10
21940,0.001953125,9
21941,0.0009765625,10
21942,0.0009765625,10
21943,0.0009765625,10
21944,0.001953125,9
21945,0.0009765625,10
21946,0.0009765625,10
21947,0.0009765625,10
21948,0.0009765625,10
21949,0.001953125,9
21950,0.0009765625,10
21951,0.0009765625,10
21952,0.0009765625,10
21953,0.001953125,9
21954,0.0009765625,10
21955,0.0009765625,10
21956,0.0009765625,10
21957,0.001953125,9
21958,0.0009765625,10
21959,0.0009765625,10
21960,0.0009765625,10
21961,0.0009765625,10
21962,0.001953125,9
21963,0.0009765625,10
21964,0.0009765625,10
21965,0.0009765625,10
21966,0.001953125,9
21967,0.0009765625,10
21968,0.0009765625,10
21969,0.0009765625,10
21970,0.001953125,9
21971,0.0009765625,10
21972,0.0009765625,10
21973,0.0009765625,10
21974,0.0009765625,10
21975,0.001953125,9
21976,0.0009765625,10
21977,0.0009765625,10
21978,0.0009765625,10
21979,0.001953125,9
21980,0.0009765625,10
21981,0.0009765625,10
21982,0.0009765625,10
21983,0.0009765625,10
21984,0.001953125,9
21985,0.0009765625,10
21986,0.0009765625,10
21987,0.0009765625,10
21988,0.001953125,9
21989,0.0009765625,10
21990,0.0009765625,10
21991,0.0009765625,10
21992,0.001953125,9
21993,0.0009765625,10
21994,0.0009765625,10
21995,0.0009765625,10
21996,0.0009765625,10
21997,0.001953125,9
21998,0.0009765625,10
21999,0.0009765625,10
22000,0.0009765625,10
22001,0.001953125,9
22002,0.0009765625,10
22003,0.0009765625,10
22004,0.0009765625,10
22005,0.001953125,9
22006,0.0009765625,10
22007,0.0009765625,10
22008,0.0009765625,10
22009,0.0009765625,10
22010,0.001953125,9
22011,0.0009765625,10
22012,0.0009765625,10
22013,0.0009765625,10
22014,0.001953125,9
22015,0.0009765625,10
22016,0.0009765625,10
22017,0.0009765625,10
22018,0.001953125,9
22019,0.0009765625,10
22020,0.0009765625,10
22021,0.0009765625,10
22022,0.0009765625,10
22023,0.001953125,9
22024,0.0009765625,10
22025,0.0009765625,10
22026,0.0009765625,10
22027,0.001953125,9
22028,0.0009765625,10
22029,0.0009765625,10
22030,0.0009765625,10
22031,0.0009765625,10
22032,0.001953125,9
22033,0.0009765625,10
22034,0.0009765625,10
22035,0.0009765625,10
22036,0.001953125,9
22037,0.0009765625,10
22038,0.0009765625,10
22039,0.0009765625,10
22040,0.001953125,9
22041,0.0009765625,10
22042,0.0009765625,10
22043,0.0009765625,10
22044,0.0009765625,10
22045,0.001953125,9
22046,0.0009765625,10
22047,0.0009765625,10
22048,0.0009765625,10
22049,0.001953125,9
22050,0.0009765625,10
22051,0.0009765625,10
22052,0.0009765625,10
22053,0.001953125,9
22054,0.0009765625,10
22055,0.0009765625,10
22056,0.0009765625,10
22057,0.0009765625,10
22058,0.001953125,9
22059,0.0009765625,10
22060,0.0009765625,10
22061,0.0009765625,10
22062,0.001953125,9
22063,0.0009765625,10
22064,0.0009765625,10
22065,0.0009765625,10
22066,0.0009765625,10
22067,0.001953125,9
22068,0.0009765625,10
22069,0.0009765625,10
22070,0.0009765625,10
22071,0.001953125,9
22072,0.0009765625,10
22073,0.0009765625,10
22074,0.0009765625,10
22075,0.001953125,9
22076,0.0009765625,10
22077,0.0009765625,10
22078,0.0009765625,10
22079,0.0009765625,10
22080,0.001953125,9
22081,0.0009765625,10
22082,0.0009765625,10
22083,0.0009765625,10
22084,0.001953125,9
22085,0.0009765625,10
22086,0.0009765625,10
22087,0.0009765625,10
22088,0.001953125,9
22089,0.0009765625,10
22090,0.0009765625,10
22091,0.0009765625,10
22092,0.0009765625,10
22093,0.001953125,9
22094,0.0009765625,10
22095,0.0009765625,10
22096,0.0009765625,10
22097,0.001953125,9
22098,0.0009765625,10
22099,0.0009765625,10
22100,0.0009765625,10
22101,0.001953125,9
22102,0.0009765625,10
22103,0.0009765625,10
22104,0.0009765625,10
22105,0.0009765625,10
22106,0.001953125,9
22107,0.0009765625,10
22108,0.0009765625,10
22109,0.0009765625,10
22110,0.001953125,9
22111,0.0009765625,10
22112,0.0009765625,10
22113,0.0009765625,10
22114,0.0009765625,10
22115,0.001953125,9
22116,0.0009765625,10
22117,0.0009765625,10
22118,0.0009765625,10
22119,0.001953125,9
22120,0.0009765625,10
22121,0.0009765625,10
22122,0.0009765625,10
22123,0.001953125,9
22124,0.0009765625,10
22125,0.0009765625,10
22126,0.0009765625,10
22127,0.0009765625,10
22128,0.001953125,9
22129,0.0009765625,10
22130,0.0009765625,10
22131,0.0009765625,10
22132,0.001953125,9
22133,0.0009765625,10
22134,0.0009765625,10
22135,0.0009765625,10
22136,0.001953125,9
22137,0.0009765625,10
22138,0.0009765625,10
22139,0.0009765625,10
22140,0.0009765625,10
22141,0.001953125,9
22142,0.0009765625,10
22143,0.0009765625,10
22144,0.0009765625,10
22145,0.001953125,9
22146,0.0009765625,10
22147,0.0009765625,10
22148,0.0009765625,10
22149,0.0009765625,10
22150,0.001953125,9
22151,0.0009765625,10
22152,0.0009765625,10
22153,0.0009765625,10
22154,0.001953125,9
22155,0.0009765625,10
22156,0.0009765625,10
22157,0.0009765625,10
22158,0.001953125,9
22159,0.0009765625,10
22160,0.0009765625,10
22161,0.0009765625,10
22162,0.0009765625,10
22163,0.001953125,9
22164,0.0009765625,10
22165,0.0009765625,10
22166,0.0009765625,10
22167,0.001953125,9
22168,0.0009765625,10
22169,0.0009765625,10
22170,0.0009765625,10
22171,0.001953125,9
22172,0.0009765625,10
22173,0.0009765625,10
22174,0.0009765625,10
22175,0.0009765625,10
22176,0.001953125,9
22177,0.0009765625,10
22178,0.0009765625,10
22179,0.0009765625,10
22180,0.001953125,9
22181,0.0009765625,10
22182,0.0009765625,10
22183,0.0009765625,10
22184,0.001953125,9
22185,0.0009765625,10
22186,0.0009765625,10
22187,0.0009765625,10
22188,0.0009765625,10
22189,0.001953125,9
22190,0.0009765625,10
22191,0.0009765625,10
22192,0.0009765625,10
22193,0.001953125,9
22194,0.0009765625,10
22195,0.0009765625,10
22196,0.0009765625,10
22197,0.0009765625,10
22198,0.001953125,9
22199,0.0009765625,10
22200,0.0009765625,10
22201,0.0009765625,10
22202,0.001953125,9
22203,0.0009765625,10
22204,0.0009765625,10
22205,0.0009765625,10
22206,0.001953125,9
22207,0.0009765625,10
22208,0.0009765625,10
22209,0.0009765625,10
22210,0.0009765625,10
22211,0.001953125,9
22212,0.0009765625,10
22213,0.0009765625,10
22214,0.0009765625,10
22215,0.001953125,9
22216,0.0009765625,10
22217,0.0009765625,10
22218,0.0009765625,10
22219,0.001953125,9
22220,0.0009765625,10
22221,0.0009765625,10
22222,0.0009765625,10
22223,0.0009765625,10
22224,0.001953125,9
22225,0.0009765625,10
22226,0.0009765625,10
22227,0.0009765625,10
22228,0.001953125,9
22229,0.0009765625,10
22230,0.0009765625,10
22231,0.0009765625,10
22232,0.0009765625,10
22233,0.001953125,9
22234,0.0009765625,10
22235,0.0009765625,10
22236,0.0009765625,10
22237,0.001953125,9
22238,0.0009765625,10
22239,0.0009765625,10
22240,0.0009765625,10
22241,0.001953125,9
22242,0.0009765625,10
22243,0.0009765625,10
22244,0.0009765625,10
22245,0.0009765625,10
22246,0.001953125,9
22247,0.0009765625,10
22248,0.0009765625,10
22249,0.0009765625,10
22250,0.001953125,9
22251,0.0009765625,10
22252,0.0009765625,10
22253,0.0009765625,10
22254,0.001953125,9
22255,0.0009765625,10
22256,0.0009765625,10
22257,0.0009765625,10
22258,0.0009765625,10
22259,0.001953125,9
22260,0.0009765625,10
22261,0.0009765625,10
22262,0.0009765625,10
22263,0.001953125,9
22264,0.0009765625,10
22265,0.0009765625,10
22266,0.0009765625,10
22267,0.001953125,9
22268,0.0009765625,10
22269,0.0009765625,10
22270,0.0009765625,10
22271,0.0009765625,10
22272,0.001953125,9
22273,0.0009765625,10
22274,0.0009765625,10
22275,0.0009765625,10
22276,0.001953125,9
22277,0.0009765625,10
22278,0.0009765625,10
22279,0.0009765625,10
22280,0.0009765625,10
22281,0.001953125,9
22282,0.0009765625,10
22283,0.0009765625,10
22284,0.0009765625,10
22285,0.001953125,9
22286,0.0009765625,10
22287,0.0009765625,10
22288,0.0009765625,10
22289,0.001953125,9
22290,0.0009765625,10
22291,0.0009765625,10
22292,0.0009765625,10
22293,0.0009765625,10
22294,0.001953125,9
22295,0.0009765625,10
22296,0.0009765625,10
22297,0.0009765625,10
22298,0.001953125,9
22299,0.0009765625,10
22300,0.0009765625,10
22301,0.0009765625,10
22302,0.001953125,9
22303,0.0009765625,10
22304,0.0009765625,10
22305,0.0009765625,10
22306,0.0009765625,10
22307,0.001953125,9
22308,0.0009765625,10
22309,0.0009765625,10
22310,0.0009765625,10
22311,0.001953125,9
22312,0.0009765625,10
22313,0.0009765625,10
22314,0.0009765625,10
22315,0.0009765625,10
22316,0.001953125,9
22317,0.0009765625,10
22318,0.0009765625,10
22319,0.0009765625,10
22320,0.001953125,9
22321,0.0009765625,10
22322,0.0009765625,10
22323,0.0009765625,10
22324,0.001953125,9
22325,0.0009765625,10
22326,0.0009765625,10
22327,0.0009765625,10
22328,0.0009765625,10
22329,0.001953125,9
22330,0.0009765625,10
22331,0.0009765625,10
22332,0.0009765625,10
22333,0.001953125,9
22334,0.0009765625,10
22335,0.0009765625,10
22336,0.0009765625,10
22337,0.001953125,9
22338,0.0009765625,10
22339,0.0009765625,10
22340,0.0009765625,10
22341,0.0009765625,10
22342,0.001953125,9
22343,0.0009765625,10
22344,0.0009765625,10
22345,0.0009765625,10
22346,0.001953125,9
22347,0.0009765625,10
22348,0.0009765625,10
22349,0.0009765625,10
22350,0.001953125,9
22351,0.0009765625,10
22352,0.0009765625,10
22353,0.0009765625,10
22354,0.0009765625,10
22355,0.001953125,9
22356,0.0009765625,10
22357,0.0009765625,10
22358,0.0009765625,10
22359,0.001953125,9
22360,0.0009765625,10
22361,0.0009765625,10
22362,0.0009765625,10
22363,0.0009765625,10
22364,0.001953125,9
22365,0.0009765625,10
22366,0.0009765625,10
22367,0.0009765625,10
22368,0.001953125,9
22369,0.0009765625,10
22370,0.0009765625,10
22371,0.0009765625,10
22372,0.001953125,9
22373,0.0009765625,10
22374,0.0009765625,10
22375,0.0009765625,10
22376,0.0009765625,10
22377,0.001953125,9
22378,0.0009765625,10
22379,0.0009765625,10
22380,0.0009765625,10
22381,0.001953125,9
22382,0.0009765625,10
22383,0.0009765625,10
22384,0.0009765625,10
22385,0.001953125,9
22386,0.0009765625,10
22387,0.0009765625,10
22388,0.0009765625,10
22389,0.0009765625,10
22390,0.001953125,9
22391,0.0009765625,10
22392,0.0009765625,10
22393,0.0009765625,10
22394,0.001953125,9
22395,0.0009765625,10
22396,0.0009765625,10
22397,0.0009765625,10
22398,0.0009765625,10
22399,0.001953125,9
22400,0.0009765625,10
22401,0.0009765625,10
22402,0.0009765625,10
22403,0.001953125,9
22404,0.0009765625,10
22405,0.0009765625,10
22406,0.0009765625,10
22407,0.001953125,9
22408,0.0009765625,10
22409,0.0009765625,10
22410,0.0009765625,10
22411,0.0009765625,10
22412,0.001953125,9
22413,0.0009765625,10
22414,0.0009765625,10
22415,0.0009765625,10
22416,0.001953125,9
22417,0.0009765625,10
22418,0.0009765625,10
22419,0.0009765625,10
22420,0.001953125,9
22421,0.0009765625,10
22422,0.0009765625,10
22423,0.0009765625,10
22424,0.0009765625,10
22425,0.001953125,9
22426,0.0009765625,10
22427,0.0009765625,10
22428,0.0009765625,10
22429,0.001953125,9
22430,0.0009765625,10
22431,0.0009765625,10
22432,0.0009765625,10
22433,0.001953125,9
22434,0.0009765625,10
22435,0.0009765625,10
22436,0.0009765625,10
22437,0.0009765625,10
22438,0.001953125,9
22439,0.0009765625,10
22440,0.0009765625,10
22441,0.0009765625,10
22442,0.001953125,9
22443,0.0009765625,10
22444,0.0009765625,10
22445,0.0009765625,10
22446,0.0009765625,10
22447,0.001953125,9
22448,0.0009765625,10
22449,0.0009765625,10
22450,0.0009765625,10
22451,0.001953125,9
22452,0.0009765625,10
22453,0.0009765625,10
22454,0.0009765625,10
22455,0.001953125,9
22456,0.0009765625,10
22457,0.0009765625,10
22458,0.0009765625,10
22459,0.0009765625,10
22460,0.001953125,9
22461,0.0009765625,10
22462,0.0009765625,10
22463,0.0009765625,10
22464,0.001953125,9
22465,0.0009765625,10
22466,0.0009765625,10
22467,0.0009765625,10
22468,0.001953125,9
22469,0.0009765625,10
22470,0.0009765625,10
22471,0.0009765625,10
22472,0.0009765625,10
22473,0.001953125,9
22474,0.0009765625,10
22475,0.0009765625,10
22476,0.0009765625,10
22477,0.001953125,9
22478,0.0009765625,10
22479,0.0009765625,10
22480,0.0009765625,10
22481,0.0009765625,10
22482,0.001953125,9
22483,0.0009765625,10
22484,0.0009765625,10
22485,0.0009765625,10
22486,0.001953125,9
22487,0.0009765625,10
22488,0.0009765625,10
22489,0.0009765625,10
22490,0.001953125,9
22491,0.0009765625,10
22492,0.0009765625,10
22493,0.0009765625,10
22494,0.0009765625,10
22495,0.001953125,9
22496,0.0009765625,10
22497,0.0009765625,10
22498,0.0009765625,10
22499,0.001953125,9
22500,0.0009765625,10
22501,0.0009765625,10
22502,0.0009765625,10
22503,0.001953125,9
22504,0.0009765625,10
22505,0.0009765625,10
22506,0.0009765625,10
22507,0.0009765625,10
22508,0.001953125,9
22509,0.0009765625,10
22510,0.0009765625,10
22511,0.0009765625,10
22512,0.001953125,9
22513,0.0009765625,10
22514,0.0009765625,10
22515,0.0009765625,10
22516,0.0009765625,10
22517,0.001953125,9
22518,0.0009765625,10
22519,0.0009765625,10
22520,0.0009765625,10
22521,0.001953125,9
22522,0.0009765625,10
22523,0.0009765625,10
22524,0.0009765625,10
22525,0.001953125,9
22526,0.0009765625,10
22527,0.0009765625,10
22528,0.0009765625,10
22529,0.0009765625,10
22530,0.001953125,9
22531,0.0009765625,10
22532,0.0009765625,10
22533,0.0009765625,10
22534,0.001953125,9
22535,0.0009765625,10
22536,0.0009765625,10
22537,0.0009765625,10
22538,0.001953125,9
22539,0.0009765625,10
22540,0.0009765625,10
22541,0.0009765625,10
22542,0.0009765625,10
22543,0.001953125,9
22544,0.0009765625,10
22545,0.0009765625,10
22546,0.0009765625,10
22547,0.001953125,9
22548,0.0009765625,10
22549,0.0009765625,10
22550,0.0009765625,10
22551,0.001953125,9
22552,0.0009765625,10
22553,0.0009765625,10
22554,0.0009765625,10
22555,0.0009765625,10
22556,0.001953125,9
22557,0.0009765625,10
22558,0.0009765625,10
22559,0.0009765625,10
22560,0.001953125,9
22561,0.0009765625,10
22562,0.0009765625,10
22563,0.0009765625,10
22564,0.0009765625,10
22565,0.001953125,9
22566,0.0009765625,10
22567,0.0009765625,10
22568,0.0009765625,10
22569,0.001953125,9
22570,0.0009765625,10
22571,0.0009765625,10
22572,0.0009765625,10
22573,0.001953125,9
22574,0.0009765625,10
22575,0.0009765625,10
22576,0.0009765625,10
22577,0.0009765625,10
22578,0.001953125,9
22579,0.0009765625,10
22580,0.0009765625,10
22581,0.0009765625,10
22582,0.001953125,9
22583,0.0009765625,10
22584,0.0009765625,10
22585,0.0009765625,10
22586,0.001953125,9
22587,0.0009765625,10
22588,0.0009765625,10
22589,0.0009765625,10
22590,0.0009765625,10
22591,0.001953125,9
22592,0.0009765625,10
22593,0.0009765625,10
22594,0.0009765625,10
22595,0.001953125,9
22596,0.0009765625,10
22597,0.0009765625,10
22598,0.0009765625,10
22599,0.0009765625,10
22600,0.001953125,9
22601,0.0009765625,10
22602,0.0009765625,10
22603,0.0009765625,10
22604,0.001953125,9
22605,0.0009765625,10
22606,0.0009765625,10
22607,0.0009765625,10
22608,0.001953125,9
22609,0.0009765625,10
22610,0.0009765625,10
22611,0.0009765625,10
22612,0.0009765625,10
22613,0.001953125,9
22614,0.0009765625,10
22615,0.0009765625,10
22616,0.0009765625,10
22617,0.001953125,9
22618,0.0009765625,10
22619,0.0009765625,10
22620,0.0009765625,10
22621,0.001953125,9
22622,0.0009765625,10
22623,0.0009765625,10
22624,0.0009765625,10
22625,0.0009765625,10
22626,0.001953125,9
22627,0.0009765625,10
22628,0.0009765625,10
22629,0.0009765625,10
22630,0.001953125,9
22631,0.0009765625,10
22632,0.0009765625,10
22633,0.0009765625,10
22634,0.001953125,9
22635,0.0009765625,10
22636,0.0009765625,10
22637,0.0009765625,10
22638,0.0009765625,10
22639,0.001953125,9
22640,0.0009765625,10
22641,0.0009765625,10
22642,0.0009765625,10
22643,0.001953125,9
22644,0.0009765625,10
22645,0.0009765625,10
22646,0.0009765625,10
22647,0.0009765625,10
22648,0.001953125,9
22649,0.0009765625,10
22650,0.0009765625,10
22651,0.0009765625,10
22652,0.001953125,9
22653,0.0009765625,10
22654,0.0009765625,10
22655,0.0009765625,10
22656,0.001953125,9
22657,0.0009765625,10
22658,0.0009765625,10
22659,0.0009765625,10
22660,0.0009765625,10
22661,0.001953125,9
22662,0.0009765625,10
22663,0.0009765625,10
22664,0.0009765625,10
22665,0.001953125,9
22666,0.0009765625,10
22667,0.0009765625,10
22668,0.0009765625,10
22669,0.001953125,9
22670,0.0009765625,10
22671,0.0009765625,10
22672,0.0009765625,10
22673,0.0009765625,10
22674,0.001953125,9
22675,0.0009765625,10
22676,0.0009765625,10
22677,0.0009765625,10
22678,0.001953125,9
22679,0.0009765625,10
22680,0.0009765625,10
22681,0.0009765625,10
22682,0.0009765625,10
22683,0.001953125,9
22684,0.0009765625,10
22685,0.0009765625,10
22686,0.0009765625,10
22687,0.001953125,9
22688,0.0009765625,10
22689,0.0009765625,10
22690,0.0009765625,10
22691,0.001953125,9
22692,0.0009765625,10
22693,0.0009765625,10
22694,0.0009765625,10
22695,0.0009765625,10
22696,0.001953125,9
22697,0.0009765625,10
22698,0.0009765625,10
22699,0.0009765625,10
22700,0.001953125,9
22701,0.0009765625,10
22702,0.0009765625,10
22703,0.0009765625,10
22704,0.001953125,9
22705,0.0009765625,10
22706,0.0009765625,10
22707,0.0009765625,10
22708,0.0009765625,10
22709,0.001953125,9
22710,0.0009765625,10
22711,0.0009765625,10
22712,0.0009765625,10
22713,0.001953125,9
22714,0.0009765625,10
22715,0.0009765625,10
22716,0.0009765625,10
22717,0.001953125,9
22718,0.0009765625,10
22719,0.0009765625,10
22720,0.0009765625,10
22721,0.0009765625,10
22722,0.001953125,9
22723,0.0009765625,10
22724,0.0009765625,10
22725,0.0009765625,10
22726,0.001953125,9
22727,0.0009765625,10
22728,0.0009765625,10
22729,0.0009765625,10
22730,0.0009765625,10
22731,0.001953125,9
22732,0.0009765625,10
22733,0.0009765625,10
22734,0.0009765625,10
22735,0.001953125,9
22736,0.0009765625,10
22737,0.0009765625,10
22738,0.0009765625,10
22739,0.001953125,9
22740,0.0009765625,10
22741,0.0009765625,10
22742,0.0009765625,10
22743,0.0009765625,10
22744,0.001953125,9
22745,0.0009765625,10
22746,0.0009765625,10
22747,0.0009765625,10
22748,0.001953125,9
22749,0.0009765625,10
22750,0.0009765625,10
22751,0.0009765625,10
22752,0.001953125,9
22753,0.0009765625,10
22754,0.0009765625,10
22755,0.0009765625,10
22756,0.0009765625,10
22757,0.001953125,9
22758,0.0009765625,10
22759,0.0009765625,10
22760,0.0009765625,10
22761,0.001953125,9
22762,0.0009765625,10
22763,0.0009765625,10
22764,0.0009765625,10
22765,0.0009765625,10
22766,0.001953125,9
22767,0.0009765625,10
22768,0.0009765625,10
22769,0.0009765625,10
22770,0.001953125,9
22771,0.0009765625,10
22772,0.0009765625,10
22773,0.0009765625,10
22774,0.001953125,9
22775,0.0009765625,10
22776,0.0009765625,10
22777,0.0009765625,10
22778,0.0009765625,10
22779,0.001953125,9
22780,0.0009765625,10
22781,0.0009765625,10
22782,0.0009765625,10
22783,0.001953125,9
22784,0.0009765625,10
22785,0.0009765625,10
22786,0.0009765625,10
22787,0.001953125,9
22788,0.0009765625,10
22789,0.0009765625,10
22790,0.0009765625,10
22791,0.0009765625,10
22792,0.001953125,9
22793,0.0009765625,10
22794,0.0009765625,10
22795,0.0009765625,10
22796,0.001953125,9
22797,0.0009765625,10
22798,0.0009765625,10
22799,0.0009765625,10
22800,0.001953125,9
22801,0.0009765625,10
22802,0.0009765625,10
22803,0.0009765625,10
22804,0.0009765625,10
22805,0.001953125,9
22806,0.0009765625,10
22807,0.0009765625,10
22808,0.0009765625,10
22809,0.001953125,9
22810,0.0009765625,10
22811,0.0009765625,10
22812,0.0009765625,10
22813,0.0009765625,10
22814,0.001953125,9
22815,0.0009765625,10
22816,0.0009765625,10
22817,0.0009765625,10
22818,0.001953125,9
22819,0.0009765625,10
22820,0.0009765625,10
22821,0.0009765625,10
22822,0.001953125,9
22823,0.0009765625,10
22824,0.0009765625,10
22825,0.0009765625,10
22826,0.0009765625,10
22827,0.001953125,9
22828,0.0009765625,10
22829,0.0009765625,10
22830,0.0009765625,10
22831,0.001953125,9
22832,0.0009765625,10
22833,0.0009765625,10
22834,0.0009765625,10
22835,0.001953125,9
22836,0.0009765625,10
22837,0.0009765625,10
22838,0.0009765625,10
22839,0.0009765625,10
22840,0.001953125,9
22841,0.0009765625,10
22842,0.0009765625,10
22843,0.0009765625,10
22844,0.001953125,9
22845,0.0009765625,10
22846,0.0009765625,10
22847,0.0009765625,10
22848,0.0009765625,10
22849,0.001953125,9
22850,0.0009765625,10
22851,0.0009765625,10
22852,0.0009765625,10
22853,0.001953125,9
22854,0.0009765625,10
22855,0.0009765625,10
22856,0.0009765625,10
22857,0.001953125,9
22858,0.0009765625,10
22859,0.0009765625,10
22860,0.0009765625,10
22861,0.0009765625,10
22862,0.001953125,9
22863,0.0009765625,10
22864,0.0009765625,10
22865,0.0009765625,10
22866,0.001953125,9
22867,0.0009765625,10
22868,0.0009765625,10
22869,0.0009765625,10
22870,0.001953125,9
22871,0.0009765625,10
22872,0.0009765625,10
22873,0.0009765625,10
22874,0.0009765625,10
22875,0.001953125,9
22876,0.0009765625,10
22877,0.0009765625,10
22878,0.0009765625,10
22879,0.001953125,9
22880,0.0009765625,10
22881,0.0009765625,10
22882,0.0009765625,10
22883,0.001953125,9
22884,0.0009765625,10
22885,0.0009765625,10
22886,0.0009765625,10
22887,0.0009765625,10
22888,0.001953125,9
22889,0.0009765625,10
22890,0.0009765625,10
22891,0.0009765625,10
22892,0.001953125,9
22893,0.0009765625,10
22894,0.0009765625,10
22895,0.0009765625,10
22896,0.0009765625,10
22897,0.001953125,9
22898,0.0009765625,10
22899,0.0009765625,10
22900,0.0009765625,10
22901,0.001953125,9
22902,0.0009765625,10
22903,0.0009765625,10
22904,0.0009765625,10
22905,0.001953125,9
22906,0.0009765625,10
22907,0.0009765625,10
22908,0.0009765625,10
22909,0.0009765625,10
22910,0.001953125,9
22911,0.0009765625,10
22912,0.0009765625,10
22913,0.0009765625,10
22914,0.001953125,9
22915,0.0009765625,10
22916,0.0009765625,10
22917,0.0009765625,10
22918,0.001953125,9
22919,0.0009765625,10
22920,0.0009765625,10
22921,0.0009765625,10
22922,0.0009765625,10
22923,0.001953125,9
22924,0.0009765625,10
22925,0.0009765625,10
22926,0.0009765625,10
22927,0.001953125,9
22928,0.0009765625,10
22929,0.0009765625,10
22930,0.0009765625,10
22931,0.0009765625,10
22932,0.001953125,9
22933,0.0009765625,10
22934,0.0009765625,10
22935,0.0009765625,10
22936,0.001953125,9
22937,0.0009765625,10
22938,0.0009765625,10
22939,0.0009765625,10
22940,0.001953125,9
22941,0.0009765625,10
22942,0.0009765625,10
22943,0.0009765625,10
22944,0.0009765625,10
22945,0.001953125,9
22946,0.0009765625,10
22947,0.0009765625,10
22948,0.0009765625,10
22949,0.001953125,9
22950,0.0009765625,10
22951,0.0009765625,10
22952,0.0009765625,10
22953,0.001953125,9
22954,0.0009765625,10
22955,0.0009765625,10
22956,0.0009765625,10
22957,0.0009765625,10
22958,0.001953125,9
22959,0.0009765625,10
22960,0.0009765625,10
22961,0.0009765625,10
22962,0.001953125,9
22963,0.0009765625,10
22964,0.0009765625,10
22965,0.0009765625,10
22966,0.001953125,9
22967,0.0009765625,10
22968,0.0009765625,10
22969,0.0009765625,10
22970,0.0009765625,10
22971,0.001953125,9
22972,0.0009765625,10
22973,0.0009765625,10
22974,0.0009765625,10
22975,0.001953125,9
22976,0.0009765625,10
22977,0.0009765625,10
22978,0.0009765625,10
22979,0.0009765625,10
22980,0.001953125,9
22981,0.0009765625,10
22982,0.0009765625,10
22983,0.0009765625,10
22984,0.001953125,9
22985,0.0009765625,10
22986,0.0009765625,10
22987,0.0009765625,10
22988,0.001953125,9
22989,0.0009765625,10
22990,0.0009765625,10
22991,0.0009765625,10
22992,0.0009765625,10
22993,0.001953125,9
22994,0.0009765625,10
22995,0.0009765625,10
22996,0.0009765625,10
22997,0.001953125,9
22998,0.0009765625,10
22999,0.0009765625,10
23000,0.0009765625,10
23001,0.001953125,9
23002,0.0009765625,10
23003,0.0009765625,10
23004,0.0009765625,10
23005,0.0009765625,10
23006,0.001953125,9
23007,0.0009765625,10
23008,0.0009765625,10
23009,0.0009765625,10
23010,0.001953125,9
23011,0.0009765625,10
23012,0.0009765625,10
23013,0.0009765625,10
23014,0.0009765625,10
23015,0.001953125,9
23016,0.0009765625,10
23017,0.0009765625,10
23018,0.0009765625,10
23019,0.001953125,9
23020,0.0009765625,10
23021,0.0009765625,10
23022,0.0009765625,10
23023,0.001953125,9
23024,0.0009765625,10
23025,0.0009765625,10
23026,0.0009765625,10
23027,0.0009765625,10
23028,0.001953125,9
23029,0.0009765625,10
23030,0.0009765625,10
23031,0.0009765625,10
23032,0.001953125,9
23033,0.0009765625,10
23034,0.0009765625,10
23035,0.0009765625,10
23036,0.001953125,9
23037,0.0009765625,10
23038,0.0009765625,10
23039,0.0009765625,10
23040,0.0009765625,10
23041,0.001953125,9
23042,0.0009765625,10
23043,0.0009765625,10
23044,0.0009765625,10
23045,0.001953125,9
23046,0.0009765625,10
23047,0.0009765625,10
23048,0.0009765625,10
23049,0.001953125,9
23050,0.0009765625,10
23051,0.0009765625,10
23052,0.0009765625,10
23053,0.0009765625,10
23054,0.001953125,9
23055,0.0009765625,10
23056,0.0009765625,10
23057,0.0009765625,10
23058,0.001953125,9
23059,0.0009765625,10
23060,0.0009765625,10
23061,0.0009765625,10
23062,0.0009765625,10
23063,0.001953125,9
23064,0.0009765625,10
23065,0.0009765625,10
23066,0.0009765625,10
23067,0.001953125,9
23068,0.0009765625,10
23069,0.0009765625,10
23070,0.0009765625,10
23071,0.001953125,9
23072,0.0009765625,10
23073,0.0009765625,10
23074,0.0009765625,10
23075,0.0009765625,10
23076,0.001953125,9
23077,0.0009765625,10
23078,0.0009765625,10
23079,0.0009765625,10
23080,0.001953125,9
23081,0.0009765625,10
23082,0.0009765625,10
23083,0.0009765625,10
23084,0.001953125,9
23085,0.0009765625,10
23086,0.0009765625,10
23087,0.0009765625,10
23088,0.0009765625,10
23089,0.001953125,9
23090,0.0009765625,10
23091,0.0009765625,10
23092,0.0009765625,10
23093,0.001953125,9
23094,0.0009765625,10
23095,0.0009765625,10
23096,0.0009765625,10
23097,0.0009765625,10
23098,0.001953125,9
23099,0.0009765625,10
23100,0.0009765625,10
23101,0.0009765625,10
23102,0.001953125,9
23103,0.0009765625,10
23104,0.0009765625,10
23105,0.0009765625,10
23106,0.001953125,9
23107,0.0009765625,10
23108,0.0009765625,10
23109,0.0009765625,10
23110,0.0009765625,10
23111,0.001953125,9
23112,0.0009765625,10
23113,0.0009765625,10
23114,0.0009765625,10
23115,0.001953125,9
23116,0.0009765625,10
23117,0.0009765625,10
23118,0.0009765625,10
23119,0.001953125,9
23120,0.0009765625,10
23121,0.0009765625,10
23122,0.0009765625,10
23123,0.0009765625,10
23124,0.001953125,9
23125,0.0009765625,10
23126,0.0009765625,10
23127,0.0009765625,10
23128,0.001953125,9
23129,0.0009765625,10
23130,0.0009765625,10
23131,0.0009765625,10
23132,0.001953125,9
23133,0.0009765625,10
23134,0.0009765625,10
23135,0.0009765625,10
23136,0.0009765625,10
23137,0.001953125,9
23138,0.0009765625,10
23139,0.0009765625,10
23140,0.0009765625,10
23141,0.001953125,9
23142,0.0009765625,10
23143,0.0009765625,10
23144,0.0009765625,10
23145,0.0009765625,10
23146,0.001953125,9
23147,0.0009765625,10
23148,0.0009765625,10
23149,0.0009765625,10
23150,0.001953125,9
23151,0.0009765625,10
23152,0.0009765625,10
23153,0.0009765625,10
23154,0.001953125,9
23155,0.0009765625,10
23156,0.0009765625,10
23157,0.0009765625,10
23158,0.0009765625,10
23159,0.001953125,9
23160,0.0009765625,10
23161,0.0009765625,10
23162,0.0009765625,10
23163,0.001953125,9
23164,0.0009765625,10
23165,0.0009765625,10
23166,0.0009765625,10
23167,0.001953125,9
23168,0.0009765625,10
23169,0.0009765625,10
23170,0.0009765625,10
23171,0.0009765625,10
23172,0.001953125,9
23173,0.0009765625,10
23174,0.0009765625,10
23175,0.0009765625,10
23176,0.001953125,9
23177,0.0009765625,10
23178,0.0009765625,10
23179,0.0009765625,10
23180,0.0009765625,10
23181,0.001953125,9
23182,0.0009765625,10
23183,0.0009765625,10
23184,0.0009765625,10
23185,0.001953125,9
23186,0.0009765625,10
23187,0.0009765625,10
23188,0.0009765625,10
23189,0.001953125,9
23190,0.0009765625,10
23191,0.0009765625,10
23192,0.0009765625,10
23193,0.0009765625,10
23194,0.001953125,9
23195,0.0009765625,10
23196,0.0009765625,10
23197,0.0009765625,10
23198,0.001953125,9
23199,0.0009765625,10
23200,0.0009765625,10
23201,0.0009765625,10
23202,0.001953125,9
23203,0.0009765625,10
23204,0.0009765625,10
23205,0.0009765625,10
23206,0.0009765625,10
23207,0.001953125,9
23208,0.0009765625,10
23209,0.0009765625,10
23210,0.0009765625,10
23211,0.001953125,9
23212,0.0009765625,10
23213,0.0009765625,10
23214,0.0009765625,10
23215,0.001953125,9
23216,0.0009765625,10
23217,0.0009765625,10
23218,0.0009765625,10
23219,0.0009765625,10
23220,0.001953125,9
23221,0.0009765625,10
23222,0.0009765625,10
23223,0.0009765625,10
23224,0.001953125,9
23225,0.0009765625,10
23226,0.0009765625,10
23227,0.0009765625,10
23228,0.0009765625,10
23229,0.001953125,9
23230,0.0009765625,10
23231,0.0009765625,10
23232,0.0009765625,10
23233,0.001953125,9
23234,0.0009765625,10
23235,0.0009765625,10
23236,0.0009765625,10
23237,0.001953125,9
23238,0.0009765625,10
23239,0.0009765625,10
23240,0.0009765625,10
23241,0.0009765625,10
23242,0.001953125,9
23243,0.0009765625,10
23244,0.0009765625,10
23245,0.0009765625,10
23246,0.001953125,9
23247,0.0009765625,10
23248,0.0009765625,10
23249,0.0009765625,10
23250,0.001953125,9
23251,0.0009765625,10
23252,0.0009765625,10
23253,0.0009765625,10
23254,0.0009765625,10
23255,0.001953125,9
23256,0.0009765625,10
23257,0.0009765625,10
23258,0.0009765625,10
23259,0.001953125,9
23260,0.0009765625,10
23261,0.0009765625,10
23262,0.0009765625,10
23263,0.0009765625,10
23264,0.001953125,9
23265,0.0009765625,10
23266,0.0009765625,10
23267,0.0009765625,10
23268,0.001953125,9
23269,0.0009765625,10
23270,0.0009765625,10
23271,0.0009765625,10
23272,0.001953125,9
23273,0.0009765625,10
23274,0.0009765625,10
23275,0.0009765625,10
23276,0.0009765625,10
23277,0.001953125,9
23278,0.0009765625,10
23279,0.0009765625,10
23280,0.0009765625,10
23281,0.001953125,9
23282,0.0009765625,10
23283,0.0009765625,10
23284,0.0009765625,10
23285,0.001953125,9
23286,0.0009765625,10
23287,0.0009765625,10
23288,0.0009765625,10
23289,0.0009765625,10
23290,0.001953125,9
23291,0.0009765625,10
23292,0.0009765625,10
23293,0.0009765625,10
23294,0.001953125,9
23295,0.0009765625,10
23296,0.0009765625,10
23297,0.0009765625,10
23298,0.001953125,9
23299,0.0009765625,10
23300,0.0009765625,10
23301,0.0009765625,10
23302,0.0009765625,10
23303,0.001953125,9
23304,0.0009765625,10
23305,0.0009765625,10
23306,0.0009765625,10
23307,0.001953125,9
23308,0.0009765625,10
23309,0.0009765625,10
23310,0.0009765625,10
23311,0.0009765625,10
23312,0.001953125,9
23313,0.0009765625,10
23314,0.0009765625,10
23315,0.0009765625,10
23316,0.001953125,9
23317,0.0009765625,10
23318,0.0009765625,10
23319,0.0009765625,10
23320,0.001953125,9
23321,0.0009765625,10
23322,0.0009765625,10
23323,0.0009765625,10
23324,0.0009765625,10
23325,0.001953125,9
23326,0.0009765625,10
23327,0.0009765625,10
23328,0.0009765625,10
23329,0.001953125,9
23330,0.0009765625,10
23331,0.0009765625,10
23332,0.0009765625,10
23333,0.001953125,9
23334,0.0009765625,10
23335,0.0009765625,10
23336,0.0009765625,10
23337,0.0009765625,10
23338,0.001953125,9
23339,0.0009765625,10
23340,0.0009765625,10
23341,0.0009765625,10
23342,0.001953125,9
23343,0.0009765625,10
23344,0.0009765625,10
23345,0.0009765625,10
23346,0.0009765625,10
23347,0.001953125,9
23348,0.0009765625,10
23349,0.0009765625,10
23350,0.0009765625,10
23351,0.001953125,9
23352,0.0009765625,10
23353,0.0009765625,10
23354,0.0009765625,10
23355,0.001953125,9
23356,0.0009765625,10
23357,0.0009765625,10
23358,0.0009765625,10
23359,0.0009765625,10
23360,0.001953125,9
23361,0.0009765625,10
23362,0.0009765625,10
23363,0.0009765625,10
23364,0.001953125,9
23365,0.0009765625,10
23366,0.0009765625,10
23367,0.0009765625,10
23368,0.001953125,9
23369,0.0009765625,10
23370,0.0009765625,10
23371,0.0009765625,10
23372,0.0009765625,10
23373,0.001953125,9
23374,0.0009765625,10
23375,0.0009765625,10
23376,0.0009765625,10
23377,0.001953125,9
23378,0.0009765625,10
23379,0.0009765625,10
23380,0.0009765625,10
23381,0.001953125,9
23382,0.0009765625,10
23383,0.0009765625,10
23384,0.0009765625,10
23385,0.0009765625,10
23386,0.001953125,9
23387,0.0009765625,10
23388,0.0009765625,10
23389,0.0009765625,10
23390,0.001953125,9
23391,0.0009765625,10
23392,0.0009765625,10
23393,0.0009765625,10
23394,0.0009765625,10
23395,0.001953125,9
23396,0.0009765625,10
23397,0.0009765625,10
23398,0.0009765625,10
23399,0.001953125,9
23400,0.0009765625,10
23401,0.0009765625,10
23402,0.0009765625,10
23403,0.001953125,9
23404,0.0009765625,10
23405,0.0009765625,10
23406,0.0009765625,10
23407,0.0009765625,10
23408,0.001953125,9
23409,0.0009765625,10
23410,0.0009765625,10
23411,0.0009765625,10
23412,0.001953125,9
23413,0.0009765625,10
23414,0.0009765625,10
23415,0.0009765625,10
23416,0.001953125,9
23417,0.0009765625,10
23418,0.0009765625,10
23419,0.0009765625,10
23420,0.0009765625,10
23421,0.001953125,9
23422,0.0009765625,10
23423,0.0009765625,10
23424,0.0009765625,10
23425,0.001953125,9
23426,0.0009765625,10
23427,0.0009765625,10
23428,0.0009765625,10
23429,0.0009765625,10
23430,0.001953125,9
23431,0.0009765625,10
23432,0.0009765625,10
23433,0.0009765625,10
23434,0.001953125,9
23435,0.0009765625,10
23436,0.0009765625,10
23437,0.0009765625,10
23438,0.001953125,9
23439,0.0009765625,10
23440,0.0009765625,10
23441,0.0009765625,10
23442,0.0009765625,10
23443,0.001953125,9
23444,0.0009765625,10
23445,0.0009765625,10
23446,0.0009765625,10
23447,0.001953125,9
23448,0.0009765625,10
23449,0.0009765625,10
23450,0.0009765625,10
23451,0.001953125,9
23452,0.0009765625,10
23453,0.0009765625,10
23454,0.0009765625,10
23455,0.0009765625,10
23456,0.001953125,9
23457,0.0009765625,10
23458,0.0009765625,10
23459,0.0009765625,10
23460,0.001953125,9
23461,0.0009765625,10
23462,0.0009765625,10
23463,0.0009765625,10
23464,0.001953125,9
23465,0.0009765625,10
23466,0.0009765625,10
23467,0.0009765625,10
23468,0.0009765625,10
23469,0.001953125,9
23470,0.0009765625,10
23471,0.0009765625,10
23472,0.0009765625,10
23473,0.001953125,9
23474,0.0009765625,10
23475,0.0009765625,10
23476,0.0009765625,10
23477,0.0009765625,10
23478,0.001953125,9
23479,0.0009765625,10
23480,0.0009765625,10
23481,0.0009765625,10
23482,0.001953125,9
23483,0.0009765625,10
23484,0.0009765625,10
23485,0.0009765625,10
23486,0.001953125,9
23487,0.0009765625,10
23488,0.0009765625,10
23489,0.0009765625,10
23490,0.0009765625,10
23491,0.001953125,9
23492,0.0009765625,10
23493,0.0009765625,10
23494,0.0009765625,10
23495,0.001953125,9
23496,0.0009765625,10
23497,0.0009765625,10
23498,0.0009765625,10
23499,0.001953125,9
23500,0.0009765625,10
23501,0.0009765625,10
23502,0.0009765625,10
23503,0.0009765625,10
23504,0.001953125,9
23505,0.0009765625,10
23506,0.0009765625,10
23507,0.0009765625,10
23508,0.001953125,9
23509,0.0009765625,10
23510,0.0009765625,10
23511,0.0009765625,10
23512,0.0009765625,10
23513,0.001953125,9
23514,0.0009765625,10
23515,0.0009765625,10
23516,0.0009765625,10
23517,0.001953125,9
23518,0.0009765625,10
23519,0.0009765625,10
23520,0.0009765625,10
23521,0.001953125,9
23522,0.0009765625,10
23523,0.0009765625,10
23524,0.0009765625,10
23525,0.0009765625,10
23526,0.001953125,9
23527,0.0009765625,10
23528,0.0009765625,10
23529,0.0009765625,10
23530,0.001953125,9
23531,0.0009765625,10
23532,0.0009765625,10
23533,0.0009765625,10
23534,0.001953125,9
23535,0.0009765625,10
23536,0.0009765625,10
23537,0.0009765625,10
23538,0.0009765625,10
23539,0.001953125,9
23540,0.0009765625,10
23541,0.0009765625,10
23542,0.0009765625,10
23543,0.001953125,9
23544,0.0009765625,10
23545,0.0009765625,10
23546,0.0009765625,10
23547,0.001953125,9
23548,0.0009765625,10
23549,0.0009765625,10
23550,0.0009765625,10
23551,0.0009765625,10
23552,0.001953125,9
23553,0.0009765625,10
23554,0.0009765625,10
23555,0.0009765625,10
23556,0.001953125,9
23557,0.0009765625,10
23558,0.0009765625,10
23559,0.0009765625,10
23560,0.0009765625,10
23561,0.001953125,9
23562,0.0009765625,10
23563,0.0009765625,10
23564,0.0009765625,10
23565,0.001953125,9
23566,0.0009765625,10
23567,0.0009765625,10
23568,0.0009765625,10
23569,0.001953125,9
23570,0.0009765625,10
23571,0.0009765625,10
23572,0.0009765625,10
23573,0.0009765625,10
23574,0.001953125,9
23575,0.0009765625,10
23576,0.0009765625,10
23577,0.0009765625,10
23578,0.001953125,9
23579,0.0009765625,10
23580,0.0009765625,10
23581,0.0009765625,10
23582,0.001953125,9
23583,0.0009765625,10
23584,0.0009765625,10
23585,0.0009765625,10
23586,0.0009765625,10
23587,0.001953125,9
23588,0.0009765625,10
23589,0.0009765625,10
23590,0.0009765625,10
23591,0.001953125,9
23592,0.0009765625,10
23593,0.0009765625,10
23594,0.0009765625,10
23595,0.0009765625,10
23596,0.001953125,9
23597,0.0009765625,10
23598,0.0009765625,10
23599,0.0009765625,10
23600,0.001953125,9
23601,0.0009765625,10
23602,0.0009765625,10
23603,0.0009765625,10
23604,0.001953125,9
23605,0.0009765625,10
23606,0.0009765625,10
23607,0.0009765625,10
23608,0.0009765625,10
23609,0.001953125,9
23610,0.0009765625,10
23611,0.0009765625,10
23612,0.0009765625,10
23613,0.001953125,9
23614,0.0009765625,10
23615,0.0009765625,10
23616,0.0009765625,10
23617,0.001953125,9
23618,0.0009765625,10
23619,0.0009765625,10
23620,0.0009765625,10
23621,0.0009765625,10
23622,0.001953125,9
23623,0.0009765625,10
23624,0.0009765625,10
23625,0.0009765625,10
23626,0.001953125,9
23627,0.0009765625,10
23628,0.0009765625,10
23629,0.0009765625,10
23630,0.001953125,9
23631,0.0009765625,10
23632,0.0009765625,10
23633,0.0009765625,10
23634,0.0009765625,10
23635,0.001953125,9
23636,0.0009765625,10
23637,0.0009765625,10
23638,0.0009765625,10
23639,0.001953125,9
23640,0.0009765625,10
23641,0.0009765625,10
23642,0.0009765625,10
23643,0.0009765625,10
23644,0.001953125,9
23645,0.0009765625,10
23646,0.0009765625,10
23647,0.0009765625,10
23648,0.001953125,9
23649,0.0009765625,10
23650,0.0009765625,10
23651,0.0009765625,10
23652,0.001953125,9
23653,0.0009765625,10
23654,0.0009765625,10
23655,0.0009765625,10
23656,0.0009765625,10
23657,0.001953125,9
23658,0.0009765625,10
23659,0.0009765625,10
23660,0.0009765625,10
23661,0.001953125,9
23662,0.0009765625,10
23663,0.0009765625,10
23664,0.0009765625,10
23665,0.001953125,9
23666,0.0009765625,10
23667,0.0009765625,10
23668,0.0009765625,10
23669,0.0009765625,10
23670,0.001953125,9
23671,0.0009765625,10
23672,0.0009765625,10
23673,0.0009765625,10
23674,0.001953125,9
23675,0.0009765625,10
23676,0.0009765625,10
23677,0.0009765625,10
23678,0.0009765625,10
23679,0.001953125,9
23680,0.0009765625,10
23681,0.0009765625,10
23682,0.0009765625,10
23683,0.001953125,9
23684,0.0009765625,10
23685,0.0009765625,10
23686,0.0009765625,10
23687,0.001953125,9
23688,0.0009765625,10
23689,0.0009765625,10
23690,0.0009765625,10
23691,0.0009765625,10
23692,0.001953125,9
23693,0.0009765625,10
23694,0.0009765625,10
23695,0.0009765625,10
23696,0.001953125,9
23697,0.0009765625,10
23698,0.0009765625,10
23699,0.0009765625,10
23700,0.001953125,9
23701,0.0009765625,10
23702,0.0009765625,10
23703,0.0009765625,10
23704,0.0009765625,10
23705,0.001953125,9
23706,0.0009765625,10
23707,0.0009765625,10
23708,0.0009765625,10
23709,0.001953125,9
23710,0.0009765625,10
23711,0.0009765625,10
23712,0.0009765625,10
23713,0.0009765625,10
23714,0.001953125,9
23715,0.0009765625,10
23716,0.0009765625,10
23717,0.0009765625,10
23718,0.001953125,9
23719,0.0009765625,10
23720,0.0009765625,10
23721,0.0009765625,10
23722,0.001953125,9
23723,0.0009765625,10
23724,0.0009765625,10
23725,0.0009765625,10
23726,0.0009765625,10
23727,0.001953125,9
23728,0.0009765625,10
23729,0.0009765625,10
23730,0.0009765625,10
23731,0.001953125,9
23732,0.0009765625,10
23733,0.0009765625,10
23734,0.0009765625,10
23735,0.001953125,9
23736,0.0009765625,10
23737,0.0009765625,10
23738,0.0009765625,10
23739,0.0009765625,10
23740,0.001953125,9
23741,0.0009765625,10
23742,0.0009765625,10
23743,0.0009765625,10
23744,0.001953125,9
23745,0.0009765625,10
23746,0.0009765625,10
23747,0.0009765625,10
23748,0.001953125,9
23749,0.0009765625,10
23750,0.0009765625,10
23751,0.0009765625,10
23752,0.0009765625,10
23753,0.001953125,9
23754,0.0009765625,10
23755,0.0009765625,10
23756,0.0009765625,10
23757,0.001953125,9
23758,0.0009765625,10
23759,0.0009765625,10
23760,0.0009765625,10
23761,0.0009765625,10
23762,0.001953125,9
23763,0.0009765625,10
23764,0.0009765625,10
23765,0.0009765625,10
23766,0.001953125,9
23767,0.0009765625,10
23768,0.0009765625,10
23769,0.0009765625,10
23770,0.001953125,9
23771,0.0009765625,10
23772,0.0009765625,10
23773,0.0009765625,10
23774,0.0009765625,10
23775,0.001953125,9
23776,0.0009765625,10
23777,0.0009765625,10
23778,0.0009765625,10
23779,0.001953125,9
23780,0.0009765625,10
23781,0.0009765625,10
23782,0.0009765625,10
23783,0.001953125,9
23784,0.0009765625,10
23785,0.0009765625,10
23786,0.0009765625,10
23787,0.0009765625,10
23788,0.001953125,9
23789,0.0009765625,10
23790,0.0009765625,10
23791,0.0009765625,10
23792,0.001953125,9
23793,0.0009765625,10
23794,0.0009765625,10
23795,0.0009765625,10
23796,0.0009765625,10
23797,0.001953125,9
23798,0.0009765625,10
23799,0.0009765625,10
23800,0.0009765625,10
23801,0.001953125,9
23802,0.0009765625,10
23803,0.0009765625,10
23804,0.0009765625,10
23805,0.001953125,9
23806,0.0009765625,10
23807,0.0009765625,10
23808,0.0009765625,10
23809,0.0009765625,10
23810,0.001953125,9
23811,0.0009765625,10
23812,0.0009765625,10
23813,0.0009765625,10
23814,0.001953125,9
23815,0.0009765625,10
23816,0.0009765625,10
23817,0.0009765625,10
23818,0.001953125,9
23819,0.0009765625,10
23820,0.0009765625,10
23821,0.0009765625,10
23822,0.0009765625,10
23823,0.001953125,9
23824,0.0009765625,10
23825,0.0009765625,10
23826,0.0009765625,10
23827,0.001953125,9
23828,0.0009765625,10
23829,0.0009765625,10
23830,0.0009765625,10
23831,0.001953125,9
23832,0.0009765625,10
23833,0.0009765625,10
23834,0.0009765625,10
23835,0.0009765625,10
23836,0.001953125,9
23837,0.0009765625,10
23838,0.0009765625,10
23839,0.0009765625,10
23840,0.001953125,9
23841,0.0009765625,10
23842,0.0009765625,10
23843,0.0009765625,10
23844,0.0009765625,10
23845,0.001953125,9
23846,0.0009765625,10
23847,0.0009765625,10
23848,0.0009765625,10
23849,0.001953125,9
23850,0.0009765625,10
23851,0.0009765625,10
23852,0.0009765625,10
23853,0.001953125,9
23854,0.0009765625,10
23855,0.0009765625,10
23856,0.0009765625,10
23857,0.0009765625,10
23858,0.001953125,9
23859,0.0009765625,10
23860,0.0009765625,10
23861,0.0009765625,10
23862,0.001953125,9
23863,0.0009765625,10
23864,0.0009765625,10
23865,0.0009765625,10
23866,0.001953125,9
23867,0.0009765625,10
23868,0.0009765625,10
23869,0.0009765625,10
23870,0.0009765625,10
23871,0.001953125,9
23872,0.0009765625,10
23873,0.0009765625,10
23874,0.0009765625,10
23875,0.001953125,9
23876,0.0009765625,10
23877,0.0009765625,10
23878,0.0009765625,10
23879,0.0009765625,10
23880,0.001953125,9
23881,0.0009765625,10
23882,0.0009765625,10
23883,0.0009765625,10
23884,0.001953125,9
23885,0.0009765625,10
23886,0.0009765625,10
23887,0.0009765625,10
23888,0.001953125,9
23889,0.0009765625,10
23890,0.0009765625,10
23891,0.0009765625,10
23892,0.0009765625,10
23893,0.001953125,9
23894,0.0009765625,10
23895,0.0009765625,10
23896,0.0009765625,10
23897,0.001953125,9
23898,0.0009765625,10
23899,0.0009765625,10
23900,0.0009765625,10
23901,0.001953125,9
23902,0.0009765625,10
23903,0.0009765625,10
23904,0.0009765625,10
23905,0.0009765625,10
23906,0.001953125,9
23907,0.0009765625,10
23908,0.0009765625,10
23909,0.0009765625,10
23910,0.001953125,9
23911,0.0009765625,10
23912,0.0009765625,10
23913,0.0009765625,10
23914,0.001953125,9
23915,0.0009765625,10
23916,0.0009765625,10
23917,0.0009765625,10
23918,0.0009765625,10
23919,0.001953125,9
23920,0.0009765625,10
23921,0.0009765625,10
23922,0.0009765625,10
23923,0.001953125,9
23924,0.0009765625,10
23925,0.0009765625,10
23926,0.0009765625,10
23927,0.0009765625,10
23928,0.001953125,9
23929,0.0009765625,10
23930,0.0009765625,10
23931,0.0009765625,10
23932,0.001953125,9
23933,0.0009765625,10
23934,0.0009765625,10
23935,0.0009765625,10
23936,0.001953125,9
23937,0.0009765625,10
23938,0.0009765625,10
23939,0.0009765625,10
23940,0.0009765625,10
23941,0.001953125,9
23942,0.0009765625,10
23943,0.0009765625,10
23944,0.0009765625,10
23945,0.001953125,9
23946,0.0009765625,10
23947,0.0009765625,10
23948,0.0009765625,10
23949,0.001953125,9
23950,0.0009765625,10
23951,0.0009765625,10
23952,0.0009765625,10
23953,0.0009765625,10
23954,0.001953125,9
23955,0.0009765625,10
23956,0.0009765625,10
23957,0.0009765625,10
23958,0.001953125,9
23959,0.0009765625,10
23960,0.0009765625,10
23961,0.0009765625,10
23962,0.0009765625,10
23963,0.001953125,9
23964,0.0009765625,10
23965,0.0009765625,10
23966,0.0009765625,10
23967,0.001953125,9
23968,0.0009765625,10
23969,0.0009765625,10
23970,0.0009765625,10
23971,0.001953125,9
23972,0.0009765625,10
23973,0.0009765625,10
23974,0.0009765625,10
23975,0.0009765625,10
23976,0.001953125,9
23977,0.0009765625,10
23978,0.0009765625,10
23979,0.0009765625,10
23980,0.001953125,9
23981,0.0009765625,10
23982,0.0009765625,10
23983,0.0009765625,10
23984,0.001953125,9
23985,0.0009765625,10
23986,0.0009765625,10
23987,0.0009765625,10
23988,0.0009765625,10
23989,0.001953125,9
23990,0.0009765625,10
23991,0.0009765625,10
23992,0.0009765625,10
23993,0.001953125,9
23994,0.0009765625,10
23995,0.0009765625,10
23996,0.0009765625,10
23997,0.001953125,9
23998,0.0009765625,10
23999,0.0009765625,10
24000,0.0009765625,10
24001,0.0009765625,10
24002,0.001953125,9
24003,0.0009765625,10
24004,0.0009765625,10
24005,0.0009765625,10
24006,0.001953125,9
24007,0.0009765625,10
24008,0.0009765625,10
24009,0.0009765625,10
24010,0.0009765625,10
24011,0.001953125,9
24012,0.0009765625,10
24013,0.0009765625,10
24014,0.0009765625,10
24015,0.001953125,9
24016,0.0009765625,10
24017,0.0009765625,10
24018,0.0009765625,10
24019,0.001953125,9
24020,0.0009765625,10
24021,0.0009765625,10
24022,0.0009765625,10
24023,0.0009765625,10
24024,0.001953125,9
24025,0.0009765625,10
24026,0.0009765625,10
24027,0.0009765625,10
24028,0.001953125,9
24029,0.0009765625,10
24030,0.0009765625,10
24031,0.0009765625,10
24032,0.001953125,9
24033,0.0009765625,10
24034,0.0009765625,10
24035,0.0009765625,10
24036,0.0009765625,10
24037,0.001953125,9
24038,0.0009765625,10
24039,0.0009765625,10
24040,0.0009765625,10
24041,0.001953125,9
24042,0.0009765625,10
24043,0.0009765625,10
24044,0.0009765625,10
24045,0.0009765625,10
24046,0.001953125,9
24047,0.0009765625,10
24048,0.0009765625,10
24049,0.0009765625,10
24050,0.001953125,9
24051,0.0009765625,10
24052,0.0009765625,10
24053,0.0009765625,10
24054,0.001953125,9
24055,0.0009765625,10
24056,0.0009765625,10
24057,0.0009765625,10
24058,0.0009765625,10
24059,0.001953125,9
24060,0.0009765625,10
24061,0.0009765625,10
24062,0.0009765625,10
24063,0.001953125,9
24064,0.0009765625,10
24065,0.0009765625,10
24066,0.0009765625,10
24067,0.001953125,9
24068,0.0009765625,10
24069,0.0009765625,10
24070,0.0009765625,10
24071,0.0009765625,10
24072,0.001953125,9
24073,0.0009765625,10
24074,0.0009765625,10
24075,0.0009765625,10
24076,0.001953125,9
24077,0.0009765625,10
24078,0.0009765625,10
24079,0.0009765625,10
24080,0.001953125,9
24081,0.0009765625,10
24082,0.0009765625,10
24083,0.0009765625,10
24084,0.0009765625,10
24085,0.001953125,9
24086,0.0009765625,10
24087,0.0009765625,10
24088,0.0009765625,10
24089,0.001953125,9
24090,0.0009765625,10
24091,0.0009765625,10
24092,0.0009765625,10
24093,0.0009765625,10
24094,0.001953125,9
24095,0.0009765625,10
24096,0.0009765625,10
24097,0.0009765625,10
24098,0.001953125,9
24099,0.0009765625,10
24100,0.0009765625,10
24101,0.0009765625,10
24102,0.001953125,9
24103,0.0009765625,10
24104,0.0009765625,10
24105,0.0009765625,10
24106,0.0009765625,10
24107,0.001953125,9
24108,0.0009765625,10
24109,0.0009765625,10
24110,0.0009765625,10
24111,0.001953125,9
24112,0.0009765625,10
24113,0.0009765625,10
24114,0.0009765625,10
24115,0.001953125,9
24116,0.0009765625,10
24117,0.0009765625,10
24118,0.0009765625,10
24119,0.0009765625,10
24120,0.001953125,9
24121,0.0009765625,10
24122,0.0009765625,10
24123,0.0009765625,10
24124,0.001953125,9
24125,0.0009765625,10
24126,0.0009765625,10
24127,0.0009765625,10
24128,0.0009765625,10
24129,0.001953125,9
24130,0.0009765625,10
24131,0.0009765625,10
24132,0.0009765625,10
24133,0.001953125,9
24134,0.0009765625,10
24135,0.0009765625,10
24136,0.0009765625,10
24137,0.001953125,9
24138,0.0009765625,10
24139,0.0009765625,10
24140,0.0009765625,10
24141,0.0009765625,10
24142,0.001953125,9
24143,0.0009765625,10
24144,0.0009765625,10
24145,0.0009765625,10
24146,0.001953125,9
24147,0.0009765625,10
24148,0.0009765625,10
24149,0.0009765625,10
24150,0.001953125,9
24151,0.0009765625,10
24152,0.0009765625,10
24153,0.0009765625,10
24154,0.0009765625,10
24155,0.001953125,9
24156,0.0009765625,10
24157,0.0009765625,10
24158,0.0009765625,10
24159,0.001953125,9
24160,0.0009765625,10
24161,0.0009765625,10
24162,0.0009765625,10
24163,0.001953125,9
24164,0.0009765625,10
24165,0.0009765625,10
24166,0.0009765625,10
24167,0.0009765625,10
24168,0.001953125,9
24169,0.0009765625,10
24170,0.0009765625,10
24171,0.0009765625,10
24172,0.001953125,9
24173,0.0009765625,10
24174,0.0009765625,10
24175,0.0009765625,10
24176,0.0009765625,10
24177,0.001953125,9
24178,0.0009765625,10
24179,0.0009765625,10
24180,0.0009765625,10
24181,0.001953125,9
24182,0.0009765625,10
24183,0.0009765625,10
24184,0.0009765625,10
24185,0.001953125,9
24186,0.0009765625,10
24187,0.0009765625,10
24188,0.0009765625,10
24189,0.0009765625,10
24190,0.001953125,9
24191,0.0009765625,10
24192,0.0009765625,10
24193,0.0009765625,10
24194,0.001953125,9
24195,0.0009765625,10
24196,0.0009765625,10
24197,0.0009765625,10
24198,0.001953125,9
24199,0.0009765625,10
24200,0.0009765625,10
24201,0.0009765625,10
24202,0.0009765625,10
24203,0.001953125,9
24204,0.0009765625,10
24205,0.0009765625,10
24206,0.0009765625,10
24207,0.001953125,9
24208,0.0009765625,10
24209,0.0009765625,10
24210,0.0009765625,10
24211,0.0009765625,10
24212,0.001953125,9
24213,0.0009765625,10
24214,0.0009765625,10
24215,0.0009765625,10
24216,0.001953125,9
24217,0.0009765625,10
24218,0.0009765625,10
24219,0.0009765625,10
24220,0.001953125,9
24221,0.0009765625,10
24222,0.0009765625,10
24223,0.0009765625,10
24224,0.0009765625,10
24225,0.001953125,9
24226,0.0009765625,10
24227,0.0009765625,10
24228,0.0009765625,10
24229,0.001953125,9
24230,0.0009765625,10
24231,0.0009765625,10
24232,0.0009765625,10
24233,0.001953125,9
24234,0.0009765625,10
24235,0.0009765625,10
24236,0.0009765625,10
24237,0.0009765625,10
24238,0.001953125,9
24239,0.0009765625,10
24240,0.0009765625,10
24241,0.0009765625,10
24242,0.001953125,9
24243,0.0009765625,10
24244,0.0009765625,10
24245,0.0009765625,10
24246,0.001953125,9
24247,0.0009765625,10
24248,0.0009765625,10
24249,0.0009765625,10
24250,0.0009765625,10
24251,0.001953125,9
24252,0.0009765625,10
24253,0.0009765625,10
24254,0.0009765625,10
24255,0.001953125,9
24256,0.0009765625,10
24257,0.0009765625,10
24258,0.0009765625,10
24259,0.0009765625,10
24260,0.001953125,9
24261,0.0009765625,10
24262,0.0009765625,10
24263,0.0009765625,10
24264,0.001953125,9
24265,0.0009765625,10
24266,0.0009765625,10
24267,0.0009765625,10
24268,0.001953125,9
24269,0.0009765625,10
24270,0.0009765625,10
24271,0.0009765625,10
24272,0.0009765625,10
24273,0.001953125,9
24274,0.0009765625,10
24275,0.0009765625,10
24276,0.0009765625,10
24277,0.001953125,9
24278,0.0009765625,10
24279,0.0009765625,10
24280,0.0009765625,10
24281,0.001953125,9
24282,0.0009765625,10
24283,0.0009765625,10
24284,0.0009765625,10
24285,0.0009765625,10
24286,0.001953125,9
24287,0.0009765625,10
24288,0.0009765625,10
24289,0.0009765625,10
24290,0.001953125,9
24291,0.0009765625,10
24292,0.0009765625,10
24293,0.0009765625,10
24294,0.0009765625,10
24295,0.001953125,9
24296,0.0009765625,10
24297,0.0009765625,10
24298,0.0009765625,10
24299,0.001953125,9
24300,0.0009765625,10
24301,0.0009765625,10
24302,0.0009765625,10
24303,0.001953125,9
24304,0.0009765625,10
24305,0.0009765625,10
24306,0.0009765625,10
24307,0.0009765625,10
24308,0.001953125,9
24309,0.0009765625,10
24310,0.0009765625,10
24311,0.0009765625,10
24312,0.001953125,9
24313,0.0009765625,10
24314,0.0009765625,10
24315,0.0009765625,10
24316,0.001953125,9
24317,0.0009765625,10
24318,0.0009765625,10
24319,0.0009765625,10
24320,0.0009765625,10
24321,0.001953125,9
24322,0.0009765625,10
24323,0.0009765625,10
24324,0.0009765625,10
24325,0.001953125,9
24326,0.0009765625,10
24327,0.0009765625,10
24328,0.0009765625,10
24329,0.001953125,9
24330,0.0009765625,10
24331,0.0009765625,10
24332,0.0009765625,10
24333,0.0009765625,10
24334,0.001953125,9
24335,0.0009765625,10
24336,0.0009765625,10
24337,0.0009765625,10
24338,0.001953125,9
24339,0.0009765625,10
24340,0.0009765625,10
24341,0.0009765625,10
24342,0.0009765625,10
24343,0.001953125,9
24344,0.0009765625,10
24345,0.0009765625,10
24346,0.0009765625,10
24347,0.001953125,9
24348,0.0009765625,10
24349,0.0009765625,10
24350,0.0009765625,10
24351,0.001953125,9
24352,0.0009765625,10
24353,0.0009765625,10
24354,0.0009765625,10
24355,0.0009765625,10
24356,0.001953125,9
24357,0.0009765625,10
24358,0.0009765625,10
24359,0.0009765625,10
24360,0.001953125,9
24361,0.0009765625,10
24362,0.0009765625,10
24363,0.0009765625,10
24364,0.001953125,9
24365,0.0009765625,10
24366,0.0009765625,10
24367,0.0009765625,10
24368,0.0009765625,10
24369,0.001953125,9
24370,0.0009765625,10
24371,0.0009765625,10
24372,0.0009765625,10
24373,0.001953125,9
24374,0.0009765625,10
24375,0.0009765625,10
24376,0.0009765625,10
24377,0.0009765625,10
24378,0.001953125,9
24379,0.0009765625,10
24380,0.0009765625,10
24381,0.0009765625,10
24382,0.001953125,9
24383,0.0009765625,10
24384,0.0009765625,10
24385,0.0009765625,10
24386,0.001953125,9
24387,0.0009765625,10
24388,0.0009765625,10
24389,0.0009765625,10
24390,0.0009765625,10
24391,0.001953125,9
24392,0.0009765625,10
24393,0.0009765625,10
24394,0.0009765625,10
24395,0.001953125,9
24396,0.0009765625,10
24397,0.0009765625,10
24398,0.0009765625,10
24399,0.001953125,9
24400,0.0009765625,10
24401,0.0009765625,10
24402,0.0009765625,10
24403,0.0009765625,10
24404,0.001953125,9
24405,0.0009765625,10
24406,0.0009765625,10
24407,0.0009765625,10
24408,0.001953125,9
24409,0.0009765625,10
24410,0.0009765625,10
24411,0.0009765625,10
24412,0.001953125,9
24413,0.0009765625,10
24414,0.0009765625,10
24415,0.0009765625,10
24416,0.0009765625,10
24417,0.001953125,9
24418,0.0009765625,10
24419,0.0009765625,10
24420,0.0009765625,10
24421,0.001953125,9
24422,0.0009765625,10
24423,0.0009765625,10
24424,0.0009765625,10
24425,0.0009765625,10
24426,0.001953125,9
24427,0.0009765625,10
24428,0.0009765625,10
24429,0.0009765625,10
24430,0.001953125,9
24431,0.0009765625,10
24432,0.0009765625,10
24433,0.0009765625,10
24434,0.001953125,9
24435,0.0009765625,10
24436,0.0009765625,10
24437,0.0009765625,10
24438,0.0009765625,10
24439,0.001953125,9
24440,0.0009765625,10
24441,0.0009765625,10
24442,0.0009765625,10
24443,0.001953125,9
24444,0.0009765625,10
24445,0.0009765625,10
24446,0.0009765625,10
24447,0.001953125,9
24448,0.0009765625,10
24449,0.0009765625,10
24450,0.0009765625,10
24451,0.0009765625,10
24452,0.001953125,9
24453,0.0009765625,10
24454,0.0009765625,10
24455,0.0009765625,10
24456,0.001953125,9
24457,0.0009765625,10
24458,0.0009765625,10
24459,0.0009765625,10
24460,0.0009765625,10
24461,0.001953125,9
24462,0.0009765625,10
24463,0.0009765625,10
24464,0.0009765625,10
24465,0.001953125,9
24466,0.0009765625,10
24467,0.0009765625,10
24468,0.0009765625,10
24469,0.001953125,9
24470,0.0009765625,10
24471,0.0009765625,10
24472,0.0009765625,10
24473,0.0009765625,10
24474,0.001953125,9
24475,0.0009765625,10
24476,0.0009765625,10
24477,0.0009765625,10
24478,0.001953125,9
24479,0.0009765625,10
24480,0.0009765625,10
24481,0.0009765625,10
24482,0.001953125,9
24483,0.0009765625,10
24484,0.0009765625,10
24485,0.0009765625,10
24486,0.0009765625,10
24487,0.001953125,9
24488,0.0009765625,10
24489,0.0009765625,10
24490,0.0009765625,10
24491,0.001953125,9
24492,0.0009765625,10
24493,0.0009765625,10
24494,0.0009765625,10
24495,0.001953125,9
24496,0.0009765625,10
24497,0.0009765625,10
24498,0.0009765625,10
24499,0.0009765625,10
24500,0.001953125,9
24501,0.0009765625,10
24502,0.0009765625,10
24503,0.0009765625,10
24504,0.001953125,9
24505,0.0009765625,10
24506,0.0009765625,10
24507,0.0009765625,10
24508,0.0009765625,10
24509,0.001953125,9
24510,0.0009765625,10
24511,0.0009765625,10
24512,0.0009765625,10
24513,0.001953125,9
24514,0.0009765625,10
24515,0.0009765625,10
24516,0.0009765625,10
24517,0.001953125,9
24518,0.0009765625,10
24519,0.0009765625,10
24520,0.0009765625,10
24521,0.0009765625,10
24522,0.001953125,9
24523,0.0009765625,10
24524,0.0009765625,10
24525,0.0009765625,10
24526,0.001953125,9
24527,0.0009765625,10
24528,0.0009765625,10
24529,0.0009765625,10
24530,0.001953125,9
24531,0.0009765625,10
24532,0.0009765625,10
24533,0.0009765625,10
24534,0.0009765625,10
24535,0.001953125,9
24536,0.0009765625,10
24537,0.0009765625,10
24538,0.0009765625,10
24539,0.001953125,9
24540,0.0009765625,10
24541,0.0009765625,10
24542,0.0009765625,10
24543,0.0009765625,10
24544,0.001953125,9
24545,0.0009765625,10
24546,0.0009765625,10
24547,0.0009765625,10
24548,0.001953125,9
24549,0.0009765625,10
24550,0.0009765625,10
24551,0.0009765625,10
24552,0.001953125,9
24553,0.0009765625,10
24554,0.0009765625,10
24555,0.0009765625,10
24556,0.0009765625,10
24557,0.001953125,9
24558,0.0009765625,10
24559,0.0009765625,10
24560,0.0009765625,10
24561,0.001953125,9
24562,0.0009765625,10
24563,0.0009765625,10
24564,0.0009765625,10
24565,0.001953125,9
24566,0.0009765625,10
24567,0.0009765625,10
24568,0.0009765625,10
24569,0.0009765625,10
24570,0.001953125,9
24571,0.0009765625,10
24572,0.0009765625,10
24573,0.0009765625,10
24574,0.001953125,9
24575,0.0009765625,10
24576,0.0009765625,10
24577,0.0009765625,10
24578,0.001953125,9
24579,0.0009765625,10
24580,0.0009765625,10
24581,0.0009765625,10
24582,0.0009765625,10
24583,0.001953125,9
24584,0.0009765625,10
24585,0.0009765625,10
24586,0.0009765625,10
24587,0.001953125,9
24588,0.0009765625,10
24589,0.0009765625,10
24590,0.0009765625,10
24591,0.0009765625,10
24592,0.001953125,9
24593,0.0009765625,10
24594,0.0009765625,10
24595,0.0009765625,10
24596,0.001953125,9
24597,0.0009765625,10
24598,0.0009765625,10
24599,0.0009765625,10
24600,0.001953125,9
24601,0.0009765625,10
24602,0.0009765625,10
24603,0.0009765625,10
24604,0.0009765625,10
24605,0.001953125,9
24606,0.0009765625,10
24607,0.0009765625,10
24608,0.0009765625,10
24609,0.001953125,9
24610,0.0009765625,10
24611,0.0009765625,10
24612,0.0009765625,10
24613,0.001953125,9
24614,0.0009765625,10
24615,0.0009765625,10
24616,0.0009765625,10
24617,0.0009765625,10
24618,0.001953125,9
24619,0.0009765625,10
24620,0.0009765625,10
24621,0.0009765625,10
24622,0.001953125,9
24623,0.0009765625,10
24624,0.0009765625,10
24625,0.0009765625,10
24626,0.0009765625,10
24627,0.001953125,9
24628,0.0009765625,10
24629,0.0009765625,10
24630,0.0009765625,10
24631,0.001953125,9
24632,0.0009765625,10
24633,0.0009765625,10
24634,0.0009765625,10
24635,0.001953125,9
24636,0.0009765625,10
24637,0.0009765625,10
24638,0.0009765625,10
24639,0.0009765625,10
24640,0.001953125,9
24641,0.0009765625,10
24642,0.0009765625,10
24643,0.0009765625,10
24644,0.001953125,9
24645,0.0009765625,10
24646,0.0009765625,10
24647,0.0009765625,10
24648,0.001953125,9
24649,0.0009765625,10
24650,0.0009765625,10
24651,0.0009765625,10
24652,0.0009765625,10
24653,0.001953125,9
24654,0.0009765625,10
24655,0.0009765625,10
24656,0.0009765625,10
24657,0.001953125,9
24658,0.0009765625,10
24659,0.0009765625,10
24660,0.0009765625,10
24661,0.001953125,9
24662,0.0009765625,10
24663,0.0009765625,10
24664,0.0009765625,10
24665,0.0009765625,10
24666,0.001953125,9
24667,0.0009765625,10
24668,0.0009765625,10
24669,0.0009765625,10
24670,0.001953125,9
24671,0.0009765625,10
24672,0.0009765625,10
24673,0.0009765625,10
24674,0.0009765625,10
24675,0.001953125,9
24676,0.0009765625,10
24677,0.0009765625,10
24678,0.0009765625,10
24679,0.001953125,9
24680,0.0009765625,10
24681,0.0009765625,10
24682,0.0009765625,10
24683,0.001953125,9
24684,0.0009765625,10
24685,0.0009765625,10
24686,0.0009765625,10
24687,0.0009765625,10
24688,0.001953125,9
24689,0.0009765625,10
24690,0.0009765625,10
24691,0.0009765625,10
24692,0.001953125,9
24693,0.0009765625,10
24694,0.0009765625,10
24695,0.0009765625,10
24696,0.001953125,9
24697,0.0009765625,10
24698,0.0009765625,10
24699,0.0009765625,10
24700,0.0009765625,10
24701,0.001953125,9
24702,0.0009765625,10
24703,0.0009765625,10
24704,0.0009765625,10
24705,0.001953125,9
24706,0.0009765625,10
24707,0.0009765625,10
24708,0.0009765625,10
24709,0.0009765625,10
24710,0.001953125,9
24711,0.0009765625,10
24712,0.0009765625,10
24713,0.0009765625,10
24714,0.001953125,9
24715,0.0009765625,10
24716,0.0009765625,10
24717,0.0009765625,10
24718,0.001953125,9
24719,0.0009765625,10
24720,0.0009765625,10
24721,0.0009765625,10
24722,0.0009765625,10
24723,0.001953125,9
24724,0.0009765625,10
24725,0.0009765625,10
24726,0.0009765625,10
24727,0.001953125,9
24728,0.0009765625,10
24729,0.0009765625,10
24730,0.0009765625,10
24731,0.001953125,9
24732,0.0009765625,10
24733,0.0009765625,10
24734,0.0009765625,10
24735,0.0009765625,10
24736,0.001953125,9
24737,0.0009765625,10
24738,0.0009765625,10
24739,0.0009765625,10
24740,0.001953125,9
24741,0.0009765625,10
24742,0.0009765625,10
24743,0.0009765625,10
24744,0.001953125,9
24745,0.0009765625,10
24746,0.0009765625,10
24747,0.0009765625,10
24748,0.0009765625,10
24749,0.001953125,9
24750,0.0009765625,10
24751,0.0009765625,10
24752,0.0009765625,10
24753,0.001953125,9
24754,0.0009765625,10
24755,0.0009765625,10
24756,0.0009765625,10
24757,0.0009765625,10
24758,0.001953125,9
24759,0.0009765625,10
24760,0.0009765625,10
24761,0.0009765625,10
24762,0.001953125,9
24763,0.0009765625,10
24764,0.0009765625,10
24765,0.0009765625,10
24766,0.001953125,9
24767,0.0009765625,10
24768,0.0009765625,10
24769,0.0009765625,10
24770,0.0009765625,10
24771,0.001953125,9
24772,0.0009765625,10
24773,0.0009765625,10
24774,0.0009765625,10
24775,0.001953125,9
24776,0.0009765625,10
24777,0.0009765625,10
24778,0.0009765625,10
24779,0.001953125,9
24780,0.0009765625,10
24781,0.0009765625,10
24782,0.0009765625,10
24783,0.0009765625,10
24784,0.001953125,9
24785,0.0009765625,10
24786,0.0009765625,10
24787,0.0009765625,10
24788,0.001953125,9
24789,0.0009765625,10
24790,0.0009765625,10
24791,0.0009765625,10
24792,0.0009765625,10
24793,0.001953125,9
24794,0.0009765625,10
24795,0.0009765625,10
24796,0.0009765625,10
24797,0.001953125,9
24798,0.0009765625,10
24799,0.0009765625,10
24800,0.0009765625,10
24801,0.001953125,9
24802,0.0009765625,10
24803,0.0009765625,10
24804,0.0009765625,10
24805,0.0009765625,10
24806,0.001953125,9
24807,0.0009765625,10
24808,0.0009765625,10
24809,0.0009765625,10
24810,0.001953125,9
24811,0.0009765625,10
24812,0.0009765625,10
24813,0.0009765625,10
24814,0.001953125,9
24815,0.0009765625,10
24816,0.0009765625,10
24817,0.0009765625,10
24818,0.0009765625,10
24819,0.001953125,9
24820,0.0009765625,10
24821,0.0009765625,10
24822,0.0009765625,10
24823,0.001953125,9
24824,0.0009765625,10
24825,0.0009765625,10
24826,0.0009765625,10
24827,0.001953125,9
24828,0.0009765625,10
24829,0.0009765625,10
24830,0.0009765625,10
24831,0.0009765625,10
24832,0.001953125,9
24833,0.0009765625,10
24834,0.0009765625,10
24835,0.0009765625,10
24836,0.001953125,9
24837,0.0009765625,10
24838,0.0009765625,10
24839,0.0009765625,10
24840,0.0009765625,10
24841,0.001953125,9
24842,0.0009765625,10
24843,0.0009765625,10
24844,0.0009765625,10
24845,0.001953125,9
24846,0.0009765625,10
24847,0.0009765625,10
24848,0.0009765625,10
24849,0.001953125,9
24850,0.0009765625,10
24851,0.0009765625,10
24852,0.0009765625,10
24853,0.0009765625,10
24854,0.001953125,9
24855,0.0009765625,10
24856,0.0009765625,10
24857,0.0009765625,10
24858,0.001953125,9
24859,0.0009765625,10
24860,0.0009765625,10
24861,0.0009765625,10
24862,0.001953125,9
24863,0.0009765625,10
24864,0.0009765625,10
24865,0.0009765625,10
24866,0.0009765625,10
24867,0.001953125,9
24868,0.0009765625,10
24869,0.0009765625,10
24870,0.0009765625,10
24871,0.001953125,9
24872,0.0009765625,10
24873,0.0009765625,10
24874,0.0009765625,10
24875,0.0009765625,10
24876,0.001953125,9
24877,0.0009765625,10
24878,0.0009765625,10
24879,0.0009765625,10
24880,0.001953125,9
24881,0.0009765625,10
24882,0.0009765625,10
24883,0.0009765625,10
24884,0.001953125,9
24885,0.0009765625,10
24886,0.0009765625,10
24887,0.0009765625,10
24888,0.0009765625,10
24889,0.001953125,9
24890,0.0009765625,10
24891,0.0009765625,10
24892,0.0009765625,10
24893,0.001953125,9
24894,0.0009765625,10
24895,0.0009765625,10
24896,0.0009765625,10
24897,0.001953125,9
24898,0.0009765625,10
24899,0.0009765625,10
24900,0.0009765625,10
24901,0.0009765625,10
24902,0.001953125,9
24903,0.0009765625,10
24904,0.0009765625,10
24905,0.0009765625,10
24906,0.001953125,9
24907,0.0009765625,10
24908,0.0009765625,10
24909,0.0009765625,10
24910,0.001953125,9
24911,0.0009765625,10
24912,0.0009765625,10
24913,0.0009765625,10
24914,0.0009765625,10
24915,0.001953125,9
24916,0.0009765625,10
24917,0.0009765625,10
24918,0.0009765625,10
24919,0.001953125,9
24920,0.0009765625,10
24921,0.0009765625,10
24922,0.0009765625,10
24923,0.0009765625,10
24924,0.001953125,9
24925,0.0009765625,10
24926,0.0009765625,10
24927,0.0009765625,10
24928,0.001953125,9
24929,0.0009765625,10
24930,0.0009765625,10
24931,0.0009765625,10
24932,0.001953125,9
24933,0.0009765625,10
24934,0.0009765625,10
24935,0.0009765625,10
24936,0.0009765625,10
24937,0.001953125,9
24938,0.0009765625,10
24939,0.0009765625,10
24940,0.0009765625,10
24941,0.001953125,9
24942,0.0009765625,10
24943,0.0009765625,10
24944,0.0009765625,10
24945,0.001953125,9
24946,0.0009765625,10
24947,0.0009765625,10
24948,0.0009765625,10
24949,0.0009765625,10
24950,0.001953125,9
24951,0.0009765625,10
24952,0.0009765625,10
24953,0.0009765625,10
24954,0.001953125,9
24955,0.0009765625,10
24956,0.0009765625,10
24957,0.0009765625,10
24958,0.0009765625,10
24959,0.001953125,9
24960,0.0009765625,10
24961,0.0009765625,10
24962,0.0009765625,10
24963,0.001953125,9
24964,0.0009765625,10
24965,0.0009765625,10
24966,0.0009765625,10
24967,0.001953125,9
24968,0.0009765625,10
24969,0.0009765625,10
24970,0.0009765625,10
24971,0.0009765625,10
24972,0.001953125,9
24973,0.0009765625,10
24974,0.0009765625,10
24975,0.0009765625,10
24976,0.001953125,9
24977,0.0009765625,10
24978,0.0009765625,10
24979,0.0009765625,10
24980,0.001953125,9
24981,0.0009765625,10
24982,0.0009765625,10
24983,0.0009765625,10
24984,0.0009765625,10
24985,0.001953125,9
24986,0.0009765625,10
24987,0.0009765625,10
24988,0.0009765625,10
24989,0.001953125,9
24990,0.0009765625,10
24991,0.0009765625,10
24992,0.0009765625,10
24993,0.001953125,9
24994,0.0009765625,10
24995,0.0009765625,10
24996,0.0009765625,10
24997,0.0009765625,10
24998,0.001953125,9
24999,0.0009765625,10
25000,0.0009765625,10
25001,0.0009765625,10
25002,0.001953125,9
25003,0.0009765625,10
25004,0.0009765625,10
25005,0.0009765625,10
25006,0.0009765625,10
25007,0.001953125,9
25008,0.0009765625,10
25009,0.0009765625,10
25010,0.0009765625,10
25011,0.001953125,9
25012,0.0009765625,10
25013,0.0009765625,10
25014,0.0009765625,10
25015,0.001953125,9
25016,0.0009765625,10
25017,0.0009765625,10
25018,0.0009765625,10
25019,0.0009765625,10
25020,0.001953125,9
25021,0.0009765625,10
25022,0.0009765625,10
25023,0.0009765625,10
25024,0.001953125,9
25025,0.0009765625,10
25026,0.0009765625,10
25027,0.0009765625,10
25028,0.001953125,9
25029,0.0009765625,10
25030,0.0009765625,10
25031,0.0009765625,10
25032,0.0009765625,10
25033,0.001953125,9
25034,0.0009765625,10
25035,0.0009765625,10
25036,0.0009765625,10
25037,0.001953125,9
25038,0.0009765625,10
25039,0.0009765625,10
25040,0.0009765625,10
25041,0.0009765625,10
25042,0.001953125,9
25043,0.0009765625,10
25044,0.0009765625,10
25045,0.0009765625,10
25046,0.001953125,9
25047,0.0009765625,10
25048,0.0009765625,10
25049,0.0009765625,10
25050,0.001953125,9
25051,0.0009765625,10
25052,0.0009765625,10
25053,0.0009765625,10
25054,0.0009765625,10
25055,0.001953125,9
25056,0.0009765625,10
25057,0.0009765625,10
25058,0.0009765625,10
25059,0.001953125,9
25060,0.0009765625,10
25061,0.0009765625,10
25062,0.0009765625,10
25063,0.001953125,9
25064,0.0009765625,10
25065,0.0009765625,10
25066,0.0009765625,10
25067,0.0009765625,10
25068,0.001953125,9
25069,0.0009765625,10
25070,0.0009765625,10
25071,0.0009765625,10
25072,0.001953125,9
25073,0.0009765625,10
25074,0.0009765625,10
25075,0.0009765625,10
25076,0.001953125,9
25077,0.0009765625,10
25078,0.0009765625,10
25079,0.0009765625,10
25080,0.0009765625,10
25081,0.001953125,9
25082,0.0009765625,10
25083,0.0009765625,10
25084,0.0009765625,10
25085,0.001953125,9
25086,0.0009765625,10
25087,0.0009765625,10
25088,0.0009765625,10
25089,0.0009765625,10
25090,0.001953125,9
25091,0.0009765625,10
25092,0.0009765625,10
25093,0.0009765625,10
25094,0.001953125,9
25095,0.0009765625,10
25096,0.0009765625,10
25097,0.0009765625,10
25098,0.001953125,9
25099,0.0009765625,10
25100,0.0009765625,10
25101,0.0009765625,10
25102,0.0009765625,10
25103,0.001953125,9
25104,0.0009765625,10
25105,0.0009765625,10
25106,0.0009765625,10
25107,0.001953125,9
25108,0.0009765625,10
25109,0.0009765625,10
25110,0.0009765625,10
25111,0.001953125,9
25112,0.0009765625,10
25113,0.0009765625,10
25114,0.0009765625,10
25115,0.0009765625,10
25116,0.001953125,9
25117,0.0009765625,10
25118,0.0009765625,10
25119,0.0009765625,10
25120,0.001953125,9
25121,0.0009765625,10
25122,0.0009765625,10
25123,0.0009765625,10
25124,0.0009765625,10
25125,0.001953125,9
25126,0.0009765625,10
25127,0.0009765625,10
25128,0.0009765625,10
25129,0.001953125,9
25130,0.0009765625,10
25131,0.0009765625,10
25132,0.0009765625,10
25133,0.001953125,9
25134,0.0009765625,10
25135,0.0009765625,10
25136,0.0009765625,10
25137,0.0009765625,10
25138,0.001953125,9
25139,0.0009765625,10
25140,0.0009765625,10
25141,0.0009765625,10
25142,0.001953125,9
25143,0.0009765625,10
25144,0.0009765625,10
25145,0.0009765625,10
25146,0.001953125,9
25147,0.0009765625,10
25148,0.0009765625,10
25149,0.0009765625,10
25150,0.0009765625,10
25151,0.001953125,9
25152,0.0009765625,10
25153,0.0009765625,10
25154,0.0009765625,10
25155,0.001953125,9
25156,0.0009765625,10
25157,0.0009765625,10
25158,0.0009765625,10
25159,0.001953125,9
25160,0.0009765625,10
25161,0.0009765625,10
25162,0.0009765625,10
25163,0.0009765625,10
25164,0.001953125,9
25165,0.0009765625,10
25166,0.0009765625,10
25167,0.0009765625,10
25168,0.001953125,9
25169,0.0009765625,10
25170,0.0009765625,10
25171,0.0009765625,10
25172,0.0009765625,10
25173,0.001953125,9
25174,0.0009765625,10
25175,0.0009765625,10
25176,0.0009765625,10
25177,0.001953125,9
25178,0.0009765625,10
25179,0.0009765625,10
25180,0.0009765625,10
25181,0.001953125,9
25182,0.0009765625,10
25183,0.0009765625,10
25184,0.0009765625,10
25185,0.0009765625,10
25186,0.001953125,9
25187,0.0009765625,10
25188,0.0009765625,10
25189,0.0009765625,10
25190,0.001953125,9
25191,0.0009765625,10
25192,0.0009765625,10
25193,0.0009765625,10
25194,0.001953125,9
25195,0.0009765625,10
25196,0.0009765625,10
25197,0.0009765625,10
25198,0.0009765625,10
25199,0.001953125,9
25200,0.0009765625,10
25201,0.0009765625,10
25202,0.0009765625,10
25203,0.001953125,9
25204,0.0009765625,10
25205,0.0009765625,10
25206,0.0009765625,10
25207,0.0009765625,10
25208,0.001953125,9
25209,0.0009765625,10
25210,0.0009765625,10
25211,0.0009765625,10
25212,0.001953125,9
25213,0.0009765625,10
25214,0.0009765625,10
25215,0.0009765625,10
25216,0.001953125,9
25217,0.0009765625,10
25218,0.0009765625,10
25219,0.0009765625,10
25220,0.0009765625,10
25221,0.001953125,9
25222,0.0009765625,10
25223,0.0009765625,10
25224,0.0009765625,10
25225,0.001953125,9
25226,0.0009765625,10
25227,0.0009765625,10
25228,0.0009765625,10
25229,0.001953125,9
25230,0.0009765625,10
25231,0.0009765625,10
25232,0.0009765625,10
25233,0.0009765625,10
25234,0.001953125,9
25235,0.0009765625,10
25236,0.0009765625,10
25237,0.0009765625,10
25238,0.001953125,9
25239,0.0009765625,10
25240,0.0009765625,10
25241,0.0009765625,10
25242,0.001953125,9
25243,0.0009765625,10
25244,0.0009765625,10
25245,0.0009765625,10
25246,0.0009765625,10
25247,0.001953125,9
25248,0.0009765625,10
25249,0.0009765625,10
25250,0.0009765625,10
25251,0.001953125,9
25252,0.0009765625,10
25253,0.0009765625,10
25254,0.0009765625,10
25255,0.0009765625,10
25256,0.001953125,9
25257,0.0009765625,10
25258,0.0009765625,10
25259,0.0009765625,10
25260,0.001953125,9
25261,0.0009765625,10
25262,0.0009765625,10
25263,0.0009765625,10
25264,0.001953125,9
25265,0.0009765625,10
25266,0.0009765625,10
25267,0.0009765625,10
25268,0.0009765625,10
25269,0.001953125,9
25270,0.0009765625,10
25271,0.0009765625,10
25272,0.0009765625,10
25273,0.001953125,9
25274,0.0009765625,10
25275,0.0009765625,10
25276,0.0009765625,10
25277,0.001953125,9
25278,0.0009765625,10
25279,0.0009765625,10
25280,0.0009765625,10
25281,0.0009765625,10
25282,0.001953125,9
25283,0.0009765625,10
25284,0.0009765625,10
25285,0.0009765625,10
25286,0.001953125,9
25287,0.0009765625,10
25288,0.0009765625,10
25289,0.0009765625,10
25290,0.0009765625,10
25291,0.001953125,9
25292,0.0009765625,10
25293,0.0009765625,10
25294,0.0009765625,10
25295,0.001953125,9
25296,0.0009765625,10
25297,0.0009765625,10
25298,0.0009765625,10
25299,0.001953125,9
25300,0.0009765625,10
25301,0.0009765625,10
25302,0.0009765625,10
25303,0.0009765625,10
25304,0.001953125,9
25305,0.0009765625,10
25306,0.0009765625,10
25307,0.0009765625,10
25308,0.001953125,9
25309,0.0009765625,10
25310,0.0009765625,10
25311,0.0009765625,10
25312,0.001953125,9
25313,0.0009765625,10
25314,0.0009765625,10
25315,0.0009765625,10
25316,0.0009765625,10
25317,0.001953125,9
25318,0.0009765625,10
25319,0.0009765625,10
25320,0.0009765625,10
25321,0.001953125,9
25322,0.0009765625,10
25323,0.0009765625,10
25324,0.0009765625,10
25325,0.001953125,9
25326,0.0009765625,10
25327,0.0009765625,10
25328,0.0009765625,10
25329,0.0009765625,10
25330,0.001953125,9
25331,0.0009765625,10
25332,0.0009765625,10
25333,0.0009765625,10
25334,0.001953125,9
25335,0.0009765625,10
25336,0.0009765625,10
25337,0.0009765625,10
25338,0.0009765625,10
25339,0.001953125,9
25340,0.0009765625,10
25341,0.0009765625,10
25342,0.0009765625,10
25343,0.001953125,9
25344,0.0009765625,10
25345,0.0009765625,10
25346,0.0009765625,10
25347,0.001953125,9
25348,0.0009765625,10
25349,0.0009765625,10
25350,0.0009765625,10
25351,0.0009765625,10
25352,0.001953125,9
25353,0.0009765625,10
25354,0.0009765625,10
25355,0.0009765625,10
25356,0.001953125,9
25357,0.0009765625,10
25358,0.0009765625,10
25359,0.0009765625,10
25360,0.001953125,9
25361,0.0009765625,10
25362,0.0009765625,10
25363,0.0009765625,10
25364,0.0009765625,10
25365,0.001953125,9
25366,0.0009765625,10
25367,0.0009765625,10
25368,0.0009765625,10
25369,0.001953125,9
25370,0.0009765625,10
25371,0.0009765625,10
25372,0.0009765625,10
25373,0.0009765625,10
25374,0.001953125,9
25375,0.0009765625,10
25376,0.0009765625,10
25377,0.0009765625,10
25378,0.001953125,9
25379,0.0009765625,10
25380,0.0009765625,10
25381,0.0009765625,10
25382,0.001953125,9
25383,0.0009765625,10
25384,0.0009765625,10
25385,0.0009765625,10
25386,0.0009765625,10
25387,0.001953125,9
25388,0.0009765625,10
25389,0.0009765625,10
25390,0.0009765625,10
25391,0.001953125,9
25392,0.0009765625,10
25393,0.0009765625,10
25394,0.0009765625,10
25395,0.001953125,9
25396,0.0009765625,10
25397,0.0009765625,10
25398,0.0009765625,10
25399,0.0009765625,10
25400,0.001953125,9
25401,0.0009765625,10
25402,0.0009765625,10
25403,0.0009765625,10
25404,0.001953125,9
25405,0.0009765625,10
25406,0.0009765625,10
25407,0.0009765625,10
25408,0.001953125,9
25409,0.0009765625,10
25410,0.0009765625,10
25411,0.0009765625,10
25412,0.0009765625,10
25413,0.001953125,9
25414,0.0009765625,10
25415,0.0009765625,10
25416,0.0009765625,10
25417,0.001953125,9
25418,0.0009765625,10
25419,0.0009765625,10
25420,0.0009765625,10
25421,0.0009765625,10
25422,0.001953125,9
25423,0.0009765625,10
25424,0.0009765625,10
25425,0.0009765625,10
25426,0.001953125,9
25427,0.0009765625,10
25428,0.0009765625,10
25429,0.0009765625,10
25430,0.001953125,9
25431,0.0009765625,10
25432,0.0009765625,10
25433,0.0009765625,10
25434,0.0009765625,10
25435,0.001953125,9
25436,0.0009765625,10
25437,0.0009765625,10
25438,0.0009765625,10
25439,0.001953125,9
25440,0.0009765625,10
25441,0.0009765625,10
25442,0.0009765625,10
25443,0.001953125,9
25444,0.0009765625,10
25445,0.0009765625,10
25446,0.0009765625,10
25447,0.0009765625,10
25448,0.001953125,9
25449,0.0009765625,10
25450,0.0009765625,10
25451,0.0009765625,10
25452,0.001953125,9
25453,0.0009765625,10
25454,0.0009765625,10
25455,0.0009765625,10
25456,0.0009765625,10
25457,0.001953125,9
25458,0.0009765625,10
25459,0.0009765625,10
25460,0.0009765625,10
25461,0.001953125,9
25462,0.0009765625,10
25463,0.0009765625,10
25464,0.0009765625,10
25465,0.001953125,9
25466,0.0009765625,10
25467,0.0009765625,10
25468,0.0009765625,10
25469,0.0009765625,10
25470,0.001953125,9
25471,0.0009765625,10
25472,0.0009765625,10
25473,0.0009765625,10
25474,0.001953125,9
25475,0.0009765625,10
25476,0.0009765625,10
25477,0.0009765625,10
25478,0.001953125,9
25479,0.0009765625,10
25480,0.0009765625,10
25481,0.0009765625,10
25482,0.0009765625,10
25483,0.001953125,9
25484,0.0009765625,10
25485,0.0009765625,10
25486,0.0009765625,10
25487,0.001953125,9
25488,0.0009765625,10
25489,0.0009765625,10
25490,0.0009765625,10
25491,0.001953125,9
25492,0.0009765625,10
25493,0.0009765625,10
25494,0.0009765625,10
25495,0.0009765625,10
25496,0.001953125,9
25497,0.0009765625,10
25498,0.0009765625,10
25499,0.0009765625,10
25500,0.001953125,9
25501,0.0009765625,10
25502,0.0009765625,10
25503,0.0009765625,10
25504,0.0009765625,10
25505,0.001953125,9
25506,0.0009765625,10
25507,0.0009765625,10
25508,0.0009765625,10
25509,0.001953125,9
25510,0.0009765625,10
25511,0.0009765625,10
25512,0.0009765625,10
25513,0.001953125,9
25514,0.0009765625,10
25515,0.0009765625,10
25516,0.0009765625,10
25517,0.0009765625,10
25518,0.001953125,9
25519,0.0009765625,10
25520,0.0009765625,10
25521,0.0009765625,10
25522,0.001953125,9
25523,0.0009765625,10
25524,0.0009765625,10
25525,0.0009765625,10
25526,0.001953125,9
25527,0.0009765625,10
25528,0.0009765625,10
25529,0.0009765625,10
25530,0.0009765625,10
25531,0.001953125,9
25532,0.0009765625,10
25533,0.0009765625,10
25534,0.0009765625,10
25535,0.001953125,9
25536,0.0009765625,10
25537,0.0009765625,10
25538,0.0009765625,10
25539,0.0009765625,10
25540,0.001953125,9
25541,0.0009765625,10
25542,0.0009765625,10
25543,0.0009765625,10
25544,0.001953125,9
25545,0.0009765625,10
25546,0.0009765625,10
25547,0.0009765625,10
25548,0.001953125,9
25549,0.0009765625,10
25550,0.0009765625,10
25551,0.0009765625,10
25552,0.0009765625,10
25553,0.001953125,9
25554,0.0009765625,10
25555,0.0009765625,10
25556,0.0009765625,10
25557,0.001953125,9
25558,0.0009765625,10
25559,0.0009765625,10
25560,0.0009765625,10
25561,0.001953125,9
25562,0.0009765625,10
25563,0.0009765625,10
25564,0.0009765625,10
25565,0.0009765625,10
25566,0.001953125,9
25567,0.0009765625,10
25568,0.0009765625,10
25569,0.0009765625,10
25570,0.001953125,9
25571,0.0009765625,10
25572,0.0009765625,10
25573,0.0009765625,10
25574,0.001953125,9
25575,0.0009765625,10
25576,0.0009765625,10
25577,0.0009765625,10
25578,0.0009765625,10
25579,0.001953125,9
25580,0.0009765625,10
25581,0.0009765625,10
25582,0.0009765625,10
25583,0.001953125,9
25584,0.0009765625,10
25585,0.0009765625,10
25586,0.0009765625,10
25587,0.0009765625,10
25588,0.001953125,9
25589,0.0009765625,10
25590,0.0009765625,10
25591,0.0009765625,10
25592,0.001953125,9
25593,0.0009765625,10
25594,0.0009765625,10
25595,0.0009765625,10
25596,0.001953125,9
25597,0.0009765625,10
25598,0.0009765625,10
25599,0.0009765625,10
25600,0.0009765625,10
25601,0.001953125,9
25602,0.0009765625,10
25603,0.0009765625,10
25604,0.0009765625,10
25605,0.001953125,9
25606,0.0009765625,10
25607,0.0009765625,10
25608,0.0009765625,10
25609,0.001953125,9
25610,0.0009765625,10
25611,0.0009765625,10
25612,0.0009765625,10
25613,0.0009765625,10
25614,0.001953125,9
25615,0.0009765625,10
25616,0.0009765625,10
25617,0.0009765625,10
25618,0.001953125,9
25619,0.0009765625,10
25620,0.0009765625,10
25621,0.0009765625,10
25622,0.0009765625,10
25623,0.001953125,9
25624,0.0009765625,10
25625,0.0009765625,10
25626,0.0009765625,10
25627,0.001953125,9
25628,0.0009765625,10
25629,0.0009765625,10
25630,0.0009765625,10
25631,0.001953125,9
25632,0.0009765625,10
25633,0.0009765625,10
25634,0.0009765625,10
25635,0.0009765625,10
25636,0.001953125,9
25637,0.0009765625,10
25638,0.0009765625,10
25639,0.0009765625,10
25640,0.001953125,9
25641,0.0009765625,10
25642,0.0009765625,10
25643,0.0009765625,10
25644,0.001953125,9
25645,0.0009765625,10
25646,0.0009765625,10
25647,0.0009765625,10
25648,0.0009765625,10
25649,0.001953125,9
25650,0.0009765625,10
25651,0.0009765625,10
25652,0.0009765625,10
25653,0.001953125,9
25654,0.0009765625,10
25655,0.0009765625,10
25656,0.0009765625,10
25657,0.001953125,9
25658,0.0009765625,10
25659,0.0009765625,10
25660,0.0009765625,10
25661,0.0009765625,10
25662,0.001953125,9
25663,0.0009765625,10
25664,0.0009765625,10
25665,0.0009765625,10
25666,0.001953125,9
25667,0.0009765625,10
25668,0.0009765625,10
25669,0.0009765625,10
25670,0.0009765625,10
25671,0.001953125,9
25672,0.0009765625,10
25673,0.0009765625,10
25674,0.0009765625,10
25675,0.001953125,9
25676,0.0009765625,10
25677,0.0009765625,10
25678,0.0009765625,10
25679,0.001953125,9
25680,0.0009765625,10
25681,0.0009765625,10
25682,0.0009765625,10
25683,0.0009765625,10
25684,0.001953125,9
25685,0.0009765625,10
25686,0.0009765625,10
25687,0.0009765625,10
25688,0.001953125,9
25689,0.0009765625,10
25690,0.0009765625,10
25691,0.0009765625,10
25692,0.001953125,9
25693,0.0009765625,10
25694,0.0009765625,10
25695,0.0009765625,10
25696,0.0009765625,10
25697,0.001953125,9
25698,0.0009765625,10
25699,0.0009765625,10
25700,0.0009765625,10
25701,0.001953125,9
25702,0.0009765625,10
25703,0.0009765625,10
25704,0.0009765625,10
25705,0.0009765625,10
25706,0.001953125,9
25707,0.0009765625,10
25708,0.0009765625,10
25709,0.0009765625,10
25710,0.001953125,9
25711,0.0009765625,10
25712,0.0009765625,10
25713,0.0009765625,10
25714,0.001953125,9
25715,0.0009765625,10
25716,0.0009765625,10
25717,0.0009765625,10
25718,0.0009765625,10
25719,0.001953125,9
25720,0.0009765625,10
25721,0.0009765625,10
25722,0.0009765625,10
25723,0.001953125,9
25724,0.0009765625,10
25725,0.0009765625,10
25726,0.0009765625,10
25727,0.001953125,9
25728,0.0009765625,10
25729,0.0009765625,10
25730,0.0009765625,10
25731,0.0009765625,10
25732,0.001953125,9
25733,0.0009765625,10
25734,0.0009765625,10
25735,0.0009765625,10
25736,0.001953125,9
25737,0.0009765625,10
25738,0.0009765625,10
25739,0.0009765625,10
25740,0.001953125,9
25741,0.0009765625,10
25742,0.0009765625,10
25743,0.0009765625,10
25744,0.0009765625,10
25745,0.001953125,9
25746,0.0009765625,10
25747,0.0009765625,10
25748,0.0009765625,10
25749,0.001953125,9
25750,0.0009765625,10
25751,0.0009765625,10
25752,0.0009765625,10
25753,0.0009765625,10
25754,0.001953125,9
25755,0.0009765625,10
25756,0.0009765625,10
25757,0.0009765625,10
25758,0.001953125,9
25759,0.0009765625,10
25760,0.0009765625,10
25761,0.0009765625,10
25762,0.001953125,9
25763,0.0009765625,10
25764,0.0009765625,10
25765,0.0009765625,10
25766,0.0009765625,10
25767,0.001953125,9
25768,0.0009765625,10
25769,0.0009765625,10
25770,0.0009765625,10
25771,0.001953125,9
25772,0.0009765625,10
25773,0.0009765625,10
25774,0.0009765625,10
25775,0.001953125,9
25776,0.0009765625,10
25777,0.0009765625,10
25778,0.0009765625,10
25779,0.0009765625,10
25780,0.001953125,9
25781,0.0009765625,10
25782,0.0009765625,10
25783,0.0009765625,10
25784,0.001953125,9
25785,0.0009765625,10
25786,0.0009765625,10
25787,0.0009765625,10
25788,0.0009765625,10
25789,0.001953125,9
25790,0.0009765625,10
25791,0.0009765625,10
25792,0.0009765625,10
25793,0.001953125,9
25794,0.0009765625,10
25795,0.0009765625,10
25796,0.0009765625,10
25797,0.001953125,9
25798,0.0009765625,10
25799,0.0009765625,10
25800,0.0009765625,10
25801,0.0009765625,10
25802,0.001953125,9
25803,0.0009765625,10
25804,0.0009765625,10
25805,0.0009765625,10
25806,0.001953125,9
25807,0.0009765625,10
25808,0.0009765625,10
25809,0.0009765625,10
25810,0.001953125,9
25811,0.0009765625,10
25812,0.0009765625,10
25813,0.0009765625,10
25814,0.0009765625,10
25815,0.001953125,9
25816,0.0009765625,10
25817,0.0009765625,10
25818,0.0009765625,10
25819,0.001953125,9
25820,0.0009765625,10
25821,0.0009765625,10
25822,0.0009765625,10
25823,0.001953125,9
25824,0.0009765625,10
25825,0.0009765625,10
25826,0.0009765625,10
25827,0.0009765625,10
25828,0.001953125,9
25829,0.0009765625,10
25830,0.0009765625,10
25831,0.0009765625,10
25832,0.001953125,9
25833,0.0009765625,10
25834,0.0009765625,10
25835,0.0009765625,10
25836,0.0009765625,10
25837,0.001953125,9
25838,0.0009765625,10
25839,0.0009765625,10
25840,0.0009765625,10
25841,0.001953125,9
25842,0.0009765625,10
25843,0.0009765625,10
25844,0.0009765625,10
25845,0.001953125,9
25846,0.0009765625,10
25847,0.0009765625,10
25848,0.0009765625,10
25849,0.0009765625,10
25850,0.001953125,9
25851,0.0009765625,10
25852,0.0009765625,10
25853,0.0009765625,10
25854,0.001953125,9
25855,0.0009765625,10
25856,0.0009765625,10
25857,0.0009765625,10
25858,0.001953125,9
25859,0.0009765625,10
25860,0.0009765625,10
25861,0.0009765625,10
25862,0.0009765625,10
25863,0.001953125,9
25864,0.0009765625,10
25865,0.0009765625,10
25866,0.0009765625,10
25867,0.001953125,9
25868,0.0009765625,10
25869,0.0009765625,10
25870,0.0009765625,10
25871,0.0009765625,10
25872,0.001953125,9
25873,0.0009765625,10
25874,0.0009765625,10
25875,0.0009765625,10
25876,0.001953125,9
25877,0.0009765625,10
25878,0.0009765625,10
25879,0.0009765625,10
25880,0.001953125,9
25881,0.0009765625,10
25882,0.0009765625,10
25883,0.0009765625,10
25884,0.0009765625,10
25885,0.001953125,9
25886,0.0009765625,10
25887,0.0009765625,10
25888,0.0009765625,10
25889,0.001953125,9
25890,0.0009765625,10
25891,0.0009765625,10
25892,0.0009765625,10
25893,0.001953125,9
25894,0.0009765625,10
25895,0.0009765625,10
25896,0.0009765625,10
25897,0.0009765625,10
25898,0.001953125,9
25899,0.0009765625,10
25900,0.0009765625,10
25901,0.0009765625,10
25902,0.001953125,9
25903,0.0009765625,10
25904,0.0009765625,10
25905,0.0009765625,10
25906,0.001953125,9
25907,0.0009765625,10
25908,0.0009765625,10
25909,0.0009765625,10
25910,0.0009765625,10
25911,0.001953125,9
25912,0.0009765625,10
25913,0.0009765625,10
25914,0.0009765625,10
25915,0.001953125,9
25916,0.0009765625,10
25917,0.0009765625,10
25918,0.0009765625,10
25919,0.0009765625,10
25920,0.001953125,9
25921,0.0009765625,10
25922,0.0009765625,10
25923,0.0009765625,10
25924,0.001953125,9
25925,0.0009765625,10
25926,0.0009765625,10
25927,0.0009765625,10
25928,0.001953125,9
25929,0.0009765625,10
25930,0.0009765625,10
25931,0.0009765625,10
25932,0.0009765625,10
25933,0.001953125,9
25934,0.0009765625,10
25935,0.0009765625,10
25936,0.0009765625,10
25937,0.001953125,9
25938,0.0009765625,10
25939,0.0009765625,10
25940,0.0009765625,10
25941,0.001953125,9
25942,0.0009765625,10
25943,0.0009765625,10
25944,0.0009765625,10
25945,0.0009765625,10
25946,0.001953125,9
25947,0.0009765625,10
25948,0.0009765625,10
25949,0.0009765625,10
25950,0.001953125,9
25951,0.0009765625,10
25952,0.0009765625,10
25953,0.0009765625,10
25954,0.0009765625,10
25955,0.001953125,9
25956,0.0009765625,10
25957,0.0009765625,10
25958,0.0009765625,10
25959,0.001953125,9
25960,0.0009765625,10
25961,0.0009765625,10
25962,0.0009765625,10
25963,0.001953125,9
25964,0.0009765625,10
25965,0.0009765625,10
25966,0.0009765625,10
25967,0.0009765625,10
25968,0.001953125,9
25969,0.0009765625,10
25970,0.0009765625,10
25971,0.0009765625,10
25972,0.001953125,9
25973,0.0009765625,10
25974,0.0009765625,10
25975,0.0009765625,10
25976,0.001953125,9
25977,0.0009765625,10
25978,0.0009765625,10
25979,0.0009765625,10
25980,0.0009765625,10
25981,0.001953125,9
25982,0.0009765625,10
25983,0.0009765625,10
25984,0.0009765625,10
25985,0.001953125,9
25986,0.0009765625,10
25987,0.0009765625,10
25988,0.0009765625,10
25989,0.001953125,9
25990,0.0009765625,10
25991,0.0009765625,10
25992,0.0009765625,10
25993,0.0009765625,10
25994,0.001953125,9
25995,0.0009765625,10
25996,0.0009765625,10
25997,0.0009765625,10
25998,0.001953125,9
25999,0.0009765625,10
26000,0.0009765625,10
26001,0.0009765625,10
26002,0.0009765625,10
26003,0.001953125,9
26004,0.0009765625,10
26005,0.0009765625,10
26006,0.0009765625,10
26007,0.001953125,9
26008,0.0009765625,10
26009,0.0009765625,10
26010,0.0009765625,10
26011,0.001953125,9
26012,0.0009765625,10
26013,0.0009765625,10
26014,0.0009765625,10
26015,0.0009765625,10
26016,0.001953125,9
26017,0.0009765625,10
26018,0.0009765625,10
26019,0.0009765625,10
26020,0.001953125,9
26021,0.0009765625,10
26022,0.0009765625,10
26023,0.0009765625,10
26024,0.001953125,9
26025,0.0009765625,10
26026,0.0009765625,10
26027,0.0009765625,10
26028,0.0009765625,10
26029,0.001953125,9
26030,0.0009765625,10
26031,0.0009765625,10
26032,0.0009765625,10
26033,0.001953125,9
26034,0.0009765625,10
26035,0.0009765625,10
26036,0.0009765625,10
26037,0.0009765625,10
26038,0.001953125,9
26039,0.0009765625,10
26040,0.0009765625,10
26041,0.0009765625,10
26042,0.001953125,9
26043,0.0009765625,10
26044,0.0009765625,10
26045,0.0009765625,10
26046,0.001953125,9
26047,0.0009765625,10
26048,0.0009765625,10
26049,0.0009765625,10
26050,0.0009765625,10
26051,0.001953125,9
26052,0.0009765625,10
26053,0.0009765625,10
26054,0.0009765625,10
26055,0.001953125,9
26056,0.0009765625,10
26057,0.0009765625,10
26058,0.0009765625,10
26059,0.001953125,9
26060,0.0009765625,10
26061,0.0009765625,10
26062,0.0009765625,10
26063,0.0009765625,10
26064,0.001953125,9
26065,0.0009765625,10
26066,0.0009765625,10
26067,0.0009765625,10
26068,0.001953125,9
26069,0.0009765625,10
26070,0.0009765625,10
26071,0.0009765625,10
26072,0.001953125,9
26073,0.0009765625,10
26074,0.0009765625,10
26075,0.0009765625,10
26076,0.0009765625,10
26077,0.001953125,9
26078,0.0009765625,10
26079,0.0009765625,10
26080,0.0009765625,10
26081,0.001953125,9
26082,0.0009765625,10
26083,0.0009765625,10
26084,0.0009765625,10
26085,0.0009765625,10
26086,0.001953125,9
26087,0.0009765625,10
26088,0.0009765625,10
26089,0.0009765625,10
26090,0.001953125,9
26091,0.0009765625,10
26092,0.0009765625,10
26093,0.0009765625,10
26094,0.001953125,9
26095,0.0009765625,10
26096,0.0009765625,10
26097,0.0009765625,10
26098,0.0009765625,10
26099,0.001953125,9
26100,0.0009765625,10
26101,0.0009765625,10
26102,0.0009765625,10
26103,0.001953125,9
26104,0.0009765625,10
26105,0.0009765625,10
26106,0.0009765625,10
26107,0.001953125,9
26108,0.0009765625,10
26109,0.0009765625,10
26110,0.0009765625,10
26111,0.0009765625,10
26112,0.001953125,9
26113,0.0009765625,10
26114,0.0009765625,10
26115,0.0009765625,10
26116,0.001953125,9
26117,0.0009765625,10
26118,0.0009765625,10
26119,0.0009765625,10
26120,0.0009765625,10
26121,0.001953125,9
26122,0.0009765625,10
26123,0.0009765625,10
26124,0.0009765625,10
26125,0.001953125,9
26126,0.0009765625,10
26127,0.0009765625,10
26128,0.0009765625,10
26129,0.001953125,9
26130,0.0009765625,10
26131,0.0009765625,10
26132,0.0009765625,10
26133,0.0009765625,10
26134,0.001953125,9
26135,0.0009765625,10
26136,0.0009765625,10
26137,0.0009765625,10
26138,0.001953125,9
26139,0.0009765625,10
26140,0.0009765625,10
26141,0.0009765625,10
26142,0.001953125,9
26143,0.0009765625,10
26144,0.0009765625,10
26145,0.0009765625,10
26146,0.0009765625,10
26147,0.001953125,9
26148,0.0009765625,10
26149,0.0009765625,10
26150,0.0009765625,10
26151,0.001953125,9
26152,0.0009765625,10
26153,0.0009765625,10
26154,0.0009765625,10
26155,0.001953125,9
26156,0.0009765625,10
26157,0.0009765625,10
26158,0.0009765625,10
26159,0.0009765625,10
26160,0.001953125,9
26161,0.0009765625,10
26162,0.0009765625,10
26163,0.0009765625,10
26164,0.001953125,9
26165,0.0009765625,10
26166,0.0009765625,10
26167,0.0009765625,10
26168,0.0009765625,10
26169,0.001953125,9
26170,0.0009765625,10
26171,0.0009765625,10
26172,0.0009765625,10
26173,0.001953125,9
26174,0.0009765625,10
26175,0.0009765625,10
26176,0.0009765625,10
26177,0.001953125,9
26178,0.0009765625,10
26179,0.0009765625,10
26180,0.0009765625,10
26181,0.0009765625,10
26182,0.001953125,9
26183,0.0009765625,10
26184,0.0009765625,10
26185,0.0009765625,10
26186,0.001953125,9
26187,0.0009765625,10
26188,0.0009765625,10
26189,0.0009765625,10
26190,0.001953125,9
26191,0.0009765625,10
26192,0.0009765625,10
26193,0.0009765625,10
26194,0.0009765625,10
26195,0.001953125,9
26196,0.0009765625,10
26197,0.0009765625,10
26198,0.0009765625,10
26199,0.001953125,9
26200,0.0009765625,10
26201,0.0009765625,10
26202,0.0009765625,10
26203,0.0009765625,10
26204,0.001953125,9
26205,0.0009765625,10
26206,0.0009765625,10
26207,0.0009765625,10
26208,0.001953125,9
26209,0.0009765625,10
26210,0.0009765625,10
26211,0.0009765625,10
26212,0.001953125,9
26213,0.0009765625,10
26214,0.0009765625,10
26215,0.0009765625,10
26216,0.0009765625,10
26217,0.001953125,9
26218,0.0009765625,10
26219,0.0009765625,10
26220,0.0009765625,10
26221,0.001953125,9
26222,0.0009765625,10
26223,0.0009765625,10
26224,0.0009765625,10
26225,0.001953125,9
26226,0.0009765625,10
26227,0.0009765625,10
26228,0.0009765625,10
26229,0.0009765625,10
26230,0.001953125,9
26231,0.0009765625,10
26232,0.0009765625,10
26233,0.0009765625,10
26234,0.001953125,9
26235,0.0009765625,10
26236,0.0009765625,10
26237,0.0009765625,10
26238,0.001953125,9
26239,0.0009765625,10
26240,0.0009765625,10
26241,0.0009765625,10
26242,0.0009765625,10
26243,0.001953125,9
26244,0.0009765625,10
26245,0.0009765625,10
26246,0.0009765625,10
26247,0.001953125,9
26248,0.0009765625,10
26249,0.0009765625,10
26250,0.0009765625,10
26251,0.0009765625,10
26252,0.001953125,9
26253,0.0009765625,10
26254,0.0009765625,10
26255,0.0009765625,10
26256,0.001953125,9
26257,0.0009765625,10
26258,0.0009765625,10
26259,0.0009765625,10
26260,0.001953125,9
26261,0.0009765625,10
26262,0.0009765625,10
26263,0.0009765625,10
26264,0.0009765625,10
26265,0.001953125,9
26266,0.0009765625,10
26267,0.0009765625,10
26268,0.0009765625,10
26269,0.001953125,9
26270,0.0009765625,10
26271,0.0009765625,10
26272,0.0009765625,10
26273,0.001953125,9
26274,0.0009765625,10
26275,0.0009765625,10
26276,0.0009765625,10
26277,0.0009765625,10
26278,0.001953125,9
26279,0.0009765625,10
26280,0.0009765625,10
26281,0.0009765625,10
26282,0.001953125,9
26283,0.0009765625,10
26284,0.0009765625,10
26285,0.0009765625,10
26286,0.0009765625,10
26287,0.001953125,9
26288,0.0009765625,10
26289,0.0009765625,10
26290,0.0009765625,10
26291,0.001953125,9
26292,0.0009765625,10
26293,0.0009765625,10
26294,0.0009765625,10
26295,0.001953125,9
26296,0.0009765625,10
26297,0.0009765625,10
26298,0.0009765625,10
26299,0.0009765625,10
26300,0.001953125,9
26301,0.0009765625,10
26302,0.0009765625,10
26303,0.0009765625,10
26304,0.001953125,9
26305,0.0009765625,10
26306,0.0009765625,10
26307,0.0009765625,10
26308,0.001953125,9
26309,0.0009765625,10
26310,0.0009765625,10
26311,0.0009765625,10
26312,0.0009765625,10
26313,0.001953125,9
26314,0.0009765625,10
26315,0.0009765625,10
26316,0.0009765625,10
26317,0.001953125,9
26318,0.0009765625,10
26319,0.0009765625,10
26320,0.0009765625,10
26321,0.001953125,9
26322,0.0009765625,10
26323,0.0009765625,10
26324,0.0009765625,10
26325,0.0009765625,10
26326,0.001953125,9
26327,0.0009765625,10
26328,0.0009765625,10
26329,0.0009765625,10
26330,0.001953125,9
26331,0.0009765625,10
26332,0.0009765625,10
26333,0.0009765625,10
26334,0.0009765625,10
26335,0.001953125,9
26336,0.0009765625,10
26337,0.0009765625,10
26338,0.0009765625,10
26339,0.001953125,9
26340,0.0009765625,10
26341,0.0009765625,10
26342,0.0009765625,10
26343,0.001953125,9
26344,0.0009765625,10
26345,0.0009765625,10
26346,0.0009765625,10
26347,0.0009765625,10
26348,0.001953125,9
26349,0.0009765625,10
26350,0.0009765625,10
26351,0.0009765625,10
26352,0.001953125,9
26353,0.0009765625,10
26354,0.0009765625,10
26355,0.0009765625,10
26356,0.001953125,9
26357,0.0009765625,10
26358,0.0009765625,10
26359,0.0009765625,10
26360,0.0009765625,10
26361,0.001953125,9
26362,0.0009765625,10
26363,0.0009765625,10
26364,0.0009765625,10
26365,0.001953125,9
26366,0.0009765625,10
26367,0.0009765625,10
26368,0.0009765625,10
26369,0.0009765625,10
26370,0.001953125,9
26371,0.0009765625,10
26372,0.0009765625,10
26373,0.0009765625,10
26374,0.001953125,9
26375,0.0009765625,10
26376,0.0009765625,10
26377,0.0009765625,10
26378,0.001953125,9
26379,0.0009765625,10
26380,0.0009765625,10
26381,0.0009765625,10
26382,0.0009765625,10
26383,0.001953125,9
26384,0.0009765625,10
26385,0.0009765625,10
26386,0.0009765625,10
26387,0.001953125,9
26388,0.0009765625,10
26389,0.0009765625,10
26390,0.0009765625,10
26391,0.001953125,9
26392,0.0009765625,10
26393,0.0009765625,10
26394,0.0009765625,10
26395,0.0009765625,10
26396,0.001953125,9
26397,0.0009765625,10
26398,0.0009765625,10
26399,0.0009765625,10
26400,0.001953125,9
26401,0.0009765625,10
26402,0.0009765625,10
26403,0.0009765625,10
26404,0.001953125,9
26405,0.0009765625,10
26406,0.0009765625,10
26407,0.0009765625,10
26408,0.0009765625,10
26409,0.001953125,9
26410,0.0009765625,10
26411,0.0009765625,10
26412,0.0009765625,10
26413,0.001953125,9
26414,0.0009765625,10
26415,0.0009765625,10
26416,0.0009765625,10
26417,0.0009765625,10
26418,0.001953125,9
26419,0.0009765625,10
26420,0.0009765625,10
26421,0.0009765625,10
26422,0.001953125,9
26423,0.0009765625,10
26424,0.0009765625,10
26425,0.0009765625,10
26426,0.001953125,9
26427,0.0009765625,10
26428,0.0009765625,10
26429,0.0009765625,10
26430,0.0009765625,10
26431,0.001953125,9
26432,0.0009765625,10
26433,0.0009765625,10
26434,0.0009765625,10
26435,0.001953125,9
26436,0.0009765625,10
26437,0.0009765625,10
26438,0.0009765625,10
26439,0.001953125,9
26440,0.0009765625,10
26441,0.0009765625,10
26442,0.0009765625,10
26443,0.0009765625,10
26444,0.001953125,9
26445,0.0009765625,10
26446,0.0009765625,10
26447,0.0009765625,10
26448,0.001953125,9
26449,0.0009765625,10
26450,0.0009765625,10
26451,0.0009765625,10
26452,0.0009765625,10
26453,0.001953125,9
26454,0.0009765625,10
26455,0.0009765625,10
26456,0.0009765625,10
26457,0.001953125,9
26458,0.0009765625,10
26459,0.0009765625,10
26460,0.0009765625,10
26461,0.001953125,9
26462,0.0009765625,10
26463,0.0009765625,10
26464,0.0009765625,10
26465,0.0009765625,10
26466,0.001953125,9
26467,0.0009765625,10
26468,0.0009765625,10
26469,0.0009765625,10
26470,0.001953125,9
26471,0.0009765625,10
26472,0.0009765625,10
26473,0.0009765625,10
26474,0.001953125,9
26475,0.0009765625,10
26476,0.0009765625,10
26477,0.0009765625,10
26478,0.0009765625,10
26479,0.001953125,9
26480,0.0009765625,10
26481,0.0009765625,10
26482,0.0009765625,10
26483,0.001953125,9
26484,0.0009765625,10
26485,0.0009765625,10
26486,0.0009765625,10
26487,0.001953125,9
26488,0.0009765625,10
26489,0.0009765625,10
26490,0.0009765625,10
26491,0.0009765625,10
26492,0.001953125,9
26493,0.0009765625,10
26494,0.0009765625,10
26495,0.0009765625,10
26496,0.001953125,9
26497,0.0009765625,10
26498,0.0009765625,10
26499,0.0009765625,10
26500,0.0009765625,10
26501,0.001953125,9
26502,0.0009765625,10
26503,0.0009765625,10
26504,0.0009765625,10
26505,0.001953125,9
26506,0.0009765625,10
26507,0.0009765625,10
26508,0.0009765625,10
26509,0.001953125,9
26510,0.0009765625,10
26511,0.0009765625,10
26512,0.0009765625,10
26513,0.0009765625,10
26514,0.001953125,9
26515,0.0009765625,10
26516,0.0009765625,10
26517,0.0009765625,10
26518,0.001953125,9
26519,0.0009765625,10
26520,0.0009765625,10
26521,0.0009765625,10
26522,0.001953125,9
26523,0.0009765625,10
26524,0.0009765625,10
26525,0.0009765625,10
26526,0.0009765625,10
26527,0.001953125,9
26528,0.0009765625,10
26529,0.0009765625,10
26530,0.0009765625,10
26531,0.001953125,9
26532,0.0009765625,10
26533,0.0009765625,10
26534,0.0009765625,10
26535,0.0009765625,10
26536,0.001953125,9
26537,0.0009765625,10
26538,0.0009765625,10
26539,0.0009765625,10
26540,0.001953125,9
26541,0.0009765625,10
26542,0.0009765625,10
26543,0.0009765625,10
26544,0.001953125,9
26545,0.0009765625,10
26546,0.0009765625,10
26547,0.0009765625,10
26548,0.0009765625,10
26549,0.001953125,9
26550,0.0009765625,10
26551,0.0009765625,10
26552,0.0009765625,10
26553,0.001953125,9
26554,0.0009765625,10
26555,0.0009765625,10
26556,0.0009765625,10
26557,0.001953125,9
26558,0.0009765625,10
26559,0.0009765625,10
26560,0.0009765625,10
26561,0.0009765625,10
26562,0.001953125,9
26563,0.0009765625,10
26564,0.0009765625,10
26565,0.0009765625,10
26566,0.001953125,9
26567,0.0009765625,10
26568,0.0009765625,10
26569,0.0009765625,10
26570,0.001953125,9
26571,0.0009765625,10
26572,0.0009765625,10
26573,0.0009765625,10
26574,0.0009765625,10
26575,0.001953125,9
26576,0.0009765625,10
26577,0.0009765625,10
26578,0.0009765625,10
26579,0.001953125,9
26580,0.0009765625,10
26581,0.0009765625,10
26582,0.0009765625,10
26583,0.0009765625,10
26584,0.001953125,9
26585,0.0009765625,10
26586,0.0009765625,10
26587,0.0009765625,10
26588,0.001953125,9
26589,0.0009765625,10
26590,0.0009765625,10
26591,0.0009765625,10
26592,0.001953125,9
26593,0.0009765625,10
26594,0.0009765625,10
26595,0.0009765625,10
26596,0.0009765625,10
26597,0.001953125,9
26598,0.0009765625,10
26599,0.0009765625,10
26600,0.0009765625,10
26601,0.001953125,9
26602,0.0009765625,10
26603,0.0009765625,10
26604,0.0009765625,10
26605,0.001953125,9
26606,0.0009765625,10
26607,0.0009765625,10
26608,0.0009765625,10
26609,0.0009765625,10
26610,0.001953125,9
26611,0.0009765625,10
26612,0.0009765625,10
26613,0.0009765625,10
26614,0.001953125,9
26615,0.0009765625,10
26616,0.0009765625,10
26617,0.0009765625,10
26618,0.0009765625,10
26619,0.001953125,9
26620,0.0009765625,10
26621,0.0009765625,10
26622,0.0009765625,10
26623,0.001953125,9
26624,0.0009765625,10
26625,0.0009765625,10
26626,0.0009765625,10
26627,0.001953125,9
26628,0.0009765625,10
26629,0.0009765625,10
26630,0.0009765625,10
26631,0.0009765625,10
26632,0.001953125,9
26633,0.0009765625,10
26634,0.0009765625,10
26635,0.0009765625,10
26636,0.001953125,9
26637,0.0009765625,10
26638,0.0009765625,10
26639,0.0009765625,10
26640,0.001953125,9
26641,0.0009765625,10
26642,0.0009765625,10
26643,0.0009765625,10
26644,0.0009765625,10
26645,0.001953125,9
26646,0.0009765625,10
26647,0.0009765625,10
26648,0.0009765625,10
26649,0.001953125,9
26650,0.0009765625,10
26651,0.0009765625,10
26652,0.0009765625,10
26653,0.001953125,9
26654,0.0009765625,10
26655,0.0009765625,10
26656,0.0009765625,10
26657,0.0009765625,10
26658,0.001953125,9
26659,0.0009765625,10
26660,0.0009765625,10
26661,0.0009765625,10
26662,0.001953125,9
26663,0.0009765625,10
26664,0.0009765625,10
26665,0.0009765625,10
26666,0.0009765625,10
26667,0.001953125,9
26668,0.0009765625,10
26669,0.0009765625,10
26670,0.0009765625,10
26671,0.001953125,9
26672,0.0009765625,10
26673,0.0009765625,10
26674,0.0009765625,10
26675,0.001953125,9
26676,0.0009765625,10
26677,0.0009765625,10
26678,0.0009765625,10
26679,0.0009765625,10
26680,0.001953125,9
26681,0.0009765625,10
26682,0.0009765625,10
26683,0.0009765625,10
26684,0.001953125,9
26685,0.0009765625,10
26686,0.0009765625,10
26687,0.0009765625,10
26688,0.001953125,9
26689,0.0009765625,10
26690,0.0009765625,10
26691,0.0009765625,10
26692,0.0009765625,10
26693,0.001953125,9
26694,0.0009765625,10
26695,0.0009765625,10
26696,0.0009765625,10
26697,0.001953125,9
26698,0.0009765625,10
26699,0.0009765625,10
26700,0.0009765625,10
26701,0.0009765625,10
26702,0.001953125,9
26703,0.0009765625,10
26704,0.0009765625,10
26705,0.0009765625,10
26706,0.001953125,9
26707,0.0009765625,10
26708,0.0009765625,10
26709,0.0009765625,10
26710,0.001953125,9
26711,0.0009765625,10
26712,0.0009765625,10
26713,0.0009765625,10
26714,0.0009765625,10
26715,0.001953125,9
26716,0.0009765625,10
26717,0.0009765625,10
26718,0.0009765625,10
26719,0.001953125,9
26720,0.0009765625,10
26721,0.0009765625,10
26722,0.0009765625,10
26723,0.001953125,9
26724,0.0009765625,10
26725,0.0009765625,10
26726,0.0009765625,10
26727,0.0009765625,10
26728,0.001953125,9
26729,0.0009765625,10
26730,0.0009765625,10
26731,0.0009765625,10
26732,0.001953125,9
26733,0.0009765625,10
26734,0.0009765625,10
26735,0.0009765625,10
26736,0.001953125,9
26737,0.0009765625,10
26738,0.0009765625,10
26739,0.0009765625,10
26740,0.0009765625,10
26741,0.001953125,9
26742,0.0009765625,10
26743,0.0009765625,10
26744,0.0009765625,10
26745,0.001953125,9
26746,0.0009765625,10
26747,0.0009765625,10
26748,0.0009765625,10
26749,0.0009765625,10
26750,0.001953125,9
26751,0.0009765625,10
26752,0.0009765625,10
26753,0.0009765625,10
26754,0.001953125,9
26755,0.0009765625,10
26756,0.0009765625,10
26757,0.0009765625,10
26758,0.001953125,9
26759,0.0009765625,10
26760,0.0009765625,10
26761,0.0009765625,10
26762,0.0009765625,10
26763,0.001953125,9
26764,0.0009765625,10
26765,0.0009765625,10
26766,0.0009765625,10
26767,0.001953125,9
26768,0.0009765625,10
26769,0.0009765625,10
26770,0.0009765625,10
26771,0.001953125,9
26772,0.0009765625,10
26773,0.0009765625,10
26774,0.0009765625,10
26775,0.0009765625,10
26776,0.001953125,9
26777,0.0009765625,10
26778,0.0009765625,10
26779,0.0009765625,10
26780,0.001953125,9
26781,0.0009765625,10
26782,0.0009765625,10
26783,0.0009765625,10
26784,0.0009765625,10
26785,0.001953125,9
26786,0.0009765625,10
26787,0.0009765625,10
26788,0.0009765625,10
26789,0.001953125,9
26790,0.0009765625,10
26791,0.0009765625,10
26792,0.0009765625,10
26793,0.001953125,9
26794,0.0009765625,10
26795,0.0009765625,10
26796,0.0009765625,10
26797,0.0009765625,10
26798,0.001953125,9
26799,0.0009765625,10
26800,0.0009765625,10
26801,0.0009765625,10
26802,0.001953125,9
26803,0.0009765625,10
26804,0.0009765625,10
26805,0.0009765625,10
26806,0.001953125,9
26807,0.0009765625,10
26808,0.0009765625,10
26809,0.0009765625,10
26810,0.0009765625,10
26811,0.001953125,9
26812,0.0009765625,10
26813,0.0009765625,10
26814,0.0009765625,10
26815,0.001953125,9
26816,0.0009765625,10
26817,0.0009765625,10
26818,0.0009765625,10
26819,0.001953125,9
26820,0.0009765625,10
26821,0.0009765625,10
26822,0.0009765625,10
26823,0.0009765625,10
26824,0.001953125,9
26825,0.0009765625,10
26826,0.0009765625,10
26827,0.0009765625,10
26828,0.001953125,9
26829,0.0009765625,10
26830,0.0009765625,10
26831,0.0009765625,10
26832,0.0009765625,10
26833,0.001953125,9
26834,0.0009765625,10
26835,0.0009765625,10
26836,0.0009765625,10
26837,0.001953125,9
26838,0.0009765625,10
26839,0.0009765625,10
26840,0.0009765625,10
26841,0.001953125,9
26842,0.0009765625,10
26843,0.0009765625,10
26844,0.0009765625,10
26845,0.0009765625,10
26846,0.001953125,9
26847,0.0009765625,10
26848,0.0009765625,10
26849,0.0009765625,10
26850,0.001953125,9
26851,0.0009765625,10
26852,0.0009765625,10
26853,0.0009765625,10
26854,0.001953125,9
26855,0.0009765625,10
26856,0.0009765625,10
26857,0.0009765625,10
26858,0.0009765625,10
26859,0.001953125,9
26860,0.0009765625,10
26861,0.0009765625,10
26862,0.0009765625,10
26863,0.001953125,9
26864,0.0009765625,10
26865,0.0009765625,10
26866,0.0009765625,10
26867,0.0009765625,10
26868,0.001953125,9
26869,0.0009765625,10
26870,0.0009765625,10
26871,0.0009765625,10
26872,0.001953125,9
26873,0.0009765625,10
26874,0.0009765625,10
26875,0.0009765625,10
26876,0.001953125,9
26877,0.0009765625,10
26878,0.0009765625,10
26879,0.0009765625,10
26880,0.0009765625,10
26881,0.001953125,9
26882,0.0009765625,10
26883,0.0009765625,10
26884,0.0009765625,10
26885,0.001953125,9
26886,0.0009765625,10
26887,0.0009765625,10
26888,0.0009765625,10
26889,0.001953125,9
26890,0.0009765625,10
26891,0.0009765625,10
26892,0.0009765625,10
26893,0.0009765625,10
26894,0.001953125,9
26895,0.0009765625,10
26896,0.0009765625,10
26897,0.0009765625,10
26898,0.001953125,9
26899,0.0009765625,10
26900,0.0009765625,10
26901,0.0009765625,10
26902,0.001953125,9
26903,0.0009765625,10
26904,0.0009765625,10
26905,0.0009765625,10
26906,0.0009765625,10
26907,0.001953125,9
26908,0.0009765625,10
26909,0.0009765625,10
26910,0.0009765625,10
26911,0.001953125,9
26912,0.0009765625,10
26913,0.0009765625,10
26914,0.0009765625,10
26915,0.0009765625,10
26916,0.001953125,9
26917,0.0009765625,10
26918,0.0009765625,10
26919,0.0009765625,10
26920,0.001953125,9
26921,0.0009765625,10
26922,0.0009765625,10
26923,0.0009765625,10
26924,0.001953125,9
26925,0.0009765625,10
26926,0.0009765625,10
26927,0.0009765625,10
26928,0.0009765625,10
26929,0.001953125,9
26930,0.0009765625,10
26931,0.0009765625,10
26932,0.0009765625,10
26933,0.001953125,9
26934,0.0009765625,10
26935,0.0009765625,10
26936,0.0009765625,10
26937,0.001953125,9
26938,0.0009765625,10
26939,0.0009765625,10
26940,0.0009765625,10
26941,0.0009765625,10
26942,0.001953125,9
26943,0.0009765625,10
26944,0.0009765625,10
26945,0.0009765625,10
26946,0.001953125,9
26947,0.0009765625,10
26948,0.0009765625,10
26949,0.0009765625,10
26950,0.0009765625,10
26951,0.001953125,9
26952,0.0009765625,10
26953,0.0009765625,10
26954,0.0009765625,10
26955,0.001953125,9
26956,0.0009765625,10
26957,0.0009765625,10
26958,0.0009765625,10
26959,0.001953125,9
26960,0.0009765625,10
26961,0.0009765625,10
26962,0.0009765625,10
26963,0.0009765625,10
26964,0.001953125,9
26965,0.0009765625,10
26966,0.0009765625,10
26967,0.0009765625,10
26968,0.001953125,9
26969,0.0009765625,10
26970,0.0009765625,10
26971,0.0009765625,10
26972,0.001953125,9
26973,0.0009765625,10
26974,0.0009765625,10
26975,0.0009765625,10
26976,0.0009765625,10
26977,0.001953125,9
26978,0.0009765625,10
26979,0.0009765625,10
26980,0.0009765625,10
26981,0.001953125,9
26982,0.0009765625,10
26983,0.0009765625,10
26984,0.0009765625,10
26985,0.001953125,9
26986,0.0009765625,10
26987,0.0009765625,10
26988,0.0009765625,10
26989,0.0009765625,10
26990,0.001953125,9
26991,0.0009765625,10
26992,0.0009765625,10
26993,0.0009765625,10
26994,0.001953125,9
26995,0.0009765625,10
26996,0.0009765625,10
26997,0.0009765625,10
26998,0.0009765625,10
26999,0.001953125,9
27000,0.0009765625,10
27001,0.0009765625,10
27002,0.0009765625,10
27003,0.001953125,9
27004,0.0009765625,10
27005,0.0009765625,10
27006,0.0009765625,10
27007,0.001953125,9
27008,0.0009765625,10
27009,0.0009765625,10
27010,0.0009765625,10
27011,0.0009765625,10
27012,0.001953125,9
27013,0.0009765625,10
27014,0.0009765625,10
27015,0.0009765625,10
27016,0.001953125,9
27017,0.0009765625,10
27018,0.0009765625,10
27019,0.0009765625,10
27020,0.001953125,9
27021,0.0009765625,10
27022,0.0009765625,10
27023,0.0009765625,10
27024,0.0009765625,10
27025,0.001953125,9
27026,0.0009765625,10
27027,0.0009765625,10
27028,0.0009765625,10
27029,0.001953125,9
27030,0.0009765625,10
27031,0.0009765625,10
27032,0.0009765625,10
27033,0.0009765625,10
27034,0.001953125,9
27035,0.0009765625,10
27036,0.0009765625,10
27037,0.0009765625,10
27038,0.001953125,9
27039,0.0009765625,10
27040,0.0009765625,10
27041,0.0009765625,10
27042,0.001953125,9
27043,0.0009765625,10
27044,0.0009765625,10
27045,0.0009765625,10
27046,0.0009765625,10
27047,0.001953125,9
27048,0.0009765625,10
27049,0.0009765625,10
27050,0.0009765625,10
27051,0.001953125,9
27052,0.0009765625,10
27053,0.0009765625,10
27054,0.0009765625,10
27055,0.001953125,9
27056,0.0009765625,10
27057,0.0009765625,10
27058,0.0009765625,10
27059,0.0009765625,10
27060,0.001953125,9
27061,0.0009765625,10
27062,0.0009765625,10
27063,0.0009765625,10
27064,0.001953125,9
27065,0.0009765625,10
27066,0.0009765625,10
27067,0.0009765625,10
27068,0.001953125,9
27069,0.0009765625,10
27070,0.0009765625,10
27071,0.0009765625,10
27072,0.0009765625,10
27073,0.001953125,9
27074,0.0009765625,10
27075,0.0009765625,10
27076,0.0009765625,10
27077,0.001953125,9
27078,0.0009765625,10
27079,0.0009765625,10
27080,0.0009765625,10
27081,0.0009765625,10
27082,0.001953125,9
27083,0.0009765625,10
27084,0.0009765625,10
27085,0.0009765625,10
27086,0.001953125,9
27087,0.0009765625,10
27088,0.0009765625,10
27089,0.0009765625,10
27090,0.001953125,9
27091,0.0009765625,10
27092,0.0009765625,10
27093,0.0009765625,10
27094,0.0009765625,10
27095,0.001953125,9
27096,0.0009765625,10
27097,0.0009765625,10
27098,0.0009765625,10
27099,0.001953125,9
27100,0.0009765625,10
27101,0.0009765625,10
27102,0.0009765625,10
27103,0.001953125,9
27104,0.0009765625,10
27105,0.0009765625,10
27106,0.0009765625,10
27107,0.0009765625,10
27108,0.001953125,9
27109,0.0009765625,10
27110,0.0009765625,10
27111,0.0009765625,10
27112,0.001953125,9
27113,0.0009765625,10
27114,0.0009765625,10
27115,0.0009765625,10
27116,0.0009765625,10
27117,0.001953125,9
27118,0.0009765625,10
27119,0.0009765625,10
27120,0.0009765625,10
27121,0.001953125,9
27122,0.0009765625,10
27123,0.0009765625,10
27124,0.0009765625,10
27125,0.001953125,9
27126,0.0009765625,10
27127,0.0009765625,10
27128,0.0009765625,10
27129,0.0009765625,10
27130,0.001953125,9
27131,0.0009765625,10
27132,0.0009765625,10
27133,0.0009765625,10
27134,0.001953125,9
27135,0.0009765625,10
27136,0.0009765625,10
27137,0.0009765625,10
27138,0.001953125,9
27139,0.0009765625,10
27140,0.0009765625,10
27141,0.0009765625,10
27142,0.0009765625,10
27143,0.001953125,9
27144,0.0009765625,10
27145,0.0009765625,10
27146,0.0009765625,10
27147,0.001953125,9
27148,0.0009765625,10
27149,0.0009765625,10
27150,0.0009765625,10
27151,0.001953125,9
27152,0.0009765625,10
27153,0.0009765625,10
27154,0.0009765625,10
27155,0.0009765625,10
27156,0.001953125,9
27157,0.0009765625,10
27158,0.0009765625,10
27159,0.0009765625,10
27160,0.001953125,9
27161,0.0009765625,10
27162,0.0009765625,10
27163,0.0009765625,10
27164,0.0009765625,10
27165,0.001953125,9
27166,0.0009765625,10
27167,0.0009765625,10
27168,0.0009765625,10
27169,0.001953125,9
27170,0.0009765625,10
27171,0.0009765625,10
27172,0.0009765625,10
27173,0.001953125,9
27174,0.0009765625,10
27175,0.0009765625,10
27176,0.0009765625,10
27177,0.0009765625,10
27178,0.001953125,9
27179,0.0009765625,10
27180,0.0009765625,10
27181,0.0009765625,10
27182,0.001953125,9
27183,0.0009765625,10
27184,0.0009765625,10
27185,0.0009765625,10
27186,0.001953125,9
27187,0.0009765625,10
27188,0.0009765625,10
27189,0.0009765625,10
27190,0.0009765625,10
27191,0.001953125,9
27192,0.0009765625,10
27193,0.0009765625,10
27194,0.0009765625,10
27195,0.001953125,9
27196,0.0009765625,10
27197,0.0009765625,10
27198,0.0009765625,10
27199,0.0009765625,10
27200,0.001953125,9
27201,0.0009765625,10
27202,0.0009765625,10
27203,0.0009765625,10
27204,0.001953125,9
27205,0.0009765625,10
27206,0.0009765625,10
27207,0.0009765625,10
27208,0.001953125,9
27209,0.0009765625,10
27210,0.0009765625,10
27211,0.0009765625,10
27212,0.0009765625,10
27213,0.001953125,9
27214,0.0009765625,10
27215,0.0009765625,10
27216,0.0009765625,10
27217,0.001953125,9
27218,0.0009765625,10
27219,0.0009765625,10
27220,0.0009765625,10
27221,0.001953125,9
27222,0.0009765625,10
27223,0.0009765625,10
27224,0.0009765625,10
27225,0.0009765625,10
27226,0.001953125,9
27227,0.0009765625,10
27228,0.0009765625,10
27229,0.0009765625,10
27230,0.001953125,9
27231,0.0009765625,10
27232,0.0009765625,10
27233,0.0009765625,10
27234,0.001953125,9
27235,0.0009765625,10
27236,0.0009765625,10
27237,0.0009765625,10
27238,0.0009765625,10
27239,0.001953125,9
27240,0.0009765625,10
27241,0.0009765625,10
27242,0.0009765625,10
27243,0.001953125,9
27244,0.0009765625,10
27245,0.0009765625,10
27246,0.0009765625,10
27247,0.0009765625,10
27248,0.001953125,9
27249,0.0009765625,10
27250,0.0009765625,10
27251,0.0009765625,10
27252,0.001953125,9
27253,0.0009765625,10
27254,0.0009765625,10
27255,0.0009765625,10
27256,0.001953125,9
27257,0.0009765625,10
27258,0.0009765625,10
27259,0.0009765625,10
27260,0.0009765625,10
27261,0.001953125,9
27262,0.0009765625,10
27263,0.0009765625,10
27264,0.0009765625,10
27265,0.001953125,9
27266,0.0009765625,10
27267,0.0009765625,10
27268,0.0009765625,10
27269,0.001953125,9
27270,0.0009765625,10
27271,0.0009765625,10
27272,0.0009765625,10
27273,0.0009765625,10
27274,0.001953125,9
27275,0.0009765625,10
27276,0.0009765625,10
27277,0.0009765625,10
27278,0.001953125,9
27279,0.0009765625,10
27280,0.0009765625,10
27281,0.0009765625,10
27282,0.0009765625,10
27283,0.001953125,9
27284,0.0009765625,10
27285,0.0009765625,10
27286,0.0009765625,10
27287,0.001953125,9
27288,0.0009765625,10
27289,0.0009765625,10
27290,0.0009765625,10
27291,0.001953125,9
27292,0.0009765625,10
27293,0.0009765625,10
27294,0.0009765625,10
27295,0.0009765625,10
27296,0.001953125,9
27297,0.0009765625,10
27298,0.0009765625,10
27299,0.0009765625,10
27300,0.001953125,9
27301,0.0009765625,10
27302,0.0009765625,10
27303,0.0009765625,10
27304,0.001953125,9
27305,0.0009765625,10
27306,0.0009765625,10
27307,0.0009765625,10
27308,0.0009765625,10
27309,0.001953125,9
27310,0.0009765625,10
27311,0.0009765625,10
27312,0.0009765625,10
27313,0.001953125,9
27314,0.0009765625,10
27315,0.0009765625,10
27316,0.0009765625,10
27317,0.001953125,9
27318,0.0009765625,10
27319,0.0009765625,10
27320,0.0009765625,10
27321,0.0009765625,10
27322,0.001953125,9
27323,0.0009765625,10
27324,0.0009765625,10
27325,0.0009765625,10
27326,0.001953125,9
27327,0.0009765625,10
27328,0.0009765625,10
27329,0.0009765625,10
27330,0.0009765625,10
27331,0.001953125,9
27332,0.0009765625,10
27333,0.0009765625,10
27334,0.0009765625,10
27335,0.001953125,9
27336,0.0009765625,10
27337,0.0009765625,10
27338,0.0009765625,10
27339,0.001953125,9
27340,0.0009765625,10
27341,0.0009765625,10
27342,0.0009765625,10
27343,0.0009765625,10
27344,0.001953125,9
27345,0.0009765625,10
27346,0.0009765625,10
27347,0.0009765625,10
27348,0.001953125,9
27349,0.0009765625,10
27350,0.0009765625,10
27351,0.0009765625,10
27352,0.001953125,9
27353,0.0009765625,10
27354,0.0009765625,10
27355,0.0009765625,10
27356,0.0009765625,10
27357,0.001953125,9
27358,0.0009765625,10
27359,0.0009765625,10
27360,0.0009765625,10
27361,0.001953125,9
27362,0.0009765625,10
27363,0.0009765625,10
27364,0.0009765625,10
27365,0.0009765625,10
27366,0.001953125,9
27367,0.0009765625,10
27368,0.0009765625,10
27369,0.0009765625,10
27370,0.001953125,9
27371,0.0009765625,10
27372,0.0009765625,10
27373,0.0009765625,10
27374,0.001953125,9
27375,0.0009765625,10
27376,0.0009765625,10
27377,0.0009765625,10
27378,0.0009765625,10
27379,0.001953125,9
27380,0.0009765625,10
27381,0.0009765625,10
27382,0.0009765625,10
27383,0.001953125,9
27384,0.0009765625,10
27385,0.0009765625,10
27386,0.0009765625,10
27387,0.001953125,9
27388,0.0009765625,10
27389,0.0009765625,10
27390,0.0009765625,10
27391,0.0009765625,10
27392,0.001953125,9
27393,0.0009765625,10
27394,0.0009765625,10
27395,0.0009765625,10
27396,0.001953125,9
27397,0.0009765625,10
27398,0.0009765625,10
27399,0.0009765625,10
27400,0.001953125,9
27401,0.0009765625,10
27402,0.0009765625,10
27403,0.0009765625,10
27404,0.0009765625,10
27405,0.001953125,9
27406,0.0009765625,10
27407,0.0009765625,10
27408,0.0009765625,10
27409,0.001953125,9
27410,0.0009765625,10
27411,0.0009765625,10
27412,0.0009765625,10
27413,0.0009765625,10
27414,0.001953125,9
27415,0.0009765625,10
27416,0.0009765625,10
27417,0.0009765625,10
27418,0.001953125,9
27419,0.0009765625,10
27420,0.0009765625,10
27421,0.0009765625,10
27422,0.001953125,9
27423,0.0009765625,10
27424,0.0009765625,10
27425,0.0009765625,10
27426,0.0009765625,10
27427,0.001953125,9
27428,0.0009765625,10
27429,0.0009765625,10
27430,0.0009765625,10
27431,0.001953125,9
27432,0.0009765625,10
27433,0.0009765625,10
27434,0.0009765625,10
27435,0.001953125,9
27436,0.0009765625,10
27437,0.0009765625,10
27438,0.0009765625,10
27439,0.0009765625,10
27440,0.001953125,9
27441,0.0009765625,10
27442,0.0009765625,10
27443,0.0009765625,10
27444,0.001953125,9
27445,0.0009765625,10
27446,0.0009765625,10
27447,0.0009765625,10
27448,0.0009765625,10
27449,0.001953125,9
27450,0.0009765625,10
27451,0.0009765625,10
27452,0.0009765625,10
27453,0.001953125,9
27454,0.0009765625,10
27455,0.0009765625,10
27456,0.0009765625,10
27457,0.001953125,9
27458,0.0009765625,10
27459,0.0009765625,10
27460,0.0009765625,10
27461,0.0009765625,10
27462,0.001953125,9
27463,0.0009765625,10
27464,0.0009765625,10
27465,0.0009765625,10
27466,0.001953125,9
27467,0.0009765625,10
27468,0.0009765625,10
27469,0.0009765625,10
27470,0.001953125,9
27471,0.0009765625,10
27472,0.0009765625,10
27473,0.0009765625,10
27474,0.0009765625,10
27475,0.001953125,9
27476,0.0009765625,10
27477,0.0009765625,10
27478,0.0009765625,10
27479,0.001953125,9
27480,0.0009765625,10
27481,0.0009765625,10
27482,0.0009765625,10
27483,0.001953125,9
27484,0.0009765625,10
27485,0.0009765625,10
27486,0.0009765625,10
27487,0.0009765625,10
27488,0.001953125,9
27489,0.0009765625,10
27490,0.0009765625,10
27491,0.0009765625,10
27492,0.001953125,9
27493,0.0009765625,10
27494,0.0009765625,10
27495,0.0009765625,10
27496,0.0009765625,10
27497,0.001953125,9
27498,0.0009765625,10
27499,0.0009765625,10
27500,0.0009765625,10
27501,0.001953125,9
27502,0.0009765625,10
27503,0.0009765625,10
27504,0.0009765625,10
27505,0.001953125,9
27506,0.0009765625,10
27507,0.0009765625,10
27508,0.0009765625,10
27509,0.0009765625,10
27510,0.001953125,9
27511,0.0009765625,10
27512,0.0009765625,10
27513,0.0009765625,10
27514,0.001953125,9
27515,0.0009765625,10
27516,0.0009765625,10
27517,0.0009765625,10
27518,0.001953125,9
27519,0.0009765625,10
27520,0.0009765625,10
27521,0.0009765625,10
27522,0.0009765625,10
27523,0.001953125,9
27524,0.0009765625,10
27525,0.0009765625,10
27526,0.0009765625,10
27527,0.001953125,9
27528,0.0009765625,10
27529,0.0009765625,10
27530,0.0009765625,10
27531,0.0009765625,10
27532,0.001953125,9
27533,0.0009765625,10
27534,0.0009765625,10
27535,0.0009765625,10
27536,0.001953125,9
27537,0.0009765625,10
27538,0.0009765625,10
27539,0.0009765625,10
27540,0.001953125,9
27541,0.0009765625,10
27542,0.0009765625,10
27543,0.0009765625,10
27544,0.0009765625,10
27545,0.001953125,9
27546,0.0009765625,10
27547,0.0009765625,10
27548,0.0009765625,10
27549,0.001953125,9
27550,0.0009765625,10
27551,0.0009765625,10
27552,0.0009765625,10
27553,0.001953125,9
27554,0.0009765625,10
27555,0.0009765625,10
27556,0.0009765625,10
27557,0.0009765625,10
27558,0.001953125,9
27559,0.0009765625,10
27560,0.0009765625,10
27561,0.0009765625,10
27562,0.001953125,9
27563,0.0009765625,10
27564,0.0009765625,10
27565,0.0009765625,10
27566,0.001953125,9
27567,0.0009765625,10
27568,0.0009765625,10
27569,0.0009765625,10
27570,0.0009765625,10
27571,0.001953125,9
27572,0.0009765625,10
27573,0.0009765625,10
27574,0.0009765625,10
27575,0.001953125,9
27576,0.0009765625,10
27577,0.0009765625,10
27578,0.0009765625,10
27579,0.0009765625,10
27580,0.001953125,9
27581,0.0009765625,10
27582,0.0009765625,10
27583,0.0009765625,10
27584,0.001953125,9
27585,0.0009765625,10
27586,0.0009765625,10
27587,0.0009765625,10
27588,0.001953125,9
27589,0.0009765625,10
27590,0.0009765625,10
27591,0.0009765625,10
27592,0.0009765625,10
27593,0.001953125,9
27594,0.0009765625,10
27595,0.0009765625,10
27596,0.0009765625,10
27597,0.001953125,9
27598,0.0009765625,10
27599,0.0009765625,10
27600,0.0009765625,10
27601,0.001953125,9
27602,0.0009765625,10
27603,0.0009765625,10
27604,0.0009765625,10
27605,0.0009765625,10
27606,0.001953125,9
27607,0.0009765625,10
27608,0.0009765625,10
27609,0.0009765625,10
27610,0.001953125,9
27611,0.0009765625,10
27612,0.0009765625,10
27613,0.0009765625,10
27614,0.0009765625,10
27615,0.001953125,9
27616,0.0009765625,10
27617,0.0009765625,10
27618,0.0009765625,10
27619,0.001953125,9
27620,0.0009765625,10
27621,0.0009765625,10
27622,0.0009765625,10
27623,0.001953125,9
27624,0.0009765625,10
27625,0.0009765625,10
27626,0.0009765625,10
27627,0.0009765625,10
27628,0.001953125,9
27629,0.0009765625,10
27630,0.0009765625,10
27631,0.0009765625,10
27632,0.001953125,9
27633,0.0009765625,10
27634,0.0009765625,10
27635,0.0009765625,10
27636,0.001953125,9
27637,0.0009765625,10
27638,0.0009765625,10
27639,0.0009765625,10
27640,0.0009765625,10
27641,0.001953125,9
27642,0.0009765625,10
27643,0.0009765625,10
27644,0.0009765625,10
27645,0.001953125,9
27646,0.0009765625,10
27647,0.0009765625,10
27648,0.0009765625,10
27649,0.001953125,9
27650,0.0009765625,10
27651,0.0009765625,10
27652,0.0009765625,10
27653,0.0009765625,10
27654,0.001953125,9
27655,0.0009765625,10
27656,0.0009765625,10
27657,0.0009765625,10
27658,0.001953125,9
27659,0.0009765625,10
27660,0.0009765625,10
27661,0.0009765625,10
27662,0.0009765625,10
27663,0.001953125,9
27664,0.0009765625,10
27665,0.0009765625,10
27666,0.0009765625,10
27667,0.001953125,9
27668,0.0009765625,10
27669,0.0009765625,10
27670,0.0009765625,10
27671,0.001953125,9
27672,0.0009765625,10
27673,0.0009765625,10
27674,0.0009765625,10
27675,0.0009765625,10
27676,0.001953125,9
27677,0.0009765625,10
27678,0.0009765625,10
27679,0.0009765625,10
27680,0.001953125,9
27681,0.0009765625,10
27682,0.0009765625,10
27683,0.0009765625,10
27684,0.001953125,9
27685,0.0009765625,10
27686,0.0009765625,10
27687,0.0009765625,10
27688,0.0009765625,10
27689,0.001953125,9
27690,0.0009765625,10
27691,0.0009765625,10
27692,0.0009765625,10
27693,0.001953125,9
27694,0.0009765625,10
27695,0.0009765625,10
27696,0.0009765625,10
27697,0.0009765625,10
27698,0.001953125,9
27699,0.0009765625,10
27700,0.0009765625,10
27701,0.0009765625,10
27702,0.001953125,9
27703,0.0009765625,10
27704,0.0009765625,10
27705,0.0009765625,10
27706,0.001953125,9
27707,0.0009765625,10
27708,0.0009765625,10
27709,0.0009765625,10
27710,0.0009765625,10
27711,0.001953125,9
27712,0.0009765625,10
27713,0.0009765625,10
27714,0.0009765625,10
27715,0.001953125,9
27716,0.0009765625,10
27717,0.0009765625,10
27718,0.0009765625,10
27719,0.001953125,9
27720,0.0009765625,10
27721,0.0009765625,10
27722,0.0009765625,10
27723,0.0009765625,10
27724,0.001953125,9
27725,0.0009765625,10
27726,0.0009765625,10
27727,0.0009765625,10
27728,0.001953125,9
27729,0.0009765625,10
27730,0.0009765625,10
27731,0.0009765625,10
27732,0.001953125,9
27733,0.0009765625,10
27734,0.0009765625,10
27735,0.0009765625,10
27736,0.0009765625,10
27737,0.001953125,9
27738,0.0009765625,10
27739,0.0009765625,10
27740,0.0009765625,10
27741,0.001953125,9
27742,0.0009765625,10
27743,0.0009765625,10
27744,0.0009765625,10
27745,0.0009765625,10
27746,0.001953125,9
27747,0.0009765625,10
27748,0.0009765625,10
27749,0.0009765625,10
27750,0.001953125,9
27751,0.0009765625,10
27752,0.0009765625,10
27753,0.0009765625,10
27754,0.001953125,9
27755,0.0009765625,10
27756,0.0009765625,10
27757,0.0009765625,10
27758,0.0009765625,10
27759,0.001953125,9
27760,0.0009765625,10
27761,0.0009765625,10
27762,0.0009765625,10
27763,0.001953125,9
27764,0.0009765625,10
27765,0.0009765625,10
27766,0.0009765625,10
27767,0.001953125,9
27768,0.0009765625,10
27769,0.0009765625,10
27770,0.0009765625,10
27771,0.0009765625,10
27772,0.001953125,9
27773,0.0009765625,10
27774,0.0009765625,10
27775,0.0009765625,10
27776,0.001953125,9
27777,0.0009765625,10
27778,0.0009765625,10
27779,0.0009765625,10
27780,0.0009765625,10
27781,0.001953125,9
27782,0.0009765625,10
27783,0.0009765625,10
27784,0.0009765625,10
27785,0.001953125,9
27786,0.0009765625,10
27787,0.0009765625,10
27788,0.0009765625,10
27789,0.001953125,9
27790,0.0009765625,10
27791,0.0009765625,10
27792,0.0009765625,10
27793,0.0009765625,10
27794,0.001953125,9
27795,0.0009765625,10
27796,0.0009765625,10
27797,0.0009765625,10
27798,0.001953125,9
27799,0.0009765625,10
27800,0.0009765625,10
27801,0.0009765625,10
27802,0.001953125,9
27803,0.0009765625,10
27804,0.0009765625,10
27805,0.0009765625,10
27806,0.0009765625,10
27807,0.001953125,9
27808,0.0009765625,10
27809,0.0009765625,10
27810,0.0009765625,10
27811,0.001953125,9
27812,0.0009765625,10
27813,0.0009765625,10
27814,0.0009765625,10
27815,0.001953125,9
27816,0.0009765625,10
27817,0.0009765625,10
27818,0.0009765625,10
27819,0.0009765625,10
27820,0.001953125,9
27821,0.0009765625,10
27822,0.0009765625,10
27823,0.0009765625,10
27824,0.001953125,9
27825,0.0009765625,10
27826,0.0009765625,10
27827,0.0009765625,10
27828,0.0009765625,10
27829,0.001953125,9
27830,0.0009765625,10
27831,0.0009765625,10
27832,0.0009765625,10
27833,0.001953125,9
27834,0.0009765625,10
27835,0.0009765625,10
27836,0.0009765625,10
27837,0.001953125,9
27838,0.0009765625,10
27839,0.0009765625,10
27840,0.0009765625,10
27841,0.0009765625,10
27842,0.001953125,9
27843,0.0009765625,10
27844,0.0009765625,10
27845,0.0009765625,10
27846,0.001953125,9
27847,0.0009765625,10
27848,0.0009765625,10
27849,0.0009765625,10
27850,0.001953125,9
27851,0.0009765625,10
27852,0.0009765625,10
27853,0.0009765625,10
27854,0.0009765625,10
27855,0.001953125,9
27856,0.0009765625,10
27857,0.0009765625,10
27858,0.0009765625,10
27859,0.001953125,9
27860,0.0009765625,10
27861,0.0009765625,10
27862,0.0009765625,10
27863,0.0009765625,10
27864,0.001953125,9
27865,0.0009765625,10
27866,0.0009765625,10
27867,0.0009765625,10
27868,0.001953125,9
27869,0.0009765625,10
27870,0.0009765625,10
27871,0.0009765625,10
27872,0.001953125,9
27873,0.0009765625,10
27874,0.0009765625,10
27875,0.0009765625,10
27876,0.0009765625,10
27877,0.001953125,9
27878,0.0009765625,10
27879,0.0009765625,10
27880,0.0009765625,10
27881,0.001953125,9
27882,0.0009765625,10
27883,0.0009765625,10
27884,0.0009765625,10
27885,0.001953125,9
27886,0.0009765625,10
27887,0.0009765625,10
27888,0.0009765625,10
27889,0.0009765625,10
27890,0.001953125,9
27891,0.0009765625,10
27892,0.0009765625,10
27893,0.0009765625,10
27894,0.001953125,9
27895,0.0009765625,10
27896,0.0009765625,10
27897,0.0009765625,10
27898,0.001953125,9
27899,0.0009765625,10
27900,0.0009765625,10
27901,0.0009765625,10
27902,0.0009765625,10
27903,0.001953125,9
27904,0.0009765625,10
27905,0.0009765625,10
27906,0.0009765625,10
27907,0.001953125,9
27908,0.0009765625,10
27909,0.0009765625,10
27910,0.0009765625,10
27911,0.0009765625,10
27912,0.001953125,9
27913,0.0009765625,10
27914,0.0009765625,10
27915,0.0009765625,10
27916,0.001953125,9
27917,0.0009765625,10
27918,0.0009765625,10
27919,0.0009765625,10
27920,0.001953125,9
27921,0.0009765625,10
27922,0.0009765625,10
27923,0.0009765625,10
27924,0.0009765625,10
27925,0.001953125,9
27926,0.0009765625,10
27927,0.0009765625,10
27928,0.0009765625,10
27929,0.001953125,9
27930,0.0009765625,10
27931,0.0009765625,10
27932,0.0009765625,10
27933,0.001953125,9
27934,0.0009765625,10
27935,0.0009765625,10
27936,0.0009765625,10
27937,0.0009765625,10
27938,0.001953125,9
27939,0.0009765625,10
27940,0.0009765625,10
27941,0.0009765625,10
27942,0.001953125,9
27943,0.0009765625,10
27944,0.0009765625,10
27945,0.0009765625,10
27946,0.0009765625,10
27947,0.001953125,9
27948,0.0009765625,10
27949,0.0009765625,10
27950,0.0009765625,10
27951,0.001953125,9
27952,0.0009765625,10
27953,0.0009765625,10
27954,0.0009765625,10
27955,0.001953125,9
27956,0.0009765625,10
27957,0.0009765625,10
27958,0.0009765625,10
27959,0.0009765625,10
27960,0.001953125,9
27961,0.0009765625,10
27962,0.0009765625,10
27963,0.0009765625,10
27964,0.001953125,9
27965,0.0009765625,10
27966,0.0009765625,10
27967,0.0009765625,10
27968,0.001953125,9
27969,0.0009765625,10
27970,0.0009765625,10
27971,0.0009765625,10
27972,0.0009765625,10
27973,0.001953125,9
27974,0.0009765625,10
27975,0.0009765625,10
27976,0.0009765625,10
27977,0.001953125,9
27978,0.0009765625,10
27979,0.0009765625,10
27980,0.0009765625,10
27981,0.001953125,9
27982,0.0009765625,10
27983,0.0009765625,10
27984,0.0009765625,10
27985,0.0009765625,10
27986,0.001953125,9
27987,0.0009765625,10
27988,0.0009765625,10
27989,0.0009765625,10
27990,0.001953125,9
27991,0.0009765625,10
27992,0.0009765625,10
27993,0.0009765625,10
27994,0.0009765625,10
27995,0.001953125,9
27996,0.0009765625,10
27997,0.0009765625,10
27998,0.0009765625,10
27999,0.001953125,9
28000,0.0009765625,10
28001,0.0009765625,10
28002,0.0009765625,10
28003,0.001953125,9
28004,0.0009765625,10
28005,0.0009765625,10
28006,0.0009765625,10
28007,0.0009765625,10
28008,0.001953125,9
28009,0.0009765625,10
28010,0.0009765625,10
28011,0.0009765625,10
28012,0.001953125,9
28013,0.0009765625,10
28014,0.0009765625,10
28015,0.0009765625,10
28016,0.001953125,9
28017,0.0009765625,10
28018,0.0009765625,10
28019,0.0009765625,10
28020,0.0009765625,10
28021,0.001953125,9
28022,0.0009765625,10
28023,0.0009765625,10
28024,0.0009765625,10
28025,0.001953125,9
28026,0.0009765625,10
28027,0.0009765625,10
28028,0.0009765625,10
28029,0.0009765625,10
28030,0.001953125,9
28031,0.0009765625,10
28032,0.0009765625,10
28033,0.0009765625,10
28034,0.001953125,9
28035,0.0009765625,10
28036,0.0009765625,10
28037,0.0009765625,10
28038,0.001953125,9
28039,0.0009765625,10
28040,0.0009765625,10
28041,0.0009765625,10
28042,0.0009765625,10
28043,0.001953125,9
28044,0.0009765625,10
28045,0.0009765625,10
28046,0.0009765625,10
28047,0.001953125,9
28048,0.0009765625,10
28049,0.0009765625,10
28050,0.0009765625,10
28051,0.001953125,9
28052,0.0009765625,10
28053,0.0009765625,10
28054,0.0009765625,10
28055,0.0009765625,10
28056,0.001953125,9
28057,0.0009765625,10
28058,0.0009765625,10
28059,0.0009765625,10
28060,0.001953125,9
28061,0.0009765625,10
28062,0.0009765625,10
28063,0.0009765625,10
28064,0.001953125,9
28065,0.0009765625,10
28066,0.0009765625,10
28067,0.0009765625,10
28068,0.0009765625,10
28069,0.001953125,9
28070,0.0009765625,10
28071,0.0009765625,10
28072,0.0009765625,10
28073,0.001953125,9
28074,0.0009765625,10
28075,0.0009765625,10
28076,0.0009765625,10
28077,0.0009765625,10
28078,0.001953125,9
28079,0.0009765625,10
28080,0.0009765625,10
28081,0.0009765625,10
28082,0.001953125,9
28083,0.0009765625,10
28084,0.0009765625,10
28085,0.0009765625,10
28086,0.001953125,9
28087,0.0009765625,10
28088,0.0009765625,10
28089,0.0009765625,10
28090,0.0009765625,10
28091,0.001953125,9
28092,0.0009765625,10
28093,0.0009765625,10
28094,0.0009765625,10
28095,0.001953125,9
28096,0.0009765625,10
28097,0.0009765625,10
28098,0.0009765625,10
28099,0.001953125,9
28100,0.0009765625,10
28101,0.0009765625,10
28102,0.0009765625,10
28103,0.0009765625,10
28104,0.001953125,9
28105,0.0009765625,10
28106,0.0009765625,10
28107,0.0009765625,10
28108,0.001953125,9
28109,0.0009765625,10
28110,0.0009765625,10
28111,0.0009765625,10
28112,0.0009765625,10
28113,0.001953125,9
28114,0.0009765625,10
28115,0.0009765625,10
28116,0.0009765625,10
28117,0.001953125,9
28118,0.0009765625,10
28119,0.0009765625,10
28120,0.0009765625,10
28121,0.001953125,9
28122,0.0009765625,10
28123,0.0009765625,10
28124,0.0009765625,10
28125,0.0009765625,10
28126,0.001953125,9
28127,0.0009765625,10
28128,0.0009765625,10
28129,0.0009765625,10
28130,0.001953125,9
28131,0.0009765625,10
28132,0.0009765625,10
28133,0.0009765625,10
28134,0.001953125,9
28135,0.0009765625,10
28136,0.0009765625,10
28137,0.0009765625,10
28138,0.0009765625,10
28139,0.001953125,9
28140,0.0009765625,10
28141,0.0009765625,10
28142,0.0009765625,10
28143,0.001953125,9
28144,0.0009765625,10
28145,0.0009765625,10
28146,0.0009765625,10
28147,0.001953125,9
28148,0.0009765625,10
28149,0.0009765625,10
28150,0.0009765625,10
28151,0.0009765625,10
28152,0.001953125,9
28153,0.0009765625,10
28154,0.0009765625,10
28155,0.0009765625,10
28156,0.001953125,9
28157,0.0009765625,10
28158,0.0009765625,10
28159,0.0009765625,10
28160,0.0009765625,10
28161,0.001953125,9
28162,0.0009765625,10
28163,0.0009765625,10
28164,0.0009765625,10
28165,0.001953125,9
28166,0.0009765625,10
28167,0.0009765625,10
28168,0.0009765625,10
28169,0.001953125,9
28170,0.0009765625,10
28171,0.0009765625,10
28172,0.0009765625,10
28173,0.0009765625,10
28174,0.001953125,9
28175,0.0009765625,10
28176,0.0009765625,10
28177,0.0009765625,10
28178,0.001953125,9
28179,0.0009765625,10
28180,0.0009765625,10
28181,0.0009765625,10
28182,0.001953125,9
28183,0.0009765625,10
28184,0.0009765625,10
28185,0.0009765625,10
28186,0.0009765625,10
28187,0.001953125,9
28188,0.0009765625,10
28189,0.0009765625,10
28190,0.0009765625,10
28191,0.001953125,9
28192,0.0009765625,10
28193,0.0009765625,10
28194,0.0009765625,10
28195,0.0009765625,10
28196,0.001953125,9
28197,0.0009765625,10
28198,0.0009765625,10
28199,0.0009765625,10
28200,0.001953125,9
28201,0.0009765625,10
28202,0.0009765625,10
28203,0.0009765625,10
28204,0.001953125,9
28205,0.0009765625,10
28206,0.0009765625,10
28207,0.0009765625,10
28208,0.0009765625,10
28209,0.001953125,9
28210,0.0009765625,10
28211,0.0009765625,10
28212,0.0009765625,10
28213,0.001953125,9
28214,0.0009765625,10
28215,0.0009765625,10
28216,0.0009765625,10
28217,0.001953125,9
28218,0.0009765625,10
28219,0.0009765625,10
28220,0.0009765625,10
28221,0.0009765625,10
28222,0.001953125,9
28223,0.0009765625,10
28224,0.0009765625,10
28225,0.0009765625,10
28226,0.001953125,9
28227,0.0009765625,10
28228,0.0009765625,10
28229,0.0009765625,10
28230,0.001953125,9
28231,0.0009765625,10
28232,0.0009765625,10
28233,0.0009765625,10
28234,0.0009765625,10
28235,0.001953125,9
28236,0.0009765625,10
28237,0.0009765625,10
28238,0.0009765625,10
28239,0.001953125,9
28240,0.0009765625,10
28241,0.0009765625,10
28242,0.0009765625,10
28243,0.0009765625,10
28244,0.001953125,9
28245,0.0009765625,10
28246,0.0009765625,10
28247,0.0009765625,10
28248,0.001953125,9
28249,0.0009765625,10
28250,0.0009765625,10
28251,0.0009765625,10
28252,0.001953125,9
28253,0.0009765625,10
28254,0.0009765625,10
28255,0.0009765625,10
28256,0.0009765625,10
28257,0.001953125,9
28258,0.0009765625,10
28259,0.0009765625,10
28260,0.0009765625,10
28261,0.001953125,9
28262,0.0009765625,10
28263,0.0009765625,10
28264,0.0009765625,10
28265,0.001953125,9
28266,0.0009765625,10
28267,0.0009765625,10
28268,0.0009765625,10
28269,0.0009765625,10
28270,0.001953125,9
28271,0.0009765625,10
28272,0.0009765625,10
28273,0.0009765625,10
28274,0.001953125,9
28275,0.0009765625,10
28276,0.0009765625,10
28277,0.0009765625,10
28278,0.0009765625,10
28279,0.001953125,9
28280,0.0009765625,10
28281,0.0009765625,10
28282,0.0009765625,10
28283,0.001953125,9
28284,0.0009765625,10
28285,0.0009765625,10
28286,0.0009765625,10
28287,0.001953125,9
28288,0.0009765625,10
28289,0.0009765625,10
28290,0.0009765625,10
28291,0.0009765625,10
28292,0.001953125,9
28293,0.0009765625,10
28294,0.0009765625,10
28295,0.0009765625,10
28296,0.001953125,9
28297,0.0009765625,10
28298,0.0009765625,10
28299,0.0009765625,10
28300,0.001953125,9
28301,0.0009765625,10
28302,0.0009765625,10
28303,0.0009765625,10
28304,0.0009765625,10
28305,0.001953125,9
28306,0.0009765625,10
28307,0.0009765625,10
28308,0.0009765625,10
28309,0.001953125,9
28310,0.0009765625,10
28311,0.0009765625,10
28312,0.0009765625,10
28313,0.001953125,9
28314,0.0009765625,10
28315,0.0009765625,10
28316,0.0009765625,10
28317,0.0009765625,10
28318,0.001953125,9
28319,0.0009765625,10
28320,0.0009765625,10
28321,0.0009765625,10
28322,0.001953125,9
28323,0.0009765625,10
28324,0.0009765625,10
28325,0.0009765625,10
28326,0.0009765625,10
28327,0.001953125,9
28328,0.0009765625,10
28329,0.0009765625,10
28330,0.0009765625,10
28331,0.001953125,9
28332,0.0009765625,10
28333,0.0009765625,10
28334,0.0009765625,10
28335,0.001953125,9
28336,0.0009765625,10
28337,0.0009765625,10
28338,0.0009765625,10
28339,0.0009765625,10
28340,0.001953125,9
28341,0.0009765625,10
28342,0.0009765625,10
28343,0.0009765625,10
28344,0.001953125,9
28345,0.0009765625,10
28346,0.0009765625,10
28347,0.0009765625,10
28348,0.001953125,9
28349,0.0009765625,10
28350,0.0009765625,10
28351,0.0009765625,10
28352,0.0009765625,10
28353,0.001953125,9
28354,0.0009765625,10
28355,0.0009765625,10
28356,0.0009765625,10
28357,0.001953125,9
28358,0.0009765625,10
28359,0.0009765625,10
28360,0.0009765625,10
28361,0.0009765625,10
28362,0.001953125,9
28363,0.0009765625,10
28364,0.0009765625,10
28365,0.0009765625,10
28366,0.001953125,9
28367,0.0009765625,10
28368,0.0009765625,10
28369,0.0009765625,10
28370,0.001953125,9
28371,0.0009765625,10
28372,0.0009765625,10
28373,0.0009765625,10
28374,0.0009765625,10
28375,0.001953125,9
28376,0.0009765625,10
28377,0.0009765625,10
28378,0.0009765625,10
28379,0.001953125,9
28380,0.0009765625,10
28381,0.0009765625,10
28382,0.0009765625,10
28383,0.001953125,9
28384,0.0009765625,10
28385,0.0009765625,10
28386,0.0009765625,10
28387,0.0009765625,10
28388,0.001953125,9
28389,0.0009765625,10
28390,0.0009765625,10
28391,0.0009765625,10
28392,0.001953125,9
28393,0.0009765625,10
28394,0.0009765625,10
28395,0.0009765625,10
28396,0.001953125,9
28397,0.0009765625,10
28398,0.0009765625,10
28399,0.0009765625,10
28400,0.0009765625,10
28401,0.001953125,9
28402,0.0009765625,10
28403,0.0009765625,10
28404,0.0009765625,10
28405,0.001953125,9
28406,0.0009765625,10
28407,0.0009765625,10
28408,0.0009765625,10
28409,0.0009765625,10
28410,0.001953125,9
28411,0.0009765625,10
28412,0.0009765625,10
28413,0.0009765625,10
28414,0.001953125,9
28415,0.0009765625,10
28416,0.0009765625,10
28417,0.0009765625,10
28418,0.001953125,9
28419,0.0009765625,10
28420,0.0009765625,10
28421,0.0009765625,10
28422,0.0009765625,10
28423,0.001953125,9
28424,0.0009765625,10
28425,0.0009765625,10
28426,0.0009765625,10
28427,0.001953125,9
28428,0.0009765625,10
28429,0.0009765625,10
28430,0.0009765625,10
28431,0.001953125,9
28432,0.0009765625,10
28433,0.0009765625,10
28434,0.0009765625,10
28435,0.0009765625,10
28436,0.001953125,9
28437,0.0009765625,10
28438,0.0009765625,10
28439,0.0009765625,10
28440,0.001953125,9
28441,0.0009765625,10
28442,0.0009765625,10
28443,0.0009765625,10
28444,0.0009765625,10
28445,0.001953125,9
28446,0.0009765625,10
28447,0.0009765625,10
28448,0.0009765625,10
28449,0.001953125,9
28450,0.0009765625,10
28451,0.0009765625,10
28452,0.0009765625,10
28453,0.001953125,9
28454,0.0009765625,10
28455,0.0009765625,10
28456,0.0009765625,10
28457,0.0009765625,10
28458,0.001953125,9
28459,0.0009765625,10
28460,0.0009765625,10
28461,0.0009765625,10
28462,0.001953125,9
28463,0.0009765625,10
28464,0.0009765625,10
28465,0.0009765625,10
28466,0.001953125,9
28467,0.0009765625,10
28468,0.0009765625,10
28469,0.0009765625,10
28470,0.0009765625,10
28471,0.001953125,9
28472,0.0009765625,10
28473,0.0009765625,10
28474,0.0009765625,10
28475,0.001953125,9
28476,0.0009765625,10
28477,0.0009765625,10
28478,0.0009765625,10
28479,0.001953125,9
28480,0.0009765625,10
28481,0.0009765625,10
28482,0.0009765625,10
28483,0.0009765625,10
28484,0.001953125,9
28485,0.0009765625,10
28486,0.0009765625,10
28487,0.0009765625,10
28488,0.001953125,9
28489,0.0009765625,10
28490,0.0009765625,10
28491,0.0009765625,10
28492,0.0009765625,10
28493,0.001953125,9
28494,0.0009765625,10
28495,0.0009765625,10
28496,0.0009765625,10
28497,0.001953125,9
28498,0.0009765625,10
28499,0.0009765625,10
28500,0.0009765625,10
28501,0.001953125,9
28502,0.0009765625,10
28503,0.0009765625,10
28504,0.0009765625,10
28505,0.0009765625,10
28506,0.001953125,9
28507,0.0009765625,10
28508,0.0009765625,10
28509,0.0009765625,10
28510,0.001953125,9
28511,0.0009765625,10
28512,0.0009765625,10
28513,0.0009765625,10
28514,0.001953125,9
28515,0.0009765625,10
28516,0.0009765625,10
28517,0.0009765625,10
28518,0.0009765625,10
28519,0.001953125,9
28520,0.0009765625,10
28521,0.0009765625,10
28522,0.0009765625,10
28523,0.001953125,9
28524,0.0009765625,10
28525,0.0009765625,10
28526,0.0009765625,10
28527,0.0009765625,10
28528,0.001953125,9
28529,0.0009765625,10
28530,0.0009765625,10
28531,0.0009765625,10
28532,0.001953125,9
28533,0.0009765625,10
28534,0.0009765625,10
28535,0.0009765625,10
28536,0.001953125,9
28537,0.0009765625,10
28538,0.0009765625,10
28539,0.0009765625,10
28540,0.0009765625,10
28541,0.001953125,9
28542,0.0009765625,10
28543,0.0009765625,10
28544,0.0009765625,10
28545,0.001953125,9
28546,0.0009765625,10
28547,0.0009765625,10
28548,0.0009765625,10
28549,0.001953125,9
28550,0.0009765625,10
28551,0.0009765625,10
28552,0.0009765625,10
28553,0.0009765625,10
28554,0.001953125,9
28555,0.0009765625,10
28556,0.0009765625,10
28557,0.0009765625,10
28558,0.001953125,9
28559,0.0009765625,10
28560,0.0009765625,10
28561,0.0009765625,10
28562,0.001953125,9
28563,0.0009765625,10
28564,0.0009765625,10
28565,0.0009765625,10
28566,0.0009765625,10
28567,0.001953125,9
28568,0.0009765625,10
28569,0.0009765625,10
28570,0.0009765625,10
28571,0.001953125,9
28572,0.0009765625,10
28573,0.0009765625,10
28574,0.0009765625,10
28575,0.0009765625,10
28576,0.001953125,9
28577,0.0009765625,10
28578,0.0009765625,10
28579,0.0009765625,10
28580,0.001953125,9
28581,0.0009765625,10
28582,0.0009765625,10
28583,0.0009765625,10
28584,0.001953125,9
28585,0.0009765625,10
28586,0.0009765625,10
28587,0.0009765625,10
28588,0.0009765625,10
28589,0.001953125,9
28590,0.0009765625,10
28591,0.0009765625,10
28592,0.0009765625,10
28593,0.001953125,9
28594,0.0009765625,10
28595,0.0009765625,10
28596,0.0009765625,10
28597,0.001953125,9
28598,0.0009765625,10
28599,0.0009765625,10
28600,0.0009765625,10
28601,0.0009765625,10
28602,0.001953125,9
28603,0.0009765625,10
28604,0.0009765625,10
28605,0.0009765625,10
28606,0.001953125,9
28607,0.0009765625,10
28608,0.0009765625,10
28609,0.0009765625,10
28610,0.0009765625,10
28611,0.001953125,9
28612,0.0009765625,10
28613,0.0009765625,10
28614,0.0009765625,10
28615,0.001953125,9
28616,0.0009765625,10
28617,0.0009765625,10
28618,0.0009765625,10
28619,0.001953125,9
28620,0.0009765625,10
28621,0.0009765625,10
28622,0.0009765625,10
28623,0.0009765625,10
28624,0.001953125,9
28625,0.0009765625,10
28626,0.0009765625,10
28627,0.0009765625,10
28628,0.001953125,9
28629,0.0009765625,10
28630,0.0009765625,10
28631,0.0009765625,10
28632,0.001953125,9
28633,0.0009765625,10
28634,0.0009765625,10
28635,0.0009765625,10
28636,0.0009765625,10
28637,0.001953125,9
28638,0.0009765625,10
28639,0.0009765625,10
28640,0.0009765625,10
28641,0.001953125,9
28642,0.0009765625,10
28643,0.0009765625,10
28644,0.0009765625,10
28645,0.001953125,9
28646,0.0009765625,10
28647,0.0009765625,10
28648,0.0009765625,10
28649,0.0009765625,10
28650,0.001953125,9
28651,0.0009765625,10
28652,0.0009765625,10
28653,0.0009765625,10
28654,0.001953125,9
28655,0.0009765625,10
28656,0.0009765625,10
28657,0.0009765625,10
28658,0.0009765625,10
28659,0.001953125,9
28660,0.0009765625,10
28661,0.0009765625,10
28662,0.0009765625,10
28663,0.001953125,9
28664,0.0009765625,10
28665,0.0009765625,10
28666,0.0009765625,10
28667,0.001953125,9
28668,0.0009765625,10
28669,0.0009765625,10
28670,0.0009765625,10
28671,0.0009765625,10
28672,0.001953125,9
28673,0.0009765625,10
28674,0.0009765625,10
28675,0.0009765625,10
28676,0.001953125,9
28677,0.0009765625,10
28678,0.0009765625,10
28679,0.0009765625,10
28680,0.001953125,9
28681,0.0009765625,10
28682,0.0009765625,10
28683,0.0009765625,10
28684,0.0009765625,10
28685,0.001953125,9
28686,0.0009765625,10
28687,0.0009765625,10
28688,0.0009765625,10
28689,0.001953125,9
28690,0.0009765625,10
28691,0.0009765625,10
28692,0.0009765625,10
28693,0.0009765625,10
28694,0.001953125,9
28695,0.0009765625,10
28696,0.0009765625,10
28697,0.0009765625,10
28698,0.001953125,9
28699,0.0009765625,10
28700,0.0009765625,10
28701,0.0009765625,10
28702,0.001953125,9
28703,0.0009765625,10
28704,0.0009765625,10
28705,0.0009765625,10
28706,0.0009765625,10
28707,0.001953125,9
28708,0.0009765625,10
28709,0.0009765625,10
28710,0.0009765625,10
28711,0.001953125,9
28712,0.0009765625,10
28713,0.0009765625,10
28714,0.0009765625,10
28715,0.001953125,9
28716,0.0009765625,10
28717,0.0009765625,10
28718,0.0009765625,10
28719,0.0009765625,10
28720,0.001953125,9
28721,0.0009765625,10
28722,0.0009765625,10
28723,0.0009765625,10
28724,0.001953125,9
28725,0.0009765625,10
28726,0.0009765625,10
28727,0.0009765625,10
28728,0.001953125,9
28729,0.0009765625,10
28730,0.0009765625,10
28731,0.0009765625,10
28732,0.0009765625,10
28733,0.001953125,9
28734,0.0009765625,10
28735,0.0009765625,10
28736,0.0009765625,10
28737,0.001953125,9
28738,0.0009765625,10
28739,0.0009765625,10
28740,0.0009765625,10
28741,0.0009765625,10
28742,0.001953125,9
28743,0.0009765625,10
28744,0.0009765625,10
28745,0.0009765625,10
28746,0.001953125,9
28747,0.0009765625,10
28748,0.0009765625,10
28749,0.0009765625,10
28750,0.001953125,9
28751,0.0009765625,10
28752,0.0009765625,10
28753,0.0009765625,10
28754,0.0009765625,10
28755,0.001953125,9
28756,0.0009765625,10
28757,0.0009765625,10
28758,0.0009765625,10
28759,0.001953125,9
28760,0.0009765625,10
28761,0.0009765625,10
28762,0.0009765625,10
28763,0.001953125,9
28764,0.0009765625,10
28765,0.0009765625,10
28766,0.0009765625,10
28767,0.0009765625,10
28768,0.001953125,9
28769,0.0009765625,10
28770,0.0009765625,10
28771,0.0009765625,10
28772,0.001953125,9
28773,0.0009765625,10
28774,0.0009765625,10
28775,0.0009765625,10
28776,0.0009765625,10
28777,0.001953125,9
28778,0.0009765625,10
28779,0.0009765625,10
28780,0.0009765625,10
28781,0.001953125,9
28782,0.0009765625,10
28783,0.0009765625,10
28784,0.0009765625,10
28785,0.001953125,9
28786,0.0009765625,10
28787,0.0009765625,10
28788,0.0009765625,10
28789,0.0009765625,10
28790,0.001953125,9
28791,0.0009765625,10
28792,0.0009765625,10
28793,0.0009765625,10
28794,0.001953125,9
28795,0.0009765625,10
28796,0.0009765625,10
28797,0.0009765625,10
28798,0.001953125,9
28799,0.0009765625,10
28800,0.0009765625,10
28801,0.0009765625,10
28802,0.0009765625,10
28803,0.001953125,9
28804,0.0009765625,10
28805,0.0009765625,10
28806,0.0009765625,10
28807,0.001953125,9
28808,0.0009765625,10
28809,0.0009765625,10
28810,0.0009765625,10
28811,0.001953125,9
28812,0.0009765625,10
28813,0.0009765625,10
28814,0.0009765625,10
28815,0.0009765625,10
28816,0.001953125,9
28817,0.0009765625,10
28818,0.0009765625,10
28819,0.0009765625,10
28820,0.001953125,9
28821,0.0009765625,10
28822,0.0009765625,10
28823,0.0009765625,10
28824,0.0009765625,10
28825,0.001953125,9
28826,0.0009765625,10
28827,0.0009765625,10
28828,0.0009765625,10
28829,0.001953125,9
28830,0.0009765625,10
28831,0.0009765625,10
28832,0.0009765625,10
28833,0.001953125,9
28834,0.0009765625,10
28835,0.0009765625,10
28836,0.0009765625,10
28837,0.0009765625,10
28838,0.001953125,9
28839,0.0009765625,10
28840,0.0009765625,10
28841,0.0009765625,10
28842,0.001953125,9
28843,0.0009765625,10
28844,0.0009765625,10
28845,0.0009765625,10
28846,0.001953125,9
28847,0.0009765625,10
28848,0.0009765625,10
28849,0.0009765625,10
28850,0.0009765625,10
28851,0.001953125,9
28852,0.0009765625,10
28853,0.0009765625,10
28854,0.0009765625,10
28855,0.001953125,9
28856,0.0009765625,10
28857,0.0009765625,10
28858,0.0009765625,10
28859,0.0009765625,10
28860,0.001953125,9
28861,0.0009765625,10
28862,0.0009765625,10
28863,0.0009765625,10
28864,0.001953125,9
28865,0.0009765625,10
28866,0.0009765625,10
28867,0.0009765625,10
28868,0.001953125,9
28869,0.0009765625,10
28870,0.0009765625,10
28871,0.0009765625,10
28872,0.0009765625,10
28873,0.001953125,9
28874,0.0009765625,10
28875,0.0009765625,10
28876,0.0009765625,10
28877,0.001953125,9
28878,0.0009765625,10
28879,0.0009765625,10
28880,0.0009765625,10
28881,0.001953125,9
28882,0.0009765625,10
28883,0.0009765625,10
28884,0.0009765625,10
28885,0.0009765625,10
28886,0.001953125,9
28887,0.0009765625,10
28888,0.0009765625,10
28889,0.0009765625,10
28890,0.001953125,9
28891,0.0009765625,10
28892,0.0009765625,10
28893,0.0009765625,10
28894,0.001953125,9
28895,0.0009765625,10
28896,0.0009765625,10
28897,0.0009765625,10
28898,0.0009765625,10
28899,0.001953125,9
28900,0.0009765625,10
28901,0.0009765625,10
28902,0.0009765625,10
28903,0.001953125,9
28904,0.0009765625,10
28905,0.0009765625,10
28906,0.0009765625,10
28907,0.0009765625,10
28908,0.001953125,9
28909,0.0009765625,10
28910,0.0009765625,10
28911,0.0009765625,10
28912,0.001953125,9
28913,0.0009765625,10
28914,0.0009765625,10
28915,0.0009765625,10
28916,0.001953125,9
28917,0.0009765625,10
28918,0.0009765625,10
28919,0.0009765625,10
28920,0.0009765625,10
28921,0.001953125,9
28922,0.0009765625,10
28923,0.0009765625,10
28924,0.0009765625,10
28925,0.001953125,9
28926,0.0009765625,10
28927,0.0009765625,10
28928,0.0009765625,10
28929,0.001953125,9
28930,0.0009765625,10
28931,0.0009765625,10
28932,0.0009765625,10
28933,0.0009765625,10
28934,0.001953125,9
28935,0.0009765625,10
28936,0.0009765625,10
28937,0.0009765625,10
28938,0.001953125,9
28939,0.0009765625,10
28940,0.0009765625,10
28941,0.0009765625,10
28942,0.0009765625,10
28943,0.001953125,9
28944,0.0009765625,10
28945,0.0009765625,10
28946,0.0009765625,10
28947,0.001953125,9
28948,0.0009765625,10
28949,0.0009765625,10
28950,0.0009765625,10
28951,0.001953125,9
28952,0.0009765625,10
28953,0.0009765625,10
28954,0.0009765625,10
28955,0.0009765625,10
28956,0.001953125,9
28957,0.0009765625,10
28958,0.0009765625,10
28959,0.0009765625,10
28960,0.001953125,9
28961,0.0009765625,10
28962,0.0009765625,10
28963,0.0009765625,10
28964,0.001953125,9
28965,0.0009765625,10
28966,0.0009765625,10
28967,0.0009765625,10
28968,0.0009765625,10
28969,0.001953125,9
28970,0.0009765625,10
28971,0.0009765625,10
28972,0.0009765625,10
28973,0.001953125,9
28974,0.0009765625,10
28975,0.0009765625,10
28976,0.0009765625,10
28977,0.001953125,9
28978,0.0009765625,10
28979,0.0009765625,10
28980,0.0009765625,10
28981,0.0009765625,10
28982,0.001953125,9
28983,0.0009765625,10
28984,0.0009765625,10
28985,0.0009765625,10
28986,0.001953125,9
28987,0.0009765625,10
28988,0.0009765625,10
28989,0.0009765625,10
28990,0.0009765625,10
28991,0.001953125,9
28992,0.0009765625,10
28993,0.0009765625,10
28994,0.0009765625,10
28995,0.001953125,9
28996,0.0009765625,10
28997,0.0009765625,10
28998,0.0009765625,10
28999,0.001953125,9
29000,0.0009765625,10
29001,0.0009765625,10
29002,0.0009765625,10
29003,0.0009765625,10
29004,0.001953125,9
29005,0.0009765625,10
29006,0.0009765625,10
29007,0.0009765625,10
29008,0.001953125,9
29009,0.0009765625,10
29010,0.0009765625,10
29011,0.0009765625,10
29012,0.001953125,9
29013,0.0009765625,10
29014,0.0009765625,10
29015,0.0009765625,10
29016,0.0009765625,10
29017,0.001953125,9
29018,0.0009765625,10
29019,0.0009765625,10
29020,0.0009765625,10
29021,0.001953125,9
29022,0.0009765625,10
29023,0.0009765625,10
29024,0.0009765625,10
29025,0.0009765625,10
29026,0.001953125,9
29027,0.0009765625,10
29028,0.0009765625,10
29029,0.0009765625,10
29030,0.001953125,9
29031,0.0009765625,10
29032,0.0009765625,10
29033,0.0009765625,10
29034,0.001953125,9
29035,0.0009765625,10
29036,0.0009765625,10
29037,0.0009765625,10
29038,0.0009765625,10
29039,0.001953125,9
29040,0.0009765625,10
29041,0.0009765625,10
29042,0.0009765625,10
29043,0.001953125,9
29044,0.0009765625,10
29045,0.0009765625,10
29046,0.0009765625,10
29047,0.001953125,9
29048,0.0009765625,10
29049,0.0009765625,10
29050,0.0009765625,10
29051,0.0009765625,10
29052,0.001953125,9
29053,0.0009765625,10
29054,0.0009765625,10
29055,0.0009765625,10
29056,0.001953125,9
29057,0.0009765625,10
29058,0.0009765625,10
29059,0.0009765625,10
29060,0.001953125,9
29061,0.0009765625,10
29062,0.0009765625,10
29063,0.0009765625,10
29064,0.0009765625,10
29065,0.001953125,9
29066,0.0009765625,10
29067,0.0009765625,10
29068,0.0009765625,10
29069,0.001953125,9
29070,0.0009765625,10
29071,0.0009765625,10
29072,0.0009765625,10
29073,0.0009765625,10
29074,0.001953125,9
29075,0.0009765625,10
29076,0.0009765625,10
29077,0.0009765625,10
29078,0.001953125,9
29079,0.0009765625,10
29080,0.0009765625,10
29081,0.0009765625,10
29082,0.001953125,9
29083,0.0009765625,10
29084,0.0009765625,10
29085,0.0009765625,10
29086,0.0009765625,10
29087,0.001953125,9
29088,0.0009765625,10
29089,0.0009765625,10
29090,0.0009765625,10
29091,0.001953125,9
29092,0.0009765625,10
29093,0.0009765625,10
29094,0.0009765625,10
29095,0.001953125,9
29096,0.0009765625,10
29097,0.0009765625,10
29098,0.0009765625,10
29099,0.0009765625,10
29100,0.001953125,9
29101,0.0009765625,10
29102,0.0009765625,10
29103,0.0009765625,10
29104,0.001953125,9
29105,0.0009765625,10
29106,0.0009765625,10
29107,0.0009765625,10
29108,0.0009765625,10
29109,0.001953125,9
29110,0.0009765625,10
29111,0.0009765625,10
29112,0.0009765625,10
29113,0.001953125,9
29114,0.0009765625,10
29115,0.0009765625,10
29116,0.0009765625,10
29117,0.001953125,9
29118,0.0009765625,10
29119,0.0009765625,10
29120,0.0009765625,10
29121,0.0009765625,10
29122,0.001953125,9
29123,0.0009765625,10
29124,0.0009765625,10
29125,0.0009765625,10
29126,0.001953125,9
29127,0.0009765625,10
29128,0.0009765625,10
29129,0.0009765625,10
29130,0.001953125,9
29131,0.0009765625,10
29132,0.0009765625,10
29133,0.0009765625,10
29134,0.0009765625,10
29135,0.001953125,9
29136,0.0009765625,10
29137,0.0009765625,10
29138,0.0009765625,10
29139,0.001953125,9
29140,0.0009765625,10
29141,0.0009765625,10
29142,0.0009765625,10
29143,0.001953125,9
29144,0.0009765625,10
29145,0.0009765625,10
29146,0.0009765625,10
29147,0.0009765625,10
29148,0.001953125,9
29149,0.0009765625,10
29150,0.0009765625,10
29151,0.0009765625,10
29152,0.001953125,9
29153,0.0009765625,10
29154,0.0009765625,10
29155,0.0009765625,10
29156,0.0009765625,10
29157,0.001953125,9
29158,0.0009765625,10
29159,0.0009765625,10
29160,0.0009765625,10
29161,0.001953125,9
29162,0.0009765625,10
29163,0.0009765625,10
29164,0.0009765625,10
29165,0.001953125,9
29166,0.0009765625,10
29167,0.0009765625,10
29168,0.0009765625,10
29169,0.0009765625,10
29170,0.001953125,9
29171,0.0009765625,10
29172,0.0009765625,10
29173,0.0009765625,10
29174,0.001953125,9
29175,0.0009765625,10
29176,0.0009765625,10
29177,0.0009765625,10
29178,0.001953125,9
29179,0.0009765625,10
29180,0.0009765625,10
29181,0.0009765625,10
29182,0.0009765625,10
29183,0.001953125,9
29184,0.0009765625,10
29185,0.0009765625,10
29186,0.0009765625,10
29187,0.001953125,9
29188,0.0009765625,10
29189,0.0009765625,10
29190,0.0009765625,10
29191,0.0009765625,10
29192,0.001953125,9
29193,0.0009765625,10
29194,0.0009765625,10
29195,0.0009765625,10
29196,0.001953125,9
29197,0.0009765625,10
29198,0.0009765625,10
29199,0.0009765625,10
29200,0.001953125,9
29201,0.0009765625,10
29202,0.0009765625,10
29203,0.0009765625,10
29204,0.0009765625,10
29205,0.001953125,9
29206,0.0009765625,10
29207,0.0009765625,10
29208,0.0009765625,10
29209,0.001953125,9
29210,0.0009765625,10
29211,0.0009765625,10
29212,0.0009765625,10
29213,0.001953125,9
29214,0.0009765625,10
29215,0.0009765625,10
29216,0.0009765625,10
29217,0.0009765625,10
29218,0.001953125,9
29219,0.0009765625,10
29220,0.0009765625,10
29221,0.0009765625,10
29222,0.001953125,9
29223,0.0009765625,10
29224,0.0009765625,10
29225,0.0009765625,10
29226,0.001953125,9
29227,0.0009765625,10
29228,0.0009765625,10
29229,0.0009765625,10
29230,0.0009765625,10
29231,0.001953125,9
29232,0.0009765625,10
29233,0.0009765625,10
29234,0.0009765625,10
29235,0.001953125,9
29236,0.0009765625,10
29237,0.0009765625,10
29238,0.0009765625,10
29239,0.0009765625,10
29240,0.001953125,9
29241,0.0009765625,10
29242,0.0009765625,10
29243,0.0009765625,10
29244,0.001953125,9
29245,0.0009765625,10
29246,0.0009765625,10
29247,0.0009765625,10
29248,0.001953125,9
29249,0.0009765625,10
29250,0.0009765625,10
29251,0.0009765625,10
29252,0.0009765625,10
29253,0.001953125,9
29254,0.0009765625,10
29255,0.0009765625,10
29256,0.0009765625,10
29257,0.001953125,9
29258,0.0009765625,10
29259,0.0009765625,10
29260,0.0009765625,10
29261,0.001953125,9
29262,0.0009765625,10
29263,0.0009765625,10
29264,0.0009765625,10
29265,0.0009765625,10
29266,0.001953125,9
29267,0.0009765625,10
29268,0.0009765625,10
29269,0.0009765625,10
29270,0.001953125,9
29271,0.0009765625,10
29272,0.0009765625,10
29273,0.0009765625,10
29274,0.0009765625,10
29275,0.001953125,9
29276,0.0009765625,10
29277,0.0009765625,10
29278,0.0009765625,10
29279,0.001953125,9
29280,0.0009765625,10
29281,0.0009765625,10
29282,0.0009765625,10
29283,0.001953125,9
29284,0.0009765625,10
29285,0.0009765625,10
29286,0.0009765625,10
29287,0.0009765625,10
29288,0.001953125,9
29289,0.0009765625,10
29290,0.0009765625,10
29291,0.0009765625,10
29292,0.001953125,9
29293,0.0009765625,10
29294,0.0009765625,10
29295,0.0009765625,10
29296,0.001953125,9
29297,0.0009765625,10
29298,0.0009765625,10
29299,0.0009765625,10
29300,0.0009765625,10
29301,0.001953125,9
29302,0.0009765625,10
29303,0.0009765625,10
29304,0.0009765625,10
29305,0.001953125,9
29306,0.0009765625,10
29307,0.0009765625,10
29308,0.0009765625,10
29309,0.001953125,9
29310,0.0009765625,10
29311,0.0009765625,10
29312,0.0009765625,10
29313,0.0009765625,10
29314,0.001953125,9
29315,0.0009765625,10
29316,0.0009765625,10
29317,0.0009765625,10
29318,0.001953125,9
29319,0.0009765625,10
29320,0.0009765625,10
29321,0.0009765625,10
29322,0.0009765625,10
29323,0.001953125,9
29324,0.0009765625,10
29325,0.0009765625,10
29326,0.0009765625,10
29327,0.001953125,9
29328,0.0009765625,10
29329,0.0009765625,10
29330,0.0009765625,10
29331,0.001953125,9
29332,0.0009765625,10
29333,0.0009765625,10
29334,0.0009765625,10
29335,0.0009765625,10
29336,0.001953125,9
29337,0.0009765625,10
29338,0.0009765625,10
29339,0.0009765625,10
29340,0.001953125,9
29341,0.0009765625,10
29342,0.0009765625,10
29343,0.0009765625,10
29344,0.001953125,9
29345,0.0009765625,10
29346,0.0009765625,10
29347,0.0009765625,10
29348,0.0009765625,10
29349,0.001953125,9
29350,0.0009765625,10
29351,0.0009765625,10
29352,0.0009765625,10
29353,0.001953125,9
29354,0.0009765625,10
29355,0.0009765625,10
29356,0.0009765625,10
29357,0.0009765625,10
29358,0.001953125,9
29359,0.0009765625,10
29360,0.0009765625,10
29361,0.0009765625,10
29362,0.001953125,9
29363,0.0009765625,10
29364,0.0009765625,10
29365,0.0009765625,10
29366,0.001953125,9
29367,0.0009765625,10
29368,0.0009765625,10
29369,0.0009765625,10
29370,0.0009765625,10
29371,0.001953125,9
29372,0.0009765625,10
29373,0.0009765625,10
29374,0.0009765625,10
29375,0.001953125,9
29376,0.0009765625,10
29377,0.0009765625,10
29378,0.0009765625,10
29379,0.001953125,9
29380,0.0009765625,10
29381,0.0009765625,10
29382,0.0009765625,10
29383,0.0009765625,10
29384,0.001953125,9
29385,0.0009765625,10
29386,0.0009765625,10
29387,0.0009765625,10
29388,0.001953125,9
29389,0.0009765625,10
29390,0.0009765625,10
29391,0.0009765625,10
29392,0.001953125,9
29393,0.0009765625,10
29394,0.0009765625,10
29395,0.0009765625,10
29396,0.0009765625,10
29397,0.001953125,9
29398,0.0009765625,10
29399,0.0009765625,10
29400,0.0009765625,10
29401,0.001953125,9
29402,0.0009765625,10
29403,0.0009765625,10
29404,0.0009765625,10
29405,0.0009765625,10
29406,0.001953125,9
29407,0.0009765625,10
29408,0.0009765625,10
29409,0.0009765625,10
29410,0.001953125,9
29411,0.0009765625,10
29412,0.0009765625,10
29413,0.0009765625,10
29414,0.001953125,9
29415,0.0009765625,10
29416,0.0009765625,10
29417,0.0009765625,10
29418,0.0009765625,10
29419,0.001953125,9
29420,0.0009765625,10
29421,0.0009765625,10
29422,0.0009765625,10
29423,0.001953125,9
29424,0.0009765625,10
29425,0.0009765625,10
29426,0.0009765625,10
29427,0.001953125,9
29428,0.0009765625,10
29429,0.0009765625,10
29430,0.0009765625,10
29431,0.0009765625,10
29432,0.001953125,9
29433,0.0009765625,10
29434,0.0009765625,10
29435,0.0009765625,10
29436,0.001953125,9
29437,0.0009765625,10
29438,0.0009765625,10
29439,0.0009765625,10
29440,0.0009765625,10
29441,0.001953125,9
29442,0.0009765625,10
29443,0.0009765625,10
29444,0.0009765625,10
29445,0.001953125,9
29446,0.0009765625,10
29447,0.0009765625,10
29448,0.0009765625,10
29449,0.001953125,9
29450,0.0009765625,10
29451,0.0009765625,10
29452,0.0009765625,10
29453,0.0009765625,10
29454,0.001953125,9
29455,0.0009765625,10
29456,0.0009765625,10
29457,0.0009765625,10
29458,0.001953125,9
29459,0.0009765625,10
29460,0.0009765625,10
29461,0.0009765625,10
29462,0.001953125,9
29463,0.0009765625,10
29464,0.0009765625,10
29465,0.0009765625,10
29466,0.0009765625,10
29467,0.001953125,9
29468,0.0009765625,10
29469,0.0009765625,10
29470,0.0009765625,10
29471,0.001953125,9
29472,0.0009765625,10
29473,0.0009765625,10
29474,0.0009765625,10
29475,0.001953125,9
29476,0.0009765625,10
29477,0.0009765625,10
29478,0.0009765625,10
29479,0.0009765625,10
29480,0.001953125,9
29481,0.0009765625,10
29482,0.0009765625,10
29483,0.0009765625,10
29484,0.001953125,9
29485,0.0009765625,10
29486,0.0009765625,10
29487,0.0009765625,10
29488,0.0009765625,10
29489,0.001953125,9
29490,0.0009765625,10
29491,0.0009765625,10
29492,0.0009765625,10
29493,0.001953125,9
29494,0.0009765625,10
29495,0.0009765625,10
29496,0.0009765625,10
29497,0.001953125,9
29498,0.0009765625,10
29499,0.0009765625,10
29500,0.0009765625,10
29501,0.0009765625,10
29502,0.001953125,9
29503,0.0009765625,10
29504,0.0009765625,10
29505,0.0009765625,10
29506,0.001953125,9
29507,0.0009765625,10
29508,0.0009765625,10
29509,0.0009765625,10
29510,0.001953125,9
29511,0.0009765625,10
29512,0.0009765625,10
29513,0.0009765625,10
29514,0.0009765625,10
29515,0.001953125,9
29516,0.0009765625,10
29517,0.0009765625,10
29518,0.0009765625,10
29519,0.001953125,9
29520,0.0009765625,10
29521,0.0009765625,10
29522,0.0009765625,10
29523,0.0009765625,10
29524,0.001953125,9
29525,0.0009765625,10
29526,0.0009765625,10
29527,0.0009765625,10
29528,0.001953125,9
29529,0.0009765625,10
29530,0.0009765625,10
29531,0.0009765625,10
29532,0.001953125,9
29533,0.0009765625,10
29534,0.0009765625,10
29535,0.0009765625,10
29536,0.0009765625,10
29537,0.001953125,9
29538,0.0009765625,10
29539,0.0009765625,10
29540,0.0009765625,10
29541,0.001953125,9
29542,0.0009765625,10
29543,0.0009765625,10
29544,0.0009765625,10
29545,0.001953125,9
29546,0.0009765625,10
29547,0.0009765625,10
29548,0.0009765625,10
29549,0.0009765625,10
29550,0.001953125,9
29551,0.0009765625,10
29552,0.0009765625,10
29553,0.0009765625,10
29554,0.001953125,9
29555,0.0009765625,10
29556,0.0009765625,10
29557,0.0009765625,10
29558,0.001953125,9
29559,0.0009765625,10
29560,0.0009765625,10
29561,0.0009765625,10
29562,0.0009765625,10
29563,0.001953125,9
29564,0.0009765625,10
29565,0.0009765625,10
29566,0.0009765625,10
29567,0.001953125,9
29568,0.0009765625,10
29569,0.0009765625,10
29570,0.0009765625,10
29571,0.0009765625,10
29572,0.001953125,9
29573,0.0009765625,10
29574,0.0009765625,10
29575,0.0009765625,10
29576,0.001953125,9
29577,0.0009765625,10
29578,0.0009765625,10
29579,0.0009765625,10
29580,0.001953125,9
29581,0.0009765625,10
29582,0.0009765625,10
29583,0.0009765625,10
29584,0.0009765625,10
29585,0.001953125,9
29586,0.0009765625,10
29587,0.0009765625,10
29588,0.0009765625,10
29589,0.001953125,9
29590,0.0009765625,10
29591,0.0009765625,10
29592,0.0009765625,10
29593,0.001953125,9
29594,0.0009765625,10
29595,0.0009765625,10
29596,0.0009765625,10
29597,0.0009765625,10
29598,0.001953125,9
29599,0.0009765625,10
29600,0.0009765625,10
29601,0.0009765625,10
29602,0.001953125,9
29603,0.0009765625,10
29604,0.0009765625,10
29605,0.0009765625,10
29606,0.0009765625,10
29607,0.001953125,9
29608,0.0009765625,10
29609,0.0009765625,10
29610,0.0009765625,10
29611,0.001953125,9
29612,0.0009765625,10
29613,0.0009765625,10
29614,0.0009765625,10
29615,0.001953125,9
29616,0.0009765625,10
29617,0.0009765625,10
29618,0.0009765625,10
29619,0.0009765625,10
29620,0.001953125,9
29621,0.0009765625,10
29622,0.0009765625,10
29623,0.0009765625,10
29624,0.001953125,9
29625,0.0009765625,10
29626,0.0009765625,10
29627,0.0009765625,10
29628,0.001953125,9
29629,0.0009765625,10
29630,0.0009765625,10
29631,0.0009765625,10
29632,0.0009765625,10
29633,0.001953125,9
29634,0.0009765625,10
29635,0.0009765625,10
29636,0.0009765625,10
29637,0.001953125,9
29638,0.0009765625,10
29639,0.0009765625,10
29640,0.0009765625,10
29641,0.001953125,9
29642,0.0009765625,10
29643,0.0009765625,10
29644,0.0009765625,10
29645,0.0009765625,10
29646,0.001953125,9
29647,0.0009765625,10
29648,0.0009765625,10
29649,0.0009765625,10
29650,0.001953125,9
29651,0.0009765625,10
29652,0.0009765625,10
29653,0.0009765625,10
29654,0.0009765625,10
29655,0.001953125,9
29656,0.0009765625,10
29657,0.0009765625,10
29658,0.0009765625,10
29659,0.001953125,9
29660,0.0009765625,10
29661,0.0009765625,10
29662,0.0009765625,10
29663,0.001953125,9
29664,0.0009765625,10
29665,0.0009765625,10
29666,0.0009765625,10
29667,0.0009765625,10
29668,0.001953125,9
29669,0.0009765625,10
29670,0.0009765625,10
29671,0.0009765625,10
29672,0.001953125,9
29673,0.0009765625,10
29674,0.0009765625,10
29675,0.0009765625,10
29676,0.001953125,9
29677,0.0009765625,10
29678,0.0009765625,10
29679,0.0009765625,10
29680,0.0009765625,10
29681,0.001953125,9
29682,0.0009765625,10
29683,0.0009765625,10
29684,0.0009765625,10
29685,0.001953125,9
29686,0.0009765625,10
29687,0.0009765625,10
29688,0.0009765625,10
29689,0.0009765625,10
29690,0.001953125,9
29691,0.0009765625,10
29692,0.0009765625,10
29693,0.0009765625,10
29694,0.001953125,9
29695,0.0009765625,10
29696,0.0009765625,10
29697,0.0009765625,10
29698,0.001953125,9
29699,0.0009765625,10
29700,0.0009765625,10
29701,0.0009765625,10
29702,0.0009765625,10
29703,0.001953125,9
29704,0.0009765625,10
29705,0.0009765625,10
29706,0.0009765625,10
29707,0.001953125,9
29708,0.0009765625,10
29709,0.0009765625,10
29710,0.0009765625,10
29711,0.001953125,9
29712,0.0009765625,10
29713,0.0009765625,10
29714,0.0009765625,10
29715,0.0009765625,10
29716,0.001953125,9
29717,0.0009765625,10
29718,0.0009765625,10
29719,0.0009765625,10
29720,0.001953125,9
29721,0.0009765625,10
29722,0.0009765625,10
29723,0.0009765625,10
29724,0.001953125,9
29725,0.0009765625,10
29726,0.0009765625,10
29727,0.0009765625,10
29728,0.0009765625,10
29729,0.001953125,9
29730,0.0009765625,10
29731,0.0009765625,10
29732,0.0009765625,10
29733,0.001953125,9
29734,0.0009765625,10
29735,0.0009765625,10
29736,0.0009765625,10
29737,0.0009765625,10
29738,0.001953125,9
29739,0.0009765625,10
29740,0.0009765625,10
29741,0.0009765625,10
29742,0.001953125,9
29743,0.0009765625,10
29744,0.0009765625,10
29745,0.0009765625,10
29746,0.001953125,9
29747,0.0009765625,10
29748,0.0009765625,10
29749,0.0009765625,10
29750,0.0009765625,10
29751,0.001953125,9
29752,0.0009765625,10
29753,0.0009765625,10
29754,0.0009765625,10
29755,0.001953125,9
29756,0.0009765625,10
29757,0.0009765625,10
29758,0.0009765625,10
29759,0.001953125,9
29760,0.0009765625,10
29761,0.0009765625,10
29762,0.0009765625,10
29763,0.0009765625,10
29764,0.001953125,9
29765,0.0009765625,10
29766,0.0009765625,10
29767,0.0009765625,10
29768,0.001953125,9
29769,0.0009765625,10
29770,0.0009765625,10
29771,0.0009765625,10
29772,0.0009765625,10
29773,0.001953125,9
29774,0.0009765625,10
29775,0.0009765625,10
29776,0.0009765625,10
29777,0.001953125,9
29778,0.0009765625,10
29779,0.0009765625,10
29780,0.0009765625,10
29781,0.001953125,9
29782,0.0009765625,10
29783,0.0009765625,10
29784,0.0009765625,10
29785,0.0009765625,10
29786,0.001953125,9
29787,0.0009765625,10
29788,0.0009765625,10
29789,0.0009765625,10
29790,0.001953125,9
29791,0.0009765625,10
29792,0.0009765625,10
29793,0.0009765625,10
29794,0.001953125,9
29795,0.0009765625,10
29796,0.0009765625,10
29797,0.0009765625,10
29798,0.0009765625,10
29799,0.001953125,9
29800,0.0009765625,10
29801,0.0009765625,10
29802,0.0009765625,10
29803,0.001953125,9
29804,0.0009765625,10
29805,0.0009765625,10
29806,0.0009765625,10
29807,0.001953125,9
29808,0.0009765625,10
29809,0.0009765625,10
29810,0.0009765625,10
29811,0.0009765625,10
29812,0.001953125,9
29813,0.0009765625,10
29814,0.0009765625,10
29815,0.0009765625,10
29816,0.001953125,9
29817,0.0009765625,10
29818,0.0009765625,10
29819,0.0009765625,10
29820,0.0009765625,10
29821,0.001953125,9
29822,0.0009765625,10
29823,0.0009765625,10
29824,0.0009765625,10
29825,0.001953125,9
29826,0.0009765625,10
29827,0.0009765625,10
29828,0.0009765625,10
29829,0.001953125,9
29830,0.0009765625,10
29831,0.0009765625,10
29832,0.0009765625,10
29833,0.0009765625,10
29834,0.001953125,9
29835,0.0009765625,10
29836,0.0009765625,10
29837,0.0009765625,10
29838,0.001953125,9
29839,0.0009765625,10
29840,0.0009765625,10
29841,0.0009765625,10
29842,0.001953125,9
29843,0.0009765625,10
29844,0.0009765625,10
29845,0.0009765625,10
29846,0.0009765625,10
29847,0.001953125,9
29848,0.0009765625,10
29849,0.0009765625,10
29850,0.0009765625,10
29851,0.001953125,9
29852,0.0009765625,10
29853,0.0009765625,10
29854,0.0009765625,10
29855,0.0009765625,10
29856,0.001953125,9
29857,0.0009765625,10
29858,0.0009765625,10
29859,0.0009765625,10
29860,0.001953125,9
29861,0.0009765625,10
29862,0.0009765625,10
29863,0.0009765625,10
29864,0.001953125,9
29865,0.0009765625,10
29866,0.0009765625,10
29867,0.0009765625,10
29868,0.0009765625,10
29869,0.001953125,9
29870,0.0009765625,10
29871,0.0009765625,10
29872,0.0009765625,10
29873,0.001953125,9
29874,0.0009765625,10
29875,0.0009765625,10
29876,0.0009765625,10
29877,0.001953125,9
29878,0.0009765625,10
29879,0.0009765625,10
29880,0.0009765625,10
29881,0.0009765625,10
29882,0.001953125,9
29883,0.0009765625,10
29884,0.0009765625,10
29885,0.0009765625,10
29886,0.001953125,9
29887,0.0009765625,10
29888,0.0009765625,10
29889,0.0009765625,10
29890,0.001953125,9
29891,0.0009765625,10
29892,0.0009765625,10
29893,0.0009765625,10
29894,0.0009765625,10
29895,0.001953125,9
29896,0.0009765625,10
29897,0.0009765625,10
29898,0.0009765625,10
29899,0.001953125,9
29900,0.0009765625,10
29901,0.0009765625,10
29902,0.0009765625,10
29903,0.0009765625,10
29904,0.001953125,9
29905,0.0009765625,10
29906,0.0009765625,10
29907,0.0009765625,10
29908,0.001953125,9
29909,0.0009765625,10
29910,0.0009765625,10
29911,0.0009765625,10
29912,0.001953125,9
29913,0.0009765625,10
29914,0.0009765625,10
29915,0.0009765625,10
29916,0.0009765625,10
29917,0.001953125,9
29918,0.0009765625,10
29919,0.0009765625,10
29920,0.0009765625,10
29921,0.001953125,9
29922,0.0009765625,10
29923,0.0009765625,10
29924,0.0009765625,10
29925,0.001953125,9
29926,0.0009765625,10
29927,0.0009765625,10
29928,0.0009765625,10
29929,0.0009765625,10
29930,0.001953125,9
29931,0.0009765625,10
29932,0.0009765625,10
29933,0.0009765625,10
29934,0.001953125,9
29935,0.0009765625,10
29936,0.0009765625,10
29937,0.0009765625,10
29938,0.0009765625,10
29939,0.001953125,9
29940,0.0009765625,10
29941,0.0009765625,10
29942,0.0009765625,10
29943,0.001953125,9
29944,0.0009765625,10
29945,0.0009765625,10
29946,0.0009765625,10
29947,0.001953125,9
29948,0.0009765625,10
29949,0.0009765625,10
29950,0.0009765625,10
29951,0.0009765625,10
29952,0.001953125,9
29953,0.0009765625,10
29954,0.0009765625,10
29955,0.0009765625,10
29956,0.001953125,9
29957,0.0009765625,10
29958,0.0009765625,10
29959,0.0009765625,10
29960,0.001953125,9
29961,0.0009765625,10
29962,0.0009765625,10
29963,0.0009765625,10
29964,0.0009765625,10
29965,0.001953125,9
29966,0.0009765625,10
29967,0.0009765625,10
29968,0.0009765625,10
29969,0.001953125,9
29970,0.0009765625,10
29971,0.0009765625,10
29972,0.0009765625,10
29973,0.001953125,9
29974,0.0009765625,10
29975,0.0009765625,10
29976,0.0009765625,10
29977,0.0009765625,10
29978,0.001953125,9
29979,0.0009765625,10
29980,0.0009765625,10
29981,0.0009765625,10
29982,0.001953125,9
29983,0.0009765625,10
29984,0.0009765625,10
29985,0.0009765625,10
29986,0.0009765625,10
29987,0.001953125,9
29988,0.0009765625,10
29989,0.0009765625,10
29990,0.0009765625,10
29991,0.001953125,9
29992,0.0009765625,10
29993,0.0009765625,10
29994,0.0009765625,10
29995,0.001953125,9
29996,0.0009765625,10
29997,0.0009765625,10
29998,0.0009765625,10
29999,0.0009765625,10
30000,0.001953125,9
30001,0.0009765625,10
30002,0.0009765625,10
30003,0.0009765625,10
30004,0.001953125,9
30005,0.0009765625,10
30006,0.0009765625,10
30007,0.0009765625,10
30008,0.001953125,9
30009,0.0009765625,10
30010,0.0009765625,10
30011,0.0009765625,10
30012,0.0009765625,10
30013,0.001953125,9
30014,0.0009765625,10
30015,0.0009765625,10
30016,0.0009765625,10
30017,0.001953125,9
30018,0.0009765625,10
30019,0.0009765625,10
30020,0.0009765625,10
30021,0.0009765625,10
30022,0.001953125,9
30023,0.0009765625,10
30024,0.0009765625,10
30025,0.0009765625,10
30026,0.001953125,9
30027,0.0009765625,10
30028,0.0009765625,10
30029,0.0009765625,10
30030,0.001953125,9
30031,0.0009765625,10
30032,0.0009765625,10
30033,0.0009765625,10
30034,0.0009765625,10
30035,0.001953125,9
30036,0.0009765625,10
30037,0.0009765625,10
30038,0.0009765625,10
30039,0.001953125,9
30040,0.0009765625,10
30041,0.0009765625,10
30042,0.0009765625,10
30043,0.001953125,9
30044,0.0009765625,10
30045,0.0009765625,10
30046,0.0009765625,10
30047,0.0009765625,10
30048,0.001953125,9
30049,0.0009765625,10
30050,0.0009765625,10
30051,0.0009765625,10
30052,0.001953125,9
30053,0.0009765625,10
30054,0.0009765625,10
30055,0.0009765625,10
30056,0.001953125,9
30057,0.0009765625,10
30058,0.0009765625,10
30059,0.0009765625,10
30060,0.0009765625,10
30061,0.001953125,9
30062,0.0009765625,10
30063,0.0009765625,10
30064,0.0009765625,10
30065,0.001953125,9
30066,0.0009765625,10
30067,0.0009765625,10
30068,0.0009765625,10
30069,0.0009765625,10
30070,0.001953125,9
30071,0.0009765625,10
30072,0.0009765625,10
30073,0.0009765625,10
30074,0.001953125,9
30075,0.0009765625,10
30076,0.0009765625,10
30077,0.0009765625,10
30078,0.001953125,9
30079,0.0009765625,10
30080,0.0009765625,10
30081,0.0009765625,10
30082,0.0009765625,10
30083,0.001953125,9
30084,0.0009765625,10
30085,0.0009765625,10
30086,0.0009765625,10
30087,0.001953125,9
30088,0.0009765625,10
30089,0.0009765625,10
30090,0.0009765625,10
30091,0.001953125,9
30092,0.0009765625,10
30093,0.0009765625,10
30094,0.0009765625,10
30095,0.0009765625,10
30096,0.001953125,9
30097,0.0009765625,10
30098,0.0009765625,10
30099,0.0009765625,10
30100,0.001953125,9
30101,0.0009765625,10
30102,0.0009765625,10
30103,0.0009765625,10
30104,0.0009765625,10
30105,0.001953125,9
30106,0.0009765625,10
30107,0.0009765625,10
30108,0.0009765625,10
30109,0.001953125,9
30110,0.0009765625,10
30111,0.0009765625,10
30112,0.0009765625,10
30113,0.001953125,9
30114,0.0009765625,10
30115,0.0009765625,10
30116,0.0009765625,10
30117,0.0009765625,10
30118,0.001953125,9
30119,0.0009765625,10
30120,0.0009765625,10
30121,0.0009765625,10
30122,0.001953125,9
30123,0.0009765625,10
30124,0.0009765625,10
30125,0.0009765625,10
30126,0.001953125,9
30127,0.0009765625,10
30128,0.0009765625,10
30129,0.0009765625,10
30130,0.0009765625,10
30131,0.001953125,9
30132,0.0009765625,10
30133,0.0009765625,10
30134,0.0009765625,10
30135,0.001953125,9
30136,0.0009765625,10
30137,0.0009765625,10
30138,0.0009765625,10
30139,0.001953125,9
30140,0.0009765625,10
30141,0.0009765625,10
30142,0.0009765625,10
30143,0.0009765625,10
30144,0.001953125,9
30145,0.0009765625,10
30146,0.0009765625,10
30147,0.0009765625,10
30148,0.001953125,9
30149,0.0009765625,10
30150,0.0009765625,10
30151,0.0009765625,10
30152,0.0009765625,10
30153,0.001953125,9
30154,0.0009765625,10
30155,0.0009765625,10
30156,0.0009765625,10
30157,0.001953125,9
30158,0.0009765625,10
30159,0.0009765625,10
30160,0.0009765625,10
30161,0.001953125,9
30162,0.0009765625,10
30163,0.0009765625,10
30164,0.0009765625,10
30165,0.0009765625,10
30166,0.001953125,9
30167,0.0009765625,10
30168,0.0009765625,10
30169,0.0009765625,10
30170,0.001953125,9
30171,0.0009765625,10
30172,0.0009765625,10
30173,0.0009765625,10
30174,0.001953125,9
30175,0.0009765625,10
30176,0.0009765625,10
30177,0.0009765625,10
30178,0.0009765625,10
30179,0.001953125,9
30180,0.0009765625,10
30181,0.0009765625,10
30182,0.0009765625,10
30183,0.001953125,9
30184,0.0009765625,10
30185,0.0009765625,10
30186,0.0009765625,10
30187,0.0009765625,10
30188,0.001953125,9
30189,0.0009765625,10
30190,0.0009765625,10
30191,0.0009765625,10
30192,0.001953125,9
30193,0.0009765625,10
30194,0.0009765625,10
30195,0.0009765625,10
30196,0.001953125,9
30197,0.0009765625,10
30198,0.0009765625,10
30199,0.0009765625,10
30200,0.0009765625,10
30201,0.001953125,9
30202,0.0009765625,10
30203,0.0009765625,10
30204,0.0009765625,10
30205,0.001953125,9
30206,0.0009765625,10
30207,0.0009765625,10
30208,0.0009765625,10
30209,0.001953125,9
30210,0.0009765625,10
30211,0.0009765625,10
30212,0.0009765625,10
30213,0.0009765625,10
30214,0.001953125,9
30215,0.0009765625,10
30216,0.0009765625,10
30217,0.0009765625,10
30218,0.001953125,9
30219,0.0009765625,10
30220,0.0009765625,10
30221,0.0009765625,10
30222,0.001953125,9
30223,0.0009765625,10
30224,0.0009765625,10
30225,0.0009765625,10
30226,0.0009765625,10
30227,0.001953125,9
30228,0.0009765625,10
30229,0.0009765625,10
30230,0.0009765625,10
30231,0.001953125,9
30232,0.0009765625,10
30233,0.0009765625,10
30234,0.0009765625,10
30235,0.0009765625,10
30236,0.001953125,9
30237,0.0009765625,10
30238,0.0009765625,10
30239,0.0009765625,10
30240,0.001953125,9
30241,0.0009765625,10
30242,0.0009765625,10
30243,0.0009765625,10
30244,0.001953125,9
30245,0.0009765625,10
30246,0.0009765625,10
30247,0.0009765625,10
30248,0.0009765625,10
30249,0.001953125,9
30250,0.0009765625,10
30251,0.0009765625,10
30252,0.0009765625,10
30253,0.001953125,9
30254,0.0009765625,10
30255,0.0009765625,10
30256,0.0009765625,10
30257,0.001953125,9
30258,0.0009765625,10
30259,0.0009765625,10
30260,0.0009765625,10
30261,0.0009765625,10
30262,0.001953125,9
30263,0.0009765625,10
30264,0.0009765625,10
30265,0.0009765625,10
30266,0.001953125,9
30267,0.0009765625,10
30268,0.0009765625,10
30269,0.0009765625,10
30270,0.0009765625,10
30271,0.001953125,9
30272,0.0009765625,10
30273,0.0009765625,10
30274,0.0009765625,10
30275,0.001953125,9
30276,0.0009765625,10
30277,0.0009765625,10
30278,0.0009765625,10
30279,0.001953125,9
30280,0.0009765625,10
30281,0.0009765625,10
30282,0.0009765625,10
30283,0.0009765625,10
30284,0.001953125,9
30285,0.0009765625,10
30286,0.0009765625,10
30287,0.0009765625,10
30288,0.001953125,9
30289,0.0009765625,10
30290,0.0009765625,10
30291,0.0009765625,10
30292,0.001953125,9
30293,0.0009765625,10
30294,0.0009765625,10
30295,0.0009765625,10
30296,0.0009765625,10
30297,0.001953125,9
30298,0.0009765625,10
30299,0.0009765625,10
30300,0.0009765625,10
30301,0.001953125,9
30302,0.0009765625,10
30303,0.0009765625,10
30304,0.0009765625,10
30305,0.001953125,9
30306,0.0009765625,10
30307,0.0009765625,10
30308,0.0009765625,10
30309,0.0009765625,10
30310,0.001953125,9
30311,0.0009765625,10
30312,0.0009765625,10
30313,0.0009765625,10
30314,0.001953125,9
30315,0.0009765625,10
30316,0.0009765625,10
30317,0.0009765625,10
30318,0.0009765625,10
30319,0.001953125,9
30320,0.0009765625,10
30321,0.0009765625,10
30322,0.0009765625,10
30323,0.001953125,9
30324,0.0009765625,10
30325,0.0009765625,10
30326,0.0009765625,10
30327,0.001953125,9
30328,0.0009765625,10
30329,0.0009765625,10
30330,0.0009765625,10
30331,0.0009765625,10
30332,0.001953125,9
30333,0.0009765625,10
30334,0.0009765625,10
30335,0.0009765625,10
30336,0.001953125,9
30337,0.0009765625,10
30338,0.0009765625,10
30339,0.0009765625,10
30340,0.001953125,9
30341,0.0009765625,10
30342,0.0009765625,10
30343,0.0009765625,10
30344,0.0009765625,10
30345,0.001953125,9
30346,0.0009765625,10
30347,0.0009765625,10
30348,0.0009765625,10
30349,0.001953125,9
30350,0.0009765625,10
30351,0.0009765625,10
30352,0.0009765625,10
30353,0.0009765625,10
30354,0.001953125,9
30355,0.0009765625,10
30356,0.0009765625,10
30357,0.0009765625,10
30358,0.001953125,9
30359,0.0009765625,10
30360,0.0009765625,10
30361,0.0009765625,10
30362,0.001953125,9
30363,0.0009765625,10
30364,0.0009765625,10
30365,0.0009765625,10
30366,0.0009765625,10
30367,0.001953125,9
30368,0.0009765625,10
30369,0.0009765625,10
30370,0.0009765625,10
30371,0.001953125,9
30372,0.0009765625,10
30373,0.0009765625,10
30374,0.0009765625,10
30375,0.001953125,9
30376,0.0009765625,10
30377,0.0009765625,10
30378,0.0009765625,10
30379,0.0009765625,10
30380,0.001953125,9
30381,0.0009765625,10
30382,0.0009765625,10
30383,0.0009765625,10
30384,0.001953125,9
30385,0.0009765625,10
30386,0.0009765625,10
30387,0.0009765625,10
30388,0.001953125,9
30389,0.0009765625,10
30390,0.0009765625,10
30391,0.0009765625,10
30392,0.0009765625,10
30393,0.001953125,9
30394,0.0009765625,10
30395,0.0009765625,10
30396,0.0009765625,10
30397,0.001953125,9
30398,0.0009765625,10
30399,0.0009765625,10
30400,0.0009765625,10
30401,0.0009765625,10
30402,0.001953125,9
30403,0.0009765625,10
30404,0.0009765625,10
30405,0.0009765625,10
30406,0.001953125,9
30407,0.0009765625,10
30408,0.0009765625,10
30409,0.0009765625,10
30410,0.001953125,9
30411,0.0009765625,10
30412,0.0009765625,10
30413,0.0009765625,10
30414,0.0009765625,10
30415,0.001953125,9
30416,0.0009765625,10
30417,0.0009765625,10
30418,0.0009765625,10
30419,0.001953125,9
30420,0.0009765625,10
30421,0.0009765625,10
30422,0.0009765625,10
30423,0.001953125,9
30424,0.0009765625,10
30425,0.0009765625,10
30426,0.0009765625,10
30427,0.0009765625,10
30428,0.001953125,9
30429,0.0009765625,10
30430,0.0009765625,10
30431,0.0009765625,10
30432,0.001953125,9
30433,0.0009765625,10
30434,0.0009765625,10
30435,0.0009765625,10
30436,0.0009765625,10
30437,0.001953125,9
30438,0.0009765625,10
30439,0.0009765625,10
30440,0.0009765625,10
30441,0.001953125,9
30442,0.0009765625,10
30443,0.0009765625,10
30444,0.0009765625,10
30445,0.001953125,9
30446,0.0009765625,10
30447,0.0009765625,10
30448,0.0009765625,10
30449,0.0009765625,10
30450,0.001953125,9
30451,0.0009765625,10
30452,0.0009765625,10
30453,0.0009765625,10
30454,0.001953125,9
30455,0.0009765625,10
30456,0.0009765625,10
30457,0.0009765625,10
30458,0.001953125,9
30459,0.0009765625,10
30460,0.0009765625,10
30461,0.0009765625,10
30462,0.0009765625,10
30463,0.001953125,9
30464,0.0009765625,10
30465,0.0009765625,10
30466,0.0009765625,10
30467,0.001953125,9
30468,0.0009765625,10
30469,0.0009765625,10
30470,0.0009765625,10
30471,0.001953125,9
30472,0.0009765625,10
30473,0.0009765625,10
30474,0.0009765625,10
30475,0.0009765625,10
30476,0.001953125,9
30477,0.0009765625,10
30478,0.0009765625,10
30479,0.0009765625,10
30480,0.001953125,9
30481,0.0009765625,10
30482,0.0009765625,10
30483,0.0009765625,10
30484,0.0009765625,10
30485,0.001953125,9
30486,0.0009765625,10
30487,0.0009765625,10
30488,0.0009765625,10
30489,0.001953125,9
30490,0.0009765625,10
30491,0.0009765625,10
30492,0.0009765625,10
30493,0.001953125,9
30494,0.0009765625,10
30495,0.0009765625,10
30496,0.0009765625,10
30497,0.0009765625,10
30498,0.001953125,9
30499,0.0009765625,10
30500,0.0009765625,10
30501,0.0009765625,10
30502,0.001953125,9
30503,0.0009765625,10
30504,0.0009765625,10
30505,0.0009765625,10
30506,0.001953125,9
30507,0.0009765625,10
30508,0.0009765625,10
30509,0.0009765625,10
30510,0.0009765625,10
30511,0.001953125,9
30512,0.0009765625,10
30513,0.0009765625,10
30514,0.0009765625,10
30515,0.001953125,9
30516,0.0009765625,10
30517,0.0009765625,10
30518,0.0009765625,10
30519,0.0009765625,10
30520,0.001953125,9
30521,0.0009765625,10
30522,0.0009765625,10
30523,0.0009765625,10
30524,0.001953125,9
30525,0.0009765625,10
30526,0.0009765625,10
30527,0.0009765625,10
30528,0.001953125,9
30529,0.0009765625,10
30530,0.0009765625,10
30531,0.0009765625,10
30532,0.0009765625,10
30533,0.001953125,9
30534,0.0009765625,10
30535,0.0009765625,10
30536,0.0009765625,10
30537,0.001953125,9
30538,0.0009765625,10
30539,0.0009765625,10
30540,0.0009765625,10
30541,0.001953125,9
30542,0.0009765625,10
30543,0.0009765625,10
30544,0.0009765625,10
30545,0.0009765625,10
30546,0.001953125,9
30547,0.0009765625,10
30548,0.0009765625,10
30549,0.0009765625,10
30550,0.001953125,9
30551,0.0009765625,10
30552,0.0009765625,10
30553,0.0009765625,10
30554,0.001953125,9
30555,0.0009765625,10
30556,0.0009765625,10
30557,0.0009765625,10
30558,0.0009765625,10
30559,0.001953125,9
30560,0.0009765625,10
30561,0.0009765625,10
30562,0.0009765625,10
30563,0.001953125,9
30564,0.0009765625,10
30565,0.0009765625,10
30566,0.0009765625,10
30567,0.0009765625,10
30568,0.001953125,9
30569,0.0009765625,10
30570,0.0009765625,10
30571,0.0009765625,10
30572,0.001953125,9
30573,0.0009765625,10
30574,0.0009765625,10
30575,0.0009765625,10
30576,0.001953125,9
30577,0.0009765625,10
30578,0.0009765625,10
30579,0.0009765625,10
30580,0.0009765625,10
30581,0.001953125,9
30582,0.0009765625,10
30583,0.0009765625,10
30584,0.0009765625,10
30585,0.001953125,9
30586,0.0009765625,10
30587,0.0009765625,10
30588,0.0009765625,10
30589,0.001953125,9
30590,0.0009765625,10
30591,0.0009765625,10
30592,0.0009765625,10
30593,0.0009765625,10
30594,0.001953125,9
30595,0.0009765625,10
30596,0.0009765625,10
30597,0.0009765625,10
30598,0.001953125,9
30599,0.0009765625,10
30600,0.0009765625,10
30601,0.0009765625,10
30602,0.0009765625,10
30603,0.001953125,9
30604,0.0009765625,10
30605,0.0009765625,10
30606,0.0009765625,10
30607,0.001953125,9
30608,0.0009765625,10
30609,0.0009765625,10
30610,0.0009765625,10
30611,0.001953125,9
30612,0.0009765625,10
30613,0.0009765625,10
30614,0.0009765625,10
30615,0.0009765625,10
30616,0.001953125,9
30617,0.0009765625,10
30618,0.0009765625,10
30619,0.0009765625,10
30620,0.001953125,9
30621,0.0009765625,10
30622,0.0009765625,10
30623,0.0009765625,10
30624,0.001953125,9
30625,0.0009765625,10
30626,0.0009765625,10
30627,0.0009765625,10
30628,0.0009765625,10
30629,0.001953125,9
30630,0.0009765625,10
30631,0.0009765625,10
30632,0.0009765625,10
30633,0.001953125,9
30634,0.0009765625,10
30635,0.0009765625,10
30636,0.0009765625,10
30637,0.001953125,9
30638,0.0009765625,10
30639,0.0009765625,10
30640,0.0009765625,10
30641,0.0009765625,10
30642,0.001953125,9
30643,0.0009765625,10
30644,0.0009765625,10
30645,0.0009765625,10
30646,0.001953125,9
30647,0.0009765625,10
30648,0.0009765625,10
30649,0.0009765625,10
30650,0.0009765625,10
30651,0.001953125,9
30652,0.0009765625,10
30653,0.0009765625,10
30654,0.0009765625,10
30655,0.001953125,9
30656,0.0009765625,10
30657,0.0009765625,10
30658,0.0009765625,10
30659,0.001953125,9
30660,0.0009765625,10
30661,0.0009765625,10
30662,0.0009765625,10
30663,0.0009765625,10
30664,0.001953125,9
30665,0.0009765625,10
30666,0.0009765625,10
30667,0.0009765625,10
30668,0.001953125,9
30669,0.0009765625,10
30670,0.0009765625,10
30671,0.0009765625,10
30672,0.001953125,9
30673,0.0009765625,10
30674,0.0009765625,10
30675,0.0009765625,10
30676,0.0009765625,10
30677,0.001953125,9
30678,0.0009765625,10
30679,0.0009765625,10
30680,0.0009765625,10
30681,0.001953125,9
30682,0.0009765625,10
30683,0.0009765625,10
30684,0.0009765625,10
30685,0.0009765625,10
30686,0.001953125,9
30687,0.0009765625,10
30688,0.0009765625,10
30689,0.0009765625,10
30690,0.001953125,9
30691,0.0009765625,10
30692,0.0009765625,10
30693,0.0009765625,10
30694,0.001953125,9
30695,0.0009765625,10
30696,0.0009765625,10
30697,0.0009765625,10
30698,0.0009765625,10
30699,0.001953125,9
30700,0.0009765625,10
30701,0.0009765625,10
30702,0.0009765625,10
30703,0.001953125,9
30704,0.0009765625,10
30705,0.0009765625,10
30706,0.0009765625,10
30707,0.001953125,9
30708,0.0009765625,10
30709,0.0009765625,10
30710,0.0009765625,10
30711,0.0009765625,10
30712,0.001953125,9
30713,0.0009765625,10
30714,0.0009765625,10
30715,0.0009765625,10
30716,0.001953125,9
30717,0.0009765625,10
30718,0.0009765625,10
30719,0.0009765625,10
30720,0.001953125,9
30721,0.0009765625,10
30722,0.0009765625,10
30723,0.0009765625,10
30724,0.0009765625,10
30725,0.001953125,9
30726,0.0009765625,10
30727,0.0009765625,10
30728,0.0009765625,10
30729,0.001953125,9
30730,0.0009765625,10
30731,0.0009765625,10
30732,0.0009765625,10
30733,0.0009765625,10
30734,0.001953125,9
30735,0.0009765625,10
30736,0.0009765625,10
30737,0.0009765625,10
30738,0.001953125,9
30739,0.0009765625,10
30740,0.0009765625,10
30741,0.0009765625,10
30742,0.001953125,9
30743,0.0009765625,10
30744,0.0009765625,10
30745,0.0009765625,10
30746,0.0009765625,10
30747,0.001953125,9
30748,0.0009765625,10
30749,0.0009765625,10
30750,0.0009765625,10
30751,0.001953125,9
30752,0.0009765625,10
30753,0.0009765625,10
30754,0.0009765625,10
30755,0.001953125,9
30756,0.0009765625,10
30757,0.0009765625,10
30758,0.0009765625,10
30759,0.0009765625,10
30760,0.001953125,9
30761,0.0009765625,10
30762,0.0009765625,10
30763,0.0009765625,10
30764,0.001953125,9
30765,0.0009765625,10
30766,0.0009765625,10
30767,0.0009765625,10
30768,0.0009765625,10
30769,0.001953125,9
30770,0.0009765625,10
30771,0.0009765625,10
30772,0.0009765625,10
30773,0.001953125,9
30774,0.0009765625,10
30775,0.0009765625,10
30776,0.0009765625,10
30777,0.001953125,9
30778,0.0009765625,10
30779,0.0009765625,10
30780,0.0009765625,10
30781,0.0009765625,10
30782,0.001953125,9
30783,0.0009765625,10
30784,0.0009765625,10
30785,0.0009765625,10
30786,0.001953125,9
30787,0.0009765625,10
30788,0.0009765625,10
30789,0.0009765625,10
30790,0.001953125,9
30791,0.0009765625,10
30792,0.0009765625,10
30793,0.0009765625,10
30794,0.0009765625,10
30795,0.001953125,9
30796,0.0009765625,10
30797,0.0009765625,10
30798,0.0009765625,10
30799,0.001953125,9
30800,0.0009765625,10
30801,0.0009765625,10
30802,0.0009765625,10
30803,0.001953125,9
30804,0.0009765625,10
30805,0.0009765625,10
30806,0.0009765625,10
30807,0.0009765625,10
30808,0.001953125,9
30809,0.0009765625,10
30810,0.0009765625,10
30811,0.0009765625,10
30812,0.001953125,9
30813,0.0009765625,10
30814,0.0009765625,10
30815,0.0009765625,10
30816,0.0009765625,10
30817,0.001953125,9
30818,0.0009765625,10
30819,0.0009765625,10
30820,0.0009765625,10
30821,0.001953125,9
30822,0.0009765625,10
30823,0.0009765625,10
30824,0.0009765625,10
30825,0.001953125,9
30826,0.0009765625,10
30827,0.0009765625,10
30828,0.0009765625,10
30829,0.0009765625,10
30830,0.001953125,9
30831,0.0009765625,10
30832,0.0009765625,10
30833,0.0009765625,10
30834,0.001953125,9
30835,0.0009765625,10
30836,0.0009765625,10
30837,0.0009765625,10
30838,0.001953125,9
30839,0.0009765625,10
30840,0.0009765625,10
30841,0.0009765625,10
30842,0.0009765625,10
30843,0.001953125,9
30844,0.0009765625,10
30845,0.0009765625,10
30846,0.0009765625,10
30847,0.001953125,9
30848,0.0009765625,10
30849,0.0009765625,10
30850,0.0009765625,10
30851,0.0009765625,10
30852,0.001953125,9
30853,0.0009765625,10
30854,0.0009765625,10
30855,0.0009765625,10
30856,0.001953125,9
30857,0.0009765625,10
30858,0.0009765625,10
30859,0.0009765625,10
30860,0.001953125,9
30861,0.0009765625,10
30862,0.0009765625,10
30863,0.0009765625,10
30864,0.0009765625,10
30865,0.001953125,9
30866,0.0009765625,10
30867,0.0009765625,10
30868,0.0009765625,10
30869,0.001953125,9
30870,0.0009765625,10
30871,0.0009765625,10
30872,0.0009765625,10
30873,0.001953125,9
30874,0.0009765625,10
30875,0.0009765625,10
30876,0.0009765625,10
30877,0.0009765625,10
30878,0.001953125,9
30879,0.0009765625,10
30880,0.0009765625,10
30881,0.0009765625,10
30882,0.001953125,9
30883,0.0009765625,10
30884,0.0009765625,10
30885,0.0009765625,10
30886,0.001953125,9
30887,0.0009765625,10
30888,0.0009765625,10
30889,0.0009765625,10
30890,0.0009765625,10
30891,0.001953125,9
30892,0.0009765625,10
30893,0.0009765625,10
30894,0.0009765625,10
30895,0.001953125,9
30896,0.0009765625,10
30897,0.0009765625,10
30898,0.0009765625,10
30899,0.0009765625,10
30900,0.001953125,9
30901,0.0009765625,10
30902,0.0009765625,10
30903,0.0009765625,10
30904,0.001953125,9
30905,0.0009765625,10
30906,0.0009765625,10
30907,0.0009765625,10
30908,0.001953125,9
30909,0.0009765625,10
30910,0.0009765625,10
30911,0.0009765625,10
30912,0.0009765625,10
30913,0.001953125,9
30914,0.0009765625,10
30915,0.0009765625,10
30916,0.0009765625,10
30917,0.001953125,9
30918,0.0009765625,10
30919,0.0009765625,10
30920,0.0009765625,10
30921,0.001953125,9
30922,0.0009765625,10
30923,0.0009765625,10
30924,0.0009765625,10
30925,0.0009765625,10
30926,0.001953125,9
30927,0.0009765625,10
30928,0.0009765625,10
30929,0.0009765625,10
30930,0.001953125,9
30931,0.0009765625,10
30932,0.0009765625,10
30933,0.0009765625,10
30934,0.0009765625,10
30935,0.001953125,9
30936,0.0009765625,10
30937,0.0009765625,10
30938,0.0009765625,10
30939,0.001953125,9
30940,0.0009765625,10
30941,0.0009765625,10
30942,0.0009765625,10
30943,0.001953125,9
30944,0.0009765625,10
30945,0.0009765625,10
30946,0.0009765625,10
30947,0.0009765625,10
30948,0.001953125,9
30949,0.0009765625,10
30950,0.0009765625,10
30951,0.0009765625,10
30952,0.001953125,9
30953,0.0009765625,10
30954,0.0009765625,10
30955,0.0009765625,10
30956,0.001953125,9
30957,0.0009765625,10
30958,0.0009765625,10
30959,0.0009765625,10
30960,0.0009765625,10
30961,0.001953125,9
30962,0.0009765625,10
30963,0.0009765625,10
30964,0.0009765625,10
30965,0.001953125,9
30966,0.0009765625,10
30967,0.0009765625,10
30968,0.0009765625,10
30969,0.001953125,9
30970,0.0009765625,10
30971,0.0009765625,10
30972,0.0009765625,10
30973,0.0009765625,10
30974,0.001953125,9
30975,0.0009765625,10
30976,0.0009765625,10
30977,0.0009765625,10
30978,0.001953125,9
30979,0.0009765625,10
30980,0.0009765625,10
30981,0.0009765625,10
30982,0.0009765625,10
30983,0.001953125,9
30984,0.0009765625,10
30985,0.0009765625,10
30986,0.0009765625,10
30987,0.001953125,9
30988,0.0009765625,10
30989,0.0009765625,10
30990,0.0009765625,10
30991,0.001953125,9
30992,0.0009765625,10
30993,0.0009765625,10
30994,0.0009765625,10
30995,0.0009765625,10
30996,0.001953125,9
30997,0.0009765625,10
30998,0.0009765625,10
30999,0.0009765625,10
31000,0.001953125,9
31001,0.0009765625,10
31002,0.0009765625,10
31003,0.0009765625,10
31004,0.001953125,9
31005,0.0009765625,10
31006,0.0009765625,10
31007,0.0009765625,10
31008,0.0009765625,10
31009,0.001953125,9
31010,0.0009765625,10
31011,0.0009765625,10
31012,0.0009765625,10
31013,0.001953125,9
31014,0.0009765625,10
31015,0.0009765625,10
31016,0.0009765625,10
31017,0.0009765625,10
31018,0.001953125,9
31019,0.0009765625,10
31020,0.0009765625,10
31021,0.0009765625,10
31022,0.001953125,9
31023,0.0009765625,10
31024,0.0009765625,10
31025,0.0009765625,10
31026,0.001953125,9
31027,0.0009765625,10
31028,0.0009765625,10
31029,0.0009765625,10
31030,0.0009765625,10
31031,0.001953125,9
31032,0.0009765625,10
31033,0.0009765625,10
31034,0.0009765625,10
31035,0.001953125,9
31036,0.0009765625,10
31037,0.0009765625,10
31038,0.0009765625,10
31039,0.001953125,9
31040,0.0009765625,10
31041,0.0009765625,10
31042,0.0009765625,10
31043,0.0009765625,10
31044,0.001953125,9
31045,0.0009765625,10
31046,0.0009765625,10
31047,0.0009765625,10
31048,0.001953125,9
31049,0.0009765625,10
31050,0.0009765625,10
31051,0.0009765625,10
31052,0.001953125,9
31053,0.0009765625,10
31054,0.0009765625,10
31055,0.0009765625,10
31056,0.0009765625,10
31057,0.001953125,9
31058,0.0009765625,10
31059,0.0009765625,10
31060,0.0009765625,10
31061,0.001953125,9
31062,0.0009765625,10
31063,0.0009765625,10
31064,0.0009765625,10
31065,0.0009765625,10
31066,0.001953125,9
31067,0.0009765625,10
31068,0.0009765625,10
31069,0.0009765625,10
31070,0.001953125,9
31071,0.0009765625,10
31072,0.0009765625,10
31073,0.0009765625,10
31074,0.001953125,9
31075,0.0009765625,10
31076,0.0009765625,10
31077,0.0009765625,10
31078,0.0009765625,10
31079,0.001953125,9
31080,0.0009765625,10
31081,0.0009765625,10
31082,0.0009765625,10
31083,0.001953125,9
31084,0.0009765625,10
31085,0.0009765625,10
31086,0.0009765625,10
31087,0.001953125,9
31088,0.0009765625,10
31089,0.0009765625,10
31090,0.0009765625,10
31091,0.0009765625,10
31092,0.001953125,9
31093,0.0009765625,10
31094,0.0009765625,10
31095,0.0009765625,10
31096,0.001953125,9
31097,0.0009765625,10
31098,0.0009765625,10
31099,0.0009765625,10
31100,0.0009765625,10
31101,0.001953125,9
31102,0.0009765625,10
31103,0.0009765625,10
31104,0.0009765625,10
31105,0.001953125,9
31106,0.0009765625,10
31107,0.0009765625,10
31108,0.0009765625,10
31109,0.001953125,9
31110,0.0009765625,10
31111,0.0009765625,10
31112,0.0009765625,10
31113,0.0009765625,10
31114,0.001953125,9
31115,0.0009765625,10
31116,0.0009765625,10
31117,0.0009765625,10
31118,0.001953125,9
31119,0.0009765625,10
31120,0.0009765625,10
31121,0.0009765625,10
31122,0.001953125,9
31123,0.0009765625,10
31124,0.0009765625,10
31125,0.0009765625,10
31126,0.0009765625,10
31127,0.001953125,9
31128,0.0009765625,10
31129,0.0009765625,10
31130,0.0009765625,10
31131,0.001953125,9
31132,0.0009765625,10
31133,0.0009765625,10
31134,0.0009765625,10
31135,0.001953125,9
31136,0.0009765625,10
31137,0.0009765625,10
31138,0.0009765625,10
31139,0.0009765625,10
31140,0.001953125,9
31141,0.0009765625,10
31142,0.0009765625,10
31143,0.0009765625,10
31144,0.001953125,9
31145,0.0009765625,10
31146,0.0009765625,10
31147,0.0009765625,10
31148,0.0009765625,10
31149,0.001953125,9
31150,0.0009765625,10
31151,0.0009765625,10
31152,0.0009765625,10
31153,0.001953125,9
31154,0.0009765625,10
31155,0.0009765625,10
31156,0.0009765625,10
31157,0.001953125,9
31158,0.0009765625,10
31159,0.0009765625,10
31160,0.0009765625,10
31161,0.0009765625,10
31162,0.001953125,9
31163,0.0009765625,10
31164,0.0009765625,10
31165,0.0009765625,10
31166,0.001953125,9
31167,0.0009765625,10
31168,0.0009765625,10
31169,0.0009765625,10
31170,0.001953125,9
31171,0.0009765625,10
31172,0.0009765625,10
31173,0.0009765625,10
31174,0.0009765625,10
31175,0.001953125,9
31176,0.0009765625,10
31177,0.0009765625,10
31178,0.0009765625,10
31179,0.001953125,9
31180,0.0009765625,10
31181,0.0009765625,10
31182,0.0009765625,10
31183,0.0009765625,10
31184,0.001953125,9
31185,0.0009765625,10
31186,0.0009765625,10
31187,0.0009765625,10
31188,0.001953125,9
31189,0.0009765625,10
31190,0.0009765625,10
31191,0.0009765625,10
31192,0.001953125,9
31193,0.0009765625,10
31194,0.0009765625,10
31195,0.0009765625,10
31196,0.0009765625,10
31197,0.001953125,9
31198,0.0009765625,10
31199,0.0009765625,10
31200,0.0009765625,10
31201,0.001953125,9
31202,0.0009765625,10
31203,0.0009765625,10
31204,0.0009765625,10
31205,0.001953125,9
31206,0.0009765625,10
31207,0.0009765625,10
31208,0.0009765625,10
31209,0.0009765625,10
31210,0.001953125,9
31211,0.0009765625,10
31212,0.0009765625,10
31213,0.0009765625,10
31214,0.001953125,9
31215,0.0009765625,10
31216,0.0009765625,10
31217,0.0009765625,10
31218,0.001953125,9
31219,0.0009765625,10
31220,0.0009765625,10
31221,0.0009765625,10
31222,0.0009765625,10
31223,0.001953125,9
31224,0.0009765625,10
31225,0.0009765625,10
31226,0.0009765625,10
31227,0.001953125,9
31228,0.0009765625,10
31229,0.0009765625,10
31230,0.0009765625,10
31231,0.0009765625,10
31232,0.001953125,9
31233,0.0009765625,10
31234,0.0009765625,10
31235,0.0009765625,10
31236,0.001953125,9
31237,0.0009765625,10
31238,0.0009765625,10
31239,0.0009765625,10
31240,0.001953125,9
31241,0.0009765625,10
31242,0.0009765625,10
31243,0.0009765625,10
31244,0.0009765625,10
31245,0.001953125,9
31246,0.0009765625,10
31247,0.0009765625,10
31248,0.0009765625,10
31249,0.001953125,9
31250,0.0009765625,10
31251,0.0009765625,10
31252,0.0009765625,10
31253,0.001953125,9
31254,0.0009765625,10
31255,0.0009765625,10
31256,0.0009765625,10
31257,0.0009765625,10
31258,0.001953125,9
31259,0.0009765625,10
31260,0.0009765625,10
31261,0.0009765625,10
31262,0.001953125,9
31263,0.0009765625,10
31264,0.0009765625,10
31265,0.0009765625,10
31266,0.0009765625,10
31267,0.001953125,9
31268,0.0009765625,10
31269,0.0009765625,10
31270,0.0009765625,10
31271,0.001953125,9
31272,0.0009765625,10
31273,0.0009765625,10
31274,0.0009765625,10
31275,0.001953125,9
31276,0.0009765625,10
31277,0.0009765625,10
31278,0.0009765625,10
31279,0.0009765625,10
31280,0.001953125,9
31281,0.0009765625,10
31282,0.0009765625,10
31283,0.0009765625,10
31284,0.001953125,9
31285,0.0009765625,10
31286,0.0009765625,10
31287,0.0009765625,10
31288,0.001953125,9
31289,0.0009765625,10
31290,0.0009765625,10
31291,0.0009765625,10
31292,0.0009765625,10
31293,0.001953125,9
31294,0.0009765625,10
31295,0.0009765625,10
31296,0.0009765625,10
31297,0.001953125,9
31298,0.0009765625,10
31299,0.0009765625,10
31300,0.0009765625,10
31301,0.001953125,9
31302,0.0009765625,10
31303,0.0009765625,10
31304,0.0009765625,10
31305,0.0009765625,10
31306,0.001953125,9
31307,0.0009765625,10
31308,0.0009765625,10
31309,0.0009765625,10
31310,0.001953125,9
31311,0.0009765625,10
31312,0.0009765625,10
31313,0.0009765625,10
31314,0.0009765625,10
31315,0.001953125,9
31316,0.0009765625,10
31317,0.0009765625,10
31318,0.0009765625,10
31319,0.001953125,9
31320,0.0009765625,10
31321,0.0009765625,10
31322,0.0009765625,10
31323,0.001953125,9
31324,0.0009765625,10
31325,0.0009765625,10
31326,0.0009765625,10
31327,0.0009765625,10
31328,0.001953125,9
31329,0.0009765625,10
31330,0.0009765625,10
31331,0.0009765625,10
31332,0.001953125,9
31333,0.0009765625,10
31334,0.0009765625,10
31335,0.0009765625,10
31336,0.001953125,9
31337,0.0009765625,10
31338,0.0009765625,10
31339,0.0009765625,10
31340,0.0009765625,10
31341,0.001953125,9
31342,0.0009765625,10
31343,0.0009765625,10
31344,0.0009765625,10
31345,0.001953125,9
31346,0.0009765625,10
31347,0.0009765625,10
31348,0.0009765625,10
31349,0.0009765625,10
31350,0.001953125,9
31351,0.0009765625,10
31352,0.0009765625,10
31353,0.0009765625,10
31354,0.001953125,9
31355,0.0009765625,10
31356,0.0009765625,10
31357,0.0009765625,10
31358,0.001953125,9
31359,0.0009765625,10
31360,0.0009765625,10
31361,0.0009765625,10
31362,0.0009765625,10
31363,0.001953125,9
31364,0.0009765625,10
31365,0.0009765625,10
31366,0.0009765625,10
31367,0.001953125,9
31368,0.0009765625,10
31369,0.0009765625,10
31370,0.0009765625,10
31371,0.001953125,9
31372,0.0009765625,10
31373,0.0009765625,10
31374,0.0009765625,10
31375,0.0009765625,10
31376,0.001953125,9
31377,0.0009765625,10
31378,0.0009765625,10
31379,0.0009765625,10
31380,0.001953125,9
31381,0.0009765625,10
31382,0.0009765625,10
31383,0.0009765625,10
31384,0.001953125,9
31385,0.0009765625,10
31386,0.0009765625,10
31387,0.0009765625,10
31388,0.0009765625,10
31389,0.001953125,9
31390,0.0009765625,10
31391,0.0009765625,10
31392,0.0009765625,10
31393,0.001953125,9
31394,0.0009765625,10
31395,0.0009765625,10
31396,0.0009765625,10
31397,0.0009765625,10
31398,0.001953125,9
31399,0.0009765625,10
31400,0.0009765625,10
31401,0.0009765625,10
31402,0.001953125,9
31403,0.0009765625,10
31404,0.0009765625,10
31405,0.0009765625,10
31406,0.001953125,9
31407,0.0009765625,10
31408,0.0009765625,10
31409,0.0009765625,10
31410,0.0009765625,10
31411,0.001953125,9
31412,0.0009765625,10
31413,0.0009765625,10
31414,0.0009765625,10
31415,0.001953125,9
31416,0.0009765625,10
31417,0.0009765625,10
31418,0.0009765625,10
31419,0.001953125,9
31420,0.0009765625,10
31421,0.0009765625,10
31422,0.0009765625,10
31423,0.0009765625,10
31424,0.001953125,9
31425,0.0009765625,10
31426,0.0009765625,10
31427,0.0009765625,10
31428,0.001953125,9
31429,0.0009765625,10
31430,0.0009765625,10
31431,0.0009765625,10
31432,0.0009765625,10
31433,0.001953125,9
31434,0.0009765625,10
31435,0.0009765625,10
31436,0.0009765625,10
31437,0.001953125,9
31438,0.0009765625,10
31439,0.0009765625,10
31440,0.0009765625,10
31441,0.001953125,9
31442,0.0009765625,10
31443,0.0009765625,10
31444,0.0009765625,10
31445,0.0009765625,10
31446,0.001953125,9
31447,0.0009765625,10
31448,0.0009765625,10
31449,0.0009765625,10
31450,0.001953125,9
31451,0.0009765625,10
31452,0.0009765625,10
31453,0.0009765625,10
31454,0.001953125,9
31455,0.0009765625,10
31456,0.0009765625,10
31457,0.0009765625,10
31458,0.0009765625,10
31459,0.001953125,9
31460,0.0009765625,10
31461,0.0009765625,10
31462,0.0009765625,10
31463,0.001953125,9
31464,0.0009765625,10
31465,0.0009765625,10
31466,0.0009765625,10
31467,0.001953125,9
31468,0.0009765625,10
31469,0.0009765625,10
31470,0.0009765625,10
31471,0.0009765625,10
31472,0.001953125,9
31473,0.0009765625,10
31474,0.0009765625,10
31475,0.0009765625,10
31476,0.001953125,9
31477,0.0009765625,10
31478,0.0009765625,10
31479,0.0009765625,10
31480,0.0009765625,10
31481,0.001953125,9
31482,0.0009765625,10
31483,0.0009765625,10
31484,0.0009765625,10
31485,0.001953125,9
31486,0.0009765625,10
31487,0.0009765625,10
31488,0.0009765625,10
31489,0.001953125,9
31490,0.0009765625,10
31491,0.0009765625,10
31492,0.0009765625,10
31493,0.0009765625,10
31494,0.001953125,9
31495,0.0009765625,10
31496,0.0009765625,10
31497,0.0009765625,10
31498,0.001953125,9
31499,0.0009765625,10
31500,0.0009765625,10
31501,0.0009765625,10
31502,0.001953125,9
31503,0.0009765625,10
31504,0.0009765625,10
31505,0.0009765625,10
31506,0.0009765625,10
31507,0.001953125,9
31508,0.0009765625,10
31509,0.0009765625,10
31510,0.0009765625,10
31511,0.001953125,9
31512,0.0009765625,10
31513,0.0009765625,10
31514,0.0009765625,10
31515,0.0009765625,10
31516,0.001953125,9
31517,0.0009765625,10
31518,0.0009765625,10
31519,0.0009765625,10
31520,0.001953125,9
31521,0.0009765625,10
31522,0.0009765625,10
31523,0.0009765625,10
31524,0.001953125,9
31525,0.0009765625,10
31526,0.0009765625,10
31527,0.0009765625,10
31528,0.0009765625,10
31529,0.001953125,9
31530,0.0009765625,10
31531,0.0009765625,10
31532,0.0009765625,10
31533,0.001953125,9
31534,0.0009765625,10
31535,0.0009765625,10
31536,0.0009765625,10
31537,0.001953125,9
31538,0.0009765625,10
31539,0.0009765625,10
31540,0.0009765625,10
31541,0.0009765625,10
31542,0.001953125,9
31543,0.0009765625,10
31544,0.0009765625,10
31545,0.0009765625,10
31546,0.001953125,9
31547,0.0009765625,10
31548,0.0009765625,10
31549,0.0009765625,10
31550,0.001953125,9
31551,0.0009765625,10
31552,0.0009765625,10
31553,0.0009765625,10
31554,0.0009765625,10
31555,0.001953125,9
31556,0.0009765625,10
31557,0.0009765625,10
31558,0.0009765625,10
31559,0.001953125,9
31560,0.0009765625,10
31561,0.0009765625,10
31562,0.0009765625,10
31563,0.0009765625,10
31564,0.001953125,9
31565,0.0009765625,10
31566,0.0009765625,10
31567,0.0009765625,10
31568,0.001953125,9
31569,0.0009765625,10
31570,0.0009765625,10
31571,0.0009765625,10
31572,0.001953125,9
31573,0.0009765625,10
31574,0.0009765625,10
31575,0.0009765625,10
31576,0.0009765625,10
31577,0.001953125,9
31578,0.0009765625,10
31579,0.0009765625,10
31580,0.0009765625,10
31581,0.001953125,9
31582,0.0009765625,10
31583,0.0009765625,10
31584,0.0009765625,10
31585,0.001953125,9
31586,0.0009765625,10
31587,0.0009765625,10
31588,0.0009765625,10
31589,0.0009765625,10
31590,0.001953125,9
31591,0.0009765625,10
31592,0.0009765625,10
31593,0.0009765625,10
31594,0.001953125,9
31595,0.0009765625,10
31596,0.0009765625,10
31597,0.0009765625,10
31598,0.0009765625,10
31599,0.001953125,9
31600,0.0009765625,10
31601,0.0009765625,10
31602,0.0009765625,10
31603,0.001953125,9
31604,0.0009765625,10
31605,0.0009765625,10
31606,0.0009765625,10
31607,0.001953125,9
31608,0.0009765625,10
31609,0.0009765625,10
31610,0.0009765625,10
31611,0.0009765625,10
31612,0.001953125,9
31613,0.0009765625,10
31614,0.0009765625,10
31615,0.0009765625,10
31616,0.001953125,9
31617,0.0009765625,10
31618,0.0009765625,10
31619,0.0009765625,10
31620,0.001953125,9
31621,0.0009765625,10
31622,0.0009765625,10
31623,0.0009765625,10
31624,0.0009765625,10
31625,0.001953125,9
31626,0.0009765625,10
31627,0.0009765625,10
31628,0.0009765625,10
31629,0.001953125,9
31630,0.0009765625,10
31631,0.0009765625,10
31632,0.0009765625,10
31633,0.001953125,9
31634,0.0009765625,10
31635,0.0009765625,10
31636,0.0009765625,10
31637,0.0009765625,10
31638,0.001953125,9
31639,0.0009765625,10
31640,0.0009765625,10
31641,0.0009765625,10
31642,0.001953125,9
31643,0.0009765625,10
31644,0.0009765625,10
31645,0.0009765625,10
31646,0.0009765625,10
31647,0.001953125,9
31648,0.0009765625,10
31649,0.0009765625,10
31650,0.0009765625,10
31651,0.001953125,9
31652,0.0009765625,10
31653,0.0009765625,10
31654,0.0009765625,10
31655,0.001953125,9
31656,0.0009765625,10
31657,0.0009765625,10
31658,0.0009765625,10
31659,0.0009765625,10
31660,0.001953125,9
31661,0.0009765625,10
31662,0.0009765625,10
31663,0.0009765625,10
31664,0.001953125,9
31665,0.0009765625,10
31666,0.0009765625,10
31667,0.0009765625,10
31668,0.001953125,9
31669,0.0009765625,10
31670,0.0009765625,10
31671,0.0009765625,10
31672,0.0009765625,10
31673,0.001953125,9
31674,0.0009765625,10
31675,0.0009765625,10
31676,0.0009765625,10
31677,0.001953125,9
31678,0.0009765625,10
31679,0.0009765625,10
31680,0.0009765625,10
31681,0.0009765625,10
31682,0.001953125,9
31683,0.0009765625,10
31684,0.0009765625,10
31685,0.0009765625,10
31686,0.001953125,9
31687,0.0009765625,10
31688,0.0009765625,10
31689,0.0009765625,10
31690,0.001953125,9
31691,0.0009765625,10
31692,0.0009765625,10
31693,0.0009765625,10
31694,0.0009765625,10
31695,0.001953125,9
31696,0.0009765625,10
31697,0.0009765625,10
31698,0.0009765625,10
31699,0.001953125,9
31700,0.0009765625,10
31701,0.0009765625,10
31702,0.0009765625,10
31703,0.001953125,9
31704,0.0009765625,10
31705,0.0009765625,10
31706,0.0009765625,10
31707,0.0009765625,10
31708,0.001953125,9
31709,0.0009765625,10
31710,0.0009765625,10
31711,0.0009765625,10
31712,0.001953125,9
31713,0.0009765625,10
31714,0.0009765625,10
31715,0.0009765625,10
31716,0.001953125,9
31717,0.0009765625,10
31718,0.0009765625,10
31719,0.0009765625,10
31720,0.0009765625,10
31721,0.001953125,9
31722,0.0009765625,10
31723,0.0009765625,10
31724,0.0009765625,10
31725,0.001953125,9
31726,0.0009765625,10
31727,0.0009765625,10
31728,0.0009765625,10
31729,0.0009765625,10
31730,0.001953125,9
31731,0.0009765625,10
31732,0.0009765625,10
31733,0.0009765625,10
31734,0.001953125,9
31735,0.0009765625,10
31736,0.0009765625,10
31737,0.0009765625,10
31738,0.001953125,9
31739,0.0009765625,10
31740,0.0009765625,10
31741,0.0009765625,10
31742,0.0009765625,10
31743,0.001953125,9
31744,0.0009765625,10
31745,0.0009765625,10
31746,0.0009765625,10
31747,0.001953125,9
31748,0.0009765625,10
31749,0.0009765625,10
31750,0.0009765625,10
31751,0.001953125,9
31752,0.0009765625,10
31753,0.0009765625,10
31754,0.0009765625,10
31755,0.0009765625,10
31756,0.001953125,9
31757,0.0009765625,10
31758,0.0009765625,10
31759,0.0009765625,10
31760,0.001953125,9
31761,0.0009765625,10
31762,0.0009765625,10
31763,0.0009765625,10
31764,0.0009765625,10
31765,0.001953125,9
31766,0.0009765625,10
31767,0.0009765625,10
31768,0.0009765625,10
31769,0.001953125,9
31770,0.0009765625,10
31771,0.0009765625,10
31772,0.0009765625,10
31773,0.001953125,9
31774,0.0009765625,10
31775,0.0009765625,10
31776,0.0009765625,10
31777,0.0009765625,10
31778,0.001953125,9
31779,0.0009765625,10
31780,0.0009765625,10
31781,0.0009765625,10
31782,0.001953125,9
31783,0.0009765625,10
31784,0.0009765625,10
31785,0.0009765625,10
31786,0.001953125,9
31787,0.0009765625,10
31788,0.0009765625,10
31789,0.0009765625,10
31790,0.0009765625,10
31791,0.001953125,9
31792,0.0009765625,10
31793,0.0009765625,10
31794,0.0009765625,10
31795,0.001953125,9
31796,0.0009765625,10
31797,0.0009765625,10
31798,0.0009765625,10
31799,0.001953125,9
31800,0.0009765625,10
31801,0.0009765625,10
31802,0.0009765625,10
31803,0.0009765625,10
31804,0.001953125,9
31805,0.0009765625,10
31806,0.0009765625,10
31807,0.0009765625,10
31808,0.001953125,9
31809,0.0009765625,10
31810,0.0009765625,10
31811,0.0009765625,10
31812,0.0009765625,10
31813,0.001953125,9
31814,0.0009765625,10
31815,0.0009765625,10
31816,0.0009765625,10
31817,0.001953125,9
31818,0.0009765625,10
31819,0.0009765625,10
31820,0.0009765625,10
31821,0.001953125,9
31822,0.0009765625,10
31823,0.0009765625,10
31824,0.0009765625,10
31825,0.0009765625,10
31826,0.001953125,9
31827,0.0009765625,10
31828,0.0009765625,10
31829,0.0009765625,10
31830,0.001953125,9
31831,0.0009765625,10
31832,0.0009765625,10
31833,0.0009765625,10
31834,0.001953125,9
31835,0.0009765625,10
31836,0.0009765625,10
31837,0.0009765625,10
31838,0.0009765625,10
31839,0.001953125,9
31840,0.0009765625,10
31841,0.0009765625,10
31842,0.0009765625,10
31843,0.001953125,9
31844,0.0009765625,10
31845,0.0009765625,10
31846,0.0009765625,10
31847,0.0009765625,10
31848,0.001953125,9
31849,0.0009765625,10
31850,0.0009765625,10
31851,0.0009765625,10
31852,0.001953125,9
31853,0.0009765625,10
31854,0.0009765625,10
31855,0.0009765625,10
31856,0.001953125,9
31857,0.0009765625,10
31858,0.0009765625,10
31859,0.0009765625,10
31860,0.0009765625,10
31861,0.001953125,9
31862,0.0009765625,10
31863,0.0009765625,10
31864,0.0009765625,10
31865,0.001953125,9
31866,0.0009765625,10
31867,0.0009765625,10
31868,0.0009765625,10
31869,0.001953125,9
31870,0.0009765625,10
31871,0.0009765625,10
31872,0.0009765625,10
31873,0.0009765625,10
31874,0.001953125,9
31875,0.0009765625,10
31876,0.0009765625,10
31877,0.0009765625,10
31878,0.001953125,9
31879,0.0009765625,10
31880,0.0009765625,10
31881,0.0009765625,10
31882,0.001953125,9
31883,0.0009765625,10
31884,0.0009765625,10
31885,0.0009765625,10
31886,0.0009765625,10
31887,0.001953125,9
31888,0.0009765625,10
31889,0.0009765625,10
31890,0.0009765625,10
31891,0.001953125,9
31892,0.0009765625,10
31893,0.0009765625,10
31894,0.0009765625,10
31895,0.0009765625,10
31896,0.001953125,9
31897,0.0009765625,10
31898,0.0009765625,10
31899,0.0009765625,10
31900,0.001953125,9
31901,0.0009765625,10
31902,0.0009765625,10
31903,0.0009765625,10
31904,0.001953125,9
31905,0.0009765625,10
31906,0.0009765625,10
31907,0.0009765625,10
31908,0.0009765625,10
31909,0.001953125,9
31910,0.0009765625,10
31911,0.0009765625,10
31912,0.0009765625,10
31913,0.001953125,9
31914,0.0009765625,10
31915,0.0009765625,10
31916,0.0009765625,10
31917,0.001953125,9
31918,0.0009765625,10
31919,0.0009765625,10
31920,0.0009765625,10
31921,0.0009765625,10
31922,0.001953125,9
31923,0.0009765625,10
31924,0.0009765625,10
31925,0.0009765625,10
31926,0.001953125,9
31927,0.0009765625,10
31928,0.0009765625,10
31929,0.0009765625,10
31930,0.0009765625,10
31931,0.001953125,9
31932,0.0009765625,10
31933,0.0009765625,10
31934,0.0009765625,10
31935,0.001953125,9
31936,0.0009765625,10
31937,0.0009765625,10
31938,0.0009765625,10
31939,0.001953125,9
31940,0.0009765625,10
31941,0.0009765625,10
31942,0.0009765625,10
31943,0.0009765625,10
31944,0.001953125,9
31945,0.0009765625,10
31946,0.0009765625,10
31947,0.0009765625,10
31948,0.001953125,9
31949,0.0009765625,10
31950,0.0009765625,10
31951,0.0009765625,10
31952,0.001953125,9
31953,0.0009765625,10
31954,0.0009765625,10
31955,0.0009765625,10
31956,0.0009765625,10
31957,0.001953125,9
31958,0.0009765625,10
31959,0.0009765625,10
31960,0.0009765625,10
31961,0.001953125,9
31962,0.0009765625,10
31963,0.0009765625,10
31964,0.0009765625,10
31965,0.001953125,9
31966,0.0009765625,10
31967,0.0009765625,10
31968,0.0009765625,10
31969,0.0009765625,10
31970,0.001953125,9
31971,0.0009765625,10
31972,0.0009765625,10
31973,0.0009765625,10
31974,0.001953125,9
31975,0.0009765625,10
31976,0.0009765625,10
31977,0.0009765625,10
31978,0.0009765625,10
31979,0.001953125,9
31980,0.0009765625,10
31981,0.0009765625,10
31982,0.0009765625,10
31983,0.001953125,9
31984,0.0009765625,10
31985,0.0009765625,10
31986,0.0009765625,10
31987,0.001953125,9
31988,0.0009765625,10
31989,0.0009765625,10
31990,0.0009765625,10
31991,0.0009765625,10
31992,0.001953125,9
31993,0.0009765625,10
31994,0.0009765625,10
31995,0.0009765625,10
31996,0.001953125,9
31997,0.0009765625,10
31998,0.0009765625,10
31999,0.0009765625,10
32000,0.001953125,9
32001,0.0009765625,10
32002,0.0009765625,10
32003,0.0009765625,10
32004,0.0009765625,10
32005,0.001953125,9
32006,0.0009765625,10
32007,0.0009765625,10
32008,0.0009765625,10
32009,0.001953125,9
32010,0.0009765625,10
32011,0.0009765625,10
32012,0.0009765625,10
32013,0.0009765625,10
32014,0.001953125,9
32015,0.0009765625,10
32016,0.0009765625,10
32017,0.0009765625,10
32018,0.001953125,9
32019,0.0009765625,10
32020,0.0009765625,10
32021,0.0009765625,10
32022,0.001953125,9
32023,0.0009765625,10
32024,0.0009765625,10
32025,0.0009765625,10
32026,0.0009765625,10
32027,0.001953125,9
32028,0.0009765625,10
32029,0.0009765625,10
32030,0.0009765625,10
32031,0.001953125,9
32032,0.0009765625,10
32033,0.0009765625,10
32034,0.0009765625,10
32035,0.001953125,9
32036,0.0009765625,10
32037,0.0009765625,10
32038,0.0009765625,10
32039,0.0009765625,10
32040,0.001953125,9
32041,0.0009765625,10
32042,0.0009765625,10
32043,0.0009765625,10
32044,0.001953125,9
32045,0.0009765625,10
32046,0.0009765625,10
32047,0.0009765625,10
32048,0.001953125,9
32049,0.0009765625,10
32050,0.0009765625,10
32051,0.0009765625,10
32052,0.0009765625,10
32053,0.001953125,9
32054,0.0009765625,10
32055,0.0009765625,10
32056,0.0009765625,10
32057,0.001953125,9
32058,0.0009765625,10
32059,0.0009765625,10
32060,0.0009765625,10
32061,0.0009765625,10
32062,0.001953125,9
32063,0.0009765625,10
32064,0.0009765625,10
32065,0.0009765625,10
32066,0.001953125,9
32067,0.0009765625,10
32068,0.0009765625,10
32069,0.0009765625,10
32070,0.001953125,9
32071,0.0009765625,10
32072,0.0009765625,10
32073,0.0009765625,10
32074,0.0009765625,10
32075,0.001953125,9
32076,0.0009765625,10
32077,0.0009765625,10
32078,0.0009765625,10
32079,0.001953125,9
32080,0.0009765625,10
32081,0.0009765625,10
32082,0.0009765625,10
32083,0.001953125,9
32084,0.0009765625,10
32085,0.0009765625,10
32086,0.0009765625,10
32087,0.0009765625,10
32088,0.001953125,9
32089,0.0009765625,10
32090,0.0009765625,10
32091,0.0009765625,10
32092,0.001953125,9
32093,0.0009765625,10
32094,0.0009765625,10
32095,0.0009765625,10
32096,0.0009765625,10
32097,0.001953125,9
32098,0.0009765625,10
32099,0.0009765625,10
32100,0.0009765625,10
32101,0.001953125,9
32102,0.0009765625,10
32103,0.0009765625,10
32104,0.0009765625,10
32105,0.001953125,9
32106,0.0009765625,10
32107,0.0009765625,10
32108,0.0009765625,10
32109,0.0009765625,10
32110,0.001953125,9
32111,0.0009765625,10
32112,0.0009765625,10
32113,0.0009765625,10
32114,0.001953125,9
32115,0.0009765625,10
32116,0.0009765625,10
32117,0.0009765625,10
32118,0.001953125,9
32119,0.0009765625,10
32120,0.0009765625,10
32121,0.0009765625,10
32122,0.0009765625,10
32123,0.001953125,9
32124,0.0009765625,10
32125,0.0009765625,10
32126,0.0009765625,10
32127,0.001953125,9
32128,0.0009765625,10
32129,0.0009765625,10
32130,0.0009765625,10
32131,0.001953125,9
32132,0.0009765625,10
32133,0.0009765625,10
32134,0.0009765625,10
32135,0.0009765625,10
32136,0.001953125,9
32137,0.0009765625,10
32138,0.0009765625,10
32139,0.0009765625,10
32140,0.001953125,9
32141,0.0009765625,10
32142,0.0009765625,10
32143,0.0009765625,10
32144,0.0009765625,10
32145,0.001953125,9
32146,0.0009765625,10
32147,0.0009765625,10
32148,0.0009765625,10
32149,0.001953125,9
32150,0.0009765625,10
32151,0.0009765625,10
32152,0.0009765625,10
32153,0.001953125,9
32154,0.0009765625,10
32155,0.0009765625,10
32156,0.0009765625,10
32157,0.0009765625,10
32158,0.001953125,9
32159,0.0009765625,10
32160,0.0009765625,10
32161,0.0009765625,10
32162,0.001953125,9
32163,0.0009765625,10
32164,0.0009765625,10
32165,0.0009765625,10
32166,0.001953125,9
32167,0.0009765625,10
32168,0.0009765625,10
32169,0.0009765625,10
32170,0.0009765625,10
32171,0.001953125,9
32172,0.0009765625,10
32173,0.0009765625,10
32174,0.0009765625,10
32175,0.001953125,9
32176,0.0009765625,10
32177,0.0009765625,10
32178,0.0009765625,10
32179,0.0009765625,10
32180,0.001953125,9
32181,0.0009765625,10
32182,0.0009765625,10
32183,0.0009765625,10
32184,0.001953125,9
32185,0.0009765625,10
32186,0.0009765625,10
32187,0.0009765625,10
32188,0.001953125,9
32189,0.0009765625,10
32190,0.0009765625,10
32191,0.0009765625,10
32192,0.0009765625,10
32193,0.001953125,9
32194,0.0009765625,10
32195,0.0009765625,10
32196,0.0009765625,10
32197,0.001953125,9
32198,0.0009765625,10
32199,0.0009765625,10
32200,0.0009765625,10
32201,0.001953125,9
32202,0.0009765625,10
32203,0.0009765625,10
32204,0.0009765625,10
32205,0.0009765625,10
32206,0.001953125,9
32207,0.0009765625,10
32208,0.0009765625,10
32209,0.0009765625,10
32210,0.001953125,9
32211,0.0009765625,10
32212,0.0009765625,10
32213,0.0009765625,10
32214,0.001953125,9
32215,0.0009765625,10
32216,0.0009765625,10
32217,0.0009765625,10
32218,0.0009765625,10
32219,0.001953125,9
32220,0.0009765625,10
32221,0.0009765625,10
32222,0.0009765625,10
32223,0.001953125,9
32224,0.0009765625,10
32225,0.0009765625,10
32226,0.0009765625,10
32227,0.0009765625,10
32228,0.001953125,9
32229,0.0009765625,10
32230,0.0009765625,10
32231,0.0009765625,10
32232,0.001953125,9
32233,0.0009765625,10
32234,0.0009765625,10
32235,0.0009765625,10
32236,0.001953125,9
32237,0.0009765625,10
32238,0.0009765625,10
32239,0.0009765625,10
32240,0.0009765625,10
32241,0.001953125,9
32242,0.0009765625,10
32243,0.0009765625,10
32244,0.0009765625,10
32245,0.001953125,9
32246,0.0009765625,10
32247,0.0009765625,10
32248,0.0009765625,10
32249,0.001953125,9
32250,0.0009765625,10
32251,0.0009765625,10
32252,0.0009765625,10
32253,0.0009765625,10
32254,0.001953125,9
32255,0.0009765625,10
32256,0.0009765625,10
32257,0.0009765625,10
32258,0.001953125,9
32259,0.0009765625,10
32260,0.0009765625,10
32261,0.0009765625,10
32262,0.0009765625,10
32263,0.001953125,9
32264,0.0009765625,10
32265,0.0009765625,10
32266,0.0009765625,10
32267,0.001953125,9
32268,0.0009765625,10
32269,0.0009765625,10
32270,0.0009765625,10
32271,0.001953125,9
32272,0.0009765625,10
32273,0.0009765625,10
32274,0.0009765625,10
32275,0.0009765625,10
32276,0.001953125,9
32277,0.0009765625,10
32278,0.0009765625,10
32279,0.0009765625,10
32280,0.001953125,9
32281,0.0009765625,10
32282,0.0009765625,10
32283,0.0009765625,10
32284,0.001953125,9
32285,0.0009765625,10
32286,0.0009765625,10
32287,0.0009765625,10
32288,0.0009765625,10
32289,0.001953125,9
32290,0.0009765625,10
32291,0.0009765625,10
32292,0.0009765625,10
32293,0.001953125,9
32294,0.0009765625,10
32295,0.0009765625,10
32296,0.0009765625,10
32297,0.001953125,9
32298,0.0009765625,10
32299,0.0009765625,10
32300,0.0009765625,10
32301,0.0009765625,10
32302,0.001953125,9
32303,0.0009765625,10
32304,0.0009765625,10
32305,0.0009765625,10
32306,0.001953125,9
32307,0.0009765625,10
32308,0.0009765625,10
32309,0.0009765625,10
32310,0.0009765625,10
32311,0.001953125,9
32312,0.0009765625,10
32313,0.0009765625,10
32314,0.0009765625,10
32315,0.001953125,9
32316,0.0009765625,10
32317,0.0009765625,10
32318,0.0009765625,10
32319,0.001953125,9
32320,0.0009765625,10
32321,0.0009765625,10
32322,0.0009765625,10
32323,0.0009765625,10
32324,0.001953125,9
32325,0.0009765625,10
32326,0.0009765625,10
32327,0.0009765625,10
32328,0.001953125,9
32329,0.0009765625,10
32330,0.0009765625,10
32331,0.0009765625,10
32332,0.001953125,9
32333,0.0009765625,10
32334,0.0009765625,10
32335,0.0009765625,10
32336,0.0009765625,10
32337,0.001953125,9
32338,0.0009765625,10
32339,0.0009765625,10
32340,0.0009765625,10
32341,0.001953125,9
32342,0.0009765625,10
32343,0.0009765625,10
32344,0.0009765625,10
32345,0.0009765625,10
32346,0.001953125,9
32347,0.0009765625,10
32348,0.0009765625,10
32349,0.0009765625,10
32350,0.001953125,9
32351,0.0009765625,10
32352,0.0009765625,10
32353,0.0009765625,10
32354,0.001953125,9
32355,0.0009765625,10
32356,0.0009765625,10
32357,0.0009765625,10
32358,0.0009765625,10
32359,0.001953125,9
32360,0.0009765625,10
32361,0.0009765625,10
32362,0.0009765625,10
32363,0.001953125,9
32364,0.0009765625,10
32365,0.0009765625,10
32366,0.0009765625,10
32367,0.001953125,9
32368,0.0009765625,10
32369,0.0009765625,10
32370,0.0009765625,10
32371,0.0009765625,10
32372,0.001953125,9
32373,0.0009765625,10
32374,0.0009765625,10
32375,0.0009765625,10
32376,0.001953125,9
32377,0.0009765625,10
32378,0.0009765625,10
32379,0.0009765625,10
32380,0.001953125,9
32381,0.0009765625,10
32382,0.0009765625,10
32383,0.0009765625,10
32384,0.0009765625,10
32385,0.001953125,9
32386,0.0009765625,10
32387,0.0009765625,10
32388,0.0009765625,10
32389,0.001953125,9
32390,0.0009765625,10
32391,0.0009765625,10
32392,0.0009765625,10
32393,0.0009765625,10
32394,0.001953125,9
32395,0.0009765625,10
32396,0.0009765625,10
32397,0.0009765625,10
32398,0.001953125,9
32399,0.0009765625,10
32400,0.0009765625,10
32401,0.0009765625,10
32402,0.001953125,9
32403,0.0009765625,10
32404,0.0009765625,10
32405,0.0009765625,10
32406,0.0009765625,10
32407,0.001953125,9
32408,0.0009765625,10
32409,0.0009765625,10
32410,0.0009765625,10
32411,0.001953125,9
32412,0.0009765625,10
32413,0.0009765625,10
32414,0.0009765625,10
32415,0.001953125,9
32416,0.0009765625,10
32417,0.0009765625,10
32418,0.0009765625,10
32419,0.0009765625,10
32420,0.001953125,9
32421,0.0009765625,10
32422,0.0009765625,10
32423,0.0009765625,10
32424,0.001953125,9
32425,0.0009765625,10
32426,0.0009765625,10
32427,0.0009765625,10
32428,0.0009765625,10
32429,0.001953125,9
32430,0.0009765625,10
32431,0.0009765625,10
32432,0.0009765625,10
32433,0.001953125,9
32434,0.0009765625,10
32435,0.0009765625,10
32436,0.0009765625,10
32437,0.001953125,9
32438,0.0009765625,10
32439,0.0009765625,10
32440,0.0009765625,10
32441,0.0009765625,10
32442,0.001953125,9
32443,0.0009765625,10
32444,0.0009765625,10
32445,0.0009765625,10
32446,0.001953125,9
32447,0.0009765625,10
32448,0.0009765625,10
32449,0.0009765625,10
32450,0.001953125,9
32451,0.0009765625,10
32452,0.0009765625,10
32453,0.0009765625,10
32454,0.0009765625,10
32455,0.001953125,9
32456,0.0009765625,10
32457,0.0009765625,10
32458,0.0009765625,10
32459,0.001953125,9
32460,0.0009765625,10
32461,0.0009765625,10
32462,0.0009765625,10
32463,0.001953125,9
32464,0.0009765625,10
32465,0.0009765625,10
32466,0.0009765625,10
32467,0.0009765625,10
32468,0.001953125,9
32469,0.0009765625,10
32470,0.0009765625,10
32471,0.0009765625,10
32472,0.001953125,9
32473,0.0009765625,10
32474,0.0009765625,10
32475,0.0009765625,10
32476,0.0009765625,10
32477,0.001953125,9
32478,0.0009765625,10
32479,0.0009765625,10
32480,0.0009765625,10
32481,0.001953125,9
32482,0.0009765625,10
32483,0.0009765625,10
32484,0.0009765625,10
32485,0.001953125,9
32486,0.0009765625,10
32487,0.0009765625,10
32488,0.0009765625,10
32489,0.0009765625,10
32490,0.001953125,9
32491,0.0009765625,10
32492,0.0009765625,10
32493,0.0009765625,10
32494,0.001953125,9
32495,0.0009765625,10
32496,0.0009765625,10
32497,0.0009765625,10
32498,0.001953125,9
32499,0.0009765625,10
32500,0.0009765625,10
32501,0.0009765625,10
32502,0.0009765625,10
32503,0.001953125,9
32504,0.0009765625,10
32505,0.0009765625,10
32506,0.0009765625,10
32507,0.001953125,9
32508,0.0009765625,10
32509,0.0009765625,10
32510,0.0009765625,10
32511,0.0009765625,10
32512,0.001953125,9
32513,0.0009765625,10
32514,0.0009765625,10
32515,0.0009765625,10
32516,0.001953125,9
32517,0.0009765625,10
32518,0.0009765625,10
32519,0.0009765625,10
32520,0.001953125,9
32521,0.0009765625,10
32522,0.0009765625,10
32523,0.0009765625,10
32524,0.0009765625,10
32525,0.001953125,9
32526,0.0009765625,10
32527,0.0009765625,10
32528,0.0009765625,10
32529,0.001953125,9
32530,0.0009765625,10
32531,0.0009765625,10
32532,0.0009765625,10
32533,0.001953125,9
32534,0.0009765625,10
32535,0.0009765625,10
32536,0.0009765625,10
32537,0.0009765625,10
32538,0.001953125,9
32539,0.0009765625,10
32540,0.0009765625,10
32541,0.0009765625,10
32542,0.001953125,9
32543,0.0009765625,10
32544,0.0009765625,10
32545,0.0009765625,10
32546,0.001953125,9
32547,0.0009765625,10
32548,0.0009765625,10
32549,0.0009765625,10
32550,0.0009765625,10
32551,0.001953125,9
32552,0.0009765625,10
32553,0.0009765625,10
32554,0.0009765625,10
32555,0.001953125,9
32556,0.0009765625,10
32557,0.0009765625,10
32558,0.0009765625,10
32559,0.0009765625,10
32560,0.001953125,9
32561,0.0009765625,10
32562,0.0009765625,10
32563,0.0009765625,10
32564,0.001953125,9
32565,0.0009765625,10
32566,0.0009765625,10
32567,0.0009765625,10
32568,0.001953125,9
32569,0.0009765625,10
32570,0.0009765625,10
32571,0.0009765625,10
32572,0.0009765625,10
32573,0.001953125,9
32574,0.0009765625,10
32575,0.0009765625,10
32576,0.0009765625,10
32577,0.001953125,9
32578,0.0009765625,10
32579,0.0009765625,10
32580,0.0009765625,10
32581,0.001953125,9
32582,0.0009765625,10
32583,0.0009765625,10
32584,0.0009765625,10
32585,0.0009765625,10
32586,0.001953125,9
32587,0.0009765625,10
32588,0.0009765625,10
32589,0.0009765625,10
32590,0.001953125,9
32591,0.0009765625,10
32592,0.0009765625,10
32593,0.0009765625,10
32594,0.0009765625,10
32595,0.001953125,9
32596,0.0009765625,10
32597,0.0009765625,10
32598,0.0009765625,10
32599,0.001953125,9
32600,0.0009765625,10
32601,0.0009765625,10
32602,0.0009765625,10
32603,0.001953125,9
32604,0.0009765625,10
32605,0.0009765625,10
32606,0.0009765625,10
32607,0.0009765625,10
32608,0.001953125,9
32609,0.0009765625,10
32610,0.0009765625,10
32611,0.0009765625,10
32612,0.001953125,9
32613,0.0009765625,10
32614,0.0009765625,10
32615,0.0009765625,10
32616,0.001953125,9
32617,0.0009765625,10
32618,0.0009765625,10
32619,0.0009765625,10
32620,0.0009765625,10
32621,0.001953125,9
32622,0.0009765625,10
32623,0.0009765625,10
32624,0.0009765625,10
32625,0.001953125,9
32626,0.0009765625,10
32627,0.0009765625,10
32628,0.0009765625,10
32629,0.001953125,9
32630,0.0009765625,10
32631,0.0009765625,10
32632,0.0009765625,10
32633,0.0009765625,10
32634,0.001953125,9
32635,0.0009765625,10
32636,0.0009765625,10
32637,0.0009765625,10
32638,0.001953125,9
32639,0.0009765625,10
32640,0.0009765625,10
32641,0.0009765625,10
32642,0.0009765625,10
32643,0.001953125,9
32644,0.0009765625,10
32645,0.0009765625,10
32646,0.0009765625,10
32647,0.001953125,9
32648,0.0009765625,10
32649,0.0009765625,10
32650,0.0009765625,10
32651,0.001953125,9
32652,0.0009765625,10
32653,0.0009765625,10
32654,0.0009765625,10
32655,0.0009765625,10
32656,0.001953125,9
32657,0.0009765625,10
32658,0.0009765625,10
32659,0.0009765625,10
32660,0.001953125,9
32661,0.0009765625,10
32662,0.0009765625,10
32663,0.0009765625,10
32664,0.001953125,9
32665,0.0009765625,10
32666,0.0009765625,10
32667,0.0009765625,10
32668,0.0009765625,10
32669,0.001953125,9
32670,0.0009765625,10
32671,0.0009765625,10
32672,0.0009765625,10
32673,0.001953125,9
32674,0.0009765625,10
32675,0.0009765625,10
32676,0.0009765625,10
32677,0.0009765625,10
32678,0.001953125,9
32679,0.0009765625,10
32680,0.0009765625,10
32681,0.0009765625,10
32682,0.001953125,9
32683,0.0009765625,10
32684,0.0009765625,10
32685,0.0009765625,10
32686,0.001953125,9
32687,0.0009765625,10
32688,0.0009765625,10
32689,0.0009765625,10
32690,0.0009765625,10
32691,0.001953125,9
32692,0.0009765625,10
32693,0.0009765625,10
32694,0.0009765625,10
32695,0.001953125,9
32696,0.0009765625,10
32697,0.0009765625,10
32698,0.0009765625,10
32699,0.001953125,9
32700,0.0009765625,10
32701,0.0009765625,10
32702,0.0009765625,10
32703,0.0009765625,10
32704,0.001953125,9
32705,0.0009765625,10
32706,0.0009765625,10
32707,0.0009765625,10
32708,0.001953125,9
32709,0.0009765625,10
32710,0.0009765625,10
32711,0.0009765625,10
32712,0.001953125,9
32713,0.0009765625,10
32714,0.0009765625,10
32715,0.0009765625,10
32716,0.0009765625,10
32717,0.001953125,9
32718,0.0009765625,10
32719,0.0009765625,10
32720,0.0009765625,10
32721,0.001953125,9
32722,0.0009765625,10
32723,0.0009765625,10
32724,0.0009765625,10
32725,0.0009765625,10
32726,0.001953125,9
32727,0.0009765625,10
32728,0.0009765625,10
32729,0.0009765625,10
32730,0.001953125,9
32731,0.0009765625,10
32732,0.0009765625,10
32733,0.0009765625,10
32734,0.001953125,9
32735,0.0009765625,10
32736,0.0009765625,10
32737,0.0009765625,10
32738,0.0009765625,10
32739,0.001953125,9
32740,0.0009765625,10
32741,0.0009765625,10
32742,0.0009765625,10
32743,0.001953125,9
32744,0.0009765625,10
32745,0.0009765625,10
32746,0.0009765625,10
32747,0.001953125,9
32748,0.0009765625,10
32749,0.0009765625,10
32750,0.0009765625,10
32751,0.0009765625,10
32752,0.001953125,9
32753,0.0009765625,10
32754,0.0009765625,10
32755,0.0009765625,10
32756,0.001953125,9
32757,0.0009765625,10
32758,0.0009765625,10
32759,0.0009765625,10
32760,0.0009765625,10
32761,0.001953125,9
32762,0.0009765625,10
32763,0.0009765625,10
32764,0.0009765625,10
32765,0.001953125,9
32766,0.0009765625,10
32767,0.0009765625,10
32768,0.0009765625,10
32769,0.001953125,9
32770,0.0009765625,10
32771,0.0009765625,10
32772,0.0009765625,10
32773,0.0009765625,10
32774,0.001953125,9
32775,0.0009765625,10
32776,0.0009765625,10
32777,0.0009765625,10
32778,0.001953125,9
32779,0.0009765625,10
32780,0.0009765625,10
32781,0.0009765625,10
32782,0.001953125,9
32783,0.0009765625,10
32784,0.0009765625,10
32785,0.0009765625,10
32786,0.0009765625,10
32787,0.001953125,9
32788,0.0009765625,10
32789,0.0009765625,10
32790,0.0009765625,10
32791,0.001953125,9
32792,0.0009765625,10
32793,0.0009765625,10
32794,0.0009765625,10
32795,0.001953125,9
32796,0.0009765625,10
32797,0.0009765625,10
32798,0.0009765625,10
32799,0.0009765625,10
32800,0.001953125,9
32801,0.0009765625,10
32802,0.0009765625,10
32803,0.0009765625,10
32804,0.001953125,9
32805,0.0009765625,10
32806,0.0009765625,10
32807,0.0009765625,10
32808,0.0009765625,10
32809,0.001953125,9
32810,0.0009765625,10
32811,0.0009765625,10
32812,0.0009765625,10
32813,0.001953125,9
32814,0.0009765625,10
32815,0.0009765625,10
32816,0.0009765625,10
32817,0.001953125,9
32818,0.0009765625,10
32819,0.0009765625,10
32820,0.0009765625,10
32821,0.0009765625,10
32822,0.001953125,9
32823,0.0009765625,10
32824,0.0009765625,10
32825,0.0009765625,10
32826,0.001953125,9
32827,0.0009765625,10
32828,0.0009765625,10
32829,0.0009765625,10
32830,0.001953125,9
32831,0.0009765625,10
32832,0.0009765625,10
32833,0.0009765625,10
32834,0.0009765625,10
32835,0.001953125,9
32836,0.0009765625,10
32837,0.0009765625,10
32838,0.0009765625,10
32839,0.001953125,9
32840,0.0009765625,10
32841,0.0009765625,10
32842,0.0009765625,10
32843,0.0009765625,10
32844,0.001953125,9
32845,0.0009765625,10
32846,0.0009765625,10
32847,0.0009765625,10
32848,0.001953125,9
32849,0.0009765625,10
32850,0.0009765625,10
32851,0.0009765625,10
32852,0.001953125,9
32853,0.0009765625,10
32854,0.0009765625,10
32855,0.0009765625,10
32856,0.0009765625,10
32857,0.001953125,9
32858,0.0009765625,10
32859,0.0009765625,10
32860,0.0009765625,10
32861,0.001953125,9
32862,0.0009765625,10
32863,0.0009765625,10
32864,0.0009765625,10
32865,0.001953125,9
32866,0.0009765625,10
32867,0.0009765625,10
32868,0.0009765625,10
32869,0.0009765625,10
32870,0.001953125,9
32871,0.0009765625,10
32872,0.0009765625,10
32873,0.0009765625,10
32874,0.001953125,9
32875,0.0009765625,10
32876,0.0009765625,10
32877,0.0009765625,10
32878,0.001953125,9
32879,0.0009765625,10
32880,0.0009765625,10
32881,0.0009765625,10
32882,0.0009765625,10
32883,0.001953125,9
32884,0.0009765625,10
32885,0.0009765625,10
32886,0.0009765625,10
32887,0.001953125,9
32888,0.0009765625,10
32889,0.0009765625,10
32890,0.0009765625,10
32891,0.0009765625,10
32892,0.001953125,9
32893,0.0009765625,10
32894,0.0009765625,10
32895,0.0009765625,10
32896,0.001953125,9
32897,0.0009765625,10
32898,0.0009765625,10
32899,0.0009765625,10
32900,0.001953125,9
32901,0.0009765625,10
32902,0.0009765625,10
32903,0.0009765625,10
32904,0.0009765625,10
32905,0.001953125,9
32906,0.0009765625,10
32907,0.0009765625,10
32908,0.0009765625,10
32909,0.001953125,9
32910,0.0009765625,10
32911,0.0009765625,10
32912,0.0009765625,10
32913,0.001953125,9
32914,0.0009765625,10
32915,0.0009765625,10
32916,0.0009765625,10
32917,0.0009765625,10
32918,0.001953125,9
32919,0.0009765625,10
32920,0.0009765625,10
32921,0.0009765625,10
32922,0.001953125,9
32923,0.0009765625,10
32924,0.0009765625,10
32925,0.0009765625,10
32926,0.0009765625,10
32927,0.001953125,9
32928,0.0009765625,10
32929,0.0009765625,10
32930,0.0009765625,10
32931,0.001953125,9
32932,0.0009765625,10
32933,0.0009765625,10
32934,0.0009765625,10
32935,0.001953125,9
32936,0.0009765625,10
32937,0.0009765625,10
32938,0.0009765625,10
32939,0.0009765625,10
32940,0.001953125,9
32941,0.0009765625,10
32942,0.0009765625,10
32943,0.0009765625,10
32944,0.001953125,9
32945,0.0009765625,10
32946,0.0009765625,10
32947,0.0009765625,10
32948,0.001953125,9
32949,0.0009765625,10
32950,0.0009765625,10
32951,0.0009765625,10
32952,0.0009765625,10
32953,0.001953125,9
32954,0.0009765625,10
32955,0.0009765625,10
32956,0.0009765625,10
32957,0.001953125,9
32958,0.0009765625,10
32959,0.0009765625,10
32960,0.0009765625,10
32961,0.001953125,9
32962,0.0009765625,10
32963,0.0009765625,10
32964,0.0009765625,10
32965,0.0009765625,10
32966,0.001953125,9
32967,0.0009765625,10
32968,0.0009765625,10
32969,0.0009765625,10
32970,0.001953125,9
32971,0.0009765625,10
32972,0.0009765625,10
32973,0.0009765625,10
32974,0.0009765625,10
32975,0.001953125,9
32976,0.0009765625,10
32977,0.0009765625,10
32978,0.0009765625,10
32979,0.001953125,9
32980,0.0009765625,10
32981,0.0009765625,10
32982,0.0009765625,10
32983,0.001953125,9
32984,0.0009765625,10
32985,0.0009765625,10
32986,0.0009765625,10
32987,0.0009765625,10
32988,0.001953125,9
32989,0.0009765625,10
32990,0.0009765625,10
32991,0.0009765625,10
32992,0.001953125,9
32993,0.0009765625,10
32994,0.0009765625,10
32995,0.0009765625,10
32996,0.001953125,9
32997,0.0009765625,10
32998,0.0009765625,10
32999,0.0009765625,10
33000,0.0009765625,10
33001,0.001953125,9
33002,0.0009765625,10
33003,0.0009765625,10
33004,0.0009765625,10
33005,0.001953125,9
33006,0.0009765625,10
33007,0.0009765625,10
33008,0.0009765625,10
33009,0.0009765625,10
33010,0.001953125,9
33011,0.0009765625,10
33012,0.0009765625,10
33013,0.0009765625,10
33014,0.001953125,9
33015,0.0009765625,10
33016,0.0009765625,10
33017,0.0009765625,10
33018,0.001953125,9
33019,0.0009765625,10
33020,0.0009765625,10
33021,0.0009765625,10
33022,0.0009765625,10
33023,0.001953125,9
33024,0.0009765625,10
33025,0.0009765625,10
33026,0.0009765625,10
33027,0.001953125,9
33028,0.0009765625,10
33029,0.0009765625,10
33030,0.0009765625,10
33031,0.001953125,9
33032,0.0009765625,10
33033,0.0009765625,10
33034,0.0009765625,10
33035,0.0009765625,10
33036,0.001953125,9
33037,0.0009765625,10
33038,0.0009765625,10
33039,0.0009765625,10
33040,0.001953125,9
33041,0.0009765625,10
33042,0.0009765625,10
33043,0.0009765625,10
33044,0.001953125,9
33045,0.0009765625,10
33046,0.0009765625,10
33047,0.0009765625,10
33048,0.0009765625,10
33049,0.001953125,9
33050,0.0009765625,10
33051,0.0009765625,10
33052,0.0009765625,10
33053,0.001953125,9
33054,0.0009765625,10
33055,0.0009765625,10
33056,0.0009765625,10
33057,0.0009765625,10
33058,0.001953125,9
33059,0.0009765625,10
33060,0.0009765625,10
33061,0.0009765625,10
33062,0.001953125,9
33063,0.0009765625,10
33064,0.0009765625,10
33065,0.0009765625,10
33066,0.001953125,9
33067,0.0009765625,10
33068,0.0009765625,10
33069,0.0009765625,10
33070,0.0009765625,10
33071,0.001953125,9
33072,0.0009765625,10
33073,0.0009765625,10
33074,0.0009765625,10
33075,0.001953125,9
33076,0.0009765625,10
33077,0.0009765625,10
33078,0.0009765625,10
33079,0.001953125,9
33080,0.0009765625,10
33081,0.0009765625,10
33082,0.0009765625,10
33083,0.0009765625,10
33084,0.001953125,9
33085,0.0009765625,10
33086,0.0009765625,10
33087,0.0009765625,10
33088,0.001953125,9
33089,0.0009765625,10
33090,0.0009765625,10
33091,0.0009765625,10
33092,0.0009765625,10
33093,0.001953125,9
33094,0.0009765625,10
33095,0.0009765625,10
33096,0.0009765625,10
33097,0.001953125,9
33098,0.0009765625,10
33099,0.0009765625,10
33100,0.0009765625,10
33101,0.001953125,9
33102,0.0009765625,10
33103,0.0009765625,10
33104,0.0009765625,10
33105,0.0009765625,10
33106,0.001953125,9
33107,0.0009765625,10
33108,0.0009765625,10
33109,0.0009765625,10
33110,0.001953125,9
33111,0.0009765625,10
33112,0.0009765625,10
33113,0.0009765625,10
33114,0.001953125,9
33115,0.0009765625,10
33116,0.0009765625,10
33117,0.0009765625,10
33118,0.0009765625,10
33119,0.001953125,9
33120,0.0009765625,10
33121,0.0009765625,10
33122,0.0009765625,10
33123,0.001953125,9
33124,0.0009765625,10
33125,0.0009765625,10
33126,0.0009765625,10
33127,0.001953125,9
33128,0.0009765625,10
33129,0.0009765625,10
33130,0.0009765625,10
33131,0.0009765625,10
33132,0.001953125,9
33133,0.0009765625,10
33134,0.0009765625,10
33135,0.0009765625,10
33136,0.001953125,9
33137,0.0009765625,10
33138,0.0009765625,10
33139,0.0009765625,10
33140,0.0009765625,10
33141,0.001953125,9
33142,0.0009765625,10
33143,0.0009765625,10
33144,0.0009765625,10
33145,0.001953125,9
33146,0.0009765625,10
33147,0.0009765625,10
33148,0.0009765625,10
33149,0.001953125,9
33150,0.0009765625,10
33151,0.0009765625,10
33152,0.0009765625,10
33153,0.0009765625,10
33154,0.001953125,9
33155,0.0009765625,10
33156,0.0009765625,10
33157,0.0009765625,10
33158,0.001953125,9
33159,0.0009765625,10
33160,0.0009765625,10
33161,0.0009765625,10
33162,0.001953125,9
33163,0.0009765625,10
33164,0.0009765625,10
33165,0.0009765625,10
33166,0.0009765625,10
33167,0.001953125,9
33168,0.0009765625,10
33169,0.0009765625,10
33170,0.0009765625,10
33171,0.001953125,9
33172,0.0009765625,10
33173,0.0009765625,10
33174,0.0009765625,10
33175,0.0009765625,10
33176,0.001953125,9
33177,0.0009765625,10
33178,0.0009765625,10
33179,0.0009765625,10
33180,0.001953125,9
33181,0.0009765625,10
33182,0.0009765625,10
33183,0.0009765625,10
33184,0.001953125,9
33185,0.0009765625,10
33186,0.0009765625,10
33187,0.0009765625,10
33188,0.0009765625,10
33189,0.001953125,9
33190,0.0009765625,10
33191,0.0009765625,10
33192,0.0009765625,10
33193,0.001953125,9
33194,0.0009765625,10
33195,0.0009765625,10
33196,0.0009765625,10
33197,0.001953125,9
33198,0.0009765625,10
33199,0.0009765625,10
33200,0.0009765625,10
33201,0.0009765625,10
33202,0.001953125,9
33203,0.0009765625,10
33204,0.0009765625,10
33205,0.0009765625,10
33206,0.001953125,9
33207,0.0009765625,10
33208,0.0009765625,10
33209,0.0009765625,10
33210,0.001953125,9
33211,0.0009765625,10
33212,0.0009765625,10
33213,0.0009765625,10
33214,0.0009765625,10
33215,0.001953125,9
33216,0.0009765625,10
33217,0.0009765625,10
33218,0.0009765625,10
33219,0.001953125,9
33220,0.0009765625,10
33221,0.0009765625,10
33222,0.0009765625,10
33223,0.0009765625,10
33224,0.001953125,9
33225,0.0009765625,10
33226,0.0009765625,10
33227,0.0009765625,10
33228,0.001953125,9
33229,0.0009765625,10
33230,0.0009765625,10
33231,0.0009765625,10
33232,0.001953125,9
33233,0.0009765625,10
33234,0.0009765625,10
33235,0.0009765625,10
33236,0.0009765625,10
33237,0.001953125,9
33238,0.0009765625,10
33239,0.0009765625,10
33240,0.0009765625,10
33241,0.001953125,9
33242,0.0009765625,10
33243,0.0009765625,10
33244,0.0009765625,10
33245,0.001953125,9
33246,0.0009765625,10
33247,0.0009765625,10
33248,0.0009765625,10
33249,0.0009765625,10
33250,0.001953125,9
33251,0.0009765625,10
33252,0.0009765625,10
33253,0.0009765625,10
33254,0.001953125,9
33255,0.0009765625,10
33256,0.0009765625,10
33257,0.0009765625,10
33258,0.0009765625,10
33259,0.001953125,9
33260,0.0009765625,10
33261,0.0009765625,10
33262,0.0009765625,10
33263,0.001953125,9
33264,0.0009765625,10
33265,0.0009765625,10
33266,0.0009765625,10
33267,0.001953125,9
33268,0.0009765625,10
33269,0.0009765625,10
33270,0.0009765625,10
33271,0.0009765625,10
33272,0.001953125,9
33273,0.0009765625,10
33274,0.0009765625,10
33275,0.0009765625,10
33276,0.001953125,9
33277,0.0009765625,10
33278,0.0009765625,10
33279,0.0009765625,10
33280,0.001953125,9
33281,0.0009765625,10
33282,0.0009765625,10
33283,0.0009765625,10
33284,0.0009765625,10
33285,0.001953125,9
33286,0.0009765625,10
33287,0.0009765625,10
33288,0.0009765625,10
33289,0.001953125,9
33290,0.0009765625,10
33291,0.0009765625,10
33292,0.0009765625,10
33293,0.001953125,9
33294,0.0009765625,10
33295,0.0009765625,10
33296,0.0009765625,10
33297,0.0009765625,10
33298,0.001953125,9
33299,0.0009765625,10
33300,0.0009765625,10
33301,0.0009765625,10
33302,0.001953125,9
33303,0.0009765625,10
33304,0.0009765625,10
33305,0.0009765625,10
33306,0.0009765625,10
33307,0.001953125,9
33308,0.0009765625,10
33309,0.0009765625,10
33310,0.0009765625,10
33311,0.001953125,9
33312,0.0009765625,10
33313,0.0009765625,10
33314,0.0009765625,10
33315,0.001953125,9
33316,0.0009765625,10
33317,0.0009765625,10
33318,0.0009765625,10
33319,0.0009765625,10
33320,0.001953125,9
33321,0.0009765625,10
33322,0.0009765625,10
33323,0.0009765625,10
33324,0.001953125,9
33325,0.0009765625,10
33326,0.0009765625,10
33327,0.0009765625,10
33328,0.001953125,9
33329,0.0009765625,10
33330,0.0009765625,10
33331,0.0009765625,10
33332,0.0009765625,10
33333,0.001953125,9
33334,0.0009765625,10
33335,0.0009765625,10
33336,0.0009765625,10
33337,0.001953125,9
33338,0.0009765625,10
33339,0.0009765625,10
33340,0.0009765625,10
33341,0.0009765625,10
33342,0.001953125,9
33343,0.0009765625,10
33344,0.0009765625,10
33345,0.0009765625,10
33346,0.001953125,9
33347,0.0009765625,10
33348,0.0009765625,10
33349,0.0009765625,10
33350,0.001953125,9
33351,0.0009765625,10
33352,0.0009765625,10
33353,0.0009765625,10
33354,0.0009765625,10
33355,0.001953125,9
33356,0.0009765625,10
33357,0.0009765625,10
33358,0.0009765625,10
33359,0.001953125,9
33360,0.0009765625,10
33361,0.0009765625,10
33362,0.0009765625,10
33363,0.001953125,9
33364,0.0009765625,10
33365,0.0009765625,10
33366,0.0009765625,10
33367,0.0009765625,10
33368,0.001953125,9
33369,0.0009765625,10
33370,0.0009765625,10
33371,0.0009765625,10
33372,0.001953125,9
33373,0.0009765625,10
33374,0.0009765625,10
33375,0.0009765625,10
33376,0.001953125,9
33377,0.0009765625,10
33378,0.0009765625,10
33379,0.0009765625,10
33380,0.0009765625,10
33381,0.001953125,9
33382,0.0009765625,10
33383,0.0009765625,10
33384,0.0009765625,10
33385,0.001953125,9
33386,0.0009765625,10
33387,0.0009765625,10
33388,0.0009765625,10
33389,0.0009765625,10
33390,0.001953125,9
33391,0.0009765625,10
33392,0.0009765625,10
33393,0.0009765625,10
33394,0.001953125,9
33395,0.0009765625,10
33396,0.0009765625,10
33397,0.0009765625,10
33398,0.001953125,9
33399,0.0009765625,10
33400,0.0009765625,10
33401,0.0009765625,10
33402,0.0009765625,10
33403,0.001953125,9
33404,0.0009765625,10
33405,0.0009765625,10
33406,0.0009765625,10
33407,0.001953125,9
33408,0.0009765625,10
33409,0.0009765625,10
33410,0.0009765625,10
33411,0.001953125,9
33412,0.0009765625,10
33413,0.0009765625,10
33414,0.0009765625,10
33415,0.0009765625,10
33416,0.001953125,9
33417,0.0009765625,10
33418,0.0009765625,10
33419,0.0009765625,10
33420,0.001953125,9
33421,0.0009765625,10
33422,0.0009765625,10
33423,0.0009765625,10
33424,0.0009765625,10
33425,0.001953125,9
33426,0.0009765625,10
33427,0.0009765625,10
33428,0.0009765625,10
33429,0.001953125,9
33430,0.0009765625,10
33431,0.0009765625,10
33432,0.0009765625,10
33433,0.001953125,9
33434,0.0009765625,10
33435,0.0009765625,10
33436,0.0009765625,10
33437,0.0009765625,10
33438,0.001953125,9
33439,0.0009765625,10
33440,0.0009765625,10
33441,0.0009765625,10
33442,0.001953125,9
33443,0.0009765625,10
33444,0.0009765625,10
33445,0.0009765625,10
33446,0.001953125,9
33447,0.0009765625,10
33448,0.0009765625,10
33449,0.0009765625,10
33450,0.0009765625,10
33451,0.001953125,9
33452,0.0009765625,10
33453,0.0009765625,10
33454,0.0009765625,10
33455,0.001953125,9
33456,0.0009765625,10
33457,0.0009765625,10
33458,0.0009765625,10
33459,0.001953125,9
33460,0.0009765625,10
33461,0.0009765625,10
33462,0.0009765625,10
33463,0.0009765625,10
33464,0.001953125,9
33465,0.0009765625,10
33466,0.0009765625,10
33467,0.0009765625,10
33468,0.001953125,9
33469,0.0009765625,10
33470,0.0009765625,10
33471,0.0009765625,10
33472,0.0009765625,10
33473,0.001953125,9
33474,0.0009765625,10
33475,0.0009765625,10
33476,0.0009765625,10
33477,0.001953125,9
33478,0.0009765625,10
33479,0.0009765625,10
33480,0.0009765625,10
33481,0.001953125,9
33482,0.0009765625,10
33483,0.0009765625,10
33484,0.0009765625,10
33485,0.0009765625,10
33486,0.001953125,9
33487,0.0009765625,10
33488,0.0009765625,10
33489,0.0009765625,10
33490,0.001953125,9
33491,0.0009765625,10
33492,0.0009765625,10
33493,0.0009765625,10
33494,0.001953125,9
33495,0.0009765625,10
33496,0.0009765625,10
33497,0.0009765625,10
33498,0.0009765625,10
33499,0.001953125,9
33500,0.0009765625,10
33501,0.0009765625,10
33502,0.0009765625,10
33503,0.001953125,9
33504,0.0009765625,10
33505,0.0009765625,10
33506,0.0009765625,10
33507,0.0009765625,10
33508,0.001953125,9
33509,0.0009765625,10
33510,0.0009765625,10
33511,0.0009765625,10
33512,0.001953125,9
33513,0.0009765625,10
33514,0.0009765625,10
33515,0.0009765625,10
33516,0.001953125,9
33517,0.0009765625,10
33518,0.0009765625,10
33519,0.0009765625,10
33520,0.0009765625,10
33521,0.001953125,9
33522,0.0009765625,10
33523,0.0009765625,10
33524,0.0009765625,10
33525,0.001953125,9
33526,0.0009765625,10
33527,0.0009765625,10
33528,0.0009765625,10
33529,0.001953125,9
33530,0.0009765625,10
33531,0.0009765625,10
33532,0.0009765625,10
33533,0.0009765625,10
33534,0.001953125,9
33535,0.0009765625,10
33536,0.0009765625,10
33537,0.0009765625,10
33538,0.001953125,9
33539,0.0009765625,10
33540,0.0009765625,10
33541,0.0009765625,10
33542,0.001953125,9
33543,0.0009765625,10
33544,0.0009765625,10
33545,0.0009765625,10
33546,0.0009765625,10
33547,0.001953125,9
33548,0.0009765625,10
33549,0.0009765625,10
33550,0.0009765625,10
33551,0.001953125,9
33552,0.0009765625,10
33553,0.0009765625,10
33554,0.0009765625,10
33555,0.0009765625,10
33556,0.001953125,9
33557,0.0009765625,10
33558,0.0009765625,10
33559,0.0009765625,10
33560,0.001953125,9
33561,0.0009765625,10
33562,0.0009765625,10
33563,0.0009765625,10
33564,0.001953125,9
33565,0.0009765625,10
33566,0.0009765625,10
33567,0.0009765625,10
33568,0.0009765625,10
33569,0.001953125,9
33570,0.0009765625,10
33571,0.0009765625,10
33572,0.0009765625,10
33573,0.001953125,9
33574,0.0009765625,10
33575,0.0009765625,10
33576,0.0009765625,10
33577,0.001953125,9
33578,0.0009765625,10
33579,0.0009765625,10
33580,0.0009765625,10
33581,0.0009765625,10
33582,0.001953125,9
33583,0.0009765625,10
33584,0.0009765625,10
33585,0.0009765625,10
33586,0.001953125,9
33587,0.0009765625,10
33588,0.0009765625,10
33589,0.0009765625,10
33590,0.0009765625,10
33591,0.001953125,9
33592,0.0009765625,10
33593,0.0009765625,10
33594,0.0009765625,10
33595,0.001953125,9
33596,0.0009765625,10
33597,0.0009765625,10
33598,0.0009765625,10
33599,0.001953125,9
33600,0.0009765625,10
33601,0.0009765625,10
33602,0.0009765625,10
33603,0.0009765625,10
33604,0.001953125,9
33605,0.0009765625,10
33606,0.0009765625,10
33607,0.0009765625,10
33608,0.001953125,9
33609,0.0009765625,10
33610,0.0009765625,10
33611,0.0009765625,10
33612,0.001953125,9
33613,0.0009765625,10
33614,0.0009765625,10
33615,0.0009765625,10
33616,0.0009765625,10
33617,0.001953125,9
33618,0.0009765625,10
33619,0.0009765625,10
33620,0.0009765625,10
33621,0.001953125,9
33622,0.0009765625,10
33623,0.0009765625,10
33624,0.0009765625,10
33625,0.001953125,9
33626,0.0009765625,10
33627,0.0009765625,10
33628,0.0009765625,10
33629,0.0009765625,10
33630,0.001953125,9
33631,0.0009765625,10
33632,0.0009765625,10
33633,0.0009765625,10
33634,0.001953125,9
33635,0.0009765625,10
33636,0.0009765625,10
33637,0.0009765625,10
33638,0.0009765625,10
33639,0.001953125,9
33640,0.0009765625,10
33641,0.0009765625,10
33642,0.0009765625,10
33643,0.001953125,9
33644,0.0009765625,10
33645,0.0009765625,10
33646,0.0009765625,10
33647,0.001953125,9
33648,0.0009765625,10
33649,0.0009765625,10
33650,0.0009765625,10
33651,0.0009765625,10
33652,0.001953125,9
33653,0.0009765625,10
33654,0.0009765625,10
33655,0.0009765625,10
33656,0.001953125,9
33657,0.0009765625,10
33658,0.0009765625,10
33659,0.0009765625,10
33660,0.001953125,9
33661,0.0009765625,10
33662,0.0009765625,10
33663,0.0009765625,10
33664,0.0009765625,10
33665,0.001953125,9
33666,0.0009765625,10
33667,0.0009765625,10
33668,0.0009765625,10
33669,0.001953125,9
33670,0.0009765625,10
33671,0.0009765625,10
33672,0.0009765625,10
33673,0.0009765625,10
33674,0.001953125,9
33675,0.0009765625,10
33676,0.0009765625,10
33677,0.0009765625,10
33678,0.001953125,9
33679,0.0009765625,10
33680,0.0009765625,10
33681,0.0009765625,10
33682,0.001953125,9
33683,0.0009765625,10
33684,0.0009765625,10
33685,0.0009765625,10
33686,0.0009765625,10
33687,0.001953125,9
33688,0.0009765625,10
33689,0.0009765625,10
33690,0.0009765625,10
33691,0.001953125,9
33692,0.0009765625,10
33693,0.0009765625,10
33694,0.0009765625,10
33695,0.001953125,9
33696,0.0009765625,10
33697,0.0009765625,10
33698,0.0009765625,10
33699,0.0009765625,10
33700,0.001953125,9
33701,0.0009765625,10
33702,0.0009765625,10
33703,0.0009765625,10
33704,0.001953125,9
33705,0.0009765625,10
33706,0.0009765625,10
33707,0.0009765625,10
33708,0.001953125,9
33709,0.0009765625,10
33710,0.0009765625,10
33711,0.0009765625,10
33712,0.0009765625,10
33713,0.001953125,9
33714,0.0009765625,10
33715,0.0009765625,10
33716,0.0009765625,10
33717,0.001953125,9
33718,0.0009765625,10
33719,0.0009765625,10
33720,0.0009765625,10
33721,0.0009765625,10
33722,0.001953125,9
33723,0.0009765625,10
33724,0.0009765625,10
33725,0.0009765625,10
33726,0.001953125,9
33727,0.0009765625,10
33728,0.0009765625,10
33729,0.0009765625,10
33730,0.001953125,9
33731,0.0009765625,10
33732,0.0009765625,10
33733,0.0009765625,10
33734,0.0009765625,10
33735,0.001953125,9
33736,0.0009765625,10
33737,0.0009765625,10
33738,0.0009765625,10
33739,0.001953125,9
33740,0.0009765625,10
33741,0.0009765625,10
33742,0.0009765625,10
33743,0.001953125,9
33744,0.0009765625,10
33745,0.0009765625,10
33746,0.0009765625,10
33747,0.0009765625,10
33748,0.001953125,9
33749,0.0009765625,10
33750,0.0009765625,10
33751,0.0009765625,10
33752,0.001953125,9
33753,0.0009765625,10
33754,0.0009765625,10
33755,0.0009765625,10
33756,0.0009765625,10
33757,0.001953125,9
33758,0.0009765625,10
33759,0.0009765625,10
33760,0.0009765625,10
33761,0.001953125,9
33762,0.0009765625,10
33763,0.0009765625,10
33764,0.0009765625,10
33765,0.001953125,9
33766,0.0009765625,10
33767,0.0009765625,10
33768,0.0009765625,10
33769,0.0009765625,10
33770,0.001953125,9
33771,0.0009765625,10
33772,0.0009765625,10
33773,0.0009765625,10
33774,0.001953125,9
33775,0.0009765625,10
33776,0.0009765625,10
33777,0.0009765625,10
33778,0.001953125,9
33779,0.0009765625,10
33780,0.0009765625,10
33781,0.0009765625,10
33782,0.0009765625,10
33783,0.001953125,9
33784,0.0009765625,10
33785,0.0009765625,10
33786,0.0009765625,10
33787,0.001953125,9
33788,0.0009765625,10
33789,0.0009765625,10
33790,0.0009765625,10
33791,0.001953125,9
33792,0.0009765625,10
33793,0.0009765625,10
33794,0.0009765625,10
33795,0.0009765625,10
33796,0.001953125,9
33797,0.0009765625,10
33798,0.0009765625,10
33799,0.0009765625,10
33800,0.001953125,9
33801,0.0009765625,10
33802,0.0009765625,10
33803,0.0009765625,10
33804,0.0009765625,10
33805,0.001953125,9
33806,0.0009765625,10
33807,0.0009765625,10
33808,0.0009765625,10
33809,0.001953125,9
33810,0.0009765625,10
33811,0.0009765625,10
33812,0.0009765625,10
33813,0.001953125,9
33814,0.0009765625,10
33815,0.0009765625,10
33816,0.0009765625,10
33817,0.0009765625,10
33818,0.001953125,9
33819,0.0009765625,10
33820,0.0009765625,10
33821,0.0009765625,10
33822,0.001953125,9
33823,0.0009765625,10
33824,0.0009765625,10
33825,0.0009765625,10
33826,0.001953125,9
33827,0.0009765625,10
33828,0.0009765625,10
33829,0.0009765625,10
33830,0.0009765625,10
33831,0.001953125,9
33832,0.0009765625,10
33833,0.0009765625,10
33834,0.0009765625,10
33835,0.001953125,9
33836,0.0009765625,10
33837,0.0009765625,10
33838,0.0009765625,10
33839,0.0009765625,10
33840,0.001953125,9
33841,0.0009765625,10
33842,0.0009765625,10
33843,0.0009765625,10
33844,0.001953125,9
33845,0.0009765625,10
33846,0.0009765625,10
33847,0.0009765625,10
33848,0.001953125,9
33849,0.0009765625,10
33850,0.0009765625,10
33851,0.0009765625,10
33852,0.0009765625,10
33853,0.001953125,9
33854,0.0009765625,10
33855,0.0009765625,10
33856,0.0009765625,10
33857,0.001953125,9
33858,0.0009765625,10
33859,0.0009765625,10
33860,0.0009765625,10
33861,0.001953125,9
33862,0.0009765625,10
33863,0.0009765625,10
33864,0.0009765625,10
33865,0.0009765625,10
33866,0.001953125,9
33867,0.0009765625,10
33868,0.0009765625,10
33869,0.0009765625,10
33870,0.001953125,9
33871,0.0009765625,10
33872,0.0009765625,10
33873,0.0009765625,10
33874,0.001953125,9
33875,0.0009765625,10
33876,0.0009765625,10
33877,0.0009765625,10
33878,0.0009765625,10
33879,0.001953125,9
33880,0.0009765625,10
33881,0.0009765625,10
33882,0.0009765625,10
33883,0.001953125,9
33884,0.0009765625,10
33885,0.0009765625,10
33886,0.0009765625,10
33887,0.0009765625,10
33888,0.001953125,9
33889,0.0009765625,10
33890,0.0009765625,10
33891,0.0009765625,10
33892,0.001953125,9
33893,0.0009765625,10
33894,0.0009765625,10
33895,0.0009765625,10
33896,0.001953125,9
33897,0.0009765625,10
33898,0.0009765625,10
33899,0.0009765625,10
33900,0.0009765625,10
33901,0.001953125,9
33902,0.0009765625,10
33903,0.0009765625,10
33904,0.0009765625,10
33905,0.001953125,9
33906,0.0009765625,10
33907,0.0009765625,10
33908,0.0009765625,10
33909,0.001953125,9
33910,0.0009765625,10
33911,0.0009765625,10
33912,0.0009765625,10
33913,0.0009765625,10
33914,0.001953125,9
33915,0.0009765625,10
33916,0.0009765625,10
33917,0.0009765625,10
33918,0.001953125,9
33919,0.0009765625,10
33920,0.0009765625,10
33921,0.0009765625,10
33922,0.0009765625,10
33923,0.001953125,9
33924,0.0009765625,10
33925,0.0009765625,10
33926,0.0009765625,10
33927,0.001953125,9
33928,0.0009765625,10
33929,0.0009765625,10
33930,0.0009765625,10
33931,0.001953125,9
33932,0.0009765625,10
33933,0.0009765625,10
33934,0.0009765625,10
33935,0.0009765625,10
33936,0.001953125,9
33937,0.0009765625,10
33938,0.0009765625,10
33939,0.0009765625,10
33940,0.001953125,9
33941,0.0009765625,10
33942,0.0009765625,10
33943,0.0009765625,10
33944,0.001953125,9
33945,0.0009765625,10
33946,0.0009765625,10
33947,0.0009765625,10
33948,0.0009765625,10
33949,0.001953125,9
33950,0.0009765625,10
33951,0.0009765625,10
33952,0.0009765625,10
33953,0.001953125,9
33954,0.0009765625,10
33955,0.0009765625,10
33956,0.0009765625,10
33957,0.001953125,9
33958,0.0009765625,10
33959,0.0009765625,10
33960,0.0009765625,10
33961,0.0009765625,10
33962,0.001953125,9
33963,0.0009765625,10
33964,0.0009765625,10
33965,0.0009765625,10
33966,0.001953125,9
33967,0.0009765625,10
33968,0.0009765625,10
33969,0.0009765625,10
33970,0.0009765625,10
33971,0.001953125,9
33972,0.0009765625,10
33973,0.0009765625,10
33974,0.0009765625,10
33975,0.001953125,9
33976,0.0009765625,10
33977,0.0009765625,10
33978,0.0009765625,10
33979,0.001953125,9
33980,0.0009765625,10
33981,0.0009765625,10
33982,0.0009765625,10
33983,0.0009765625,10
33984,0.001953125,9
33985,0.0009765625,10
33986,0.0009765625,10
33987,0.0009765625,10
33988,0.001953125,9
33989,0.0009765625,10
33990,0.0009765625,10
33991,0.0009765625,10
33992,0.001953125,9
33993,0.0009765625,10
33994,0.0009765625,10
33995,0.0009765625,10
33996,0.0009765625,10
33997,0.001953125,9
33998,0.0009765625,10
33999,0.0009765625,10
34000,0.0009765625,10
34001,0.001953125,9
34002,0.0009765625,10
34003,0.0009765625,10
34004,0.0009765625,10
34005,0.0009765625,10
34006,0.001953125,9
34007,0.0009765625,10
34008,0.0009765625,10
34009,0.0009765625,10
34010,0.001953125,9
34011,0.0009765625,10
34012,0.0009765625,10
34013,0.0009765625,10
34014,0.001953125,9
34015,0.0009765625,10
34016,0.0009765625,10
34017,0.0009765625,10
34018,0.0009765625,10
34019,0.001953125,9
34020,0.0009765625,10
34021,0.0009765625,10
34022,0.0009765625,10
34023,0.001953125,9
34024,0.0009765625,10
34025,0.0009765625,10
34026,0.0009765625,10
34027,0.001953125,9
34028,0.0009765625,10
34029,0.0009765625,10
34030,0.0009765625,10
34031,0.0009765625,10
34032,0.001953125,9
34033,0.0009765625,10
34034,0.0009765625,10
34035,0.0009765625,10
34036,0.001953125,9
34037,0.0009765625,10
34038,0.0009765625,10
34039,0.0009765625,10
34040,0.001953125,9
34041,0.0009765625,10
34042,0.0009765625,10
34043,0.0009765625,10
34044,0.0009765625,10
34045,0.001953125,9
34046,0.0009765625,10
34047,0.0009765625,10
34048,0.0009765625,10
34049,0.001953125,9
34050,0.0009765625,10
34051,0.0009765625,10
34052,0.0009765625,10
34053,0.0009765625,10
34054,0.001953125,9
34055,0.0009765625,10
34056,0.0009765625,10
34057,0.0009765625,10
34058,0.001953125,9
34059,0.0009765625,10
34060,0.0009765625,10
34061,0.0009765625,10
34062,0.001953125,9
34063,0.0009765625,10
34064,0.0009765625,10
34065,0.0009765625,10
34066,0.0009765625,10
34067,0.001953125,9
34068,0.0009765625,10
34069,0.0009765625,10
34070,0.0009765625,10
34071,0.001953125,9
34072,0.0009765625,10
34073,0.0009765625,10
34074,0.0009765625,10
34075,0.001953125,9
34076,0.0009765625,10
34077,0.0009765625,10
34078,0.0009765625,10
34079,0.0009765625,10
34080,0.001953125,9
34081,0.0009765625,10
34082,0.0009765625,10
34083,0.0009765625,10
34084,0.001953125,9
34085,0.0009765625,10
34086,0.0009765625,10
34087,0.0009765625,10
34088,0.0009765625,10
34089,0.001953125,9
34090,0.0009765625,10
34091,0.0009765625,10
34092,0.0009765625,10
34093,0.001953125,9
34094,0.0009765625,10
34095,0.0009765625,10
34096,0.0009765625,10
34097,0.001953125,9
34098,0.0009765625,10
34099,0.0009765625,10
34100,0.0009765625,10
34101,0.0009765625,10
34102,0.001953125,9
34103,0.0009765625,10
34104,0.0009765625,10
34105,0.0009765625,10
34106,0.001953125,9
34107,0.0009765625,10
34108,0.0009765625,10
34109,0.0009765625,10
34110,0.001953125,9
34111,0.0009765625,10
34112,0.0009765625,10
34113,0.0009765625,10
34114,0.0009765625,10
34115,0.001953125,9
34116,0.0009765625,10
34117,0.0009765625,10
34118,0.0009765625,10
34119,0.001953125,9
34120,0.0009765625,10
34121,0.0009765625,10
34122,0.0009765625,10
34123,0.001953125,9
34124,0.0009765625,10
34125,0.0009765625,10
34126,0.0009765625,10
34127,0.0009765625,10
34128,0.001953125,9
34129,0.0009765625,10
34130,0.0009765625,10
34131,0.0009765625,10
34132,0.001953125,9
34133,0.0009765625,10
34134,0.0009765625,10
34135,0.0009765625,10
34136,0.0009765625,10
34137,0.001953125,9
34138,0.0009765625,10
34139,0.0009765625,10
34140,0.0009765625,10
34141,0.001953125,9
34142,0.0009765625,10
34143,0.0009765625,10
34144,0.0009765625,10
34145,0.001953125,9
34146,0.0009765625,10
34147,0.0009765625,10
34148,0.0009765625,10
34149,0.0009765625,10
34150,0.001953125,9
34151,0.0009765625,10
34152,0.0009765625,10
34153,0.0009765625,10
34154,0.001953125,9
34155,0.0009765625,10
34156,0.0009765625,10
34157,0.0009765625,10
34158,0.001953125,9
34159,0.0009765625,10
34160,0.0009765625,10
34161,0.0009765625,10
34162,0.0009765625,10
34163,0.001953125,9
34164,0.0009765625,10
34165,0.0009765625,10
34166,0.0009765625,10
34167,0.001953125,9
34168,0.0009765625,10
34169,0.0009765625,10
34170,0.0009765625,10
34171,0.0009765625,10
34172,0.001953125,9
34173,0.0009765625,10
34174,0.0009765625,10
34175,0.0009765625,10
34176,0.001953125,9
34177,0.0009765625,10
34178,0.0009765625,10
34179,0.0009765625,10
34180,0.001953125,9
34181,0.0009765625,10
34182,0.0009765625,10
34183,0.0009765625,10
34184,0.0009765625,10
34185,0.001953125,9
34186,0.0009765625,10
34187,0.0009765625,10
34188,0.0009765625,10
34189,0.001953125,9
34190,0.0009765625,10
34191,0.0009765625,10
34192,0.0009765625,10
34193,0.001953125,9
34194,0.0009765625,10
34195,0.0009765625,10
34196,0.0009765625,10
34197,0.0009765625,10
34198,0.001953125,9
34199,0.0009765625,10
34200,0.0009765625,10
34201,0.0009765625,10
34202,0.001953125,9
34203,0.0009765625,10
34204,0.0009765625,10
34205,0.0009765625,10
34206,0.001953125,9
34207,0.0009765625,10
34208,0.0009765625,10
34209,0.0009765625,10
34210,0.0009765625,10
34211,0.001953125,9
34212,0.0009765625,10
34213,0.0009765625,10
34214,0.0009765625,10
34215,0.001953125,9
34216,0.0009765625,10
34217,0.0009765625,10
34218,0.0009765625,10
34219,0.0009765625,10
34220,0.001953125,9
34221,0.0009765625,10
34222,0.0009765625,10
34223,0.0009765625,10
34224,0.001953125,9
34225,0.0009765625,10
34226,0.0009765625,10
34227,0.0009765625,10
34228,0.001953125,9
34229,0.0009765625,10
34230,0.0009765625,10
34231,0.0009765625,10
34232,0.0009765625,10
34233,0.001953125,9
34234,0.0009765625,10
34235,0.0009765625,10
34236,0.0009765625,10
34237,0.001953125,9
34238,0.0009765625,10
34239,0.0009765625,10
34240,0.0009765625,10
34241,0.001953125,9
34242,0.0009765625,10
34243,0.0009765625,10
34244,0.0009765625,10
34245,0.0009765625,10
34246,0.001953125,9
34247,0.0009765625,10
34248,0.0009765625,10
34249,0.0009765625,10
34250,0.001953125,9
34251,0.0009765625,10
34252,0.0009765625,10
34253,0.0009765625,10
34254,0.0009765625,10
34255,0.001953125,9
34256,0.0009765625,10
34257,0.0009765625,10
34258,0.0009765625,10
34259,0.001953125,9
34260,0.0009765625,10
34261,0.0009765625,10
34262,0.0009765625,10
34263,0.001953125,9
34264,0.0009765625,10
34265,0.0009765625,10
34266,0.0009765625,10
34267,0.0009765625,10
34268,0.001953125,9
34269,0.0009765625,10
34270,0.0009765625,10
34271,0.0009765625,10
34272,0.001953125,9
34273,0.0009765625,10
34274,0.0009765625,10
34275,0.0009765625,10
34276,0.001953125,9
34277,0.0009765625,10
34278,0.0009765625,10
34279,0.0009765625,10
34280,0.0009765625,10
34281,0.001953125,9
34282,0.0009765625,10
34283,0.0009765625,10
34284,0.0009765625,10
34285,0.001953125,9
34286,0.0009765625,10
34287,0.0009765625,10
34288,0.0009765625,10
34289,0.001953125,9
34290,0.0009765625,10
34291,0.0009765625,10
34292,0.0009765625,10
34293,0.0009765625,10
34294,0.001953125,9
34295,0.0009765625,10
34296,0.0009765625,10
34297,0.0009765625,10
34298,0.001953125,9
34299,0.0009765625,10
34300,0.0009765625,10
34301,0.0009765625,10
34302,0.0009765625,10
34303,0.001953125,9
34304,0.0009765625,10
34305,0.0009765625,10
34306,0.0009765625,10
34307,0.001953125,9
34308,0.0009765625,10
34309,0.0009765625,10
34310,0.0009765625,10
34311,0.001953125,9
34312,0.0009765625,10
34313,0.0009765625,10
34314,0.0009765625,10
34315,0.0009765625,10
34316,0.001953125,9
34317,0.0009765625,10
34318,0.0009765625,10
34319,0.0009765625,10
34320,0.001953125,9
34321,0.0009765625,10
34322,0.0009765625,10
34323,0.0009765625,10
34324,0.001953125,9
34325,0.0009765625,10
34326,0.0009765625,10
34327,0.0009765625,10
34328,0.0009765625,10
34329,0.001953125,9
34330,0.0009765625,10
34331,0.0009765625,10
34332,0.0009765625,10
34333,0.001953125,9
34334,0.0009765625,10
34335,0.0009765625,10
34336,0.0009765625,10
34337,0.0009765625,10
34338,0.001953125,9
34339,0.0009765625,10
34340,0.0009765625,10
34341,0.0009765625,10
34342,0.001953125,9
34343,0.0009765625,10
34344,0.0009765625,10
34345,0.0009765625,10
34346,0.001953125,9
34347,0.0009765625,10
34348,0.0009765625,10
34349,0.0009765625,10
34350,0.0009765625,10
34351,0.001953125,9
34352,0.0009765625,10
34353,0.0009765625,10
34354,0.0009765625,10
34355,0.001953125,9
34356,0.0009765625,10
34357,0.0009765625,10
34358,0.0009765625,10
34359,0.001953125,9
34360,0.0009765625,10
34361,0.0009765625,10
34362,0.0009765625,10
34363,0.0009765625,10
34364,0.001953125,9
34365,0.0009765625,10
34366,0.0009765625,10
34367,0.0009765625,10
34368,0.001953125,9
34369,0.0009765625,10
34370,0.0009765625,10
34371,0.0009765625,10
34372,0.001953125,9
34373,0.0009765625,10
34374,0.0009765625,10
34375,0.0009765625,10
34376,0.0009765625,10
34377,0.001953125,9
34378,0.0009765625,10
34379,0.0009765625,10
34380,0.0009765625,10
34381,0.001953125,9
34382,0.0009765625,10
34383,0.0009765625,10
34384,0.0009765625,10
34385,0.0009765625,10
34386,0.001953125,9
34387,0.0009765625,10
34388,0.0009765625,10
34389,0.0009765625,10
34390,0.001953125,9
34391,0.0009765625,10
34392,0.0009765625,10
34393,0.0009765625,10
34394,0.001953125,9
34395,0.0009765625,10
34396,0.0009765625,10
34397,0.0009765625,10
34398,0.0009765625,10
34399,0.001953125,9
34400,0.0009765625,10
34401,0.0009765625,10
34402,0.0009765625,10
34403,0.001953125,9
34404,0.0009765625,10
34405,0.0009765625,10
34406,0.0009765625,10
34407,0.001953125,9
34408,0.0009765625,10
34409,0.0009765625,10
34410,0.0009765625,10
34411,0.0009765625,10
34412,0.001953125,9
34413,0.0009765625,10
34414,0.0009765625,10
34415,0.0009765625,10
34416,0.001953125,9
34417,0.0009765625,10
34418,0.0009765625,10
34419,0.0009765625,10
34420,0.0009765625,10
34421,0.001953125,9
34422,0.0009765625,10
34423,0.0009765625,10
34424,0.0009765625,10
34425,0.001953125,9
34426,0.0009765625,10
34427,0.0009765625,10
34428,0.0009765625,10
34429,0.001953125,9
34430,0.0009765625,10
34431,0.0009765625,10
34432,0.0009765625,10
34433,0.0009765625,10
34434,0.001953125,9
34435,0.0009765625,10
34436,0.0009765625,10
34437,0.0009765625,10
34438,0.001953125,9
34439,0.0009765625,10
34440,0.0009765625,10
34441,0.0009765625,10
34442,0.001953125,9
34443,0.0009765625,10
34444,0.0009765625,10
34445,0.0009765625,10
34446,0.0009765625,10
34447,0.001953125,9
34448,0.0009765625,10
34449,0.0009765625,10
34450,0.0009765625,10
34451,0.001953125,9
34452,0.0009765625,10
34453,0.0009765625,10
34454,0.0009765625,10
34455,0.001953125,9
34456,0.0009765625,10
34457,0.0009765625,10
34458,0.0009765625,10
34459,0.0009765625,10
34460,0.001953125,9
34461,0.0009765625,10
34462,0.0009765625,10
34463,0.0009765625,10
34464,0.001953125,9
34465,0.0009765625,10
34466,0.0009765625,10
34467,0.0009765625,10
34468,0.0009765625,10
34469,0.001953125,9
34470,0.0009765625,10
34471,0.0009765625,10
34472,0.0009765625,10
34473,0.001953125,9
34474,0.0009765625,10
34475,0.0009765625,10
34476,0.0009765625,10
34477,0.001953125,9
34478,0.0009765625,10
34479,0.0009765625,10
34480,0.0009765625,10
34481,0.0009765625,10
34482,0.001953125,9
34483,0.0009765625,10
34484,0.0009765625,10
34485,0.0009765625,10
34486,0.001953125,9
34487,0.0009765625,10
34488,0.0009765625,10
34489,0.0009765625,10
34490,0.001953125,9
34491,0.0009765625,10
34492,0.0009765625,10
34493,0.0009765625,10
34494,0.0009765625,10
34495,0.001953125,9
34496,0.0009765625,10
34497,0.0009765625,10
34498,0.0009765625,10
34499,0.001953125,9
34500,0.0009765625,10
34501,0.0009765625,10
34502,0.0009765625,10
34503,0.0009765625,10
34504,0.001953125,9
34505,0.0009765625,10
34506,0.0009765625,10
34507,0.0009765625,10
34508,0.001953125,9
34509,0.0009765625,10
34510,0.0009765625,10
34511,0.0009765625,10
34512,0.001953125,9
34513,0.0009765625,10
34514,0.0009765625,10
34515,0.0009765625,10
34516,0.0009765625,10
34517,0.001953125,9
34518,0.0009765625,10
34519,0.0009765625,10
34520,0.0009765625,10
34521,0.001953125,9
34522,0.0009765625,10
34523,0.0009765625,10
34524,0.0009765625,10
34525,0.001953125,9
34526,0.0009765625,10
34527,0.0009765625,10
34528,0.0009765625,10
34529,0.0009765625,10
34530,0.001953125,9
34531,0.0009765625,10
34532,0.0009765625,10
34533,0.0009765625,10
34534,0.001953125,9
34535,0.0009765625,10
34536,0.0009765625,10
34537,0.0009765625,10
34538,0.001953125,9
34539,0.0009765625,10
34540,0.0009765625,10
34541,0.0009765625,10
34542,0.0009765625,10
34543,0.001953125,9
34544,0.0009765625,10
34545,0.0009765625,10
34546,0.0009765625,10
34547,0.001953125,9
34548,0.0009765625,10
34549,0.0009765625,10
34550,0.0009765625,10
34551,0.0009765625,10
34552,0.001953125,9
34553,0.0009765625,10
34554,0.0009765625,10
34555,0.0009765625,10
34556,0.001953125,9
34557,0.0009765625,10
34558,0.0009765625,10
34559,0.0009765625,10
34560,0.001953125,9
34561,0.0009765625,10
34562,0.0009765625,10
34563,0.0009765625,10
34564,0.0009765625,10
34565,0.001953125,9
34566,0.0009765625,10
34567,0.0009765625,10
34568,0.0009765625,10
34569,0.001953125,9
34570,0.0009765625,10
34571,0.0009765625,10
34572,0.0009765625,10
34573,0.001953125,9
34574,0.0009765625,10
34575,0.0009765625,10
34576,0.0009765625,10
34577,0.0009765625,10
34578,0.001953125,9
34579,0.0009765625,10
34580,0.0009765625,10
34581,0.0009765625,10
34582,0.001953125,9
34583,0.0009765625,10
34584,0.0009765625,10
34585,0.0009765625,10
34586,0.0009765625,10
34587,0.001953125,9
34588,0.0009765625,10
34589,0.0009765625,10
34590,0.0009765625,10
34591,0.001953125,9
34592,0.0009765625,10
34593,0.0009765625,10
34594,0.0009765625,10
34595,0.001953125,9
34596,0.0009765625,10
34597,0.0009765625,10
34598,0.0009765625,10
34599,0.0009765625,10
34600,0.001953125,9
34601,0.0009765625,10
34602,0.0009765625,10
34603,0.0009765625,10
34604,0.001953125,9
34605,0.0009765625,10
34606,0.0009765625,10
34607,0.0009765625,10
34608,0.001953125,9
34609,0.0009765625,10
34610,0.0009765625,10
34611,0.0009765625,10
34612,0.0009765625,10
34613,0.001953125,9
34614,0.0009765625,10
34615,0.0009765625,10
34616,0.0009765625,10
34617,0.001953125,9
34618,0.0009765625,10
34619,0.0009765625,10
34620,0.0009765625,10
34621,0.001953125,9
34622,0.0009765625,10
34623,0.0009765625,10
34624,0.0009765625,10
34625,0.0009765625,10
34626,0.001953125,9
34627,0.0009765625,10
34628,0.0009765625,10
34629,0.0009765625,10
34630,0.001953125,9
34631,0.0009765625,10
34632,0.0009765625,10
34633,0.0009765625,10
34634,0.0009765625,10
34635,0.001953125,9
34636,0.0009765625,10
34637,0.0009765625,10
34638,0.0009765625,10
34639,0.001953125,9
34640,0.0009765625,10
34641,0.0009765625,10
34642,0.0009765625,10
34643,0.001953125,9
34644,0.0009765625,10
34645,0.0009765625,10
34646,0.0009765625,10
34647,0.0009765625,10
34648,0.001953125,9
34649,0.0009765625,10
34650,0.0009765625,10
34651,0.0009765625,10
34652,0.001953125,9
34653,0.0009765625,10
34654,0.0009765625,10
34655,0.0009765625,10
34656,0.001953125,9
34657,0.0009765625,10
34658,0.0009765625,10
34659,0.0009765625,10
34660,0.0009765625,10
34661,0.001953125,9
34662,0.0009765625,10
34663,0.0009765625,10
34664,0.0009765625,10
34665,0.001953125,9
34666,0.0009765625,10
34667,0.0009765625,10
34668,0.0009765625,10
34669,0.0009765625,10
34670,0.001953125,9
34671,0.0009765625,10
34672,0.0009765625,10
34673,0.0009765625,10
34674,0.001953125,9
34675,0.0009765625,10
34676,0.0009765625,10
34677,0.0009765625,10
34678,0.001953125,9
34679,0.0009765625,10
34680,0.0009765625,10
34681,0.0009765625,10
34682,0.0009765625,10
34683,0.001953125,9
34684,0.0009765625,10
34685,0.0009765625,10
34686,0.0009765625,10
34687,0.001953125,9
34688,0.0009765625,10
34689,0.0009765625,10
34690,0.0009765625,10
34691,0.001953125,9
34692,0.0009765625,10
34693,0.0009765625,10
34694,0.0009765625,10
34695,0.0009765625,10
34696,0.001953125,9
34697,0.0009765625,10
34698,0.0009765625,10
34699,0.0009765625,10
34700,0.001953125,9
34701,0.0009765625,10
34702,0.0009765625,10
34703,0.0009765625,10
34704,0.001953125,9
34705,0.0009765625,10
34706,0.0009765625,10
34707,0.0009765625,10
34708,0.0009765625,10
34709,0.001953125,9
34710,0.0009765625,10
34711,0.0009765625,10
34712,0.0009765625,10
34713,0.001953125,9
34714,0.0009765625,10
34715,0.0009765625,10
34716,0.0009765625,10
34717,0.0009765625,10
34718,0.001953125,9
34719,0.0009765625,10
34720,0.0009765625,10
34721,0.0009765625,10
34722,0.001953125,9
34723,0.0009765625,10
34724,0.0009765625,10
34725,0.0009765625,10
34726,0.001953125,9
34727,0.0009765625,10
34728,0.0009765625,10
34729,0.0009765625,10
34730,0.0009765625,10
34731,0.001953125,9
34732,0.0009765625,10
34733,0.0009765625,10
34734,0.0009765625,10
34735,0.001953125,9
34736,0.0009765625,10
34737,0.0009765625,10
34738,0.0009765625,10
34739,0.001953125,9
34740,0.0009765625,10
34741,0.0009765625,10
34742,0.0009765625,10
34743,0.0009765625,10
34744,0.001953125,9
34745,0.0009765625,10
34746,0.0009765625,10
34747,0.0009765625,10
34748,0.001953125,9
34749,0.0009765625,10
34750,0.0009765625,10
34751,0.0009765625,10
34752,0.0009765625,10
34753,0.001953125,9
34754,0.0009765625,10
34755,0.0009765625,10
34756,0.0009765625,10
34757,0.001953125,9
34758,0.0009765625,10
34759,0.0009765625,10
34760,0.0009765625,10
34761,0.001953125,9
34762,0.0009765625,10
34763,0.0009765625,10
34764,0.0009765625,10
34765,0.0009765625,10
34766,0.001953125,9
34767,0.0009765625,10
34768,0.0009765625,10
34769,0.0009765625,10
34770,0.001953125,9
34771,0.0009765625,10
34772,0.0009765625,10
34773,0.0009765625,10
34774,0.001953125,9
34775,0.0009765625,10
34776,0.0009765625,10
34777,0.0009765625,10
34778,0.0009765625,10
34779,0.001953125,9
34780,0.0009765625,10
34781,0.0009765625,10
34782,0.0009765625,10
34783,0.001953125,9
34784,0.0009765625,10
34785,0.0009765625,10
34786,0.0009765625,10
34787,0.001953125,9
34788,0.0009765625,10
34789,0.0009765625,10
34790,0.0009765625,10
34791,0.0009765625,10
34792,0.001953125,9
34793,0.0009765625,10
34794,0.0009765625,10
34795,0.0009765625,10
34796,0.001953125,9
34797,0.0009765625,10
34798,0.0009765625,10
34799,0.0009765625,10
34800,0.0009765625,10
34801,0.001953125,9
34802,0.0009765625,10
34803,0.0009765625,10
34804,0.0009765625,10
34805,0.001953125,9
34806,0.0009765625,10
34807,0.0009765625,10
34808,0.0009765625,10
34809,0.001953125,9
34810,0.0009765625,10
34811,0.0009765625,10
34812,0.0009765625,10
34813,0.0009765625,10
34814,0.001953125,9
34815,0.0009765625,10
34816,0.0009765625,10
34817,0.0009765625,10
34818,0.001953125,9
34819,0.0009765625,10
34820,0.0009765625,10
34821,0.0009765625,10
34822,0.001953125,9
34823,0.0009765625,10
34824,0.0009765625,10
34825,0.0009765625,10
34826,0.0009765625,10
34827,0.001953125,9
34828,0.0009765625,10
34829,0.0009765625,10
34830,0.0009765625,10
34831,0.001953125,9
34832,0.0009765625,10
34833,0.0009765625,10
34834,0.0009765625,10
34835,0.0009765625,10
34836,0.001953125,9
34837,0.0009765625,10
34838,0.0009765625,10
34839,0.0009765625,10
34840,0.001953125,9
34841,0.0009765625,10
34842,0.0009765625,10
34843,0.0009765625,10
34844,0.001953125,9
34845,0.0009765625,10
34846,0.0009765625,10
34847,0.0009765625,10
34848,0.0009765625,10
34849,0.001953125,9
34850,0.0009765625,10
34851,0.0009765625,10
34852,0.0009765625,10
34853,0.001953125,9
34854,0.0009765625,10
34855,0.0009765625,10
34856,0.0009765625,10
34857,0.001953125,9
34858,0.0009765625,10
34859,0.0009765625,10
34860,0.0009765625,10
34861,0.0009765625,10
34862,0.001953125,9
34863,0.0009765625,10
34864,0.0009765625,10
34865,0.0009765625,10
34866,0.001953125,9
34867,0.0009765625,10
34868,0.0009765625,10
34869,0.0009765625,10
34870,0.001953125,9
34871,0.0009765625,10
34872,0.0009765625,10
34873,0.0009765625,10
34874,0.0009765625,10
34875,0.001953125,9
34876,0.0009765625,10
34877,0.0009765625,10
34878,0.0009765625,10
34879,0.001953125,9
34880,0.0009765625,10
34881,0.0009765625,10
34882,0.0009765625,10
34883,0.0009765625,10
34884,0.001953125,9
34885,0.0009765625,10
34886,0.0009765625,10
34887,0.0009765625,10
34888,0.001953125,9
34889,0.0009765625,10
34890,0.0009765625,10
34891,0.0009765625,10
34892,0.001953125,9
34893,0.0009765625,10
34894,0.0009765625,10
34895,0.0009765625,10
34896,0.0009765625,10
34897,0.001953125,9
34898,0.0009765625,10
34899,0.0009765625,10
34900,0.0009765625,10
34901,0.001953125,9
34902,0.0009765625,10
34903,0.0009765625,10
34904,0.0009765625,10
34905,0.001953125,9
34906,0.0009765625,10
34907,0.0009765625,10
34908,0.0009765625,10
34909,0.0009765625,10
34910,0.001953125,9
34911,0.0009765625,10
34912,0.0009765625,10
34913,0.0009765625,10
34914,0.001953125,9
34915,0.0009765625,10
34916,0.0009765625,10
34917,0.0009765625,10
34918,0.0009765625,10
34919,0.001953125,9
34920,0.0009765625,10
34921,0.0009765625,10
34922,0.0009765625,10
34923,0.001953125,9
34924,0.0009765625,10
34925,0.0009765625,10
34926,0.0009765625,10
34927,0.001953125,9
34928,0.0009765625,10
34929,0.0009765625,10
34930,0.0009765625,10
34931,0.0009765625,10
34932,0.001953125,9
34933,0.0009765625,10
34934,0.0009765625,10
34935,0.0009765625,10
34936,0.001953125,9
34937,0.0009765625,10
34938,0.0009765625,10
34939,0.0009765625,10
34940,0.001953125,9
34941,0.0009765625,10
34942,0.0009765625,10
34943,0.0009765625,10
34944,0.0009765625,10
34945,0.001953125,9
34946,0.0009765625,10
34947,0.0009765625,10
34948,0.0009765625,10
34949,0.001953125,9
34950,0.0009765625,10
34951,0.0009765625,10
34952,0.0009765625,10
34953,0.001953125,9
34954,0.0009765625,10
34955,0.0009765625,10
34956,0.0009765625,10
34957,0.0009765625,10
34958,0.001953125,9
34959,0.0009765625,10
34960,0.0009765625,10
34961,0.0009765625,10
34962,0.001953125,9
34963,0.0009765625,10
34964,0.0009765625,10
34965,0.0009765625,10
34966,0.0009765625,10
34967,0.001953125,9
34968,0.0009765625,10
34969,0.0009765625,10
34970,0.0009765625,10
34971,0.001953125,9
34972,0.0009765625,10
34973,0.0009765625,10
34974,0.0009765625,10
34975,0.001953125,9
34976,0.0009765625,10
34977,0.0009765625,10
34978,0.0009765625,10
34979,0.0009765625,10
34980,0.001953125,9
34981,0.0009765625,10
34982,0.0009765625,10
34983,0.0009765625,10
34984,0.001953125,9
34985,0.0009765625,10
34986,0.0009765625,10
34987,0.0009765625,10
34988,0.001953125,9
34989,0.0009765625,10
34990,0.0009765625,10
34991,0.0009765625,10
34992,0.0009765625,10
34993,0.001953125,9
34994,0.0009765625,10
34995,0.0009765625,10
34996,0.0009765625,10
34997,0.001953125,9
34998,0.0009765625,10
34999,0.0009765625,10
35000,0.0009765625,10
35001,0.0009765625,10
35002,0.001953125,9
35003,0.0009765625,10
35004,0.0009765625,10
35005,0.0009765625,10
35006,0.001953125,9
35007,0.0009765625,10
35008,0.0009765625,10
35009,0.0009765625,10
35010,0.001953125,9
35011,0.0009765625,10
35012,0.0009765625,10
35013,0.0009765625,10
35014,0.0009765625,10
35015,0.001953125,9
35016,0.0009765625,10
35017,0.0009765625,10
35018,0.0009765625,10
35019,0.001953125,9
35020,0.0009765625,10
35021,0.0009765625,10
35022,0.0009765625,10
35023,0.001953125,9
35024,0.0009765625,10
35025,0.0009765625,10
35026,0.0009765625,10
35027,0.0009765625,10
35028,0.001953125,9
35029,0.0009765625,10
35030,0.0009765625,10
35031,0.0009765625,10
35032,0.001953125,9
35033,0.0009765625,10
35034,0.0009765625,10
35035,0.0009765625,10
35036,0.001953125,9
35037,0.0009765625,10
35038,0.0009765625,10
35039,0.0009765625,10
35040,0.0009765625,10
35041,0.001953125,9
35042,0.0009765625,10
35043,0.0009765625,10
35044,0.0009765625,10
35045,0.001953125,9
35046,0.0009765625,10
35047,0.0009765625,10
35048,0.0009765625,10
35049,0.0009765625,10
35050,0.001953125,9
35051,0.0009765625,10
35052,0.0009765625,10
35053,0.0009765625,10
35054,0.001953125,9
35055,0.0009765625,10
35056,0.0009765625,10
35057,0.0009765625,10
35058,0.001953125,9
35059,0.0009765625,10
35060,0.0009765625,10
35061,0.0009765625,10
35062,0.0009765625,10
35063,0.001953125,9
35064,0.0009765625,10
35065,0.0009765625,10
35066,0.0009765625,10
35067,0.001953125,9
35068,0.0009765625,10
35069,0.0009765625,10
35070,0.0009765625,10
35071,0.001953125,9
35072,0.0009765625,10
35073,0.0009765625,10
35074,0.0009765625,10
35075,0.0009765625,10
35076,0.001953125,9
35077,0.0009765625,10
35078,0.0009765625,10
35079,0.0009765625,10
35080,0.001953125,9
35081,0.0009765625,10
35082,0.0009765625,10
35083,0.0009765625,10
35084,0.0009765625,10
35085,0.001953125,9
35086,0.0009765625,10
35087,0.0009765625,10
35088,0.0009765625,10
35089,0.001953125,9
35090,0.0009765625,10
35091,0.0009765625,10
35092,0.0009765625,10
35093,0.001953125,9
35094,0.0009765625,10
35095,0.0009765625,10
35096,0.0009765625,10
35097,0.0009765625,10
35098,0.001953125,9
35099,0.0009765625,10
35100,0.0009765625,10
35101,0.0009765625,10
35102,0.001953125,9
35103,0.0009765625,10
35104,0.0009765625,10
35105,0.0009765625,10
35106,0.001953125,9
35107,0.0009765625,10
35108,0.0009765625,10
35109,0.0009765625,10
35110,0.0009765625,10
35111,0.001953125,9
35112,0.0009765625,10
35113,0.0009765625,10
35114,0.0009765625,10
35115,0.001953125,9
35116,0.0009765625,10
35117,0.0009765625,10
35118,0.0009765625,10
35119,0.001953125,9
35120,0.0009765625,10
35121,0.0009765625,10
35122,0.0009765625,10
35123,0.0009765625,10
35124,0.001953125,9
35125,0.0009765625,10
35126,0.0009765625,10
35127,0.0009765625,10
35128,0.001953125,9
35129,0.0009765625,10
35130,0.0009765625,10
35131,0.0009765625,10
35132,0.0009765625,10
35133,0.001953125,9
35134,0.0009765625,10
35135,0.0009765625,10
35136,0.0009765625,10
35137,0.001953125,9
35138,0.0009765625,10
35139,0.0009765625,10
35140,0.0009765625,10
35141,0.001953125,9
35142,0.0009765625,10
35143,0.0009765625,10
35144,0.0009765625,10
35145,0.0009765625,10
35146,0.001953125,9
35147,0.0009765625,10
35148,0.0009765625,10
35149,0.0009765625,10
35150,0.001953125,9
35151,0.0009765625,10
35152,0.0009765625,10
35153,0.0009765625,10
35154,0.001953125,9
35155,0.0009765625,10
35156,0.0009765625,10
35157,0.0009765625,10
35158,0.0009765625,10
35159,0.001953125,9
35160,0.0009765625,10
35161,0.0009765625,10
35162,0.0009765625,10
35163,0.001953125,9
35164,0.0009765625,10
35165,0.0009765625,10
35166,0.0009765625,10
35167,0.0009765625,10
35168,0.001953125,9
35169,0.0009765625,10
35170,0.0009765625,10
35171,0.0009765625,10
35172,0.001953125,9
35173,0.0009765625,10
35174,0.0009765625,10
35175,0.0009765625,10
35176,0.001953125,9
35177,0.0009765625,10
35178,0.0009765625,10
35179,0.0009765625,10
35180,0.0009765625,10
35181,0.001953125,9
35182,0.0009765625,10
35183,0.0009765625,10
35184,0.0009765625,10
35185,0.001953125,9
35186,0.0009765625,10
35187,0.0009765625,10
35188,0.0009765625,10
35189,0.001953125,9
35190,0.0009765625,10
35191,0.0009765625,10
35192,0.0009765625,10
35193,0.0009765625,10
35194,0.001953125,9
35195,0.0009765625,10
35196,0.0009765625,10
35197,0.0009765625,10
35198,0.001953125,9
35199,0.0009765625,10
35200,0.0009765625,10
35201,0.0009765625,10
35202,0.001953125,9
35203,0.0009765625,10
35204,0.0009765625,10
35205,0.0009765625,10
35206,0.0009765625,10
35207,0.001953125,9
35208,0.0009765625,10
35209,0.0009765625,10
35210,0.0009765625,10
35211,0.001953125,9
35212,0.0009765625,10
35213,0.0009765625,10
35214,0.0009765625,10
35215,0.0009765625,10
35216,0.001953125,9
35217,0.0009765625,10
35218,0.0009765625,10
35219,0.0009765625,10
35220,0.001953125,9
35221,0.0009765625,10
35222,0.0009765625,10
35223,0.0009765625,10
35224,0.001953125,9
35225,0.0009765625,10
35226,0.0009765625,10
35227,0.0009765625,10
35228,0.0009765625,10
35229,0.001953125,9
35230,0.0009765625,10
35231,0.0009765625,10
35232,0.0009765625,10
35233,0.001953125,9
35234,0.0009765625,10
35235,0.0009765625,10
35236,0.0009765625,10
35237,0.001953125,9
35238,0.0009765625,10
35239,0.0009765625,10
35240,0.0009765625,10
35241,0.0009765625,10
35242,0.001953125,9
35243,0.0009765625,10
35244,0.0009765625,10
35245,0.0009765625,10
35246,0.001953125,9
35247,0.0009765625,10
35248,0.0009765625,10
35249,0.0009765625,10
35250,0.0009765625,10
35251,0.001953125,9
35252,0.0009765625,10
35253,0.0009765625,10
35254,0.0009765625,10
35255,0.001953125,9
35256,0.0009765625,10
35257,0.0009765625,10
35258,0.0009765625,10
35259,0.001953125,9
35260,0.0009765625,10
35261,0.0009765625,10
35262,0.0009765625,10
35263,0.0009765625,10
35264,0.001953125,9
35265,0.0009765625,10
35266,0.0009765625,10
35267,0.0009765625,10
35268,0.001953125,9
35269,0.0009765625,10
35270,0.0009765625,10
35271,0.0009765625,10
35272,0.001953125,9
35273,0.0009765625,10
35274,0.0009765625,10
35275,0.0009765625,10
35276,0.0009765625,10
35277,0.001953125,9
35278,0.0009765625,10
35279,0.0009765625,10
35280,0.0009765625,10
35281,0.001953125,9
35282,0.0009765625,10
35283,0.0009765625,10
35284,0.0009765625,10
35285,0.001953125,9
35286,0.0009765625,10
35287,0.0009765625,10
35288,0.0009765625,10
35289,0.0009765625,10
35290,0.001953125,9
35291,0.0009765625,10
35292,0.0009765625,10
35293,0.0009765625,10
35294,0.001953125,9
35295,0.0009765625,10
35296,0.0009765625,10
35297,0.0009765625,10
35298,0.0009765625,10
35299,0.001953125,9
35300,0.0009765625,10
35301,0.0009765625,10
35302,0.0009765625,10
35303,0.001953125,9
35304,0.0009765625,10
35305,0.0009765625,10
35306,0.0009765625,10
35307,0.001953125,9
35308,0.0009765625,10
35309,0.0009765625,10
35310,0.0009765625,10
35311,0.0009765625,10
35312,0.001953125,9
35313,0.0009765625,10
35314,0.0009765625,10
35315,0.0009765625,10
35316,0.001953125,9
35317,0.0009765625,10
35318,0.0009765625,10
35319,0.0009765625,10
35320,0.001953125,9
35321,0.0009765625,10
35322,0.0009765625,10
35323,0.0009765625,10
35324,0.0009765625,10
35325,0.001953125,9
35326,0.0009765625,10
35327,0.0009765625,10
35328,0.0009765625,10
35329,0.001953125,9
35330,0.0009765625,10
35331,0.0009765625,10
35332,0.0009765625,10
35333,0.0009765625,10
35334,0.001953125,9
35335,0.0009765625,10
35336,0.0009765625,10
35337,0.0009765625,10
35338,0.001953125,9
35339,0.0009765625,10
35340,0.0009765625,10
35341,0.0009765625,10
35342,0.001953125,9
35343,0.0009765625,10
35344,0.0009765625,10
35345,0.0009765625,10
35346,0.0009765625,10
35347,0.001953125,9
35348,0.0009765625,10
35349,0.0009765625,10
35350,0.0009765625,10
35351,0.001953125,9
35352,0.0009765625,10
35353,0.0009765625,10
35354,0.0009765625,10
35355,0.001953125,9
35356,0.0009765625,10
35357,0.0009765625,10
35358,0.0009765625,10
35359,0.0009765625,10
35360,0.001953125,9
35361,0.0009765625,10
35362,0.0009765625,10
35363,0.0009765625,10
35364,0.001953125,9
35365,0.0009765625,10
35366,0.0009765625,10
35367,0.0009765625,10
35368,0.001953125,9
35369,0.0009765625,10
35370,0.0009765625,10
35371,0.0009765625,10
35372,0.0009765625,10
35373,0.001953125,9
35374,0.0009765625,10
35375,0.0009765625,10
35376,0.0009765625,10
35377,0.001953125,9
35378,0.0009765625,10
35379,0.0009765625,10
35380,0.0009765625,10
35381,0.0009765625,10
35382,0.001953125,9
35383,0.0009765625,10
35384,0.0009765625,10
35385,0.0009765625,10
35386,0.001953125,9
35387,0.0009765625,10
35388,0.0009765625,10
35389,0.0009765625,10
35390,0.001953125,9
35391,0.0009765625,10
35392,0.0009765625,10
35393,0.0009765625,10
35394,0.0009765625,10
35395,0.001953125,9
35396,0.0009765625,10
35397,0.0009765625,10
35398,0.0009765625,10
35399,0.001953125,9
35400,0.0009765625,10
35401,0.0009765625,10
35402,0.0009765625,10
35403,0.001953125,9
35404,0.0009765625,10
35405,0.0009765625,10
35406,0.0009765625,10
35407,0.0009765625,10
35408,0.001953125,9
35409,0.0009765625,10
35410,0.0009765625,10
35411,0.0009765625,10
35412,0.001953125,9
35413,0.0009765625,10
35414,0.0009765625,10
35415,0.0009765625,10
35416,0.0009765625,10
35417,0.001953125,9
35418,0.0009765625,10
35419,0.0009765625,10
35420,0.0009765625,10
35421,0.001953125,9
35422,0.0009765625,10
35423,0.0009765625,10
35424,0.0009765625,10
35425,0.001953125,9
35426,0.0009765625,10
35427,0.0009765625,10
35428,0.0009765625,10
35429,0.0009765625,10
35430,0.001953125,9
35431,0.0009765625,10
35432,0.0009765625,10
35433,0.0009765625,10
35434,0.001953125,9
35435,0.0009765625,10
35436,0.0009765625,10
35437,0.0009765625,10
35438,0.001953125,9
35439,0.0009765625,10
35440,0.0009765625,10
35441,0.0009765625,10
35442,0.0009765625,10
35443,0.001953125,9
35444,0.0009765625,10
35445,0.0009765625,10
35446,0.0009765625,10
35447,0.001953125,9
35448,0.0009765625,10
35449,0.0009765625,10
35450,0.0009765625,10
35451,0.001953125,9
35452,0.0009765625,10
35453,0.0009765625,10
35454,0.0009765625,10
35455,0.0009765625,10
35456,0.001953125,9
35457,0.0009765625,10
35458,0.0009765625,10
35459,0.0009765625,10
35460,0.001953125,9
35461,0.0009765625,10
35462,0.0009765625,10
35463,0.0009765625,10
35464,0.0009765625,10
35465,0.001953125,9
35466,0.0009765625,10
35467,0.0009765625,10
35468,0.0009765625,10
35469,0.001953125,9
35470,0.0009765625,10
35471,0.0009765625,10
35472,0.0009765625,10
35473,0.001953125,9
35474,0.0009765625,10
35475,0.0009765625,10
35476,0.0009765625,10
35477,0.0009765625,10
35478,0.001953125,9
35479,0.0009765625,10
35480,0.0009765625,10
35481,0.0009765625,10
35482,0.001953125,9
35483,0.0009765625,10
35484,0.0009765625,10
35485,0.0009765625,10
35486,0.001953125,9
35487,0.0009765625,10
35488,0.0009765625,10
35489,0.0009765625,10
35490,0.0009765625,10
35491,0.001953125,9
35492,0.0009765625,10
35493,0.0009765625,10
35494,0.0009765625,10
35495,0.001953125,9
35496,0.0009765625,10
35497,0.0009765625,10
35498,0.0009765625,10
35499,0.0009765625,10
35500,0.001953125,9
35501,0.0009765625,10
35502,0.0009765625,10
35503,0.0009765625,10
35504,0.001953125,9
35505,0.0009765625,10
35506,0.0009765625,10
35507,0.0009765625,10
35508,0.001953125,9
35509,0.0009765625,10
35510,0.0009765625,10
35511,0.0009765625,10
35512,0.0009765625,10
35513,0.001953125,9
35514,0.0009765625,10
35515,0.0009765625,10
35516,0.0009765625,10
35517,0.001953125,9
35518,0.0009765625,10
35519,0.0009765625,10
35520,0.0009765625,10
35521,0.001953125,9
35522,0.0009765625,10
35523,0.0009765625,10
35524,0.0009765625,10
35525,0.0009765625,10
35526,0.001953125,9
35527,0.0009765625,10
35528,0.0009765625,10
35529,0.0009765625,10
35530,0.001953125,9
35531,0.0009765625,10
35532,0.0009765625,10
35533,0.0009765625,10
35534,0.001953125,9
35535,0.0009765625,10
35536,0.0009765625,10
35537,0.0009765625,10
35538,0.0009765625,10
35539,0.001953125,9
35540,0.0009765625,10
35541,0.0009765625,10
35542,0.0009765625,10
35543,0.001953125,9
35544,0.0009765625,10
35545,0.0009765625,10
35546,0.0009765625,10
35547,0.0009765625,10
35548,0.001953125,9
35549,0.0009765625,10
35550,0.0009765625,10
35551,0.0009765625,10
35552,0.001953125,9
35553,0.0009765625,10
35554,0.0009765625,10
35555,0.0009765625,10
35556,0.001953125,9
35557,0.0009765625,10
35558,0.0009765625,10
35559,0.0009765625,10
35560,0.0009765625,10
35561,0.001953125,9
35562,0.0009765625,10
35563,0.0009765625,10
35564,0.0009765625,10
35565,0.001953125,9
35566,0.0009765625,10
35567,0.0009765625,10
35568,0.0009765625,10
35569,0.001953125,9
35570,0.0009765625,10
35571,0.0009765625,10
35572,0.0009765625,10
35573,0.0009765625,10
35574,0.001953125,9
35575,0.0009765625,10
35576,0.0009765625,10
35577,0.0009765625,10
35578,0.001953125,9
35579,0.0009765625,10
35580,0.0009765625,10
35581,0.0009765625,10
35582,0.0009765625,10
35583,0.001953125,9
35584,0.0009765625,10
35585,0.0009765625,10
35586,0.0009765625,10
35587,0.001953125,9
35588,0.0009765625,10
35589,0.0009765625,10
35590,0.0009765625,10
35591,0.001953125,9
35592,0.0009765625,10
35593,0.0009765625,10
35594,0.0009765625,10
35595,0.0009765625,10
35596,0.001953125,9
35597,0.0009765625,10
35598,0.0009765625,10
35599,0.0009765625,10
35600,0.001953125,9
35601,0.0009765625,10
35602,0.0009765625,10
35603,0.0009765625,10
35604,0.001953125,9
35605,0.0009765625,10
35606,0.0009765625,10
35607,0.0009765625,10
35608,0.0009765625,10
35609,0.001953125,9
35610,0.0009765625,10
35611,0.0009765625,10
35612,0.0009765625,10
35613,0.001953125,9
35614,0.0009765625,10
35615,0.0009765625,10
35616,0.0009765625,10
35617,0.001953125,9
35618,0.0009765625,10
35619,0.0009765625,10
35620,0.0009765625,10
35621,0.0009765625,10
35622,0.001953125,9
35623,0.0009765625,10
35624,0.0009765625,10
35625,0.0009765625,10
35626,0.001953125,9
35627,0.0009765625,10
35628,0.0009765625,10
35629,0.0009765625,10
35630,0.0009765625,10
35631,0.001953125,9
35632,0.0009765625,10
35633,0.0009765625,10
35634,0.0009765625,10
35635,0.001953125,9
35636,0.0009765625,10
35637,0.0009765625,10
35638,0.0009765625,10
35639,0.001953125,9
35640,0.0009765625,10
35641,0.0009765625,10
35642,0.0009765625,10
35643,0.0009765625,10
35644,0.001953125,9
35645,0.0009765625,10
35646,0.0009765625,10
35647,0.0009765625,10
35648,0.001953125,9
35649,0.0009765625,10
35650,0.0009765625,10
35651,0.0009765625,10
35652,0.001953125,9
35653,0.0009765625,10
35654,0.0009765625,10
35655,0.0009765625,10
35656,0.0009765625,10
35657,0.001953125,9
35658,0.0009765625,10
35659,0.0009765625,10
35660,0.0009765625,10
35661,0.001953125,9
35662,0.0009765625,10
35663,0.0009765625,10
35664,0.0009765625,10
35665,0.0009765625,10
35666,0.001953125,9
35667,0.0009765625,10
35668,0.0009765625,10
35669,0.0009765625,10
35670,0.001953125,9
35671,0.0009765625,10
35672,0.0009765625,10
35673,0.0009765625,10
35674,0.001953125,9
35675,0.0009765625,10
35676,0.0009765625,10
35677,0.0009765625,10
35678,0.0009765625,10
35679,0.001953125,9
35680,0.0009765625,10
35681,0.0009765625,10
35682,0.0009765625,10
35683,0.001953125,9
35684,0.0009765625,10
35685,0.0009765625,10
35686,0.0009765625,10
35687,0.001953125,9
35688,0.0009765625,10
35689,0.0009765625,10
35690,0.0009765625,10
35691,0.0009765625,10
35692,0.001953125,9
35693,0.0009765625,10
35694,0.0009765625,10
35695,0.0009765625,10
35696,0.001953125,9
35697,0.0009765625,10
35698,0.0009765625,10
35699,0.0009765625,10
35700,0.001953125,9
35701,0.0009765625,10
35702,0.0009765625,10
35703,0.0009765625,10
35704,0.0009765625,10
35705,0.001953125,9
35706,0.0009765625,10
35707,0.0009765625,10
35708,0.0009765625,10
35709,0.001953125,9
35710,0.0009765625,10
35711,0.0009765625,10
35712,0.0009765625,10
35713,0.0009765625,10
35714,0.001953125,9
35715,0.0009765625,10
35716,0.0009765625,10
35717,0.0009765625,10
35718,0.001953125,9
35719,0.0009765625,10
35720,0.0009765625,10
35721,0.0009765625,10
35722,0.001953125,9
35723,0.0009765625,10
35724,0.0009765625,10
35725,0.0009765625,10
35726,0.0009765625,10
35727,0.001953125,9
35728,0.0009765625,10
35729,0.0009765625,10
35730,0.0009765625,10
35731,0.001953125,9
35732,0.0009765625,10
35733,0.0009765625,10
35734,0.0009765625,10
35735,0.001953125,9
35736,0.0009765625,10
35737,0.0009765625,10
35738,0.0009765625,10
35739,0.0009765625,10
35740,0.001953125,9
35741,0.0009765625,10
35742,0.0009765625,10
35743,0.0009765625,10
35744,0.001953125,9
35745,0.0009765625,10
35746,0.0009765625,10
35747,0.0009765625,10
35748,0.0009765625,10
35749,0.001953125,9
35750,0.0009765625,10
35751,0.0009765625,10
35752,0.0009765625,10
35753,0.001953125,9
35754,0.0009765625,10
35755,0.0009765625,10
35756,0.0009765625,10
35757,0.001953125,9
35758,0.0009765625,10
35759,0.0009765625,10
35760,0.0009765625,10
35761,0.0009765625,10
35762,0.001953125,9
35763,0.0009765625,10
35764,0.0009765625,10
35765,0.0009765625,10
35766,0.001953125,9
35767,0.0009765625,10
35768,0.0009765625,10
35769,0.0009765625,10
35770,0.001953125,9
35771,0.0009765625,10
35772,0.0009765625,10
35773,0.0009765625,10
35774,0.0009765625,10
35775,0.001953125,9
35776,0.0009765625,10
35777,0.0009765625,10
35778,0.0009765625,10
35779,0.001953125,9
35780,0.0009765625,10
35781,0.0009765625,10
35782,0.0009765625,10
35783,0.001953125,9
35784,0.0009765625,10
35785,0.0009765625,10
35786,0.0009765625,10
35787,0.0009765625,10
35788,0.001953125,9
35789,0.0009765625,10
35790,0.0009765625,10
35791,0.0009765625,10
35792,0.001953125,9
35793,0.0009765625,10
35794,0.0009765625,10
35795,0.0009765625,10
35796,0.0009765625,10
35797,0.001953125,9
35798,0.0009765625,10
35799,0.0009765625,10
35800,0.0009765625,10
35801,0.001953125,9
35802,0.0009765625,10
35803,0.0009765625,10
35804,0.0009765625,10
35805,0.001953125,9
35806,0.0009765625,10
35807,0.0009765625,10
35808,0.0009765625,10
35809,0.0009765625,10
35810,0.001953125,9
35811,0.0009765625,10
35812,0.0009765625,10
35813,0.0009765625,10
35814,0.001953125,9
35815,0.0009765625,10
35816,0.0009765625,10
35817,0.0009765625,10
35818,0.001953125,9
35819,0.0009765625,10
35820,0.0009765625,10
35821,0.0009765625,10
35822,0.0009765625,10
35823,0.001953125,9
35824,0.0009765625,10
35825,0.0009765625,10
35826,0.0009765625,10
35827,0.001953125,9
35828,0.0009765625,10
35829,0.0009765625,10
35830,0.0009765625,10
35831,0.0009765625,10
35832,0.001953125,9
35833,0.0009765625,10
35834,0.0009765625,10
35835,0.0009765625,10
35836,0.001953125,9
35837,0.0009765625,10
35838,0.0009765625,10
35839,0.0009765625,10
35840,0.001953125,9
35841,0.0009765625,10
35842,0.0009765625,10
35843,0.0009765625,10
35844,0.0009765625,10
35845,0.001953125,9
35846,0.0009765625,10
35847,0.0009765625,10
35848,0.0009765625,10
35849,0.001953125,9
35850,0.0009765625,10
35851,0.0009765625,10
35852,0.0009765625,10
35853,0.001953125,9
35854,0.0009765625,10
35855,0.0009765625,10
35856,0.0009765625,10
35857,0.0009765625,10
35858,0.001953125,9
35859,0.0009765625,10
35860,0.0009765625,10
35861,0.0009765625,10
35862,0.001953125,9
35863,0.0009765625,10
35864,0.0009765625,10
35865,0.0009765625,10
35866,0.001953125,9
35867,0.0009765625,10
35868,0.0009765625,10
35869,0.0009765625,10
35870,0.0009765625,10
35871,0.001953125,9
35872,0.0009765625,10
35873,0.0009765625,10
35874,0.0009765625,10
35875,0.001953125,9
35876,0.0009765625,10
35877,0.0009765625,10
35878,0.0009765625,10
35879,0.0009765625,10
35880,0.001953125,9
35881,0.0009765625,10
35882,0.0009765625,10
35883,0.0009765625,10
35884,0.001953125,9
35885,0.0009765625,10
35886,0.0009765625,10
35887,0.0009765625,10
35888,0.001953125,9
35889,0.0009765625,10
35890,0.0009765625,10
35891,0.0009765625,10
35892,0.0009765625,10
35893,0.001953125,9
35894,0.0009765625,10
35895,0.0009765625,10
35896,0.0009765625,10
35897,0.001953125,9
35898,0.0009765625,10
35899,0.0009765625,10
35900,0.0009765625,10
35901,0.001953125,9
35902,0.0009765625,10
35903,0.0009765625,10
35904,0.0009765625,10
35905,0.0009765625,10
35906,0.001953125,9
35907,0.0009765625,10
35908,0.0009765625,10
35909,0.0009765625,10
35910,0.001953125,9
35911,0.0009765625,10
35912,0.0009765625,10
35913,0.0009765625,10
35914,0.0009765625,10
35915,0.001953125,9
35916,0.0009765625,10
35917,0.0009765625,10
35918,0.0009765625,10
35919,0.001953125,9
35920,0.0009765625,10
35921,0.0009765625,10
35922,0.0009765625,10
35923,0.001953125,9
35924,0.0009765625,10
35925,0.0009765625,10
35926,0.0009765625,10
35927,0.0009765625,10
35928,0.001953125,9
35929,0.0009765625,10
35930,0.0009765625,10
35931,0.0009765625,10
35932,0.001953125,9
35933,0.0009765625,10
35934,0.0009765625,10
35935,0.0009765625,10
35936,0.001953125,9
35937,0.0009765625,10
35938,0.0009765625,10
35939,0.0009765625,10
35940,0.0009765625,10
35941,0.001953125,9
35942,0.0009765625,10
35943,0.0009765625,10
35944,0.0009765625,10
35945,0.001953125,9
35946,0.0009765625,10
35947,0.0009765625,10
35948,0.0009765625,10
35949,0.001953125,9
35950,0.0009765625,10
35951,0.0009765625,10
35952,0.0009765625,10
35953,0.0009765625,10
35954,0.001953125,9
35955,0.0009765625,10
35956,0.0009765625,10
35957,0.0009765625,10
35958,0.001953125,9
35959,0.0009765625,10
35960,0.0009765625,10
35961,0.0009765625,10
35962,0.0009765625,10
35963,0.001953125,9
35964,0.0009765625,10
35965,0.0009765625,10
35966,0.0009765625,10
35967,0.001953125,9
35968,0.0009765625,10
35969,0.0009765625,10
35970,0.0009765625,10
35971,0.001953125,9
35972,0.0009765625,10
35973,0.0009765625,10
35974,0.0009765625,10
35975,0.0009765625,10
35976,0.001953125,9
35977,0.0009765625,10
35978,0.0009765625,10
35979,0.0009765625,10
35980,0.001953125,9
35981,0.0009765625,10
35982,0.0009765625,10
35983,0.0009765625,10
35984,0.001953125,9
35985,0.0009765625,10
35986,0.0009765625,10
35987,0.0009765625,10
35988,0.0009765625,10
35989,0.001953125,9
35990,0.0009765625,10
35991,0.0009765625,10
35992,0.0009765625,10
35993,0.001953125,9
35994,0.0009765625,10
35995,0.0009765625,10
35996,0.0009765625,10
35997,0.0009765625,10
35998,0.001953125,9
35999,0.0009765625,10
36000,0.0009765625,10
36001,0.0009765625,10
36002,0.001953125,9
36003,0.0009765625,10
36004,0.0009765625,10
36005,0.0009765625,10
36006,0.001953125,9
36007,0.0009765625,10
36008,0.0009765625,10
36009,0.0009765625,10
36010,0.0009765625,10
36011,0.001953125,9
36012,0.0009765625,10
36013,0.0009765625,10
36014,0.0009765625,10
36015,0.001953125,9
36016,0.0009765625,10
36017,0.0009765625,10
36018,0.0009765625,10
36019,0.001953125,9
36020,0.0009765625,10
36021,0.0009765625,10
36022,0.0009765625,10
36023,0.0009765625,10
36024,0.001953125,9
36025,0.0009765625,10
36026,0.0009765625,10
36027,0.0009765625,10
36028,0.001953125,9
36029,0.0009765625,10
36030,0.0009765625,10
36031,0.0009765625,10
36032,0.001953125,9
36033,0.0009765625,10
36034,0.0009765625,10
36035,0.0009765625,10
36036,0.0009765625,10
36037,0.001953125,9
36038,0.0009765625,10
36039,0.0009765625,10
36040,0.0009765625,10
36041,0.001953125,9
36042,0.0009765625,10
36043,0.0009765625,10
36044,0.0009765625,10
36045,0.0009765625,10
36046,0.001953125,9
36047,0.0009765625,10
36048,0.0009765625,10
36049,0.0009765625,10
36050,0.001953125,9
36051,0.0009765625,10
36052,0.0009765625,10
36053,0.0009765625,10
36054,0.001953125,9
36055,0.0009765625,10
36056,0.0009765625,10
36057,0.0009765625,10
36058,0.0009765625,10
36059,0.001953125,9
36060,0.0009765625,10
36061,0.0009765625,10
36062,0.0009765625,10
36063,0.001953125,9
36064,0.0009765625,10
36065,0.0009765625,10
36066,0.0009765625,10
36067,0.001953125,9
36068,0.0009765625,10
36069,0.0009765625,10
36070,0.0009765625,10
36071,0.0009765625,10
36072,0.001953125,9
36073,0.0009765625,10
36074,0.0009765625,10
36075,0.0009765625,10
36076,0.001953125,9
36077,0.0009765625,10
36078,0.0009765625,10
36079,0.0009765625,10
36080,0.0009765625,10
36081,0.001953125,9
36082,0.0009765625,10
36083,0.0009765625,10
36084,0.0009765625,10
36085,0.001953125,9
36086,0.0009765625,10
36087,0.0009765625,10
36088,0.0009765625,10
36089,0.001953125,9
36090,0.0009765625,10
36091,0.0009765625,10
36092,0.0009765625,10
36093,0.0009765625,10
36094,0.001953125,9
36095,0.0009765625,10
36096,0.0009765625,10
36097,0.0009765625,10
36098,0.001953125,9
36099,0.0009765625,10
36100,0.0009765625,10
36101,0.0009765625,10
36102,0.001953125,9
36103,0.0009765625,10
36104,0.0009765625,10
36105,0.0009765625,10
36106,0.0009765625,10
36107,0.001953125,9
36108,0.0009765625,10
36109,0.0009765625,10
36110,0.0009765625,10
36111,0.001953125,9
36112,0.0009765625,10
36113,0.0009765625,10
36114,0.0009765625,10
36115,0.001953125,9
36116,0.0009765625,10
36117,0.0009765625,10
36118,0.0009765625,10
36119,0.0009765625,10
36120,0.001953125,9
36121,0.0009765625,10
36122,0.0009765625,10
36123,0.0009765625,10
36124,0.001953125,9
36125,0.0009765625,10
36126,0.0009765625,10
36127,0.0009765625,10
36128,0.0009765625,10
36129,0.001953125,9
36130,0.0009765625,10
36131,0.0009765625,10
36132,0.0009765625,10
36133,0.001953125,9
36134,0.0009765625,10
36135,0.0009765625,10
36136,0.0009765625,10
36137,0.001953125,9
36138,0.0009765625,10
36139,0.0009765625,10
36140,0.0009765625,10
36141,0.0009765625,10
36142,0.001953125,9
36143,0.0009765625,10
36144,0.0009765625,10
36145,0.0009765625,10
36146,0.001953125,9
36147,0.0009765625,10
36148,0.0009765625,10
36149,0.0009765625,10
36150,0.001953125,9
36151,0.0009765625,10
36152,0.0009765625,10
36153,0.0009765625,10
36154,0.0009765625,10
36155,0.001953125,9
36156,0.0009765625,10
36157,0.0009765625,10
36158,0.0009765625,10
36159,0.001953125,9
36160,0.0009765625,10
36161,0.0009765625,10
36162,0.0009765625,10
36163,0.0009765625,10
36164,0.001953125,9
36165,0.0009765625,10
36166,0.0009765625,10
36167,0.0009765625,10
36168,0.001953125,9
36169,0.0009765625,10
36170,0.0009765625,10
36171,0.0009765625,10
36172,0.001953125,9
36173,0.0009765625,10
36174,0.0009765625,10
36175,0.0009765625,10
36176,0.0009765625,10
36177,0.001953125,9
36178,0.0009765625,10
36179,0.0009765625,10
36180,0.0009765625,10
36181,0.001953125,9
36182,0.0009765625,10
36183,0.0009765625,10
36184,0.0009765625,10
36185,0.001953125,9
36186,0.0009765625,10
36187,0.0009765625,10
36188,0.0009765625,10
36189,0.0009765625,10
36190,0.001953125,9
36191,0.0009765625,10
36192,0.0009765625,10
36193,0.0009765625,10
36194,0.001953125,9
36195,0.0009765625,10
36196,0.0009765625,10
36197,0.0009765625,10
36198,0.001953125,9
36199,0.0009765625,10
36200,0.0009765625,10
36201,0.0009765625,10
36202,0.0009765625,10
36203,0.001953125,9
36204,0.0009765625,10
36205,0.0009765625,10
36206,0.0009765625,10
36207,0.001953125,9
36208,0.0009765625,10
36209,0.0009765625,10
36210,0.0009765625,10
36211,0.0009765625,10
36212,0.001953125,9
36213,0.0009765625,10
36214,0.0009765625,10
36215,0.0009765625,10
36216,0.001953125,9
36217,0.0009765625,10
36218,0.0009765625,10
36219,0.0009765625,10
36220,0.001953125,9
36221,0.0009765625,10
36222,0.0009765625,10
36223,0.0009765625,10
36224,0.0009765625,10
36225,0.001953125,9
36226,0.0009765625,10
36227,0.0009765625,10
36228,0.0009765625,10
36229,0.001953125,9
36230,0.0009765625,10
36231,0.0009765625,10
36232,0.0009765625,10
36233,0.001953125,9
36234,0.0009765625,10
36235,0.0009765625,10
36236,0.0009765625,10
36237,0.0009765625,10
36238,0.001953125,9
36239,0.0009765625,10
36240,0.0009765625,10
36241,0.0009765625,10
36242,0.001953125,9
36243,0.0009765625,10
36244,0.0009765625,10
36245,0.0009765625,10
36246,0.0009765625,10
36247,0.001953125,9
36248,0.0009765625,10
36249,0.0009765625,10
36250,0.0009765625,10
36251,0.001953125,9
36252,0.0009765625,10
36253,0.0009765625,10
36254,0.0009765625,10
36255,0.001953125,9
36256,0.0009765625,10
36257,0.0009765625,10
36258,0.0009765625,10
36259,0.0009765625,10
36260,0.001953125,9
36261,0.0009765625,10
36262,0.0009765625,10
36263,0.0009765625,10
36264,0.001953125,9
36265,0.0009765625,10
36266,0.0009765625,10
36267,0.0009765625,10
36268,0.001953125,9
36269,0.0009765625,10
36270,0.0009765625,10
36271,0.0009765625,10
36272,0.0009765625,10
36273,0.001953125,9
36274,0.0009765625,10
36275,0.0009765625,10
36276,0.0009765625,10
36277,0.001953125,9
36278,0.0009765625,10
36279,0.0009765625,10
36280,0.0009765625,10
36281,0.001953125,9
36282,0.0009765625,10
36283,0.0009765625,10
36284,0.0009765625,10
36285,0.0009765625,10
36286,0.001953125,9
36287,0.0009765625,10
36288,0.0009765625,10
36289,0.0009765625,10
36290,0.001953125,9
36291,0.0009765625,10
36292,0.0009765625,10
36293,0.0009765625,10
36294,0.0009765625,10
36295,0.001953125,9
36296,0.0009765625,10
36297,0.0009765625,10
36298,0.0009765625,10
36299,0.001953125,9
36300,0.0009765625,10
36301,0.0009765625,10
36302,0.0009765625,10
36303,0.001953125,9
36304,0.0009765625,10
36305,0.0009765625,10
36306,0.0009765625,10
36307,0.0009765625,10
36308,0.001953125,9
36309,0.0009765625,10
36310,0.0009765625,10
36311,0.0009765625,10
36312,0.001953125,9
36313,0.0009765625,10
36314,0.0009765625,10
36315,0.0009765625,10
36316,0.001953125,9
36317,0.0009765625,10
36318,0.0009765625,10
36319,0.0009765625,10
36320,0.0009765625,10
36321,0.001953125,9
36322,0.0009765625,10
36323,0.0009765625,10
36324,0.0009765625,10
36325,0.001953125,9
36326,0.0009765625,10
36327,0.0009765625,10
36328,0.0009765625,10
36329,0.0009765625,10
36330,0.001953125,9
36331,0.0009765625,10
36332,0.0009765625,10
36333,0.0009765625,10
36334,0.001953125,9
36335,0.0009765625,10
36336,0.0009765625,10
36337,0.0009765625,10
36338,0.001953125,9
36339,0.0009765625,10
36340,0.0009765625,10
36341,0.0009765625,10
36342,0.0009765625,10
36343,0.001953125,9
36344,0.0009765625,10
36345,0.0009765625,10
36346,0.0009765625,10
36347,0.001953125,9
36348,0.0009765625,10
36349,0.0009765625,10
36350,0.0009765625,10
36351,0.001953125,9
36352,0.0009765625,10
36353,0.0009765625,10
36354,0.0009765625,10
36355,0.0009765625,10
36356,0.001953125,9
36357,0.0009765625,10
36358,0.0009765625,10
36359,0.0009765625,10
36360,0.001953125,9
36361,0.0009765625,10
36362,0.0009765625,10
36363,0.0009765625,10
36364,0.001953125,9
36365,0.0009765625,10
36366,0.0009765625,10
36367,0.0009765625,10
36368,0.0009765625,10
36369,0.001953125,9
36370,0.0009765625,10
36371,0.0009765625,10
36372,0.0009765625,10
36373,0.001953125,9
36374,0.0009765625,10
36375,0.0009765625,10
36376,0.0009765625,10
36377,0.0009765625,10
36378,0.001953125,9
36379,0.0009765625,10
36380,0.0009765625,10
36381,0.0009765625,10
36382,0.001953125,9
36383,0.0009765625,10
36384,0.0009765625,10
36385,0.0009765625,10
36386,0.001953125,9
36387,0.0009765625,10
36388,0.0009765625,10
36389,0.0009765625,10
36390,0.0009765625,10
36391,0.001953125,9
36392,0.0009765625,10
36393,0.0009765625,10
36394,0.0009765625,10
36395,0.001953125,9
36396,0.0009765625,10
36397,0.0009765625,10
36398,0.0009765625,10
36399,0.001953125,9
36400,0.0009765625,10
36401,0.0009765625,10
36402,0.0009765625,10
36403,0.0009765625,10
36404,0.001953125,9
36405,0.0009765625,10
36406,0.0009765625,10
36407,0.0009765625,10
36408,0.001953125,9
36409,0.0009765625,10
36410,0.0009765625,10
36411,0.0009765625,10
36412,0.0009765625,10
36413,0.001953125,9
36414,0.0009765625,10
36415,0.0009765625,10
36416,0.0009765625,10
36417,0.001953125,9
36418,0.0009765625,10
36419,0.0009765625,10
36420,0.0009765625,10
36421,0.001953125,9
36422,0.0009765625,10
36423,0.0009765625,10
36424,0.0009765625,10
36425,0.0009765625,10
36426,0.001953125,9
36427,0.0009765625,10
36428,0.0009765625,10
36429,0.0009765625,10
36430,0.001953125,9
36431,0.0009765625,10
36432,0.0009765625,10
36433,0.0009765625,10
36434,0.001953125,9
36435,0.0009765625,10
36436,0.0009765625,10
36437,0.0009765625,10
36438,0.0009765625,10
36439,0.001953125,9
36440,0.0009765625,10
36441,0.0009765625,10
36442,0.0009765625,10
36443,0.001953125,9
36444,0.0009765625,10
36445,0.0009765625,10
36446,0.0009765625,10
36447,0.001953125,9
36448,0.0009765625,10
36449,0.0009765625,10
36450,0.0009765625,10
36451,0.0009765625,10
36452,0.001953125,9
36453,0.0009765625,10
36454,0.0009765625,10
36455,0.0009765625,10
36456,0.001953125,9
36457,0.0009765625,10
36458,0.0009765625,10
36459,0.0009765625,10
36460,0.0009765625,10
36461,0.001953125,9
36462,0.0009765625,10
36463,0.0009765625,10
36464,0.0009765625,10
36465,0.001953125,9
36466,0.0009765625,10
36467,0.0009765625,10
36468,0.0009765625,10
36469,0.001953125,9
36470,0.0009765625,10
36471,0.0009765625,10
36472,0.0009765625,10
36473,0.0009765625,10
36474,0.001953125,9
36475,0.0009765625,10
36476,0.0009765625,10
36477,0.0009765625,10
36478,0.001953125,9
36479,0.0009765625,10
36480,0.0009765625,10
36481,0.0009765625,10
36482,0.001953125,9
36483,0.0009765625,10
36484,0.0009765625,10
36485,0.0009765625,10
36486,0.0009765625,10
36487,0.001953125,9
36488,0.0009765625,10
36489,0.0009765625,10
36490,0.0009765625,10
36491,0.001953125,9
36492,0.0009765625,10
36493,0.0009765625,10
36494,0.0009765625,10
36495,0.0009765625,10
36496,0.001953125,9
36497,0.0009765625,10
36498,0.0009765625,10
36499,0.0009765625,10
36500,0.001953125,9
36501,0.0009765625,10
36502,0.0009765625,10
36503,0.0009765625,10
36504,0.001953125,9
36505,0.0009765625,10
36506,0.0009765625,10
36507,0.0009765625,10
36508,0.0009765625,10
36509,0.001953125,9
36510,0.0009765625,10
36511,0.0009765625,10
36512,0.0009765625,10
36513,0.001953125,9
36514,0.0009765625,10
36515,0.0009765625,10
36516,0.0009765625,10
36517,0.001953125,9
36518,0.0009765625,10
36519,0.0009765625,10
36520,0.0009765625,10
36521,0.0009765625,10
36522,0.001953125,9
36523,0.0009765625,10
36524,0.0009765625,10
36525,0.0009765625,10
36526,0.001953125,9
36527,0.0009765625,10
36528,0.0009765625,10
36529,0.0009765625,10
36530,0.001953125,9
36531,0.0009765625,10
36532,0.0009765625,10
36533,0.0009765625,10
36534,0.0009765625,10
36535,0.001953125,9
36536,0.0009765625,10
36537,0.0009765625,10
36538,0.0009765625,10
36539,0.001953125,9
36540,0.0009765625,10
36541,0.0009765625,10
36542,0.0009765625,10
36543,0.0009765625,10
36544,0.001953125,9
36545,0.0009765625,10
36546,0.0009765625,10
36547,0.0009765625,10
36548,0.001953125,9
36549,0.0009765625,10
36550,0.0009765625,10
36551,0.0009765625,10
36552,0.001953125,9
36553,0.0009765625,10
36554,0.0009765625,10
36555,0.0009765625,10
36556,0.0009765625,10
36557,0.001953125,9
36558,0.0009765625,10
36559,0.0009765625,10
36560,0.0009765625,10
36561,0.001953125,9
36562,0.0009765625,10
36563,0.0009765625,10
36564,0.0009765625,10
36565,0.001953125,9
36566,0.0009765625,10
36567,0.0009765625,10
36568,0.0009765625,10
36569,0.0009765625,10
36570,0.001953125,9
36571,0.0009765625,10
36572,0.0009765625,10
36573,0.0009765625,10
36574,0.001953125,9
36575,0.0009765625,10
36576,0.0009765625,10
36577,0.0009765625,10
36578,0.0009765625,10
36579,0.001953125,9
36580,0.0009765625,10
36581,0.0009765625,10
36582,0.0009765625,10
36583,0.001953125,9
36584,0.0009765625,10
36585,0.0009765625,10
36586,0.0009765625,10
36587,0.001953125,9
36588,0.0009765625,10
36589,0.0009765625,10
36590,0.0009765625,10
36591,0.0009765625,10
36592,0.001953125,9
36593,0.0009765625,10
36594,0.0009765625,10
36595,0.0009765625,10
36596,0.001953125,9
36597,0.0009765625,10
36598,0.0009765625,10
36599,0.0009765625,10
36600,0.001953125,9
36601,0.0009765625,10
36602,0.0009765625,10
36603,0.0009765625,10
36604,0.0009765625,10
36605,0.001953125,9
36606,0.0009765625,10
36607,0.0009765625,10
36608,0.0009765625,10
36609,0.001953125,9
36610,0.0009765625,10
36611,0.0009765625,10
36612,0.0009765625,10
36613,0.001953125,9
36614,0.0009765625,10
36615,0.0009765625,10
36616,0.0009765625,10
36617,0.0009765625,10
36618,0.001953125,9
36619,0.0009765625,10
36620,0.0009765625,10
36621,0.0009765625,10
36622,0.001953125,9
36623,0.0009765625,10
36624,0.0009765625,10
36625,0.0009765625,10
36626,0.0009765625,10
36627,0.001953125,9
36628,0.0009765625,10
36629,0.0009765625,10
36630,0.0009765625,10
36631,0.001953125,9
36632,0.0009765625,10
36633,0.0009765625,10
36634,0.0009765625,10
36635,0.001953125,9
36636,0.0009765625,10
36637,0.0009765625,10
36638,0.0009765625,10
36639,0.0009765625,10
36640,0.001953125,9
36641,0.0009765625,10
36642,0.0009765625,10
36643,0.0009765625,10
36644,0.001953125,9
36645,0.0009765625,10
36646,0.0009765625,10
36647,0.0009765625,10
36648,0.001953125,9
36649,0.0009765625,10
36650,0.0009765625,10
36651,0.0009765625,10
36652,0.0009765625,10
36653,0.001953125,9
36654,0.0009765625,10
36655,0.0009765625,10
36656,0.0009765625,10
36657,0.001953125,9
36658,0.0009765625,10
36659,0.0009765625,10
36660,0.0009765625,10
36661,0.0009765625,10
36662,0.001953125,9
36663,0.0009765625,10
36664,0.0009765625,10
36665,0.0009765625,10
36666,0.001953125,9
36667,0.0009765625,10
36668,0.0009765625,10
36669,0.0009765625,10
36670,0.001953125,9
36671,0.0009765625,10
36672,0.0009765625,10
36673,0.0009765625,10
36674,0.0009765625,10
36675,0.001953125,9
36676,0.0009765625,10
36677,0.0009765625,10
36678,0.0009765625,10
36679,0.001953125,9
36680,0.0009765625,10
36681,0.0009765625,10
36682,0.0009765625,10
36683,0.001953125,9
36684,0.0009765625,10
36685,0.0009765625,10
36686,0.0009765625,10
36687,0.0009765625,10
36688,0.001953125,9
36689,0.0009765625,10
36690,0.0009765625,10
36691,0.0009765625,10
36692,0.001953125,9
36693,0.0009765625,10
36694,0.0009765625,10
36695,0.0009765625,10
36696,0.001953125,9
36697,0.0009765625,10
36698,0.0009765625,10
36699,0.0009765625,10
36700,0.0009765625,10
36701,0.001953125,9
36702,0.0009765625,10
36703,0.0009765625,10
36704,0.0009765625,10
36705,0.001953125,9
36706,0.0009765625,10
36707,0.0009765625,10
36708,0.0009765625,10
36709,0.0009765625,10
36710,0.001953125,9
36711,0.0009765625,10
36712,0.0009765625,10
36713,0.0009765625,10
36714,0.001953125,9
36715,0.0009765625,10
36716,0.0009765625,10
36717,0.0009765625,10
36718,0.001953125,9
36719,0.0009765625,10
36720,0.0009765625,10
36721,0.0009765625,10
36722,0.0009765625,10
36723,0.001953125,9
36724,0.0009765625,10
36725,0.0009765625,10
36726,0.0009765625,10
36727,0.001953125,9
36728,0.0009765625,10
36729,0.0009765625,10
36730,0.0009765625,10
36731,0.001953125,9
36732,0.0009765625,10
36733,0.0009765625,10
36734,0.0009765625,10
36735,0.0009765625,10
36736,0.001953125,9
36737,0.0009765625,10
36738,0.0009765625,10
36739,0.0009765625,10
36740,0.001953125,9
36741,0.0009765625,10
36742,0.0009765625,10
36743,0.0009765625,10
36744,0.0009765625,10
36745,0.001953125,9
36746,0.0009765625,10
36747,0.0009765625,10
36748,0.0009765625,10
36749,0.001953125,9
36750,0.0009765625,10
36751,0.0009765625,10
36752,0.0009765625,10
36753,0.001953125,9
36754,0.0009765625,10
36755,0.0009765625,10
36756,0.0009765625,10
36757,0.0009765625,10
36758,0.001953125,9
36759,0.0009765625,10
36760,0.0009765625,10
36761,0.0009765625,10
36762,0.001953125,9
36763,0.0009765625,10
36764,0.0009765625,10
36765,0.0009765625,10
36766,0.001953125,9
36767,0.0009765625,10
36768,0.0009765625,10
36769,0.0009765625,10
36770,0.0009765625,10
36771,0.001953125,9
36772,0.0009765625,10
36773,0.0009765625,10
36774,0.0009765625,10
36775,0.001953125,9
36776,0.0009765625,10
36777,0.0009765625,10
36778,0.0009765625,10
36779,0.001953125,9
36780,0.0009765625,10
36781,0.0009765625,10
36782,0.0009765625,10
36783,0.0009765625,10
36784,0.001953125,9
36785,0.0009765625,10
36786,0.0009765625,10
36787,0.0009765625,10
36788,0.001953125,9
36789,0.0009765625,10
36790,0.0009765625,10
36791,0.0009765625,10
36792,0.0009765625,10
36793,0.001953125,9
36794,0.0009765625,10
36795,0.0009765625,10
36796,0.0009765625,10
36797,0.001953125,9
36798,0.0009765625,10
36799,0.0009765625,10
36800,0.0009765625,10
36801,0.001953125,9
36802,0.0009765625,10
36803,0.0009765625,10
36804,0.0009765625,10
36805,0.0009765625,10
36806,0.001953125,9
36807,0.0009765625,10
36808,0.0009765625,10
36809,0.0009765625,10
36810,0.001953125,9
36811,0.0009765625,10
36812,0.0009765625,10
36813,0.0009765625,10
36814,0.001953125,9
36815,0.0009765625,10
36816,0.0009765625,10
36817,0.0009765625,10
36818,0.0009765625,10
36819,0.001953125,9
36820,0.0009765625,10
36821,0.0009765625,10
36822,0.0009765625,10
36823,0.001953125,9
36824,0.0009765625,10
36825,0.0009765625,10
36826,0.0009765625,10
36827,0.0009765625,10
36828,0.001953125,9
36829,0.0009765625,10
36830,0.0009765625,10
36831,0.0009765625,10
36832,0.001953125,9
36833,0.0009765625,10
36834,0.0009765625,10
36835,0.0009765625,10
36836,0.001953125,9
36837,0.0009765625,10
36838,0.0009765625,10
36839,0.0009765625,10
36840,0.0009765625,10
36841,0.001953125,9
36842,0.0009765625,10
36843,0.0009765625,10
36844,0.0009765625,10
36845,0.001953125,9
36846,0.0009765625,10
36847,0.0009765625,10
36848,0.0009765625,10
36849,0.001953125,9
36850,0.0009765625,10
36851,0.0009765625,10
36852,0.0009765625,10
36853,0.0009765625,10
36854,0.001953125,9
36855,0.0009765625,10
36856,0.0009765625,10
36857,0.0009765625,10
36858,0.001953125,9
36859,0.0009765625,10
36860,0.0009765625,10
36861,0.0009765625,10
36862,0.001953125,9
36863,0.0009765625,10
36864,0.0009765625,10
36865,0.0009765625,10
36866,0.0009765625,10
36867,0.001953125,9
36868,0.0009765625,10
36869,0.0009765625,10
36870,0.0009765625,10
36871,0.001953125,9
36872,0.0009765625,10
36873,0.0009765625,10
36874,0.0009765625,10
36875,0.0009765625,10
36876,0.001953125,9
36877,0.0009765625,10
36878,0.0009765625,10
36879,0.0009765625,10
36880,0.001953125,9
36881,0.0009765625,10
36882,0.0009765625,10
36883,0.0009765625,10
36884,0.001953125,9
36885,0.0009765625,10
36886,0.0009765625,10
36887,0.0009765625,10
36888,0.0009765625,10
36889,0.001953125,9
36890,0.0009765625,10
36891,0.0009765625,10
36892,0.0009765625,10
36893,0.001953125,9
36894,0.0009765625,10
36895,0.0009765625,10
36896,0.0009765625,10
36897,0.001953125,9
36898,0.0009765625,10
36899,0.0009765625,10
36900,0.0009765625,10
36901,0.0009765625,10
36902,0.001953125,9
36903,0.0009765625,10
36904,0.0009765625,10
36905,0.0009765625,10
36906,0.001953125,9
36907,0.0009765625,10
36908,0.0009765625,10
36909,0.0009765625,10
36910,0.0009765625,10
36911,0.001953125,9
36912,0.0009765625,10
36913,0.0009765625,10
36914,0.0009765625,10
36915,0.001953125,9
36916,0.0009765625,10
36917,0.0009765625,10
36918,0.0009765625,10
36919,0.001953125,9
36920,0.0009765625,10
36921,0.0009765625,10
36922,0.0009765625,10
36923,0.0009765625,10
36924,0.001953125,9
36925,0.0009765625,10
36926,0.0009765625,10
36927,0.0009765625,10
36928,0.001953125,9
36929,0.0009765625,10
36930,0.0009765625,10
36931,0.0009765625,10
36932,0.001953125,9
36933,0.0009765625,10
36934,0.0009765625,10
36935,0.0009765625,10
36936,0.0009765625,10
36937,0.001953125,9
36938,0.0009765625,10
36939,0.0009765625,10
36940,0.0009765625,10
36941,0.001953125,9
36942,0.0009765625,10
36943,0.0009765625,10
36944,0.0009765625,10
36945,0.001953125,9
36946,0.0009765625,10
36947,0.0009765625,10
36948,0.0009765625,10
36949,0.0009765625,10
36950,0.001953125,9
36951,0.0009765625,10
36952,0.0009765625,10
36953,0.0009765625,10
36954,0.001953125,9
36955,0.0009765625,10
36956,0.0009765625,10
36957,0.0009765625,10
36958,0.0009765625,10
36959,0.001953125,9
36960,0.0009765625,10
36961,0.0009765625,10
36962,0.0009765625,10
36963,0.001953125,9
36964,0.0009765625,10
36965,0.0009765625,10
36966,0.0009765625,10
36967,0.001953125,9
36968,0.0009765625,10
36969,0.0009765625,10
36970,0.0009765625,10
36971,0.0009765625,10
36972,0.001953125,9
36973,0.0009765625,10
36974,0.0009765625,10
36975,0.0009765625,10
36976,0.001953125,9
36977,0.0009765625,10
36978,0.0009765625,10
36979,0.0009765625,10
36980,0.001953125,9
36981,0.0009765625,10
36982,0.0009765625,10
36983,0.0009765625,10
36984,0.0009765625,10
36985,0.001953125,9
36986,0.0009765625,10
36987,0.0009765625,10
36988,0.0009765625,10
36989,0.001953125,9
36990,0.0009765625,10
36991,0.0009765625,10
36992,0.0009765625,10
36993,0.0009765625,10
36994,0.001953125,9
36995,0.0009765625,10
36996,0.0009765625,10
36997,0.0009765625,10
36998,0.001953125,9
36999,0.0009765625,10
37000,0.0009765625,10
37001,0.0009765625,10
37002,0.001953125,9
37003,0.0009765625,10
37004,0.0009765625,10
37005,0.0009765625,10
37006,0.0009765625,10
37007,0.001953125,9
37008,0.0009765625,10
37009,0.0009765625,10
37010,0.0009765625,10
37011,0.001953125,9
37012,0.0009765625,10
37013,0.0009765625,10
37014,0.0009765625,10
37015,0.001953125,9
37016,0.0009765625,10
37017,0.0009765625,10
37018,0.0009765625,10
37019,0.0009765625,10
37020,0.001953125,9
37021,0.0009765625,10
37022,0.0009765625,10
37023,0.0009765625,10
37024,0.001953125,9
37025,0.0009765625,10
37026,0.0009765625,10
37027,0.0009765625,10
37028,0.001953125,9
37029,0.0009765625,10
37030,0.0009765625,10
37031,0.0009765625,10
37032,0.0009765625,10
37033,0.001953125,9
37034,0.0009765625,10
37035,0.0009765625,10
37036,0.0009765625,10
37037,0.001953125,9
37038,0.0009765625,10
37039,0.0009765625,10
37040,0.0009765625,10
37041,0.0009765625,10
37042,0.001953125,9
37043,0.0009765625,10
37044,0.0009765625,10
37045,0.0009765625,10
37046,0.001953125,9
37047,0.0009765625,10
37048,0.0009765625,10
37049,0.0009765625,10
37050,0.001953125,9
37051,0.0009765625,10
37052,0.0009765625,10
37053,0.0009765625,10
37054,0.0009765625,10
37055,0.001953125,9
37056,0.0009765625,10
37057,0.0009765625,10
37058,0.0009765625,10
37059,0.001953125,9
37060,0.0009765625,10
37061,0.0009765625,10
37062,0.0009765625,10
37063,0.001953125,9
37064,0.0009765625,10
37065,0.0009765625,10
37066,0.0009765625,10
37067,0.0009765625,10
37068,0.001953125,9
37069,0.0009765625,10
37070,0.0009765625,10
37071,0.0009765625,10
37072,0.001953125,9
37073,0.0009765625,10
37074,0.0009765625,10
37075,0.0009765625,10
37076,0.0009765625,10
37077,0.001953125,9
37078,0.0009765625,10
37079,0.0009765625,10
37080,0.0009765625,10
37081,0.001953125,9
37082,0.0009765625,10
37083,0.0009765625,10
37084,0.0009765625,10
37085,0.001953125,9
37086,0.0009765625,10
37087,0.0009765625,10
37088,0.0009765625,10
37089,0.0009765625,10
37090,0.001953125,9
37091,0.0009765625,10
37092,0.0009765625,10
37093,0.0009765625,10
37094,0.001953125,9
37095,0.0009765625,10
37096,0.0009765625,10
37097,0.0009765625,10
37098,0.001953125,9
37099,0.0009765625,10
37100,0.0009765625,10
37101,0.0009765625,10
37102,0.0009765625,10
37103,0.001953125,9
37104,0.0009765625,10
37105,0.0009765625,10
37106,0.0009765625,10
37107,0.001953125,9
37108,0.0009765625,10
37109,0.0009765625,10
37110,0.0009765625,10
37111,0.001953125,9
37112,0.0009765625,10
37113,0.0009765625,10
37114,0.0009765625,10
37115,0.0009765625,10
37116,0.001953125,9
37117,0.0009765625,10
37118,0.0009765625,10
37119,0.0009765625,10
37120,0.001953125,9
37121,0.0009765625,10
37122,0.0009765625,10
37123,0.0009765625,10
37124,0.0009765625,10
37125,0.001953125,9
37126,0.0009765625,10
37127,0.0009765625,10
37128,0.0009765625,10
37129,0.001953125,9
37130,0.0009765625,10
37131,0.0009765625,10
37132,0.0009765625,10
37133,0.001953125,9
37134,0.0009765625,10
37135,0.0009765625,10
37136,0.0009765625,10
37137,0.0009765625,10
37138,0.001953125,9
37139,0.0009765625,10
37140,0.0009765625,10
37141,0.0009765625,10
37142,0.001953125,9
37143,0.0009765625,10
37144,0.0009765625,10
37145,0.0009765625,10
37146,0.001953125,9
37147,0.0009765625,10
37148,0.0009765625,10
37149,0.0009765625,10
37150,0.0009765625,10
37151,0.001953125,9
37152,0.0009765625,10
37153,0.0009765625,10
37154,0.0009765625,10
37155,0.001953125,9
37156,0.0009765625,10
37157,0.0009765625,10
37158,0.0009765625,10
37159,0.0009765625,10
37160,0.001953125,9
37161,0.0009765625,10
37162,0.0009765625,10
37163,0.0009765625,10
37164,0.001953125,9
37165,0.0009765625,10
37166,0.0009765625,10
37167,0.0009765625,10
37168,0.001953125,9
37169,0.0009765625,10
37170,0.0009765625,10
37171,0.0009765625,10
37172,0.0009765625,10
37173,0.001953125,9
37174,0.0009765625,10
37175,0.0009765625,10
37176,0.0009765625,10
37177,0.001953125,9
37178,0.0009765625,10
37179,0.0009765625,10
37180,0.0009765625,10
37181,0.001953125,9
37182,0.0009765625,10
37183,0.0009765625,10
37184,0.0009765625,10
37185,0.0009765625,10
37186,0.001953125,9
37187,0.0009765625,10
37188,0.0009765625,10
37189,0.0009765625,10
37190,0.001953125,9
37191,0.0009765625,10
37192,0.0009765625,10
37193,0.0009765625,10
37194,0.001953125,9
37195,0.0009765625,10
37196,0.0009765625,10
37197,0.0009765625,10
37198,0.0009765625,10
37199,0.001953125,9
37200,0.0009765625,10
37201,0.0009765625,10
37202,0.0009765625,10
37203,0.001953125,9
37204,0.0009765625,10
37205,0.0009765625,10
37206,0.0009765625,10
37207,0.0009765625,10
37208,0.001953125,9
37209,0.0009765625,10
37210,0.0009765625,10
37211,0.0009765625,10
37212,0.001953125,9
37213,0.0009765625,10
37214,0.0009765625,10
37215,0.0009765625,10
37216,0.001953125,9
37217,0.0009765625,10
37218,0.0009765625,10
37219,0.0009765625,10
37220,0.0009765625,10
37221,0.001953125,9
37222,0.0009765625,10
37223,0.0009765625,10
37224,0.0009765625,10
37225,0.001953125,9
37226,0.0009765625,10
37227,0.0009765625,10
37228,0.0009765625,10
37229,0.001953125,9
37230,0.0009765625,10
37231,0.0009765625,10
37232,0.0009765625,10
37233,0.0009765625,10
37234,0.001953125,9
37235,0.0009765625,10
37236,0.0009765625,10
37237,0.0009765625,10
37238,0.001953125,9
37239,0.0009765625,10
37240,0.0009765625,10
37241,0.0009765625,10
37242,0.0009765625,10
37243,0.001953125,9
37244,0.0009765625,10
37245,0.0009765625,10
37246,0.0009765625,10
37247,0.001953125,9
37248,0.0009765625,10
37249,0.0009765625,10
37250,0.0009765625,10
37251,0.001953125,9
37252,0.0009765625,10
37253,0.0009765625,10
37254,0.0009765625,10
37255,0.0009765625,10
37256,0.001953125,9
37257,0.0009765625,10
37258,0.0009765625,10
37259,0.0009765625,10
37260,0.001953125,9
37261,0.0009765625,10
37262,0.0009765625,10
37263,0.0009765625,10
37264,0.001953125,9
37265,0.0009765625,10
37266,0.0009765625,10
37267,0.0009765625,10
37268,0.0009765625,10
37269,0.001953125,9
37270,0.0009765625,10
37271,0.0009765625,10
37272,0.0009765625,10
37273,0.001953125,9
37274,0.0009765625,10
37275,0.0009765625,10
37276,0.0009765625,10
37277,0.001953125,9
37278,0.0009765625,10
37279,0.0009765625,10
37280,0.0009765625,10
37281,0.0009765625,10
37282,0.001953125,9
37283,0.0009765625,10
37284,0.0009765625,10
37285,0.0009765625,10
37286,0.001953125,9
37287,0.0009765625,10
37288,0.0009765625,10
37289,0.0009765625,10
37290,0.0009765625,10
37291,0.001953125,9
37292,0.0009765625,10
37293,0.0009765625,10
37294,0.0009765625,10
37295,0.001953125,9
37296,0.0009765625,10
37297,0.0009765625,10
37298,0.0009765625,10
37299,0.001953125,9
37300,0.0009765625,10
37301,0.0009765625,10
37302,0.0009765625,10
37303,0.0009765625,10
37304,0.001953125,9
37305,0.0009765625,10
37306,0.0009765625,10
37307,0.0009765625,10
37308,0.001953125,9
37309,0.0009765625,10
37310,0.0009765625,10
37311,0.0009765625,10
37312,0.001953125,9
37313,0.0009765625,10
37314,0.0009765625,10
37315,0.0009765625,10
37316,0.0009765625,10
37317,0.001953125,9
37318,0.0009765625,10
37319,0.0009765625,10
37320,0.0009765625,10
37321,0.001953125,9
37322,0.0009765625,10
37323,0.0009765625,10
37324,0.0009765625,10
37325,0.0009765625,10
37326,0.001953125,9
37327,0.0009765625,10
37328,0.0009765625,10
37329,0.0009765625,10
37330,0.001953125,9
37331,0.0009765625,10
37332,0.0009765625,10
37333,0.0009765625,10
37334,0.001953125,9
37335,0.0009765625,10
37336,0.0009765625,10
37337,0.0009765625,10
37338,0.0009765625,10
37339,0.001953125,9
37340,0.0009765625,10
37341,0.0009765625,10
37342,0.0009765625,10
37343,0.001953125,9
37344,0.0009765625,10
37345,0.0009765625,10
37346,0.0009765625,10
37347,0.001953125,9
37348,0.0009765625,10
37349,0.0009765625,10
37350,0.0009765625,10
37351,0.0009765625,10
37352,0.001953125,9
37353,0.0009765625,10
37354,0.0009765625,10
37355,0.0009765625,10
37356,0.001953125,9
37357,0.0009765625,10
37358,0.0009765625,10
37359,0.0009765625,10
37360,0.001953125,9
37361,0.0009765625,10
37362,0.0009765625,10
37363,0.0009765625,10
37364,0.0009765625,10
37365,0.001953125,9
37366,0.0009765625,10
37367,0.0009765625,10
37368,0.0009765625,10
37369,0.001953125,9
37370,0.0009765625,10
37371,0.0009765625,10
37372,0.0009765625,10
37373,0.0009765625,10
37374,0.001953125,9
37375,0.0009765625,10
37376,0.0009765625,10
37377,0.0009765625,10
37378,0.001953125,9
37379,0.0009765625,10
37380,0.0009765625,10
37381,0.0009765625,10
37382,0.001953125,9
37383,0.0009765625,10
37384,0.0009765625,10
37385,0.0009765625,10
37386,0.0009765625,10
37387,0.001953125,9
37388,0.0009765625,10
37389,0.0009765625,10
37390,0.0009765625,10
37391,0.001953125,9
37392,0.0009765625,10
37393,0.0009765625,10
37394,0.0009765625,10
37395,0.001953125,9
37396,0.0009765625,10
37397,0.0009765625,10
37398,0.0009765625,10
37399,0.0009765625,10
37400,0.001953125,9
37401,0.0009765625,10
37402,0.0009765625,10
37403,0.0009765625,10
37404,0.001953125,9
37405,0.0009765625,10
37406,0.0009765625,10
37407,0.0009765625,10
37408,0.0009765625,10
37409,0.001953125,9
37410,0.0009765625,10
37411,0.0009765625,10
37412,0.0009765625,10
37413,0.001953125,9
37414,0.0009765625,10
37415,0.0009765625,10
37416,0.0009765625,10
37417,0.001953125,9
37418,0.0009765625,10
37419,0.0009765625,10
37420,0.0009765625,10
37421,0.0009765625,10
37422,0.001953125,9
37423,0.0009765625,10
37424,0.0009765625,10
37425,0.0009765625,10
37426,0.001953125,9
37427,0.0009765625,10
37428,0.0009765625,10
37429,0.0009765625,10
37430,0.001953125,9
37431,0.0009765625,10
37432,0.0009765625,10
37433,0.0009765625,10
37434,0.0009765625,10
37435,0.001953125,9
37436,0.0009765625,10
37437,0.0009765625,10
37438,0.0009765625,10
37439,0.001953125,9
37440,0.0009765625,10
37441,0.0009765625,10
37442,0.0009765625,10
37443,0.001953125,9
37444,0.0009765625,10
37445,0.0009765625,10
37446,0.0009765625,10
37447,0.0009765625,10
37448,0.001953125,9
37449,0.0009765625,10
37450,0.0009765625,10
37451,0.0009765625,10
37452,0.001953125,9
37453,0.0009765625,10
37454,0.0009765625,10
37455,0.0009765625,10
37456,0.0009765625,10
37457,0.001953125,9
37458,0.0009765625,10
37459,0.0009765625,10
37460,0.0009765625,10
37461,0.001953125,9
37462,0.0009765625,10
37463,0.0009765625,10
37464,0.0009765625,10
37465,0.001953125,9
37466,0.0009765625,10
37467,0.0009765625,10
37468,0.0009765625,10
37469,0.0009765625,10
37470,0.001953125,9
37471,0.0009765625,10
37472,0.0009765625,10
37473,0.0009765625,10
37474,0.001953125,9
37475,0.0009765625,10
37476,0.0009765625,10
37477,0.0009765625,10
37478,0.001953125,9
37479,0.0009765625,10
37480,0.0009765625,10
37481,0.0009765625,10
37482,0.0009765625,10
37483,0.001953125,9
37484,0.0009765625,10
37485,0.0009765625,10
37486,0.0009765625,10
37487,0.001953125,9
37488,0.0009765625,10
37489,0.0009765625,10
37490,0.0009765625,10
37491,0.0009765625,10
37492,0.001953125,9
37493,0.0009765625,10
37494,0.0009765625,10
37495,0.0009765625,10
37496,0.001953125,9
37497,0.0009765625,10
37498,0.0009765625,10
37499,0.0009765625,10
37500,0.001953125,9
37501,0.0009765625,10
37502,0.0009765625,10
37503,0.0009765625,10
37504,0.0009765625,10
37505,0.001953125,9
37506,0.0009765625,10
37507,0.0009765625,10
37508,0.0009765625,10
37509,0.001953125,9
37510,0.0009765625,10
37511,0.0009765625,10
37512,0.0009765625,10
37513,0.001953125,9
37514,0.0009765625,10
37515,0.0009765625,10
37516,0.0009765625,10
37517,0.0009765625,10
37518,0.001953125,9
37519,0.0009765625,10
37520,0.0009765625,10
37521,0.0009765625,10
37522,0.001953125,9
37523,0.0009765625,10
37524,0.0009765625,10
37525,0.0009765625,10
37526,0.001953125,9
37527,0.0009765625,10
37528,0.0009765625,10
37529,0.0009765625,10
37530,0.0009765625,10
37531,0.001953125,9
37532,0.0009765625,10
37533,0.0009765625,10
37534,0.0009765625,10
37535,0.001953125,9
37536,0.0009765625,10
37537,0.0009765625,10
37538,0.0009765625,10
37539,0.0009765625,10
37540,0.001953125,9
37541,0.0009765625,10
37542,0.0009765625,10
37543,0.0009765625,10
37544,0.001953125,9
37545,0.0009765625,10
37546,0.0009765625,10
37547,0.0009765625,10
37548,0.001953125,9
37549,0.0009765625,10
37550,0.0009765625,10
37551,0.0009765625,10
37552,0.0009765625,10
37553,0.001953125,9
37554,0.0009765625,10
37555,0.0009765625,10
37556,0.0009765625,10
37557,0.001953125,9
37558,0.0009765625,10
37559,0.0009765625,10
37560,0.0009765625,10
37561,0.001953125,9
37562,0.0009765625,10
37563,0.0009765625,10
37564,0.0009765625,10
37565,0.0009765625,10
37566,0.001953125,9
37567,0.0009765625,10
37568,0.0009765625,10
37569,0.0009765625,10
37570,0.001953125,9
37571,0.0009765625,10
37572,0.0009765625,10
37573,0.0009765625,10
37574,0.0009765625,10
37575,0.001953125,9
37576,0.0009765625,10
37577,0.0009765625,10
37578,0.0009765625,10
37579,0.001953125,9
37580,0.0009765625,10
37581,0.0009765625,10
37582,0.0009765625,10
37583,0.001953125,9
37584,0.0009765625,10
37585,0.0009765625,10
37586,0.0009765625,10
37587,0.0009765625,10
37588,0.001953125,9
37589,0.0009765625,10
37590,0.0009765625,10
37591,0.0009765625,10
37592,0.001953125,9
37593,0.0009765625,10
37594,0.0009765625,10
37595,0.0009765625,10
37596,0.001953125,9
37597,0.0009765625,10
37598,0.0009765625,10
37599,0.0009765625,10
37600,0.0009765625,10
37601,0.001953125,9
37602,0.0009765625,10
37603,0.0009765625,10
37604,0.0009765625,10
37605,0.001953125,9
37606,0.0009765625,10
37607,0.0009765625,10
37608,0.0009765625,10
37609,0.001953125,9
37610,0.0009765625,10
37611,0.0009765625,10
37612,0.0009765625,10
37613,0.0009765625,10
37614,0.001953125,9
37615,0.0009765625,10
37616,0.0009765625,10
37617,0.0009765625,10
37618,0.001953125,9
37619,0.0009765625,10
37620,0.0009765625,10
37621,0.0009765625,10
37622,0.0009765625,10
37623,0.001953125,9
37624,0.0009765625,10
37625,0.0009765625,10
37626,0.0009765625,10
37627,0.001953125,9
37628,0.0009765625,10
37629,0.0009765625,10
37630,0.0009765625,10
37631,0.001953125,9
37632,0.0009765625,10
37633,0.0009765625,10
37634,0.0009765625,10
37635,0.0009765625,10
37636,0.001953125,9
37637,0.0009765625,10
37638,0.0009765625,10
37639,0.0009765625,10
37640,0.001953125,9
37641,0.0009765625,10
37642,0.0009765625,10
37643,0.0009765625,10
37644,0.001953125,9
37645,0.0009765625,10
37646,0.0009765625,10
37647,0.0009765625,10
37648,0.0009765625,10
37649,0.001953125,9
37650,0.0009765625,10
37651,0.0009765625,10
37652,0.0009765625,10
37653,0.001953125,9
37654,0.0009765625,10
37655,0.0009765625,10
37656,0.0009765625,10
37657,0.0009765625,10
37658,0.001953125,9
37659,0.0009765625,10
37660,0.0009765625,10
37661,0.0009765625,10
37662,0.001953125,9
37663,0.0009765625,10
37664,0.0009765625,10
37665,0.0009765625,10
37666,0.001953125,9
37667,0.0009765625,10
37668,0.0009765625,10
37669,0.0009765625,10
37670,0.0009765625,10
37671,0.001953125,9
37672,0.0009765625,10
37673,0.0009765625,10
37674,0.0009765625,10
37675,0.001953125,9
37676,0.0009765625,10
37677,0.0009765625,10
37678,0.0009765625,10
37679,0.001953125,9
37680,0.0009765625,10
37681,0.0009765625,10
37682,0.0009765625,10
37683,0.0009765625,10
37684,0.001953125,9
37685,0.0009765625,10
37686,0.0009765625,10
37687,0.0009765625,10
37688,0.001953125,9
37689,0.0009765625,10
37690,0.0009765625,10
37691,0.0009765625,10
37692,0.001953125,9
37693,0.0009765625,10
37694,0.0009765625,10
37695,0.0009765625,10
37696,0.0009765625,10
37697,0.001953125,9
37698,0.0009765625,10
37699,0.0009765625,10
37700,0.0009765625,10
37701,0.001953125,9
37702,0.0009765625,10
37703,0.0009765625,10
37704,0.0009765625,10
37705,0.0009765625,10
37706,0.001953125,9
37707,0.0009765625,10
37708,0.0009765625,10
37709,0.0009765625,10
37710,0.001953125,9
37711,0.0009765625,10
37712,0.0009765625,10
37713,0.0009765625,10
37714,0.001953125,9
37715,0.0009765625,10
37716,0.0009765625,10
37717,0.0009765625,10
37718,0.0009765625,10
37719,0.001953125,9
37720,0.0009765625,10
37721,0.0009765625,10
37722,0.0009765625,10
37723,0.001953125,9
37724,0.0009765625,10
37725,0.0009765625,10
37726,0.0009765625,10
37727,0.001953125,9
37728,0.0009765625,10
37729,0.0009765625,10
37730,0.0009765625,10
37731,0.0009765625,10
37732,0.001953125,9
37733,0.0009765625,10
37734,0.0009765625,10
37735,0.0009765625,10
37736,0.001953125,9
37737,0.0009765625,10
37738,0.0009765625,10
37739,0.0009765625,10
37740,0.0009765625,10
37741,0.001953125,9
37742,0.0009765625,10
37743,0.0009765625,10
37744,0.0009765625,10
37745,0.001953125,9
37746,0.0009765625,10
37747,0.0009765625,10
37748,0.0009765625,10
37749,0.001953125,9
37750,0.0009765625,10
37751,0.0009765625,10
37752,0.0009765625,10
37753,0.0009765625,10
37754,0.001953125,9
37755,0.0009765625,10
37756,0.0009765625,10
37757,0.0009765625,10
37758,0.001953125,9
37759,0.0009765625,10
37760,0.0009765625,10
37761,0.0009765625,10
37762,0.001953125,9
37763,0.0009765625,10
37764,0.0009765625,10
37765,0.0009765625,10
37766,0.0009765625,10
37767,0.001953125,9
37768,0.0009765625,10
37769,0.0009765625,10
37770,0.0009765625,10
37771,0.001953125,9
37772,0.0009765625,10
37773,0.0009765625,10
37774,0.0009765625,10
37775,0.001953125,9
37776,0.0009765625,10
37777,0.0009765625,10
37778,0.0009765625,10
37779,0.0009765625,10
37780,0.001953125,9
37781,0.0009765625,10
37782,0.0009765625,10
37783,0.0009765625,10
37784,0.001953125,9
37785,0.0009765625,10
37786,0.0009765625,10
37787,0.0009765625,10
37788,0.0009765625,10
37789,0.001953125,9
37790,0.0009765625,10
37791,0.0009765625,10
37792,0.0009765625,10
37793,0.001953125,9
37794,0.0009765625,10
37795,0.0009765625,10
37796,0.0009765625,10
37797,0.001953125,9
37798,0.0009765625,10
37799,0.0009765625,10
37800,0.0009765625,10
37801,0.0009765625,10
37802,0.001953125,9
37803,0.0009765625,10
37804,0.0009765625,10
37805,0.0009765625,10
37806,0.001953125,9
37807,0.0009765625,10
37808,0.0009765625,10
37809,0.0009765625,10
37810,0.001953125,9
37811,0.0009765625,10
37812,0.0009765625,10
37813,0.0009765625,10
37814,0.0009765625,10
37815,0.001953125,9
37816,0.0009765625,10
37817,0.0009765625,10
37818,0.0009765625,10
37819,0.001953125,9
37820,0.0009765625,10
37821,0.0009765625,10
37822,0.0009765625,10
37823,0.0009765625,10
37824,0.001953125,9
37825,0.0009765625,10
37826,0.0009765625,10
37827,0.0009765625,10
37828,0.001953125,9
37829,0.0009765625,10
37830,0.0009765625,10
37831,0.0009765625,10
37832,0.001953125,9
37833,0.0009765625,10
37834,0.0009765625,10
37835,0.0009765625,10
37836,0.0009765625,10
37837,0.001953125,9
37838,0.0009765625,10
37839,0.0009765625,10
37840,0.0009765625,10
37841,0.001953125,9
37842,0.0009765625,10
37843,0.0009765625,10
37844,0.0009765625,10
37845,0.001953125,9
37846,0.0009765625,10
37847,0.0009765625,10
37848,0.0009765625,10
37849,0.0009765625,10
37850,0.001953125,9
37851,0.0009765625,10
37852,0.0009765625,10
37853,0.0009765625,10
37854,0.001953125,9
37855,0.0009765625,10
37856,0.0009765625,10
37857,0.0009765625,10
37858,0.001953125,9
37859,0.0009765625,10
37860,0.0009765625,10
37861,0.0009765625,10
37862,0.0009765625,10
37863,0.001953125,9
37864,0.0009765625,10
37865,0.0009765625,10
37866,0.0009765625,10
37867,0.001953125,9
37868,0.0009765625,10
37869,0.0009765625,10
37870,0.0009765625,10
37871,0.0009765625,10
37872,0.001953125,9
37873,0.0009765625,10
37874,0.0009765625,10
37875,0.0009765625,10
37876,0.001953125,9
37877,0.0009765625,10
37878,0.0009765625,10
37879,0.0009765625,10
37880,0.001953125,9
37881,0.0009765625,10
37882,0.0009765625,10
37883,0.0009765625,10
37884,0.0009765625,10
37885,0.001953125,9
37886,0.0009765625,10
37887,0.0009765625,10
37888,0.0009765625,10
37889,0.001953125,9
37890,0.0009765625,10
37891,0.0009765625,10
37892,0.0009765625,10
37893,0.001953125,9
37894,0.0009765625,10
37895,0.0009765625,10
37896,0.0009765625,10
37897,0.0009765625,10
37898,0.001953125,9
37899,0.0009765625,10
37900,0.0009765625,10
37901,0.0009765625,10
37902,0.001953125,9
37903,0.0009765625,10
37904,0.0009765625,10
37905,0.0009765625,10
37906,0.0009765625,10
37907,0.001953125,9
37908,0.0009765625,10
37909,0.0009765625,10
37910,0.0009765625,10
37911,0.001953125,9
37912,0.0009765625,10
37913,0.0009765625,10
37914,0.0009765625,10
37915,0.001953125,9
37916,0.0009765625,10
37917,0.0009765625,10
37918,0.0009765625,10
37919,0.0009765625,10
37920,0.001953125,9
37921,0.0009765625,10
37922,0.0009765625,10
37923,0.0009765625,10
37924,0.001953125,9
37925,0.0009765625,10
37926,0.0009765625,10
37927,0.0009765625,10
37928,0.001953125,9
37929,0.0009765625,10
37930,0.0009765625,10
37931,0.0009765625,10
37932,0.0009765625,10
37933,0.001953125,9
37934,0.0009765625,10
37935,0.0009765625,10
37936,0.0009765625,10
37937,0.001953125,9
37938,0.0009765625,10
37939,0.0009765625,10
37940,0.0009765625,10
37941,0.0009765625,10
37942,0.001953125,9
37943,0.0009765625,10
37944,0.0009765625,10
37945,0.0009765625,10
37946,0.001953125,9
37947,0.0009765625,10
37948,0.0009765625,10
37949,0.0009765625,10
37950,0.001953125,9
37951,0.0009765625,10
37952,0.0009765625,10
37953,0.0009765625,10
37954,0.0009765625,10
37955,0.001953125,9
37956,0.0009765625,10
37957,0.0009765625,10
37958,0.0009765625,10
37959,0.001953125,9
37960,0.0009765625,10
37961,0.0009765625,10
37962,0.0009765625,10
37963,0.001953125,9
37964,0.0009765625,10
37965,0.0009765625,10
37966,0.0009765625,10
37967,0.0009765625,10
37968,0.001953125,9
37969,0.0009765625,10
37970,0.0009765625,10
37971,0.0009765625,10
37972,0.001953125,9
37973,0.0009765625,10
37974,0.0009765625,10
37975,0.0009765625,10
37976,0.001953125,9
37977,0.0009765625,10
37978,0.0009765625,10
37979,0.0009765625,10
37980,0.0009765625,10
37981,0.001953125,9
37982,0.0009765625,10
37983,0.0009765625,10
37984,0.0009765625,10
37985,0.001953125,9
37986,0.0009765625,10
37987,0.0009765625,10
37988,0.0009765625,10
37989,0.0009765625,10
37990,0.001953125,9
37991,0.0009765625,10
37992,0.0009765625,10
37993,0.0009765625,10
37994,0.001953125,9
37995,0.0009765625,10
37996,0.0009765625,10
37997,0.0009765625,10
37998,0.001953125,9
37999,0.0009765625,10
38000,0.0009765625,10
38001,0.0009765625,10
38002,0.0009765625,10
38003,0.001953125,9
38004,0.0009765625,10
38005,0.0009765625,10
38006,0.0009765625,10
38007,0.001953125,9
38008,0.0009765625,10
38009,0.0009765625,10
38010,0.0009765625,10
38011,0.001953125,9
38012,0.0009765625,10
38013,0.0009765625,10
38014,0.0009765625,10
38015,0.0009765625,10
38016,0.001953125,9
38017,0.0009765625,10
38018,0.0009765625,10
38019,0.0009765625,10
38020,0.001953125,9
38021,0.0009765625,10
38022,0.0009765625,10
38023,0.0009765625,10
38024,0.0009765625,10
38025,0.001953125,9
38026,0.0009765625,10
38027,0.0009765625,10
38028,0.0009765625,10
38029,0.001953125,9
38030,0.0009765625,10
38031,0.0009765625,10
38032,0.0009765625,10
38033,0.001953125,9
38034,0.0009765625,10
38035,0.0009765625,10
38036,0.0009765625,10
38037,0.0009765625,10
38038,0.001953125,9
38039,0.0009765625,10
38040,0.0009765625,10
38041,0.0009765625,10
38042,0.001953125,9
38043,0.0009765625,10
38044,0.0009765625,10
38045,0.0009765625,10
38046,0.001953125,9
38047,0.0009765625,10
38048,0.0009765625,10
38049,0.0009765625,10
38050,0.0009765625,10
38051,0.001953125,9
38052,0.0009765625,10
38053,0.0009765625,10
38054,0.0009765625,10
38055,0.001953125,9
38056,0.0009765625,10
38057,0.0009765625,10
38058,0.0009765625,10
38059,0.001953125,9
38060,0.0009765625,10
38061,0.0009765625,10
38062,0.0009765625,10
38063,0.0009765625,10
38064,0.001953125,9
38065,0.0009765625,10
38066,0.0009765625,10
38067,0.0009765625,10
38068,0.001953125,9
38069,0.0009765625,10
38070,0.0009765625,10
38071,0.0009765625,10
38072,0.0009765625,10
38073,0.001953125,9
38074,0.0009765625,10
38075,0.0009765625,10
38076,0.0009765625,10
38077,0.001953125,9
38078,0.0009765625,10
38079,0.0009765625,10
38080,0.0009765625,10
38081,0.001953125,9
38082,0.0009765625,10
38083,0.0009765625,10
38084,0.0009765625,10
38085,0.0009765625,10
38086,0.001953125,9
38087,0.0009765625,10
38088,0.0009765625,10
38089,0.0009765625,10
38090,0.001953125,9
38091,0.0009765625,10
38092,0.0009765625,10
38093,0.0009765625,10
38094,0.001953125,9
38095,0.0009765625,10
38096,0.0009765625,10
38097,0.0009765625,10
38098,0.0009765625,10
38099,0.001953125,9
38100,0.0009765625,10
38101,0.0009765625,10
38102,0.0009765625,10
38103,0.001953125,9
38104,0.0009765625,10
38105,0.0009765625,10
38106,0.0009765625,10
38107,0.0009765625,10
38108,0.001953125,9
38109,0.0009765625,10
38110,0.0009765625,10
38111,0.0009765625,10
38112,0.001953125,9
38113,0.0009765625,10
38114,0.0009765625,10
38115,0.0009765625,10
38116,0.001953125,9
38117,0.0009765625,10
38118,0.0009765625,10
38119,0.0009765625,10
38120,0.0009765625,10
38121,0.001953125,9
38122,0.0009765625,10
38123,0.0009765625,10
38124,0.0009765625,10
38125,0.001953125,9
38126,0.0009765625,10
38127,0.0009765625,10
38128,0.0009765625,10
38129,0.001953125,9
38130,0.0009765625,10
38131,0.0009765625,10
38132,0.0009765625,10
38133,0.0009765625,10
38134,0.001953125,9
38135,0.0009765625,10
38136,0.0009765625,10
38137,0.0009765625,10
38138,0.001953125,9
38139,0.0009765625,10
38140,0.0009765625,10
38141,0.0009765625,10
38142,0.001953125,9
38143,0.0009765625,10
38144,0.0009765625,10
38145,0.0009765625,10
38146,0.0009765625,10
38147,0.001953125,9
38148,0.0009765625,10
38149,0.0009765625,10
38150,0.0009765625,10
38151,0.001953125,9
38152,0.0009765625,10
38153,0.0009765625,10
38154,0.0009765625,10
38155,0.0009765625,10
38156,0.001953125,9
38157,0.0009765625,10
38158,0.0009765625,10
38159,0.0009765625,10
38160,0.001953125,9
38161,0.0009765625,10
38162,0.0009765625,10
38163,0.0009765625,10
38164,0.001953125,9
38165,0.0009765625,10
38166,0.0009765625,10
38167,0.0009765625,10
38168,0.0009765625,10
38169,0.001953125,9
38170,0.0009765625,10
38171,0.0009765625,10
38172,0.0009765625,10
38173,0.001953125,9
38174,0.0009765625,10
38175,0.0009765625,10
38176,0.0009765625,10
38177,0.001953125,9
38178,0.0009765625,10
38179,0.0009765625,10
38180,0.0009765625,10
38181,0.0009765625,10
38182,0.001953125,9
38183,0.0009765625,10
38184,0.0009765625,10
38185,0.0009765625,10
38186,0.001953125,9
38187,0.0009765625,10
38188,0.0009765625,10
38189,0.0009765625,10
38190,0.0009765625,10
38191,0.001953125,9
38192,0.0009765625,10
38193,0.0009765625,10
38194,0.0009765625,10
38195,0.001953125,9
38196,0.0009765625,10
38197,0.0009765625,10
38198,0.0009765625,10
38199,0.001953125,9
38200,0.0009765625,10
38201,0.0009765625,10
38202,0.0009765625,10
38203,0.0009765625,10
38204,0.001953125,9
38205,0.0009765625,10
38206,0.0009765625,10
38207,0.0009765625,10
38208,0.001953125,9
38209,0.0009765625,10
38210,0.0009765625,10
38211,0.0009765625,10
38212,0.001953125,9
38213,0.0009765625,10
38214,0.0009765625,10
38215,0.0009765625,10
38216,0.0009765625,10
38217,0.001953125,9
38218,0.0009765625,10
38219,0.0009765625,10
38220,0.0009765625,10
38221,0.001953125,9
38222,0.0009765625,10
38223,0.0009765625,10
38224,0.0009765625,10
38225,0.001953125,9
38226,0.0009765625,10
38227,0.0009765625,10
38228,0.0009765625,10
38229,0.0009765625,10
38230,0.001953125,9
38231,0.0009765625,10
38232,0.0009765625,10
38233,0.0009765625,10
38234,0.001953125,9
38235,0.0009765625,10
38236,0.0009765625,10
38237,0.0009765625,10
38238,0.0009765625,10
38239,0.001953125,9
38240,0.0009765625,10
38241,0.0009765625,10
38242,0.0009765625,10
38243,0.001953125,9
38244,0.0009765625,10
38245,0.0009765625,10
38246,0.0009765625,10
38247,0.001953125,9
38248,0.0009765625,10
38249,0.0009765625,10
38250,0.0009765625,10
38251,0.0009765625,10
38252,0.001953125,9
38253,0.0009765625,10
38254,0.0009765625,10
38255,0.0009765625,10
38256,0.001953125,9
38257,0.0009765625,10
38258,0.0009765625,10
38259,0.0009765625,10
38260,0.001953125,9
38261,0.0009765625,10
38262,0.0009765625,10
38263,0.0009765625,10
38264,0.0009765625,10
38265,0.001953125,9
38266,0.0009765625,10
38267,0.0009765625,10
38268,0.0009765625,10
38269,0.001953125,9
38270,0.0009765625,10
38271,0.0009765625,10
38272,0.0009765625,10
38273,0.0009765625,10
38274,0.001953125,9
38275,0.0009765625,10
38276,0.0009765625,10
38277,0.0009765625,10
38278,0.001953125,9
38279,0.0009765625,10
38280,0.0009765625,10
38281,0.0009765625,10
38282,0.001953125,9
38283,0.0009765625,10
38284,0.0009765625,10
38285,0.0009765625,10
38286,0.0009765625,10
38287,0.001953125,9
38288,0.0009765625,10
38289,0.0009765625,10
38290,0.0009765625,10
38291,0.001953125,9
38292,0.0009765625,10
38293,0.0009765625,10
38294,0.0009765625,10
38295,0.001953125,9
38296,0.0009765625,10
38297,0.0009765625,10
38298,0.0009765625,10
38299,0.0009765625,10
38300,0.001953125,9
38301,0.0009765625,10
38302,0.0009765625,10
38303,0.0009765625,10
38304,0.001953125,9
38305,0.0009765625,10
38306,0.0009765625,10
38307,0.0009765625,10
38308,0.001953125,9
38309,0.0009765625,10
38310,0.0009765625,10
38311,0.0009765625,10
38312,0.0009765625,10
38313,0.001953125,9
38314,0.0009765625,10
38315,0.0009765625,10
38316,0.0009765625,10
38317,0.001953125,9
38318,0.0009765625,10
38319,0.0009765625,10
38320,0.0009765625,10
38321,0.0009765625,10
38322,0.001953125,9
38323,0.0009765625,10
38324,0.0009765625,10
38325,0.0009765625,10
38326,0.001953125,9
38327,0.0009765625,10
38328,0.0009765625,10
38329,0.0009765625,10
38330,0.001953125,9
38331,0.0009765625,10
38332,0.0009765625,10
38333,0.0009765625,10
38334,0.0009765625,10
38335,0.001953125,9
38336,0.0009765625,10
38337,0.0009765625,10
38338,0.0009765625,10
38339,0.001953125,9
38340,0.0009765625,10
38341,0.0009765625,10
38342,0.0009765625,10
38343,0.001953125,9
38344,0.0009765625,10
38345,0.0009765625,10
38346,0.0009765625,10
38347,0.0009765625,10
38348,0.001953125,9
38349,0.0009765625,10
38350,0.0009765625,10
38351,0.0009765625,10
38352,0.001953125,9
38353,0.0009765625,10
38354,0.0009765625,10
38355,0.0009765625,10
38356,0.0009765625,10
38357,0.001953125,9
38358,0.0009765625,10
38359,0.0009765625,10
38360,0.0009765625,10
38361,0.001953125,9
38362,0.0009765625,10
38363,0.0009765625,10
38364,0.0009765625,10
38365,0.001953125,9
38366,0.0009765625,10
38367,0.0009765625,10
38368,0.0009765625,10
38369,0.0009765625,10
38370,0.001953125,9
38371,0.0009765625,10
38372,0.0009765625,10
38373,0.0009765625,10
38374,0.001953125,9
38375,0.0009765625,10
38376,0.0009765625,10
38377,0.0009765625,10
38378,0.001953125,9
38379,0.0009765625,10
38380,0.0009765625,10
38381,0.0009765625,10
38382,0.0009765625,10
38383,0.001953125,9
38384,0.0009765625,10
38385,0.0009765625,10
38386,0.0009765625,10
38387,0.001953125,9
38388,0.0009765625,10
38389,0.0009765625,10
38390,0.0009765625,10
38391,0.001953125,9
38392,0.0009765625,10
38393,0.0009765625,10
38394,0.0009765625,10
38395,0.0009765625,10
38396,0.001953125,9
38397,0.0009765625,10
38398,0.0009765625,10
38399,0.0009765625,10
38400,0.001953125,9
38401,0.0009765625,10
38402,0.0009765625,10
38403,0.0009765625,10
38404,0.0009765625,10
38405,0.001953125,9
38406,0.0009765625,10
38407,0.0009765625,10
38408,0.0009765625,10
38409,0.001953125,9
38410,0.0009765625,10
38411,0.0009765625,10
38412,0.0009765625,10
38413,0.001953125,9
38414,0.0009765625,10
38415,0.0009765625,10
38416,0.0009765625,10
38417,0.0009765625,10
38418,0.001953125,9
38419,0.0009765625,10
38420,0.0009765625,10
38421,0.0009765625,10
38422,0.001953125,9
38423,0.0009765625,10
38424,0.0009765625,10
38425,0.0009765625,10
38426,0.001953125,9
38427,0.0009765625,10
38428,0.0009765625,10
38429,0.0009765625,10
38430,0.0009765625,10
38431,0.001953125,9
38432,0.0009765625,10
38433,0.0009765625,10
38434,0.0009765625,10
38435,0.001953125,9
38436,0.0009765625,10
38437,0.0009765625,10
38438,0.0009765625,10
38439,0.0009765625,10
38440,0.001953125,9
38441,0.0009765625,10
38442,0.0009765625,10
38443,0.0009765625,10
38444,0.001953125,9
38445,0.0009765625,10
38446,0.0009765625,10
38447,0.0009765625,10
38448,0.001953125,9
38449,0.0009765625,10
38450,0.0009765625,10
38451,0.0009765625,10
38452,0.0009765625,10
38453,0.001953125,9
38454,0.0009765625,10
38455,0.0009765625,10
38456,0.0009765625,10
38457,0.001953125,9
38458,0.0009765625,10
38459,0.0009765625,10
38460,0.0009765625,10
38461,0.001953125,9
38462,0.0009765625,10
38463,0.0009765625,10
38464,0.0009765625,10
38465,0.0009765625,10
38466,0.001953125,9
38467,0.0009765625,10
38468,0.0009765625,10
38469,0.0009765625,10
38470,0.001953125,9
38471,0.0009765625,10
38472,0.0009765625,10
38473,0.0009765625,10
38474,0.001953125,9
38475,0.0009765625,10
38476,0.0009765625,10
38477,0.0009765625,10
38478,0.0009765625,10
38479,0.001953125,9
38480,0.0009765625,10
38481,0.0009765625,10
38482,0.0009765625,10
38483,0.001953125,9
38484,0.0009765625,10
38485,0.0009765625,10
38486,0.0009765625,10
38487,0.0009765625,10
38488,0.001953125,9
38489,0.0009765625,10
38490,0.0009765625,10
38491,0.0009765625,10
38492,0.001953125,9
38493,0.0009765625,10
38494,0.0009765625,10
38495,0.0009765625,10
38496,0.001953125,9
38497,0.0009765625,10
38498,0.0009765625,10
38499,0.0009765625,10
38500,0.0009765625,10
38501,0.001953125,9
38502,0.0009765625,10
38503,0.0009765625,10
38504,0.0009765625,10
38505,0.001953125,9
38506,0.0009765625,10
38507,0.0009765625,10
38508,0.0009765625,10
38509,0.001953125,9
38510,0.0009765625,10
38511,0.0009765625,10
38512,0.0009765625,10
38513,0.0009765625,10
38514,0.001953125,9
38515,0.0009765625,10
38516,0.0009765625,10
38517,0.0009765625,10
38518,0.001953125,9
38519,0.0009765625,10
38520,0.0009765625,10
38521,0.0009765625,10
38522,0.0009765625,10
38523,0.001953125,9
38524,0.0009765625,10
38525,0.0009765625,10
38526,0.0009765625,10
38527,0.001953125,9
38528,0.0009765625,10
38529,0.0009765625,10
38530,0.0009765625,10
38531,0.001953125,9
38532,0.0009765625,10
38533,0.0009765625,10
38534,0.0009765625,10
38535,0.0009765625,10
38536,0.001953125,9
38537,0.0009765625,10
38538,0.0009765625,10
38539,0.0009765625,10
38540,0.001953125,9
38541,0.0009765625,10
38542,0.0009765625,10
38543,0.0009765625,10
38544,0.001953125,9
38545,0.0009765625,10
38546,0.0009765625,10
38547,0.0009765625,10
38548,0.0009765625,10
38549,0.001953125,9
38550,0.0009765625,10
38551,0.0009765625,10
38552,0.0009765625,10
38553,0.001953125,9
38554,0.0009765625,10
38555,0.0009765625,10
38556,0.0009765625,10
38557,0.001953125,9
38558,0.0009765625,10
38559,0.0009765625,10
38560,0.0009765625,10
38561,0.0009765625,10
38562,0.001953125,9
38563,0.0009765625,10
38564,0.0009765625,10
38565,0.0009765625,10
38566,0.001953125,9
38567,0.0009765625,10
38568,0.0009765625,10
38569,0.0009765625,10
38570,0.0009765625,10
38571,0.001953125,9
38572,0.0009765625,10
38573,0.0009765625,10
38574,0.0009765625,10
38575,0.001953125,9
38576,0.0009765625,10
38577,0.0009765625,10
38578,0.0009765625,10
38579,0.001953125,9
38580,0.0009765625,10
38581,0.0009765625,10
38582,0.0009765625,10
38583,0.0009765625,10
38584,0.001953125,9
38585,0.0009765625,10
38586,0.0009765625,10
38587,0.0009765625,10
38588,0.001953125,9
38589,0.0009765625,10
38590,0.0009765625,10
38591,0.0009765625,10
38592,0.001953125,9
38593,0.0009765625,10
38594,0.0009765625,10
38595,0.0009765625,10
38596,0.0009765625,10
38597,0.001953125,9
38598,0.0009765625,10
38599,0.0009765625,10
38600,0.0009765625,10
38601,0.001953125,9
38602,0.0009765625,10
38603,0.0009765625,10
38604,0.0009765625,10
38605,0.0009765625,10
38606,0.001953125,9
38607,0.0009765625,10
38608,0.0009765625,10
38609,0.0009765625,10
38610,0.001953125,9
38611,0.0009765625,10
38612,0.0009765625,10
38613,0.0009765625,10
38614,0.001953125,9
38615,0.0009765625,10
38616,0.0009765625,10
38617,0.0009765625,10
38618,0.0009765625,10
38619,0.001953125,9
38620,0.0009765625,10
38621,0.0009765625,10
38622,0.0009765625,10
38623,0.001953125,9
38624,0.0009765625,10
38625,0.0009765625,10
38626,0.0009765625,10
38627,0.001953125,9
38628,0.0009765625,10
38629,0.0009765625,10
38630,0.0009765625,10
38631,0.0009765625,10
38632,0.001953125,9
38633,0.0009765625,10
38634,0.0009765625,10
38635,0.0009765625,10
38636,0.001953125,9
38637,0.0009765625,10
38638,0.0009765625,10
38639,0.0009765625,10
38640,0.001953125,9
38641,0.0009765625,10
38642,0.0009765625,10
38643,0.0009765625,10
38644,0.0009765625,10
38645,0.001953125,9
38646,0.0009765625,10
38647,0.0009765625,10
38648,0.0009765625,10
38649,0.001953125,9
38650,0.0009765625,10
38651,0.0009765625,10
38652,0.0009765625,10
38653,0.0009765625,10
38654,0.001953125,9
38655,0.0009765625,10
38656,0.0009765625,10
38657,0.0009765625,10
38658,0.001953125,9
38659,0.0009765625,10
38660,0.0009765625,10
38661,0.0009765625,10
38662,0.001953125,9
38663,0.0009765625,10
38664,0.0009765625,10
38665,0.0009765625,10
38666,0.0009765625,10
38667,0.001953125,9
38668,0.0009765625,10
38669,0.0009765625,10
38670,0.0009765625,10
38671,0.001953125,9
38672,0.0009765625,10
38673,0.0009765625,10
38674,0.0009765625,10
38675,0.001953125,9
38676,0.0009765625,10
38677,0.0009765625,10
38678,0.0009765625,10
38679,0.0009765625,10
38680,0.001953125,9
38681,0.0009765625,10
38682,0.0009765625,10
38683,0.0009765625,10
38684,0.001953125,9
38685,0.0009765625,10
38686,0.0009765625,10
38687,0.0009765625,10
38688,0.0009765625,10
38689,0.001953125,9
38690,0.0009765625,10
38691,0.0009765625,10
38692,0.0009765625,10
38693,0.001953125,9
38694,0.0009765625,10
38695,0.0009765625,10
38696,0.0009765625,10
38697,0.001953125,9
38698,0.0009765625,10
38699,0.0009765625,10
38700,0.0009765625,10
38701,0.0009765625,10
38702,0.001953125,9
38703,0.0009765625,10
38704,0.0009765625,10
38705,0.0009765625,10
38706,0.001953125,9
38707,0.0009765625,10
38708,0.0009765625,10
38709,0.0009765625,10
38710,0.001953125,9
38711,0.0009765625,10
38712,0.0009765625,10
38713,0.0009765625,10
38714,0.0009765625,10
38715,0.001953125,9
38716,0.0009765625,10
38717,0.0009765625,10
38718,0.0009765625,10
38719,0.001953125,9
38720,0.0009765625,10
38721,0.0009765625,10
38722,0.0009765625,10
38723,0.001953125,9
38724,0.0009765625,10
38725,0.0009765625,10
38726,0.0009765625,10
38727,0.0009765625,10
38728,0.001953125,9
38729,0.0009765625,10
38730,0.0009765625,10
38731,0.0009765625,10
38732,0.001953125,9
38733,0.0009765625,10
38734,0.0009765625,10
38735,0.0009765625,10
38736,0.0009765625,10
38737,0.001953125,9
38738,0.0009765625,10
38739,0.0009765625,10
38740,0.0009765625,10
38741,0.001953125,9
38742,0.0009765625,10
38743,0.0009765625,10
38744,0.0009765625,10
38745,0.001953125,9
38746,0.0009765625,10
38747,0.0009765625,10
38748,0.0009765625,10
38749,0.0009765625,10
38750,0.001953125,9
38751,0.0009765625,10
38752,0.0009765625,10
38753,0.0009765625,10
38754,0.001953125,9
38755,0.0009765625,10
38756,0.0009765625,10
38757,0.0009765625,10
38758,0.001953125,9
38759,0.0009765625,10
38760,0.0009765625,10
38761,0.0009765625,10
38762,0.0009765625,10
38763,0.001953125,9
38764,0.0009765625,10
38765,0.0009765625,10
38766,0.0009765625,10
38767,0.001953125,9
38768,0.0009765625,10
38769,0.0009765625,10
38770,0.0009765625,10
38771,0.0009765625,10
38772,0.001953125,9
38773,0.0009765625,10
38774,0.0009765625,10
38775,0.0009765625,10
38776,0.001953125,9
38777,0.0009765625,10
38778,0.0009765625,10
38779,0.0009765625,10
38780,0.001953125,9
38781,0.0009765625,10
38782,0.0009765625,10
38783,0.0009765625,10
38784,0.0009765625,10
38785,0.001953125,9
38786,0.0009765625,10
38787,0.0009765625,10
38788,0.0009765625,10
38789,0.001953125,9
38790,0.0009765625,10
38791,0.0009765625,10
38792,0.0009765625,10
38793,0.001953125,9
38794,0.0009765625,10
38795,0.0009765625,10
38796,0.0009765625,10
38797,0.0009765625,10
38798,0.001953125,9
38799,0.0009765625,10
38800,0.0009765625,10
38801,0.0009765625,10
38802,0.001953125,9
38803,0.0009765625,10
38804,0.0009765625,10
38805,0.0009765625,10
38806,0.001953125,9
38807,0.0009765625,10
38808,0.0009765625,10
38809,0.0009765625,10
38810,0.0009765625,10
38811,0.001953125,9
38812,0.0009765625,10
38813,0.0009765625,10
38814,0.0009765625,10
38815,0.001953125,9
38816,0.0009765625,10
38817,0.0009765625,10
38818,0.0009765625,10
38819,0.0009765625,10
38820,0.001953125,9
38821,0.0009765625,10
38822,0.0009765625,10
38823,0.0009765625,10
38824,0.001953125,9
38825,0.0009765625,10
38826,0.0009765625,10
38827,0.0009765625,10
38828,0.001953125,9
38829,0.0009765625,10
38830,0.0009765625,10
38831,0.0009765625,10
38832,0.0009765625,10
38833,0.001953125,9
38834,0.0009765625,10
38835,0.0009765625,10
38836,0.0009765625,10
38837,0.001953125,9
38838,0.0009765625,10
38839,0.0009765625,10
38840,0.0009765625,10
38841,0.001953125,9
38842,0.0009765625,10
38843,0.0009765625,10
38844,0.0009765625,10
38845,0.0009765625,10
38846,0.001953125,9
38847,0.0009765625,10
38848,0.0009765625,10
38849,0.0009765625,10
38850,0.001953125,9
38851,0.0009765625,10
38852,0.0009765625,10
38853,0.0009765625,10
38854,0.0009765625,10
38855,0.001953125,9
38856,0.0009765625,10
38857,0.0009765625,10
38858,0.0009765625,10
38859,0.001953125,9
38860,0.0009765625,10
38861,0.0009765625,10
38862,0.0009765625,10
38863,0.001953125,9
38864,0.0009765625,10
38865,0.0009765625,10
38866,0.0009765625,10
38867,0.0009765625,10
38868,0.001953125,9
38869,0.0009765625,10
38870,0.0009765625,10
38871,0.0009765625,10
38872,0.001953125,9
38873,0.0009765625,10
38874,0.0009765625,10
38875,0.0009765625,10
38876,0.001953125,9
38877,0.0009765625,10
38878,0.0009765625,10
38879,0.0009765625,10
38880,0.0009765625,10
38881,0.001953125,9
38882,0.0009765625,10
38883,0.0009765625,10
38884,0.0009765625,10
38885,0.001953125,9
38886,0.0009765625,10
38887,0.0009765625,10
38888,0.0009765625,10
38889,0.001953125,9
38890,0.0009765625,10
38891,0.0009765625,10
38892,0.0009765625,10
38893,0.0009765625,10
38894,0.001953125,9
38895,0.0009765625,10
38896,0.0009765625,10
38897,0.0009765625,10
38898,0.001953125,9
38899,0.0009765625,10
38900,0.0009765625,10
38901,0.0009765625,10
38902,0.0009765625,10
38903,0.001953125,9
38904,0.0009765625,10
38905,0.0009765625,10
38906,0.0009765625,10
38907,0.001953125,9
38908,0.0009765625,10
38909,0.0009765625,10
38910,0.0009765625,10
38911,0.001953125,9
38912,0.0009765625,10
38913,0.0009765625,10
38914,0.0009765625,10
38915,0.0009765625,10
38916,0.001953125,9
38917,0.0009765625,10
38918,0.0009765625,10
38919,0.0009765625,10
38920,0.001953125,9
38921,0.0009765625,10
38922,0.0009765625,10
38923,0.0009765625,10
38924,0.001953125,9
38925,0.0009765625,10
38926,0.0009765625,10
38927,0.0009765625,10
38928,0.0009765625,10
38929,0.001953125,9
38930,0.0009765625,10
38931,0.0009765625,10
38932,0.0009765625,10
38933,0.001953125,9
38934,0.0009765625,10
38935,0.0009765625,10
38936,0.0009765625,10
38937,0.0009765625,10
38938,0.001953125,9
38939,0.0009765625,10
38940,0.0009765625,10
38941,0.0009765625,10
38942,0.001953125,9
38943,0.0009765625,10
38944,0.0009765625,10
38945,0.0009765625,10
38946,0.001953125,9
38947,0.0009765625,10
38948,0.0009765625,10
38949,0.0009765625,10
38950,0.0009765625,10
38951,0.001953125,9
38952,0.0009765625,10
38953,0.0009765625,10
38954,0.0009765625,10
38955,0.001953125,9
38956,0.0009765625,10
38957,0.0009765625,10
38958,0.0009765625,10
38959,0.001953125,9
38960,0.0009765625,10
38961,0.0009765625,10
38962,0.0009765625,10
38963,0.0009765625,10
38964,0.001953125,9
38965,0.0009765625,10
38966,0.0009765625,10
38967,0.0009765625,10
38968,0.001953125,9
38969,0.0009765625,10
38970,0.0009765625,10
38971,0.0009765625,10
38972,0.001953125,9
38973,0.0009765625,10
38974,0.0009765625,10
38975,0.0009765625,10
38976,0.0009765625,10
38977,0.001953125,9
38978,0.0009765625,10
38979,0.0009765625,10
38980,0.0009765625,10
38981,0.001953125,9
38982,0.0009765625,10
38983,0.0009765625,10
38984,0.0009765625,10
38985,0.0009765625,10
38986,0.001953125,9
38987,0.0009765625,10
38988,0.0009765625,10
38989,0.0009765625,10
38990,0.001953125,9
38991,0.0009765625,10
38992,0.0009765625,10
38993,0.0009765625,10
38994,0.001953125,9
38995,0.0009765625,10
38996,0.0009765625,10
38997,0.0009765625,10
38998,0.0009765625,10
38999,0.001953125,9
39000,0.0009765625,10
39001,0.0009765625,10
39002,0.0009765625,10
39003,0.001953125,9
39004,0.0009765625,10
39005,0.0009765625,10
39006,0.0009765625,10
39007,0.001953125,9
39008,0.0009765625,10
39009,0.0009765625,10
39010,0.0009765625,10
39011,0.0009765625,10
39012,0.001953125,9
39013,0.0009765625,10
39014,0.0009765625,10
39015,0.0009765625,10
39016,0.001953125,9
39017,0.0009765625,10
39018,0.0009765625,10
39019,0.0009765625,10
39020,0.0009765625,10
