iter,step,backtrack
1,0.001953125,9
2,0.001953125,9
3,0.001953125,9
4,0.001953125,9
5,0.001953125,9
6,0.00390625,8
7,0.001953125,9
8,0.001953125,9
9,0.00390625,8
10,0.001953125,9
11,0.0009765625,10
12,0.00390625,8
13,0.0009765625,10
14,0.00390625,8
15,0.0009765625,10
16,0.001953125,9
17,0.0009765625,10
18,0.001953125,9
19,0.001953125,9
20,0.0009765625,10
21,0.001953125,9
22,0.0009765625,10
23,0.001953125,9
24,0.0009765625,10
25,0.001953125,9
26,0.0009765625,10
27,0.001953125,9
28,0.0009765625,10
29,0.001953125,9
30,0.0009765625,10
31,0.001953125,9
32,0.0009765625,10
33,0.001953125,9
34,0.0009765625,10
35,0.0009765625,10
36,0.001953125,9
37,0.0009765625,10
38,0.0009765625,10
39,0.001953125,9
40,0.0009765625,10
41,0.001953125,9
42,0.0009765625,10
43,0.0009765625,10
44,0.001953125,9
45,0.0009765625,10
46,0.001953125,9
47,0.0009765625,10
48,0.001953125,9
49,0.0009765625,10
50,0.001953125,9
51,0.0009765625,10
52,0.001953125,9
53,0.0009765625,10
54,0.0009765625,10
55,0.001953125,9
56,0.0009765625,10
57,0.001953125,9
58,0.0009765625,10
59,0.001953125,9
60,0.0009765625,10
61,0.001953125,9
62,0.0009765625,10
63,0.001953125,9
64,0.0009765625,10
65,0.001953125,9
66,0.0009765625,10
67,0.001953125,9
68,0.0009765625,10
69,0.001953125,9
70,0.0009765625,10
71,0.0009765625,10
72,0.001953125,9
73,0.0009765625,10
74,0.001953125,9
75,0.0009765625,10
76,0.001953125,9
77,0.0009765625,10
78,0.001953125,9
79,0.0009765625,10
80,0.001953125,9
81,0.0009765625,10
82,0.001953125,9
83,0.0009765625,10
84,0.0009765625,10
85,0.001953125,9
86,0.0009765625,10
87,0.001953125,9
88,0.0009765625,10
89,0.001953125,9
90,0.0009765625,10
91,0.001953125,9
92,0.0009765625,10
93,0.0009765625,10
94,0.001953125,9
95,0.0009765625,10
96,0.001953125,9
97,0.0009765625,10
98,0.001953125,9
99,0.0009765625,10
100,0.001953125,9
101,0.0009765625,10
102,0.0009765625,10
103,0.001953125,9
104,0.0009765625,10
105,0.001953125,9
106,0.0009765625,10
107,0.001953125,9
108,0.0009765625,10
109,0.001953125,9
110,0.0009765625,10
111,0.0009765625,10
112,0.001953125,9
113,0.0009765625,10
114,0.001953125,9
115,0.0009765625,10
116,0.001953125,9
117,0.0009765625,10
118,0.001953125,9
119,0.0009765625,10
120,0.0009765625,10
121,0.001953125,9
122,0.0009765625,10
123,0.001953125,9
124,0.0009765625,10
125,0.001953125,9
126,0.0009765625,10
127,0.0009765625,10
128,0.001953125,9
129,0.0009765625,10
130,0.001953125,9
131,0.0009765625,10
132,0.001953125,9
133,0.0009765625,10
134,0.0009765625,10
135,0.001953125,9
136,0.0009765625,10
137,0.001953125,9
138,0.0009765625,10
139,0.001953125,9
140,0.0009765625,10
141,0.0009765625,10
142,0.001953125,9
143,0.0009765625,10
144,0.001953125,9
145,0.0009765625,10
146,0.001953125,9
147,0.0009765625,10
148,0.0009765625,10
149,0.001953125,9
150,0.0009765625,10
151,0.001953125,9
152,0.0009765625,10
153,0.0009765625,10
154,0.001953125,9
155,0.0009765625,10
156,0.001953125,9
157,0.0009765625,10
158,0.001953125,9
159,0.0009765625,10
160,0.0009765625,10
161,0.001953125,9
162,0.0009765625,10
163,0.001953125,9
164,0.0009765625,10
165,0.0009765625,10
166,0.001953125,9
167,0.0009765625,10
168,0.001953125,9
169,0.0009765625,10
170,0.001953125,9
171,0.0009765625,10
172,0.0009765625,10
173,0.001953125,9
174,0.0009765625,10
175,0.001953125,9
176,0.0009765625,10
177,0.0009765625,10
178,0.001953125,9
179,0.0009765625,10
180,0.001953125,9
181,0.0009765625,10
182,0.0009765625,10
183,0.001953125,9
184,0.0009765625,10
185,0.001953125,9
186,0.0009765625,10
187,0.0009765625,10
188,0.001953125,9
189,0.0009765625,10
190,0.001953125,9
191,0.0009765625,10
192,0.001953125,9
193,0.0009765625,10
194,0.0009765625,10
195,0.001953125,9
196,0.0009765625,10
197,0.001953125,9
198,0.0009765625,10
199,0.0009765625,10
200,0.001953125,9
201,0.0009765625,10
202,0.001953125,9
203,0.0009765625,10
204,0.0009765625,10
205,0.001953125,9
206,0.0009765625,10
207,0.001953125,9
208,0.0009765625,10
209,0.0009765625,10
210,0.001953125,9
211,0.0009765625,10
212,0.001953125,9
213,0.0009765625,10
214,0.0009765625,10
215,0.001953125,9
216,0.0009765625,10
217,0.001953125,9
218,0.0009765625,10
219,0.0009765625,10
220,0.001953125,9
221,0.0009765625,10
222,0.0009765625,10
223,0.001953125,9
224,0.0009765625,10
225,0.001953125,9
226,0.0009765625,10
227,0.0009765625,10
228,0.001953125,9
229,0.0009765625,10
230,0.001953125,9
231,0.0009765625,10
232,0.0009765625,10
233,0.001953125,9
234,0.0009765625,10
235,0.001953125,9
236,0.0009765625,10
237,0.0009765625,10
238,0.001953125,9
239,0.0009765625,10
240,0.001953125,9
241,0.0009765625,10
242,0.0009765625,10
243,0.001953125,9
244,0.0009765625,10
245,0.0009765625,10
246,0.001953125,9
247,0.0009765625,10
248,0.001953125,9
249,0.0009765625,10
250,0.0009765625,10
251,0.001953125,9
252,0.0009765625,10
253,0.001953125,9
254,0.0009765625,10
255,0.0009765625,10
256,0.001953125,9
257,0.0009765625,10
258,0.0009765625,10
259,0.001953125,9
260,0.0009765625,10
261,0.001953125,9
262,0.0009765625,10
263,0.0009765625,10
264,0.001953125,9
265,0.0009765625,10
266,0.0009765625,10
267,0.001953125,9
268,0.0009765625,10
269,0.001953125,9
270,0.0009765625,10
271,0.0009765625,10
272,0.001953125,9
273,0.0009765625,10
274,0.001953125,9
275,0.0009765625,10
276,0.0009765625,10
277,0.001953125,9
278,0.0009765625,10
279,0.0009765625,10
280,0.001953125,9
281,0.0009765625,10
282,0.001953125,9
283,0.0009765625,10
284,0.0009765625,10
285,0.001953125,9
286,0.0009765625,10
287,0.0009765625,10
288,0.001953125,9
289,0.0009765625,10
290,0.0009765625,10
291,0.001953125,9
292,0.0009765625,10
293,0.001953125,9
294,0.0009765625,10
295,0.0009765625,10
296,0.001953125,9
297,0.0009765625,10
298,0.0009765625,10
299,0.001953125,9
300,0.0009765625,10
301,0.0009765625,10
302,0.001953125,9
303,0.0009765625,10
304,0.001953125,9
305,0.0009765625,10
306,0.0009765625,10
307,0.001953125,9
308,0.0009765625,10
309,0.0009765625,10
310,0.001953125,9
311,0.0009765625,10
312,0.0009765625,10
313,0.001953125,9
314,0.0009765625,10
315,0.0009765625,10
316,0.001953125,9
317,0.0009765625,10
318,0.001953125,9
319,0.0009765625,10
320,0.0009765625,10
321,0.001953125,9
322,0.0009765625,10
323,0.0009765625,10
324,0.001953125,9
325,0.0009765625,10
326,0.0009765625,10
327,0.001953125,9
328,0.0009765625,10
329,0.0009765625,10
330,0.001953125,9
331,0.0009765625,10
332,0.0009765625,10
333,0.001953125,9
334,0.0009765625,10
335,0.0009765625,10
336,0.001953125,9
337,0.0009765625,10
338,0.0009765625,10
339,0.001953125,9
340,0.0009765625,10
341,0.0009765625,10
342,0.001953125,9
343,0.0009765625,10
344,0.0009765625,10
345,0.001953125,9
346,0.0009765625,10
347,0.0009765625,10
348,0.001953125,9
349,0.0009765625,10
350,0.0009765625,10
351,0.001953125,9
352,0.0009765625,10
353,0.0009765625,10
354,0.001953125,9
355,0.0009765625,10
356,0.0009765625,10
357,0.001953125,9
358,0.0009765625,10
359,0.0009765625,10
360,0.001953125,9
361,0.0009765625,10
362,0.0009765625,10
363,0.001953125,9
364,0.0009765625,10
365,0.0009765625,10
366,0.001953125,9
367,0.0009765625,10
368,0.0009765625,10
369,0.001953125,9
370,0.0009765625,10
371,0.0009765625,10
372,0.001953125,9
373,0.0009765625,10
374,0.0009765625,10
375,0.001953125,9
376,0.0009765625,10
377,0.0009765625,10
378,0.001953125,9
379,0.0009765625,10
380,0.0009765625,10
381,0.001953125,9
382,0.0009765625,10
383,0.0009765625,10
384,0.001953125,9
385,0.0009765625,10
386,0.0009765625,10
387,0.001953125,9
388,0.0009765625,10
389,0.0009765625,10
390,0.001953125,9
391,0.0009765625,10
392,0.0009765625,10
393,0.001953125,9
394,0.0009765625,10
395,0.0009765625,10
396,0.001953125,9
397,0.0009765625,10
398,0.0009765625,10
399,0.001953125,9
400,0.0009765625,10
401,0.0009765625,10
402,0.001953125,9
403,0.0009765625,10
404,0.0009765625,10
405,0.001953125,9
406,0.0009765625,10
407,0.0009765625,10
408,0.001953125,9
409,0.0009765625,10
410,0.0009765625,10
411,0.001953125,9
412,0.0009765625,10
413,0.0009765625,10
414,0.001953125,9
415,0.0009765625,10
416,0.0009765625,10
417,0.001953125,9
418,0.0009765625,10
419,0.0009765625,10
420,0.001953125,9
421,0.0009765625,10
422,0.0009765625,10
423,0.001953125,9
424,0.0009765625,10
425,0.0009765625,10
426,0.001953125,9
427,0.0009765625,10
428,0.0009765625,10
429,0.0009765625,10
430,0.001953125,9
431,0.0009765625,10
432,0.0009765625,10
433,0.001953125,9
434,0.0009765625,10
435,0.0009765625,10
436,0.001953125,9
437,0.0009765625,10
438,0.0009765625,10
439,0.001953125,9
440,0.0009765625,10
441,0.0009765625,10
442,0.001953125,9
443,0.0009765625,10
444,0.0009765625,10
445,0.001953125,9
446,0.0009765625,10
447,0.0009765625,10
448,0.001953125,9
449,0.0009765625,10
450,0.0009765625,10
451,0.001953125,9
452,0.0009765625,10
453,0.0009765625,10
454,0.0009765625,10
455,0.001953125,9
456,0.0009765625,10
457,0.0009765625,10
458,0.001953125,9
459,0.0009765625,10
460,0.0009765625,10
461,0.001953125,9
462,0.0009765625,10
463,0.0009765625,10
464,0.001953125,9
465,0.0009765625,10
466,0.0009765625,10
467,0.001953125,9
468,0.0009765625,10
469,0.0009765625,10
470,0.001953125,9
471,0.0009765625,10
472,0.0009765625,10
473,0.001953125,9
474,0.0009765625,10
475,0.0009765625,10
476,0.0009765625,10
477,0.001953125,9
478,0.0009765625,10
479,0.0009765625,10
480,0.001953125,9
481,0.0009765625,10
482,0.0009765625,10
483,0.001953125,9
484,0.0009765625,10
485,0.0009765625,10
486,0.001953125,9
487,0.0009765625,10
488,0.0009765625,10
489,0.001953125,9
490,0.0009765625,10
491,0.0009765625,10
492,0.0009765625,10
493,0.001953125,9
494,0.0009765625,10
495,0.0009765625,10
496,0.001953125,9
497,0.0009765625,10
498,0.0009765625,10
499,0.001953125,9
500,0.0009765625,10
501,0.0009765625,10
502,0.001953125,9
503,0.0009765625,10
504,0.0009765625,10
505,0.001953125,9
506,0.0009765625,10
507,0.0009765625,10
508,0.0009765625,10
509,0.001953125,9
510,0.0009765625,10
511,0.0009765625,10
512,0.001953125,9
513,0.0009765625,10
514,0.0009765625,10
515,0.001953125,9
516,0.0009765625,10
517,0.0009765625,10
518,0.001953125,9
519,0.0009765625,10
520,0.0009765625,10
521,0.001953125,9
522,0.0009765625,10
523,0.0009765625,10
524,0.0009765625,10
525,0.001953125,9
526,0.0009765625,10
527,0.0009765625,10
528,0.001953125,9
529,0.0009765625,10
530,0.0009765625,10
531,0.001953125,9
532,0.0009765625,10
533,0.0009765625,10
534,0.001953125,9
535,0.0009765625,10
536,0.0009765625,10
537,0.0009765625,10
538,0.001953125,9
539,0.0009765625,10
540,0.0009765625,10
541,0.001953125,9
542,0.0009765625,10
543,0.0009765625,10
544,0.001953125,9
545,0.0009765625,10
546,0.0009765625,10
547,0.0009765625,10
548,0.001953125,9
549,0.0009765625,10
550,0.0009765625,10
551,0.001953125,9
552,0.0009765625,10
553,0.0009765625,10
554,0.001953125,9
555,0.0009765625,10
556,0.0009765625,10
557,0.0009765625,10
558,0.001953125,9
559,0.0009765625,10
560,0.0009765625,10
561,0.001953125,9
562,0.0009765625,10
563,0.0009765625,10
564,0.0009765625,10
565,0.001953125,9
566,0.0009765625,10
567,0.0009765625,10
568,0.001953125,9
569,0.0009765625,10
570,0.0009765625,10
571,0.001953125,9
572,0.0009765625,10
573,0.0009765625,10
574,0.0009765625,10
575,0.001953125,9
576,0.0009765625,10
577,0.0009765625,10
578,0.001953125,9
579,0.0009765625,10
580,0.0009765625,10
581,0.0009765625,10
582,0.001953125,9
583,0.0009765625,10
584,0.0009765625,10
585,0.001953125,9
586,0.0009765625,10
587,0.0009765625,10
588,0.0009765625,10
589,0.001953125,9
590,0.0009765625,10
591,0.0009765625,10
592,0.001953125,9
593,0.0009765625,10
594,0.0009765625,10
595,0.0009765625,10
596,0.001953125,9
597,0.0009765625,10
598,0.0009765625,10
599,0.001953125,9
600,0.0009765625,10
601,0.0009765625,10
602,0.0009765625,10
603,0.001953125,9
604,0.0009765625,10
605,0.0009765625,10
606,0.001953125,9
607,0.0009765625,10
608,0.0009765625,10
609,0.0009765625,10
610,0.001953125,9
611,0.0009765625,10
612,0.0009765625,10
613,0.001953125,9
614,0.0009765625,10
615,0.0009765625,10
616,0.0009765625,10
617,0.001953125,9
618,0.0009765625,10
619,0.0009765625,10
620,0.001953125,9
621,0.0009765625,10
622,0.0009765625,10
623,0.0009765625,10
624,0.001953125,9
625,0.0009765625,10
626,0.0009765625,10
627,0.001953125,9
628,0.0009765625,10
629,0.0009765625,10
630,0.001953125,9
631,0.0009765625,10
632,0.0009765625,10
633,0.0009765625,10
634,0.001953125,9
635,0.0009765625,10
636,0.0009765625,10
637,0.001953125,9
638,0.0009765625,10
639,0.0009765625,10
640,0.0009765625,10
641,0.001953125,9
642,0.0009765625,10
643,0.0009765625,10
644,0.0009765625,10
645,0.001953125,9
646,0.0009765625,10
647,0.0009765625,10
648,0.001953125,9
649,0.0009765625,10
650,0.0009765625,10
651,0.0009765625,10
652,0.001953125,9
653,0.0009765625,10
654,0.0009765625,10
655,0.001953125,9
656,0.0009765625,10
657,0.0009765625,10
658,0.0009765625,10
659,0.001953125,9
660,0.0009765625,10
661,0.0009765625,10
662,0.001953125,9
663,0.0009765625,10
664,0.0009765625,10
665,0.0009765625,10
666,0.001953125,9
667,0.0009765625,10
668,0.0009765625,10
669,0.001953125,9
670,0.0009765625,10
671,0.0009765625,10
672,0.0009765625,10
673,0.001953125,9
674,0.0009765625,10
675,0.0009765625,10
676,0.001953125,9
677,0.0009765625,10
678,0.0009765625,10
679,0.0009765625,10
680,0.001953125,9
681,0.0009765625,10
682,0.0009765625,10
683,0.001953125,9
684,0.0009765625,10
685,0.0009765625,10
686,0.0009765625,10
687,0.001953125,9
688,0.0009765625,10
689,0.0009765625,10
690,0.001953125,9
691,0.0009765625,10
692,0.0009765625,10
693,0.0009765625,10
694,0.001953125,9
695,0.0009765625,10
696,0.0009765625,10
697,0.0009765625,10
698,0.001953125,9
699,0.0009765625,10
700,0.0009765625,10
701,0.001953125,9
702,0.0009765625,10
703,0.0009765625,10
704,0.0009765625,10
705,0.001953125,9
706,0.0009765625,10
707,0.0009765625,10
708,0.001953125,9
709,0.0009765625,10
710,0.0009765625,10
711,0.0009765625,10
712,0.001953125,9
713,0.0009765625,10
714,0.0009765625,10
715,0.001953125,9
716,0.0009765625,10
717,0.0009765625,10
718,0.0009765625,10
719,0.001953125,9
720,0.0009765625,10
721,0.0009765625,10
722,0.0009765625,10
723,0.001953125,9
724,0.0009765625,10
725,0.0009765625,10
726,0.001953125,9
727,0.0009765625,10
728,0.0009765625,10
729,0.0009765625,10
730,0.001953125,9
731,0.0009765625,10
732,0.0009765625,10
733,0.001953125,9
734,0.0009765625,10
735,0.0009765625,10
736,0.0009765625,10
737,0.001953125,9
738,0.0009765625,10
739,0.0009765625,10
740,0.001953125,9
741,0.0009765625,10
742,0.0009765625,10
743,0.0009765625,10
744,0.001953125,9
745,0.0009765625,10
746,0.0009765625,10
747,0.0009765625,10
748,0.001953125,9
749,0.0009765625,10
750,0.0009765625,10
751,0.001953125,9
752,0.0009765625,10
753,0.0009765625,10
754,0.0009765625,10
755,0.001953125,9
756,0.0009765625,10
757,0.0009765625,10
758,0.001953125,9
759,0.0009765625,10
760,0.0009765625,10
761,0.0009765625,10
762,0.001953125,9
763,0.0009765625,10
764,0.0009765625,10
765,0.0009765625,10
766,0.001953125,9
767,0.0009765625,10
768,0.0009765625,10
769,0.001953125,9
770,0.0009765625,10
771,0.0009765625,10
772,0.0009765625,10
773,0.001953125,9
774,0.0009765625,10
775,0.0009765625,10
776,0.001953125,9
777,0.0009765625,10
778,0.0009765625,10
779,0.0009765625,10
780,0.001953125,9
781,0.0009765625,10
782,0.0009765625,10
783,0.0009765625,10
784,0.001953125,9
785,0.0009765625,10
786,0.0009765625,10
787,0.001953125,9
788,0.0009765625,10
789,0.0009765625,10
790,0.0009765625,10
791,0.001953125,9
792,0.0009765625,10
793,0.0009765625,10
794,0.0009765625,10
795,0.001953125,9
796,0.0009765625,10
797,0.0009765625,10
798,0.001953125,9
799,0.0009765625,10
800,0.0009765625,10
801,0.0009765625,10
802,0.001953125,9
803,0.0009765625,10
804,0.0009765625,10
805,0.0009765625,10
806,0.001953125,9
807,0.0009765625,10
808,0.0009765625,10
809,0.0009765625,10
810,0.001953125,9
811,0.0009765625,10
812,0.0009765625,10
813,0.001953125,9
814,0.0009765625,10
815,0.0009765625,10
816,0.0009765625,10
817,0.001953125,9
818,0.0009765625,10
819,0.0009765625,10
820,0.0009765625,10
821,0.001953125,9
822,0.0009765625,10
823,0.0009765625,10
824,0.0009765625,10
825,0.001953125,9
826,0.0009765625,10
827,0.0009765625,10
828,0.0009765625,10
829,0.001953125,9
830,0.0009765625,10
831,0.0009765625,10
832,0.001953125,9
833,0.0009765625,10
834,0.0009765625,10
835,0.0009765625,10
836,0.001953125,9
837,0.0009765625,10
838,0.0009765625,10
839,0.0009765625,10
840,0.001953125,9
841,0.0009765625,10
842,0.0009765625,10
843,0.0009765625,10
844,0.001953125,9
845,0.0009765625,10
846,0.0009765625,10
847,0.0009765625,10
848,0.001953125,9
849,0.0009765625,10
850,0.0009765625,10
851,0.001953125,9
852,0.0009765625,10
853,0.0009765625,10
854,0.0009765625,10
855,0.001953125,9
856,0.0009765625,10
857,0.0009765625,10
858,0.0009765625,10
859,0.001953125,9
860,0.0009765625,10
861,0.0009765625,10
862,0.0009765625,10
863,0.001953125,9
864,0.0009765625,10
865,0.0009765625,10
866,0.001953125,9
867,0.0009765625,10
868,0.0009765625,10
869,0.0009765625,10
870,0.001953125,9
871,0.0009765625,10
872,0.0009765625,10
873,0.0009765625,10
874,0.001953125,9
875,0.0009765625,10
876,0.0009765625,10
877,0.0009765625,10
878,0.001953125,9
879,0.0009765625,10
880,0.0009765625,10
881,0.0009765625,10
882,0.001953125,9
883,0.0009765625,10
884,0.0009765625,10
885,0.001953125,9
886,0.0009765625,10
887,0.0009765625,10
888,0.0009765625,10
889,0.001953125,9
890,0.0009765625,10
891,0.0009765625,10
892,0.0009765625,10
893,0.001953125,9
894,0.0009765625,10
895,0.0009765625,10
896,0.0009765625,10
897,0.001953125,9
898,0.0009765625,10
899,0.0009765625,10
900,0.0009765625,10
901,0.001953125,9
902,0.0009765625,10
903,0.0009765625,10
904,0.001953125,9
905,0.0009765625,10
906,0.0009765625,10
907,0.0009765625,10
908,0.001953125,9
909,0.0009765625,10
910,0.0009765625,10
911,0.0009765625,10
912,0.001953125,9
913,0.0009765625,10
914,0.0009765625,10
915,0.0009765625,10
916,0.001953125,9
917,0.0009765625,10
918,0.0009765625,10
919,0.0009765625,10
920,0.001953125,9
921,0.0009765625,10
922,0.0009765625,10
923,0.001953125,9
924,0.0009765625,10
925,0.0009765625,10
926,0.0009765625,10
927,0.001953125,9
928,0.0009765625,10
929,0.0009765625,10
930,0.0009765625,10
931,0.001953125,9
932,0.0009765625,10
933,0.0009765625,10
934,0.0009765625,10
935,0.001953125,9
936,0.0009765625,10
937,0.0009765625,10
938,0.0009765625,10
939,0.001953125,9
940,0.0009765625,10
941,0.0009765625,10
942,0.0009765625,10
943,0.001953125,9
944,0.0009765625,10
945,0.0009765625,10
946,0.001953125,9
947,0.0009765625,10
948,0.0009765625,10
949,0.0009765625,10
950,0.001953125,9
951,0.0009765625,10
952,0.0009765625,10
953,0.0009765625,10
954,0.001953125,9
955,0.0009765625,10
956,0.0009765625,10
957,0.0009765625,10
958,0.001953125,9
959,0.0009765625,10
960,0.0009765625,10
961,0.0009765625,10
962,0.001953125,9
963,0.0009765625,10
964,0.0009765625,10
965,0.001953125,9
966,0.0009765625,10
967,0.0009765625,10
968,0.0009765625,10
969,0.001953125,9
970,0.0009765625,10
971,0.0009765625,10
972,0.0009765625,10
973,0.001953125,9
974,0.0009765625,10
975,0.0009765625,10
976,0.0009765625,10
977,0.001953125,9
978,0.0009765625,10
979,0.0009765625,10
980,0.0009765625,10
981,0.001953125,9
982,0.0009765625,10
983,0.0009765625,10
984,0.001953125,9
985,0.0009765625,10
986,0.0009765625,10
987,0.0009765625,10
988,0.001953125,9
989,0.0009765625,10
990,0.0009765625,10
991,0.0009765625,10
992,0.001953125,9
993,0.0009765625,10
994,0.0009765625,10
995,0.0009765625,10
996,0.001953125,9
997,0.0009765625,10
998,0.0009765625,10
999,0.0009765625,10
1000,0.001953125,9
1001,0.0009765625,10
1002,0.0009765625,10
1003,0.001953125,9
1004,0.0009765625,10
1005,0.0009765625,10
1006,0.0009765625,10
1007,0.001953125,9
1008,0.0009765625,10
1009,0.0009765625,10
1010,0.0009765625,10
1011,0.001953125,9
1012,0.0009765625,10
1013,0.0009765625,10
1014,0.0009765625,10
1015,0.001953125,9
1016,0.0009765625,10
1017,0.0009765625,10
1018,0.0009765625,10
1019,0.001953125,9
1020,0.0009765625,10
1021,0.0009765625,10
1022,0.001953125,9
1023,0.0009765625,10
1024,0.0009765625,10
1025,0.0009765625,10
1026,0.001953125,9
1027,0.0009765625,10
1028,0.0009765625,10
1029,0.0009765625,10
1030,0.001953125,9
1031,0.0009765625,10
1032,0.0009765625,10
1033,0.0009765625,10
1034,0.001953125,9
1035,0.0009765625,10
1036,0.0009765625,10
1037,0.0009765625,10
1038,0.001953125,9
1039,0.0009765625,10
1040,0.0009765625,10
1041,0.0009765625,10
1042,0.001953125,9
1043,0.0009765625,10
1044,0.0009765625,10
1045,0.001953125,9
1046,0.0009765625,10
1047,0.0009765625,10
1048,0.0009765625,10
1049,0.001953125,9
1050,0.0009765625,10
1051,0.0009765625,10
1052,0.0009765625,10
1053,0.001953125,9
1054,0.0009765625,10
1055,0.0009765625,10
1056,0.0009765625,10
1057,0.001953125,9
1058,0.0009765625,10
1059,0.0009765625,10
1060,0.0009765625,10
1061,0.001953125,9
1062,0.0009765625,10
1063,0.0009765625,10
1064,0.0009765625,10
1065,0.001953125,9
1066,0.0009765625,10
1067,0.0009765625,10
1068,0.0009765625,10
1069,0.001953125,9
1070,0.0009765625,10
1071,0.0009765625,10
1072,0.0009765625,10
1073,0.001953125,9
1074,0.0009765625,10
1075,0.0009765625,10
1076,0.0009765625,10
1077,0.001953125,9
1078,0.0009765625,10
1079,0.0009765625,10
1080,0.0009765625,10
1081,0.001953125,9
1082,0.0009765625,10
1083,0.0009765625,10
1084,0.0009765625,10
1085,0.001953125,9
1086,0.0009765625,10
1087,0.0009765625,10
1088,0.0009765625,10
1089,0.001953125,9
1090,0.0009765625,10
1091,0.0009765625,10
1092,0.0009765625,10
1093,0.001953125,9
1094,0.0009765625,10
1095,0.0009765625,10
1096,0.0009765625,10
1097,0.001953125,9
1098,0.0009765625,10
1099,0.0009765625,10
1100,0.0009765625,10
1101,0.001953125,9
1102,0.0009765625,10
1103,0.0009765625,10
1104,0.0009765625,10
1105,0.001953125,9
1106,0.0009765625,10
1107,0.0009765625,10
1108,0.0009765625,10
1109,0.001953125,9
1110,0.0009765625,10
1111,0.0009765625,10
1112,0.0009765625,10
1113,0.001953125,9
1114,0.0009765625,10
1115,0.0009765625,10
1116,0.0009765625,10
1117,0.001953125,9
1118,0.0009765625,10
1119,0.0009765625,10
1120,0.0009765625,10
1121,0.001953125,9
1122,0.0009765625,10
1123,0.0009765625,10
1124,0.0009765625,10
1125,0.001953125,9
1126,0.0009765625,10
1127,0.0009765625,10
1128,0.0009765625,10
1129,0.001953125,9
1130,0.0009765625,10
1131,0.0009765625,10
1132,0.0009765625,10
1133,0.001953125,9
1134,0.0009765625,10
1135,0.0009765625,10
1136,0.001953125,9
1137,0.0009765625,10
1138,0.0009765625,10
1139,0.0009765625,10
1140,0.001953125,9
1141,0.0009765625,10
1142,0.0009765625,10
1143,0.0009765625,10
1144,0.001953125,9
1145,0.0009765625,10
1146,0.0009765625,10
1147,0.0009765625,10
1148,0.001953125,9
1149,0.0009765625,10
1150,0.0009765625,10
1151,0.0009765625,10
1152,0.001953125,9
1153,0.0009765625,10
1154,0.0009765625,10
1155,0.0009765625,10
1156,0.001953125,9
1157,0.0009765625,10
1158,0.0009765625,10
1159,0.0009765625,10
1160,0.001953125,9
1161,0.0009765625,10
1162,0.0009765625,10
1163,0.0009765625,10
1164,0.001953125,9
1165,0.0009765625,10
1166,0.0009765625,10
1167,0.0009765625,10
1168,0.001953125,9
1169,0.0009765625,10
1170,0.0009765625,10
1171,0.0009765625,10
1172,0.001953125,9
1173,0.0009765625,10
1174,0.0009765625,10
1175,0.0009765625,10
1176,0.001953125,9
1177,0.0009765625,10
1178,0.0009765625,10
1179,0.0009765625,10
1180,0.001953125,9
1181,0.0009765625,10
1182,0.0009765625,10
1183,0.0009765625,10
1184,0.001953125,9
1185,0.0009765625,10
1186,0.0009765625,10
1187,0.0009765625,10
1188,0.001953125,9
1189,0.0009765625,10
1190,0.0009765625,10
1191,0.0009765625,10
1192,0.001953125,9
1193,0.0009765625,10
1194,0.0009765625,10
1195,0.001953125,9
1196,0.0009765625,10
1197,0.0009765625,10
1198,0.0009765625,10
1199,0.001953125,9
1200,0.0009765625,10
1201,0.0009765625,10
1202,0.0009765625,10
1203,0.001953125,9
1204,0.0009765625,10
1205,0.0009765625,10
1206,0.0009765625,10
1207,0.001953125,9
1208,0.0009765625,10
1209,0.0009765625,10
1210,0.0009765625,10
1211,0.001953125,9
1212,0.0009765625,10
1213,0.0009765625,10
1214,0.0009765625,10
1215,0.001953125,9
1216,0.0009765625,10
1217,0.0009765625,10
1218,0.0009765625,10
1219,0.001953125,9
1220,0.0009765625,10
1221,0.0009765625,10
1222,0.0009765625,10
1223,0.001953125,9
1224,0.0009765625,10
1225,0.0009765625,10
1226,0.0009765625,10
1227,0.001953125,9
1228,0.0009765625,10
1229,0.0009765625,10
1230,0.0009765625,10
1231,0.001953125,9
1232,0.0009765625,10
1233,0.0009765625,10
1234,0.0009765625,10
1235,0.001953125,9
1236,0.0009765625,10
1237,0.0009765625,10
1238,0.0009765625,10
1239,0.001953125,9
1240,0.0009765625,10
1241,0.0009765625,10
1242,0.001953125,9
1243,0.0009765625,10
1244,0.0009765625,10
1245,0.0009765625,10
1246,0.001953125,9
1247,0.0009765625,10
1248,0.0009765625,10
1249,0.0009765625,10
1250,0.001953125,9
1251,0.0009765625,10
1252,0.0009765625,10
1253,0.0009765625,10
1254,0.001953125,9
1255,0.0009765625,10
1256,0.0009765625,10
1257,0.0009765625,10
1258,0.001953125,9
1259,0.0009765625,10
1260,0.0009765625,10
1261,0.0009765625,10
1262,0.001953125,9
1263,0.0009765625,10
1264,0.0009765625,10
1265,0.0009765625,10
1266,0.001953125,9
1267,0.0009765625,10
1268,0.0009765625,10
1269,0.0009765625,10
1270,0.001953125,9
1271,0.0009765625,10
1272,0.0009765625,10
1273,0.0009765625,10
1274,0.001953125,9
1275,0.0009765625,10
1276,0.0009765625,10
1277,0.001953125,9
1278,0.0009765625,10
1279,0.0009765625,10
1280,0.0009765625,10
1281,0.001953125,9
1282,0.0009765625,10
1283,0.0009765625,10
1284,0.0009765625,10
1285,0.001953125,9
1286,0.0009765625,10
1287,0.0009765625,10
1288,0.0009765625,10
1289,0.001953125,9
1290,0.0009765625,10
1291,0.0009765625,10
1292,0.0009765625,10
1293,0.001953125,9
1294,0.0009765625,10
1295,0.0009765625,10
1296,0.0009765625,10
1297,0.001953125,9
1298,0.0009765625,10
1299,0.0009765625,10
1300,0.0009765625,10
1301,0.001953125,9
1302,0.0009765625,10
1303,0.0009765625,10
1304,0.0009765625,10
1305,0.001953125,9
1306,0.0009765625,10
1307,0.0009765625,10
1308,0.0009765625,10
1309,0.001953125,9
1310,0.0009765625,10
1311,0.0009765625,10
1312,0.0009765625,10
1313,0.001953125,9
1314,0.0009765625,10
1315,0.0009765625,10
1316,0.0009765625,10
1317,0.001953125,9
1318,0.0009765625,10
1319,0.0009765625,10
1320,0.0009765625,10
1321,0.001953125,9
1322,0.0009765625,10
1323,0.0009765625,10
1324,0.0009765625,10
1325,0.0009765625,10
1326,0.001953125,9
1327,0.0009765625,10
1328,0.0009765625,10
1329,0.0009765625,10
1330,0.001953125,9
1331,0.0009765625,10
1332,0.0009765625,10
1333,0.0009765625,10
1334,0.001953125,9
1335,0.0009765625,10
1336,0.0009765625,10
1337,0.0009765625,10
1338,0.001953125,9
1339,0.0009765625,10
1340,0.0009765625,10
1341,0.0009765625,10
1342,0.001953125,9
1343,0.0009765625,10
1344,0.0009765625,10
1345,0.0009765625,10
1346,0.001953125,9
1347,0.0009765625,10
1348,0.0009765625,10
1349,0.0009765625,10
1350,0.001953125,9
1351,0.0009765625,10
1352,0.0009765625,10
1353,0.0009765625,10
1354,0.001953125,9
1355,0.0009765625,10
1356,0.0009765625,10
1357,0.0009765625,10
1358,0.001953125,9
1359,0.0009765625,10
1360,0.0009765625,10
1361,0.0009765625,10
1362,0.001953125,9
1363,0.0009765625,10
1364,0.0009765625,10
1365,0.0009765625,10
1366,0.001953125,9
1367,0.0009765625,10
1368,0.0009765625,10
1369,0.0009765625,10
1370,0.001953125,9
1371,0.0009765625,10
1372,0.0009765625,10
1373,0.0009765625,10
1374,0.001953125,9
1375,0.0009765625,10
1376,0.0009765625,10
1377,0.0009765625,10
1378,0.001953125,9
1379,0.0009765625,10
1380,0.0009765625,10
1381,0.0009765625,10
1382,0.001953125,9
1383,0.0009765625,10
1384,0.0009765625,10
1385,0.0009765625,10
1386,0.001953125,9
1387,0.0009765625,10
1388,0.0009765625,10
1389,0.0009765625,10
1390,0.001953125,9
1391,0.0009765625,10
1392,0.0009765625,10
1393,0.0009765625,10
1394,0.001953125,9
1395,0.0009765625,10
1396,0.0009765625,10
1397,0.0009765625,10
1398,0.001953125,9
1399,0.0009765625,10
1400,0.0009765625,10
1401,0.0009765625,10
1402,0.001953125,9
1403,0.0009765625,10
1404,0.0009765625,10
1405,0.0009765625,10
1406,0.001953125,9
1407,0.0009765625,10
1408,0.0009765625,10
1409,0.0009765625,10
1410,0.001953125,9
1411,0.0009765625,10
1412,0.0009765625,10
1413,0.0009765625,10
1414,0.001953125,9
1415,0.0009765625,10
1416,0.0009765625,10
1417,0.0009765625,10
1418,0.001953125,9
1419,0.0009765625,10
1420,0.0009765625,10
1421,0.0009765625,10
1422,0.001953125,9
1423,0.0009765625,10
1424,0.0009765625,10
1425,0.0009765625,10
1426,0.001953125,9
1427,0.0009765625,10
1428,0.0009765625,10
1429,0.0009765625,10
1430,0.001953125,9
1431,0.0009765625,10
1432,0.0009765625,10
1433,0.0009765625,10
1434,0.001953125,9
1435,0.0009765625,10
1436,0.0009765625,10
1437,0.0009765625,10
1438,0.001953125,9
1439,0.0009765625,10
1440,0.0009765625,10
1441,0.0009765625,10
1442,0.001953125,9
1443,0.0009765625,10
1444,0.0009765625,10
1445,0.0009765625,10
1446,0.001953125,9
1447,0.0009765625,10
1448,0.0009765625,10
1449,0.0009765625,10
1450,0.001953125,9
1451,0.0009765625,10
1452,0.0009765625,10
1453,0.0009765625,10
1454,0.001953125,9
1455,0.0009765625,10
1456,0.0009765625,10
1457,0.0009765625,10
1458,0.001953125,9
1459,0.0009765625,10
1460,0.0009765625,10
1461,0.0009765625,10
1462,0.001953125,9
1463,0.0009765625,10
1464,0.0009765625,10
1465,0.0009765625,10
1466,0.001953125,9
1467,0.0009765625,10
1468,0.0009765625,10
1469,0.0009765625,10
1470,0.001953125,9
1471,0.0009765625,10
1472,0.0009765625,10
1473,0.0009765625,10
1474,0.001953125,9
1475,0.0009765625,10
1476,0.0009765625,10
1477,0.0009765625,10
1478,0.001953125,9
1479,0.0009765625,10
1480,0.0009765625,10
1481,0.0009765625,10
1482,0.001953125,9
1483,0.0009765625,10
1484,0.0009765625,10
1485,0.0009765625,10
1486,0.001953125,9
1487,0.0009765625,10
1488,0.0009765625,10
1489,0.0009765625,10
1490,0.001953125,9
1491,0.0009765625,10
1492,0.0009765625,10
1493,0.0009765625,10
1494,0.001953125,9
1495,0.0009765625,10
1496,0.0009765625,10
1497,0.0009765625,10
1498,0.001953125,9
1499,0.0009765625,10
1500,0.0009765625,10
1501,0.0009765625,10
1502,0.001953125,9
1503,0.0009765625,10
1504,0.0009765625,10
1505,0.0009765625,10
1506,0.001953125,9
1507,0.0009765625,10
1508,0.0009765625,10
1509,0.0009765625,10
1510,0.001953125,9
1511,0.0009765625,10
1512,0.0009765625,10
1513,0.0009765625,10
1514,0.001953125,9
1515,0.0009765625,10
1516,0.0009765625,10
1517,0.0009765625,10
1518,0.001953125,9
1519,0.0009765625,10
1520,0.0009765625,10
1521,0.0009765625,10
1522,0.001953125,9
1523,0.0009765625,10
1524,0.0009765625,10
1525,0.0009765625,10
1526,0.001953125,9
1527,0.0009765625,10
1528,0.0009765625,10
1529,0.0009765625,10
1530,0.001953125,9
1531,0.0009765625,10
1532,0.0009765625,10
1533,0.0009765625,10
1534,0.001953125,9
1535,0.0009765625,10
1536,0.0009765625,10
1537,0.0009765625,10
1538,0.001953125,9
1539,0.0009765625,10
1540,0.0009765625,10
1541,0.0009765625,10
1542,0.001953125,9
1543,0.0009765625,10
1544,0.0009765625,10
1545,0.0009765625,10
1546,0.001953125,9
1547,0.0009765625,10
1548,0.0009765625,10
1549,0.0009765625,10
1550,0.001953125,9
1551,0.0009765625,10
1552,0.0009765625,10
1553,0.0009765625,10
1554,0.001953125,9
1555,0.0009765625,10
1556,0.0009765625,10
1557,0.0009765625,10
1558,0.001953125,9
1559,0.0009765625,10
1560,0.0009765625,10
1561,0.0009765625,10
1562,0.001953125,9
1563,0.0009765625,10
1564,0.0009765625,10
1565,0.0009765625,10
1566,0.001953125,9
1567,0.0009765625,10
1568,0.0009765625,10
1569,0.0009765625,10
1570,0.001953125,9
1571,0.0009765625,10
1572,0.0009765625,10
1573,0.0009765625,10
1574,0.0009765625,10
1575,0.001953125,9
1576,0.0009765625,10
1577,0.0009765625,10
1578,0.0009765625,10
1579,0.001953125,9
1580,0.0009765625,10
1581,0.0009765625,10
1582,0.0009765625,10
1583,0.001953125,9
1584,0.0009765625,10
1585,0.0009765625,10
1586,0.0009765625,10
1587,0.001953125,9
1588,0.0009765625,10
1589,0.0009765625,10
1590,0.0009765625,10
1591,0.001953125,9
1592,0.0009765625,10
1593,0.0009765625,10
1594,0.0009765625,10
1595,0.001953125,9
1596,0.0009765625,10
1597,0.0009765625,10
1598,0.0009765625,10
1599,0.0009765625,10
1600,0.001953125,9
1601,0.0009765625,10
1602,0.0009765625,10
1603,0.0009765625,10
1604,0.001953125,9
1605,0.0009765625,10
1606,0.0009765625,10
1607,0.0009765625,10
1608,0.001953125,9
1609,0.0009765625,10
1610,0.0009765625,10
1611,0.0009765625,10
1612,0.001953125,9
1613,0.0009765625,10
1614,0.0009765625,10
1615,0.0009765625,10
1616,0.001953125,9
1617,0.0009765625,10
1618,0.0009765625,10
1619,0.0009765625,10
1620,0.001953125,9
1621,0.0009765625,10
1622,0.0009765625,10
1623,0.0009765625,10
1624,0.001953125,9
1625,0.0009765625,10
1626,0.0009765625,10
1627,0.0009765625,10
1628,0.001953125,9
1629,0.0009765625,10
1630,0.0009765625,10
1631,0.0009765625,10
1632,0.001953125,9
1633,0.0009765625,10
1634,0.0009765625,10
1635,0.0009765625,10
1636,0.001953125,9
1637,0.0009765625,10
1638,0.0009765625,10
1639,0.0009765625,10
1640,0.001953125,9
1641,0.0009765625,10
1642,0.0009765625,10
1643,0.0009765625,10
1644,0.0009765625,10
1645,0.001953125,9
1646,0.0009765625,10
1647,0.0009765625,10
1648,0.0009765625,10
1649,0.001953125,9
1650,0.0009765625,10
1651,0.0009765625,10
1652,0.0009765625,10
1653,0.001953125,9
1654,0.0009765625,10
1655,0.0009765625,10
1656,0.0009765625,10
1657,0.001953125,9
1658,0.0009765625,10
1659,0.0009765625,10
1660,0.0009765625,10
1661,0.001953125,9
1662,0.0009765625,10
1663,0.0009765625,10
1664,0.0009765625,10
1665,0.001953125,9
1666,0.0009765625,10
1667,0.0009765625,10
1668,0.0009765625,10
1669,0.001953125,9
1670,0.0009765625,10
1671,0.0009765625,10
1672,0.0009765625,10
1673,0.001953125,9
1674,0.0009765625,10
1675,0.0009765625,10
1676,0.0009765625,10
1677,0.001953125,9
1678,0.0009765625,10
1679,0.0009765625,10
1680,0.0009765625,10
1681,0.001953125,9
1682,0.0009765625,10
1683,0.0009765625,10
1684,0.0009765625,10
1685,0.001953125,9
1686,0.0009765625,10
1687,0.0009765625,10
1688,0.0009765625,10
1689,0.001953125,9
1690,0.0009765625,10
1691,0.0009765625,10
1692,0.0009765625,10
1693,0.001953125,9
1694,0.0009765625,10
1695,0.0009765625,10
1696,0.0009765625,10
1697,0.001953125,9
1698,0.0009765625,10
1699,0.0009765625,10
1700,0.0009765625,10
1701,0.001953125,9
1702,0.0009765625,10
1703,0.0009765625,10
1704,0.0009765625,10
1705,0.001953125,9
1706,0.0009765625,10
1707,0.0009765625,10
1708,0.0009765625,10
1709,0.0009765625,10
1710,0.001953125,9
1711,0.0009765625,10
1712,0.0009765625,10
1713,0.0009765625,10
1714,0.001953125,9
1715,0.0009765625,10
1716,0.0009765625,10
1717,0.0009765625,10
1718,0.001953125,9
1719,0.0009765625,10
1720,0.0009765625,10
1721,0.0009765625,10
1722,0.001953125,9
1723,0.0009765625,10
1724,0.0009765625,10
1725,0.0009765625,10
1726,0.001953125,9
1727,0.0009765625,10
1728,0.0009765625,10
1729,0.0009765625,10
1730,0.001953125,9
1731,0.0009765625,10
1732,0.0009765625,10
1733,0.0009765625,10
1734,0.001953125,9
1735,0.0009765625,10
1736,0.0009765625,10
1737,0.0009765625,10
1738,0.001953125,9
1739,0.0009765625,10
1740,0.0009765625,10
1741,0.0009765625,10
1742,0.001953125,9
1743,0.0009765625,10
1744,0.0009765625,10
1745,0.0009765625,10
1746,0.001953125,9
1747,0.0009765625,10
1748,0.0009765625,10
1749,0.0009765625,10
1750,0.001953125,9
1751,0.0009765625,10
1752,0.0009765625,10
1753,0.0009765625,10
1754,0.001953125,9
1755,0.0009765625,10
1756,0.0009765625,10
1757,0.0009765625,10
1758,0.001953125,9
1759,0.0009765625,10
1760,0.0009765625,10
1761,0.0009765625,10
1762,0.001953125,9
1763,0.0009765625,10
1764,0.0009765625,10
1765,0.0009765625,10
1766,0.001953125,9
1767,0.0009765625,10
1768,0.0009765625,10
1769,0.0009765625,10
1770,0.001953125,9
1771,0.0009765625,10
1772,0.0009765625,10
1773,0.0009765625,10
1774,0.001953125,9
1775,0.0009765625,10
1776,0.0009765625,10
1777,0.0009765625,10
1778,0.001953125,9
1779,0.0009765625,10
1780,0.0009765625,10
1781,0.0009765625,10
1782,0.001953125,9
1783,0.0009765625,10
1784,0.0009765625,10
1785,0.0009765625,10
1786,0.001953125,9
1787,0.0009765625,10
1788,0.0009765625,10
1789,0.0009765625,10
1790,0.001953125,9
1791,0.0009765625,10
1792,0.0009765625,10
1793,0.0009765625,10
1794,0.001953125,9
1795,0.0009765625,10
1796,0.0009765625,10
1797,0.0009765625,10
1798,0.001953125,9
1799,0.0009765625,10
1800,0.0009765625,10
1801,0.0009765625,10
1802,0.001953125,9
1803,0.0009765625,10
1804,0.0009765625,10
1805,0.0009765625,10
1806,0.001953125,9
1807,0.0009765625,10
1808,0.0009765625,10
1809,0.0009765625,10
1810,0.001953125,9
1811,0.0009765625,10
1812,0.0009765625,10
1813,0.0009765625,10
1814,0.0009765625,10
1815,0.001953125,9
1816,0.0009765625,10
1817,0.0009765625,10
1818,0.0009765625,10
1819,0.001953125,9
1820,0.0009765625,10
1821,0.0009765625,10
1822,0.0009765625,10
1823,0.001953125,9
1824,0.0009765625,10
1825,0.0009765625,10
1826,0.0009765625,10
1827,0.001953125,9
1828,0.0009765625,10
1829,0.0009765625,10
1830,0.0009765625,10
1831,0.001953125,9
1832,0.0009765625,10
1833,0.0009765625,10
1834,0.0009765625,10
1835,0.0009765625,10
1836,0.001953125,9
1837,0.0009765625,10
1838,0.0009765625,10
1839,0.0009765625,10
1840,0.001953125,9
1841,0.0009765625,10
1842,0.0009765625,10
1843,0.0009765625,10
1844,0.001953125,9
1845,0.0009765625,10
1846,0.0009765625,10
1847,0.0009765625,10
1848,0.001953125,9
1849,0.0009765625,10
1850,0.0009765625,10
1851,0.0009765625,10
1852,0.001953125,9
1853,0.0009765625,10
1854,0.0009765625,10
1855,0.0009765625,10
1856,0.0009765625,10
1857,0.001953125,9
1858,0.0009765625,10
1859,0.0009765625,10
1860,0.0009765625,10
1861,0.001953125,9
1862,0.0009765625,10
1863,0.0009765625,10
1864,0.0009765625,10
1865,0.001953125,9
1866,0.0009765625,10
1867,0.0009765625,10
1868,0.0009765625,10
1869,0.001953125,9
1870,0.0009765625,10
1871,0.0009765625,10
1872,0.0009765625,10
1873,0.001953125,9
1874,0.0009765625,10
1875,0.0009765625,10
1876,0.0009765625,10
1877,0.001953125,9
1878,0.0009765625,10
1879,0.0009765625,10
1880,0.0009765625,10
1881,0.001953125,9
1882,0.0009765625,10
1883,0.0009765625,10
1884,0.0009765625,10
1885,0.001953125,9
1886,0.0009765625,10
1887,0.0009765625,10
1888,0.0009765625,10
1889,0.0009765625,10
1890,0.001953125,9
1891,0.0009765625,10
1892,0.0009765625,10
1893,0.0009765625,10
1894,0.001953125,9
1895,0.0009765625,10
1896,0.0009765625,10
1897,0.0009765625,10
1898,0.001953125,9
1899,0.0009765625,10
1900,0.0009765625,10
1901,0.0009765625,10
1902,0.001953125,9
1903,0.0009765625,10
1904,0.0009765625,10
1905,0.0009765625,10
1906,0.001953125,9
1907,0.0009765625,10
1908,0.0009765625,10
1909,0.0009765625,10
1910,0.001953125,9
1911,0.0009765625,10
1912,0.0009765625,10
1913,0.0009765625,10
1914,0.001953125,9
1915,0.0009765625,10
1916,0.0009765625,10
1917,0.0009765625,10
1918,0.001953125,9
1919,0.0009765625,10
1920,0.0009765625,10
1921,0.0009765625,10
1922,0.001953125,9
1923,0.0009765625,10
1924,0.0009765625,10
1925,0.0009765625,10
1926,0.0009765625,10
1927,0.001953125,9
1928,0.0009765625,10
1929,0.0009765625,10
1930,0.0009765625,10
1931,0.001953125,9
1932,0.0009765625,10
1933,0.0009765625,10
1934,0.0009765625,10
1935,0.001953125,9
1936,0.0009765625,10
1937,0.0009765625,10
1938,0.0009765625,10
1939,0.001953125,9
1940,0.0009765625,10
1941,0.0009765625,10
1942,0.0009765625,10
1943,0.001953125,9
1944,0.0009765625,10
1945,0.0009765625,10
1946,0.0009765625,10
1947,0.001953125,9
1948,0.0009765625,10
1949,0.0009765625,10
1950,0.0009765625,10
1951,0.001953125,9
1952,0.0009765625,10
1953,0.0009765625,10
1954,0.0009765625,10
1955,0.001953125,9
1956,0.0009765625,10
1957,0.0009765625,10
1958,0.0009765625,10
1959,0.001953125,9
1960,0.0009765625,10
1961,0.0009765625,10
1962,0.0009765625,10
1963,0.001953125,9
1964,0.0009765625,10
1965,0.0009765625,10
1966,0.0009765625,10
1967,0.0009765625,10
1968,0.001953125,9
1969,0.0009765625,10
1970,0.0009765625,10
1971,0.0009765625,10
1972,0.001953125,9
1973,0.0009765625,10
1974,0.0009765625,10
1975,0.0009765625,10
1976,0.001953125,9
1977,0.0009765625,10
1978,0.0009765625,10
1979,0.0009765625,10
1980,0.001953125,9
1981,0.0009765625,10
1982,0.0009765625,10
1983,0.0009765625,10
1984,0.001953125,9
1985,0.0009765625,10
1986,0.0009765625,10
1987,0.0009765625,10
1988,0.001953125,9
1989,0.0009765625,10
1990,0.0009765625,10
1991,0.0009765625,10
1992,0.001953125,9
1993,0.0009765625,10
1994,0.0009765625,10
1995,0.0009765625,10
1996,0.001953125,9
1997,0.0009765625,10
1998,0.0009765625,10
1999,0.0009765625,10
2000,0.001953125,9
2001,0.0009765625,10
2002,0.0009765625,10
2003,0.0009765625,10
2004,0.001953125,9
2005,0.0009765625,10
2006,0.0009765625,10
2007,0.0009765625,10
2008,0.001953125,9
2009,0.0009765625,10
2010,0.0009765625,10
2011,0.0009765625,10
2012,0.001953125,9
2013,0.0009765625,10
2014,0.0009765625,10
2015,0.0009765625,10
2016,0.001953125,9
2017,0.0009765625,10
2018,0.0009765625,10
2019,0.0009765625,10
2020,0.001953125,9
2021,0.0009765625,10
2022,0.0009765625,10
2023,0.0009765625,10
2024,0.001953125,9
2025,0.0009765625,10
2026,0.0009765625,10
2027,0.0009765625,10
2028,0.001953125,9
2029,0.0009765625,10
2030,0.0009765625,10
2031,0.0009765625,10
2032,0.001953125,9
2033,0.0009765625,10
2034,0.0009765625,10
2035,0.0009765625,10
2036,0.001953125,9
2037,0.0009765625,10
2038,0.0009765625,10
2039,0.0009765625,10
2040,0.0009765625,10
2041,0.001953125,9
2042,0.0009765625,10
2043,0.0009765625,10
2044,0.0009765625,10
2045,0.001953125,9
2046,0.0009765625,10
2047,0.0009765625,10
2048,0.0009765625,10
2049,0.001953125,9
2050,0.0009765625,10
2051,0.0009765625,10
2052,0.0009765625,10
2053,0.001953125,9
2054,0.0009765625,10
2055,0.0009765625,10
2056,0.0009765625,10
2057,0.001953125,9
2058,0.0009765625,10
2059,0.0009765625,10
2060,0.0009765625,10
2061,0.001953125,9
2062,0.0009765625,10
2063,0.0009765625,10
2064,0.0009765625,10
2065,0.001953125,9
2066,0.0009765625,10
2067,0.0009765625,10
2068,0.0009765625,10
2069,0.001953125,9
2070,0.0009765625,10
2071,0.0009765625,10
2072,0.0009765625,10
2073,0.0009765625,10
2074,0.001953125,9
2075,0.0009765625,10
2076,0.0009765625,10
2077,0.0009765625,10
2078,0.001953125,9
2079,0.0009765625,10
2080,0.0009765625,10
2081,0.0009765625,10
2082,0.001953125,9
2083,0.0009765625,10
2084,0.0009765625,10
2085,0.0009765625,10
2086,0.001953125,9
2087,0.0009765625,10
2088,0.0009765625,10
2089,0.0009765625,10
2090,0.0009765625,10
2091,0.001953125,9
2092,0.0009765625,10
2093,0.0009765625,10
2094,0.0009765625,10
2095,0.001953125,9
2096,0.0009765625,10
2097,0.0009765625,10
2098,0.0009765625,10
2099,0.001953125,9
2100,0.0009765625,10
2101,0.0009765625,10
2102,0.0009765625,10
2103,0.001953125,9
2104,0.0009765625,10
2105,0.0009765625,10
2106,0.0009765625,10
2107,0.0009765625,10
2108,0.001953125,9
2109,0.0009765625,10
2110,0.0009765625,10
2111,0.0009765625,10
2112,0.001953125,9
2113,0.0009765625,10
2114,0.0009765625,10
2115,0.0009765625,10
2116,0.001953125,9
2117,0.0009765625,10
2118,0.0009765625,10
2119,0.0009765625,10
2120,0.001953125,9
2121,0.0009765625,10
2122,0.0009765625,10
2123,0.0009765625,10
2124,0.001953125,9
2125,0.0009765625,10
2126,0.0009765625,10
2127,0.0009765625,10
2128,0.0009765625,10
2129,0.001953125,9
2130,0.0009765625,10
2131,0.0009765625,10
2132,0.0009765625,10
2133,0.001953125,9
2134,0.0009765625,10
2135,0.0009765625,10
2136,0.0009765625,10
2137,0.001953125,9
2138,0.0009765625,10
2139,0.0009765625,10
2140,0.0009765625,10
2141,0.001953125,9
2142,0.0009765625,10
2143,0.0009765625,10
2144,0.0009765625,10
2145,0.001953125,9
2146,0.0009765625,10
2147,0.0009765625,10
2148,0.0009765625,10
2149,0.001953125,9
2150,0.0009765625,10
2151,0.0009765625,10
2152,0.0009765625,10
2153,0.001953125,9
2154,0.0009765625,10
2155,0.0009765625,10
2156,0.0009765625,10
2157,0.0009765625,10
2158,0.001953125,9
2159,0.0009765625,10
2160,0.0009765625,10
2161,0.0009765625,10
2162,0.001953125,9
2163,0.0009765625,10
2164,0.0009765625,10
2165,0.0009765625,10
2166,0.001953125,9
2167,0.0009765625,10
2168,0.0009765625,10
2169,0.0009765625,10
2170,0.001953125,9
2171,0.0009765625,10
2172,0.0009765625,10
2173,0.0009765625,10
2174,0.001953125,9
2175,0.0009765625,10
2176,0.0009765625,10
2177,0.0009765625,10
2178,0.001953125,9
2179,0.0009765625,10
2180,0.0009765625,10
2181,0.0009765625,10
2182,0.001953125,9
2183,0.0009765625,10
2184,0.0009765625,10
2185,0.0009765625,10
2186,0.0009765625,10
2187,0.001953125,9
2188,0.0009765625,10
2189,0.0009765625,10
2190,0.0009765625,10
2191,0.001953125,9
2192,0.0009765625,10
2193,0.0009765625,10
2194,0.0009765625,10
2195,0.001953125,9
2196,0.0009765625,10
2197,0.0009765625,10
2198,0.0009765625,10
2199,0.001953125,9
2200,0.0009765625,10
2201,0.0009765625,10
2202,0.0009765625,10
2203,0.001953125,9
2204,0.0009765625,10
2205,0.0009765625,10
2206,0.0009765625,10
2207,0.001953125,9
2208,0.0009765625,10
2209,0.0009765625,10
2210,0.0009765625,10
2211,0.001953125,9
2212,0.0009765625,10
2213,0.0009765625,10
2214,0.0009765625,10
2215,0.001953125,9
2216,0.0009765625,10
2217,0.0009765625,10
2218,0.0009765625,10
2219,0.0009765625,10
2220,0.001953125,9
2221,0.0009765625,10
2222,0.0009765625,10
2223,0.0009765625,10
2224,0.001953125,9
2225,0.0009765625,10
2226,0.0009765625,10
2227,0.0009765625,10
2228,0.001953125,9
2229,0.0009765625,10
2230,0.0009765625,10
2231,0.0009765625,10
2232,0.001953125,9
2233,0.0009765625,10
2234,0.0009765625,10
2235,0.0009765625,10
2236,0.001953125,9
2237,0.0009765625,10
2238,0.0009765625,10
2239,0.0009765625,10
2240,0.001953125,9
2241,0.0009765625,10
2242,0.0009765625,10
2243,0.0009765625,10
2244,0.001953125,9
2245,0.0009765625,10
2246,0.0009765625,10
2247,0.0009765625,10
2248,0.001953125,9
2249,0.0009765625,10
2250,0.0009765625,10
2251,0.0009765625,10
2252,0.001953125,9
2253,0.0009765625,10
2254,0.0009765625,10
2255,0.0009765625,10
2256,0.0009765625,10
2257,0.001953125,9
2258,0.0009765625,10
2259,0.0009765625,10
2260,0.0009765625,10
2261,0.001953125,9
2262,0.0009765625,10
2263,0.0009765625,10
2264,0.0009765625,10
2265,0.001953125,9
2266,0.0009765625,10
2267,0.0009765625,10
2268,0.0009765625,10
2269,0.001953125,9
2270,0.0009765625,10
2271,0.0009765625,10
2272,0.0009765625,10
2273,0.001953125,9
2274,0.0009765625,10
2275,0.0009765625,10
2276,0.0009765625,10
2277,0.001953125,9
2278,0.0009765625,10
2279,0.0009765625,10
2280,0.0009765625,10
2281,0.001953125,9
2282,0.0009765625,10
2283,0.0009765625,10
2284,0.0009765625,10
2285,0.001953125,9
2286,0.0009765625,10
2287,0.0009765625,10
2288,0.0009765625,10
2289,0.001953125,9
2290,0.0009765625,10
2291,0.0009765625,10
2292,0.0009765625,10
2293,0.001953125,9
2294,0.0009765625,10
2295,0.0009765625,10
2296,0.0009765625,10
2297,0.001953125,9
2298,0.0009765625,10
2299,0.0009765625,10
2300,0.0009765625,10
2301,0.001953125,9
2302,0.0009765625,10
2303,0.0009765625,10
2304,0.0009765625,10
2305,0.001953125,9
2306,0.0009765625,10
2307,0.0009765625,10
2308,0.0009765625,10
2309,0.0009765625,10
2310,0.001953125,9
2311,0.0009765625,10
2312,0.0009765625,10
2313,0.0009765625,10
2314,0.001953125,9
2315,0.0009765625,10
2316,0.0009765625,10
2317,0.0009765625,10
2318,0.001953125,9
2319,0.0009765625,10
2320,0.0009765625,10
2321,0.0009765625,10
2322,0.001953125,9
2323,0.0009765625,10
2324,0.0009765625,10
2325,0.0009765625,10
2326,0.0009765625,10
2327,0.001953125,9
2328,0.0009765625,10
2329,0.0009765625,10
2330,0.0009765625,10
2331,0.001953125,9
2332,0.0009765625,10
2333,0.0009765625,10
2334,0.0009765625,10
2335,0.001953125,9
2336,0.0009765625,10
2337,0.0009765625,10
2338,0.0009765625,10
2339,0.001953125,9
2340,0.0009765625,10
2341,0.0009765625,10
2342,0.0009765625,10
2343,0.0009765625,10
2344,0.001953125,9
2345,0.0009765625,10
2346,0.0009765625,10
2347,0.0009765625,10
2348,0.001953125,9
2349,0.0009765625,10
2350,0.0009765625,10
2351,0.0009765625,10
2352,0.001953125,9
2353,0.0009765625,10
2354,0.0009765625,10
2355,0.0009765625,10
2356,0.0009765625,10
2357,0.001953125,9
2358,0.0009765625,10
2359,0.0009765625,10
2360,0.0009765625,10
2361,0.001953125,9
2362,0.0009765625,10
2363,0.0009765625,10
2364,0.0009765625,10
2365,0.001953125,9
2366,0.0009765625,10
2367,0.0009765625,10
2368,0.0009765625,10
2369,0.001953125,9
2370,0.0009765625,10
2371,0.0009765625,10
2372,0.0009765625,10
2373,0.001953125,9
2374,0.0009765625,10
2375,0.0009765625,10
2376,0.0009765625,10
2377,0.0009765625,10
2378,0.001953125,9
2379,0.0009765625,10
2380,0.0009765625,10
2381,0.0009765625,10
2382,0.001953125,9
2383,0.0009765625,10
2384,0.0009765625,10
2385,0.0009765625,10
2386,0.001953125,9
2387,0.0009765625,10
2388,0.0009765625,10
2389,0.0009765625,10
2390,0.001953125,9
2391,0.0009765625,10
2392,0.0009765625,10
2393,0.0009765625,10
2394,0.001953125,9
2395,0.0009765625,10
2396,0.0009765625,10
2397,0.0009765625,10
2398,0.0009765625,10
2399,0.001953125,9
2400,0.0009765625,10
2401,0.0009765625,10
2402,0.0009765625,10
2403,0.001953125,9
2404,0.0009765625,10
2405,0.0009765625,10
2406,0.0009765625,10
2407,0.001953125,9
2408,0.0009765625,10
2409,0.0009765625,10
2410,0.0009765625,10
2411,0.001953125,9
2412,0.0009765625,10
2413,0.0009765625,10
2414,0.0009765625,10
2415,0.001953125,9
2416,0.0009765625,10
2417,0.0009765625,10
2418,0.0009765625,10
2419,0.001953125,9
2420,0.0009765625,10
2421,0.0009765625,10
2422,0.0009765625,10
2423,0.0009765625,10
2424,0.001953125,9
2425,0.0009765625,10
2426,0.0009765625,10
2427,0.0009765625,10
2428,0.001953125,9
2429,0.0009765625,10
2430,0.0009765625,10
2431,0.0009765625,10
2432,0.001953125,9
2433,0.0009765625,10
2434,0.0009765625,10
2435,0.0009765625,10
2436,0.001953125,9
2437,0.0009765625,10
2438,0.0009765625,10
2439,0.0009765625,10
2440,0.001953125,9
2441,0.0009765625,10
2442,0.0009765625,10
2443,0.0009765625,10
2444,0.001953125,9
2445,0.0009765625,10
2446,0.0009765625,10
2447,0.0009765625,10
2448,0.0009765625,10
2449,0.001953125,9
2450,0.0009765625,10
2451,0.0009765625,10
2452,0.0009765625,10
2453,0.001953125,9
2454,0.0009765625,10
2455,0.0009765625,10
2456,0.0009765625,10
2457,0.001953125,9
2458,0.0009765625,10
2459,0.0009765625,10
2460,0.0009765625,10
2461,0.001953125,9
2462,0.0009765625,10
2463,0.0009765625,10
2464,0.0009765625,10
2465,0.001953125,9
2466,0.0009765625,10
2467,0.0009765625,10
2468,0.0009765625,10
2469,0.001953125,9
2470,0.0009765625,10
2471,0.0009765625,10
2472,0.0009765625,10
2473,0.001953125,9
2474,0.0009765625,10
2475,0.0009765625,10
2476,0.0009765625,10
2477,0.0009765625,10
2478,0.001953125,9
2479,0.0009765625,10
2480,0.0009765625,10
2481,0.0009765625,10
2482,0.001953125,9
2483,0.0009765625,10
2484,0.0009765625,10
2485,0.0009765625,10
2486,0.001953125,9
2487,0.0009765625,10
2488,0.0009765625,10
2489,0.0009765625,10
2490,0.001953125,9
2491,0.0009765625,10
2492,0.0009765625,10
2493,0.0009765625,10
2494,0.001953125,9
2495,0.0009765625,10
2496,0.0009765625,10
2497,0.0009765625,10
2498,0.001953125,9
2499,0.0009765625,10
2500,0.0009765625,10
2501,0.0009765625,10
2502,0.001953125,9
2503,0.0009765625,10
2504,0.0009765625,10
2505,0.0009765625,10
2506,0.001953125,9
2507,0.0009765625,10
2508,0.0009765625,10
2509,0.0009765625,10
2510,0.0009765625,10
2511,0.001953125,9
2512,0.0009765625,10
2513,0.0009765625,10
2514,0.0009765625,10
2515,0.001953125,9
2516,0.0009765625,10
2517,0.0009765625,10
2518,0.0009765625,10
2519,0.001953125,9
2520,0.0009765625,10
2521,0.0009765625,10
2522,0.0009765625,10
2523,0.001953125,9
2524,0.0009765625,10
2525,0.0009765625,10
2526,0.0009765625,10
2527,0.001953125,9
2528,0.0009765625,10
2529,0.0009765625,10
2530,0.0009765625,10
2531,0.001953125,9
2532,0.0009765625,10
2533,0.0009765625,10
2534,0.0009765625,10
2535,0.001953125,9
2536,0.0009765625,10
2537,0.0009765625,10
2538,0.0009765625,10
2539,0.001953125,9
2540,0.0009765625,10
2541,0.0009765625,10
2542,0.0009765625,10
2543,0.001953125,9
2544,0.0009765625,10
2545,0.0009765625,10
2546,0.0009765625,10
2547,0.001953125,9
2548,0.0009765625,10
2549,0.0009765625,10
2550,0.0009765625,10
2551,0.0009765625,10
2552,0.001953125,9
2553,0.0009765625,10
2554,0.0009765625,10
2555,0.0009765625,10
2556,0.001953125,9
2557,0.0009765625,10
2558,0.0009765625,10
2559,0.0009765625,10
2560,0.001953125,9
2561,0.0009765625,10
2562,0.0009765625,10
2563,0.0009765625,10
2564,0.001953125,9
2565,0.0009765625,10
2566,0.0009765625,10
2567,0.0009765625,10
2568,0.001953125,9
2569,0.0009765625,10
2570,0.0009765625,10
2571,0.0009765625,10
2572,0.001953125,9
2573,0.0009765625,10
2574,0.0009765625,10
2575,0.0009765625,10
2576,0.0009765625,10
2577,0.001953125,9
2578,0.0009765625,10
2579,0.0009765625,10
2580,0.0009765625,10
2581,0.001953125,9
2582,0.0009765625,10
2583,0.0009765625,10
2584,0.0009765625,10
2585,0.001953125,9
2586,0.0009765625,10
2587,0.0009765625,10
2588,0.0009765625,10
2589,0.0009765625,10
2590,0.001953125,9
2591,0.0009765625,10
2592,0.0009765625,10
2593,0.0009765625,10
2594,0.001953125,9
2595,0.0009765625,10
2596,0.0009765625,10
2597,0.0009765625,10
2598,0.001953125,9
2599,0.0009765625,10
2600,0.0009765625,10
2601,0.0009765625,10
2602,0.0009765625,10
2603,0.001953125,9
2604,0.0009765625,10
2605,0.0009765625,10
2606,0.0009765625,10
2607,0.001953125,9
2608,0.0009765625,10
2609,0.0009765625,10
2610,0.0009765625,10
2611,0.001953125,9
2612,0.0009765625,10
2613,0.0009765625,10
2614,0.0009765625,10
2615,0.001953125,9
2616,0.0009765625,10
2617,0.0009765625,10
2618,0.0009765625,10
2619,0.0009765625,10
2620,0.001953125,9
2621,0.0009765625,10
2622,0.0009765625,10
2623,0.0009765625,10
2624,0.001953125,9
2625,0.0009765625,10
2626,0.0009765625,10
2627,0.0009765625,10
2628,0.001953125,9
2629,0.0009765625,10
2630,0.0009765625,10
2631,0.0009765625,10
2632,0.001953125,9
2633,0.0009765625,10
2634,0.0009765625,10
2635,0.0009765625,10
2636,0.0009765625,10
2637,0.001953125,9
2638,0.0009765625,10
2639,0.0009765625,10
2640,0.0009765625,10
2641,0.001953125,9
2642,0.0009765625,10
2643,0.0009765625,10
2644,0.0009765625,10
2645,0.001953125,9
2646,0.0009765625,10
2647,0.0009765625,10
2648,0.0009765625,10
2649,0.001953125,9
2650,0.0009765625,10
2651,0.0009765625,10
2652,0.0009765625,10
2653,0.001953125,9
2654,0.0009765625,10
2655,0.0009765625,10
2656,0.0009765625,10
2657,0.0009765625,10
2658,0.001953125,9
2659,0.0009765625,10
2660,0.0009765625,10
2661,0.0009765625,10
2662,0.001953125,9
2663,0.0009765625,10
2664,0.0009765625,10
2665,0.0009765625,10
2666,0.001953125,9
2667,0.0009765625,10
2668,0.0009765625,10
2669,0.0009765625,10
2670,0.001953125,9
2671,0.0009765625,10
2672,0.0009765625,10
2673,0.0009765625,10
2674,0.001953125,9
2675,0.0009765625,10
2676,0.0009765625,10
2677,0.0009765625,10
2678,0.0009765625,10
2679,0.001953125,9
2680,0.0009765625,10
2681,0.0009765625,10
2682,0.0009765625,10
2683,0.001953125,9
2684,0.0009765625,10
2685,0.0009765625,10
2686,0.0009765625,10
2687,0.001953125,9
2688,0.0009765625,10
2689,0.0009765625,10
2690,0.0009765625,10
2691,0.001953125,9
2692,0.0009765625,10
2693,0.0009765625,10
2694,0.0009765625,10
2695,0.001953125,9
2696,0.0009765625,10
2697,0.0009765625,10
2698,0.0009765625,10
2699,0.001953125,9
2700,0.0009765625,10
2701,0.0009765625,10
2702,0.0009765625,10
2703,0.0009765625,10
2704,0.001953125,9
2705,0.0009765625,10
2706,0.0009765625,10
2707,0.0009765625,10
2708,0.001953125,9
2709,0.0009765625,10
2710,0.0009765625,10
2711,0.0009765625,10
2712,0.001953125,9
2713,0.0009765625,10
2714,0.0009765625,10
2715,0.0009765625,10
2716,0.001953125,9
2717,0.0009765625,10
2718,0.0009765625,10
2719,0.0009765625,10
2720,0.001953125,9
2721,0.0009765625,10
2722,0.0009765625,10
2723,0.0009765625,10
2724,0.0009765625,10
2725,0.001953125,9
2726,0.0009765625,10
2727,0.0009765625,10
2728,0.0009765625,10
2729,0.001953125,9
2730,0.0009765625,10
2731,0.0009765625,10
2732,0.0009765625,10
2733,0.001953125,9
2734,0.0009765625,10
2735,0.0009765625,10
2736,0.0009765625,10
2737,0.001953125,9
2738,0.0009765625,10
2739,0.0009765625,10
2740,0.0009765625,10
2741,0.001953125,9
2742,0.0009765625,10
2743,0.0009765625,10
2744,0.0009765625,10
2745,0.001953125,9
2746,0.0009765625,10
2747,0.0009765625,10
2748,0.0009765625,10
2749,0.001953125,9
2750,0.0009765625,10
2751,0.0009765625,10
2752,0.0009765625,10
2753,0.0009765625,10
2754,0.001953125,9
2755,0.0009765625,10
2756,0.0009765625,10
2757,0.0009765625,10
2758,0.001953125,9
2759,0.0009765625,10
2760,0.0009765625,10
2761,0.0009765625,10
2762,0.001953125,9
2763,0.0009765625,10
2764,0.0009765625,10
2765,0.0009765625,10
2766,0.001953125,9
2767,0.0009765625,10
2768,0.0009765625,10
2769,0.0009765625,10
2770,0.001953125,9
2771,0.0009765625,10
2772,0.0009765625,10
2773,0.0009765625,10
2774,0.001953125,9
2775,0.0009765625,10
2776,0.0009765625,10
2777,0.0009765625,10
2778,0.001953125,9
2779,0.0009765625,10
2780,0.0009765625,10
2781,0.0009765625,10
2782,0.001953125,9
2783,0.0009765625,10
2784,0.0009765625,10
2785,0.0009765625,10
2786,0.0009765625,10
2787,0.001953125,9
2788,0.0009765625,10
2789,0.0009765625,10
2790,0.0009765625,10
2791,0.001953125,9
2792,0.0009765625,10
2793,0.0009765625,10
2794,0.0009765625,10
2795,0.001953125,9
2796,0.0009765625,10
2797,0.0009765625,10
2798,0.0009765625,10
2799,0.001953125,9
2800,0.0009765625,10
2801,0.0009765625,10
2802,0.0009765625,10
2803,0.001953125,9
2804,0.0009765625,10
2805,0.0009765625,10
2806,0.0009765625,10
2807,0.001953125,9
2808,0.0009765625,10
2809,0.0009765625,10
2810,0.0009765625,10
2811,0.001953125,9
2812,0.0009765625,10
2813,0.0009765625,10
2814,0.0009765625,10
2815,0.0009765625,10
2816,0.001953125,9
2817,0.0009765625,10
2818,0.0009765625,10
2819,0.0009765625,10
2820,0.001953125,9
2821,0.0009765625,10
2822,0.0009765625,10
2823,0.0009765625,10
2824,0.001953125,9
2825,0.0009765625,10
2826,0.0009765625,10
2827,0.0009765625,10
2828,0.001953125,9
2829,0.0009765625,10
2830,0.0009765625,10
2831,0.0009765625,10
2832,0.0009765625,10
2833,0.001953125,9
2834,0.0009765625,10
2835,0.0009765625,10
2836,0.0009765625,10
2837,0.001953125,9
2838,0.0009765625,10
2839,0.0009765625,10
2840,0.0009765625,10
2841,0.001953125,9
2842,0.0009765625,10
2843,0.0009765625,10
2844,0.0009765625,10
2845,0.001953125,9
2846,0.0009765625,10
2847,0.0009765625,10
2848,0.0009765625,10
2849,0.0009765625,10
2850,0.001953125,9
2851,0.0009765625,10
2852,0.0009765625,10
2853,0.0009765625,10
2854,0.001953125,9
2855,0.0009765625,10
2856,0.0009765625,10
2857,0.0009765625,10
2858,0.0009765625,10
2859,0.001953125,9
2860,0.0009765625,10
2861,0.0009765625,10
2862,0.0009765625,10
2863,0.001953125,9
2864,0.0009765625,10
2865,0.0009765625,10
2866,0.0009765625,10
2867,0.001953125,9
2868,0.0009765625,10
2869,0.0009765625,10
2870,0.0009765625,10
2871,0.001953125,9
2872,0.0009765625,10
2873,0.0009765625,10
2874,0.0009765625,10
2875,0.0009765625,10
2876,0.001953125,9
2877,0.0009765625,10
2878,0.0009765625,10
2879,0.0009765625,10
2880,0.001953125,9
2881,0.0009765625,10
2882,0.0009765625,10
2883,0.0009765625,10
2884,0.001953125,9
2885,0.0009765625,10
2886,0.0009765625,10
2887,0.0009765625,10
2888,0.001953125,9
2889,0.0009765625,10
2890,0.0009765625,10
2891,0.0009765625,10
2892,0.0009765625,10
2893,0.001953125,9
2894,0.0009765625,10
2895,0.0009765625,10
2896,0.0009765625,10
2897,0.001953125,9
2898,0.0009765625,10
2899,0.0009765625,10
2900,0.0009765625,10
2901,0.001953125,9
2902,0.0009765625,10
2903,0.0009765625,10
2904,0.0009765625,10
2905,0.001953125,9
2906,0.0009765625,10
2907,0.0009765625,10
2908,0.0009765625,10
2909,0.001953125,9
2910,0.0009765625,10
2911,0.0009765625,10
2912,0.0009765625,10
2913,0.0009765625,10
2914,0.001953125,9
2915,0.0009765625,10
2916,0.0009765625,10
2917,0.0009765625,10
2918,0.001953125,9
2919,0.0009765625,10
2920,0.0009765625,10
2921,0.0009765625,10
2922,0.001953125,9
2923,0.0009765625,10
2924,0.0009765625,10
2925,0.0009765625,10
2926,0.001953125,9
2927,0.0009765625,10
2928,0.0009765625,10
2929,0.0009765625,10
2930,0.0009765625,10
2931,0.001953125,9
2932,0.0009765625,10
2933,0.0009765625,10
2934,0.0009765625,10
2935,0.001953125,9
2936,0.0009765625,10
2937,0.0009765625,10
2938,0.0009765625,10
2939,0.001953125,9
2940,0.0009765625,10
2941,0.0009765625,10
2942,0.0009765625,10
2943,0.001953125,9
2944,0.0009765625,10
2945,0.0009765625,10
2946,0.0009765625,10
2947,0.001953125,9
2948,0.0009765625,10
2949,0.0009765625,10
2950,0.0009765625,10
2951,0.0009765625,10
2952,0.001953125,9
2953,0.0009765625,10
2954,0.0009765625,10
2955,0.0009765625,10
2956,0.001953125,9
2957,0.0009765625,10
2958,0.0009765625,10
2959,0.0009765625,10
2960,0.001953125,9
2961,0.0009765625,10
2962,0.0009765625,10
2963,0.0009765625,10
2964,0.001953125,9
2965,0.0009765625,10
2966,0.0009765625,10
2967,0.0009765625,10
2968,0.001953125,9
2969,0.0009765625,10
2970,0.0009765625,10
2971,0.0009765625,10
2972,0.0009765625,10
2973,0.001953125,9
2974,0.0009765625,10
2975,0.0009765625,10
2976,0.0009765625,10
2977,0.001953125,9
2978,0.0009765625,10
2979,0.0009765625,10
2980,0.0009765625,10
2981,0.001953125,9
2982,0.0009765625,10
2983,0.0009765625,10
2984,0.0009765625,10
2985,0.001953125,9
2986,0.0009765625,10
2987,0.0009765625,10
2988,0.0009765625,10
2989,0.001953125,9
2990,0.0009765625,10
2991,0.0009765625,10
2992,0.0009765625,10
2993,0.001953125,9
2994,0.0009765625,10
2995,0.0009765625,10
2996,0.0009765625,10
2997,0.0009765625,10
2998,0.001953125,9
2999,0.0009765625,10
3000,0.0009765625,10
3001,0.0009765625,10
3002,0.001953125,9
3003,0.0009765625,10
3004,0.0009765625,10
3005,0.0009765625,10
3006,0.001953125,9
3007,0.0009765625,10
3008,0.0009765625,10
3009,0.0009765625,10
3010,0.001953125,9
3011,0.0009765625,10
3012,0.0009765625,10
3013,0.0009765625,10
3014,0.001953125,9
3015,0.0009765625,10
3016,0.0009765625,10
3017,0.0009765625,10
3018,0.001953125,9
3019,0.0009765625,10
3020,0.0009765625,10
3021,0.0009765625,10
3022,0.0009765625,10
3023,0.001953125,9
3024,0.0009765625,10
3025,0.0009765625,10
3026,0.0009765625,10
3027,0.001953125,9
3028,0.0009765625,10
3029,0.0009765625,10
3030,0.0009765625,10
3031,0.001953125,9
3032,0.0009765625,10
3033,0.0009765625,10
3034,0.0009765625,10
3035,0.001953125,9
3036,0.0009765625,10
3037,0.0009765625,10
3038,0.0009765625,10
3039,0.001953125,9
3040,0.0009765625,10
3041,0.0009765625,10
3042,0.0009765625,10
3043,0.001953125,9
3044,0.0009765625,10
3045,0.0009765625,10
3046,0.0009765625,10
3047,0.001953125,9
3048,0.0009765625,10
3049,0.0009765625,10
3050,0.0009765625,10
3051,0.001953125,9
3052,0.0009765625,10
3053,0.0009765625,10
3054,0.0009765625,10
3055,0.0009765625,10
3056,0.001953125,9
3057,0.0009765625,10
3058,0.0009765625,10
3059,0.0009765625,10
3060,0.001953125,9
3061,0.0009765625,10
3062,0.0009765625,10
3063,0.0009765625,10
3064,0.001953125,9
3065,0.0009765625,10
3066,0.0009765625,10
3067,0.0009765625,10
3068,0.001953125,9
3069,0.0009765625,10
3070,0.0009765625,10
3071,0.0009765625,10
3072,0.001953125,9
3073,0.0009765625,10
3074,0.0009765625,10
3075,0.0009765625,10
3076,0.0009765625,10
3077,0.001953125,9
3078,0.0009765625,10
3079,0.0009765625,10
3080,0.0009765625,10
3081,0.001953125,9
3082,0.0009765625,10
3083,0.0009765625,10
3084,0.0009765625,10
3085,0.001953125,9
3086,0.0009765625,10
3087,0.0009765625,10
3088,0.0009765625,10
3089,0.001953125,9
3090,0.0009765625,10
3091,0.0009765625,10
3092,0.0009765625,10
3093,0.0009765625,10
3094,0.001953125,9
3095,0.0009765625,10
3096,0.0009765625,10
3097,0.0009765625,10
3098,0.001953125,9
3099,0.0009765625,10
3100,0.0009765625,10
3101,0.0009765625,10
3102,0.0009765625,10
3103,0.001953125,9
3104,0.0009765625,10
3105,0.0009765625,10
3106,0.0009765625,10
3107,0.001953125,9
3108,0.0009765625,10
3109,0.0009765625,10
3110,0.0009765625,10
3111,0.001953125,9
3112,0.0009765625,10
3113,0.0009765625,10
3114,0.0009765625,10
3115,0.0009765625,10
3116,0.001953125,9
3117,0.0009765625,10
3118,0.0009765625,10
3119,0.0009765625,10
3120,0.001953125,9
3121,0.0009765625,10
3122,0.0009765625,10
3123,0.0009765625,10
3124,0.001953125,9
3125,0.0009765625,10
3126,0.0009765625,10
3127,0.0009765625,10
3128,0.001953125,9
3129,0.0009765625,10
3130,0.0009765625,10
3131,0.0009765625,10
3132,0.0009765625,10
3133,0.001953125,9
3134,0.0009765625,10
3135,0.0009765625,10
3136,0.0009765625,10
3137,0.001953125,9
3138,0.0009765625,10
3139,0.0009765625,10
3140,0.0009765625,10
3141,0.001953125,9
3142,0.0009765625,10
3143,0.0009765625,10
3144,0.0009765625,10
3145,0.0009765625,10
3146,0.001953125,9
3147,0.0009765625,10
3148,0.0009765625,10
3149,0.0009765625,10
3150,0.001953125,9
3151,0.0009765625,10
3152,0.0009765625,10
3153,0.0009765625,10
3154,0.001953125,9
3155,0.0009765625,10
3156,0.0009765625,10
3157,0.0009765625,10
3158,0.001953125,9
3159,0.0009765625,10
3160,0.0009765625,10
3161,0.0009765625,10
3162,0.001953125,9
3163,0.0009765625,10
3164,0.0009765625,10
3165,0.0009765625,10
3166,0.0009765625,10
3167,0.001953125,9
3168,0.0009765625,10
3169,0.0009765625,10
3170,0.0009765625,10
3171,0.001953125,9
3172,0.0009765625,10
3173,0.0009765625,10
3174,0.0009765625,10
3175,0.001953125,9
3176,0.0009765625,10
3177,0.0009765625,10
3178,0.0009765625,10
3179,0.001953125,9
3180,0.0009765625,10
3181,0.0009765625,10
3182,0.0009765625,10
3183,0.0009765625,10
3184,0.001953125,9
3185,0.0009765625,10
3186,0.0009765625,10
3187,0.0009765625,10
3188,0.001953125,9
3189,0.0009765625,10
3190,0.0009765625,10
3191,0.0009765625,10
3192,0.001953125,9
3193,0.0009765625,10
3194,0.0009765625,10
3195,0.0009765625,10
3196,0.001953125,9
3197,0.0009765625,10
3198,0.0009765625,10
3199,0.0009765625,10
3200,0.001953125,9
3201,0.0009765625,10
3202,0.0009765625,10
3203,0.0009765625,10
3204,0.0009765625,10
3205,0.001953125,9
3206,0.0009765625,10
3207,0.0009765625,10
3208,0.0009765625,10
3209,0.001953125,9
3210,0.0009765625,10
3211,0.0009765625,10
3212,0.0009765625,10
3213,0.001953125,9
3214,0.0009765625,10
3215,0.0009765625,10
3216,0.0009765625,10
3217,0.001953125,9
3218,0.0009765625,10
3219,0.0009765625,10
3220,0.0009765625,10
3221,0.0009765625,10
3222,0.001953125,9
3223,0.0009765625,10
3224,0.0009765625,10
3225,0.0009765625,10
3226,0.001953125,9
3227,0.0009765625,10
3228,0.0009765625,10
3229,0.0009765625,10
3230,0.001953125,9
3231,0.0009765625,10
3232,0.0009765625,10
3233,0.0009765625,10
3234,0.001953125,9
3235,0.0009765625,10
3236,0.0009765625,10
3237,0.0009765625,10
3238,0.001953125,9
3239,0.0009765625,10
3240,0.0009765625,10
3241,0.0009765625,10
3242,0.0009765625,10
3243,0.001953125,9
3244,0.0009765625,10
3245,0.0009765625,10
3246,0.0009765625,10
3247,0.001953125,9
3248,0.0009765625,10
3249,0.0009765625,10
3250,0.0009765625,10
3251,0.001953125,9
3252,0.0009765625,10
3253,0.0009765625,10
3254,0.0009765625,10
3255,0.001953125,9
3256,0.0009765625,10
3257,0.0009765625,10
3258,0.0009765625,10
3259,0.001953125,9
3260,0.0009765625,10
3261,0.0009765625,10
3262,0.0009765625,10
3263,0.001953125,9
3264,0.0009765625,10
3265,0.0009765625,10
3266,0.0009765625,10
3267,0.0009765625,10
3268,0.001953125,9
3269,0.0009765625,10
3270,0.0009765625,10
3271,0.0009765625,10
3272,0.001953125,9
3273,0.0009765625,10
3274,0.0009765625,10
3275,0.0009765625,10
3276,0.001953125,9
3277,0.0009765625,10
3278,0.0009765625,10
3279,0.0009765625,10
3280,0.001953125,9
3281,0.0009765625,10
3282,0.0009765625,10
3283,0.0009765625,10
3284,0.001953125,9
3285,0.0009765625,10
3286,0.0009765625,10
3287,0.0009765625,10
3288,0.001953125,9
3289,0.0009765625,10
3290,0.0009765625,10
3291,0.0009765625,10
3292,0.0009765625,10
3293,0.001953125,9
3294,0.0009765625,10
3295,0.0009765625,10
3296,0.0009765625,10
3297,0.001953125,9
3298,0.0009765625,10
3299,0.0009765625,10
3300,0.0009765625,10
3301,0.001953125,9
3302,0.0009765625,10
3303,0.0009765625,10
3304,0.0009765625,10
3305,0.001953125,9
3306,0.0009765625,10
3307,0.0009765625,10
3308,0.0009765625,10
3309,0.001953125,9
3310,0.0009765625,10
3311,0.0009765625,10
3312,0.0009765625,10
3313,0.001953125,9
3314,0.0009765625,10
3315,0.0009765625,10
3316,0.0009765625,10
3317,0.001953125,9
3318,0.0009765625,10
3319,0.0009765625,10
3320,0.0009765625,10
3321,0.0009765625,10
3322,0.001953125,9
3323,0.0009765625,10
3324,0.0009765625,10
3325,0.0009765625,10
3326,0.001953125,9
3327,0.0009765625,10
3328,0.0009765625,10
3329,0.0009765625,10
3330,0.001953125,9
3331,0.0009765625,10
3332,0.0009765625,10
3333,0.0009765625,10
3334,0.001953125,9
3335,0.0009765625,10
3336,0.0009765625,10
3337,0.0009765625,10
3338,0.0009765625,10
3339,0.001953125,9
3340,0.0009765625,10
3341,0.0009765625,10
3342,0.0009765625,10
3343,0.001953125,9
3344,0.0009765625,10
3345,0.0009765625,10
3346,0.0009765625,10
3347,0.001953125,9
3348,0.0009765625,10
3349,0.0009765625,10
3350,0.0009765625,10
3351,0.0009765625,10
3352,0.001953125,9
3353,0.0009765625,10
3354,0.0009765625,10
3355,0.0009765625,10
3356,0.001953125,9
3357,0.0009765625,10
3358,0.0009765625,10
3359,0.0009765625,10
3360,0.0009765625,10
3361,0.001953125,9
3362,0.0009765625,10
3363,0.0009765625,10
3364,0.0009765625,10
3365,0.001953125,9
3366,0.0009765625,10
3367,0.0009765625,10
3368,0.0009765625,10
3369,0.001953125,9
3370,0.0009765625,10
3371,0.0009765625,10
3372,0.0009765625,10
3373,0.0009765625,10
3374,0.001953125,9
3375,0.0009765625,10
3376,0.0009765625,10
3377,0.0009765625,10
3378,0.001953125,9
3379,0.0009765625,10
3380,0.0009765625,10
3381,0.0009765625,10
3382,0.001953125,9
3383,0.0009765625,10
3384,0.0009765625,10
3385,0.0009765625,10
3386,0.001953125,9
3387,0.0009765625,10
3388,0.0009765625,10
3389,0.0009765625,10
3390,0.0009765625,10
3391,0.001953125,9
3392,0.0009765625,10
3393,0.0009765625,10
3394,0.0009765625,10
3395,0.001953125,9
3396,0.0009765625,10
3397,0.0009765625,10
3398,0.0009765625,10
3399,0.001953125,9
3400,0.0009765625,10
3401,0.0009765625,10
3402,0.0009765625,10
3403,0.0009765625,10
3404,0.001953125,9
3405,0.0009765625,10
3406,0.0009765625,10
3407,0.0009765625,10
3408,0.001953125,9
3409,0.0009765625,10
3410,0.0009765625,10
3411,0.0009765625,10
3412,0.001953125,9
3413,0.0009765625,10
3414,0.0009765625,10
3415,0.0009765625,10
3416,0.001953125,9
3417,0.0009765625,10
3418,0.0009765625,10
3419,0.0009765625,10
3420,0.0009765625,10
3421,0.001953125,9
3422,0.0009765625,10
3423,0.0009765625,10
3424,0.0009765625,10
3425,0.001953125,9
3426,0.0009765625,10
3427,0.0009765625,10
3428,0.0009765625,10
3429,0.001953125,9
3430,0.0009765625,10
3431,0.0009765625,10
3432,0.0009765625,10
3433,0.001953125,9
3434,0.0009765625,10
3435,0.0009765625,10
3436,0.0009765625,10
3437,0.001953125,9
3438,0.0009765625,10
3439,0.0009765625,10
3440,0.0009765625,10
3441,0.0009765625,10
3442,0.001953125,9
3443,0.0009765625,10
3444,0.0009765625,10
3445,0.0009765625,10
3446,0.001953125,9
3447,0.0009765625,10
3448,0.0009765625,10
3449,0.0009765625,10
3450,0.001953125,9
3451,0.0009765625,10
3452,0.0009765625,10
3453,0.0009765625,10
3454,0.001953125,9
3455,0.0009765625,10
3456,0.0009765625,10
3457,0.0009765625,10
3458,0.0009765625,10
3459,0.001953125,9
3460,0.0009765625,10
3461,0.0009765625,10
3462,0.0009765625,10
3463,0.001953125,9
3464,0.0009765625,10
3465,0.0009765625,10
3466,0.0009765625,10
3467,0.001953125,9
3468,0.0009765625,10
3469,0.0009765625,10
3470,0.0009765625,10
3471,0.001953125,9
3472,0.0009765625,10
3473,0.0009765625,10
3474,0.0009765625,10
3475,0.0009765625,10
3476,0.001953125,9
3477,0.0009765625,10
3478,0.0009765625,10
3479,0.0009765625,10
3480,0.001953125,9
3481,0.0009765625,10
3482,0.0009765625,10
3483,0.0009765625,10
3484,0.001953125,9
3485,0.0009765625,10
3486,0.0009765625,10
3487,0.0009765625,10
3488,0.001953125,9
3489,0.0009765625,10
3490,0.0009765625,10
3491,0.0009765625,10
3492,0.001953125,9
3493,0.0009765625,10
3494,0.0009765625,10
3495,0.0009765625,10
3496,0.0009765625,10
3497,0.001953125,9
3498,0.0009765625,10
3499,0.0009765625,10
3500,0.0009765625,10
3501,0.001953125,9
3502,0.0009765625,10
3503,0.0009765625,10
3504,0.0009765625,10
3505,0.001953125,9
3506,0.0009765625,10
3507,0.0009765625,10
3508,0.0009765625,10
3509,0.001953125,9
3510,0.0009765625,10
3511,0.0009765625,10
3512,0.0009765625,10
3513,0.001953125,9
3514,0.0009765625,10
3515,0.0009765625,10
3516,0.0009765625,10
3517,0.0009765625,10
3518,0.001953125,9
3519,0.0009765625,10
3520,0.0009765625,10
3521,0.0009765625,10
3522,0.001953125,9
3523,0.0009765625,10
3524,0.0009765625,10
3525,0.0009765625,10
3526,0.001953125,9
3527,0.0009765625,10
3528,0.0009765625,10
3529,0.0009765625,10
3530,0.001953125,9
3531,0.0009765625,10
3532,0.0009765625,10
3533,0.0009765625,10
3534,0.001953125,9
3535,0.0009765625,10
3536,0.0009765625,10
3537,0.0009765625,10
3538,0.001953125,9
3539,0.0009765625,10
3540,0.0009765625,10
3541,0.0009765625,10
3542,0.0009765625,10
3543,0.001953125,9
3544,0.0009765625,10
3545,0.0009765625,10
3546,0.0009765625,10
3547,0.001953125,9
3548,0.0009765625,10
3549,0.0009765625,10
3550,0.0009765625,10
3551,0.001953125,9
3552,0.0009765625,10
3553,0.0009765625,10
3554,0.0009765625,10
3555,0.001953125,9
3556,0.0009765625,10
3557,0.0009765625,10
3558,0.0009765625,10
3559,0.001953125,9
3560,0.0009765625,10
3561,0.0009765625,10
3562,0.0009765625,10
3563,0.001953125,9
3564,0.0009765625,10
3565,0.0009765625,10
3566,0.0009765625,10
3567,0.0009765625,10
3568,0.001953125,9
3569,0.0009765625,10
3570,0.0009765625,10
3571,0.0009765625,10
3572,0.001953125,9
3573,0.0009765625,10
3574,0.0009765625,10
3575,0.0009765625,10
3576,0.001953125,9
3577,0.0009765625,10
3578,0.0009765625,10
3579,0.0009765625,10
3580,0.001953125,9
3581,0.0009765625,10
3582,0.0009765625,10
3583,0.0009765625,10
3584,0.001953125,9
3585,0.0009765625,10
3586,0.0009765625,10
3587,0.0009765625,10
3588,0.0009765625,10
3589,0.001953125,9
3590,0.0009765625,10
3591,0.0009765625,10
3592,0.0009765625,10
3593,0.001953125,9
3594,0.0009765625,10
3595,0.0009765625,10
3596,0.0009765625,10
3597,0.001953125,9
3598,0.0009765625,10
3599,0.0009765625,10
3600,0.0009765625,10
3601,0.0009765625,10
3602,0.001953125,9
3603,0.0009765625,10
3604,0.0009765625,10
3605,0.0009765625,10
3606,0.001953125,9
3607,0.0009765625,10
3608,0.0009765625,10
3609,0.0009765625,10
3610,0.0009765625,10
3611,0.001953125,9
3612,0.0009765625,10
3613,0.0009765625,10
3614,0.0009765625,10
3615,0.001953125,9
3616,0.0009765625,10
3617,0.0009765625,10
3618,0.0009765625,10
3619,0.001953125,9
3620,0.0009765625,10
3621,0.0009765625,10
3622,0.0009765625,10
3623,0.0009765625,10
3624,0.001953125,9
3625,0.0009765625,10
3626,0.0009765625,10
3627,0.0009765625,10
3628,0.001953125,9
3629,0.0009765625,10
3630,0.0009765625,10
3631,0.0009765625,10
3632,0.001953125,9
3633,0.0009765625,10
3634,0.0009765625,10
3635,0.0009765625,10
3636,0.0009765625,10
3637,0.001953125,9
3638,0.0009765625,10
3639,0.0009765625,10
3640,0.0009765625,10
3641,0.001953125,9
3642,0.0009765625,10
3643,0.0009765625,10
3644,0.0009765625,10
3645,0.001953125,9
3646,0.0009765625,10
3647,0.0009765625,10
3648,0.0009765625,10
3649,0.0009765625,10
3650,0.001953125,9
3651,0.0009765625,10
3652,0.0009765625,10
3653,0.0009765625,10
3654,0.001953125,9
3655,0.0009765625,10
3656,0.0009765625,10
3657,0.0009765625,10
3658,0.001953125,9
3659,0.0009765625,10
3660,0.0009765625,10
3661,0.0009765625,10
3662,0.001953125,9
3663,0.0009765625,10
3664,0.0009765625,10
3665,0.0009765625,10
3666,0.0009765625,10
3667,0.001953125,9
3668,0.0009765625,10
3669,0.0009765625,10
3670,0.0009765625,10
3671,0.001953125,9
3672,0.0009765625,10
3673,0.0009765625,10
3674,0.0009765625,10
3675,0.001953125,9
3676,0.0009765625,10
3677,0.0009765625,10
3678,0.0009765625,10
3679,0.001953125,9
3680,0.0009765625,10
3681,0.0009765625,10
3682,0.0009765625,10
3683,0.0009765625,10
3684,0.001953125,9
3685,0.0009765625,10
3686,0.0009765625,10
3687,0.0009765625,10
3688,0.001953125,9
3689,0.0009765625,10
3690,0.0009765625,10
3691,0.0009765625,10
3692,0.001953125,9
3693,0.0009765625,10
3694,0.0009765625,10
3695,0.0009765625,10
3696,0.001953125,9
3697,0.0009765625,10
3698,0.0009765625,10
3699,0.0009765625,10
3700,0.0009765625,10
3701,0.001953125,9
3702,0.0009765625,10
3703,0.0009765625,10
3704,0.0009765625,10
3705,0.001953125,9
3706,0.0009765625,10
3707,0.0009765625,10
3708,0.0009765625,10
3709,0.001953125,9
3710,0.0009765625,10
3711,0.0009765625,10
3712,0.0009765625,10
3713,0.001953125,9
3714,0.0009765625,10
3715,0.0009765625,10
3716,0.0009765625,10
3717,0.0009765625,10
3718,0.001953125,9
3719,0.0009765625,10
3720,0.0009765625,10
3721,0.0009765625,10
3722,0.001953125,9
3723,0.0009765625,10
3724,0.0009765625,10
3725,0.0009765625,10
3726,0.001953125,9
3727,0.0009765625,10
3728,0.0009765625,10
3729,0.0009765625,10
3730,0.001953125,9
3731,0.0009765625,10
3732,0.0009765625,10
3733,0.0009765625,10
3734,0.0009765625,10
3735,0.001953125,9
3736,0.0009765625,10
3737,0.0009765625,10
3738,0.0009765625,10
3739,0.001953125,9
3740,0.0009765625,10
3741,0.0009765625,10
3742,0.0009765625,10
3743,0.001953125,9
3744,0.0009765625,10
3745,0.0009765625,10
3746,0.0009765625,10
3747,0.001953125,9
3748,0.0009765625,10
3749,0.0009765625,10
3750,0.0009765625,10
3751,0.001953125,9
3752,0.0009765625,10
3753,0.0009765625,10
3754,0.0009765625,10
3755,0.0009765625,10
3756,0.001953125,9
3757,0.0009765625,10
3758,0.0009765625,10
3759,0.0009765625,10
3760,0.001953125,9
3761,0.0009765625,10
3762,0.0009765625,10
3763,0.0009765625,10
3764,0.001953125,9
3765,0.0009765625,10
3766,0.0009765625,10
3767,0.0009765625,10
3768,0.001953125,9
3769,0.0009765625,10
3770,0.0009765625,10
3771,0.0009765625,10
3772,0.001953125,9
3773,0.0009765625,10
3774,0.0009765625,10
3775,0.0009765625,10
3776,0.0009765625,10
3777,0.001953125,9
3778,0.0009765625,10
3779,0.0009765625,10
3780,0.0009765625,10
3781,0.001953125,9
3782,0.0009765625,10
3783,0.0009765625,10
3784,0.0009765625,10
3785,0.001953125,9
3786,0.0009765625,10
3787,0.0009765625,10
3788,0.0009765625,10
3789,0.001953125,9
3790,0.0009765625,10
3791,0.0009765625,10
3792,0.0009765625,10
3793,0.001953125,9
3794,0.0009765625,10
3795,0.0009765625,10
3796,0.0009765625,10
3797,0.0009765625,10
3798,0.001953125,9
3799,0.0009765625,10
3800,0.0009765625,10
3801,0.0009765625,10
3802,0.001953125,9
3803,0.0009765625,10
3804,0.0009765625,10
3805,0.0009765625,10
3806,0.001953125,9
3807,0.0009765625,10
3808,0.0009765625,10
3809,0.0009765625,10
3810,0.001953125,9
3811,0.0009765625,10
3812,0.0009765625,10
3813,0.0009765625,10
3814,0.001953125,9
3815,0.0009765625,10
3816,0.0009765625,10
3817,0.0009765625,10
3818,0.001953125,9
3819,0.0009765625,10
3820,0.0009765625,10
3821,0.0009765625,10
3822,0.0009765625,10
3823,0.001953125,9
3824,0.0009765625,10
3825,0.0009765625,10
3826,0.0009765625,10
3827,0.001953125,9
3828,0.0009765625,10
3829,0.0009765625,10
3830,0.0009765625,10
3831,0.001953125,9
3832,0.0009765625,10
3833,0.0009765625,10
3834,0.0009765625,10
3835,0.001953125,9
3836,0.0009765625,10
3837,0.0009765625,10
3838,0.0009765625,10
3839,0.001953125,9
3840,0.0009765625,10
3841,0.0009765625,10
3842,0.0009765625,10
3843,0.0009765625,10
3844,0.001953125,9
3845,0.0009765625,10
3846,0.0009765625,10
3847,0.0009765625,10
3848,0.001953125,9
3849,0.0009765625,10
3850,0.0009765625,10
3851,0.0009765625,10
3852,0.001953125,9
3853,0.0009765625,10
3854,0.0009765625,10
3855,0.0009765625,10
3856,0.0009765625,10
3857,0.001953125,9
3858,0.0009765625,10
3859,0.0009765625,10
3860,0.0009765625,10
3861,0.001953125,9
3862,0.0009765625,10
3863,0.0009765625,10
3864,0.0009765625,10
3865,0.0009765625,10
3866,0.001953125,9
3867,0.0009765625,10
3868,0.0009765625,10
3869,0.0009765625,10
3870,0.001953125,9
3871,0.0009765625,10
3872,0.0009765625,10
3873,0.0009765625,10
3874,0.001953125,9
3875,0.0009765625,10
3876,0.0009765625,10
3877,0.0009765625,10
3878,0.0009765625,10
3879,0.001953125,9
3880,0.0009765625,10
3881,0.0009765625,10
3882,0.0009765625,10
3883,0.001953125,9
3884,0.0009765625,10
3885,0.0009765625,10
3886,0.0009765625,10
3887,0.0009765625,10
3888,0.001953125,9
3889,0.0009765625,10
3890,0.0009765625,10
3891,0.0009765625,10
3892,0.001953125,9
3893,0.0009765625,10
3894,0.0009765625,10
3895,0.0009765625,10
3896,0.001953125,9
3897,0.0009765625,10
3898,0.0009765625,10
3899,0.0009765625,10
3900,0.001953125,9
3901,0.0009765625,10
3902,0.0009765625,10
3903,0.0009765625,10
3904,0.0009765625,10
3905,0.001953125,9
3906,0.0009765625,10
3907,0.0009765625,10
3908,0.0009765625,10
3909,0.001953125,9
3910,0.0009765625,10
3911,0.0009765625,10
3912,0.0009765625,10
3913,0.001953125,9
3914,0.0009765625,10
3915,0.0009765625,10
3916,0.0009765625,10
3917,0.0009765625,10
3918,0.001953125,9
3919,0.0009765625,10
3920,0.0009765625,10
3921,0.0009765625,10
3922,0.001953125,9
3923,0.0009765625,10
3924,0.0009765625,10
3925,0.0009765625,10
3926,0.001953125,9
3927,0.0009765625,10
3928,0.0009765625,10
3929,0.0009765625,10
3930,0.001953125,9
3931,0.0009765625,10
3932,0.0009765625,10
3933,0.0009765625,10
3934,0.0009765625,10
3935,0.001953125,9
3936,0.0009765625,10
3937,0.0009765625,10
3938,0.0009765625,10
3939,0.001953125,9
3940,0.0009765625,10
3941,0.0009765625,10
3942,0.0009765625,10
3943,0.001953125,9
3944,0.0009765625,10
3945,0.0009765625,10
3946,0.0009765625,10
3947,0.001953125,9
3948,0.0009765625,10
3949,0.0009765625,10
3950,0.0009765625,10
3951,0.0009765625,10
3952,0.001953125,9
3953,0.0009765625,10
3954,0.0009765625,10
3955,0.0009765625,10
3956,0.001953125,9
3957,0.0009765625,10
3958,0.0009765625,10
3959,0.0009765625,10
3960,0.001953125,9
3961,0.0009765625,10
3962,0.0009765625,10
3963,0.0009765625,10
3964,0.001953125,9
3965,0.0009765625,10
3966,0.0009765625,10
3967,0.0009765625,10
3968,0.0009765625,10
3969,0.001953125,9
3970,0.0009765625,10
3971,0.0009765625,10
3972,0.0009765625,10
3973,0.001953125,9
3974,0.0009765625,10
3975,0.0009765625,10
3976,0.0009765625,10
3977,0.001953125,9
3978,0.0009765625,10
3979,0.0009765625,10
3980,0.0009765625,10
3981,0.001953125,9
3982,0.0009765625,10
3983,0.0009765625,10
3984,0.0009765625,10
3985,0.0009765625,10
3986,0.001953125,9
3987,0.0009765625,10
3988,0.0009765625,10
3989,0.0009765625,10
3990,0.001953125,9
3991,0.0009765625,10
3992,0.0009765625,10
3993,0.0009765625,10
3994,0.001953125,9
3995,0.0009765625,10
3996,0.0009765625,10
3997,0.0009765625,10
3998,0.001953125,9
3999,0.0009765625,10
4000,0.0009765625,10
4001,0.0009765625,10
4002,0.0009765625,10
4003,0.001953125,9
4004,0.0009765625,10
4005,0.0009765625,10
4006,0.0009765625,10
4007,0.001953125,9
4008,0.0009765625,10
4009,0.0009765625,10
4010,0.0009765625,10
4011,0.001953125,9
4012,0.0009765625,10
4013,0.0009765625,10
4014,0.0009765625,10
4015,0.001953125,9
4016,0.0009765625,10
4017,0.0009765625,10
4018,0.0009765625,10
4019,0.0009765625,10
4020,0.001953125,9
4021,0.0009765625,10
4022,0.0009765625,10
4023,0.0009765625,10
4024,0.001953125,9
4025,0.0009765625,10
4026,0.0009765625,10
4027,0.0009765625,10
4028,0.001953125,9
4029,0.0009765625,10
4030,0.0009765625,10
4031,0.0009765625,10
4032,0.001953125,9
4033,0.0009765625,10
4034,0.0009765625,10
4035,0.0009765625,10
4036,0.001953125,9
4037,0.0009765625,10
4038,0.0009765625,10
4039,0.0009765625,10
4040,0.0009765625,10
4041,0.001953125,9
4042,0.0009765625,10
4043,0.0009765625,10
4044,0.0009765625,10
4045,0.001953125,9
4046,0.0009765625,10
4047,0.0009765625,10
4048,0.0009765625,10
4049,0.001953125,9
4050,0.0009765625,10
4051,0.0009765625,10
4052,0.0009765625,10
4053,0.001953125,9
4054,0.0009765625,10
4055,0.0009765625,10
4056,0.0009765625,10
4057,0.001953125,9
4058,0.0009765625,10
4059,0.0009765625,10
4060,0.0009765625,10
4061,0.001953125,9
4062,0.0009765625,10
4063,0.0009765625,10
4064,0.0009765625,10
4065,0.0009765625,10
4066,0.001953125,9
4067,0.0009765625,10
4068,0.0009765625,10
4069,0.0009765625,10
4070,0.001953125,9
4071,0.0009765625,10
4072,0.0009765625,10
4073,0.0009765625,10
4074,0.001953125,9
4075,0.0009765625,10
4076,0.0009765625,10
4077,0.0009765625,10
4078,0.001953125,9
4079,0.0009765625,10
4080,0.0009765625,10
4081,0.0009765625,10
4082,0.001953125,9
4083,0.0009765625,10
4084,0.0009765625,10
4085,0.0009765625,10
4086,0.0009765625,10
4087,0.001953125,9
4088,0.0009765625,10
4089,0.0009765625,10
4090,0.0009765625,10
4091,0.001953125,9
4092,0.0009765625,10
4093,0.0009765625,10
4094,0.0009765625,10
4095,0.001953125,9
4096,0.0009765625,10
4097,0.0009765625,10
4098,0.0009765625,10
4099,0.001953125,9
4100,0.0009765625,10
4101,0.0009765625,10
4102,0.0009765625,10
4103,0.0009765625,10
4104,0.001953125,9
4105,0.0009765625,10
4106,0.0009765625,10
4107,0.0009765625,10
4108,0.001953125,9
4109,0.0009765625,10
4110,0.0009765625,10
4111,0.0009765625,10
4112,0.0009765625,10
4113,0.001953125,9
4114,0.0009765625,10
4115,0.0009765625,10
4116,0.0009765625,10
4117,0.001953125,9
4118,0.0009765625,10
4119,0.0009765625,10
4120,0.0009765625,10
4121,0.001953125,9
4122,0.0009765625,10
4123,0.0009765625,10
4124,0.0009765625,10
4125,0.0009765625,10
4126,0.001953125,9
4127,0.0009765625,10
4128,0.0009765625,10
4129,0.0009765625,10
4130,0.001953125,9
4131,0.0009765625,10
4132,0.0009765625,10
4133,0.0009765625,10
4134,0.0009765625,10
4135,0.001953125,9
4136,0.0009765625,10
4137,0.0009765625,10
4138,0.0009765625,10
4139,0.001953125,9
4140,0.0009765625,10
4141,0.0009765625,10
4142,0.0009765625,10
4143,0.001953125,9
4144,0.0009765625,10
4145,0.0009765625,10
4146,0.0009765625,10
4147,0.0009765625,10
4148,0.001953125,9
4149,0.0009765625,10
4150,0.0009765625,10
4151,0.0009765625,10
4152,0.001953125,9
4153,0.0009765625,10
4154,0.0009765625,10
4155,0.0009765625,10
4156,0.001953125,9
4157,0.0009765625,10
4158,0.0009765625,10
4159,0.0009765625,10
4160,0.001953125,9
4161,0.0009765625,10
4162,0.0009765625,10
4163,0.0009765625,10
4164,0.0009765625,10
4165,0.001953125,9
4166,0.0009765625,10
4167,0.0009765625,10
4168,0.0009765625,10
4169,0.001953125,9
4170,0.0009765625,10
4171,0.0009765625,10
4172,0.0009765625,10
4173,0.001953125,9
4174,0.0009765625,10
4175,0.0009765625,10
4176,0.0009765625,10
4177,0.0009765625,10
4178,0.001953125,9
4179,0.0009765625,10
4180,0.0009765625,10
4181,0.0009765625,10
4182,0.001953125,9
4183,0.0009765625,10
4184,0.0009765625,10
4185,0.0009765625,10
4186,0.001953125,9
4187,0.0009765625,10
4188,0.0009765625,10
4189,0.0009765625,10
4190,0.001953125,9
4191,0.0009765625,10
4192,0.0009765625,10
4193,0.0009765625,10
4194,0.0009765625,10
4195,0.001953125,9
4196,0.0009765625,10
4197,0.0009765625,10
4198,0.0009765625,10
4199,0.001953125,9
4200,0.0009765625,10
4201,0.0009765625,10
4202,0.0009765625,10
4203,0.001953125,9
4204,0.0009765625,10
4205,0.0009765625,10
4206,0.0009765625,10
4207,0.0009765625,10
4208,0.001953125,9
4209,0.0009765625,10
4210,0.0009765625,10
4211,0.0009765625,10
4212,0.001953125,9
4213,0.0009765625,10
4214,0.0009765625,10
4215,0.0009765625,10
4216,0.001953125,9
4217,0.0009765625,10
4218,0.0009765625,10
4219,0.0009765625,10
4220,0.001953125,9
4221,0.0009765625,10
4222,0.0009765625,10
4223,0.0009765625,10
4224,0.0009765625,10
4225,0.001953125,9
4226,0.0009765625,10
4227,0.0009765625,10
4228,0.0009765625,10
4229,0.001953125,9
4230,0.0009765625,10
4231,0.0009765625,10
4232,0.0009765625,10
4233,0.001953125,9
4234,0.0009765625,10
4235,0.0009765625,10
4236,0.0009765625,10
4237,0.001953125,9
4238,0.0009765625,10
4239,0.0009765625,10
4240,0.0009765625,10
4241,0.0009765625,10
4242,0.001953125,9
4243,0.0009765625,10
4244,0.0009765625,10
4245,0.0009765625,10
4246,0.001953125,9
4247,0.0009765625,10
4248,0.0009765625,10
4249,0.0009765625,10
4250,0.001953125,9
4251,0.0009765625,10
4252,0.0009765625,10
4253,0.0009765625,10
4254,0.001953125,9
4255,0.0009765625,10
4256,0.0009765625,10
4257,0.0009765625,10
4258,0.0009765625,10
4259,0.001953125,9
4260,0.0009765625,10
4261,0.0009765625,10
4262,0.0009765625,10
4263,0.001953125,9
4264,0.0009765625,10
4265,0.0009765625,10
4266,0.0009765625,10
4267,0.001953125,9
4268,0.0009765625,10
4269,0.0009765625,10
4270,0.0009765625,10
4271,0.001953125,9
4272,0.0009765625,10
4273,0.0009765625,10
4274,0.0009765625,10
4275,0.0009765625,10
4276,0.001953125,9
4277,0.0009765625,10
4278,0.0009765625,10
4279,0.0009765625,10
4280,0.001953125,9
4281,0.0009765625,10
4282,0.0009765625,10
4283,0.0009765625,10
4284,0.001953125,9
4285,0.0009765625,10
4286,0.0009765625,10
4287,0.0009765625,10
4288,0.001953125,9
4289,0.0009765625,10
4290,0.0009765625,10
4291,0.0009765625,10
4292,0.001953125,9
4293,0.0009765625,10
4294,0.0009765625,10
4295,0.0009765625,10
4296,0.0009765625,10
4297,0.001953125,9
4298,0.0009765625,10
4299,0.0009765625,10
4300,0.0009765625,10
4301,0.001953125,9
4302,0.0009765625,10
4303,0.0009765625,10
4304,0.0009765625,10
4305,0.001953125,9
4306,0.0009765625,10
4307,0.0009765625,10
4308,0.0009765625,10
4309,0.001953125,9
4310,0.0009765625,10
4311,0.0009765625,10
4312,0.0009765625,10
4313,0.001953125,9
4314,0.0009765625,10
4315,0.0009765625,10
4316,0.0009765625,10
4317,0.001953125,9
4318,0.0009765625,10
4319,0.0009765625,10
4320,0.0009765625,10
4321,0.0009765625,10
4322,0.001953125,9
4323,0.0009765625,10
4324,0.0009765625,10
4325,0.0009765625,10
4326,0.001953125,9
4327,0.0009765625,10
4328,0.0009765625,10
4329,0.0009765625,10
4330,0.001953125,9
4331,0.0009765625,10
4332,0.0009765625,10
4333,0.0009765625,10
4334,0.001953125,9
4335,0.0009765625,10
4336,0.0009765625,10
4337,0.0009765625,10
4338,0.001953125,9
4339,0.0009765625,10
4340,0.0009765625,10
4341,0.0009765625,10
4342,0.0009765625,10
4343,0.001953125,9
4344,0.0009765625,10
4345,0.0009765625,10
4346,0.0009765625,10
4347,0.001953125,9
4348,0.0009765625,10
4349,0.0009765625,10
4350,0.0009765625,10
4351,0.001953125,9
4352,0.0009765625,10
4353,0.0009765625,10
4354,0.0009765625,10
4355,0.0009765625,10
4356,0.001953125,9
4357,0.0009765625,10
4358,0.0009765625,10
4359,0.0009765625,10
4360,0.001953125,9
4361,0.0009765625,10
4362,0.0009765625,10
4363,0.0009765625,10
4364,0.001953125,9
4365,0.0009765625,10
4366,0.0009765625,10
4367,0.0009765625,10
4368,0.0009765625,10
4369,0.001953125,9
4370,0.0009765625,10
4371,0.0009765625,10
4372,0.0009765625,10
4373,0.001953125,9
4374,0.0009765625,10
4375,0.0009765625,10
4376,0.0009765625,10
4377,0.0009765625,10
4378,0.001953125,9
4379,0.0009765625,10
4380,0.0009765625,10
4381,0.0009765625,10
4382,0.001953125,9
4383,0.0009765625,10
4384,0.0009765625,10
4385,0.0009765625,10
4386,0.001953125,9
4387,0.0009765625,10
4388,0.0009765625,10
4389,0.0009765625,10
4390,0.0009765625,10
4391,0.001953125,9
4392,0.0009765625,10
4393,0.0009765625,10
4394,0.0009765625,10
4395,0.001953125,9
4396,0.0009765625,10
4397,0.0009765625,10
4398,0.0009765625,10
4399,0.001953125,9
4400,0.0009765625,10
4401,0.0009765625,10
4402,0.0009765625,10
4403,0.0009765625,10
4404,0.001953125,9
4405,0.0009765625,10
4406,0.0009765625,10
4407,0.0009765625,10
4408,0.001953125,9
4409,0.0009765625,10
4410,0.0009765625,10
4411,0.0009765625,10
4412,0.001953125,9
4413,0.0009765625,10
4414,0.0009765625,10
4415,0.0009765625,10
4416,0.0009765625,10
4417,0.001953125,9
4418,0.0009765625,10
4419,0.0009765625,10
4420,0.0009765625,10
4421,0.001953125,9
4422,0.0009765625,10
4423,0.0009765625,10
4424,0.0009765625,10
4425,0.001953125,9
4426,0.0009765625,10
4427,0.0009765625,10
4428,0.0009765625,10
4429,0.0009765625,10
4430,0.001953125,9
4431,0.0009765625,10
4432,0.0009765625,10
4433,0.0009765625,10
4434,0.001953125,9
4435,0.0009765625,10
4436,0.0009765625,10
4437,0.0009765625,10
4438,0.001953125,9
4439,0.0009765625,10
4440,0.0009765625,10
4441,0.0009765625,10
4442,0.001953125,9
4443,0.0009765625,10
4444,0.0009765625,10
4445,0.0009765625,10
4446,0.0009765625,10
4447,0.001953125,9
4448,0.0009765625,10
4449,0.0009765625,10
4450,0.0009765625,10
4451,0.001953125,9
4452,0.0009765625,10
4453,0.0009765625,10
4454,0.0009765625,10
4455,0.001953125,9
4456,0.0009765625,10
4457,0.0009765625,10
4458,0.0009765625,10
4459,0.0009765625,10
4460,0.001953125,9
4461,0.0009765625,10
4462,0.0009765625,10
4463,0.0009765625,10
4464,0.001953125,9
4465,0.0009765625,10
4466,0.0009765625,10
4467,0.0009765625,10
4468,0.001953125,9
4469,0.0009765625,10
4470,0.0009765625,10
4471,0.0009765625,10
4472,0.001953125,9
4473,0.0009765625,10
4474,0.0009765625,10
4475,0.0009765625,10
4476,0.0009765625,10
4477,0.001953125,9
4478,0.0009765625,10
4479,0.0009765625,10
4480,0.0009765625,10
4481,0.001953125,9
4482,0.0009765625,10
4483,0.0009765625,10
4484,0.0009765625,10
4485,0.001953125,9
4486,0.0009765625,10
4487,0.0009765625,10
4488,0.0009765625,10
4489,0.001953125,9
4490,0.0009765625,10
4491,0.0009765625,10
4492,0.0009765625,10
4493,0.0009765625,10
4494,0.001953125,9
4495,0.0009765625,10
4496,0.0009765625,10
4497,0.0009765625,10
4498,0.001953125,9
4499,0.0009765625,10
4500,0.0009765625,10
4501,0.0009765625,10
4502,0.001953125,9
4503,0.0009765625,10
4504,0.0009765625,10
4505,0.0009765625,10
4506,0.001953125,9
4507,0.0009765625,10
4508,0.0009765625,10
4509,0.0009765625,10
4510,0.0009765625,10
4511,0.001953125,9
4512,0.0009765625,10
4513,0.0009765625,10
4514,0.0009765625,10
4515,0.001953125,9
4516,0.0009765625,10
4517,0.0009765625,10
4518,0.0009765625,10
4519,0.001953125,9
4520,0.0009765625,10
4521,0.0009765625,10
4522,0.0009765625,10
4523,0.001953125,9
4524,0.0009765625,10
4525,0.0009765625,10
4526,0.0009765625,10
4527,0.0009765625,10
4528,0.001953125,9
4529,0.0009765625,10
4530,0.0009765625,10
4531,0.0009765625,10
4532,0.001953125,9
4533,0.0009765625,10
4534,0.0009765625,10
4535,0.0009765625,10
4536,0.001953125,9
4537,0.0009765625,10
4538,0.0009765625,10
4539,0.0009765625,10
4540,0.001953125,9
4541,0.0009765625,10
4542,0.0009765625,10
4543,0.0009765625,10
4544,0.0009765625,10
4545,0.001953125,9
4546,0.0009765625,10
4547,0.0009765625,10
4548,0.0009765625,10
4549,0.001953125,9
4550,0.0009765625,10
4551,0.0009765625,10
4552,0.0009765625,10
4553,0.001953125,9
4554,0.0009765625,10
4555,0.0009765625,10
4556,0.0009765625,10
4557,0.001953125,9
4558,0.0009765625,10
4559,0.0009765625,10
4560,0.0009765625,10
4561,0.001953125,9
4562,0.0009765625,10
4563,0.0009765625,10
4564,0.0009765625,10
4565,0.0009765625,10
4566,0.001953125,9
4567,0.0009765625,10
4568,0.0009765625,10
4569,0.0009765625,10
4570,0.001953125,9
4571,0.0009765625,10
4572,0.0009765625,10
4573,0.0009765625,10
4574,0.001953125,9
4575,0.0009765625,10
4576,0.0009765625,10
4577,0.0009765625,10
4578,0.001953125,9
4579,0.0009765625,10
4580,0.0009765625,10
4581,0.0009765625,10
4582,0.001953125,9
4583,0.0009765625,10
4584,0.0009765625,10
4585,0.0009765625,10
4586,0.0009765625,10
4587,0.001953125,9
4588,0.0009765625,10
4589,0.0009765625,10
4590,0.0009765625,10
4591,0.001953125,9
4592,0.0009765625,10
4593,0.0009765625,10
4594,0.0009765625,10
4595,0.001953125,9
4596,0.0009765625,10
4597,0.0009765625,10
4598,0.0009765625,10
4599,0.001953125,9
4600,0.0009765625,10
4601,0.0009765625,10
4602,0.0009765625,10
4603,0.0009765625,10
4604,0.001953125,9
4605,0.0009765625,10
4606,0.0009765625,10
4607,0.0009765625,10
4608,0.001953125,9
4609,0.0009765625,10
4610,0.0009765625,10
4611,0.0009765625,10
4612,0.001953125,9
4613,0.0009765625,10
4614,0.0009765625,10
4615,0.0009765625,10
4616,0.0009765625,10
4617,0.001953125,9
4618,0.0009765625,10
4619,0.0009765625,10
4620,0.0009765625,10
4621,0.001953125,9
4622,0.0009765625,10
4623,0.0009765625,10
4624,0.0009765625,10
4625,0.001953125,9
4626,0.0009765625,10
4627,0.0009765625,10
4628,0.0009765625,10
4629,0.0009765625,10
4630,0.001953125,9
4631,0.0009765625,10
4632,0.0009765625,10
4633,0.0009765625,10
4634,0.001953125,9
4635,0.0009765625,10
4636,0.0009765625,10
4637,0.0009765625,10
4638,0.0009765625,10
4639,0.001953125,9
4640,0.0009765625,10
4641,0.0009765625,10
4642,0.0009765625,10
4643,0.001953125,9
4644,0.0009765625,10
4645,0.0009765625,10
4646,0.0009765625,10
4647,0.001953125,9
4648,0.0009765625,10
4649,0.0009765625,10
4650,0.0009765625,10
4651,0.0009765625,10
4652,0.001953125,9
4653,0.0009765625,10
4654,0.0009765625,10
4655,0.0009765625,10
4656,0.001953125,9
4657,0.0009765625,10
4658,0.0009765625,10
4659,0.0009765625,10
4660,0.001953125,9
4661,0.0009765625,10
4662,0.0009765625,10
4663,0.0009765625,10
4664,0.0009765625,10
4665,0.001953125,9
4666,0.0009765625,10
4667,0.0009765625,10
4668,0.0009765625,10
4669,0.001953125,9
4670,0.0009765625,10
4671,0.0009765625,10
4672,0.0009765625,10
4673,0.001953125,9
4674,0.0009765625,10
4675,0.0009765625,10
4676,0.0009765625,10
4677,0.0009765625,10
4678,0.001953125,9
4679,0.0009765625,10
4680,0.0009765625,10
4681,0.0009765625,10
4682,0.001953125,9
4683,0.0009765625,10
4684,0.0009765625,10
4685,0.0009765625,10
4686,0.001953125,9
4687,0.0009765625,10
4688,0.0009765625,10
4689,0.0009765625,10
4690,0.0009765625,10
4691,0.001953125,9
4692,0.0009765625,10
4693,0.0009765625,10
4694,0.0009765625,10
4695,0.001953125,9
4696,0.0009765625,10
4697,0.0009765625,10
4698,0.0009765625,10
4699,0.001953125,9
4700,0.0009765625,10
4701,0.0009765625,10
4702,0.0009765625,10
4703,0.001953125,9
4704,0.0009765625,10
4705,0.0009765625,10
4706,0.0009765625,10
4707,0.0009765625,10
4708,0.001953125,9
4709,0.0009765625,10
4710,0.0009765625,10
4711,0.0009765625,10
4712,0.001953125,9
4713,0.0009765625,10
4714,0.0009765625,10
4715,0.0009765625,10
4716,0.001953125,9
4717,0.0009765625,10
4718,0.0009765625,10
4719,0.0009765625,10
4720,0.0009765625,10
4721,0.001953125,9
4722,0.0009765625,10
4723,0.0009765625,10
4724,0.0009765625,10
4725,0.001953125,9
4726,0.0009765625,10
4727,0.0009765625,10
4728,0.0009765625,10
4729,0.001953125,9
4730,0.0009765625,10
4731,0.0009765625,10
4732,0.0009765625,10
4733,0.001953125,9
4734,0.0009765625,10
4735,0.0009765625,10
4736,0.0009765625,10
4737,0.0009765625,10
4738,0.001953125,9
4739,0.0009765625,10
4740,0.0009765625,10
4741,0.0009765625,10
4742,0.001953125,9
4743,0.0009765625,10
4744,0.0009765625,10
4745,0.0009765625,10
4746,0.001953125,9
4747,0.0009765625,10
4748,0.0009765625,10
4749,0.0009765625,10
4750,0.0009765625,10
4751,0.001953125,9
4752,0.0009765625,10
4753,0.0009765625,10
4754,0.0009765625,10
4755,0.001953125,9
4756,0.0009765625,10
4757,0.0009765625,10
4758,0.0009765625,10
4759,0.001953125,9
4760,0.0009765625,10
4761,0.0009765625,10
4762,0.0009765625,10
4763,0.001953125,9
4764,0.0009765625,10
4765,0.0009765625,10
4766,0.0009765625,10
4767,0.0009765625,10
4768,0.001953125,9
4769,0.0009765625,10
4770,0.0009765625,10
4771,0.0009765625,10
4772,0.001953125,9
4773,0.0009765625,10
4774,0.0009765625,10
4775,0.0009765625,10
4776,0.001953125,9
4777,0.0009765625,10
4778,0.0009765625,10
4779,0.0009765625,10
4780,0.001953125,9
4781,0.0009765625,10
4782,0.0009765625,10
4783,0.0009765625,10
4784,0.0009765625,10
4785,0.001953125,9
4786,0.0009765625,10
4787,0.0009765625,10
4788,0.0009765625,10
4789,0.001953125,9
4790,0.0009765625,10
4791,0.0009765625,10
4792,0.0009765625,10
4793,0.001953125,9
4794,0.0009765625,10
4795,0.0009765625,10
4796,0.0009765625,10
4797,0.001953125,9
4798,0.0009765625,10
4799,0.0009765625,10
4800,0.0009765625,10
4801,0.001953125,9
4802,0.0009765625,10
4803,0.0009765625,10
4804,0.0009765625,10
4805,0.0009765625,10
4806,0.001953125,9
4807,0.0009765625,10
4808,0.0009765625,10
4809,0.0009765625,10
4810,0.001953125,9
4811,0.0009765625,10
4812,0.0009765625,10
4813,0.0009765625,10
4814,0.001953125,9
4815,0.0009765625,10
4816,0.0009765625,10
4817,0.0009765625,10
4818,0.001953125,9
4819,0.0009765625,10
4820,0.0009765625,10
4821,0.0009765625,10
4822,0.001953125,9
4823,0.0009765625,10
4824,0.0009765625,10
4825,0.0009765625,10
4826,0.0009765625,10
4827,0.001953125,9
4828,0.0009765625,10
4829,0.0009765625,10
4830,0.0009765625,10
4831,0.001953125,9
4832,0.0009765625,10
4833,0.0009765625,10
4834,0.0009765625,10
4835,0.001953125,9
4836,0.0009765625,10
4837,0.0009765625,10
4838,0.0009765625,10
4839,0.001953125,9
4840,0.0009765625,10
4841,0.0009765625,10
4842,0.0009765625,10
4843,0.001953125,9
4844,0.0009765625,10
4845,0.0009765625,10
4846,0.0009765625,10
4847,0.0009765625,10
4848,0.001953125,9
4849,0.0009765625,10
4850,0.0009765625,10
4851,0.0009765625,10
4852,0.001953125,9
4853,0.0009765625,10
4854,0.0009765625,10
4855,0.0009765625,10
4856,0.001953125,9
4857,0.0009765625,10
4858,0.0009765625,10
4859,0.0009765625,10
4860,0.0009765625,10
4861,0.001953125,9
4862,0.0009765625,10
4863,0.0009765625,10
4864,0.0009765625,10
4865,0.001953125,9
4866,0.0009765625,10
4867,0.0009765625,10
4868,0.0009765625,10
4869,0.001953125,9
4870,0.0009765625,10
4871,0.0009765625,10
4872,0.0009765625,10
4873,0.0009765625,10
4874,0.001953125,9
4875,0.0009765625,10
4876,0.0009765625,10
4877,0.0009765625,10
4878,0.001953125,9
4879,0.0009765625,10
4880,0.0009765625,10
4881,0.0009765625,10
4882,0.001953125,9
4883,0.0009765625,10
4884,0.0009765625,10
4885,0.0009765625,10
4886,0.0009765625,10
4887,0.001953125,9
4888,0.0009765625,10
4889,0.0009765625,10
4890,0.0009765625,10
4891,0.001953125,9
4892,0.0009765625,10
4893,0.0009765625,10
4894,0.0009765625,10
4895,0.0009765625,10
4896,0.001953125,9
4897,0.0009765625,10
4898,0.0009765625,10
4899,0.0009765625,10
4900,0.001953125,9
4901,0.0009765625,10
4902,0.0009765625,10
4903,0.0009765625,10
4904,0.001953125,9
4905,0.0009765625,10
4906,0.0009765625,10
4907,0.0009765625,10
4908,0.0009765625,10
4909,0.001953125,9
4910,0.0009765625,10
4911,0.0009765625,10
4912,0.0009765625,10
4913,0.001953125,9
4914,0.0009765625,10
4915,0.0009765625,10
4916,0.0009765625,10
4917,0.0009765625,10
4918,0.001953125,9
4919,0.0009765625,10
4920,0.0009765625,10
4921,0.0009765625,10
4922,0.001953125,9
4923,0.0009765625,10
4924,0.0009765625,10
4925,0.0009765625,10
4926,0.001953125,9
4927,0.0009765625,10
4928,0.0009765625,10
4929,0.0009765625,10
4930,0.0009765625,10
4931,0.001953125,9
4932,0.0009765625,10
4933,0.0009765625,10
4934,0.0009765625,10
4935,0.001953125,9
4936,0.0009765625,10
4937,0.0009765625,10
4938,0.0009765625,10
4939,0.001953125,9
4940,0.0009765625,10
4941,0.0009765625,10
4942,0.0009765625,10
4943,0.001953125,9
4944,0.0009765625,10
4945,0.0009765625,10
4946,0.0009765625,10
4947,0.0009765625,10
4948,0.001953125,9
4949,0.0009765625,10
4950,0.0009765625,10
4951,0.0009765625,10
4952,0.001953125,9
4953,0.0009765625,10
4954,0.0009765625,10
4955,0.0009765625,10
4956,0.001953125,9
4957,0.0009765625,10
4958,0.0009765625,10
4959,0.0009765625,10
4960,0.0009765625,10
4961,0.001953125,9
4962,0.0009765625,10
4963,0.0009765625,10
4964,0.0009765625,10
4965,0.001953125,9
4966,0.0009765625,10
4967,0.0009765625,10
4968,0.0009765625,10
4969,0.001953125,9
4970,0.0009765625,10
4971,0.0009765625,10
4972,0.0009765625,10
4973,0.001953125,9
4974,0.0009765625,10
4975,0.0009765625,10
4976,0.0009765625,10
4977,0.0009765625,10
4978,0.001953125,9
4979,0.0009765625,10
4980,0.0009765625,10
4981,0.0009765625,10
4982,0.001953125,9
4983,0.0009765625,10
4984,0.0009765625,10
4985,0.0009765625,10
4986,0.001953125,9
4987,0.0009765625,10
4988,0.0009765625,10
4989,0.0009765625,10
4990,0.0009765625,10
4991,0.001953125,9
4992,0.0009765625,10
4993,0.0009765625,10
4994,0.0009765625,10
4995,0.001953125,9
4996,0.0009765625,10
4997,0.0009765625,10
4998,0.0009765625,10
4999,0.001953125,9
5000,0.0009765625,10
5001,0.0009765625,10
5002,0.0009765625,10
5003,0.001953125,9
5004,0.0009765625,10
5005,0.0009765625,10
5006,0.0009765625,10
5007,0.0009765625,10
5008,0.001953125,9
5009,0.0009765625,10
5010,0.0009765625,10
5011,0.0009765625,10
5012,0.001953125,9
5013,0.0009765625,10
5014,0.0009765625,10
5015,0.0009765625,10
5016,0.001953125,9
5017,0.0009765625,10
5018,0.0009765625,10
5019,0.0009765625,10
5020,0.001953125,9
5021,0.0009765625,10
5022,0.0009765625,10
5023,0.0009765625,10
5024,0.0009765625,10
5025,0.001953125,9
5026,0.0009765625,10
5027,0.0009765625,10
5028,0.0009765625,10
5029,0.001953125,9
5030,0.0009765625,10
5031,0.0009765625,10
5032,0.0009765625,10
5033,0.001953125,9
5034,0.0009765625,10
5035,0.0009765625,10
5036,0.0009765625,10
5037,0.001953125,9
5038,0.0009765625,10
5039,0.0009765625,10
5040,0.0009765625,10
5041,0.0009765625,10
5042,0.001953125,9
5043,0.0009765625,10
5044,0.0009765625,10
5045,0.0009765625,10
5046,0.001953125,9
5047,0.0009765625,10
5048,0.0009765625,10
5049,0.0009765625,10
5050,0.001953125,9
5051,0.0009765625,10
5052,0.0009765625,10
5053,0.0009765625,10
5054,0.001953125,9
5055,0.0009765625,10
5056,0.0009765625,10
5057,0.0009765625,10
5058,0.0009765625,10
5059,0.001953125,9
5060,0.0009765625,10
5061,0.0009765625,10
5062,0.0009765625,10
5063,0.001953125,9
5064,0.0009765625,10
5065,0.0009765625,10
5066,0.0009765625,10
5067,0.001953125,9
5068,0.0009765625,10
5069,0.0009765625,10
5070,0.0009765625,10
5071,0.001953125,9
5072,0.0009765625,10
5073,0.0009765625,10
5074,0.0009765625,10
5075,0.001953125,9
5076,0.0009765625,10
5077,0.0009765625,10
5078,0.0009765625,10
5079,0.0009765625,10
5080,0.001953125,9
5081,0.0009765625,10
5082,0.0009765625,10
5083,0.0009765625,10
5084,0.001953125,9
5085,0.0009765625,10
5086,0.0009765625,10
5087,0.0009765625,10
5088,0.001953125,9
5089,0.0009765625,10
5090,0.0009765625,10
5091,0.0009765625,10
5092,0.001953125,9
5093,0.0009765625,10
5094,0.0009765625,10
5095,0.0009765625,10
5096,0.001953125,9
5097,0.0009765625,10
5098,0.0009765625,10
5099,0.0009765625,10
5100,0.0009765625,10
5101,0.001953125,9
5102,0.0009765625,10
5103,0.0009765625,10
5104,0.0009765625,10
5105,0.001953125,9
5106,0.0009765625,10
5107,0.0009765625,10
5108,0.0009765625,10
5109,0.001953125,9
5110,0.0009765625,10
5111,0.0009765625,10
5112,0.0009765625,10
5113,0.0009765625,10
5114,0.001953125,9
5115,0.0009765625,10
5116,0.0009765625,10
5117,0.0009765625,10
5118,0.001953125,9
5119,0.0009765625,10
5120,0.0009765625,10
5121,0.0009765625,10
5122,0.001953125,9
5123,0.0009765625,10
5124,0.0009765625,10
5125,0.0009765625,10
5126,0.0009765625,10
5127,0.001953125,9
5128,0.0009765625,10
5129,0.0009765625,10
5130,0.0009765625,10
5131,0.001953125,9
5132,0.0009765625,10
5133,0.0009765625,10
5134,0.0009765625,10
5135,0.001953125,9
5136,0.0009765625,10
5137,0.0009765625,10
5138,0.0009765625,10
5139,0.0009765625,10
5140,0.001953125,9
5141,0.0009765625,10
5142,0.0009765625,10
5143,0.0009765625,10
5144,0.001953125,9
5145,0.0009765625,10
5146,0.0009765625,10
5147,0.0009765625,10
5148,0.0009765625,10
5149,0.001953125,9
5150,0.0009765625,10
5151,0.0009765625,10
5152,0.0009765625,10
5153,0.001953125,9
5154,0.0009765625,10
5155,0.0009765625,10
5156,0.0009765625,10
5157,0.0009765625,10
5158,0.001953125,9
5159,0.0009765625,10
5160,0.0009765625,10
5161,0.0009765625,10
5162,0.001953125,9
5163,0.0009765625,10
5164,0.0009765625,10
5165,0.0009765625,10
5166,0.001953125,9
5167,0.0009765625,10
5168,0.0009765625,10
5169,0.0009765625,10
5170,0.0009765625,10
5171,0.001953125,9
5172,0.0009765625,10
5173,0.0009765625,10
5174,0.0009765625,10
5175,0.001953125,9
5176,0.0009765625,10
5177,0.0009765625,10
5178,0.0009765625,10
5179,0.001953125,9
5180,0.0009765625,10
5181,0.0009765625,10
5182,0.0009765625,10
5183,0.0009765625,10
5184,0.001953125,9
5185,0.0009765625,10
5186,0.0009765625,10
5187,0.0009765625,10
5188,0.001953125,9
5189,0.0009765625,10
5190,0.0009765625,10
5191,0.0009765625,10
5192,0.001953125,9
5193,0.0009765625,10
5194,0.0009765625,10
5195,0.0009765625,10
5196,0.0009765625,10
5197,0.001953125,9
5198,0.0009765625,10
5199,0.0009765625,10
5200,0.0009765625,10
5201,0.001953125,9
5202,0.0009765625,10
5203,0.0009765625,10
5204,0.0009765625,10
5205,0.001953125,9
5206,0.0009765625,10
5207,0.0009765625,10
5208,0.0009765625,10
5209,0.001953125,9
5210,0.0009765625,10
5211,0.0009765625,10
5212,0.0009765625,10
5213,0.0009765625,10
5214,0.001953125,9
5215,0.0009765625,10
5216,0.0009765625,10
5217,0.0009765625,10
5218,0.001953125,9
5219,0.0009765625,10
5220,0.0009765625,10
5221,0.0009765625,10
5222,0.001953125,9
5223,0.0009765625,10
5224,0.0009765625,10
5225,0.0009765625,10
5226,0.0009765625,10
5227,0.001953125,9
5228,0.0009765625,10
5229,0.0009765625,10
5230,0.0009765625,10
5231,0.001953125,9
5232,0.0009765625,10
5233,0.0009765625,10
5234,0.0009765625,10
5235,0.001953125,9
5236,0.0009765625,10
5237,0.0009765625,10
5238,0.0009765625,10
5239,0.001953125,9
5240,0.0009765625,10
5241,0.0009765625,10
5242,0.0009765625,10
5243,0.0009765625,10
5244,0.001953125,9
5245,0.0009765625,10
5246,0.0009765625,10
5247,0.0009765625,10
5248,0.001953125,9
5249,0.0009765625,10
5250,0.0009765625,10
5251,0.0009765625,10
5252,0.001953125,9
5253,0.0009765625,10
5254,0.0009765625,10
5255,0.0009765625,10
5256,0.0009765625,10
5257,0.001953125,9
5258,0.0009765625,10
5259,0.0009765625,10
5260,0.0009765625,10
5261,0.001953125,9
5262,0.0009765625,10
5263,0.0009765625,10
5264,0.0009765625,10
5265,0.001953125,9
5266,0.0009765625,10
5267,0.0009765625,10
5268,0.0009765625,10
5269,0.001953125,9
5270,0.0009765625,10
5271,0.0009765625,10
5272,0.0009765625,10
5273,0.0009765625,10
5274,0.001953125,9
5275,0.0009765625,10
5276,0.0009765625,10
5277,0.0009765625,10
5278,0.001953125,9
5279,0.0009765625,10
5280,0.0009765625,10
5281,0.0009765625,10
5282,0.001953125,9
5283,0.0009765625,10
5284,0.0009765625,10
5285,0.0009765625,10
5286,0.0009765625,10
5287,0.001953125,9
5288,0.0009765625,10
5289,0.0009765625,10
5290,0.0009765625,10
5291,0.001953125,9
5292,0.0009765625,10
5293,0.0009765625,10
5294,0.0009765625,10
5295,0.001953125,9
5296,0.0009765625,10
5297,0.0009765625,10
5298,0.0009765625,10
5299,0.001953125,9
5300,0.0009765625,10
5301,0.0009765625,10
5302,0.0009765625,10
5303,0.001953125,9
5304,0.0009765625,10
5305,0.0009765625,10
5306,0.0009765625,10
5307,0.0009765625,10
5308,0.001953125,9
5309,0.0009765625,10
5310,0.0009765625,10
5311,0.0009765625,10
5312,0.001953125,9
5313,0.0009765625,10
5314,0.0009765625,10
5315,0.0009765625,10
5316,0.001953125,9
5317,0.0009765625,10
5318,0.0009765625,10
5319,0.0009765625,10
5320,0.001953125,9
5321,0.0009765625,10
5322,0.0009765625,10
5323,0.0009765625,10
5324,0.0009765625,10
5325,0.001953125,9
5326,0.0009765625,10
5327,0.0009765625,10
5328,0.0009765625,10
5329,0.001953125,9
5330,0.0009765625,10
5331,0.0009765625,10
5332,0.0009765625,10
5333,0.001953125,9
5334,0.0009765625,10
5335,0.0009765625,10
5336,0.0009765625,10
5337,0.001953125,9
5338,0.0009765625,10
5339,0.0009765625,10
5340,0.0009765625,10
5341,0.001953125,9
5342,0.0009765625,10
5343,0.0009765625,10
5344,0.0009765625,10
5345,0.0009765625,10
5346,0.001953125,9
5347,0.0009765625,10
5348,0.0009765625,10
5349,0.0009765625,10
5350,0.001953125,9
5351,0.0009765625,10
5352,0.0009765625,10
5353,0.0009765625,10
5354,0.001953125,9
5355,0.0009765625,10
5356,0.0009765625,10
5357,0.0009765625,10
5358,0.001953125,9
5359,0.0009765625,10
5360,0.0009765625,10
5361,0.0009765625,10
5362,0.0009765625,10
5363,0.001953125,9
5364,0.0009765625,10
5365,0.0009765625,10
5366,0.0009765625,10
5367,0.001953125,9
5368,0.0009765625,10
5369,0.0009765625,10
5370,0.0009765625,10
5371,0.001953125,9
5372,0.0009765625,10
5373,0.0009765625,10
5374,0.0009765625,10
5375,0.001953125,9
5376,0.0009765625,10
5377,0.0009765625,10
5378,0.0009765625,10
5379,0.0009765625,10
5380,0.001953125,9
5381,0.0009765625,10
5382,0.0009765625,10
5383,0.0009765625,10
5384,0.001953125,9
5385,0.0009765625,10
5386,0.0009765625,10
5387,0.0009765625,10
5388,0.0009765625,10
5389,0.001953125,9
5390,0.0009765625,10
5391,0.0009765625,10
5392,0.0009765625,10
5393,0.001953125,9
5394,0.0009765625,10
5395,0.0009765625,10
5396,0.0009765625,10
5397,0.0009765625,10
5398,0.001953125,9
5399,0.0009765625,10
5400,0.0009765625,10
5401,0.0009765625,10
5402,0.001953125,9
5403,0.0009765625,10
5404,0.0009765625,10
5405,0.0009765625,10
5406,0.001953125,9
5407,0.0009765625,10
5408,0.0009765625,10
5409,0.0009765625,10
5410,0.0009765625,10
5411,0.001953125,9
5412,0.0009765625,10
5413,0.0009765625,10
5414,0.0009765625,10
5415,0.001953125,9
5416,0.0009765625,10
5417,0.0009765625,10
5418,0.0009765625,10
5419,0.0009765625,10
5420,0.001953125,9
5421,0.0009765625,10
5422,0.0009765625,10
5423,0.0009765625,10
5424,0.001953125,9
5425,0.0009765625,10
5426,0.0009765625,10
5427,0.0009765625,10
5428,0.001953125,9
5429,0.0009765625,10
5430,0.0009765625,10
5431,0.0009765625,10
5432,0.0009765625,10
5433,0.001953125,9
5434,0.0009765625,10
5435,0.0009765625,10
5436,0.0009765625,10
5437,0.001953125,9
5438,0.0009765625,10
5439,0.0009765625,10
5440,0.0009765625,10
5441,0.001953125,9
5442,0.0009765625,10
5443,0.0009765625,10
5444,0.0009765625,10
5445,0.0009765625,10
5446,0.001953125,9
5447,0.0009765625,10
5448,0.0009765625,10
5449,0.0009765625,10
5450,0.001953125,9
5451,0.0009765625,10
5452,0.0009765625,10
5453,0.0009765625,10
5454,0.001953125,9
5455,0.0009765625,10
5456,0.0009765625,10
5457,0.0009765625,10
5458,0.0009765625,10
5459,0.001953125,9
5460,0.0009765625,10
5461,0.0009765625,10
5462,0.0009765625,10
5463,0.001953125,9
5464,0.0009765625,10
5465,0.0009765625,10
5466,0.0009765625,10
5467,0.001953125,9
5468,0.0009765625,10
5469,0.0009765625,10
5470,0.0009765625,10
5471,0.001953125,9
5472,0.0009765625,10
5473,0.0009765625,10
5474,0.0009765625,10
5475,0.0009765625,10
5476,0.001953125,9
5477,0.0009765625,10
5478,0.0009765625,10
5479,0.0009765625,10
5480,0.001953125,9
5481,0.0009765625,10
5482,0.0009765625,10
5483,0.0009765625,10
5484,0.001953125,9
5485,0.0009765625,10
5486,0.0009765625,10
5487,0.0009765625,10
5488,0.0009765625,10
5489,0.001953125,9
5490,0.0009765625,10
5491,0.0009765625,10
5492,0.0009765625,10
5493,0.001953125,9
5494,0.0009765625,10
5495,0.0009765625,10
5496,0.0009765625,10
5497,0.001953125,9
5498,0.0009765625,10
5499,0.0009765625,10
5500,0.0009765625,10
5501,0.0009765625,10
5502,0.001953125,9
5503,0.0009765625,10
5504,0.0009765625,10
5505,0.0009765625,10
5506,0.001953125,9
5507,0.0009765625,10
5508,0.0009765625,10
5509,0.0009765625,10
5510,0.001953125,9
5511,0.0009765625,10
5512,0.0009765625,10
5513,0.0009765625,10
5514,0.001953125,9
5515,0.0009765625,10
5516,0.0009765625,10
5517,0.0009765625,10
5518,0.0009765625,10
5519,0.001953125,9
5520,0.0009765625,10
5521,0.0009765625,10
5522,0.0009765625,10
5523,0.001953125,9
5524,0.0009765625,10
5525,0.0009765625,10
5526,0.0009765625,10
5527,0.001953125,9
5528,0.0009765625,10
5529,0.0009765625,10
5530,0.0009765625,10
5531,0.001953125,9
5532,0.0009765625,10
5533,0.0009765625,10
5534,0.0009765625,10
5535,0.0009765625,10
5536,0.001953125,9
5537,0.0009765625,10
5538,0.0009765625,10
5539,0.0009765625,10
5540,0.001953125,9
5541,0.0009765625,10
5542,0.0009765625,10
5543,0.0009765625,10
5544,0.001953125,9
5545,0.0009765625,10
5546,0.0009765625,10
5547,0.0009765625,10
5548,0.0009765625,10
5549,0.001953125,9
5550,0.0009765625,10
5551,0.0009765625,10
5552,0.0009765625,10
5553,0.001953125,9
5554,0.0009765625,10
5555,0.0009765625,10
5556,0.0009765625,10
5557,0.001953125,9
5558,0.0009765625,10
5559,0.0009765625,10
5560,0.0009765625,10
5561,0.001953125,9
5562,0.0009765625,10
5563,0.0009765625,10
5564,0.0009765625,10
5565,0.0009765625,10
5566,0.001953125,9
5567,0.0009765625,10
5568,0.0009765625,10
5569,0.0009765625,10
5570,0.001953125,9
5571,0.0009765625,10
5572,0.0009765625,10
5573,0.0009765625,10
5574,0.001953125,9
5575,0.0009765625,10
5576,0.0009765625,10
5577,0.0009765625,10
5578,0.001953125,9
5579,0.0009765625,10
5580,0.0009765625,10
5581,0.0009765625,10
5582,0.001953125,9
5583,0.0009765625,10
5584,0.0009765625,10
5585,0.0009765625,10
5586,0.0009765625,10
5587,0.001953125,9
5588,0.0009765625,10
5589,0.0009765625,10
5590,0.0009765625,10
5591,0.001953125,9
5592,0.0009765625,10
5593,0.0009765625,10
5594,0.0009765625,10
5595,0.001953125,9
5596,0.0009765625,10
5597,0.0009765625,10
5598,0.0009765625,10
5599,0.001953125,9
5600,0.0009765625,10
5601,0.0009765625,10
5602,0.0009765625,10
5603,0.001953125,9
5604,0.0009765625,10
5605,0.0009765625,10
5606,0.0009765625,10
5607,0.0009765625,10
5608,0.001953125,9
5609,0.0009765625,10
5610,0.0009765625,10
5611,0.0009765625,10
5612,0.001953125,9
5613,0.0009765625,10
5614,0.0009765625,10
5615,0.0009765625,10
5616,0.001953125,9
5617,0.0009765625,10
5618,0.0009765625,10
5619,0.0009765625,10
5620,0.001953125,9
5621,0.0009765625,10
5622,0.0009765625,10
5623,0.0009765625,10
5624,0.0009765625,10
5625,0.001953125,9
5626,0.0009765625,10
5627,0.0009765625,10
5628,0.0009765625,10
5629,0.001953125,9
5630,0.0009765625,10
5631,0.0009765625,10
5632,0.0009765625,10
5633,0.001953125,9
5634,0.0009765625,10
5635,0.0009765625,10
5636,0.0009765625,10
5637,0.0009765625,10
5638,0.001953125,9
5639,0.0009765625,10
5640,0.0009765625,10
5641,0.0009765625,10
5642,0.001953125,9
5643,0.0009765625,10
5644,0.0009765625,10
5645,0.0009765625,10
5646,0.0009765625,10
5647,0.001953125,9
5648,0.0009765625,10
5649,0.0009765625,10
5650,0.0009765625,10
5651,0.001953125,9
5652,0.0009765625,10
5653,0.0009765625,10
5654,0.0009765625,10
5655,0.0009765625,10
5656,0.001953125,9
5657,0.0009765625,10
5658,0.0009765625,10
5659,0.0009765625,10
5660,0.001953125,9
5661,0.0009765625,10
5662,0.0009765625,10
5663,0.0009765625,10
5664,0.001953125,9
5665,0.0009765625,10
5666,0.0009765625,10
5667,0.0009765625,10
5668,0.0009765625,10
5669,0.001953125,9
5670,0.0009765625,10
5671,0.0009765625,10
5672,0.0009765625,10
5673,0.001953125,9
5674,0.0009765625,10
5675,0.0009765625,10
5676,0.0009765625,10
5677,0.0009765625,10
5678,0.001953125,9
5679,0.0009765625,10
5680,0.0009765625,10
5681,0.0009765625,10
5682,0.001953125,9
5683,0.0009765625,10
5684,0.0009765625,10
5685,0.0009765625,10
5686,0.001953125,9
5687,0.0009765625,10
5688,0.0009765625,10
5689,0.0009765625,10
5690,0.0009765625,10
5691,0.001953125,9
5692,0.0009765625,10
5693,0.0009765625,10
5694,0.0009765625,10
5695,0.001953125,9
5696,0.0009765625,10
5697,0.0009765625,10
5698,0.0009765625,10
5699,0.001953125,9
5700,0.0009765625,10
5701,0.0009765625,10
5702,0.0009765625,10
5703,0.0009765625,10
5704,0.001953125,9
5705,0.0009765625,10
5706,0.0009765625,10
5707,0.0009765625,10
5708,0.001953125,9
5709,0.0009765625,10
5710,0.0009765625,10
5711,0.0009765625,10
5712,0.001953125,9
5713,0.0009765625,10
5714,0.0009765625,10
5715,0.0009765625,10
5716,0.0009765625,10
5717,0.001953125,9
5718,0.0009765625,10
5719,0.0009765625,10
5720,0.0009765625,10
5721,0.001953125,9
5722,0.0009765625,10
5723,0.0009765625,10
5724,0.0009765625,10
5725,0.001953125,9
5726,0.0009765625,10
5727,0.0009765625,10
5728,0.0009765625,10
5729,0.001953125,9
5730,0.0009765625,10
5731,0.0009765625,10
5732,0.0009765625,10
5733,0.0009765625,10
5734,0.001953125,9
5735,0.0009765625,10
5736,0.0009765625,10
5737,0.0009765625,10
5738,0.001953125,9
5739,0.0009765625,10
5740,0.0009765625,10
5741,0.0009765625,10
5742,0.001953125,9
5743,0.0009765625,10
5744,0.0009765625,10
5745,0.0009765625,10
5746,0.0009765625,10
5747,0.001953125,9
5748,0.0009765625,10
5749,0.0009765625,10
5750,0.0009765625,10
5751,0.001953125,9
5752,0.0009765625,10
5753,0.0009765625,10
5754,0.0009765625,10
5755,0.001953125,9
5756,0.0009765625,10
5757,0.0009765625,10
5758,0.0009765625,10
5759,0.0009765625,10
5760,0.001953125,9
5761,0.0009765625,10
5762,0.0009765625,10
5763,0.0009765625,10
5764,0.001953125,9
5765,0.0009765625,10
5766,0.0009765625,10
5767,0.0009765625,10
5768,0.001953125,9
5769,0.0009765625,10
5770,0.0009765625,10
5771,0.0009765625,10
5772,0.001953125,9
5773,0.0009765625,10
5774,0.0009765625,10
5775,0.0009765625,10
5776,0.0009765625,10
5777,0.001953125,9
5778,0.0009765625,10
5779,0.0009765625,10
5780,0.0009765625,10
5781,0.001953125,9
5782,0.0009765625,10
5783,0.0009765625,10
5784,0.0009765625,10
5785,0.001953125,9
5786,0.0009765625,10
5787,0.0009765625,10
5788,0.0009765625,10
5789,0.0009765625,10
5790,0.001953125,9
5791,0.0009765625,10
5792,0.0009765625,10
5793,0.0009765625,10
5794,0.001953125,9
5795,0.0009765625,10
5796,0.0009765625,10
5797,0.0009765625,10
5798,0.001953125,9
5799,0.0009765625,10
5800,0.0009765625,10
5801,0.0009765625,10
5802,0.001953125,9
5803,0.0009765625,10
5804,0.0009765625,10
5805,0.0009765625,10
5806,0.0009765625,10
5807,0.001953125,9
5808,0.0009765625,10
5809,0.0009765625,10
5810,0.0009765625,10
5811,0.001953125,9
5812,0.0009765625,10
5813,0.0009765625,10
5814,0.0009765625,10
5815,0.001953125,9
5816,0.0009765625,10
5817,0.0009765625,10
5818,0.0009765625,10
5819,0.001953125,9
5820,0.0009765625,10
5821,0.0009765625,10
5822,0.0009765625,10
5823,0.0009765625,10
5824,0.001953125,9
5825,0.0009765625,10
5826,0.0009765625,10
5827,0.0009765625,10
5828,0.001953125,9
5829,0.0009765625,10
5830,0.0009765625,10
5831,0.0009765625,10
5832,0.001953125,9
5833,0.0009765625,10
5834,0.0009765625,10
5835,0.0009765625,10
5836,0.001953125,9
5837,0.0009765625,10
5838,0.0009765625,10
5839,0.0009765625,10
5840,0.001953125,9
5841,0.0009765625,10
5842,0.0009765625,10
5843,0.0009765625,10
5844,0.0009765625,10
5845,0.001953125,9
5846,0.0009765625,10
5847,0.0009765625,10
5848,0.0009765625,10
5849,0.001953125,9
5850,0.0009765625,10
5851,0.0009765625,10
5852,0.0009765625,10
5853,0.001953125,9
5854,0.0009765625,10
5855,0.0009765625,10
5856,0.0009765625,10
5857,0.001953125,9
5858,0.0009765625,10
5859,0.0009765625,10
5860,0.0009765625,10
5861,0.0009765625,10
5862,0.001953125,9
5863,0.0009765625,10
5864,0.0009765625,10
5865,0.0009765625,10
5866,0.001953125,9
5867,0.0009765625,10
5868,0.0009765625,10
5869,0.0009765625,10
5870,0.001953125,9
5871,0.0009765625,10
5872,0.0009765625,10
5873,0.0009765625,10
5874,0.001953125,9
5875,0.0009765625,10
5876,0.0009765625,10
5877,0.0009765625,10
5878,0.0009765625,10
5879,0.001953125,9
5880,0.0009765625,10
5881,0.0009765625,10
5882,0.0009765625,10
5883,0.001953125,9
5884,0.0009765625,10
5885,0.0009765625,10
5886,0.0009765625,10
5887,0.001953125,9
5888,0.0009765625,10
5889,0.0009765625,10
5890,0.0009765625,10
5891,0.0009765625,10
5892,0.001953125,9
5893,0.0009765625,10
5894,0.0009765625,10
5895,0.0009765625,10
5896,0.001953125,9
5897,0.0009765625,10
5898,0.0009765625,10
5899,0.0009765625,10
5900,0.001953125,9
5901,0.0009765625,10
5902,0.0009765625,10
5903,0.0009765625,10
5904,0.0009765625,10
5905,0.001953125,9
5906,0.0009765625,10
5907,0.0009765625,10
5908,0.0009765625,10
5909,0.001953125,9
5910,0.0009765625,10
5911,0.0009765625,10
5912,0.0009765625,10
5913,0.0009765625,10
5914,0.001953125,9
5915,0.0009765625,10
5916,0.0009765625,10
5917,0.0009765625,10
5918,0.001953125,9
5919,0.0009765625,10
5920,0.0009765625,10
5921,0.0009765625,10
5922,0.0009765625,10
5923,0.001953125,9
5924,0.0009765625,10
5925,0.0009765625,10
5926,0.0009765625,10
5927,0.001953125,9
5928,0.0009765625,10
5929,0.0009765625,10
5930,0.0009765625,10
5931,0.001953125,9
5932,0.0009765625,10
5933,0.0009765625,10
5934,0.0009765625,10
5935,0.0009765625,10
5936,0.001953125,9
5937,0.0009765625,10
5938,0.0009765625,10
5939,0.0009765625,10
5940,0.001953125,9
5941,0.0009765625,10
5942,0.0009765625,10
5943,0.0009765625,10
5944,0.0009765625,10
5945,0.001953125,9
5946,0.0009765625,10
5947,0.0009765625,10
5948,0.0009765625,10
5949,0.001953125,9
5950,0.0009765625,10
5951,0.0009765625,10
5952,0.0009765625,10
5953,0.001953125,9
5954,0.0009765625,10
5955,0.0009765625,10
5956,0.0009765625,10
5957,0.0009765625,10
5958,0.001953125,9
5959,0.0009765625,10
5960,0.0009765625,10
5961,0.0009765625,10
5962,0.001953125,9
5963,0.0009765625,10
5964,0.0009765625,10
5965,0.0009765625,10
5966,0.001953125,9
5967,0.0009765625,10
5968,0.0009765625,10
5969,0.0009765625,10
5970,0.001953125,9
5971,0.0009765625,10
5972,0.0009765625,10
5973,0.0009765625,10
5974,0.0009765625,10
5975,0.001953125,9
5976,0.0009765625,10
5977,0.0009765625,10
5978,0.0009765625,10
5979,0.001953125,9
5980,0.0009765625,10
5981,0.0009765625,10
5982,0.0009765625,10
5983,0.001953125,9
5984,0.0009765625,10
5985,0.0009765625,10
5986,0.0009765625,10
5987,0.0009765625,10
5988,0.001953125,9
5989,0.0009765625,10
5990,0.0009765625,10
5991,0.0009765625,10
5992,0.001953125,9
5993,0.0009765625,10
5994,0.0009765625,10
5995,0.0009765625,10
5996,0.001953125,9
5997,0.0009765625,10
5998,0.0009765625,10
5999,0.0009765625,10
6000,0.0009765625,10
6001,0.001953125,9
6002,0.0009765625,10
6003,0.0009765625,10
6004,0.0009765625,10
6005,0.001953125,9
6006,0.0009765625,10
6007,0.0009765625,10
6008,0.0009765625,10
6009,0.001953125,9
6010,0.0009765625,10
6011,0.0009765625,10
6012,0.0009765625,10
6013,0.0009765625,10
6014,0.001953125,9
6015,0.0009765625,10
6016,0.0009765625,10
6017,0.0009765625,10
6018,0.001953125,9
6019,0.0009765625,10
6020,0.0009765625,10
6021,0.0009765625,10
6022,0.001953125,9
6023,0.0009765625,10
6024,0.0009765625,10
6025,0.0009765625,10
6026,0.001953125,9
6027,0.0009765625,10
6028,0.0009765625,10
6029,0.0009765625,10
6030,0.0009765625,10
6031,0.001953125,9
6032,0.0009765625,10
6033,0.0009765625,10
6034,0.0009765625,10
6035,0.001953125,9
6036,0.0009765625,10
6037,0.0009765625,10
6038,0.0009765625,10
6039,0.001953125,9
6040,0.0009765625,10
6041,0.0009765625,10
6042,0.0009765625,10
6043,0.0009765625,10
6044,0.001953125,9
6045,0.0009765625,10
6046,0.0009765625,10
6047,0.0009765625,10
6048,0.001953125,9
6049,0.0009765625,10
6050,0.0009765625,10
6051,0.0009765625,10
6052,0.001953125,9
6053,0.0009765625,10
6054,0.0009765625,10
6055,0.0009765625,10
6056,0.001953125,9
6057,0.0009765625,10
6058,0.0009765625,10
6059,0.0009765625,10
6060,0.0009765625,10
6061,0.001953125,9
6062,0.0009765625,10
6063,0.0009765625,10
6064,0.0009765625,10
6065,0.001953125,9
6066,0.0009765625,10
6067,0.0009765625,10
6068,0.0009765625,10
6069,0.001953125,9
6070,0.0009765625,10
6071,0.0009765625,10
6072,0.0009765625,10
6073,0.001953125,9
6074,0.0009765625,10
6075,0.0009765625,10
6076,0.0009765625,10
6077,0.0009765625,10
6078,0.001953125,9
6079,0.0009765625,10
6080,0.0009765625,10
6081,0.0009765625,10
6082,0.001953125,9
6083,0.0009765625,10
6084,0.0009765625,10
6085,0.0009765625,10
6086,0.001953125,9
6087,0.0009765625,10
6088,0.0009765625,10
6089,0.0009765625,10
6090,0.001953125,9
6091,0.0009765625,10
6092,0.0009765625,10
6093,0.0009765625,10
6094,0.001953125,9
6095,0.0009765625,10
6096,0.0009765625,10
6097,0.0009765625,10
6098,0.0009765625,10
6099,0.001953125,9
6100,0.0009765625,10
6101,0.0009765625,10
6102,0.0009765625,10
6103,0.001953125,9
6104,0.0009765625,10
6105,0.0009765625,10
6106,0.0009765625,10
6107,0.001953125,9
6108,0.0009765625,10
6109,0.0009765625,10
6110,0.0009765625,10
6111,0.001953125,9
6112,0.0009765625,10
6113,0.0009765625,10
6114,0.0009765625,10
6115,0.0009765625,10
6116,0.001953125,9
6117,0.0009765625,10
6118,0.0009765625,10
6119,0.0009765625,10
6120,0.001953125,9
6121,0.0009765625,10
6122,0.0009765625,10
6123,0.0009765625,10
6124,0.001953125,9
6125,0.0009765625,10
6126,0.0009765625,10
6127,0.0009765625,10
6128,0.001953125,9
6129,0.0009765625,10
6130,0.0009765625,10
6131,0.0009765625,10
6132,0.0009765625,10
6133,0.001953125,9
6134,0.0009765625,10
6135,0.0009765625,10
6136,0.0009765625,10
6137,0.001953125,9
6138,0.0009765625,10
6139,0.0009765625,10
6140,0.0009765625,10
6141,0.001953125,9
6142,0.0009765625,10
6143,0.0009765625,10
6144,0.0009765625,10
6145,0.0009765625,10
6146,0.001953125,9
6147,0.0009765625,10
6148,0.0009765625,10
6149,0.0009765625,10
6150,0.001953125,9
6151,0.0009765625,10
6152,0.0009765625,10
6153,0.0009765625,10
6154,0.001953125,9
6155,0.0009765625,10
6156,0.0009765625,10
6157,0.0009765625,10
6158,0.0009765625,10
6159,0.001953125,9
6160,0.0009765625,10
6161,0.0009765625,10
6162,0.0009765625,10
6163,0.001953125,9
6164,0.0009765625,10
6165,0.0009765625,10
6166,0.0009765625,10
6167,0.0009765625,10
6168,0.001953125,9
6169,0.0009765625,10
6170,0.0009765625,10
6171,0.0009765625,10
6172,0.001953125,9
6173,0.0009765625,10
6174,0.0009765625,10
6175,0.0009765625,10
6176,0.0009765625,10
6177,0.001953125,9
6178,0.0009765625,10
6179,0.0009765625,10
6180,0.0009765625,10
6181,0.001953125,9
6182,0.0009765625,10
6183,0.0009765625,10
6184,0.0009765625,10
6185,0.0009765625,10
6186,0.001953125,9
6187,0.0009765625,10
6188,0.0009765625,10
6189,0.0009765625,10
6190,0.001953125,9
6191,0.0009765625,10
6192,0.0009765625,10
6193,0.0009765625,10
6194,0.001953125,9
6195,0.0009765625,10
6196,0.0009765625,10
6197,0.0009765625,10
6198,0.0009765625,10
6199,0.001953125,9
6200,0.0009765625,10
6201,0.0009765625,10
6202,0.0009765625,10
6203,0.001953125,9
6204,0.0009765625,10
6205,0.0009765625,10
6206,0.0009765625,10
6207,0.001953125,9
6208,0.0009765625,10
6209,0.0009765625,10
6210,0.0009765625,10
6211,0.0009765625,10
6212,0.001953125,9
6213,0.0009765625,10
6214,0.0009765625,10
6215,0.0009765625,10
6216,0.001953125,9
6217,0.0009765625,10
6218,0.0009765625,10
6219,0.0009765625,10
6220,0.001953125,9
6221,0.0009765625,10
6222,0.0009765625,10
6223,0.0009765625,10
6224,0.0009765625,10
6225,0.001953125,9
6226,0.0009765625,10
6227,0.0009765625,10
6228,0.0009765625,10
6229,0.001953125,9
6230,0.0009765625,10
6231,0.0009765625,10
6232,0.0009765625,10
6233,0.001953125,9
6234,0.0009765625,10
6235,0.0009765625,10
6236,0.0009765625,10
6237,0.0009765625,10
6238,0.001953125,9
6239,0.0009765625,10
6240,0.0009765625,10
6241,0.0009765625,10
6242,0.001953125,9
6243,0.0009765625,10
6244,0.0009765625,10
6245,0.0009765625,10
6246,0.001953125,9
6247,0.0009765625,10
6248,0.0009765625,10
6249,0.0009765625,10
6250,0.001953125,9
6251,0.0009765625,10
6252,0.0009765625,10
6253,0.0009765625,10
6254,0.0009765625,10
6255,0.001953125,9
6256,0.0009765625,10
6257,0.0009765625,10
6258,0.0009765625,10
6259,0.001953125,9
6260,0.0009765625,10
6261,0.0009765625,10
6262,0.0009765625,10
6263,0.001953125,9
6264,0.0009765625,10
6265,0.0009765625,10
6266,0.0009765625,10
6267,0.0009765625,10
6268,0.001953125,9
6269,0.0009765625,10
6270,0.0009765625,10
6271,0.0009765625,10
6272,0.001953125,9
6273,0.0009765625,10
6274,0.0009765625,10
6275,0.0009765625,10
6276,0.001953125,9
6277,0.0009765625,10
6278,0.0009765625,10
6279,0.0009765625,10
6280,0.0009765625,10
6281,0.001953125,9
6282,0.0009765625,10
6283,0.0009765625,10
6284,0.0009765625,10
6285,0.001953125,9
6286,0.0009765625,10
6287,0.0009765625,10
6288,0.0009765625,10
6289,0.001953125,9
6290,0.0009765625,10
6291,0.0009765625,10
6292,0.0009765625,10
6293,0.001953125,9
6294,0.0009765625,10
6295,0.0009765625,10
6296,0.0009765625,10
6297,0.0009765625,10
6298,0.001953125,9
6299,0.0009765625,10
6300,0.0009765625,10
6301,0.0009765625,10
6302,0.001953125,9
6303,0.0009765625,10
6304,0.0009765625,10
6305,0.0009765625,10
6306,0.001953125,9
6307,0.0009765625,10
6308,0.0009765625,10
6309,0.0009765625,10
6310,0.0009765625,10
6311,0.001953125,9
6312,0.0009765625,10
6313,0.0009765625,10
6314,0.0009765625,10
6315,0.001953125,9
6316,0.0009765625,10
6317,0.0009765625,10
6318,0.0009765625,10
6319,0.001953125,9
6320,0.0009765625,10
6321,0.0009765625,10
6322,0.0009765625,10
6323,0.001953125,9
6324,0.0009765625,10
6325,0.0009765625,10
6326,0.0009765625,10
6327,0.0009765625,10
6328,0.001953125,9
6329,0.0009765625,10
6330,0.0009765625,10
6331,0.0009765625,10
6332,0.001953125,9
6333,0.0009765625,10
6334,0.0009765625,10
6335,0.0009765625,10
6336,0.001953125,9
6337,0.0009765625,10
6338,0.0009765625,10
6339,0.0009765625,10
6340,0.001953125,9
6341,0.0009765625,10
6342,0.0009765625,10
6343,0.0009765625,10
6344,0.0009765625,10
6345,0.001953125,9
6346,0.0009765625,10
6347,0.0009765625,10
6348,0.0009765625,10
6349,0.001953125,9
6350,0.0009765625,10
6351,0.0009765625,10
6352,0.0009765625,10
6353,0.001953125,9
6354,0.0009765625,10
6355,0.0009765625,10
6356,0.0009765625,10
6357,0.001953125,9
6358,0.0009765625,10
6359,0.0009765625,10
6360,0.0009765625,10
6361,0.001953125,9
6362,0.0009765625,10
6363,0.0009765625,10
6364,0.0009765625,10
6365,0.0009765625,10
6366,0.001953125,9
6367,0.0009765625,10
6368,0.0009765625,10
6369,0.0009765625,10
6370,0.001953125,9
6371,0.0009765625,10
6372,0.0009765625,10
6373,0.0009765625,10
6374,0.001953125,9
6375,0.0009765625,10
6376,0.0009765625,10
6377,0.0009765625,10
6378,0.001953125,9
6379,0.0009765625,10
6380,0.0009765625,10
6381,0.0009765625,10
6382,0.0009765625,10
6383,0.001953125,9
6384,0.0009765625,10
6385,0.0009765625,10
6386,0.0009765625,10
6387,0.001953125,9
6388,0.0009765625,10
6389,0.0009765625,10
6390,0.0009765625,10
6391,0.001953125,9
6392,0.0009765625,10
6393,0.0009765625,10
6394,0.0009765625,10
6395,0.0009765625,10
6396,0.001953125,9
6397,0.0009765625,10
6398,0.0009765625,10
6399,0.0009765625,10
6400,0.001953125,9
6401,0.0009765625,10
6402,0.0009765625,10
6403,0.0009765625,10
6404,0.001953125,9
6405,0.0009765625,10
6406,0.0009765625,10
6407,0.0009765625,10
6408,0.0009765625,10
6409,0.001953125,9
6410,0.0009765625,10
6411,0.0009765625,10
6412,0.0009765625,10
6413,0.001953125,9
6414,0.0009765625,10
6415,0.0009765625,10
6416,0.0009765625,10
6417,0.0009765625,10
6418,0.001953125,9
6419,0.0009765625,10
6420,0.0009765625,10
6421,0.0009765625,10
6422,0.001953125,9
6423,0.0009765625,10
6424,0.0009765625,10
6425,0.0009765625,10
6426,0.0009765625,10
6427,0.001953125,9
6428,0.0009765625,10
6429,0.0009765625,10
6430,0.0009765625,10
6431,0.001953125,9
6432,0.0009765625,10
6433,0.0009765625,10
6434,0.0009765625,10
6435,0.001953125,9
6436,0.0009765625,10
6437,0.0009765625,10
6438,0.0009765625,10
6439,0.0009765625,10
6440,0.001953125,9
6441,0.0009765625,10
6442,0.0009765625,10
6443,0.0009765625,10
6444,0.001953125,9
6445,0.0009765625,10
6446,0.0009765625,10
6447,0.0009765625,10
6448,0.0009765625,10
6449,0.001953125,9
6450,0.0009765625,10
6451,0.0009765625,10
6452,0.0009765625,10
6453,0.001953125,9
6454,0.0009765625,10
6455,0.0009765625,10
6456,0.0009765625,10
6457,0.001953125,9
6458,0.0009765625,10
6459,0.0009765625,10
6460,0.0009765625,10
6461,0.0009765625,10
6462,0.001953125,9
6463,0.0009765625,10
6464,0.0009765625,10
6465,0.0009765625,10
6466,0.001953125,9
6467,0.0009765625,10
6468,0.0009765625,10
6469,0.0009765625,10
6470,0.001953125,9
6471,0.0009765625,10
6472,0.0009765625,10
6473,0.0009765625,10
6474,0.0009765625,10
6475,0.001953125,9
6476,0.0009765625,10
6477,0.0009765625,10
6478,0.0009765625,10
6479,0.001953125,9
6480,0.0009765625,10
6481,0.0009765625,10
6482,0.0009765625,10
6483,0.001953125,9
6484,0.0009765625,10
6485,0.0009765625,10
6486,0.0009765625,10
6487,0.0009765625,10
6488,0.001953125,9
6489,0.0009765625,10
6490,0.0009765625,10
6491,0.0009765625,10
6492,0.001953125,9
6493,0.0009765625,10
6494,0.0009765625,10
6495,0.0009765625,10
6496,0.001953125,9
6497,0.0009765625,10
6498,0.0009765625,10
6499,0.0009765625,10
6500,0.001953125,9
6501,0.0009765625,10
6502,0.0009765625,10
6503,0.0009765625,10
6504,0.0009765625,10
6505,0.001953125,9
6506,0.0009765625,10
6507,0.0009765625,10
6508,0.0009765625,10
6509,0.001953125,9
6510,0.0009765625,10
6511,0.0009765625,10
6512,0.0009765625,10
6513,0.001953125,9
6514,0.0009765625,10
6515,0.0009765625,10
6516,0.0009765625,10
6517,0.0009765625,10
6518,0.001953125,9
6519,0.0009765625,10
6520,0.0009765625,10
6521,0.0009765625,10
6522,0.001953125,9
6523,0.0009765625,10
6524,0.0009765625,10
6525,0.0009765625,10
6526,0.001953125,9
6527,0.0009765625,10
6528,0.0009765625,10
6529,0.0009765625,10
6530,0.0009765625,10
6531,0.001953125,9
6532,0.0009765625,10
6533,0.0009765625,10
6534,0.0009765625,10
6535,0.001953125,9
6536,0.0009765625,10
6537,0.0009765625,10
6538,0.0009765625,10
6539,0.001953125,9
6540,0.0009765625,10
6541,0.0009765625,10
6542,0.0009765625,10
6543,0.0009765625,10
6544,0.001953125,9
6545,0.0009765625,10
6546,0.0009765625,10
6547,0.0009765625,10
6548,0.001953125,9
6549,0.0009765625,10
6550,0.0009765625,10
6551,0.0009765625,10
6552,0.001953125,9
6553,0.0009765625,10
6554,0.0009765625,10
6555,0.0009765625,10
6556,0.001953125,9
6557,0.0009765625,10
6558,0.0009765625,10
6559,0.0009765625,10
6560,0.0009765625,10
6561,0.001953125,9
6562,0.0009765625,10
6563,0.0009765625,10
6564,0.0009765625,10
6565,0.001953125,9
6566,0.0009765625,10
6567,0.0009765625,10
6568,0.0009765625,10
6569,0.001953125,9
6570,0.0009765625,10
6571,0.0009765625,10
6572,0.0009765625,10
6573,0.001953125,9
6574,0.0009765625,10
6575,0.0009765625,10
6576,0.0009765625,10
6577,0.0009765625,10
6578,0.001953125,9
6579,0.0009765625,10
6580,0.0009765625,10
6581,0.0009765625,10
6582,0.001953125,9
6583,0.0009765625,10
6584,0.0009765625,10
6585,0.0009765625,10
6586,0.001953125,9
6587,0.0009765625,10
6588,0.0009765625,10
6589,0.0009765625,10
6590,0.001953125,9
6591,0.0009765625,10
6592,0.0009765625,10
6593,0.0009765625,10
6594,0.0009765625,10
6595,0.001953125,9
6596,0.0009765625,10
6597,0.0009765625,10
6598,0.0009765625,10
6599,0.001953125,9
6600,0.0009765625,10
6601,0.0009765625,10
6602,0.0009765625,10
6603,0.001953125,9
6604,0.0009765625,10
6605,0.0009765625,10
6606,0.0009765625,10
6607,0.001953125,9
6608,0.0009765625,10
6609,0.0009765625,10
6610,0.0009765625,10
6611,0.0009765625,10
6612,0.001953125,9
6613,0.0009765625,10
6614,0.0009765625,10
6615,0.0009765625,10
6616,0.001953125,9
6617,0.0009765625,10
6618,0.0009765625,10
6619,0.0009765625,10
6620,0.001953125,9
6621,0.0009765625,10
6622,0.0009765625,10
6623,0.0009765625,10
6624,0.001953125,9
6625,0.0009765625,10
6626,0.0009765625,10
6627,0.0009765625,10
6628,0.0009765625,10
6629,0.001953125,9
6630,0.0009765625,10
6631,0.0009765625,10
6632,0.0009765625,10
6633,0.001953125,9
6634,0.0009765625,10
6635,0.0009765625,10
6636,0.0009765625,10
6637,0.001953125,9
6638,0.0009765625,10
6639,0.0009765625,10
6640,0.0009765625,10
6641,0.001953125,9
6642,0.0009765625,10
6643,0.0009765625,10
6644,0.0009765625,10
6645,0.0009765625,10
6646,0.001953125,9
6647,0.0009765625,10
6648,0.0009765625,10
6649,0.0009765625,10
6650,0.001953125,9
6651,0.0009765625,10
6652,0.0009765625,10
6653,0.0009765625,10
6654,0.001953125,9
6655,0.0009765625,10
6656,0.0009765625,10
6657,0.0009765625,10
6658,0.0009765625,10
6659,0.001953125,9
6660,0.0009765625,10
6661,0.0009765625,10
6662,0.0009765625,10
6663,0.001953125,9
6664,0.0009765625,10
6665,0.0009765625,10
6666,0.0009765625,10
6667,0.0009765625,10
6668,0.001953125,9
6669,0.0009765625,10
6670,0.0009765625,10
6671,0.0009765625,10
6672,0.001953125,9
6673,0.0009765625,10
6674,0.0009765625,10
6675,0.0009765625,10
6676,0.001953125,9
6677,0.0009765625,10
6678,0.0009765625,10
6679,0.0009765625,10
6680,0.0009765625,10
6681,0.001953125,9
6682,0.0009765625,10
6683,0.0009765625,10
6684,0.0009765625,10
6685,0.001953125,9
6686,0.0009765625,10
6687,0.0009765625,10
6688,0.0009765625,10
6689,0.0009765625,10
6690,0.001953125,9
6691,0.0009765625,10
6692,0.0009765625,10
6693,0.0009765625,10
6694,0.001953125,9
6695,0.0009765625,10
6696,0.0009765625,10
6697,0.0009765625,10
6698,0.0009765625,10
6699,0.001953125,9
6700,0.0009765625,10
6701,0.0009765625,10
6702,0.0009765625,10
6703,0.001953125,9
6704,0.0009765625,10
6705,0.0009765625,10
6706,0.0009765625,10
6707,0.001953125,9
6708,0.0009765625,10
6709,0.0009765625,10
6710,0.0009765625,10
6711,0.0009765625,10
6712,0.001953125,9
6713,0.0009765625,10
6714,0.0009765625,10
6715,0.0009765625,10
6716,0.001953125,9
6717,0.0009765625,10
6718,0.0009765625,10
6719,0.0009765625,10
6720,0.001953125,9
6721,0.0009765625,10
6722,0.0009765625,10
6723,0.0009765625,10
6724,0.0009765625,10
6725,0.001953125,9
6726,0.0009765625,10
6727,0.0009765625,10
6728,0.0009765625,10
6729,0.001953125,9
6730,0.0009765625,10
6731,0.0009765625,10
6732,0.0009765625,10
6733,0.001953125,9
6734,0.0009765625,10
6735,0.0009765625,10
6736,0.0009765625,10
6737,0.0009765625,10
6738,0.001953125,9
6739,0.0009765625,10
6740,0.0009765625,10
6741,0.0009765625,10
6742,0.001953125,9
6743,0.0009765625,10
6744,0.0009765625,10
6745,0.0009765625,10
6746,0.001953125,9
6747,0.0009765625,10
6748,0.0009765625,10
6749,0.0009765625,10
6750,0.0009765625,10
6751,0.001953125,9
6752,0.0009765625,10
6753,0.0009765625,10
6754,0.0009765625,10
6755,0.001953125,9
6756,0.0009765625,10
6757,0.0009765625,10
6758,0.0009765625,10
6759,0.001953125,9
6760,0.0009765625,10
6761,0.0009765625,10
6762,0.0009765625,10
6763,0.0009765625,10
6764,0.001953125,9
6765,0.0009765625,10
6766,0.0009765625,10
6767,0.0009765625,10
6768,0.001953125,9
6769,0.0009765625,10
6770,0.0009765625,10
6771,0.0009765625,10
6772,0.001953125,9
6773,0.0009765625,10
6774,0.0009765625,10
6775,0.0009765625,10
6776,0.0009765625,10
6777,0.001953125,9
6778,0.0009765625,10
6779,0.0009765625,10
6780,0.0009765625,10
6781,0.001953125,9
6782,0.0009765625,10
6783,0.0009765625,10
6784,0.0009765625,10
6785,0.001953125,9
6786,0.0009765625,10
6787,0.0009765625,10
6788,0.0009765625,10
6789,0.001953125,9
6790,0.0009765625,10
6791,0.0009765625,10
6792,0.0009765625,10
6793,0.0009765625,10
6794,0.001953125,9
6795,0.0009765625,10
6796,0.0009765625,10
6797,0.0009765625,10
6798,0.001953125,9
6799,0.0009765625,10
6800,0.0009765625,10
6801,0.0009765625,10
6802,0.001953125,9
6803,0.0009765625,10
6804,0.0009765625,10
6805,0.0009765625,10
6806,0.0009765625,10
6807,0.001953125,9
6808,0.0009765625,10
6809,0.0009765625,10
6810,0.0009765625,10
6811,0.001953125,9
6812,0.0009765625,10
6813,0.0009765625,10
6814,0.0009765625,10
6815,0.001953125,9
6816,0.0009765625,10
6817,0.0009765625,10
6818,0.0009765625,10
6819,0.001953125,9
6820,0.0009765625,10
6821,0.0009765625,10
6822,0.0009765625,10
6823,0.0009765625,10
6824,0.001953125,9
6825,0.0009765625,10
6826,0.0009765625,10
6827,0.0009765625,10
6828,0.001953125,9
6829,0.0009765625,10
6830,0.0009765625,10
6831,0.0009765625,10
6832,0.001953125,9
6833,0.0009765625,10
6834,0.0009765625,10
6835,0.0009765625,10
6836,0.0009765625,10
6837,0.001953125,9
6838,0.0009765625,10
6839,0.0009765625,10
6840,0.0009765625,10
6841,0.001953125,9
6842,0.0009765625,10
6843,0.0009765625,10
6844,0.0009765625,10
6845,0.001953125,9
6846,0.0009765625,10
6847,0.0009765625,10
6848,0.0009765625,10
6849,0.001953125,9
6850,0.0009765625,10
6851,0.0009765625,10
6852,0.0009765625,10
6853,0.0009765625,10
6854,0.001953125,9
6855,0.0009765625,10
6856,0.0009765625,10
6857,0.0009765625,10
6858,0.001953125,9
6859,0.0009765625,10
6860,0.0009765625,10
6861,0.0009765625,10
6862,0.001953125,9
6863,0.0009765625,10
6864,0.0009765625,10
6865,0.0009765625,10
6866,0.001953125,9
6867,0.0009765625,10
6868,0.0009765625,10
6869,0.0009765625,10
6870,0.001953125,9
6871,0.0009765625,10
6872,0.0009765625,10
6873,0.0009765625,10
6874,0.0009765625,10
6875,0.001953125,9
6876,0.0009765625,10
6877,0.0009765625,10
6878,0.0009765625,10
6879,0.001953125,9
6880,0.0009765625,10
6881,0.0009765625,10
6882,0.0009765625,10
6883,0.001953125,9
6884,0.0009765625,10
6885,0.0009765625,10
6886,0.0009765625,10
6887,0.001953125,9
6888,0.0009765625,10
6889,0.0009765625,10
6890,0.0009765625,10
6891,0.0009765625,10
6892,0.001953125,9
6893,0.0009765625,10
6894,0.0009765625,10
6895,0.0009765625,10
6896,0.001953125,9
6897,0.0009765625,10
6898,0.0009765625,10
6899,0.0009765625,10
6900,0.001953125,9
6901,0.0009765625,10
6902,0.0009765625,10
6903,0.0009765625,10
6904,0.0009765625,10
6905,0.001953125,9
6906,0.0009765625,10
6907,0.0009765625,10
6908,0.0009765625,10
6909,0.001953125,9
6910,0.0009765625,10
6911,0.0009765625,10
6912,0.0009765625,10
6913,0.001953125,9
6914,0.0009765625,10
6915,0.0009765625,10
6916,0.0009765625,10
6917,0.0009765625,10
6918,0.001953125,9
6919,0.0009765625,10
6920,0.0009765625,10
6921,0.0009765625,10
6922,0.001953125,9
6923,0.0009765625,10
6924,0.0009765625,10
6925,0.0009765625,10
6926,0.0009765625,10
6927,0.001953125,9
6928,0.0009765625,10
6929,0.0009765625,10
6930,0.0009765625,10
6931,0.001953125,9
6932,0.0009765625,10
6933,0.0009765625,10
6934,0.0009765625,10
6935,0.0009765625,10
6936,0.001953125,9
6937,0.0009765625,10
6938,0.0009765625,10
6939,0.0009765625,10
6940,0.001953125,9
6941,0.0009765625,10
6942,0.0009765625,10
6943,0.0009765625,10
6944,0.001953125,9
6945,0.0009765625,10
6946,0.0009765625,10
6947,0.0009765625,10
6948,0.0009765625,10
6949,0.001953125,9
6950,0.0009765625,10
6951,0.0009765625,10
6952,0.0009765625,10
6953,0.001953125,9
6954,0.0009765625,10
6955,0.0009765625,10
6956,0.0009765625,10
6957,0.0009765625,10
6958,0.001953125,9
6959,0.0009765625,10
6960,0.0009765625,10
6961,0.0009765625,10
6962,0.001953125,9
6963,0.0009765625,10
6964,0.0009765625,10
6965,0.0009765625,10
6966,0.001953125,9
6967,0.0009765625,10
6968,0.0009765625,10
6969,0.0009765625,10
6970,0.0009765625,10
6971,0.001953125,9
6972,0.0009765625,10
6973,0.0009765625,10
6974,0.0009765625,10
6975,0.001953125,9
6976,0.0009765625,10
6977,0.0009765625,10
6978,0.0009765625,10
6979,0.001953125,9
6980,0.0009765625,10
6981,0.0009765625,10
6982,0.0009765625,10
6983,0.0009765625,10
6984,0.001953125,9
6985,0.0009765625,10
6986,0.0009765625,10
6987,0.0009765625,10
6988,0.001953125,9
6989,0.0009765625,10
6990,0.0009765625,10
6991,0.0009765625,10
6992,0.001953125,9
6993,0.0009765625,10
6994,0.0009765625,10
6995,0.0009765625,10
6996,0.0009765625,10
6997,0.001953125,9
6998,0.0009765625,10
6999,0.0009765625,10
7000,0.0009765625,10
7001,0.001953125,9
7002,0.0009765625,10
7003,0.0009765625,10
7004,0.0009765625,10
7005,0.001953125,9
7006,0.0009765625,10
7007,0.0009765625,10
7008,0.0009765625,10
7009,0.0009765625,10
7010,0.001953125,9
7011,0.0009765625,10
7012,0.0009765625,10
7013,0.0009765625,10
7014,0.001953125,9
7015,0.0009765625,10
7016,0.0009765625,10
7017,0.0009765625,10
7018,0.001953125,9
7019,0.0009765625,10
7020,0.0009765625,10
7021,0.0009765625,10
7022,0.0009765625,10
7023,0.001953125,9
7024,0.0009765625,10
7025,0.0009765625,10
7026,0.0009765625,10
7027,0.001953125,9
7028,0.0009765625,10
7029,0.0009765625,10
7030,0.0009765625,10
7031,0.001953125,9
7032,0.0009765625,10
7033,0.0009765625,10
7034,0.0009765625,10
7035,0.0009765625,10
7036,0.001953125,9
7037,0.0009765625,10
7038,0.0009765625,10
7039,0.0009765625,10
7040,0.001953125,9
7041,0.0009765625,10
7042,0.0009765625,10
7043,0.0009765625,10
7044,0.001953125,9
7045,0.0009765625,10
7046,0.0009765625,10
7047,0.0009765625,10
7048,0.001953125,9
7049,0.0009765625,10
7050,0.0009765625,10
7051,0.0009765625,10
7052,0.0009765625,10
7053,0.001953125,9
7054,0.0009765625,10
7055,0.0009765625,10
7056,0.0009765625,10
7057,0.001953125,9
7058,0.0009765625,10
7059,0.0009765625,10
7060,0.0009765625,10
7061,0.001953125,9
7062,0.0009765625,10
7063,0.0009765625,10
7064,0.0009765625,10
7065,0.0009765625,10
7066,0.001953125,9
7067,0.0009765625,10
7068,0.0009765625,10
7069,0.0009765625,10
7070,0.001953125,9
7071,0.0009765625,10
7072,0.0009765625,10
7073,0.0009765625,10
7074,0.001953125,9
7075,0.0009765625,10
7076,0.0009765625,10
7077,0.0009765625,10
7078,0.001953125,9
7079,0.0009765625,10
7080,0.0009765625,10
7081,0.0009765625,10
7082,0.0009765625,10
7083,0.001953125,9
7084,0.0009765625,10
7085,0.0009765625,10
7086,0.0009765625,10
7087,0.001953125,9
7088,0.0009765625,10
7089,0.0009765625,10
7090,0.0009765625,10
7091,0.001953125,9
7092,0.0009765625,10
7093,0.0009765625,10
7094,0.0009765625,10
7095,0.0009765625,10
7096,0.001953125,9
7097,0.0009765625,10
7098,0.0009765625,10
7099,0.0009765625,10
7100,0.001953125,9
7101,0.0009765625,10
7102,0.0009765625,10
7103,0.0009765625,10
7104,0.001953125,9
7105,0.0009765625,10
7106,0.0009765625,10
7107,0.0009765625,10
7108,0.001953125,9
7109,0.0009765625,10
7110,0.0009765625,10
7111,0.0009765625,10
7112,0.001953125,9
7113,0.0009765625,10
7114,0.0009765625,10
7115,0.0009765625,10
7116,0.0009765625,10
7117,0.001953125,9
7118,0.0009765625,10
7119,0.0009765625,10
7120,0.0009765625,10
7121,0.001953125,9
7122,0.0009765625,10
7123,0.0009765625,10
7124,0.0009765625,10
7125,0.001953125,9
7126,0.0009765625,10
7127,0.0009765625,10
7128,0.0009765625,10
7129,0.001953125,9
7130,0.0009765625,10
7131,0.0009765625,10
7132,0.0009765625,10
7133,0.0009765625,10
7134,0.001953125,9
7135,0.0009765625,10
7136,0.0009765625,10
7137,0.0009765625,10
7138,0.001953125,9
7139,0.0009765625,10
7140,0.0009765625,10
7141,0.0009765625,10
7142,0.001953125,9
7143,0.0009765625,10
7144,0.0009765625,10
7145,0.0009765625,10
7146,0.001953125,9
7147,0.0009765625,10
7148,0.0009765625,10
7149,0.0009765625,10
7150,0.0009765625,10
7151,0.001953125,9
7152,0.0009765625,10
7153,0.0009765625,10
7154,0.0009765625,10
7155,0.001953125,9
7156,0.0009765625,10
7157,0.0009765625,10
7158,0.0009765625,10
7159,0.001953125,9
7160,0.0009765625,10
7161,0.0009765625,10
7162,0.0009765625,10
7163,0.0009765625,10
7164,0.001953125,9
7165,0.0009765625,10
7166,0.0009765625,10
7167,0.0009765625,10
7168,0.001953125,9
7169,0.0009765625,10
7170,0.0009765625,10
7171,0.0009765625,10
7172,0.001953125,9
7173,0.0009765625,10
7174,0.0009765625,10
7175,0.0009765625,10
7176,0.0009765625,10
7177,0.001953125,9
7178,0.0009765625,10
7179,0.0009765625,10
7180,0.0009765625,10
7181,0.001953125,9
7182,0.0009765625,10
7183,0.0009765625,10
7184,0.0009765625,10
7185,0.0009765625,10
7186,0.001953125,9
7187,0.0009765625,10
7188,0.0009765625,10
7189,0.0009765625,10
7190,0.001953125,9
7191,0.0009765625,10
7192,0.0009765625,10
7193,0.0009765625,10
7194,0.0009765625,10
7195,0.001953125,9
7196,0.0009765625,10
7197,0.0009765625,10
7198,0.0009765625,10
7199,0.001953125,9
7200,0.0009765625,10
7201,0.0009765625,10
7202,0.0009765625,10
7203,0.0009765625,10
7204,0.001953125,9
7205,0.0009765625,10
7206,0.0009765625,10
7207,0.0009765625,10
7208,0.001953125,9
7209,0.0009765625,10
7210,0.0009765625,10
7211,0.0009765625,10
7212,0.001953125,9
7213,0.0009765625,10
7214,0.0009765625,10
7215,0.0009765625,10
7216,0.0009765625,10
7217,0.001953125,9
7218,0.0009765625,10
7219,0.0009765625,10
7220,0.0009765625,10
7221,0.001953125,9
7222,0.0009765625,10
7223,0.0009765625,10
7224,0.0009765625,10
7225,0.001953125,9
7226,0.0009765625,10
7227,0.0009765625,10
7228,0.0009765625,10
7229,0.0009765625,10
7230,0.001953125,9
7231,0.0009765625,10
7232,0.0009765625,10
7233,0.0009765625,10
7234,0.001953125,9
7235,0.0009765625,10
7236,0.0009765625,10
7237,0.0009765625,10
7238,0.001953125,9
7239,0.0009765625,10
7240,0.0009765625,10
7241,0.0009765625,10
7242,0.0009765625,10
7243,0.001953125,9
7244,0.0009765625,10
7245,0.0009765625,10
7246,0.0009765625,10
7247,0.001953125,9
7248,0.0009765625,10
7249,0.0009765625,10
7250,0.0009765625,10
7251,0.001953125,9
7252,0.0009765625,10
7253,0.0009765625,10
7254,0.0009765625,10
7255,0.0009765625,10
7256,0.001953125,9
7257,0.0009765625,10
7258,0.0009765625,10
7259,0.0009765625,10
7260,0.001953125,9
7261,0.0009765625,10
7262,0.0009765625,10
7263,0.0009765625,10
7264,0.001953125,9
7265,0.0009765625,10
7266,0.0009765625,10
7267,0.0009765625,10
7268,0.0009765625,10
7269,0.001953125,9
7270,0.0009765625,10
7271,0.0009765625,10
7272,0.0009765625,10
7273,0.001953125,9
7274,0.0009765625,10
7275,0.0009765625,10
7276,0.0009765625,10
7277,0.001953125,9
7278,0.0009765625,10
7279,0.0009765625,10
7280,0.0009765625,10
7281,0.0009765625,10
7282,0.001953125,9
7283,0.0009765625,10
7284,0.0009765625,10
7285,0.0009765625,10
7286,0.001953125,9
7287,0.0009765625,10
7288,0.0009765625,10
7289,0.0009765625,10
7290,0.001953125,9
7291,0.0009765625,10
7292,0.0009765625,10
7293,0.0009765625,10
7294,0.0009765625,10
7295,0.001953125,9
7296,0.0009765625,10
7297,0.0009765625,10
7298,0.0009765625,10
7299,0.001953125,9
7300,0.0009765625,10
7301,0.0009765625,10
7302,0.0009765625,10
7303,0.001953125,9
7304,0.0009765625,10
7305,0.0009765625,10
7306,0.0009765625,10
7307,0.0009765625,10
7308,0.001953125,9
7309,0.0009765625,10
7310,0.0009765625,10
7311,0.0009765625,10
7312,0.001953125,9
7313,0.0009765625,10
7314,0.0009765625,10
7315,0.0009765625,10
7316,0.001953125,9
7317,0.0009765625,10
7318,0.0009765625,10
7319,0.0009765625,10
7320,0.001953125,9
7321,0.0009765625,10
7322,0.0009765625,10
7323,0.0009765625,10
7324,0.0009765625,10
7325,0.001953125,9
7326,0.0009765625,10
7327,0.0009765625,10
7328,0.0009765625,10
7329,0.001953125,9
7330,0.0009765625,10
7331,0.0009765625,10
7332,0.0009765625,10
7333,0.001953125,9
7334,0.0009765625,10
7335,0.0009765625,10
7336,0.0009765625,10
7337,0.0009765625,10
7338,0.001953125,9
7339,0.0009765625,10
7340,0.0009765625,10
7341,0.0009765625,10
7342,0.001953125,9
7343,0.0009765625,10
7344,0.0009765625,10
7345,0.0009765625,10
7346,0.001953125,9
7347,0.0009765625,10
7348,0.0009765625,10
7349,0.0009765625,10
7350,0.001953125,9
7351,0.0009765625,10
7352,0.0009765625,10
7353,0.0009765625,10
7354,0.0009765625,10
7355,0.001953125,9
7356,0.0009765625,10
7357,0.0009765625,10
7358,0.0009765625,10
7359,0.001953125,9
7360,0.0009765625,10
7361,0.0009765625,10
7362,0.0009765625,10
7363,0.001953125,9
7364,0.0009765625,10
7365,0.0009765625,10
7366,0.0009765625,10
7367,0.001953125,9
7368,0.0009765625,10
7369,0.0009765625,10
7370,0.0009765625,10
7371,0.0009765625,10
7372,0.001953125,9
7373,0.0009765625,10
7374,0.0009765625,10
7375,0.0009765625,10
7376,0.001953125,9
7377,0.0009765625,10
7378,0.0009765625,10
7379,0.0009765625,10
7380,0.001953125,9
7381,0.0009765625,10
7382,0.0009765625,10
7383,0.0009765625,10
7384,0.001953125,9
7385,0.0009765625,10
7386,0.0009765625,10
7387,0.0009765625,10
7388,0.0009765625,10
7389,0.001953125,9
7390,0.0009765625,10
7391,0.0009765625,10
7392,0.0009765625,10
7393,0.001953125,9
7394,0.0009765625,10
7395,0.0009765625,10
7396,0.0009765625,10
7397,0.001953125,9
7398,0.0009765625,10
7399,0.0009765625,10
7400,0.0009765625,10
7401,0.001953125,9
7402,0.0009765625,10
7403,0.0009765625,10
7404,0.0009765625,10
7405,0.0009765625,10
7406,0.001953125,9
7407,0.0009765625,10
7408,0.0009765625,10
7409,0.0009765625,10
7410,0.001953125,9
7411,0.0009765625,10
7412,0.0009765625,10
7413,0.0009765625,10
7414,0.001953125,9
7415,0.0009765625,10
7416,0.0009765625,10
7417,0.0009765625,10
7418,0.0009765625,10
7419,0.001953125,9
7420,0.0009765625,10
7421,0.0009765625,10
7422,0.0009765625,10
7423,0.001953125,9
7424,0.0009765625,10
7425,0.0009765625,10
7426,0.0009765625,10
7427,0.001953125,9
7428,0.0009765625,10
7429,0.0009765625,10
7430,0.0009765625,10
7431,0.0009765625,10
7432,0.001953125,9
7433,0.0009765625,10
7434,0.0009765625,10
7435,0.0009765625,10
7436,0.001953125,9
7437,0.0009765625,10
7438,0.0009765625,10
7439,0.0009765625,10
7440,0.0009765625,10
7441,0.001953125,9
7442,0.0009765625,10
7443,0.0009765625,10
7444,0.0009765625,10
7445,0.001953125,9
7446,0.0009765625,10
7447,0.0009765625,10
7448,0.0009765625,10
7449,0.0009765625,10
7450,0.001953125,9
7451,0.0009765625,10
7452,0.0009765625,10
7453,0.0009765625,10
7454,0.001953125,9
7455,0.0009765625,10
7456,0.0009765625,10
7457,0.0009765625,10
7458,0.001953125,9
7459,0.0009765625,10
7460,0.0009765625,10
7461,0.0009765625,10
7462,0.0009765625,10
7463,0.001953125,9
7464,0.0009765625,10
7465,0.0009765625,10
7466,0.0009765625,10
7467,0.001953125,9
7468,0.0009765625,10
7469,0.0009765625,10
7470,0.0009765625,10
7471,0.0009765625,10
7472,0.001953125,9
7473,0.0009765625,10
7474,0.0009765625,10
7475,0.0009765625,10
7476,0.001953125,9
7477,0.0009765625,10
7478,0.0009765625,10
7479,0.0009765625,10
7480,0.001953125,9
7481,0.0009765625,10
7482,0.0009765625,10
7483,0.0009765625,10
7484,0.0009765625,10
7485,0.001953125,9
7486,0.0009765625,10
7487,0.0009765625,10
7488,0.0009765625,10
7489,0.001953125,9
7490,0.0009765625,10
7491,0.0009765625,10
7492,0.0009765625,10
7493,0.001953125,9
7494,0.0009765625,10
7495,0.0009765625,10
7496,0.0009765625,10
7497,0.0009765625,10
7498,0.001953125,9
7499,0.0009765625,10
7500,0.0009765625,10
7501,0.0009765625,10
7502,0.001953125,9
7503,0.0009765625,10
7504,0.0009765625,10
7505,0.0009765625,10
7506,0.001953125,9
7507,0.0009765625,10
7508,0.0009765625,10
7509,0.0009765625,10
7510,0.0009765625,10
7511,0.001953125,9
7512,0.0009765625,10
7513,0.0009765625,10
7514,0.0009765625,10
7515,0.001953125,9
7516,0.0009765625,10
7517,0.0009765625,10
7518,0.0009765625,10
7519,0.001953125,9
7520,0.0009765625,10
7521,0.0009765625,10
7522,0.0009765625,10
7523,0.0009765625,10
7524,0.001953125,9
7525,0.0009765625,10
7526,0.0009765625,10
7527,0.0009765625,10
7528,0.001953125,9
7529,0.0009765625,10
7530,0.0009765625,10
7531,0.0009765625,10
7532,0.001953125,9
7533,0.0009765625,10
7534,0.0009765625,10
7535,0.0009765625,10
7536,0.0009765625,10
7537,0.001953125,9
7538,0.0009765625,10
7539,0.0009765625,10
7540,0.0009765625,10
7541,0.001953125,9
7542,0.0009765625,10
7543,0.0009765625,10
7544,0.0009765625,10
7545,0.001953125,9
7546,0.0009765625,10
7547,0.0009765625,10
7548,0.0009765625,10
7549,0.0009765625,10
7550,0.001953125,9
7551,0.0009765625,10
7552,0.0009765625,10
7553,0.0009765625,10
7554,0.001953125,9
7555,0.0009765625,10
7556,0.0009765625,10
7557,0.0009765625,10
7558,0.001953125,9
7559,0.0009765625,10
7560,0.0009765625,10
7561,0.0009765625,10
7562,0.0009765625,10
7563,0.001953125,9
7564,0.0009765625,10
7565,0.0009765625,10
7566,0.0009765625,10
7567,0.001953125,9
7568,0.0009765625,10
7569,0.0009765625,10
7570,0.0009765625,10
7571,0.001953125,9
7572,0.0009765625,10
7573,0.0009765625,10
7574,0.0009765625,10
7575,0.001953125,9
7576,0.0009765625,10
7577,0.0009765625,10
7578,0.0009765625,10
7579,0.0009765625,10
7580,0.001953125,9
7581,0.0009765625,10
7582,0.0009765625,10
7583,0.0009765625,10
7584,0.001953125,9
7585,0.0009765625,10
7586,0.0009765625,10
7587,0.0009765625,10
7588,0.001953125,9
7589,0.0009765625,10
7590,0.0009765625,10
7591,0.0009765625,10
7592,0.0009765625,10
7593,0.001953125,9
7594,0.0009765625,10
7595,0.0009765625,10
7596,0.0009765625,10
7597,0.001953125,9
7598,0.0009765625,10
7599,0.0009765625,10
7600,0.0009765625,10
7601,0.001953125,9
7602,0.0009765625,10
7603,0.0009765625,10
7604,0.0009765625,10
7605,0.001953125,9
7606,0.0009765625,10
7607,0.0009765625,10
7608,0.0009765625,10
7609,0.0009765625,10
7610,0.001953125,9
7611,0.0009765625,10
7612,0.0009765625,10
7613,0.0009765625,10
7614,0.001953125,9
7615,0.0009765625,10
7616,0.0009765625,10
7617,0.0009765625,10
7618,0.001953125,9
7619,0.0009765625,10
7620,0.0009765625,10
7621,0.0009765625,10
7622,0.001953125,9
7623,0.0009765625,10
7624,0.0009765625,10
7625,0.0009765625,10
7626,0.0009765625,10
7627,0.001953125,9
7628,0.0009765625,10
7629,0.0009765625,10
7630,0.0009765625,10
7631,0.001953125,9
7632,0.0009765625,10
7633,0.0009765625,10
7634,0.0009765625,10
7635,0.001953125,9
7636,0.0009765625,10
7637,0.0009765625,10
7638,0.0009765625,10
7639,0.001953125,9
7640,0.0009765625,10
7641,0.0009765625,10
7642,0.0009765625,10
7643,0.0009765625,10
7644,0.001953125,9
7645,0.0009765625,10
7646,0.0009765625,10
7647,0.0009765625,10
7648,0.001953125,9
7649,0.0009765625,10
7650,0.0009765625,10
7651,0.0009765625,10
7652,0.001953125,9
7653,0.0009765625,10
7654,0.0009765625,10
7655,0.0009765625,10
7656,0.001953125,9
7657,0.0009765625,10
7658,0.0009765625,10
7659,0.0009765625,10
7660,0.0009765625,10
7661,0.001953125,9
7662,0.0009765625,10
7663,0.0009765625,10
7664,0.0009765625,10
7665,0.001953125,9
7666,0.0009765625,10
7667,0.0009765625,10
7668,0.0009765625,10
7669,0.001953125,9
7670,0.0009765625,10
7671,0.0009765625,10
7672,0.0009765625,10
7673,0.0009765625,10
7674,0.001953125,9
7675,0.0009765625,10
7676,0.0009765625,10
7677,0.0009765625,10
7678,0.001953125,9
7679,0.0009765625,10
7680,0.0009765625,10
7681,0.0009765625,10
7682,0.001953125,9
7683,0.0009765625,10
7684,0.0009765625,10
7685,0.0009765625,10
7686,0.0009765625,10
7687,0.001953125,9
7688,0.0009765625,10
7689,0.0009765625,10
7690,0.0009765625,10
7691,0.001953125,9
7692,0.0009765625,10
7693,0.0009765625,10
7694,0.0009765625,10
7695,0.0009765625,10
7696,0.001953125,9
7697,0.0009765625,10
7698,0.0009765625,10
7699,0.0009765625,10
7700,0.001953125,9
7701,0.0009765625,10
7702,0.0009765625,10
7703,0.0009765625,10
7704,0.0009765625,10
7705,0.001953125,9
7706,0.0009765625,10
7707,0.0009765625,10
7708,0.0009765625,10
7709,0.001953125,9
7710,0.0009765625,10
7711,0.0009765625,10
7712,0.0009765625,10
7713,0.001953125,9
7714,0.0009765625,10
7715,0.0009765625,10
7716,0.0009765625,10
7717,0.0009765625,10
7718,0.001953125,9
7719,0.0009765625,10
7720,0.0009765625,10
7721,0.0009765625,10
7722,0.001953125,9
7723,0.0009765625,10
7724,0.0009765625,10
7725,0.0009765625,10
7726,0.0009765625,10
7727,0.001953125,9
7728,0.0009765625,10
7729,0.0009765625,10
7730,0.0009765625,10
7731,0.001953125,9
7732,0.0009765625,10
7733,0.0009765625,10
7734,0.0009765625,10
7735,0.001953125,9
7736,0.0009765625,10
7737,0.0009765625,10
7738,0.0009765625,10
7739,0.0009765625,10
7740,0.001953125,9
7741,0.0009765625,10
7742,0.0009765625,10
7743,0.0009765625,10
7744,0.001953125,9
7745,0.0009765625,10
7746,0.0009765625,10
7747,0.0009765625,10
7748,0.001953125,9
7749,0.0009765625,10
7750,0.0009765625,10
7751,0.0009765625,10
7752,0.0009765625,10
7753,0.001953125,9
7754,0.0009765625,10
7755,0.0009765625,10
7756,0.0009765625,10
7757,0.001953125,9
7758,0.0009765625,10
7759,0.0009765625,10
7760,0.0009765625,10
7761,0.001953125,9
7762,0.0009765625,10
7763,0.0009765625,10
7764,0.0009765625,10
7765,0.0009765625,10
7766,0.001953125,9
7767,0.0009765625,10
7768,0.0009765625,10
7769,0.0009765625,10
7770,0.001953125,9
7771,0.0009765625,10
7772,0.0009765625,10
7773,0.0009765625,10
7774,0.001953125,9
7775,0.0009765625,10
7776,0.0009765625,10
7777,0.0009765625,10
7778,0.0009765625,10
7779,0.001953125,9
7780,0.0009765625,10
7781,0.0009765625,10
7782,0.0009765625,10
7783,0.001953125,9
7784,0.0009765625,10
7785,0.0009765625,10
7786,0.0009765625,10
7787,0.001953125,9
7788,0.0009765625,10
7789,0.0009765625,10
7790,0.0009765625,10
7791,0.0009765625,10
7792,0.001953125,9
7793,0.0009765625,10
7794,0.0009765625,10
7795,0.0009765625,10
7796,0.001953125,9
7797,0.0009765625,10
7798,0.0009765625,10
7799,0.0009765625,10
7800,0.001953125,9
7801,0.0009765625,10
7802,0.0009765625,10
7803,0.0009765625,10
7804,0.0009765625,10
7805,0.001953125,9
7806,0.0009765625,10
7807,0.0009765625,10
7808,0.0009765625,10
7809,0.001953125,9
7810,0.0009765625,10
7811,0.0009765625,10
7812,0.0009765625,10
7813,0.001953125,9
7814,0.0009765625,10
7815,0.0009765625,10
7816,0.0009765625,10
7817,0.0009765625,10
7818,0.001953125,9
7819,0.0009765625,10
7820,0.0009765625,10
7821,0.0009765625,10
7822,0.001953125,9
7823,0.0009765625,10
7824,0.0009765625,10
7825,0.0009765625,10
7826,0.001953125,9
7827,0.0009765625,10
7828,0.0009765625,10
7829,0.0009765625,10
7830,0.001953125,9
7831,0.0009765625,10
7832,0.0009765625,10
7833,0.0009765625,10
7834,0.0009765625,10
7835,0.001953125,9
7836,0.0009765625,10
7837,0.0009765625,10
7838,0.0009765625,10
7839,0.001953125,9
7840,0.0009765625,10
7841,0.0009765625,10
7842,0.0009765625,10
7843,0.001953125,9
7844,0.0009765625,10
7845,0.0009765625,10
7846,0.0009765625,10
7847,0.0009765625,10
7848,0.001953125,9
7849,0.0009765625,10
7850,0.0009765625,10
7851,0.0009765625,10
7852,0.001953125,9
7853,0.0009765625,10
7854,0.0009765625,10
7855,0.0009765625,10
7856,0.001953125,9
7857,0.0009765625,10
7858,0.0009765625,10
7859,0.0009765625,10
7860,0.001953125,9
7861,0.0009765625,10
7862,0.0009765625,10
7863,0.0009765625,10
7864,0.0009765625,10
7865,0.001953125,9
7866,0.0009765625,10
7867,0.0009765625,10
7868,0.0009765625,10
7869,0.001953125,9
7870,0.0009765625,10
7871,0.0009765625,10
7872,0.0009765625,10
7873,0.001953125,9
7874,0.0009765625,10
7875,0.0009765625,10
7876,0.0009765625,10
7877,0.001953125,9
7878,0.0009765625,10
7879,0.0009765625,10
7880,0.0009765625,10
7881,0.0009765625,10
7882,0.001953125,9
7883,0.0009765625,10
7884,0.0009765625,10
7885,0.0009765625,10
7886,0.001953125,9
7887,0.0009765625,10
7888,0.0009765625,10
7889,0.0009765625,10
7890,0.001953125,9
7891,0.0009765625,10
7892,0.0009765625,10
7893,0.0009765625,10
7894,0.001953125,9
7895,0.0009765625,10
7896,0.0009765625,10
7897,0.0009765625,10
7898,0.0009765625,10
7899,0.001953125,9
7900,0.0009765625,10
7901,0.0009765625,10
7902,0.0009765625,10
7903,0.001953125,9
7904,0.0009765625,10
7905,0.0009765625,10
7906,0.0009765625,10
7907,0.001953125,9
7908,0.0009765625,10
7909,0.0009765625,10
7910,0.0009765625,10
7911,0.001953125,9
7912,0.0009765625,10
7913,0.0009765625,10
7914,0.0009765625,10
7915,0.0009765625,10
7916,0.001953125,9
7917,0.0009765625,10
7918,0.0009765625,10
7919,0.0009765625,10
7920,0.001953125,9
7921,0.0009765625,10
7922,0.0009765625,10
7923,0.0009765625,10
7924,0.001953125,9
7925,0.0009765625,10
7926,0.0009765625,10
7927,0.0009765625,10
7928,0.0009765625,10
7929,0.001953125,9
7930,0.0009765625,10
7931,0.0009765625,10
7932,0.0009765625,10
7933,0.001953125,9
7934,0.0009765625,10
7935,0.0009765625,10
7936,0.0009765625,10
7937,0.001953125,9
7938,0.0009765625,10
7939,0.0009765625,10
7940,0.0009765625,10
7941,0.0009765625,10
7942,0.001953125,9
7943,0.0009765625,10
7944,0.0009765625,10
7945,0.0009765625,10
7946,0.001953125,9
7947,0.0009765625,10
7948,0.0009765625,10
7949,0.0009765625,10
7950,0.0009765625,10
7951,0.001953125,9
7952,0.0009765625,10
7953,0.0009765625,10
7954,0.0009765625,10
7955,0.001953125,9
7956,0.0009765625,10
7957,0.0009765625,10
7958,0.0009765625,10
7959,0.0009765625,10
7960,0.001953125,9
7961,0.0009765625,10
7962,0.0009765625,10
7963,0.0009765625,10
7964,0.001953125,9
7965,0.0009765625,10
7966,0.0009765625,10
7967,0.0009765625,10
7968,0.0009765625,10
7969,0.001953125,9
7970,0.0009765625,10
7971,0.0009765625,10
7972,0.0009765625,10
7973,0.001953125,9
7974,0.0009765625,10
7975,0.0009765625,10
7976,0.0009765625,10
7977,0.001953125,9
7978,0.0009765625,10
7979,0.0009765625,10
7980,0.0009765625,10
7981,0.0009765625,10
7982,0.001953125,9
7983,0.0009765625,10
7984,0.0009765625,10
7985,0.0009765625,10
7986,0.001953125,9
7987,0.0009765625,10
7988,0.0009765625,10
7989,0.0009765625,10
7990,0.0009765625,10
7991,0.001953125,9
7992,0.0009765625,10
7993,0.0009765625,10
7994,0.0009765625,10
7995,0.001953125,9
7996,0.0009765625,10
7997,0.0009765625,10
7998,0.0009765625,10
7999,0.001953125,9
8000,0.0009765625,10
8001,0.0009765625,10
8002,0.0009765625,10
8003,0.0009765625,10
8004,0.001953125,9
8005,0.0009765625,10
8006,0.0009765625,10
8007,0.0009765625,10
8008,0.001953125,9
8009,0.0009765625,10
8010,0.0009765625,10
8011,0.0009765625,10
8012,0.001953125,9
8013,0.0009765625,10
8014,0.0009765625,10
8015,0.0009765625,10
8016,0.0009765625,10
8017,0.001953125,9
8018,0.0009765625,10
8019,0.0009765625,10
8020,0.0009765625,10
8021,0.001953125,9
8022,0.0009765625,10
8023,0.0009765625,10
8024,0.0009765625,10
8025,0.001953125,9
8026,0.0009765625,10
8027,0.0009765625,10
8028,0.0009765625,10
8029,0.0009765625,10
8030,0.001953125,9
8031,0.0009765625,10
8032,0.0009765625,10
8033,0.0009765625,10
8034,0.001953125,9
8035,0.0009765625,10
8036,0.0009765625,10
8037,0.0009765625,10
8038,0.001953125,9
8039,0.0009765625,10
8040,0.0009765625,10
8041,0.0009765625,10
8042,0.0009765625,10
8043,0.001953125,9
8044,0.0009765625,10
8045,0.0009765625,10
8046,0.0009765625,10
8047,0.001953125,9
8048,0.0009765625,10
8049,0.0009765625,10
8050,0.0009765625,10
8051,0.001953125,9
8052,0.0009765625,10
8053,0.0009765625,10
8054,0.0009765625,10
8055,0.0009765625,10
8056,0.001953125,9
8057,0.0009765625,10
8058,0.0009765625,10
8059,0.0009765625,10
8060,0.001953125,9
8061,0.0009765625,10
8062,0.0009765625,10
8063,0.0009765625,10
8064,0.001953125,9
8065,0.0009765625,10
8066,0.0009765625,10
8067,0.0009765625,10
8068,0.001953125,9
8069,0.0009765625,10
8070,0.0009765625,10
8071,0.0009765625,10
8072,0.0009765625,10
8073,0.001953125,9
8074,0.0009765625,10
8075,0.0009765625,10
8076,0.0009765625,10
8077,0.001953125,9
8078,0.0009765625,10
8079,0.0009765625,10
8080,0.0009765625,10
8081,0.001953125,9
8082,0.0009765625,10
8083,0.0009765625,10
8084,0.0009765625,10
8085,0.0009765625,10
8086,0.001953125,9
8087,0.0009765625,10
8088,0.0009765625,10
8089,0.0009765625,10
8090,0.001953125,9
8091,0.0009765625,10
8092,0.0009765625,10
8093,0.0009765625,10
8094,0.001953125,9
8095,0.0009765625,10
8096,0.0009765625,10
8097,0.0009765625,10
8098,0.0009765625,10
8099,0.001953125,9
8100,0.0009765625,10
8101,0.0009765625,10
8102,0.0009765625,10
8103,0.001953125,9
8104,0.0009765625,10
8105,0.0009765625,10
8106,0.0009765625,10
8107,0.001953125,9
8108,0.0009765625,10
8109,0.0009765625,10
8110,0.0009765625,10
8111,0.001953125,9
8112,0.0009765625,10
8113,0.0009765625,10
8114,0.0009765625,10
8115,0.0009765625,10
8116,0.001953125,9
8117,0.0009765625,10
8118,0.0009765625,10
8119,0.0009765625,10
8120,0.001953125,9
8121,0.0009765625,10
8122,0.0009765625,10
8123,0.0009765625,10
8124,0.001953125,9
8125,0.0009765625,10
8126,0.0009765625,10
8127,0.0009765625,10
8128,0.001953125,9
8129,0.0009765625,10
8130,0.0009765625,10
8131,0.0009765625,10
8132,0.0009765625,10
8133,0.001953125,9
8134,0.0009765625,10
8135,0.0009765625,10
8136,0.0009765625,10
8137,0.001953125,9
8138,0.0009765625,10
8139,0.0009765625,10
8140,0.0009765625,10
8141,0.001953125,9
8142,0.0009765625,10
8143,0.0009765625,10
8144,0.0009765625,10
8145,0.001953125,9
8146,0.0009765625,10
8147,0.0009765625,10
8148,0.0009765625,10
8149,0.0009765625,10
8150,0.001953125,9
8151,0.0009765625,10
8152,0.0009765625,10
8153,0.0009765625,10
8154,0.001953125,9
8155,0.0009765625,10
8156,0.0009765625,10
8157,0.0009765625,10
8158,0.001953125,9
8159,0.0009765625,10
8160,0.0009765625,10
8161,0.0009765625,10
8162,0.001953125,9
8163,0.0009765625,10
8164,0.0009765625,10
8165,0.0009765625,10
8166,0.0009765625,10
8167,0.001953125,9
8168,0.0009765625,10
8169,0.0009765625,10
8170,0.0009765625,10
8171,0.001953125,9
8172,0.0009765625,10
8173,0.0009765625,10
8174,0.0009765625,10
8175,0.001953125,9
8176,0.0009765625,10
8177,0.0009765625,10
8178,0.0009765625,10
8179,0.001953125,9
8180,0.0009765625,10
8181,0.0009765625,10
8182,0.0009765625,10
8183,0.0009765625,10
8184,0.001953125,9
8185,0.0009765625,10
8186,0.0009765625,10
8187,0.0009765625,10
8188,0.001953125,9
8189,0.0009765625,10
8190,0.0009765625,10
8191,0.0009765625,10
8192,0.0009765625,10
8193,0.001953125,9
8194,0.0009765625,10
8195,0.0009765625,10
8196,0.0009765625,10
8197,0.001953125,9
8198,0.0009765625,10
8199,0.0009765625,10
8200,0.0009765625,10
8201,0.0009765625,10
8202,0.001953125,9
8203,0.0009765625,10
8204,0.0009765625,10
8205,0.0009765625,10
8206,0.001953125,9
8207,0.0009765625,10
8208,0.0009765625,10
8209,0.0009765625,10
8210,0.001953125,9
8211,0.0009765625,10
8212,0.0009765625,10
8213,0.0009765625,10
8214,0.0009765625,10
8215,0.001953125,9
8216,0.0009765625,10
8217,0.0009765625,10
8218,0.0009765625,10
8219,0.001953125,9
8220,0.0009765625,10
8221,0.0009765625,10
8222,0.0009765625,10
8223,0.0009765625,10
8224,0.001953125,9
8225,0.0009765625,10
8226,0.0009765625,10
8227,0.0009765625,10
8228,0.001953125,9
8229,0.0009765625,10
8230,0.0009765625,10
8231,0.0009765625,10
8232,0.0009765625,10
8233,0.001953125,9
8234,0.0009765625,10
8235,0.0009765625,10
8236,0.0009765625,10
8237,0.001953125,9
8238,0.0009765625,10
8239,0.0009765625,10
8240,0.0009765625,10
8241,0.001953125,9
8242,0.0009765625,10
8243,0.0009765625,10
8244,0.0009765625,10
8245,0.0009765625,10
8246,0.001953125,9
8247,0.0009765625,10
8248,0.0009765625,10
8249,0.0009765625,10
8250,0.001953125,9
8251,0.0009765625,10
8252,0.0009765625,10
8253,0.0009765625,10
8254,0.0009765625,10
8255,0.001953125,9
8256,0.0009765625,10
8257,0.0009765625,10
8258,0.0009765625,10
8259,0.001953125,9
8260,0.0009765625,10
8261,0.0009765625,10
8262,0.0009765625,10
8263,0.001953125,9
8264,0.0009765625,10
8265,0.0009765625,10
8266,0.0009765625,10
8267,0.0009765625,10
8268,0.001953125,9
8269,0.0009765625,10
8270,0.0009765625,10
8271,0.0009765625,10
8272,0.001953125,9
8273,0.0009765625,10
8274,0.0009765625,10
8275,0.0009765625,10
8276,0.001953125,9
8277,0.0009765625,10
8278,0.0009765625,10
8279,0.0009765625,10
8280,0.0009765625,10
8281,0.001953125,9
8282,0.0009765625,10
8283,0.0009765625,10
8284,0.0009765625,10
8285,0.001953125,9
8286,0.0009765625,10
8287,0.0009765625,10
8288,0.0009765625,10
8289,0.001953125,9
8290,0.0009765625,10
8291,0.0009765625,10
8292,0.0009765625,10
8293,0.0009765625,10
8294,0.001953125,9
8295,0.0009765625,10
8296,0.0009765625,10
8297,0.0009765625,10
8298,0.001953125,9
8299,0.0009765625,10
8300,0.0009765625,10
8301,0.0009765625,10
8302,0.001953125,9
8303,0.0009765625,10
8304,0.0009765625,10
8305,0.0009765625,10
8306,0.001953125,9
8307,0.0009765625,10
8308,0.0009765625,10
8309,0.0009765625,10
8310,0.0009765625,10
8311,0.001953125,9
8312,0.0009765625,10
8313,0.0009765625,10
8314,0.0009765625,10
8315,0.001953125,9
8316,0.0009765625,10
8317,0.0009765625,10
8318,0.0009765625,10
8319,0.001953125,9
8320,0.0009765625,10
8321,0.0009765625,10
8322,0.0009765625,10
8323,0.0009765625,10
8324,0.001953125,9
8325,0.0009765625,10
8326,0.0009765625,10
8327,0.0009765625,10
8328,0.001953125,9
8329,0.0009765625,10
8330,0.0009765625,10
8331,0.0009765625,10
8332,0.001953125,9
8333,0.0009765625,10
8334,0.0009765625,10
8335,0.0009765625,10
8336,0.0009765625,10
8337,0.001953125,9
8338,0.0009765625,10
8339,0.0009765625,10
8340,0.0009765625,10
8341,0.001953125,9
8342,0.0009765625,10
8343,0.0009765625,10
8344,0.0009765625,10
8345,0.001953125,9
8346,0.0009765625,10
8347,0.0009765625,10
8348,0.0009765625,10
8349,0.0009765625,10
8350,0.001953125,9
8351,0.0009765625,10
8352,0.0009765625,10
8353,0.0009765625,10
8354,0.001953125,9
8355,0.0009765625,10
8356,0.0009765625,10
8357,0.0009765625,10
8358,0.001953125,9
8359,0.0009765625,10
8360,0.0009765625,10
8361,0.0009765625,10
8362,0.001953125,9
8363,0.0009765625,10
8364,0.0009765625,10
8365,0.0009765625,10
8366,0.0009765625,10
8367,0.001953125,9
8368,0.0009765625,10
8369,0.0009765625,10
8370,0.0009765625,10
8371,0.001953125,9
8372,0.0009765625,10
8373,0.0009765625,10
8374,0.0009765625,10
8375,0.001953125,9
8376,0.0009765625,10
8377,0.0009765625,10
8378,0.0009765625,10
8379,0.0009765625,10
8380,0.001953125,9
8381,0.0009765625,10
8382,0.0009765625,10
8383,0.0009765625,10
8384,0.001953125,9
8385,0.0009765625,10
8386,0.0009765625,10
8387,0.0009765625,10
8388,0.001953125,9
8389,0.0009765625,10
8390,0.0009765625,10
8391,0.0009765625,10
8392,0.001953125,9
8393,0.0009765625,10
8394,0.0009765625,10
8395,0.0009765625,10
8396,0.001953125,9
8397,0.0009765625,10
8398,0.0009765625,10
8399,0.0009765625,10
8400,0.0009765625,10
8401,0.001953125,9
8402,0.0009765625,10
8403,0.0009765625,10
8404,0.0009765625,10
8405,0.001953125,9
8406,0.0009765625,10
8407,0.0009765625,10
8408,0.0009765625,10
8409,0.001953125,9
8410,0.0009765625,10
8411,0.0009765625,10
8412,0.0009765625,10
8413,0.001953125,9
8414,0.0009765625,10
8415,0.0009765625,10
8416,0.0009765625,10
8417,0.0009765625,10
8418,0.001953125,9
8419,0.0009765625,10
8420,0.0009765625,10
8421,0.0009765625,10
8422,0.001953125,9
8423,0.0009765625,10
8424,0.0009765625,10
8425,0.0009765625,10
8426,0.001953125,9
8427,0.0009765625,10
8428,0.0009765625,10
8429,0.0009765625,10
8430,0.0009765625,10
8431,0.001953125,9
8432,0.0009765625,10
8433,0.0009765625,10
8434,0.0009765625,10
8435,0.001953125,9
8436,0.0009765625,10
8437,0.0009765625,10
8438,0.0009765625,10
8439,0.001953125,9
8440,0.0009765625,10
8441,0.0009765625,10
8442,0.0009765625,10
8443,0.0009765625,10
8444,0.001953125,9
8445,0.0009765625,10
8446,0.0009765625,10
8447,0.0009765625,10
8448,0.001953125,9
8449,0.0009765625,10
8450,0.0009765625,10
8451,0.0009765625,10
8452,0.001953125,9
8453,0.0009765625,10
8454,0.0009765625,10
8455,0.0009765625,10
8456,0.0009765625,10
8457,0.001953125,9
8458,0.0009765625,10
8459,0.0009765625,10
8460,0.0009765625,10
8461,0.001953125,9
8462,0.0009765625,10
8463,0.0009765625,10
8464,0.0009765625,10
8465,0.0009765625,10
8466,0.001953125,9
8467,0.0009765625,10
8468,0.0009765625,10
8469,0.0009765625,10
8470,0.001953125,9
8471,0.0009765625,10
8472,0.0009765625,10
8473,0.0009765625,10
8474,0.0009765625,10
8475,0.001953125,9
8476,0.0009765625,10
8477,0.0009765625,10
8478,0.0009765625,10
8479,0.001953125,9
8480,0.0009765625,10
8481,0.0009765625,10
8482,0.0009765625,10
8483,0.0009765625,10
8484,0.001953125,9
8485,0.0009765625,10
8486,0.0009765625,10
8487,0.0009765625,10
8488,0.001953125,9
8489,0.0009765625,10
8490,0.0009765625,10
8491,0.0009765625,10
8492,0.001953125,9
8493,0.0009765625,10
8494,0.0009765625,10
8495,0.0009765625,10
8496,0.0009765625,10
8497,0.001953125,9
8498,0.0009765625,10
8499,0.0009765625,10
8500,0.0009765625,10
8501,0.001953125,9
8502,0.0009765625,10
8503,0.0009765625,10
8504,0.0009765625,10
8505,0.0009765625,10
8506,0.001953125,9
8507,0.0009765625,10
8508,0.0009765625,10
8509,0.0009765625,10
8510,0.001953125,9
8511,0.0009765625,10
8512,0.0009765625,10
8513,0.0009765625,10
8514,0.001953125,9
8515,0.0009765625,10
8516,0.0009765625,10
8517,0.0009765625,10
8518,0.0009765625,10
8519,0.001953125,9
8520,0.0009765625,10
8521,0.0009765625,10
8522,0.0009765625,10
8523,0.001953125,9
8524,0.0009765625,10
8525,0.0009765625,10
8526,0.0009765625,10
8527,0.001953125,9
8528,0.0009765625,10
8529,0.0009765625,10
8530,0.0009765625,10
8531,0.0009765625,10
8532,0.001953125,9
8533,0.0009765625,10
8534,0.0009765625,10
8535,0.0009765625,10
8536,0.001953125,9
8537,0.0009765625,10
8538,0.0009765625,10
8539,0.0009765625,10
8540,0.001953125,9
8541,0.0009765625,10
8542,0.0009765625,10
8543,0.0009765625,10
8544,0.0009765625,10
8545,0.001953125,9
8546,0.0009765625,10
8547,0.0009765625,10
8548,0.0009765625,10
8549,0.001953125,9
8550,0.0009765625,10
8551,0.0009765625,10
8552,0.0009765625,10
8553,0.001953125,9
8554,0.0009765625,10
8555,0.0009765625,10
8556,0.0009765625,10
8557,0.0009765625,10
8558,0.001953125,9
8559,0.0009765625,10
8560,0.0009765625,10
8561,0.0009765625,10
8562,0.001953125,9
8563,0.0009765625,10
8564,0.0009765625,10
8565,0.0009765625,10
8566,0.001953125,9
8567,0.0009765625,10
8568,0.0009765625,10
8569,0.0009765625,10
8570,0.001953125,9
8571,0.0009765625,10
8572,0.0009765625,10
8573,0.0009765625,10
8574,0.0009765625,10
8575,0.001953125,9
8576,0.0009765625,10
8577,0.0009765625,10
8578,0.0009765625,10
8579,0.001953125,9
8580,0.0009765625,10
8581,0.0009765625,10
8582,0.0009765625,10
8583,0.001953125,9
8584,0.0009765625,10
8585,0.0009765625,10
8586,0.0009765625,10
8587,0.0009765625,10
8588,0.001953125,9
8589,0.0009765625,10
8590,0.0009765625,10
8591,0.0009765625,10
8592,0.001953125,9
8593,0.0009765625,10
8594,0.0009765625,10
8595,0.0009765625,10
8596,0.001953125,9
8597,0.0009765625,10
8598,0.0009765625,10
8599,0.0009765625,10
8600,0.0009765625,10
8601,0.001953125,9
8602,0.0009765625,10
8603,0.0009765625,10
8604,0.0009765625,10
8605,0.001953125,9
8606,0.0009765625,10
8607,0.0009765625,10
8608,0.0009765625,10
8609,0.001953125,9
8610,0.0009765625,10
8611,0.0009765625,10
8612,0.0009765625,10
8613,0.0009765625,10
8614,0.001953125,9
8615,0.0009765625,10
8616,0.0009765625,10
8617,0.0009765625,10
8618,0.001953125,9
8619,0.0009765625,10
8620,0.0009765625,10
8621,0.0009765625,10
8622,0.001953125,9
8623,0.0009765625,10
8624,0.0009765625,10
8625,0.0009765625,10
8626,0.001953125,9
8627,0.0009765625,10
8628,0.0009765625,10
8629,0.0009765625,10
8630,0.0009765625,10
8631,0.001953125,9
8632,0.0009765625,10
8633,0.0009765625,10
8634,0.0009765625,10
8635,0.001953125,9
8636,0.0009765625,10
8637,0.0009765625,10
8638,0.0009765625,10
8639,0.001953125,9
8640,0.0009765625,10
8641,0.0009765625,10
8642,0.0009765625,10
8643,0.001953125,9
8644,0.0009765625,10
8645,0.0009765625,10
8646,0.0009765625,10
8647,0.0009765625,10
8648,0.001953125,9
8649,0.0009765625,10
8650,0.0009765625,10
8651,0.0009765625,10
8652,0.001953125,9
8653,0.0009765625,10
8654,0.0009765625,10
8655,0.0009765625,10
8656,0.001953125,9
8657,0.0009765625,10
8658,0.0009765625,10
8659,0.0009765625,10
8660,0.001953125,9
8661,0.0009765625,10
8662,0.0009765625,10
8663,0.0009765625,10
8664,0.0009765625,10
8665,0.001953125,9
8666,0.0009765625,10
8667,0.0009765625,10
8668,0.0009765625,10
8669,0.001953125,9
8670,0.0009765625,10
8671,0.0009765625,10
8672,0.0009765625,10
8673,0.001953125,9
8674,0.0009765625,10
8675,0.0009765625,10
8676,0.0009765625,10
8677,0.001953125,9
8678,0.0009765625,10
8679,0.0009765625,10
8680,0.0009765625,10
8681,0.0009765625,10
8682,0.001953125,9
8683,0.0009765625,10
8684,0.0009765625,10
8685,0.0009765625,10
8686,0.001953125,9
8687,0.0009765625,10
8688,0.0009765625,10
8689,0.0009765625,10
8690,0.001953125,9
8691,0.0009765625,10
8692,0.0009765625,10
8693,0.0009765625,10
8694,0.0009765625,10
8695,0.001953125,9
8696,0.0009765625,10
8697,0.0009765625,10
8698,0.0009765625,10
8699,0.001953125,9
8700,0.0009765625,10
8701,0.0009765625,10
8702,0.0009765625,10
8703,0.001953125,9
8704,0.0009765625,10
8705,0.0009765625,10
8706,0.0009765625,10
8707,0.0009765625,10
8708,0.001953125,9
8709,0.0009765625,10
8710,0.0009765625,10
8711,0.0009765625,10
8712,0.001953125,9
8713,0.0009765625,10
8714,0.0009765625,10
8715,0.0009765625,10
8716,0.0009765625,10
8717,0.001953125,9
8718,0.0009765625,10
8719,0.0009765625,10
8720,0.0009765625,10
8721,0.001953125,9
8722,0.0009765625,10
8723,0.0009765625,10
8724,0.0009765625,10
8725,0.0009765625,10
8726,0.001953125,9
8727,0.0009765625,10
8728,0.0009765625,10
8729,0.0009765625,10
8730,0.001953125,9
8731,0.0009765625,10
8732,0.0009765625,10
8733,0.0009765625,10
8734,0.0009765625,10
8735,0.001953125,9
8736,0.0009765625,10
8737,0.0009765625,10
8738,0.0009765625,10
8739,0.001953125,9
8740,0.0009765625,10
8741,0.0009765625,10
8742,0.0009765625,10
8743,0.001953125,9
8744,0.0009765625,10
8745,0.0009765625,10
8746,0.0009765625,10
8747,0.0009765625,10
8748,0.001953125,9
8749,0.0009765625,10
8750,0.0009765625,10
8751,0.0009765625,10
8752,0.001953125,9
8753,0.0009765625,10
8754,0.0009765625,10
8755,0.0009765625,10
8756,0.0009765625,10
8757,0.001953125,9
8758,0.0009765625,10
8759,0.0009765625,10
8760,0.0009765625,10
8761,0.001953125,9
8762,0.0009765625,10
8763,0.0009765625,10
8764,0.0009765625,10
8765,0.001953125,9
8766,0.0009765625,10
8767,0.0009765625,10
8768,0.0009765625,10
8769,0.0009765625,10
8770,0.001953125,9
8771,0.0009765625,10
8772,0.0009765625,10
8773,0.0009765625,10
8774,0.001953125,9
8775,0.0009765625,10
8776,0.0009765625,10
8777,0.0009765625,10
8778,0.001953125,9
8779,0.0009765625,10
8780,0.0009765625,10
8781,0.0009765625,10
8782,0.0009765625,10
8783,0.001953125,9
8784,0.0009765625,10
8785,0.0009765625,10
8786,0.0009765625,10
8787,0.001953125,9
8788,0.0009765625,10
8789,0.0009765625,10
8790,0.0009765625,10
8791,0.001953125,9
8792,0.0009765625,10
8793,0.0009765625,10
8794,0.0009765625,10
8795,0.0009765625,10
8796,0.001953125,9
8797,0.0009765625,10
8798,0.0009765625,10
8799,0.0009765625,10
8800,0.001953125,9
8801,0.0009765625,10
8802,0.0009765625,10
8803,0.0009765625,10
8804,0.001953125,9
8805,0.0009765625,10
8806,0.0009765625,10
8807,0.0009765625,10
8808,0.0009765625,10
8809,0.001953125,9
8810,0.0009765625,10
8811,0.0009765625,10
8812,0.0009765625,10
8813,0.001953125,9
8814,0.0009765625,10
8815,0.0009765625,10
8816,0.0009765625,10
8817,0.001953125,9
8818,0.0009765625,10
8819,0.0009765625,10
8820,0.0009765625,10
8821,0.0009765625,10
8822,0.001953125,9
8823,0.0009765625,10
8824,0.0009765625,10
8825,0.0009765625,10
8826,0.001953125,9
8827,0.0009765625,10
8828,0.0009765625,10
8829,0.0009765625,10
8830,0.001953125,9
8831,0.0009765625,10
8832,0.0009765625,10
8833,0.0009765625,10
8834,0.0009765625,10
8835,0.001953125,9
8836,0.0009765625,10
8837,0.0009765625,10
8838,0.0009765625,10
8839,0.001953125,9
8840,0.0009765625,10
8841,0.0009765625,10
8842,0.0009765625,10
8843,0.001953125,9
8844,0.0009765625,10
8845,0.0009765625,10
8846,0.0009765625,10
8847,0.0009765625,10
8848,0.001953125,9
8849,0.0009765625,10
8850,0.0009765625,10
8851,0.0009765625,10
8852,0.001953125,9
8853,0.0009765625,10
8854,0.0009765625,10
8855,0.0009765625,10
8856,0.001953125,9
8857,0.0009765625,10
8858,0.0009765625,10
8859,0.0009765625,10
8860,0.001953125,9
8861,0.0009765625,10
8862,0.0009765625,10
8863,0.0009765625,10
8864,0.0009765625,10
8865,0.001953125,9
8866,0.0009765625,10
8867,0.0009765625,10
8868,0.0009765625,10
8869,0.001953125,9
8870,0.0009765625,10
8871,0.0009765625,10
8872,0.0009765625,10
8873,0.001953125,9
8874,0.0009765625,10
8875,0.0009765625,10
8876,0.0009765625,10
8877,0.0009765625,10
8878,0.001953125,9
8879,0.0009765625,10
8880,0.0009765625,10
8881,0.0009765625,10
8882,0.001953125,9
8883,0.0009765625,10
8884,0.0009765625,10
8885,0.0009765625,10
8886,0.001953125,9
8887,0.0009765625,10
8888,0.0009765625,10
8889,0.0009765625,10
8890,0.001953125,9
8891,0.0009765625,10
8892,0.0009765625,10
8893,0.0009765625,10
8894,0.0009765625,10
8895,0.001953125,9
8896,0.0009765625,10
8897,0.0009765625,10
8898,0.0009765625,10
8899,0.001953125,9
8900,0.0009765625,10
8901,0.0009765625,10
8902,0.0009765625,10
8903,0.001953125,9
8904,0.0009765625,10
8905,0.0009765625,10
8906,0.0009765625,10
8907,0.001953125,9
8908,0.0009765625,10
8909,0.0009765625,10
8910,0.0009765625,10
8911,0.0009765625,10
8912,0.001953125,9
8913,0.0009765625,10
8914,0.0009765625,10
8915,0.0009765625,10
8916,0.001953125,9
8917,0.0009765625,10
8918,0.0009765625,10
8919,0.0009765625,10
8920,0.001953125,9
8921,0.0009765625,10
8922,0.0009765625,10
8923,0.0009765625,10
8924,0.001953125,9
8925,0.0009765625,10
8926,0.0009765625,10
8927,0.0009765625,10
8928,0.0009765625,10
8929,0.001953125,9
8930,0.0009765625,10
8931,0.0009765625,10
8932,0.0009765625,10
8933,0.001953125,9
8934,0.0009765625,10
8935,0.0009765625,10
8936,0.0009765625,10
8937,0.001953125,9
8938,0.0009765625,10
8939,0.0009765625,10
8940,0.0009765625,10
8941,0.001953125,9
8942,0.0009765625,10
8943,0.0009765625,10
8944,0.0009765625,10
8945,0.0009765625,10
8946,0.001953125,9
8947,0.0009765625,10
8948,0.0009765625,10
8949,0.0009765625,10
8950,0.001953125,9
8951,0.0009765625,10
8952,0.0009765625,10
8953,0.0009765625,10
8954,0.001953125,9
8955,0.0009765625,10
8956,0.0009765625,10
8957,0.0009765625,10
8958,0.0009765625,10
8959,0.001953125,9
8960,0.0009765625,10
8961,0.0009765625,10
8962,0.0009765625,10
8963,0.001953125,9
8964,0.0009765625,10
8965,0.0009765625,10
8966,0.0009765625,10
8967,0.0009765625,10
8968,0.001953125,9
8969,0.0009765625,10
8970,0.0009765625,10
8971,0.0009765625,10
8972,0.001953125,9
8973,0.0009765625,10
8974,0.0009765625,10
8975,0.0009765625,10
8976,0.0009765625,10
8977,0.001953125,9
8978,0.0009765625,10
8979,0.0009765625,10
8980,0.0009765625,10
8981,0.001953125,9
8982,0.0009765625,10
8983,0.0009765625,10
8984,0.0009765625,10
8985,0.0009765625,10
8986,0.001953125,9
8987,0.0009765625,10
8988,0.0009765625,10
8989,0.0009765625,10
8990,0.001953125,9
8991,0.0009765625,10
8992,0.0009765625,10
8993,0.0009765625,10
8994,0.0009765625,10
8995,0.001953125,9
8996,0.0009765625,10
8997,0.0009765625,10
8998,0.0009765625,10
8999,0.001953125,9
9000,0.0009765625,10
9001,0.0009765625,10
9002,0.0009765625,10
9003,0.001953125,9
9004,0.0009765625,10
9005,0.0009765625,10
9006,0.0009765625,10
9007,0.0009765625,10
9008,0.001953125,9
9009,0.0009765625,10
9010,0.0009765625,10
9011,0.0009765625,10
9012,0.001953125,9
9013,0.0009765625,10
9014,0.0009765625,10
9015,0.0009765625,10
9016,0.001953125,9
9017,0.0009765625,10
9018,0.0009765625,10
9019,0.0009765625,10
9020,0.0009765625,10
9021,0.001953125,9
9022,0.0009765625,10
9023,0.0009765625,10
9024,0.0009765625,10
9025,0.001953125,9
9026,0.0009765625,10
9027,0.0009765625,10
9028,0.0009765625,10
9029,0.0009765625,10
9030,0.001953125,9
9031,0.0009765625,10
9032,0.0009765625,10
9033,0.0009765625,10
9034,0.001953125,9
9035,0.0009765625,10
9036,0.0009765625,10
9037,0.0009765625,10
9038,0.001953125,9
9039,0.0009765625,10
9040,0.0009765625,10
9041,0.0009765625,10
9042,0.0009765625,10
9043,0.001953125,9
9044,0.0009765625,10
9045,0.0009765625,10
9046,0.0009765625,10
9047,0.001953125,9
9048,0.0009765625,10
9049,0.0009765625,10
9050,0.0009765625,10
9051,0.001953125,9
9052,0.0009765625,10
9053,0.0009765625,10
9054,0.0009765625,10
9055,0.0009765625,10
9056,0.001953125,9
9057,0.0009765625,10
9058,0.0009765625,10
9059,0.0009765625,10
9060,0.001953125,9
9061,0.0009765625,10
9062,0.0009765625,10
9063,0.0009765625,10
9064,0.001953125,9
9065,0.0009765625,10
9066,0.0009765625,10
9067,0.0009765625,10
9068,0.0009765625,10
9069,0.001953125,9
9070,0.0009765625,10
9071,0.0009765625,10
9072,0.0009765625,10
9073,0.001953125,9
9074,0.0009765625,10
9075,0.0009765625,10
9076,0.0009765625,10
9077,0.001953125,9
9078,0.0009765625,10
9079,0.0009765625,10
9080,0.0009765625,10
9081,0.0009765625,10
9082,0.001953125,9
9083,0.0009765625,10
9084,0.0009765625,10
9085,0.0009765625,10
9086,0.001953125,9
9087,0.0009765625,10
9088,0.0009765625,10
9089,0.0009765625,10
9090,0.001953125,9
9091,0.0009765625,10
9092,0.0009765625,10
9093,0.0009765625,10
9094,0.001953125,9
9095,0.0009765625,10
9096,0.0009765625,10
9097,0.0009765625,10
9098,0.0009765625,10
9099,0.001953125,9
9100,0.0009765625,10
9101,0.0009765625,10
9102,0.0009765625,10
9103,0.001953125,9
9104,0.0009765625,10
9105,0.0009765625,10
9106,0.0009765625,10
9107,0.001953125,9
9108,0.0009765625,10
9109,0.0009765625,10
9110,0.0009765625,10
9111,0.0009765625,10
9112,0.001953125,9
9113,0.0009765625,10
9114,0.0009765625,10
9115,0.0009765625,10
9116,0.001953125,9
9117,0.0009765625,10
9118,0.0009765625,10
9119,0.0009765625,10
9120,0.001953125,9
9121,0.0009765625,10
9122,0.0009765625,10
9123,0.0009765625,10
9124,0.0009765625,10
9125,0.001953125,9
9126,0.0009765625,10
9127,0.0009765625,10
9128,0.0009765625,10
9129,0.001953125,9
9130,0.0009765625,10
9131,0.0009765625,10
9132,0.0009765625,10
9133,0.001953125,9
9134,0.0009765625,10
9135,0.0009765625,10
9136,0.0009765625,10
9137,0.001953125,9
9138,0.0009765625,10
9139,0.0009765625,10
9140,0.0009765625,10
9141,0.0009765625,10
9142,0.001953125,9
9143,0.0009765625,10
9144,0.0009765625,10
9145,0.0009765625,10
9146,0.001953125,9
9147,0.0009765625,10
9148,0.0009765625,10
9149,0.0009765625,10
9150,0.001953125,9
9151,0.0009765625,10
9152,0.0009765625,10
9153,0.0009765625,10
9154,0.001953125,9
9155,0.0009765625,10
9156,0.0009765625,10
9157,0.0009765625,10
9158,0.0009765625,10
9159,0.001953125,9
9160,0.0009765625,10
9161,0.0009765625,10
9162,0.0009765625,10
9163,0.001953125,9
9164,0.0009765625,10
9165,0.0009765625,10
9166,0.0009765625,10
9167,0.001953125,9
9168,0.0009765625,10
9169,0.0009765625,10
9170,0.0009765625,10
9171,0.001953125,9
9172,0.0009765625,10
9173,0.0009765625,10
9174,0.0009765625,10
9175,0.0009765625,10
9176,0.001953125,9
9177,0.0009765625,10
9178,0.0009765625,10
9179,0.0009765625,10
9180,0.001953125,9
9181,0.0009765625,10
9182,0.0009765625,10
9183,0.0009765625,10
9184,0.001953125,9
9185,0.0009765625,10
9186,0.0009765625,10
9187,0.0009765625,10
9188,0.001953125,9
9189,0.0009765625,10
9190,0.0009765625,10
9191,0.0009765625,10
9192,0.0009765625,10
9193,0.001953125,9
9194,0.0009765625,10
9195,0.0009765625,10
9196,0.0009765625,10
9197,0.001953125,9
9198,0.0009765625,10
9199,0.0009765625,10
9200,0.0009765625,10
9201,0.001953125,9
9202,0.0009765625,10
9203,0.0009765625,10
9204,0.0009765625,10
9205,0.0009765625,10
9206,0.001953125,9
9207,0.0009765625,10
9208,0.0009765625,10
9209,0.0009765625,10
9210,0.001953125,9
9211,0.0009765625,10
9212,0.0009765625,10
9213,0.0009765625,10
9214,0.001953125,9
9215,0.0009765625,10
9216,0.0009765625,10
9217,0.0009765625,10
9218,0.0009765625,10
9219,0.001953125,9
9220,0.0009765625,10
9221,0.0009765625,10
9222,0.0009765625,10
9223,0.001953125,9
9224,0.0009765625,10
9225,0.0009765625,10
9226,0.0009765625,10
9227,0.0009765625,10
9228,0.001953125,9
9229,0.0009765625,10
9230,0.0009765625,10
9231,0.0009765625,10
9232,0.001953125,9
9233,0.0009765625,10
9234,0.0009765625,10
9235,0.0009765625,10
9236,0.0009765625,10
9237,0.001953125,9
9238,0.0009765625,10
9239,0.0009765625,10
9240,0.0009765625,10
9241,0.001953125,9
9242,0.0009765625,10
9243,0.0009765625,10
9244,0.0009765625,10
9245,0.0009765625,10
9246,0.001953125,9
9247,0.0009765625,10
9248,0.0009765625,10
9249,0.0009765625,10
9250,0.001953125,9
9251,0.0009765625,10
9252,0.0009765625,10
9253,0.0009765625,10
9254,0.0009765625,10
9255,0.001953125,9
9256,0.0009765625,10
9257,0.0009765625,10
9258,0.0009765625,10
9259,0.001953125,9
9260,0.0009765625,10
9261,0.0009765625,10
9262,0.0009765625,10
9263,0.001953125,9
9264,0.0009765625,10
9265,0.0009765625,10
9266,0.0009765625,10
9267,0.0009765625,10
9268,0.001953125,9
9269,0.0009765625,10
9270,0.0009765625,10
9271,0.0009765625,10
9272,0.001953125,9
9273,0.0009765625,10
9274,0.0009765625,10
9275,0.0009765625,10
9276,0.001953125,9
9277,0.0009765625,10
9278,0.0009765625,10
9279,0.0009765625,10
9280,0.0009765625,10
9281,0.001953125,9
9282,0.0009765625,10
9283,0.0009765625,10
9284,0.0009765625,10
9285,0.001953125,9
9286,0.0009765625,10
9287,0.0009765625,10
9288,0.0009765625,10
9289,0.001953125,9
9290,0.0009765625,10
9291,0.0009765625,10
9292,0.0009765625,10
9293,0.0009765625,10
9294,0.001953125,9
9295,0.0009765625,10
9296,0.0009765625,10
9297,0.0009765625,10
9298,0.001953125,9
9299,0.0009765625,10
9300,0.0009765625,10
9301,0.0009765625,10
9302,0.001953125,9
9303,0.0009765625,10
9304,0.0009765625,10
9305,0.0009765625,10
9306,0.0009765625,10
9307,0.001953125,9
9308,0.0009765625,10
9309,0.0009765625,10
9310,0.0009765625,10
9311,0.001953125,9
9312,0.0009765625,10
9313,0.0009765625,10
9314,0.0009765625,10
9315,0.001953125,9
9316,0.0009765625,10
9317,0.0009765625,10
9318,0.0009765625,10
9319,0.0009765625,10
9320,0.001953125,9
9321,0.0009765625,10
9322,0.0009765625,10
9323,0.0009765625,10
9324,0.001953125,9
9325,0.0009765625,10
9326,0.0009765625,10
9327,0.0009765625,10
9328,0.001953125,9
9329,0.0009765625,10
9330,0.0009765625,10
9331,0.0009765625,10
9332,0.0009765625,10
9333,0.001953125,9
9334,0.0009765625,10
9335,0.0009765625,10
9336,0.0009765625,10
9337,0.001953125,9
9338,0.0009765625,10
9339,0.0009765625,10
9340,0.0009765625,10
9341,0.001953125,9
9342,0.0009765625,10
9343,0.0009765625,10
9344,0.0009765625,10
9345,0.0009765625,10
9346,0.001953125,9
9347,0.0009765625,10
9348,0.0009765625,10
9349,0.0009765625,10
9350,0.001953125,9
9351,0.0009765625,10
9352,0.0009765625,10
9353,0.0009765625,10
9354,0.001953125,9
9355,0.0009765625,10
9356,0.0009765625,10
9357,0.0009765625,10
9358,0.001953125,9
9359,0.0009765625,10
9360,0.0009765625,10
9361,0.0009765625,10
9362,0.0009765625,10
9363,0.001953125,9
9364,0.0009765625,10
9365,0.0009765625,10
9366,0.0009765625,10
9367,0.001953125,9
9368,0.0009765625,10
9369,0.0009765625,10
9370,0.0009765625,10
9371,0.001953125,9
9372,0.0009765625,10
9373,0.0009765625,10
9374,0.0009765625,10
9375,0.001953125,9
9376,0.0009765625,10
9377,0.0009765625,10
9378,0.0009765625,10
9379,0.001953125,9
9380,0.0009765625,10
9381,0.0009765625,10
9382,0.0009765625,10
9383,0.0009765625,10
9384,0.001953125,9
9385,0.0009765625,10
9386,0.0009765625,10
9387,0.0009765625,10
9388,0.001953125,9
9389,0.0009765625,10
9390,0.0009765625,10
9391,0.0009765625,10
9392,0.001953125,9
9393,0.0009765625,10
9394,0.0009765625,10
9395,0.0009765625,10
9396,0.001953125,9
9397,0.0009765625,10
9398,0.0009765625,10
9399,0.0009765625,10
9400,0.001953125,9
9401,0.0009765625,10
9402,0.0009765625,10
9403,0.0009765625,10
9404,0.001953125,9
9405,0.0009765625,10
9406,0.0009765625,10
9407,0.0009765625,10
9408,0.001953125,9
9409,0.0009765625,10
9410,0.0009765625,10
9411,0.0009765625,10
9412,0.001953125,9
9413,0.0009765625,10
9414,0.0009765625,10
9415,0.0009765625,10
9416,0.001953125,9
9417,0.0009765625,10
9418,0.0009765625,10
9419,0.001953125,9
9420,0.0009765625,10
9421,0.0009765625,10
9422,0.0009765625,10
9423,0.001953125,9
9424,0.0009765625,10
9425,0.0009765625,10
9426,0.001953125,9
9427,0.0009765625,10
9428,0.0009765625,10
9429,0.0009765625,10
9430,0.001953125,9
9431,0.0009765625,10
9432,0.0009765625,10
9433,0.001953125,9
9434,0.0009765625,10
9435,0.0009765625,10
9436,0.001953125,9
9437,0.0009765625,10
9438,0.0009765625,10
9439,0.0009765625,10
9440,0.001953125,9
9441,0.0009765625,10
9442,0.0009765625,10
9443,0.001953125,9
9444,0.0009765625,10
9445,0.0009765625,10
9446,0.0009765625,10
9447,0.001953125,9
9448,0.0009765625,10
9449,0.0009765625,10
9450,0.0009765625,10
9451,0.0009765625,10
9452,0.0009765625,10
9453,0.0009765625,10
9454,0.001953125,9
9455,0.0009765625,10
9456,0.0009765625,10
9457,0.0009765625,10
9458,0.0009765625,10
9459,0.0009765625,10
9460,0.0009765625,10
9461,0.0009765625,10
9462,0.0009765625,10
9463,0.0009765625,10
9464,0.0009765625,10
9465,0.0009765625,10
9466,0.0009765625,10
9467,0.0009765625,10
9468,0.0009765625,10
9469,0.0009765625,10
9470,0.0009765625,10
9471,0.0009765625,10
9472,0.0009765625,10
9473,0.0009765625,10
9474,0.0009765625,10
9475,0.0009765625,10
9476,0.0009765625,10
9477,0.0009765625,10
9478,0.0009765625,10
9479,0.0009765625,10
9480,0.0009765625,10
9481,0.001953125,9
9482,0.0009765625,10
9483,0.0009765625,10
9484,0.0009765625,10
9485,0.0009765625,10
9486,0.0009765625,10
9487,0.0009765625,10
9488,0.0009765625,10
9489,0.0009765625,10
9490,0.0009765625,10
9491,0.0009765625,10
9492,0.0009765625,10
9493,0.0009765625,10
9494,0.0009765625,10
9495,0.0009765625,10
9496,0.0009765625,10
9497,0.001953125,9
9498,0.0009765625,10
9499,0.0009765625,10
9500,0.0009765625,10
9501,0.0009765625,10
9502,0.001953125,9
9503,0.0009765625,10
9504,0.0009765625,10
9505,0.0009765625,10
9506,0.001953125,9
9507,0.0009765625,10
9508,0.0009765625,10
9509,0.0009765625,10
9510,0.001953125,9
9511,0.0009765625,10
9512,0.0009765625,10
9513,0.0009765625,10
9514,0.0009765625,10
9515,0.001953125,9
9516,0.0009765625,10
9517,0.0009765625,10
9518,0.0009765625,10
9519,0.001953125,9
9520,0.0009765625,10
9521,0.0009765625,10
9522,0.0009765625,10
9523,0.001953125,9
9524,0.0009765625,10
9525,0.0009765625,10
9526,0.0009765625,10
9527,0.0009765625,10
9528,0.001953125,9
9529,0.0009765625,10
9530,0.0009765625,10
9531,0.0009765625,10
9532,0.001953125,9
9533,0.0009765625,10
9534,0.0009765625,10
9535,0.0009765625,10
9536,0.001953125,9
9537,0.0009765625,10
9538,0.0009765625,10
9539,0.0009765625,10
9540,0.0009765625,10
9541,0.001953125,9
9542,0.0009765625,10
9543,0.0009765625,10
9544,0.0009765625,10
9545,0.001953125,9
9546,0.0009765625,10
9547,0.0009765625,10
9548,0.0009765625,10
9549,0.0009765625,10
9550,0.001953125,9
9551,0.0009765625,10
9552,0.0009765625,10
9553,0.0009765625,10
9554,0.001953125,9
9555,0.0009765625,10
9556,0.0009765625,10
9557,0.0009765625,10
9558,0.001953125,9
9559,0.0009765625,10
9560,0.0009765625,10
9561,0.0009765625,10
9562,0.0009765625,10
9563,0.001953125,9
9564,0.0009765625,10
9565,0.0009765625,10
9566,0.0009765625,10
9567,0.001953125,9
9568,0.0009765625,10
9569,0.0009765625,10
9570,0.0009765625,10
9571,0.001953125,9
9572,0.0009765625,10
9573,0.0009765625,10
9574,0.0009765625,10
9575,0.0009765625,10
9576,0.001953125,9
9577,0.0009765625,10
9578,0.0009765625,10
9579,0.0009765625,10
9580,0.001953125,9
9581,0.0009765625,10
9582,0.0009765625,10
9583,0.0009765625,10
9584,0.001953125,9
9585,0.0009765625,10
9586,0.0009765625,10
9587,0.0009765625,10
9588,0.0009765625,10
9589,0.001953125,9
9590,0.0009765625,10
9591,0.0009765625,10
9592,0.0009765625,10
9593,0.001953125,9
9594,0.0009765625,10
9595,0.0009765625,10
9596,0.0009765625,10
9597,0.001953125,9
9598,0.0009765625,10
9599,0.0009765625,10
9600,0.0009765625,10
9601,0.0009765625,10
9602,0.001953125,9
9603,0.0009765625,10
9604,0.0009765625,10
9605,0.0009765625,10
9606,0.001953125,9
9607,0.0009765625,10
9608,0.0009765625,10
9609,0.0009765625,10
9610,0.001953125,9
9611,0.0009765625,10
9612,0.0009765625,10
9613,0.0009765625,10
9614,0.0009765625,10
9615,0.001953125,9
9616,0.0009765625,10
9617,0.0009765625,10
9618,0.0009765625,10
9619,0.001953125,9
9620,0.0009765625,10
9621,0.0009765625,10
9622,0.0009765625,10
9623,0.0009765625,10
9624,0.001953125,9
9625,0.0009765625,10
9626,0.0009765625,10
9627,0.0009765625,10
9628,0.001953125,9
9629,0.0009765625,10
9630,0.0009765625,10
9631,0.0009765625,10
9632,0.001953125,9
9633,0.0009765625,10
9634,0.0009765625,10
9635,0.0009765625,10
9636,0.0009765625,10
9637,0.001953125,9
9638,0.0009765625,10
9639,0.0009765625,10
9640,0.0009765625,10
9641,0.001953125,9
9642,0.0009765625,10
9643,0.0009765625,10
9644,0.0009765625,10
9645,0.001953125,9
9646,0.0009765625,10
9647,0.0009765625,10
9648,0.0009765625,10
9649,0.0009765625,10
9650,0.001953125,9
9651,0.0009765625,10
9652,0.0009765625,10
9653,0.0009765625,10
9654,0.001953125,9
9655,0.0009765625,10
9656,0.0009765625,10
9657,0.0009765625,10
9658,0.001953125,9
9659,0.0009765625,10
9660,0.0009765625,10
9661,0.0009765625,10
9662,0.0009765625,10
9663,0.001953125,9
9664,0.0009765625,10
9665,0.0009765625,10
9666,0.0009765625,10
9667,0.001953125,9
9668,0.0009765625,10
9669,0.0009765625,10
9670,0.0009765625,10
9671,0.001953125,9
9672,0.0009765625,10
9673,0.0009765625,10
9674,0.0009765625,10
9675,0.0009765625,10
9676,0.001953125,9
9677,0.0009765625,10
9678,0.0009765625,10
9679,0.0009765625,10
9680,0.001953125,9
9681,0.0009765625,10
9682,0.0009765625,10
9683,0.0009765625,10
9684,0.001953125,9
9685,0.0009765625,10
9686,0.0009765625,10
9687,0.0009765625,10
9688,0.0009765625,10
9689,0.001953125,9
9690,0.0009765625,10
9691,0.0009765625,10
9692,0.0009765625,10
9693,0.001953125,9
9694,0.0009765625,10
9695,0.0009765625,10
9696,0.0009765625,10
9697,0.0009765625,10
9698,0.001953125,9
9699,0.0009765625,10
9700,0.0009765625,10
9701,0.0009765625,10
9702,0.001953125,9
9703,0.0009765625,10
9704,0.0009765625,10
9705,0.0009765625,10
9706,0.001953125,9
9707,0.0009765625,10
9708,0.0009765625,10
9709,0.0009765625,10
9710,0.0009765625,10
9711,0.001953125,9
9712,0.0009765625,10
9713,0.0009765625,10
9714,0.0009765625,10
9715,0.001953125,9
9716,0.0009765625,10
9717,0.0009765625,10
9718,0.0009765625,10
9719,0.001953125,9
9720,0.0009765625,10
9721,0.0009765625,10
9722,0.0009765625,10
9723,0.0009765625,10
9724,0.001953125,9
9725,0.0009765625,10
9726,0.0009765625,10
9727,0.0009765625,10
9728,0.001953125,9
9729,0.0009765625,10
9730,0.0009765625,10
9731,0.0009765625,10
9732,0.001953125,9
9733,0.0009765625,10
9734,0.0009765625,10
9735,0.0009765625,10
9736,0.0009765625,10
9737,0.001953125,9
9738,0.0009765625,10
9739,0.0009765625,10
9740,0.0009765625,10
9741,0.001953125,9
9742,0.0009765625,10
9743,0.0009765625,10
9744,0.0009765625,10
9745,0.001953125,9
9746,0.0009765625,10
9747,0.0009765625,10
9748,0.0009765625,10
9749,0.0009765625,10
9750,0.001953125,9
9751,0.0009765625,10
9752,0.0009765625,10
9753,0.0009765625,10
9754,0.001953125,9
9755,0.0009765625,10
9756,0.0009765625,10
9757,0.0009765625,10
9758,0.001953125,9
9759,0.0009765625,10
9760,0.0009765625,10
9761,0.0009765625,10
9762,0.0009765625,10
9763,0.001953125,9
9764,0.0009765625,10
9765,0.0009765625,10
9766,0.0009765625,10
9767,0.001953125,9
9768,0.0009765625,10
9769,0.0009765625,10
9770,0.0009765625,10
9771,0.0009765625,10
9772,0.001953125,9
9773,0.0009765625,10
9774,0.0009765625,10
9775,0.0009765625,10
9776,0.001953125,9
9777,0.0009765625,10
9778,0.0009765625,10
9779,0.0009765625,10
9780,0.001953125,9
9781,0.0009765625,10
9782,0.0009765625,10
9783,0.0009765625,10
9784,0.0009765625,10
9785,0.001953125,9
9786,0.0009765625,10
9787,0.0009765625,10
9788,0.0009765625,10
9789,0.001953125,9
9790,0.0009765625,10
9791,0.0009765625,10
9792,0.0009765625,10
9793,0.001953125,9
9794,0.0009765625,10
9795,0.0009765625,10
9796,0.0009765625,10
9797,0.0009765625,10
9798,0.001953125,9
9799,0.0009765625,10
9800,0.0009765625,10
9801,0.0009765625,10
9802,0.001953125,9
9803,0.0009765625,10
9804,0.0009765625,10
9805,0.0009765625,10
9806,0.001953125,9
9807,0.0009765625,10
9808,0.0009765625,10
9809,0.0009765625,10
9810,0.0009765625,10
9811,0.001953125,9
9812,0.0009765625,10
9813,0.0009765625,10
9814,0.0009765625,10
9815,0.001953125,9
9816,0.0009765625,10
9817,0.0009765625,10
9818,0.0009765625,10
9819,0.001953125,9
9820,0.0009765625,10
9821,0.0009765625,10
9822,0.0009765625,10
9823,0.0009765625,10
9824,0.001953125,9
9825,0.0009765625,10
9826,0.0009765625,10
9827,0.0009765625,10
9828,0.001953125,9
9829,0.0009765625,10
9830,0.0009765625,10
9831,0.0009765625,10
9832,0.0009765625,10
9833,0.001953125,9
9834,0.0009765625,10
9835,0.0009765625,10
9836,0.0009765625,10
9837,0.001953125,9
9838,0.0009765625,10
9839,0.0009765625,10
9840,0.0009765625,10
9841,0.001953125,9
9842,0.0009765625,10
9843,0.0009765625,10
9844,0.0009765625,10
9845,0.0009765625,10
9846,0.001953125,9
9847,0.0009765625,10
9848,0.0009765625,10
9849,0.0009765625,10
9850,0.001953125,9
9851,0.0009765625,10
9852,0.0009765625,10
9853,0.0009765625,10
9854,0.001953125,9
9855,0.0009765625,10
9856,0.0009765625,10
9857,0.0009765625,10
9858,0.0009765625,10
9859,0.001953125,9
9860,0.0009765625,10
9861,0.0009765625,10
9862,0.0009765625,10
9863,0.001953125,9
9864,0.0009765625,10
9865,0.0009765625,10
9866,0.0009765625,10
9867,0.001953125,9
9868,0.0009765625,10
9869,0.0009765625,10
9870,0.0009765625,10
9871,0.0009765625,10
9872,0.001953125,9
9873,0.0009765625,10
9874,0.0009765625,10
9875,0.0009765625,10
9876,0.001953125,9
9877,0.0009765625,10
9878,0.0009765625,10
9879,0.0009765625,10
9880,0.0009765625,10
9881,0.001953125,9
9882,0.0009765625,10
9883,0.0009765625,10
9884,0.0009765625,10
9885,0.001953125,9
9886,0.0009765625,10
9887,0.0009765625,10
9888,0.0009765625,10
9889,0.001953125,9
9890,0.0009765625,10
9891,0.0009765625,10
9892,0.0009765625,10
9893,0.0009765625,10
9894,0.001953125,9
9895,0.0009765625,10
9896,0.0009765625,10
9897,0.0009765625,10
9898,0.001953125,9
9899,0.0009765625,10
9900,0.0009765625,10
9901,0.0009765625,10
9902,0.001953125,9
9903,0.0009765625,10
9904,0.0009765625,10
9905,0.0009765625,10
9906,0.0009765625,10
9907,0.001953125,9
9908,0.0009765625,10
9909,0.0009765625,10
9910,0.0009765625,10
9911,0.001953125,9
9912,0.0009765625,10
9913,0.0009765625,10
9914,0.0009765625,10
9915,0.001953125,9
9916,0.0009765625,10
9917,0.0009765625,10
9918,0.0009765625,10
9919,0.0009765625,10
9920,0.001953125,9
9921,0.0009765625,10
9922,0.0009765625,10
9923,0.0009765625,10
9924,0.001953125,9
9925,0.0009765625,10
9926,0.0009765625,10
9927,0.0009765625,10
9928,0.001953125,9
9929,0.0009765625,10
9930,0.0009765625,10
9931,0.0009765625,10
9932,0.0009765625,10
9933,0.001953125,9
9934,0.0009765625,10
9935,0.0009765625,10
9936,0.0009765625,10
9937,0.001953125,9
9938,0.0009765625,10
9939,0.0009765625,10
9940,0.0009765625,10
9941,0.0009765625,10
9942,0.001953125,9
9943,0.0009765625,10
9944,0.0009765625,10
9945,0.0009765625,10
9946,0.001953125,9
9947,0.0009765625,10
9948,0.0009765625,10
9949,0.0009765625,10
9950,0.001953125,9
9951,0.0009765625,10
9952,0.0009765625,10
9953,0.0009765625,10
9954,0.0009765625,10
9955,0.001953125,9
9956,0.0009765625,10
9957,0.0009765625,10
9958,0.0009765625,10
9959,0.001953125,9
9960,0.0009765625,10
9961,0.0009765625,10
9962,0.0009765625,10
9963,0.001953125,9
9964,0.0009765625,10
9965,0.0009765625,10
9966,0.0009765625,10
9967,0.0009765625,10
9968,0.001953125,9
9969,0.0009765625,10
9970,0.0009765625,10
9971,0.0009765625,10
9972,0.001953125,9
9973,0.0009765625,10
9974,0.0009765625,10
9975,0.0009765625,10
9976,0.001953125,9
9977,0.0009765625,10
9978,0.0009765625,10
9979,0.0009765625,10
9980,0.0009765625,10
9981,0.001953125,9
9982,0.0009765625,10
9983,0.0009765625,10
9984,0.0009765625,10
9985,0.001953125,9
9986,0.0009765625,10
9987,0.0009765625,10
9988,0.0009765625,10
9989,0.001953125,9
9990,0.0009765625,10
9991,0.0009765625,10
9992,0.0009765625,10
9993,0.0009765625,10
9994,0.001953125,9
9995,0.0009765625,10
9996,0.0009765625,10
9997,0.0009765625,10
9998,0.001953125,9
9999,0.0009765625,10
10000,0.0009765625,10
10001,0.0009765625,10
10002,0.0009765625,10
10003,0.001953125,9
10004,0.0009765625,10
10005,0.0009765625,10
10006,0.0009765625,10
10007,0.001953125,9
10008,0.0009765625,10
10009,0.0009765625,10
10010,0.0009765625,10
10011,0.001953125,9
10012,0.0009765625,10
10013,0.0009765625,10
10014,0.0009765625,10
10015,0.0009765625,10
10016,0.001953125,9
10017,0.0009765625,10
10018,0.0009765625,10
10019,0.0009765625,10
10020,0.001953125,9
10021,0.0009765625,10
10022,0.0009765625,10
10023,0.0009765625,10
10024,0.001953125,9
10025,0.0009765625,10
10026,0.0009765625,10
10027,0.0009765625,10
10028,0.0009765625,10
10029,0.001953125,9
10030,0.0009765625,10
10031,0.0009765625,10
10032,0.0009765625,10
10033,0.001953125,9
10034,0.0009765625,10
10035,0.0009765625,10
10036,0.0009765625,10
10037,0.001953125,9
10038,0.0009765625,10
10039,0.0009765625,10
10040,0.0009765625,10
10041,0.0009765625,10
10042,0.001953125,9
10043,0.0009765625,10
10044,0.0009765625,10
10045,0.0009765625,10
10046,0.001953125,9
10047,0.0009765625,10
10048,0.0009765625,10
10049,0.0009765625,10
10050,0.0009765625,10
10051,0.001953125,9
10052,0.0009765625,10
10053,0.0009765625,10
10054,0.0009765625,10
10055,0.001953125,9
10056,0.0009765625,10
10057,0.0009765625,10
10058,0.0009765625,10
10059,0.001953125,9
10060,0.0009765625,10
10061,0.0009765625,10
10062,0.0009765625,10
10063,0.0009765625,10
10064,0.001953125,9
10065,0.0009765625,10
10066,0.0009765625,10
10067,0.0009765625,10
10068,0.001953125,9
10069,0.0009765625,10
10070,0.0009765625,10
10071,0.0009765625,10
10072,0.001953125,9
10073,0.0009765625,10
10074,0.0009765625,10
10075,0.0009765625,10
10076,0.0009765625,10
10077,0.001953125,9
10078,0.0009765625,10
10079,0.0009765625,10
10080,0.0009765625,10
10081,0.001953125,9
10082,0.0009765625,10
10083,0.0009765625,10
10084,0.0009765625,10
10085,0.001953125,9
10086,0.0009765625,10
10087,0.0009765625,10
10088,0.0009765625,10
10089,0.0009765625,10
10090,0.001953125,9
10091,0.0009765625,10
10092,0.0009765625,10
10093,0.0009765625,10
10094,0.001953125,9
10095,0.0009765625,10
10096,0.0009765625,10
10097,0.0009765625,10
10098,0.0009765625,10
10099,0.001953125,9
10100,0.0009765625,10
10101,0.0009765625,10
10102,0.0009765625,10
10103,0.001953125,9
10104,0.0009765625,10
10105,0.0009765625,10
10106,0.0009765625,10
10107,0.001953125,9
10108,0.0009765625,10
10109,0.0009765625,10
10110,0.0009765625,10
10111,0.0009765625,10
10112,0.001953125,9
10113,0.0009765625,10
10114,0.0009765625,10
10115,0.0009765625,10
10116,0.001953125,9
10117,0.0009765625,10
10118,0.0009765625,10
10119,0.0009765625,10
10120,0.001953125,9
10121,0.0009765625,10
10122,0.0009765625,10
10123,0.0009765625,10
10124,0.0009765625,10
10125,0.001953125,9
10126,0.0009765625,10
10127,0.0009765625,10
10128,0.0009765625,10
10129,0.001953125,9
10130,0.0009765625,10
10131,0.0009765625,10
10132,0.0009765625,10
10133,0.001953125,9
10134,0.0009765625,10
10135,0.0009765625,10
10136,0.0009765625,10
10137,0.0009765625,10
10138,0.001953125,9
10139,0.0009765625,10
10140,0.0009765625,10
10141,0.0009765625,10
10142,0.001953125,9
10143,0.0009765625,10
10144,0.0009765625,10
10145,0.0009765625,10
10146,0.001953125,9
10147,0.0009765625,10
10148,0.0009765625,10
10149,0.0009765625,10
10150,0.0009765625,10
10151,0.001953125,9
10152,0.0009765625,10
10153,0.0009765625,10
10154,0.0009765625,10
10155,0.001953125,9
10156,0.0009765625,10
10157,0.0009765625,10
10158,0.0009765625,10
10159,0.0009765625,10
10160,0.001953125,9
10161,0.0009765625,10
10162,0.0009765625,10
10163,0.0009765625,10
10164,0.001953125,9
10165,0.0009765625,10
10166,0.0009765625,10
10167,0.0009765625,10
10168,0.001953125,9
10169,0.0009765625,10
10170,0.0009765625,10
10171,0.0009765625,10
10172,0.0009765625,10
10173,0.001953125,9
10174,0.0009765625,10
10175,0.0009765625,10
10176,0.0009765625,10
10177,0.001953125,9
10178,0.0009765625,10
10179,0.0009765625,10
10180,0.0009765625,10
10181,0.001953125,9
10182,0.0009765625,10
10183,0.0009765625,10
10184,0.0009765625,10
10185,0.0009765625,10
10186,0.001953125,9
10187,0.0009765625,10
10188,0.0009765625,10
10189,0.0009765625,10
10190,0.001953125,9
10191,0.0009765625,10
10192,0.0009765625,10
10193,0.0009765625,10
10194,0.001953125,9
10195,0.0009765625,10
10196,0.0009765625,10
10197,0.0009765625,10
10198,0.0009765625,10
10199,0.001953125,9
10200,0.0009765625,10
10201,0.0009765625,10
10202,0.0009765625,10
10203,0.001953125,9
10204,0.0009765625,10
10205,0.0009765625,10
10206,0.0009765625,10
10207,0.0009765625,10
10208,0.001953125,9
10209,0.0009765625,10
10210,0.0009765625,10
10211,0.0009765625,10
10212,0.001953125,9
10213,0.0009765625,10
10214,0.0009765625,10
10215,0.0009765625,10
10216,0.001953125,9
10217,0.0009765625,10
10218,0.0009765625,10
10219,0.0009765625,10
10220,0.0009765625,10
10221,0.001953125,9
10222,0.0009765625,10
10223,0.0009765625,10
10224,0.0009765625,10
10225,0.001953125,9
10226,0.0009765625,10
10227,0.0009765625,10
10228,0.0009765625,10
10229,0.001953125,9
10230,0.0009765625,10
10231,0.0009765625,10
10232,0.0009765625,10
10233,0.0009765625,10
10234,0.001953125,9
10235,0.0009765625,10
10236,0.0009765625,10
10237,0.0009765625,10
10238,0.001953125,9
10239,0.0009765625,10
10240,0.0009765625,10
10241,0.0009765625,10
10242,0.001953125,9
10243,0.0009765625,10
10244,0.0009765625,10
10245,0.0009765625,10
10246,0.0009765625,10
10247,0.001953125,9
10248,0.0009765625,10
10249,0.0009765625,10
10250,0.0009765625,10
10251,0.001953125,9
10252,0.0009765625,10
10253,0.0009765625,10
10254,0.0009765625,10
10255,0.0009765625,10
10256,0.001953125,9
10257,0.0009765625,10
10258,0.0009765625,10
10259,0.0009765625,10
10260,0.001953125,9
10261,0.0009765625,10
10262,0.0009765625,10
10263,0.0009765625,10
10264,0.001953125,9
10265,0.0009765625,10
10266,0.0009765625,10
10267,0.0009765625,10
10268,0.0009765625,10
10269,0.001953125,9
10270,0.0009765625,10
10271,0.0009765625,10
10272,0.0009765625,10
10273,0.001953125,9
10274,0.0009765625,10
10275,0.0009765625,10
10276,0.0009765625,10
10277,0.001953125,9
10278,0.0009765625,10
10279,0.0009765625,10
10280,0.0009765625,10
10281,0.0009765625,10
10282,0.001953125,9
10283,0.0009765625,10
10284,0.0009765625,10
10285,0.0009765625,10
10286,0.001953125,9
10287,0.0009765625,10
10288,0.0009765625,10
10289,0.0009765625,10
10290,0.001953125,9
10291,0.0009765625,10
10292,0.0009765625,10
10293,0.0009765625,10
10294,0.0009765625,10
10295,0.001953125,9
10296,0.0009765625,10
10297,0.0009765625,10
10298,0.0009765625,10
10299,0.001953125,9
10300,0.0009765625,10
10301,0.0009765625,10
10302,0.0009765625,10
10303,0.0009765625,10
10304,0.001953125,9
10305,0.0009765625,10
10306,0.0009765625,10
10307,0.0009765625,10
10308,0.001953125,9
10309,0.0009765625,10
10310,0.0009765625,10
10311,0.0009765625,10
10312,0.001953125,9
10313,0.0009765625,10
10314,0.0009765625,10
10315,0.0009765625,10
10316,0.0009765625,10
10317,0.001953125,9
10318,0.0009765625,10
10319,0.0009765625,10
10320,0.0009765625,10
10321,0.001953125,9
10322,0.0009765625,10
10323,0.0009765625,10
10324,0.0009765625,10
10325,0.001953125,9
10326,0.0009765625,10
10327,0.0009765625,10
10328,0.0009765625,10
10329,0.0009765625,10
10330,0.001953125,9
10331,0.0009765625,10
10332,0.0009765625,10
10333,0.0009765625,10
10334,0.001953125,9
10335,0.0009765625,10
10336,0.0009765625,10
10337,0.0009765625,10
10338,0.001953125,9
10339,0.0009765625,10
10340,0.0009765625,10
10341,0.0009765625,10
10342,0.0009765625,10
10343,0.001953125,9
10344,0.0009765625,10
10345,0.0009765625,10
10346,0.0009765625,10
10347,0.001953125,9
10348,0.0009765625,10
10349,0.0009765625,10
10350,0.0009765625,10
10351,0.0009765625,10
10352,0.001953125,9
10353,0.0009765625,10
10354,0.0009765625,10
10355,0.0009765625,10
10356,0.001953125,9
10357,0.0009765625,10
10358,0.0009765625,10
10359,0.0009765625,10
10360,0.001953125,9
10361,0.0009765625,10
10362,0.0009765625,10
10363,0.0009765625,10
10364,0.0009765625,10
10365,0.001953125,9
10366,0.0009765625,10
10367,0.0009765625,10
10368,0.0009765625,10
10369,0.001953125,9
10370,0.0009765625,10
10371,0.0009765625,10
10372,0.0009765625,10
10373,0.001953125,9
10374,0.0009765625,10
10375,0.0009765625,10
10376,0.0009765625,10
10377,0.0009765625,10
10378,0.001953125,9
10379,0.0009765625,10
10380,0.0009765625,10
10381,0.0009765625,10
10382,0.001953125,9
10383,0.0009765625,10
10384,0.0009765625,10
10385,0.0009765625,10
10386,0.001953125,9
10387,0.0009765625,10
10388,0.0009765625,10
10389,0.0009765625,10
10390,0.0009765625,10
10391,0.001953125,9
10392,0.0009765625,10
10393,0.0009765625,10
10394,0.0009765625,10
10395,0.001953125,9
10396,0.0009765625,10
10397,0.0009765625,10
10398,0.0009765625,10
10399,0.0009765625,10
10400,0.001953125,9
10401,0.0009765625,10
10402,0.0009765625,10
10403,0.0009765625,10
10404,0.001953125,9
10405,0.0009765625,10
10406,0.0009765625,10
10407,0.0009765625,10
10408,0.001953125,9
10409,0.0009765625,10
10410,0.0009765625,10
10411,0.0009765625,10
10412,0.0009765625,10
10413,0.001953125,9
10414,0.0009765625,10
10415,0.0009765625,10
10416,0.0009765625,10
10417,0.001953125,9
10418,0.0009765625,10
10419,0.0009765625,10
10420,0.0009765625,10
10421,0.001953125,9
10422,0.0009765625,10
10423,0.0009765625,10
10424,0.0009765625,10
10425,0.0009765625,10
10426,0.001953125,9
10427,0.0009765625,10
10428,0.0009765625,10
10429,0.0009765625,10
10430,0.001953125,9
10431,0.0009765625,10
10432,0.0009765625,10
10433,0.0009765625,10
10434,0.001953125,9
10435,0.0009765625,10
10436,0.0009765625,10
10437,0.0009765625,10
10438,0.0009765625,10
10439,0.001953125,9
10440,0.0009765625,10
10441,0.0009765625,10
10442,0.0009765625,10
10443,0.001953125,9
10444,0.0009765625,10
10445,0.0009765625,10
10446,0.0009765625,10
10447,0.0009765625,10
10448,0.001953125,9
10449,0.0009765625,10
10450,0.0009765625,10
10451,0.0009765625,10
10452,0.001953125,9
10453,0.0009765625,10
10454,0.0009765625,10
10455,0.0009765625,10
10456,0.001953125,9
10457,0.0009765625,10
10458,0.0009765625,10
10459,0.0009765625,10
10460,0.0009765625,10
10461,0.001953125,9
10462,0.0009765625,10
10463,0.0009765625,10
10464,0.0009765625,10
10465,0.001953125,9
10466,0.0009765625,10
10467,0.0009765625,10
10468,0.0009765625,10
10469,0.001953125,9
10470,0.0009765625,10
10471,0.0009765625,10
10472,0.0009765625,10
10473,0.0009765625,10
10474,0.001953125,9
10475,0.0009765625,10
10476,0.0009765625,10
10477,0.0009765625,10
10478,0.001953125,9
10479,0.0009765625,10
10480,0.0009765625,10
10481,0.0009765625,10
10482,0.001953125,9
10483,0.0009765625,10
10484,0.0009765625,10
10485,0.0009765625,10
10486,0.0009765625,10
10487,0.001953125,9
10488,0.0009765625,10
10489,0.0009765625,10
10490,0.0009765625,10
10491,0.001953125,9
10492,0.0009765625,10
10493,0.0009765625,10
10494,0.0009765625,10
10495,0.0009765625,10
10496,0.001953125,9
10497,0.0009765625,10
10498,0.0009765625,10
10499,0.0009765625,10
10500,0.001953125,9
10501,0.0009765625,10
10502,0.0009765625,10
10503,0.0009765625,10
10504,0.001953125,9
10505,0.0009765625,10
10506,0.0009765625,10
10507,0.0009765625,10
10508,0.0009765625,10
10509,0.001953125,9
10510,0.0009765625,10
10511,0.0009765625,10
10512,0.0009765625,10
10513,0.001953125,9
10514,0.0009765625,10
10515,0.0009765625,10
10516,0.0009765625,10
10517,0.001953125,9
10518,0.0009765625,10
10519,0.0009765625,10
10520,0.0009765625,10
10521,0.0009765625,10
10522,0.001953125,9
10523,0.0009765625,10
10524,0.0009765625,10
10525,0.0009765625,10
10526,0.001953125,9
10527,0.0009765625,10
10528,0.0009765625,10
10529,0.0009765625,10
10530,0.001953125,9
10531,0.0009765625,10
10532,0.0009765625,10
10533,0.0009765625,10
10534,0.0009765625,10
10535,0.001953125,9
10536,0.0009765625,10
10537,0.0009765625,10
10538,0.0009765625,10
10539,0.001953125,9
10540,0.0009765625,10
10541,0.0009765625,10
10542,0.0009765625,10
10543,0.0009765625,10
10544,0.001953125,9
10545,0.0009765625,10
10546,0.0009765625,10
10547,0.0009765625,10
10548,0.001953125,9
10549,0.0009765625,10
10550,0.0009765625,10
10551,0.0009765625,10
10552,0.001953125,9
10553,0.0009765625,10
10554,0.0009765625,10
10555,0.0009765625,10
10556,0.0009765625,10
10557,0.001953125,9
10558,0.0009765625,10
10559,0.0009765625,10
10560,0.0009765625,10
10561,0.001953125,9
10562,0.0009765625,10
10563,0.0009765625,10
10564,0.0009765625,10
10565,0.001953125,9
10566,0.0009765625,10
10567,0.0009765625,10
10568,0.0009765625,10
10569,0.0009765625,10
10570,0.001953125,9
10571,0.0009765625,10
10572,0.0009765625,10
10573,0.0009765625,10
10574,0.001953125,9
10575,0.0009765625,10
10576,0.0009765625,10
10577,0.0009765625,10
10578,0.001953125,9
10579,0.0009765625,10
10580,0.0009765625,10
10581,0.0009765625,10
10582,0.0009765625,10
10583,0.001953125,9
10584,0.0009765625,10
10585,0.0009765625,10
10586,0.0009765625,10
10587,0.001953125,9
10588,0.0009765625,10
10589,0.0009765625,10
10590,0.0009765625,10
10591,0.0009765625,10
10592,0.001953125,9
10593,0.0009765625,10
10594,0.0009765625,10
10595,0.0009765625,10
10596,0.001953125,9
10597,0.0009765625,10
10598,0.0009765625,10
10599,0.0009765625,10
10600,0.001953125,9
10601,0.0009765625,10
10602,0.0009765625,10
10603,0.0009765625,10
10604,0.0009765625,10
10605,0.001953125,9
10606,0.0009765625,10
10607,0.0009765625,10
10608,0.0009765625,10
10609,0.001953125,9
10610,0.0009765625,10
10611,0.0009765625,10
10612,0.0009765625,10
10613,0.001953125,9
10614,0.0009765625,10
10615,0.0009765625,10
10616,0.0009765625,10
10617,0.0009765625,10
10618,0.001953125,9
10619,0.0009765625,10
10620,0.0009765625,10
10621,0.0009765625,10
10622,0.001953125,9
10623,0.0009765625,10
10624,0.0009765625,10
10625,0.0009765625,10
10626,0.001953125,9
10627,0.0009765625,10
10628,0.0009765625,10
10629,0.0009765625,10
10630,0.0009765625,10
10631,0.001953125,9
10632,0.0009765625,10
10633,0.0009765625,10
10634,0.0009765625,10
10635,0.001953125,9
10636,0.0009765625,10
10637,0.0009765625,10
10638,0.0009765625,10
10639,0.0009765625,10
10640,0.001953125,9
10641,0.0009765625,10
10642,0.0009765625,10
10643,0.0009765625,10
10644,0.001953125,9
10645,0.0009765625,10
10646,0.0009765625,10
10647,0.0009765625,10
10648,0.001953125,9
10649,0.0009765625,10
10650,0.0009765625,10
10651,0.0009765625,10
10652,0.0009765625,10
10653,0.001953125,9
10654,0.0009765625,10
10655,0.0009765625,10
10656,0.0009765625,10
10657,0.001953125,9
10658,0.0009765625,10
10659,0.0009765625,10
10660,0.0009765625,10
10661,0.001953125,9
10662,0.0009765625,10
10663,0.0009765625,10
10664,0.0009765625,10
10665,0.0009765625,10
10666,0.001953125,9
10667,0.0009765625,10
10668,0.0009765625,10
10669,0.0009765625,10
10670,0.001953125,9
10671,0.0009765625,10
10672,0.0009765625,10
10673,0.0009765625,10
10674,0.0009765625,10
10675,0.001953125,9
10676,0.0009765625,10
10677,0.0009765625,10
10678,0.0009765625,10
10679,0.001953125,9
10680,0.0009765625,10
10681,0.0009765625,10
10682,0.0009765625,10
10683,0.001953125,9
10684,0.0009765625,10
10685,0.0009765625,10
10686,0.0009765625,10
10687,0.0009765625,10
10688,0.001953125,9
10689,0.0009765625,10
10690,0.0009765625,10
10691,0.0009765625,10
10692,0.001953125,9
10693,0.0009765625,10
10694,0.0009765625,10
10695,0.0009765625,10
10696,0.001953125,9
10697,0.0009765625,10
10698,0.0009765625,10
10699,0.0009765625,10
10700,0.0009765625,10
10701,0.001953125,9
10702,0.0009765625,10
10703,0.0009765625,10
10704,0.0009765625,10
10705,0.001953125,9
10706,0.0009765625,10
10707,0.0009765625,10
10708,0.0009765625,10
10709,0.001953125,9
10710,0.0009765625,10
10711,0.0009765625,10
10712,0.0009765625,10
10713,0.0009765625,10
10714,0.001953125,9
10715,0.0009765625,10
10716,0.0009765625,10
10717,0.0009765625,10
10718,0.001953125,9
10719,0.0009765625,10
10720,0.0009765625,10
10721,0.0009765625,10
10722,0.0009765625,10
10723,0.001953125,9
10724,0.0009765625,10
10725,0.0009765625,10
10726,0.0009765625,10
10727,0.001953125,9
10728,0.0009765625,10
10729,0.0009765625,10
10730,0.0009765625,10
10731,0.001953125,9
10732,0.0009765625,10
10733,0.0009765625,10
10734,0.0009765625,10
10735,0.0009765625,10
10736,0.001953125,9
10737,0.0009765625,10
10738,0.0009765625,10
10739,0.0009765625,10
10740,0.001953125,9
10741,0.0009765625,10
10742,0.0009765625,10
10743,0.0009765625,10
10744,0.001953125,9
10745,0.0009765625,10
10746,0.0009765625,10
10747,0.0009765625,10
10748,0.0009765625,10
10749,0.001953125,9
10750,0.0009765625,10
10751,0.0009765625,10
10752,0.0009765625,10
10753,0.001953125,9
10754,0.0009765625,10
10755,0.0009765625,10
10756,0.0009765625,10
10757,0.001953125,9
10758,0.0009765625,10
10759,0.0009765625,10
10760,0.0009765625,10
10761,0.0009765625,10
10762,0.001953125,9
10763,0.0009765625,10
10764,0.0009765625,10
10765,0.0009765625,10
10766,0.001953125,9
10767,0.0009765625,10
10768,0.0009765625,10
10769,0.0009765625,10
10770,0.0009765625,10
10771,0.001953125,9
10772,0.0009765625,10
10773,0.0009765625,10
10774,0.0009765625,10
10775,0.001953125,9
10776,0.0009765625,10
10777,0.0009765625,10
10778,0.0009765625,10
10779,0.001953125,9
10780,0.0009765625,10
10781,0.0009765625,10
10782,0.0009765625,10
10783,0.0009765625,10
10784,0.001953125,9
10785,0.0009765625,10
10786,0.0009765625,10
10787,0.0009765625,10
10788,0.001953125,9
10789,0.0009765625,10
10790,0.0009765625,10
10791,0.0009765625,10
10792,0.001953125,9
10793,0.0009765625,10
10794,0.0009765625,10
10795,0.0009765625,10
10796,0.0009765625,10
10797,0.001953125,9
10798,0.0009765625,10
10799,0.0009765625,10
10800,0.0009765625,10
10801,0.001953125,9
10802,0.0009765625,10
10803,0.0009765625,10
10804,0.0009765625,10
10805,0.001953125,9
10806,0.0009765625,10
10807,0.0009765625,10
10808,0.0009765625,10
10809,0.0009765625,10
10810,0.001953125,9
10811,0.0009765625,10
10812,0.0009765625,10
10813,0.0009765625,10
10814,0.001953125,9
10815,0.0009765625,10
10816,0.0009765625,10
10817,0.0009765625,10
10818,0.0009765625,10
10819,0.001953125,9
10820,0.0009765625,10
10821,0.0009765625,10
10822,0.0009765625,10
10823,0.001953125,9
10824,0.0009765625,10
10825,0.0009765625,10
10826,0.0009765625,10
10827,0.001953125,9
10828,0.0009765625,10
10829,0.0009765625,10
10830,0.0009765625,10
10831,0.0009765625,10
10832,0.001953125,9
10833,0.0009765625,10
10834,0.0009765625,10
10835,0.0009765625,10
10836,0.001953125,9
10837,0.0009765625,10
10838,0.0009765625,10
10839,0.0009765625,10
10840,0.001953125,9
10841,0.0009765625,10
10842,0.0009765625,10
10843,0.0009765625,10
10844,0.0009765625,10
10845,0.001953125,9
10846,0.0009765625,10
10847,0.0009765625,10
10848,0.0009765625,10
10849,0.001953125,9
10850,0.0009765625,10
10851,0.0009765625,10
10852,0.0009765625,10
10853,0.0009765625,10
10854,0.001953125,9
10855,0.0009765625,10
10856,0.0009765625,10
10857,0.0009765625,10
10858,0.001953125,9
10859,0.0009765625,10
10860,0.0009765625,10
10861,0.0009765625,10
10862,0.001953125,9
10863,0.0009765625,10
10864,0.0009765625,10
10865,0.0009765625,10
10866,0.0009765625,10
10867,0.001953125,9
10868,0.0009765625,10
10869,0.0009765625,10
10870,0.0009765625,10
10871,0.001953125,9
10872,0.0009765625,10
10873,0.0009765625,10
10874,0.0009765625,10
10875,0.001953125,9
10876,0.0009765625,10
10877,0.0009765625,10
10878,0.0009765625,10
10879,0.0009765625,10
10880,0.001953125,9
10881,0.0009765625,10
10882,0.0009765625,10
10883,0.0009765625,10
10884,0.001953125,9
10885,0.0009765625,10
10886,0.0009765625,10
10887,0.0009765625,10
10888,0.001953125,9
10889,0.0009765625,10
10890,0.0009765625,10
10891,0.0009765625,10
10892,0.0009765625,10
10893,0.001953125,9
10894,0.0009765625,10
10895,0.0009765625,10
10896,0.0009765625,10
10897,0.001953125,9
10898,0.0009765625,10
10899,0.0009765625,10
10900,0.0009765625,10
10901,0.0009765625,10
10902,0.001953125,9
10903,0.0009765625,10
10904,0.0009765625,10
10905,0.0009765625,10
10906,0.001953125,9
10907,0.0009765625,10
10908,0.0009765625,10
10909,0.0009765625,10
10910,0.001953125,9
10911,0.0009765625,10
10912,0.0009765625,10
10913,0.0009765625,10
10914,0.0009765625,10
10915,0.001953125,9
10916,0.0009765625,10
10917,0.0009765625,10
10918,0.0009765625,10
10919,0.001953125,9
10920,0.0009765625,10
10921,0.0009765625,10
10922,0.0009765625,10
10923,0.001953125,9
10924,0.0009765625,10
10925,0.0009765625,10
10926,0.0009765625,10
10927,0.0009765625,10
10928,0.001953125,9
10929,0.0009765625,10
10930,0.0009765625,10
10931,0.0009765625,10
10932,0.001953125,9
10933,0.0009765625,10
10934,0.0009765625,10
10935,0.0009765625,10
10936,0.001953125,9
10937,0.0009765625,10
10938,0.0009765625,10
10939,0.0009765625,10
10940,0.0009765625,10
10941,0.001953125,9
10942,0.0009765625,10
10943,0.0009765625,10
10944,0.0009765625,10
10945,0.001953125,9
10946,0.0009765625,10
10947,0.0009765625,10
10948,0.0009765625,10
10949,0.0009765625,10
10950,0.001953125,9
10951,0.0009765625,10
10952,0.0009765625,10
10953,0.0009765625,10
10954,0.001953125,9
10955,0.0009765625,10
10956,0.0009765625,10
10957,0.0009765625,10
10958,0.001953125,9
10959,0.0009765625,10
10960,0.0009765625,10
10961,0.0009765625,10
10962,0.0009765625,10
10963,0.001953125,9
10964,0.0009765625,10
10965,0.0009765625,10
10966,0.0009765625,10
10967,0.001953125,9
10968,0.0009765625,10
10969,0.0009765625,10
10970,0.0009765625,10
10971,0.001953125,9
10972,0.0009765625,10
10973,0.0009765625,10
10974,0.0009765625,10
10975,0.0009765625,10
10976,0.001953125,9
10977,0.0009765625,10
10978,0.0009765625,10
10979,0.0009765625,10
10980,0.001953125,9
10981,0.0009765625,10
10982,0.0009765625,10
10983,0.0009765625,10
10984,0.001953125,9
10985,0.0009765625,10
10986,0.0009765625,10
10987,0.0009765625,10
10988,0.0009765625,10
10989,0.001953125,9
10990,0.0009765625,10
10991,0.0009765625,10
10992,0.0009765625,10
10993,0.001953125,9
10994,0.0009765625,10
10995,0.0009765625,10
10996,0.0009765625,10
10997,0.0009765625,10
10998,0.001953125,9
10999,0.0009765625,10
11000,0.0009765625,10
11001,0.0009765625,10
11002,0.001953125,9
11003,0.0009765625,10
11004,0.0009765625,10
11005,0.0009765625,10
11006,0.001953125,9
11007,0.0009765625,10
11008,0.0009765625,10
11009,0.0009765625,10
11010,0.0009765625,10
11011,0.001953125,9
11012,0.0009765625,10
11013,0.0009765625,10
11014,0.0009765625,10
11015,0.001953125,9
11016,0.0009765625,10
11017,0.0009765625,10
11018,0.0009765625,10
11019,0.001953125,9
11020,0.0009765625,10
11021,0.0009765625,10
11022,0.0009765625,10
11023,0.0009765625,10
11024,0.001953125,9
11025,0.0009765625,10
11026,0.0009765625,10
11027,0.0009765625,10
11028,0.001953125,9
11029,0.0009765625,10
11030,0.0009765625,10
11031,0.0009765625,10
11032,0.0009765625,10
11033,0.001953125,9
11034,0.0009765625,10
11035,0.0009765625,10
11036,0.0009765625,10
11037,0.001953125,9
11038,0.0009765625,10
11039,0.0009765625,10
11040,0.0009765625,10
11041,0.001953125,9
11042,0.0009765625,10
11043,0.0009765625,10
11044,0.0009765625,10
11045,0.0009765625,10
11046,0.001953125,9
11047,0.0009765625,10
11048,0.0009765625,10
11049,0.0009765625,10
11050,0.001953125,9
11051,0.0009765625,10
11052,0.0009765625,10
11053,0.0009765625,10
11054,0.001953125,9
11055,0.0009765625,10
11056,0.0009765625,10
11057,0.0009765625,10
11058,0.0009765625,10
11059,0.001953125,9
11060,0.0009765625,10
11061,0.0009765625,10
11062,0.0009765625,10
11063,0.001953125,9
11064,0.0009765625,10
11065,0.0009765625,10
11066,0.0009765625,10
11067,0.001953125,9
11068,0.0009765625,10
11069,0.0009765625,10
11070,0.0009765625,10
11071,0.0009765625,10
11072,0.001953125,9
11073,0.0009765625,10
11074,0.0009765625,10
11075,0.0009765625,10
11076,0.001953125,9
11077,0.0009765625,10
11078,0.0009765625,10
11079,0.0009765625,10
11080,0.0009765625,10
11081,0.001953125,9
11082,0.0009765625,10
11083,0.0009765625,10
11084,0.0009765625,10
11085,0.001953125,9
11086,0.0009765625,10
11087,0.0009765625,10
11088,0.0009765625,10
11089,0.001953125,9
11090,0.0009765625,10
11091,0.0009765625,10
11092,0.0009765625,10
11093,0.0009765625,10
11094,0.001953125,9
11095,0.0009765625,10
11096,0.0009765625,10
11097,0.0009765625,10
11098,0.001953125,9
11099,0.0009765625,10
11100,0.0009765625,10
11101,0.0009765625,10
11102,0.001953125,9
11103,0.0009765625,10
11104,0.0009765625,10
11105,0.0009765625,10
11106,0.0009765625,10
11107,0.001953125,9
11108,0.0009765625,10
11109,0.0009765625,10
11110,0.0009765625,10
11111,0.001953125,9
11112,0.0009765625,10
11113,0.0009765625,10
11114,0.0009765625,10
11115,0.001953125,9
11116,0.0009765625,10
11117,0.0009765625,10
11118,0.0009765625,10
11119,0.0009765625,10
11120,0.001953125,9
11121,0.0009765625,10
11122,0.0009765625,10
11123,0.0009765625,10
11124,0.001953125,9
11125,0.0009765625,10
11126,0.0009765625,10
11127,0.0009765625,10
11128,0.0009765625,10
11129,0.001953125,9
11130,0.0009765625,10
11131,0.0009765625,10
11132,0.0009765625,10
11133,0.001953125,9
11134,0.0009765625,10
11135,0.0009765625,10
11136,0.0009765625,10
11137,0.001953125,9
11138,0.0009765625,10
11139,0.0009765625,10
11140,0.0009765625,10
11141,0.0009765625,10
11142,0.001953125,9
11143,0.0009765625,10
11144,0.0009765625,10
11145,0.0009765625,10
11146,0.001953125,9
11147,0.0009765625,10
11148,0.0009765625,10
11149,0.0009765625,10
11150,0.001953125,9
11151,0.0009765625,10
11152,0.0009765625,10
11153,0.0009765625,10
11154,0.0009765625,10
11155,0.001953125,9
11156,0.0009765625,10
11157,0.0009765625,10
11158,0.0009765625,10
11159,0.001953125,9
11160,0.0009765625,10
11161,0.0009765625,10
11162,0.0009765625,10
11163,0.0009765625,10
11164,0.001953125,9
11165,0.0009765625,10
11166,0.0009765625,10
11167,0.0009765625,10
11168,0.001953125,9
11169,0.0009765625,10
11170,0.0009765625,10
11171,0.0009765625,10
11172,0.001953125,9
11173,0.0009765625,10
11174,0.0009765625,10
11175,0.0009765625,10
11176,0.0009765625,10
11177,0.001953125,9
11178,0.0009765625,10
11179,0.0009765625,10
11180,0.0009765625,10
11181,0.001953125,9
11182,0.0009765625,10
11183,0.0009765625,10
11184,0.0009765625,10
11185,0.001953125,9
11186,0.0009765625,10
11187,0.0009765625,10
11188,0.0009765625,10
11189,0.0009765625,10
11190,0.001953125,9
11191,0.0009765625,10
11192,0.0009765625,10
11193,0.0009765625,10
11194,0.001953125,9
11195,0.0009765625,10
11196,0.0009765625,10
11197,0.0009765625,10
11198,0.001953125,9
11199,0.0009765625,10
11200,0.0009765625,10
11201,0.0009765625,10
11202,0.0009765625,10
11203,0.001953125,9
11204,0.0009765625,10
11205,0.0009765625,10
11206,0.0009765625,10
11207,0.001953125,9
11208,0.0009765625,10
11209,0.0009765625,10
11210,0.0009765625,10
11211,0.0009765625,10
11212,0.001953125,9
11213,0.0009765625,10
11214,0.0009765625,10
11215,0.0009765625,10
11216,0.001953125,9
11217,0.0009765625,10
11218,0.0009765625,10
11219,0.0009765625,10
11220,0.001953125,9
11221,0.0009765625,10
11222,0.0009765625,10
11223,0.0009765625,10
11224,0.0009765625,10
11225,0.001953125,9
11226,0.0009765625,10
11227,0.0009765625,10
11228,0.0009765625,10
11229,0.001953125,9
11230,0.0009765625,10
11231,0.0009765625,10
11232,0.0009765625,10
11233,0.001953125,9
11234,0.0009765625,10
11235,0.0009765625,10
11236,0.0009765625,10
11237,0.0009765625,10
11238,0.001953125,9
11239,0.0009765625,10
11240,0.0009765625,10
11241,0.0009765625,10
11242,0.001953125,9
11243,0.0009765625,10
11244,0.0009765625,10
11245,0.0009765625,10
11246,0.0009765625,10
11247,0.001953125,9
11248,0.0009765625,10
11249,0.0009765625,10
11250,0.0009765625,10
11251,0.001953125,9
11252,0.0009765625,10
11253,0.0009765625,10
11254,0.0009765625,10
11255,0.001953125,9
11256,0.0009765625,10
11257,0.0009765625,10
11258,0.0009765625,10
11259,0.0009765625,10
11260,0.001953125,9
11261,0.0009765625,10
11262,0.0009765625,10
11263,0.0009765625,10
11264,0.001953125,9
11265,0.0009765625,10
11266,0.0009765625,10
11267,0.0009765625,10
11268,0.001953125,9
11269,0.0009765625,10
11270,0.0009765625,10
11271,0.0009765625,10
11272,0.0009765625,10
11273,0.001953125,9
11274,0.0009765625,10
11275,0.0009765625,10
11276,0.0009765625,10
11277,0.001953125,9
11278,0.0009765625,10
11279,0.0009765625,10
11280,0.0009765625,10
11281,0.001953125,9
11282,0.0009765625,10
11283,0.0009765625,10
11284,0.0009765625,10
11285,0.0009765625,10
11286,0.001953125,9
11287,0.0009765625,10
11288,0.0009765625,10
11289,0.0009765625,10
11290,0.001953125,9
11291,0.0009765625,10
11292,0.0009765625,10
11293,0.0009765625,10
11294,0.0009765625,10
11295,0.001953125,9
11296,0.0009765625,10
11297,0.0009765625,10
11298,0.0009765625,10
11299,0.001953125,9
11300,0.0009765625,10
11301,0.0009765625,10
11302,0.0009765625,10
11303,0.001953125,9
11304,0.0009765625,10
11305,0.0009765625,10
11306,0.0009765625,10
11307,0.0009765625,10
11308,0.001953125,9
11309,0.0009765625,10
11310,0.0009765625,10
11311,0.0009765625,10
11312,0.001953125,9
11313,0.0009765625,10
11314,0.0009765625,10
11315,0.0009765625,10
11316,0.001953125,9
11317,0.0009765625,10
11318,0.0009765625,10
11319,0.0009765625,10
11320,0.0009765625,10
11321,0.001953125,9
11322,0.0009765625,10
11323,0.0009765625,10
11324,0.0009765625,10
11325,0.001953125,9
11326,0.0009765625,10
11327,0.0009765625,10
11328,0.0009765625,10
11329,0.001953125,9
11330,0.0009765625,10
11331,0.0009765625,10
11332,0.0009765625,10
11333,0.0009765625,10
11334,0.001953125,9
11335,0.0009765625,10
11336,0.0009765625,10
11337,0.0009765625,10
11338,0.001953125,9
11339,0.0009765625,10
11340,0.0009765625,10
11341,0.0009765625,10
11342,0.0009765625,10
11343,0.001953125,9
11344,0.0009765625,10
11345,0.0009765625,10
11346,0.0009765625,10
11347,0.001953125,9
11348,0.0009765625,10
11349,0.0009765625,10
11350,0.0009765625,10
11351,0.001953125,9
11352,0.0009765625,10
11353,0.0009765625,10
11354,0.0009765625,10
11355,0.0009765625,10
11356,0.001953125,9
11357,0.0009765625,10
11358,0.0009765625,10
11359,0.0009765625,10
11360,0.001953125,9
11361,0.0009765625,10
11362,0.0009765625,10
11363,0.0009765625,10
11364,0.001953125,9
11365,0.0009765625,10
11366,0.0009765625,10
11367,0.0009765625,10
11368,0.0009765625,10
11369,0.001953125,9
11370,0.0009765625,10
11371,0.0009765625,10
11372,0.0009765625,10
11373,0.001953125,9
11374,0.0009765625,10
11375,0.0009765625,10
11376,0.0009765625,10
11377,0.0009765625,10
11378,0.001953125,9
11379,0.0009765625,10
11380,0.0009765625,10
11381,0.0009765625,10
11382,0.001953125,9
11383,0.0009765625,10
11384,0.0009765625,10
11385,0.0009765625,10
11386,0.001953125,9
11387,0.0009765625,10
11388,0.0009765625,10
11389,0.0009765625,10
11390,0.0009765625,10
11391,0.001953125,9
11392,0.0009765625,10
11393,0.0009765625,10
11394,0.0009765625,10
11395,0.001953125,9
11396,0.0009765625,10
11397,0.0009765625,10
11398,0.0009765625,10
11399,0.001953125,9
11400,0.0009765625,10
11401,0.0009765625,10
11402,0.0009765625,10
11403,0.0009765625,10
11404,0.001953125,9
11405,0.0009765625,10
11406,0.0009765625,10
11407,0.0009765625,10
11408,0.001953125,9
11409,0.0009765625,10
11410,0.0009765625,10
11411,0.0009765625,10
11412,0.001953125,9
11413,0.0009765625,10
11414,0.0009765625,10
11415,0.0009765625,10
11416,0.0009765625,10
11417,0.001953125,9
11418,0.0009765625,10
11419,0.0009765625,10
11420,0.0009765625,10
11421,0.001953125,9
11422,0.0009765625,10
11423,0.0009765625,10
11424,0.0009765625,10
11425,0.0009765625,10
11426,0.001953125,9
11427,0.0009765625,10
11428,0.0009765625,10
11429,0.0009765625,10
11430,0.001953125,9
11431,0.0009765625,10
11432,0.0009765625,10
11433,0.0009765625,10
11434,0.001953125,9
11435,0.0009765625,10
11436,0.0009765625,10
11437,0.0009765625,10
11438,0.0009765625,10
11439,0.001953125,9
11440,0.0009765625,10
11441,0.0009765625,10
11442,0.0009765625,10
11443,0.001953125,9
11444,0.0009765625,10
11445,0.0009765625,10
11446,0.0009765625,10
11447,0.001953125,9
11448,0.0009765625,10
11449,0.0009765625,10
11450,0.0009765625,10
11451,0.0009765625,10
11452,0.001953125,9
11453,0.0009765625,10
11454,0.0009765625,10
11455,0.0009765625,10
11456,0.001953125,9
11457,0.0009765625,10
11458,0.0009765625,10
11459,0.0009765625,10
11460,0.0009765625,10
11461,0.001953125,9
11462,0.0009765625,10
11463,0.0009765625,10
11464,0.0009765625,10
11465,0.001953125,9
11466,0.0009765625,10
11467,0.0009765625,10
11468,0.0009765625,10
11469,0.001953125,9
11470,0.0009765625,10
11471,0.0009765625,10
11472,0.0009765625,10
11473,0.0009765625,10
11474,0.001953125,9
11475,0.0009765625,10
11476,0.0009765625,10
11477,0.0009765625,10
11478,0.001953125,9
11479,0.0009765625,10
11480,0.0009765625,10
11481,0.0009765625,10
11482,0.001953125,9
11483,0.0009765625,10
11484,0.0009765625,10
11485,0.0009765625,10
11486,0.0009765625,10
11487,0.001953125,9
11488,0.0009765625,10
11489,0.0009765625,10
11490,0.0009765625,10
11491,0.001953125,9
11492,0.0009765625,10
11493,0.0009765625,10
11494,0.0009765625,10
11495,0.001953125,9
11496,0.0009765625,10
11497,0.0009765625,10
11498,0.0009765625,10
11499,0.0009765625,10
11500,0.001953125,9
11501,0.0009765625,10
11502,0.0009765625,10
11503,0.0009765625,10
11504,0.001953125,9
11505,0.0009765625,10
11506,0.0009765625,10
11507,0.0009765625,10
11508,0.0009765625,10
11509,0.001953125,9
11510,0.0009765625,10
11511,0.0009765625,10
11512,0.0009765625,10
11513,0.001953125,9
11514,0.0009765625,10
11515,0.0009765625,10
11516,0.0009765625,10
11517,0.001953125,9
11518,0.0009765625,10
11519,0.0009765625,10
11520,0.0009765625,10
11521,0.0009765625,10
11522,0.001953125,9
11523,0.0009765625,10
11524,0.0009765625,10
11525,0.0009765625,10
11526,0.001953125,9
11527,0.0009765625,10
11528,0.0009765625,10
11529,0.0009765625,10
11530,0.001953125,9
11531,0.0009765625,10
11532,0.0009765625,10
11533,0.0009765625,10
11534,0.0009765625,10
11535,0.001953125,9
11536,0.0009765625,10
11537,0.0009765625,10
11538,0.0009765625,10
11539,0.001953125,9
11540,0.0009765625,10
11541,0.0009765625,10
11542,0.0009765625,10
11543,0.001953125,9
11544,0.0009765625,10
11545,0.0009765625,10
11546,0.0009765625,10
11547,0.0009765625,10
11548,0.001953125,9
11549,0.0009765625,10
11550,0.0009765625,10
11551,0.0009765625,10
11552,0.001953125,9
11553,0.0009765625,10
11554,0.0009765625,10
11555,0.0009765625,10
11556,0.0009765625,10
11557,0.001953125,9
11558,0.0009765625,10
11559,0.0009765625,10
11560,0.0009765625,10
11561,0.001953125,9
11562,0.0009765625,10
11563,0.0009765625,10
11564,0.0009765625,10
11565,0.001953125,9
11566,0.0009765625,10
11567,0.0009765625,10
11568,0.0009765625,10
11569,0.0009765625,10
11570,0.001953125,9
11571,0.0009765625,10
11572,0.0009765625,10
11573,0.0009765625,10
11574,0.001953125,9
11575,0.0009765625,10
11576,0.0009765625,10
11577,0.0009765625,10
11578,0.001953125,9
11579,0.0009765625,10
11580,0.0009765625,10
11581,0.0009765625,10
11582,0.0009765625,10
11583,0.001953125,9
11584,0.0009765625,10
11585,0.0009765625,10
11586,0.0009765625,10
11587,0.001953125,9
11588,0.0009765625,10
11589,0.0009765625,10
11590,0.0009765625,10
11591,0.0009765625,10
11592,0.001953125,9
11593,0.0009765625,10
11594,0.0009765625,10
11595,0.0009765625,10
11596,0.001953125,9
11597,0.0009765625,10
11598,0.0009765625,10
11599,0.0009765625,10
11600,0.001953125,9
11601,0.0009765625,10
11602,0.0009765625,10
11603,0.0009765625,10
11604,0.0009765625,10
11605,0.001953125,9
11606,0.0009765625,10
11607,0.0009765625,10
11608,0.0009765625,10
11609,0.001953125,9
11610,0.0009765625,10
11611,0.0009765625,10
11612,0.0009765625,10
11613,0.001953125,9
11614,0.0009765625,10
11615,0.0009765625,10
11616,0.0009765625,10
11617,0.0009765625,10
11618,0.001953125,9
11619,0.0009765625,10
11620,0.0009765625,10
11621,0.0009765625,10
11622,0.001953125,9
11623,0.0009765625,10
11624,0.0009765625,10
11625,0.0009765625,10
11626,0.001953125,9
11627,0.0009765625,10
11628,0.0009765625,10
11629,0.0009765625,10
11630,0.0009765625,10
11631,0.001953125,9
11632,0.0009765625,10
11633,0.0009765625,10
11634,0.0009765625,10
11635,0.001953125,9
11636,0.0009765625,10
11637,0.0009765625,10
11638,0.0009765625,10
11639,0.0009765625,10
11640,0.001953125,9
11641,0.0009765625,10
11642,0.0009765625,10
11643,0.0009765625,10
11644,0.001953125,9
11645,0.0009765625,10
11646,0.0009765625,10
11647,0.0009765625,10
11648,0.001953125,9
11649,0.0009765625,10
11650,0.0009765625,10
11651,0.0009765625,10
11652,0.0009765625,10
11653,0.001953125,9
11654,0.0009765625,10
11655,0.0009765625,10
11656,0.0009765625,10
11657,0.001953125,9
11658,0.0009765625,10
11659,0.0009765625,10
11660,0.0009765625,10
11661,0.001953125,9
11662,0.0009765625,10
11663,0.0009765625,10
11664,0.0009765625,10
11665,0.0009765625,10
11666,0.001953125,9
11667,0.0009765625,10
11668,0.0009765625,10
11669,0.0009765625,10
11670,0.001953125,9
11671,0.0009765625,10
11672,0.0009765625,10
11673,0.0009765625,10
11674,0.0009765625,10
11675,0.001953125,9
11676,0.0009765625,10
11677,0.0009765625,10
11678,0.0009765625,10
11679,0.001953125,9
11680,0.0009765625,10
11681,0.0009765625,10
11682,0.0009765625,10
11683,0.001953125,9
11684,0.0009765625,10
11685,0.0009765625,10
11686,0.0009765625,10
11687,0.0009765625,10
11688,0.001953125,9
11689,0.0009765625,10
11690,0.0009765625,10
11691,0.0009765625,10
11692,0.001953125,9
11693,0.0009765625,10
11694,0.0009765625,10
11695,0.0009765625,10
11696,0.001953125,9
11697,0.0009765625,10
11698,0.0009765625,10
11699,0.0009765625,10
11700,0.0009765625,10
11701,0.001953125,9
11702,0.0009765625,10
11703,0.0009765625,10
11704,0.0009765625,10
11705,0.001953125,9
11706,0.0009765625,10
11707,0.0009765625,10
11708,0.0009765625,10
11709,0.001953125,9
11710,0.0009765625,10
11711,0.0009765625,10
11712,0.0009765625,10
11713,0.0009765625,10
11714,0.001953125,9
11715,0.0009765625,10
11716,0.0009765625,10
11717,0.0009765625,10
11718,0.001953125,9
11719,0.0009765625,10
11720,0.0009765625,10
11721,0.0009765625,10
11722,0.0009765625,10
11723,0.001953125,9
11724,0.0009765625,10
11725,0.0009765625,10
11726,0.0009765625,10
11727,0.001953125,9
11728,0.0009765625,10
11729,0.0009765625,10
11730,0.0009765625,10
11731,0.001953125,9
11732,0.0009765625,10
11733,0.0009765625,10
11734,0.0009765625,10
11735,0.0009765625,10
11736,0.001953125,9
11737,0.0009765625,10
11738,0.0009765625,10
11739,0.0009765625,10
11740,0.001953125,9
11741,0.0009765625,10
11742,0.0009765625,10
11743,0.0009765625,10
11744,0.001953125,9
11745,0.0009765625,10
11746,0.0009765625,10
11747,0.0009765625,10
11748,0.0009765625,10
11749,0.001953125,9
11750,0.0009765625,10
11751,0.0009765625,10
11752,0.0009765625,10
11753,0.001953125,9
11754,0.0009765625,10
11755,0.0009765625,10
11756,0.0009765625,10
11757,0.0009765625,10
11758,0.001953125,9
11759,0.0009765625,10
11760,0.0009765625,10
11761,0.0009765625,10
11762,0.001953125,9
11763,0.0009765625,10
11764,0.0009765625,10
11765,0.0009765625,10
11766,0.001953125,9
11767,0.0009765625,10
11768,0.0009765625,10
11769,0.0009765625,10
11770,0.0009765625,10
11771,0.001953125,9
11772,0.0009765625,10
11773,0.0009765625,10
11774,0.0009765625,10
11775,0.001953125,9
11776,0.0009765625,10
11777,0.0009765625,10
11778,0.0009765625,10
11779,0.001953125,9
11780,0.0009765625,10
11781,0.0009765625,10
11782,0.0009765625,10
11783,0.0009765625,10
11784,0.001953125,9
11785,0.0009765625,10
11786,0.0009765625,10
11787,0.0009765625,10
11788,0.001953125,9
11789,0.0009765625,10
11790,0.0009765625,10
11791,0.0009765625,10
11792,0.001953125,9
11793,0.0009765625,10
11794,0.0009765625,10
11795,0.0009765625,10
11796,0.0009765625,10
11797,0.001953125,9
11798,0.0009765625,10
11799,0.0009765625,10
11800,0.0009765625,10
11801,0.001953125,9
11802,0.0009765625,10
11803,0.0009765625,10
11804,0.0009765625,10
11805,0.0009765625,10
11806,0.001953125,9
11807,0.0009765625,10
11808,0.0009765625,10
11809,0.0009765625,10
11810,0.001953125,9
11811,0.0009765625,10
11812,0.0009765625,10
11813,0.0009765625,10
11814,0.001953125,9
11815,0.0009765625,10
11816,0.0009765625,10
11817,0.0009765625,10
11818,0.0009765625,10
11819,0.001953125,9
11820,0.0009765625,10
11821,0.0009765625,10
11822,0.0009765625,10
11823,0.001953125,9
11824,0.0009765625,10
11825,0.0009765625,10
11826,0.0009765625,10
11827,0.001953125,9
11828,0.0009765625,10
11829,0.0009765625,10
11830,0.0009765625,10
11831,0.0009765625,10
11832,0.001953125,9
11833,0.0009765625,10
11834,0.0009765625,10
11835,0.0009765625,10
11836,0.001953125,9
11837,0.0009765625,10
11838,0.0009765625,10
11839,0.0009765625,10
11840,0.0009765625,10
11841,0.001953125,9
11842,0.0009765625,10
11843,0.0009765625,10
11844,0.0009765625,10
11845,0.001953125,9
11846,0.0009765625,10
11847,0.0009765625,10
11848,0.0009765625,10
11849,0.001953125,9
11850,0.0009765625,10
11851,0.0009765625,10
11852,0.0009765625,10
11853,0.0009765625,10
11854,0.001953125,9
11855,0.0009765625,10
11856,0.0009765625,10
11857,0.0009765625,10
11858,0.001953125,9
11859,0.0009765625,10
11860,0.0009765625,10
11861,0.0009765625,10
11862,0.001953125,9
11863,0.0009765625,10
11864,0.0009765625,10
11865,0.0009765625,10
11866,0.0009765625,10
11867,0.001953125,9
11868,0.0009765625,10
11869,0.0009765625,10
11870,0.0009765625,10
11871,0.001953125,9
11872,0.0009765625,10
11873,0.0009765625,10
11874,0.0009765625,10
11875,0.001953125,9
11876,0.0009765625,10
11877,0.0009765625,10
11878,0.0009765625,10
11879,0.0009765625,10
11880,0.001953125,9
11881,0.0009765625,10
11882,0.0009765625,10
11883,0.0009765625,10
11884,0.001953125,9
11885,0.0009765625,10
11886,0.0009765625,10
11887,0.0009765625,10
11888,0.0009765625,10
11889,0.001953125,9
11890,0.0009765625,10
11891,0.0009765625,10
11892,0.0009765625,10
11893,0.001953125,9
11894,0.0009765625,10
11895,0.0009765625,10
11896,0.0009765625,10
11897,0.001953125,9
11898,0.0009765625,10
11899,0.0009765625,10
11900,0.0009765625,10
11901,0.0009765625,10
11902,0.001953125,9
11903,0.0009765625,10
11904,0.0009765625,10
11905,0.0009765625,10
11906,0.001953125,9
11907,0.0009765625,10
11908,0.0009765625,10
11909,0.0009765625,10
11910,0.001953125,9
11911,0.0009765625,10
11912,0.0009765625,10
11913,0.0009765625,10
11914,0.0009765625,10
11915,0.001953125,9
11916,0.0009765625,10
11917,0.0009765625,10
11918,0.0009765625,10
11919,0.001953125,9
11920,0.0009765625,10
11921,0.0009765625,10
11922,0.0009765625,10
11923,0.001953125,9
11924,0.0009765625,10
11925,0.0009765625,10
11926,0.0009765625,10
11927,0.0009765625,10
11928,0.001953125,9
11929,0.0009765625,10
11930,0.0009765625,10
11931,0.0009765625,10
11932,0.001953125,9
11933,0.0009765625,10
11934,0.0009765625,10
11935,0.0009765625,10
11936,0.0009765625,10
11937,0.001953125,9
11938,0.0009765625,10
11939,0.0009765625,10
11940,0.0009765625,10
11941,0.001953125,9
11942,0.0009765625,10
11943,0.0009765625,10
11944,0.0009765625,10
11945,0.001953125,9
11946,0.0009765625,10
11947,0.0009765625,10
11948,0.0009765625,10
11949,0.0009765625,10
11950,0.001953125,9
11951,0.0009765625,10
11952,0.0009765625,10
11953,0.0009765625,10
11954,0.001953125,9
11955,0.0009765625,10
11956,0.0009765625,10
11957,0.0009765625,10
11958,0.001953125,9
11959,0.0009765625,10
11960,0.0009765625,10
11961,0.0009765625,10
11962,0.0009765625,10
11963,0.001953125,9
11964,0.0009765625,10
11965,0.0009765625,10
11966,0.0009765625,10
11967,0.001953125,9
11968,0.0009765625,10
11969,0.0009765625,10
11970,0.0009765625,10
11971,0.0009765625,10
11972,0.001953125,9
11973,0.0009765625,10
11974,0.0009765625,10
11975,0.0009765625,10
11976,0.001953125,9
11977,0.0009765625,10
11978,0.0009765625,10
11979,0.0009765625,10
11980,0.001953125,9
11981,0.0009765625,10
11982,0.0009765625,10
11983,0.0009765625,10
11984,0.0009765625,10
11985,0.001953125,9
11986,0.0009765625,10
11987,0.0009765625,10
11988,0.0009765625,10
11989,0.001953125,9
11990,0.0009765625,10
11991,0.0009765625,10
11992,0.0009765625,10
11993,0.001953125,9
11994,0.0009765625,10
11995,0.0009765625,10
11996,0.0009765625,10
11997,0.0009765625,10
11998,0.001953125,9
11999,0.0009765625,10
12000,0.0009765625,10
12001,0.0009765625,10
12002,0.001953125,9
12003,0.0009765625,10
12004,0.0009765625,10
12005,0.0009765625,10
12006,0.001953125,9
12007,0.0009765625,10
12008,0.0009765625,10
12009,0.0009765625,10
12010,0.0009765625,10
12011,0.001953125,9
12012,0.0009765625,10
12013,0.0009765625,10
12014,0.0009765625,10
12015,0.001953125,9
12016,0.0009765625,10
12017,0.0009765625,10
12018,0.0009765625,10
12019,0.0009765625,10
12020,0.001953125,9
12021,0.0009765625,10
12022,0.0009765625,10
12023,0.0009765625,10
12024,0.001953125,9
12025,0.0009765625,10
12026,0.0009765625,10
12027,0.0009765625,10
12028,0.001953125,9
12029,0.0009765625,10
12030,0.0009765625,10
12031,0.0009765625,10
12032,0.0009765625,10
12033,0.001953125,9
12034,0.0009765625,10
12035,0.0009765625,10
12036,0.0009765625,10
12037,0.001953125,9
12038,0.0009765625,10
12039,0.0009765625,10
12040,0.0009765625,10
12041,0.001953125,9
12042,0.0009765625,10
12043,0.0009765625,10
12044,0.0009765625,10
12045,0.0009765625,10
12046,0.001953125,9
12047,0.0009765625,10
12048,0.0009765625,10
12049,0.0009765625,10
12050,0.001953125,9
12051,0.0009765625,10
12052,0.0009765625,10
12053,0.0009765625,10
12054,0.0009765625,10
12055,0.001953125,9
12056,0.0009765625,10
12057,0.0009765625,10
12058,0.0009765625,10
12059,0.001953125,9
12060,0.0009765625,10
12061,0.0009765625,10
12062,0.0009765625,10
12063,0.001953125,9
12064,0.0009765625,10
12065,0.0009765625,10
12066,0.0009765625,10
12067,0.0009765625,10
12068,0.001953125,9
12069,0.0009765625,10
12070,0.0009765625,10
12071,0.0009765625,10
12072,0.001953125,9
12073,0.0009765625,10
12074,0.0009765625,10
12075,0.0009765625,10
12076,0.001953125,9
12077,0.0009765625,10
12078,0.0009765625,10
12079,0.0009765625,10
12080,0.0009765625,10
12081,0.001953125,9
12082,0.0009765625,10
12083,0.0009765625,10
12084,0.0009765625,10
12085,0.001953125,9
12086,0.0009765625,10
12087,0.0009765625,10
12088,0.0009765625,10
12089,0.001953125,9
12090,0.0009765625,10
12091,0.0009765625,10
12092,0.0009765625,10
12093,0.0009765625,10
12094,0.001953125,9
12095,0.0009765625,10
12096,0.0009765625,10
12097,0.0009765625,10
12098,0.001953125,9
12099,0.0009765625,10
12100,0.0009765625,10
12101,0.0009765625,10
12102,0.0009765625,10
12103,0.001953125,9
12104,0.0009765625,10
12105,0.0009765625,10
12106,0.0009765625,10
12107,0.001953125,9
12108,0.0009765625,10
12109,0.0009765625,10
12110,0.0009765625,10
12111,0.001953125,9
12112,0.0009765625,10
12113,0.0009765625,10
12114,0.0009765625,10
12115,0.0009765625,10
12116,0.001953125,9
12117,0.0009765625,10
12118,0.0009765625,10
12119,0.0009765625,10
12120,0.001953125,9
12121,0.0009765625,10
12122,0.0009765625,10
12123,0.0009765625,10
12124,0.001953125,9
12125,0.0009765625,10
12126,0.0009765625,10
12127,0.0009765625,10
12128,0.0009765625,10
12129,0.001953125,9
12130,0.0009765625,10
12131,0.0009765625,10
12132,0.0009765625,10
12133,0.001953125,9
12134,0.0009765625,10
12135,0.0009765625,10
12136,0.0009765625,10
12137,0.0009765625,10
12138,0.001953125,9
12139,0.0009765625,10
12140,0.0009765625,10
12141,0.0009765625,10
12142,0.001953125,9
12143,0.0009765625,10
12144,0.0009765625,10
12145,0.0009765625,10
12146,0.001953125,9
12147,0.0009765625,10
12148,0.0009765625,10
12149,0.0009765625,10
12150,0.0009765625,10
12151,0.001953125,9
12152,0.0009765625,10
12153,0.0009765625,10
12154,0.0009765625,10
12155,0.001953125,9
12156,0.0009765625,10
12157,0.0009765625,10
12158,0.0009765625,10
12159,0.001953125,9
12160,0.0009765625,10
12161,0.0009765625,10
12162,0.0009765625,10
12163,0.0009765625,10
12164,0.001953125,9
12165,0.0009765625,10
12166,0.0009765625,10
12167,0.0009765625,10
12168,0.001953125,9
12169,0.0009765625,10
12170,0.0009765625,10
12171,0.0009765625,10
12172,0.001953125,9
12173,0.0009765625,10
12174,0.0009765625,10
12175,0.0009765625,10
12176,0.0009765625,10
12177,0.001953125,9
12178,0.0009765625,10
12179,0.0009765625,10
12180,0.0009765625,10
12181,0.001953125,9
12182,0.0009765625,10
12183,0.0009765625,10
12184,0.0009765625,10
12185,0.0009765625,10
12186,0.001953125,9
12187,0.0009765625,10
12188,0.0009765625,10
12189,0.0009765625,10
12190,0.001953125,9
12191,0.0009765625,10
12192,0.0009765625,10
12193,0.0009765625,10
12194,0.001953125,9
12195,0.0009765625,10
12196,0.0009765625,10
12197,0.0009765625,10
12198,0.0009765625,10
12199,0.001953125,9
12200,0.0009765625,10
12201,0.0009765625,10
12202,0.0009765625,10
12203,0.001953125,9
12204,0.0009765625,10
12205,0.0009765625,10
12206,0.0009765625,10
12207,0.001953125,9
12208,0.0009765625,10
12209,0.0009765625,10
12210,0.0009765625,10
12211,0.0009765625,10
12212,0.001953125,9
12213,0.0009765625,10
12214,0.0009765625,10
12215,0.0009765625,10
12216,0.001953125,9
12217,0.0009765625,10
12218,0.0009765625,10
12219,0.0009765625,10
12220,0.0009765625,10
12221,0.001953125,9
12222,0.0009765625,10
12223,0.0009765625,10
12224,0.0009765625,10
12225,0.001953125,9
12226,0.0009765625,10
12227,0.0009765625,10
12228,0.0009765625,10
12229,0.001953125,9
12230,0.0009765625,10
12231,0.0009765625,10
12232,0.0009765625,10
12233,0.0009765625,10
12234,0.001953125,9
12235,0.0009765625,10
12236,0.0009765625,10
12237,0.0009765625,10
12238,0.001953125,9
12239,0.0009765625,10
12240,0.0009765625,10
12241,0.0009765625,10
12242,0.001953125,9
12243,0.0009765625,10
12244,0.0009765625,10
12245,0.0009765625,10
12246,0.0009765625,10
12247,0.001953125,9
12248,0.0009765625,10
12249,0.0009765625,10
12250,0.0009765625,10
12251,0.001953125,9
12252,0.0009765625,10
12253,0.0009765625,10
12254,0.0009765625,10
12255,0.001953125,9
12256,0.0009765625,10
12257,0.0009765625,10
12258,0.0009765625,10
12259,0.0009765625,10
12260,0.001953125,9
12261,0.0009765625,10
12262,0.0009765625,10
12263,0.0009765625,10
12264,0.001953125,9
12265,0.0009765625,10
12266,0.0009765625,10
12267,0.0009765625,10
12268,0.0009765625,10
12269,0.001953125,9
12270,0.0009765625,10
12271,0.0009765625,10
12272,0.0009765625,10
12273,0.001953125,9
12274,0.0009765625,10
12275,0.0009765625,10
12276,0.0009765625,10
12277,0.001953125,9
12278,0.0009765625,10
12279,0.0009765625,10
12280,0.0009765625,10
12281,0.0009765625,10
12282,0.001953125,9
12283,0.0009765625,10
12284,0.0009765625,10
12285,0.0009765625,10
12286,0.001953125,9
12287,0.0009765625,10
12288,0.0009765625,10
12289,0.0009765625,10
12290,0.001953125,9
12291,0.0009765625,10
12292,0.0009765625,10
12293,0.0009765625,10
12294,0.0009765625,10
12295,0.001953125,9
12296,0.0009765625,10
12297,0.0009765625,10
12298,0.0009765625,10
12299,0.001953125,9
12300,0.0009765625,10
12301,0.0009765625,10
12302,0.0009765625,10
12303,0.0009765625,10
12304,0.001953125,9
12305,0.0009765625,10
12306,0.0009765625,10
12307,0.0009765625,10
12308,0.001953125,9
12309,0.0009765625,10
12310,0.0009765625,10
12311,0.0009765625,10
12312,0.001953125,9
12313,0.0009765625,10
12314,0.0009765625,10
12315,0.0009765625,10
12316,0.0009765625,10
12317,0.001953125,9
12318,0.0009765625,10
12319,0.0009765625,10
12320,0.0009765625,10
12321,0.001953125,9
12322,0.0009765625,10
12323,0.0009765625,10
12324,0.0009765625,10
12325,0.001953125,9
12326,0.0009765625,10
12327,0.0009765625,10
12328,0.0009765625,10
12329,0.0009765625,10
12330,0.001953125,9
12331,0.0009765625,10
12332,0.0009765625,10
12333,0.0009765625,10
12334,0.001953125,9
12335,0.0009765625,10
12336,0.0009765625,10
12337,0.0009765625,10
12338,0.001953125,9
12339,0.0009765625,10
12340,0.0009765625,10
12341,0.0009765625,10
12342,0.0009765625,10
12343,0.001953125,9
12344,0.0009765625,10
12345,0.0009765625,10
12346,0.0009765625,10
12347,0.001953125,9
12348,0.0009765625,10
12349,0.0009765625,10
12350,0.0009765625,10
12351,0.0009765625,10
12352,0.001953125,9
12353,0.0009765625,10
12354,0.0009765625,10
12355,0.0009765625,10
12356,0.001953125,9
12357,0.0009765625,10
12358,0.0009765625,10
12359,0.0009765625,10
12360,0.001953125,9
12361,0.0009765625,10
12362,0.0009765625,10
12363,0.0009765625,10
12364,0.0009765625,10
12365,0.001953125,9
12366,0.0009765625,10
12367,0.0009765625,10
12368,0.0009765625,10
12369,0.001953125,9
12370,0.0009765625,10
12371,0.0009765625,10
12372,0.0009765625,10
12373,0.001953125,9
12374,0.0009765625,10
12375,0.0009765625,10
12376,0.0009765625,10
12377,0.0009765625,10
12378,0.001953125,9
12379,0.0009765625,10
12380,0.0009765625,10
12381,0.0009765625,10
12382,0.001953125,9
12383,0.0009765625,10
12384,0.0009765625,10
12385,0.0009765625,10
12386,0.0009765625,10
12387,0.001953125,9
12388,0.0009765625,10
12389,0.0009765625,10
12390,0.0009765625,10
12391,0.001953125,9
12392,0.0009765625,10
12393,0.0009765625,10
12394,0.0009765625,10
12395,0.001953125,9
12396,0.0009765625,10
12397,0.0009765625,10
12398,0.0009765625,10
12399,0.0009765625,10
12400,0.001953125,9
12401,0.0009765625,10
12402,0.0009765625,10
12403,0.0009765625,10
12404,0.001953125,9
12405,0.0009765625,10
12406,0.0009765625,10
12407,0.0009765625,10
12408,0.001953125,9
12409,0.0009765625,10
12410,0.0009765625,10
12411,0.0009765625,10
12412,0.0009765625,10
12413,0.001953125,9
12414,0.0009765625,10
12415,0.0009765625,10
12416,0.0009765625,10
12417,0.001953125,9
12418,0.0009765625,10
12419,0.0009765625,10
12420,0.0009765625,10
12421,0.001953125,9
12422,0.0009765625,10
12423,0.0009765625,10
12424,0.0009765625,10
12425,0.0009765625,10
12426,0.001953125,9
12427,0.0009765625,10
12428,0.0009765625,10
12429,0.0009765625,10
12430,0.001953125,9
12431,0.0009765625,10
12432,0.0009765625,10
12433,0.0009765625,10
12434,0.0009765625,10
12435,0.001953125,9
12436,0.0009765625,10
12437,0.0009765625,10
12438,0.0009765625,10
12439,0.001953125,9
12440,0.0009765625,10
12441,0.0009765625,10
12442,0.0009765625,10
12443,0.001953125,9
12444,0.0009765625,10
12445,0.0009765625,10
12446,0.0009765625,10
12447,0.0009765625,10
12448,0.001953125,9
12449,0.0009765625,10
12450,0.0009765625,10
12451,0.0009765625,10
12452,0.001953125,9
12453,0.0009765625,10
12454,0.0009765625,10
12455,0.0009765625,10
12456,0.001953125,9
12457,0.0009765625,10
12458,0.0009765625,10
12459,0.0009765625,10
12460,0.0009765625,10
12461,0.001953125,9
12462,0.0009765625,10
12463,0.0009765625,10
12464,0.0009765625,10
12465,0.001953125,9
12466,0.0009765625,10
12467,0.0009765625,10
12468,0.0009765625,10
12469,0.0009765625,10
12470,0.001953125,9
12471,0.0009765625,10
12472,0.0009765625,10
12473,0.0009765625,10
12474,0.001953125,9
12475,0.0009765625,10
12476,0.0009765625,10
12477,0.0009765625,10
12478,0.001953125,9
12479,0.0009765625,10
12480,0.0009765625,10
12481,0.0009765625,10
12482,0.0009765625,10
12483,0.001953125,9
12484,0.0009765625,10
12485,0.0009765625,10
12486,0.0009765625,10
12487,0.001953125,9
12488,0.0009765625,10
12489,0.0009765625,10
12490,0.0009765625,10
12491,0.001953125,9
12492,0.0009765625,10
12493,0.0009765625,10
12494,0.0009765625,10
12495,0.0009765625,10
12496,0.001953125,9
12497,0.0009765625,10
12498,0.0009765625,10
12499,0.0009765625,10
12500,0.001953125,9
12501,0.0009765625,10
12502,0.0009765625,10
12503,0.0009765625,10
12504,0.001953125,9
12505,0.0009765625,10
12506,0.0009765625,10
12507,0.0009765625,10
12508,0.0009765625,10
12509,0.001953125,9
12510,0.0009765625,10
12511,0.0009765625,10
12512,0.0009765625,10
12513,0.001953125,9
12514,0.0009765625,10
12515,0.0009765625,10
12516,0.0009765625,10
12517,0.0009765625,10
12518,0.001953125,9
12519,0.0009765625,10
12520,0.0009765625,10
12521,0.0009765625,10
12522,0.001953125,9
12523,0.0009765625,10
12524,0.0009765625,10
12525,0.0009765625,10
12526,0.001953125,9
12527,0.0009765625,10
12528,0.0009765625,10
12529,0.0009765625,10
12530,0.0009765625,10
12531,0.001953125,9
12532,0.0009765625,10
12533,0.0009765625,10
12534,0.0009765625,10
12535,0.001953125,9
12536,0.0009765625,10
12537,0.0009765625,10
12538,0.0009765625,10
12539,0.001953125,9
12540,0.0009765625,10
12541,0.0009765625,10
12542,0.0009765625,10
12543,0.0009765625,10
12544,0.001953125,9
12545,0.0009765625,10
12546,0.0009765625,10
12547,0.0009765625,10
12548,0.001953125,9
12549,0.0009765625,10
12550,0.0009765625,10
12551,0.0009765625,10
12552,0.0009765625,10
12553,0.001953125,9
12554,0.0009765625,10
12555,0.0009765625,10
12556,0.0009765625,10
12557,0.001953125,9
12558,0.0009765625,10
12559,0.0009765625,10
12560,0.0009765625,10
12561,0.001953125,9
12562,0.0009765625,10
12563,0.0009765625,10
12564,0.0009765625,10
12565,0.0009765625,10
12566,0.001953125,9
12567,0.0009765625,10
12568,0.0009765625,10
12569,0.0009765625,10
12570,0.001953125,9
12571,0.0009765625,10
12572,0.0009765625,10
12573,0.0009765625,10
12574,0.001953125,9
12575,0.0009765625,10
12576,0.0009765625,10
12577,0.0009765625,10
12578,0.0009765625,10
12579,0.001953125,9
12580,0.0009765625,10
12581,0.0009765625,10
12582,0.0009765625,10
12583,0.001953125,9
12584,0.0009765625,10
12585,0.0009765625,10
12586,0.0009765625,10
12587,0.001953125,9
12588,0.0009765625,10
12589,0.0009765625,10
12590,0.0009765625,10
12591,0.0009765625,10
12592,0.001953125,9
12593,0.0009765625,10
12594,0.0009765625,10
12595,0.0009765625,10
12596,0.001953125,9
12597,0.0009765625,10
12598,0.0009765625,10
12599,0.0009765625,10
12600,0.0009765625,10
12601,0.001953125,9
12602,0.0009765625,10
12603,0.0009765625,10
12604,0.0009765625,10
12605,0.001953125,9
12606,0.0009765625,10
12607,0.0009765625,10
12608,0.0009765625,10
12609,0.001953125,9
12610,0.0009765625,10
12611,0.0009765625,10
12612,0.0009765625,10
12613,0.0009765625,10
12614,0.001953125,9
12615,0.0009765625,10
12616,0.0009765625,10
12617,0.0009765625,10
12618,0.001953125,9
12619,0.0009765625,10
12620,0.0009765625,10
12621,0.0009765625,10
12622,0.001953125,9
12623,0.0009765625,10
12624,0.0009765625,10
12625,0.0009765625,10
12626,0.0009765625,10
12627,0.001953125,9
12628,0.0009765625,10
12629,0.0009765625,10
12630,0.0009765625,10
12631,0.001953125,9
12632,0.0009765625,10
12633,0.0009765625,10
12634,0.0009765625,10
12635,0.0009765625,10
12636,0.001953125,9
12637,0.0009765625,10
12638,0.0009765625,10
12639,0.0009765625,10
12640,0.001953125,9
12641,0.0009765625,10
12642,0.0009765625,10
12643,0.0009765625,10
12644,0.001953125,9
12645,0.0009765625,10
12646,0.0009765625,10
12647,0.0009765625,10
12648,0.0009765625,10
12649,0.001953125,9
12650,0.0009765625,10
12651,0.0009765625,10
12652,0.0009765625,10
12653,0.001953125,9
12654,0.0009765625,10
12655,0.0009765625,10
12656,0.0009765625,10
12657,0.001953125,9
12658,0.0009765625,10
12659,0.0009765625,10
12660,0.0009765625,10
12661,0.0009765625,10
12662,0.001953125,9
12663,0.0009765625,10
12664,0.0009765625,10
12665,0.0009765625,10
12666,0.001953125,9
12667,0.0009765625,10
12668,0.0009765625,10
12669,0.0009765625,10
12670,0.001953125,9
12671,0.0009765625,10
12672,0.0009765625,10
12673,0.0009765625,10
12674,0.0009765625,10
12675,0.001953125,9
12676,0.0009765625,10
12677,0.0009765625,10
12678,0.0009765625,10
12679,0.001953125,9
12680,0.0009765625,10
12681,0.0009765625,10
12682,0.0009765625,10
12683,0.0009765625,10
12684,0.001953125,9
12685,0.0009765625,10
12686,0.0009765625,10
12687,0.0009765625,10
12688,0.001953125,9
12689,0.0009765625,10
12690,0.0009765625,10
12691,0.0009765625,10
12692,0.001953125,9
12693,0.0009765625,10
12694,0.0009765625,10
12695,0.0009765625,10
12696,0.0009765625,10
12697,0.001953125,9
12698,0.0009765625,10
12699,0.0009765625,10
12700,0.0009765625,10
12701,0.001953125,9
12702,0.0009765625,10
12703,0.0009765625,10
12704,0.0009765625,10
12705,0.001953125,9
12706,0.0009765625,10
12707,0.0009765625,10
12708,0.0009765625,10
12709,0.0009765625,10
12710,0.001953125,9
12711,0.0009765625,10
12712,0.0009765625,10
12713,0.0009765625,10
12714,0.001953125,9
12715,0.0009765625,10
12716,0.0009765625,10
12717,0.0009765625,10
12718,0.0009765625,10
12719,0.001953125,9
12720,0.0009765625,10
12721,0.0009765625,10
12722,0.0009765625,10
12723,0.001953125,9
12724,0.0009765625,10
12725,0.0009765625,10
12726,0.0009765625,10
12727,0.001953125,9
12728,0.0009765625,10
12729,0.0009765625,10
12730,0.0009765625,10
12731,0.0009765625,10
12732,0.001953125,9
12733,0.0009765625,10
12734,0.0009765625,10
12735,0.0009765625,10
12736,0.001953125,9
12737,0.0009765625,10
12738,0.0009765625,10
12739,0.0009765625,10
12740,0.001953125,9
12741,0.0009765625,10
12742,0.0009765625,10
12743,0.0009765625,10
12744,0.0009765625,10
12745,0.001953125,9
12746,0.0009765625,10
12747,0.0009765625,10
12748,0.0009765625,10
12749,0.001953125,9
12750,0.0009765625,10
12751,0.0009765625,10
12752,0.0009765625,10
12753,0.001953125,9
12754,0.0009765625,10
12755,0.0009765625,10
12756,0.0009765625,10
12757,0.0009765625,10
12758,0.001953125,9
12759,0.0009765625,10
12760,0.0009765625,10
12761,0.0009765625,10
12762,0.001953125,9
12763,0.0009765625,10
12764,0.0009765625,10
12765,0.0009765625,10
12766,0.0009765625,10
12767,0.001953125,9
12768,0.0009765625,10
12769,0.0009765625,10
12770,0.0009765625,10
12771,0.001953125,9
12772,0.0009765625,10
12773,0.0009765625,10
12774,0.0009765625,10
12775,0.001953125,9
12776,0.0009765625,10
12777,0.0009765625,10
12778,0.0009765625,10
12779,0.0009765625,10
12780,0.001953125,9
12781,0.0009765625,10
12782,0.0009765625,10
12783,0.0009765625,10
12784,0.001953125,9
12785,0.0009765625,10
12786,0.0009765625,10
12787,0.0009765625,10
12788,0.001953125,9
12789,0.0009765625,10
12790,0.0009765625,10
12791,0.0009765625,10
12792,0.0009765625,10
12793,0.001953125,9
12794,0.0009765625,10
12795,0.0009765625,10
12796,0.0009765625,10
12797,0.001953125,9
12798,0.0009765625,10
12799,0.0009765625,10
12800,0.0009765625,10
12801,0.0009765625,10
12802,0.001953125,9
12803,0.0009765625,10
12804,0.0009765625,10
12805,0.0009765625,10
12806,0.001953125,9
12807,0.0009765625,10
12808,0.0009765625,10
12809,0.0009765625,10
12810,0.001953125,9
12811,0.0009765625,10
12812,0.0009765625,10
12813,0.0009765625,10
12814,0.0009765625,10
12815,0.001953125,9
12816,0.0009765625,10
12817,0.0009765625,10
12818,0.0009765625,10
12819,0.001953125,9
12820,0.0009765625,10
12821,0.0009765625,10
12822,0.0009765625,10
12823,0.001953125,9
12824,0.0009765625,10
12825,0.0009765625,10
12826,0.0009765625,10
12827,0.0009765625,10
12828,0.001953125,9
12829,0.0009765625,10
12830,0.0009765625,10
12831,0.0009765625,10
12832,0.001953125,9
12833,0.0009765625,10
12834,0.0009765625,10
12835,0.0009765625,10
12836,0.001953125,9
12837,0.0009765625,10
12838,0.0009765625,10
12839,0.0009765625,10
12840,0.0009765625,10
12841,0.001953125,9
12842,0.0009765625,10
12843,0.0009765625,10
12844,0.0009765625,10
12845,0.001953125,9
12846,0.0009765625,10
12847,0.0009765625,10
12848,0.0009765625,10
12849,0.0009765625,10
12850,0.001953125,9
12851,0.0009765625,10
12852,0.0009765625,10
12853,0.0009765625,10
12854,0.001953125,9
12855,0.0009765625,10
12856,0.0009765625,10
12857,0.0009765625,10
12858,0.001953125,9
12859,0.0009765625,10
12860,0.0009765625,10
12861,0.0009765625,10
12862,0.0009765625,10
12863,0.001953125,9
12864,0.0009765625,10
12865,0.0009765625,10
12866,0.0009765625,10
12867,0.001953125,9
12868,0.0009765625,10
12869,0.0009765625,10
12870,0.0009765625,10
12871,0.001953125,9
12872,0.0009765625,10
12873,0.0009765625,10
12874,0.0009765625,10
12875,0.0009765625,10
12876,0.001953125,9
12877,0.0009765625,10
12878,0.0009765625,10
12879,0.0009765625,10
12880,0.001953125,9
12881,0.0009765625,10
12882,0.0009765625,10
12883,0.0009765625,10
12884,0.0009765625,10
12885,0.001953125,9
12886,0.0009765625,10
12887,0.0009765625,10
12888,0.0009765625,10
12889,0.001953125,9
12890,0.0009765625,10
12891,0.0009765625,10
12892,0.0009765625,10
12893,0.001953125,9
12894,0.0009765625,10
12895,0.0009765625,10
12896,0.0009765625,10
12897,0.0009765625,10
12898,0.001953125,9
12899,0.0009765625,10
12900,0.0009765625,10
12901,0.0009765625,10
12902,0.001953125,9
12903,0.0009765625,10
12904,0.0009765625,10
12905,0.0009765625,10
12906,0.001953125,9
12907,0.0009765625,10
12908,0.0009765625,10
12909,0.0009765625,10
12910,0.0009765625,10
12911,0.001953125,9
12912,0.0009765625,10
12913,0.0009765625,10
12914,0.0009765625,10
12915,0.001953125,9
12916,0.0009765625,10
12917,0.0009765625,10
12918,0.0009765625,10
12919,0.001953125,9
12920,0.0009765625,10
12921,0.0009765625,10
12922,0.0009765625,10
12923,0.0009765625,10
12924,0.001953125,9
12925,0.0009765625,10
12926,0.0009765625,10
12927,0.0009765625,10
12928,0.001953125,9
12929,0.0009765625,10
12930,0.0009765625,10
12931,0.0009765625,10
12932,0.0009765625,10
12933,0.001953125,9
12934,0.0009765625,10
12935,0.0009765625,10
12936,0.0009765625,10
12937,0.001953125,9
12938,0.0009765625,10
12939,0.0009765625,10
12940,0.0009765625,10
12941,0.001953125,9
12942,0.0009765625,10
12943,0.0009765625,10
12944,0.0009765625,10
12945,0.0009765625,10
12946,0.001953125,9
12947,0.0009765625,10
12948,0.0009765625,10
12949,0.0009765625,10
12950,0.001953125,9
12951,0.0009765625,10
12952,0.0009765625,10
12953,0.0009765625,10
12954,0.001953125,9
12955,0.0009765625,10
12956,0.0009765625,10
12957,0.0009765625,10
12958,0.0009765625,10
12959,0.001953125,9
12960,0.0009765625,10
12961,0.0009765625,10
12962,0.0009765625,10
12963,0.001953125,9
12964,0.0009765625,10
12965,0.0009765625,10
12966,0.0009765625,10
12967,0.0009765625,10
12968,0.001953125,9
12969,0.0009765625,10
12970,0.0009765625,10
12971,0.0009765625,10
12972,0.001953125,9
12973,0.0009765625,10
12974,0.0009765625,10
12975,0.0009765625,10
12976,0.001953125,9
12977,0.0009765625,10
12978,0.0009765625,10
12979,0.0009765625,10
12980,0.0009765625,10
12981,0.001953125,9
12982,0.0009765625,10
12983,0.0009765625,10
12984,0.0009765625,10
12985,0.001953125,9
12986,0.0009765625,10
12987,0.0009765625,10
12988,0.0009765625,10
12989,0.001953125,9
12990,0.0009765625,10
12991,0.0009765625,10
12992,0.0009765625,10
12993,0.0009765625,10
12994,0.001953125,9
12995,0.0009765625,10
12996,0.0009765625,10
12997,0.0009765625,10
12998,0.001953125,9
12999,0.0009765625,10
13000,0.0009765625,10
13001,0.0009765625,10
13002,0.001953125,9
13003,0.0009765625,10
13004,0.0009765625,10
13005,0.0009765625,10
13006,0.0009765625,10
13007,0.001953125,9
13008,0.0009765625,10
13009,0.0009765625,10
13010,0.0009765625,10
13011,0.001953125,9
13012,0.0009765625,10
13013,0.0009765625,10
13014,0.0009765625,10
13015,0.0009765625,10
13016,0.001953125,9
13017,0.0009765625,10
13018,0.0009765625,10
13019,0.0009765625,10
13020,0.001953125,9
13021,0.0009765625,10
13022,0.0009765625,10
13023,0.0009765625,10
13024,0.001953125,9
13025,0.0009765625,10
13026,0.0009765625,10
13027,0.0009765625,10
13028,0.0009765625,10
13029,0.001953125,9
13030,0.0009765625,10
13031,0.0009765625,10
13032,0.0009765625,10
13033,0.001953125,9
13034,0.0009765625,10
13035,0.0009765625,10
13036,0.0009765625,10
13037,0.001953125,9
13038,0.0009765625,10
13039,0.0009765625,10
13040,0.0009765625,10
13041,0.0009765625,10
13042,0.001953125,9
13043,0.0009765625,10
13044,0.0009765625,10
13045,0.0009765625,10
13046,0.001953125,9
13047,0.0009765625,10
13048,0.0009765625,10
13049,0.0009765625,10
13050,0.001953125,9
13051,0.0009765625,10
13052,0.0009765625,10
13053,0.0009765625,10
13054,0.0009765625,10
13055,0.001953125,9
13056,0.0009765625,10
13057,0.0009765625,10
13058,0.0009765625,10
13059,0.001953125,9
13060,0.0009765625,10
13061,0.0009765625,10
13062,0.0009765625,10
13063,0.0009765625,10
13064,0.001953125,9
13065,0.0009765625,10
13066,0.0009765625,10
13067,0.0009765625,10
13068,0.001953125,9
13069,0.0009765625,10
13070,0.0009765625,10
13071,0.0009765625,10
13072,0.001953125,9
13073,0.0009765625,10
13074,0.0009765625,10
13075,0.0009765625,10
13076,0.0009765625,10
13077,0.001953125,9
13078,0.0009765625,10
13079,0.0009765625,10
13080,0.0009765625,10
13081,0.001953125,9
13082,0.0009765625,10
13083,0.0009765625,10
13084,0.0009765625,10
13085,0.001953125,9
13086,0.0009765625,10
13087,0.0009765625,10
13088,0.0009765625,10
13089,0.0009765625,10
13090,0.001953125,9
13091,0.0009765625,10
13092,0.0009765625,10
13093,0.0009765625,10
13094,0.001953125,9
13095,0.0009765625,10
13096,0.0009765625,10
13097,0.0009765625,10
13098,0.0009765625,10
13099,0.001953125,9
13100,0.0009765625,10
13101,0.0009765625,10
13102,0.0009765625,10
13103,0.001953125,9
13104,0.0009765625,10
13105,0.0009765625,10
13106,0.0009765625,10
13107,0.001953125,9
13108,0.0009765625,10
13109,0.0009765625,10
13110,0.0009765625,10
13111,0.0009765625,10
13112,0.001953125,9
13113,0.0009765625,10
13114,0.0009765625,10
13115,0.0009765625,10
13116,0.001953125,9
13117,0.0009765625,10
13118,0.0009765625,10
13119,0.0009765625,10
13120,0.001953125,9
13121,0.0009765625,10
13122,0.0009765625,10
13123,0.0009765625,10
13124,0.0009765625,10
13125,0.001953125,9
13126,0.0009765625,10
13127,0.0009765625,10
13128,0.0009765625,10
13129,0.001953125,9
13130,0.0009765625,10
13131,0.0009765625,10
13132,0.0009765625,10
13133,0.001953125,9
13134,0.0009765625,10
13135,0.0009765625,10
13136,0.0009765625,10
13137,0.0009765625,10
13138,0.001953125,9
13139,0.0009765625,10
13140,0.0009765625,10
13141,0.0009765625,10
13142,0.001953125,9
13143,0.0009765625,10
13144,0.0009765625,10
13145,0.0009765625,10
13146,0.0009765625,10
13147,0.001953125,9
13148,0.0009765625,10
13149,0.0009765625,10
13150,0.0009765625,10
13151,0.001953125,9
13152,0.0009765625,10
13153,0.0009765625,10
13154,0.0009765625,10
13155,0.001953125,9
13156,0.0009765625,10
13157,0.0009765625,10
13158,0.0009765625,10
13159,0.0009765625,10
13160,0.001953125,9
13161,0.0009765625,10
13162,0.0009765625,10
13163,0.0009765625,10
13164,0.001953125,9
13165,0.0009765625,10
13166,0.0009765625,10
13167,0.0009765625,10
13168,0.001953125,9
13169,0.0009765625,10
13170,0.0009765625,10
13171,0.0009765625,10
13172,0.0009765625,10
13173,0.001953125,9
13174,0.0009765625,10
13175,0.0009765625,10
13176,0.0009765625,10
13177,0.001953125,9
13178,0.0009765625,10
13179,0.0009765625,10
13180,0.0009765625,10
13181,0.0009765625,10
13182,0.001953125,9
13183,0.0009765625,10
13184,0.0009765625,10
13185,0.0009765625,10
13186,0.001953125,9
13187,0.0009765625,10
13188,0.0009765625,10
13189,0.0009765625,10
13190,0.001953125,9
13191,0.0009765625,10
13192,0.0009765625,10
13193,0.0009765625,10
13194,0.0009765625,10
13195,0.001953125,9
13196,0.0009765625,10
13197,0.0009765625,10
13198,0.0009765625,10
13199,0.001953125,9
13200,0.0009765625,10
13201,0.0009765625,10
13202,0.0009765625,10
13203,0.001953125,9
13204,0.0009765625,10
13205,0.0009765625,10
13206,0.0009765625,10
13207,0.0009765625,10
13208,0.001953125,9
13209,0.0009765625,10
13210,0.0009765625,10
13211,0.0009765625,10
13212,0.001953125,9
13213,0.0009765625,10
13214,0.0009765625,10
13215,0.0009765625,10
13216,0.001953125,9
13217,0.0009765625,10
13218,0.0009765625,10
13219,0.0009765625,10
13220,0.0009765625,10
13221,0.001953125,9
13222,0.0009765625,10
13223,0.0009765625,10
13224,0.0009765625,10
13225,0.001953125,9
13226,0.0009765625,10
13227,0.0009765625,10
13228,0.0009765625,10
13229,0.0009765625,10
13230,0.001953125,9
13231,0.0009765625,10
13232,0.0009765625,10
13233,0.0009765625,10
13234,0.001953125,9
13235,0.0009765625,10
13236,0.0009765625,10
13237,0.0009765625,10
13238,0.001953125,9
13239,0.0009765625,10
13240,0.0009765625,10
13241,0.0009765625,10
13242,0.0009765625,10
13243,0.001953125,9
13244,0.0009765625,10
13245,0.0009765625,10
13246,0.0009765625,10
13247,0.001953125,9
13248,0.0009765625,10
13249,0.0009765625,10
13250,0.0009765625,10
13251,0.001953125,9
13252,0.0009765625,10
13253,0.0009765625,10
13254,0.0009765625,10
13255,0.0009765625,10
13256,0.001953125,9
13257,0.0009765625,10
13258,0.0009765625,10
13259,0.0009765625,10
13260,0.001953125,9
13261,0.0009765625,10
13262,0.0009765625,10
13263,0.0009765625,10
13264,0.0009765625,10
13265,0.001953125,9
13266,0.0009765625,10
13267,0.0009765625,10
13268,0.0009765625,10
13269,0.001953125,9
13270,0.0009765625,10
13271,0.0009765625,10
13272,0.0009765625,10
13273,0.001953125,9
13274,0.0009765625,10
13275,0.0009765625,10
13276,0.0009765625,10
13277,0.0009765625,10
13278,0.001953125,9
13279,0.0009765625,10
13280,0.0009765625,10
13281,0.0009765625,10
13282,0.001953125,9
13283,0.0009765625,10
13284,0.0009765625,10
13285,0.0009765625,10
13286,0.001953125,9
13287,0.0009765625,10
13288,0.0009765625,10
13289,0.0009765625,10
13290,0.0009765625,10
13291,0.001953125,9
13292,0.0009765625,10
13293,0.0009765625,10
13294,0.0009765625,10
13295,0.001953125,9
13296,0.0009765625,10
13297,0.0009765625,10
13298,0.0009765625,10
13299,0.001953125,9
13300,0.0009765625,10
13301,0.0009765625,10
13302,0.0009765625,10
13303,0.0009765625,10
13304,0.001953125,9
13305,0.0009765625,10
13306,0.0009765625,10
13307,0.0009765625,10
13308,0.001953125,9
13309,0.0009765625,10
13310,0.0009765625,10
13311,0.0009765625,10
13312,0.0009765625,10
13313,0.001953125,9
13314,0.0009765625,10
13315,0.0009765625,10
13316,0.0009765625,10
13317,0.001953125,9
13318,0.0009765625,10
13319,0.0009765625,10
13320,0.0009765625,10
13321,0.001953125,9
13322,0.0009765625,10
13323,0.0009765625,10
13324,0.0009765625,10
13325,0.0009765625,10
13326,0.001953125,9
13327,0.0009765625,10
13328,0.0009765625,10
13329,0.0009765625,10
13330,0.001953125,9
13331,0.0009765625,10
13332,0.0009765625,10
13333,0.0009765625,10
13334,0.001953125,9
13335,0.0009765625,10
13336,0.0009765625,10
13337,0.0009765625,10
13338,0.0009765625,10
13339,0.001953125,9
13340,0.0009765625,10
13341,0.0009765625,10
13342,0.0009765625,10
13343,0.001953125,9
13344,0.0009765625,10
13345,0.0009765625,10
13346,0.0009765625,10
13347,0.0009765625,10
13348,0.001953125,9
13349,0.0009765625,10
13350,0.0009765625,10
13351,0.0009765625,10
13352,0.001953125,9
13353,0.0009765625,10
13354,0.0009765625,10
13355,0.0009765625,10
13356,0.001953125,9
13357,0.0009765625,10
13358,0.0009765625,10
13359,0.0009765625,10
13360,0.0009765625,10
13361,0.001953125,9
13362,0.0009765625,10
13363,0.0009765625,10
13364,0.0009765625,10
13365,0.001953125,9
13366,0.0009765625,10
13367,0.0009765625,10
13368,0.0009765625,10
13369,0.001953125,9
13370,0.0009765625,10
13371,0.0009765625,10
13372,0.0009765625,10
13373,0.0009765625,10
13374,0.001953125,9
13375,0.0009765625,10
13376,0.0009765625,10
13377,0.0009765625,10
13378,0.001953125,9
13379,0.0009765625,10
13380,0.0009765625,10
13381,0.0009765625,10
13382,0.001953125,9
13383,0.0009765625,10
13384,0.0009765625,10
13385,0.0009765625,10
13386,0.0009765625,10
13387,0.001953125,9
13388,0.0009765625,10
13389,0.0009765625,10
13390,0.0009765625,10
13391,0.001953125,9
13392,0.0009765625,10
13393,0.0009765625,10
13394,0.0009765625,10
13395,0.0009765625,10
13396,0.001953125,9
13397,0.0009765625,10
13398,0.0009765625,10
13399,0.0009765625,10
13400,0.001953125,9
13401,0.0009765625,10
13402,0.0009765625,10
13403,0.0009765625,10
13404,0.001953125,9
13405,0.0009765625,10
13406,0.0009765625,10
13407,0.0009765625,10
13408,0.0009765625,10
13409,0.001953125,9
13410,0.0009765625,10
13411,0.0009765625,10
13412,0.0009765625,10
13413,0.001953125,9
13414,0.0009765625,10
13415,0.0009765625,10
13416,0.0009765625,10
13417,0.001953125,9
13418,0.0009765625,10
13419,0.0009765625,10
13420,0.0009765625,10
13421,0.0009765625,10
13422,0.001953125,9
13423,0.0009765625,10
13424,0.0009765625,10
13425,0.0009765625,10
13426,0.001953125,9
13427,0.0009765625,10
13428,0.0009765625,10
13429,0.0009765625,10
13430,0.0009765625,10
13431,0.001953125,9
13432,0.0009765625,10
13433,0.0009765625,10
13434,0.0009765625,10
13435,0.001953125,9
13436,0.0009765625,10
13437,0.0009765625,10
13438,0.0009765625,10
13439,0.001953125,9
13440,0.0009765625,10
13441,0.0009765625,10
13442,0.0009765625,10
13443,0.0009765625,10
13444,0.001953125,9
13445,0.0009765625,10
13446,0.0009765625,10
13447,0.0009765625,10
13448,0.001953125,9
13449,0.0009765625,10
13450,0.0009765625,10
13451,0.0009765625,10
13452,0.001953125,9
13453,0.0009765625,10
13454,0.0009765625,10
13455,0.0009765625,10
13456,0.0009765625,10
13457,0.001953125,9
13458,0.0009765625,10
13459,0.0009765625,10
13460,0.0009765625,10
13461,0.001953125,9
13462,0.0009765625,10
13463,0.0009765625,10
13464,0.0009765625,10
13465,0.001953125,9
13466,0.0009765625,10
13467,0.0009765625,10
13468,0.0009765625,10
13469,0.0009765625,10
13470,0.001953125,9
13471,0.0009765625,10
13472,0.0009765625,10
13473,0.0009765625,10
13474,0.001953125,9
13475,0.0009765625,10
13476,0.0009765625,10
13477,0.0009765625,10
13478,0.0009765625,10
13479,0.001953125,9
13480,0.0009765625,10
13481,0.0009765625,10
13482,0.0009765625,10
13483,0.001953125,9
13484,0.0009765625,10
13485,0.0009765625,10
13486,0.0009765625,10
13487,0.001953125,9
13488,0.0009765625,10
13489,0.0009765625,10
13490,0.0009765625,10
13491,0.0009765625,10
13492,0.001953125,9
13493,0.0009765625,10
13494,0.0009765625,10
13495,0.0009765625,10
13496,0.001953125,9
13497,0.0009765625,10
13498,0.0009765625,10
13499,0.0009765625,10
13500,0.001953125,9
13501,0.0009765625,10
13502,0.0009765625,10
13503,0.0009765625,10
13504,0.0009765625,10
13505,0.001953125,9
13506,0.0009765625,10
13507,0.0009765625,10
13508,0.0009765625,10
13509,0.001953125,9
13510,0.0009765625,10
13511,0.0009765625,10
13512,0.0009765625,10
13513,0.0009765625,10
13514,0.001953125,9
13515,0.0009765625,10
13516,0.0009765625,10
13517,0.0009765625,10
13518,0.001953125,9
13519,0.0009765625,10
13520,0.0009765625,10
13521,0.0009765625,10
13522,0.001953125,9
13523,0.0009765625,10
13524,0.0009765625,10
13525,0.0009765625,10
13526,0.0009765625,10
13527,0.001953125,9
13528,0.0009765625,10
13529,0.0009765625,10
13530,0.0009765625,10
13531,0.001953125,9
13532,0.0009765625,10
13533,0.0009765625,10
13534,0.0009765625,10
13535,0.001953125,9
13536,0.0009765625,10
13537,0.0009765625,10
13538,0.0009765625,10
13539,0.0009765625,10
13540,0.001953125,9
13541,0.0009765625,10
13542,0.0009765625,10
13543,0.0009765625,10
13544,0.001953125,9
13545,0.0009765625,10
13546,0.0009765625,10
13547,0.0009765625,10
13548,0.001953125,9
13549,0.0009765625,10
13550,0.0009765625,10
13551,0.0009765625,10
13552,0.0009765625,10
13553,0.001953125,9
13554,0.0009765625,10
13555,0.0009765625,10
13556,0.0009765625,10
13557,0.001953125,9
13558,0.0009765625,10
13559,0.0009765625,10
13560,0.0009765625,10
13561,0.0009765625,10
13562,0.001953125,9
13563,0.0009765625,10
13564,0.0009765625,10
13565,0.0009765625,10
13566,0.001953125,9
13567,0.0009765625,10
13568,0.0009765625,10
13569,0.0009765625,10
13570,0.001953125,9
13571,0.0009765625,10
13572,0.0009765625,10
13573,0.0009765625,10
13574,0.0009765625,10
13575,0.001953125,9
13576,0.0009765625,10
13577,0.0009765625,10
13578,0.0009765625,10
13579,0.001953125,9
13580,0.0009765625,10
13581,0.0009765625,10
13582,0.0009765625,10
13583,0.001953125,9
13584,0.0009765625,10
13585,0.0009765625,10
13586,0.0009765625,10
13587,0.0009765625,10
13588,0.001953125,9
13589,0.0009765625,10
13590,0.0009765625,10
13591,0.0009765625,10
13592,0.001953125,9
13593,0.0009765625,10
13594,0.0009765625,10
13595,0.0009765625,10
13596,0.0009765625,10
13597,0.001953125,9
13598,0.0009765625,10
13599,0.0009765625,10
13600,0.0009765625,10
13601,0.001953125,9
13602,0.0009765625,10
13603,0.0009765625,10
13604,0.0009765625,10
13605,0.001953125,9
13606,0.0009765625,10
13607,0.0009765625,10
13608,0.0009765625,10
13609,0.0009765625,10
13610,0.001953125,9
13611,0.0009765625,10
13612,0.0009765625,10
13613,0.0009765625,10
13614,0.001953125,9
13615,0.0009765625,10
13616,0.0009765625,10
13617,0.0009765625,10
13618,0.001953125,9
13619,0.0009765625,10
13620,0.0009765625,10
13621,0.0009765625,10
13622,0.0009765625,10
13623,0.001953125,9
13624,0.0009765625,10
13625,0.0009765625,10
13626,0.0009765625,10
13627,0.001953125,9
13628,0.0009765625,10
13629,0.0009765625,10
13630,0.0009765625,10
13631,0.001953125,9
13632,0.0009765625,10
13633,0.0009765625,10
13634,0.0009765625,10
13635,0.0009765625,10
13636,0.001953125,9
13637,0.0009765625,10
13638,0.0009765625,10
13639,0.0009765625,10
13640,0.001953125,9
13641,0.0009765625,10
13642,0.0009765625,10
13643,0.0009765625,10
13644,0.0009765625,10
13645,0.001953125,9
13646,0.0009765625,10
13647,0.0009765625,10
13648,0.0009765625,10
13649,0.001953125,9
13650,0.0009765625,10
13651,0.0009765625,10
13652,0.0009765625,10
13653,0.001953125,9
13654,0.0009765625,10
13655,0.0009765625,10
13656,0.0009765625,10
13657,0.0009765625,10
13658,0.001953125,9
13659,0.0009765625,10
13660,0.0009765625,10
13661,0.0009765625,10
13662,0.001953125,9
13663,0.0009765625,10
13664,0.0009765625,10
13665,0.0009765625,10
13666,0.001953125,9
13667,0.0009765625,10
13668,0.0009765625,10
13669,0.0009765625,10
13670,0.0009765625,10
13671,0.001953125,9
13672,0.0009765625,10
13673,0.0009765625,10
13674,0.0009765625,10
13675,0.001953125,9
13676,0.0009765625,10
13677,0.0009765625,10
13678,0.0009765625,10
13679,0.0009765625,10
13680,0.001953125,9
13681,0.0009765625,10
13682,0.0009765625,10
13683,0.0009765625,10
13684,0.001953125,9
13685,0.0009765625,10
13686,0.0009765625,10
13687,0.0009765625,10
13688,0.001953125,9
13689,0.0009765625,10
13690,0.0009765625,10
13691,0.0009765625,10
13692,0.0009765625,10
13693,0.001953125,9
13694,0.0009765625,10
13695,0.0009765625,10
13696,0.0009765625,10
13697,0.001953125,9
13698,0.0009765625,10
13699,0.0009765625,10
13700,0.0009765625,10
13701,0.001953125,9
13702,0.0009765625,10
13703,0.0009765625,10
13704,0.0009765625,10
13705,0.0009765625,10
13706,0.001953125,9
13707,0.0009765625,10
13708,0.0009765625,10
13709,0.0009765625,10
13710,0.001953125,9
13711,0.0009765625,10
13712,0.0009765625,10
13713,0.0009765625,10
13714,0.001953125,9
13715,0.0009765625,10
13716,0.0009765625,10
13717,0.0009765625,10
13718,0.0009765625,10
13719,0.001953125,9
13720,0.0009765625,10
13721,0.0009765625,10
13722,0.0009765625,10
13723,0.001953125,9
13724,0.0009765625,10
13725,0.0009765625,10
13726,0.0009765625,10
13727,0.0009765625,10
13728,0.001953125,9
13729,0.0009765625,10
13730,0.0009765625,10
13731,0.0009765625,10
13732,0.001953125,9
13733,0.0009765625,10
13734,0.0009765625,10
13735,0.0009765625,10
13736,0.001953125,9
13737,0.0009765625,10
13738,0.0009765625,10
13739,0.0009765625,10
13740,0.0009765625,10
13741,0.001953125,9
13742,0.0009765625,10
13743,0.0009765625,10
13744,0.0009765625,10
13745,0.001953125,9
13746,0.0009765625,10
13747,0.0009765625,10
13748,0.0009765625,10
13749,0.001953125,9
13750,0.0009765625,10
13751,0.0009765625,10
13752,0.0009765625,10
13753,0.0009765625,10
13754,0.001953125,9
13755,0.0009765625,10
13756,0.0009765625,10
13757,0.0009765625,10
13758,0.001953125,9
13759,0.0009765625,10
13760,0.0009765625,10
13761,0.0009765625,10
13762,0.0009765625,10
13763,0.001953125,9
13764,0.0009765625,10
13765,0.0009765625,10
13766,0.0009765625,10
13767,0.001953125,9
13768,0.0009765625,10
13769,0.0009765625,10
13770,0.0009765625,10
13771,0.001953125,9
13772,0.0009765625,10
13773,0.0009765625,10
13774,0.0009765625,10
13775,0.0009765625,10
13776,0.001953125,9
13777,0.0009765625,10
13778,0.0009765625,10
13779,0.0009765625,10
13780,0.001953125,9
13781,0.0009765625,10
13782,0.0009765625,10
13783,0.0009765625,10
13784,0.001953125,9
13785,0.0009765625,10
13786,0.0009765625,10
13787,0.0009765625,10
13788,0.0009765625,10
13789,0.001953125,9
13790,0.0009765625,10
13791,0.0009765625,10
13792,0.0009765625,10
13793,0.001953125,9
13794,0.0009765625,10
13795,0.0009765625,10
13796,0.0009765625,10
13797,0.001953125,9
13798,0.0009765625,10
13799,0.0009765625,10
13800,0.0009765625,10
13801,0.0009765625,10
13802,0.001953125,9
13803,0.0009765625,10
13804,0.0009765625,10
13805,0.0009765625,10
13806,0.001953125,9
13807,0.0009765625,10
13808,0.0009765625,10
13809,0.0009765625,10
13810,0.0009765625,10
13811,0.001953125,9
13812,0.0009765625,10
13813,0.0009765625,10
13814,0.0009765625,10
13815,0.001953125,9
13816,0.0009765625,10
13817,0.0009765625,10
13818,0.0009765625,10
13819,0.001953125,9
13820,0.0009765625,10
13821,0.0009765625,10
13822,0.0009765625,10
13823,0.0009765625,10
13824,0.001953125,9
13825,0.0009765625,10
13826,0.0009765625,10
13827,0.0009765625,10
13828,0.001953125,9
13829,0.0009765625,10
13830,0.0009765625,10
13831,0.0009765625,10
13832,0.001953125,9
13833,0.0009765625,10
13834,0.0009765625,10
13835,0.0009765625,10
13836,0.0009765625,10
13837,0.001953125,9
13838,0.0009765625,10
13839,0.0009765625,10
13840,0.0009765625,10
13841,0.001953125,9
13842,0.0009765625,10
13843,0.0009765625,10
13844,0.0009765625,10
13845,0.0009765625,10
13846,0.001953125,9
13847,0.0009765625,10
13848,0.0009765625,10
13849,0.0009765625,10
13850,0.001953125,9
13851,0.0009765625,10
13852,0.0009765625,10
13853,0.0009765625,10
13854,0.001953125,9
13855,0.0009765625,10
13856,0.0009765625,10
13857,0.0009765625,10
13858,0.0009765625,10
13859,0.001953125,9
13860,0.0009765625,10
13861,0.0009765625,10
13862,0.0009765625,10
13863,0.001953125,9
13864,0.0009765625,10
13865,0.0009765625,10
13866,0.0009765625,10
13867,0.001953125,9
13868,0.0009765625,10
13869,0.0009765625,10
13870,0.0009765625,10
13871,0.0009765625,10
13872,0.001953125,9
13873,0.0009765625,10
13874,0.0009765625,10
13875,0.0009765625,10
13876,0.001953125,9
13877,0.0009765625,10
13878,0.0009765625,10
13879,0.0009765625,10
13880,0.001953125,9
13881,0.0009765625,10
13882,0.0009765625,10
13883,0.0009765625,10
13884,0.0009765625,10
13885,0.001953125,9
13886,0.0009765625,10
13887,0.0009765625,10
13888,0.0009765625,10
13889,0.001953125,9
13890,0.0009765625,10
13891,0.0009765625,10
13892,0.0009765625,10
13893,0.0009765625,10
13894,0.001953125,9
13895,0.0009765625,10
13896,0.0009765625,10
13897,0.0009765625,10
13898,0.001953125,9
13899,0.0009765625,10
13900,0.0009765625,10
13901,0.0009765625,10
13902,0.001953125,9
13903,0.0009765625,10
13904,0.0009765625,10
13905,0.0009765625,10
13906,0.0009765625,10
13907,0.001953125,9
13908,0.0009765625,10
13909,0.0009765625,10
13910,0.0009765625,10
13911,0.001953125,9
13912,0.0009765625,10
13913,0.0009765625,10
13914,0.0009765625,10
13915,0.001953125,9
13916,0.0009765625,10
13917,0.0009765625,10
13918,0.0009765625,10
13919,0.0009765625,10
13920,0.001953125,9
13921,0.0009765625,10
13922,0.0009765625,10
13923,0.0009765625,10
13924,0.001953125,9
13925,0.0009765625,10
13926,0.0009765625,10
13927,0.0009765625,10
13928,0.0009765625,10
13929,0.001953125,9
13930,0.0009765625,10
13931,0.0009765625,10
13932,0.0009765625,10
13933,0.001953125,9
13934,0.0009765625,10
13935,0.0009765625,10
13936,0.0009765625,10
13937,0.001953125,9
13938,0.0009765625,10
13939,0.0009765625,10
13940,0.0009765625,10
13941,0.0009765625,10
13942,0.001953125,9
13943,0.0009765625,10
13944,0.0009765625,10
13945,0.0009765625,10
13946,0.001953125,9
13947,0.0009765625,10
13948,0.0009765625,10
13949,0.0009765625,10
13950,0.001953125,9
13951,0.0009765625,10
13952,0.0009765625,10
13953,0.0009765625,10
13954,0.0009765625,10
13955,0.001953125,9
13956,0.0009765625,10
13957,0.0009765625,10
13958,0.0009765625,10
13959,0.001953125,9
13960,0.0009765625,10
13961,0.0009765625,10
13962,0.0009765625,10
13963,0.001953125,9
13964,0.0009765625,10
13965,0.0009765625,10
13966,0.0009765625,10
13967,0.0009765625,10
13968,0.001953125,9
13969,0.0009765625,10
13970,0.0009765625,10
13971,0.0009765625,10
13972,0.001953125,9
13973,0.0009765625,10
13974,0.0009765625,10
13975,0.0009765625,10
13976,0.0009765625,10
13977,0.001953125,9
13978,0.0009765625,10
13979,0.0009765625,10
13980,0.0009765625,10
13981,0.001953125,9
13982,0.0009765625,10
13983,0.0009765625,10
13984,0.0009765625,10
13985,0.001953125,9
13986,0.0009765625,10
13987,0.0009765625,10
13988,0.0009765625,10
13989,0.0009765625,10
13990,0.001953125,9
13991,0.0009765625,10
13992,0.0009765625,10
13993,0.0009765625,10
13994,0.001953125,9
13995,0.0009765625,10
13996,0.0009765625,10
13997,0.0009765625,10
13998,0.001953125,9
13999,0.0009765625,10
14000,0.0009765625,10
14001,0.0009765625,10
14002,0.0009765625,10
14003,0.001953125,9
14004,0.0009765625,10
14005,0.0009765625,10
14006,0.0009765625,10
14007,0.001953125,9
14008,0.0009765625,10
14009,0.0009765625,10
14010,0.0009765625,10
14011,0.0009765625,10
14012,0.001953125,9
14013,0.0009765625,10
14014,0.0009765625,10
14015,0.0009765625,10
14016,0.001953125,9
14017,0.0009765625,10
14018,0.0009765625,10
14019,0.0009765625,10
14020,0.001953125,9
14021,0.0009765625,10
14022,0.0009765625,10
14023,0.0009765625,10
14024,0.0009765625,10
14025,0.001953125,9
14026,0.0009765625,10
14027,0.0009765625,10
14028,0.0009765625,10
14029,0.001953125,9
14030,0.0009765625,10
14031,0.0009765625,10
14032,0.0009765625,10
14033,0.001953125,9
14034,0.0009765625,10
14035,0.0009765625,10
14036,0.0009765625,10
14037,0.0009765625,10
14038,0.001953125,9
14039,0.0009765625,10
14040,0.0009765625,10
14041,0.0009765625,10
14042,0.001953125,9
14043,0.0009765625,10
14044,0.0009765625,10
14045,0.0009765625,10
14046,0.001953125,9
14047,0.0009765625,10
14048,0.0009765625,10
14049,0.0009765625,10
14050,0.0009765625,10
14051,0.001953125,9
14052,0.0009765625,10
14053,0.0009765625,10
14054,0.0009765625,10
14055,0.001953125,9
14056,0.0009765625,10
14057,0.0009765625,10
14058,0.0009765625,10
14059,0.0009765625,10
14060,0.001953125,9
14061,0.0009765625,10
14062,0.0009765625,10
14063,0.0009765625,10
14064,0.001953125,9
14065,0.0009765625,10
14066,0.0009765625,10
14067,0.0009765625,10
14068,0.001953125,9
14069,0.0009765625,10
14070,0.0009765625,10
14071,0.0009765625,10
14072,0.0009765625,10
14073,0.001953125,9
14074,0.0009765625,10
14075,0.0009765625,10
14076,0.0009765625,10
14077,0.001953125,9
14078,0.0009765625,10
14079,0.0009765625,10
14080,0.0009765625,10
14081,0.001953125,9
14082,0.0009765625,10
14083,0.0009765625,10
14084,0.0009765625,10
14085,0.0009765625,10
14086,0.001953125,9
14087,0.0009765625,10
14088,0.0009765625,10
14089,0.0009765625,10
14090,0.001953125,9
14091,0.0009765625,10
14092,0.0009765625,10
14093,0.0009765625,10
14094,0.0009765625,10
14095,0.001953125,9
14096,0.0009765625,10
14097,0.0009765625,10
14098,0.0009765625,10
14099,0.001953125,9
14100,0.0009765625,10
14101,0.0009765625,10
14102,0.0009765625,10
14103,0.001953125,9
14104,0.0009765625,10
14105,0.0009765625,10
14106,0.0009765625,10
14107,0.0009765625,10
14108,0.001953125,9
14109,0.0009765625,10
14110,0.0009765625,10
14111,0.0009765625,10
14112,0.001953125,9
14113,0.0009765625,10
14114,0.0009765625,10
14115,0.0009765625,10
14116,0.001953125,9
14117,0.0009765625,10
14118,0.0009765625,10
14119,0.0009765625,10
14120,0.0009765625,10
14121,0.001953125,9
14122,0.0009765625,10
14123,0.0009765625,10
14124,0.0009765625,10
14125,0.001953125,9
14126,0.0009765625,10
14127,0.0009765625,10
14128,0.0009765625,10
14129,0.001953125,9
14130,0.0009765625,10
14131,0.0009765625,10
14132,0.0009765625,10
14133,0.0009765625,10
14134,0.001953125,9
14135,0.0009765625,10
14136,0.0009765625,10
14137,0.0009765625,10
14138,0.001953125,9
14139,0.0009765625,10
14140,0.0009765625,10
14141,0.0009765625,10
14142,0.0009765625,10
14143,0.001953125,9
14144,0.0009765625,10
14145,0.0009765625,10
14146,0.0009765625,10
14147,0.001953125,9
14148,0.0009765625,10
14149,0.0009765625,10
14150,0.0009765625,10
14151,0.001953125,9
14152,0.0009765625,10
14153,0.0009765625,10
14154,0.0009765625,10
14155,0.0009765625,10
14156,0.001953125,9
14157,0.0009765625,10
14158,0.0009765625,10
14159,0.0009765625,10
14160,0.001953125,9
14161,0.0009765625,10
14162,0.0009765625,10
14163,0.0009765625,10
14164,0.001953125,9
14165,0.0009765625,10
14166,0.0009765625,10
14167,0.0009765625,10
14168,0.0009765625,10
14169,0.001953125,9
14170,0.0009765625,10
14171,0.0009765625,10
14172,0.0009765625,10
14173,0.001953125,9
14174,0.0009765625,10
14175,0.0009765625,10
14176,0.0009765625,10
14177,0.0009765625,10
14178,0.001953125,9
14179,0.0009765625,10
14180,0.0009765625,10
14181,0.0009765625,10
14182,0.001953125,9
14183,0.0009765625,10
14184,0.0009765625,10
14185,0.0009765625,10
14186,0.001953125,9
14187,0.0009765625,10
14188,0.0009765625,10
14189,0.0009765625,10
14190,0.0009765625,10
14191,0.001953125,9
14192,0.0009765625,10
14193,0.0009765625,10
14194,0.0009765625,10
14195,0.001953125,9
14196,0.0009765625,10
14197,0.0009765625,10
14198,0.0009765625,10
14199,0.001953125,9
14200,0.0009765625,10
14201,0.0009765625,10
14202,0.0009765625,10
14203,0.0009765625,10
14204,0.001953125,9
14205,0.0009765625,10
14206,0.0009765625,10
14207,0.0009765625,10
14208,0.001953125,9
14209,0.0009765625,10
14210,0.0009765625,10
14211,0.0009765625,10
14212,0.001953125,9
14213,0.0009765625,10
14214,0.0009765625,10
14215,0.0009765625,10
14216,0.0009765625,10
14217,0.001953125,9
14218,0.0009765625,10
14219,0.0009765625,10
14220,0.0009765625,10
14221,0.001953125,9
14222,0.0009765625,10
14223,0.0009765625,10
14224,0.0009765625,10
14225,0.0009765625,10
14226,0.001953125,9
14227,0.0009765625,10
14228,0.0009765625,10
14229,0.0009765625,10
14230,0.001953125,9
14231,0.0009765625,10
14232,0.0009765625,10
14233,0.0009765625,10
14234,0.001953125,9
14235,0.0009765625,10
14236,0.0009765625,10
14237,0.0009765625,10
14238,0.0009765625,10
14239,0.001953125,9
14240,0.0009765625,10
14241,0.0009765625,10
14242,0.0009765625,10
14243,0.001953125,9
14244,0.0009765625,10
14245,0.0009765625,10
14246,0.0009765625,10
14247,0.001953125,9
14248,0.0009765625,10
14249,0.0009765625,10
14250,0.0009765625,10
14251,0.0009765625,10
14252,0.001953125,9
14253,0.0009765625,10
14254,0.0009765625,10
14255,0.0009765625,10
14256,0.001953125,9
14257,0.0009765625,10
14258,0.0009765625,10
14259,0.0009765625,10
14260,0.0009765625,10
14261,0.001953125,9
14262,0.0009765625,10
14263,0.0009765625,10
14264,0.0009765625,10
14265,0.001953125,9
14266,0.0009765625,10
14267,0.0009765625,10
14268,0.0009765625,10
14269,0.001953125,9
14270,0.0009765625,10
14271,0.0009765625,10
14272,0.0009765625,10
14273,0.0009765625,10
14274,0.001953125,9
14275,0.0009765625,10
14276,0.0009765625,10
14277,0.0009765625,10
14278,0.001953125,9
14279,0.0009765625,10
14280,0.0009765625,10
14281,0.0009765625,10
14282,0.001953125,9
14283,0.0009765625,10
14284,0.0009765625,10
14285,0.0009765625,10
14286,0.0009765625,10
14287,0.001953125,9
14288,0.0009765625,10
14289,0.0009765625,10
14290,0.0009765625,10
14291,0.001953125,9
14292,0.0009765625,10
14293,0.0009765625,10
14294,0.0009765625,10
14295,0.001953125,9
14296,0.0009765625,10
14297,0.0009765625,10
14298,0.0009765625,10
14299,0.0009765625,10
14300,0.001953125,9
14301,0.0009765625,10
14302,0.0009765625,10
14303,0.0009765625,10
14304,0.001953125,9
14305,0.0009765625,10
14306,0.0009765625,10
14307,0.0009765625,10
14308,0.0009765625,10
14309,0.001953125,9
14310,0.0009765625,10
14311,0.0009765625,10
14312,0.0009765625,10
14313,0.001953125,9
14314,0.0009765625,10
14315,0.0009765625,10
14316,0.0009765625,10
14317,0.001953125,9
14318,0.0009765625,10
14319,0.0009765625,10
14320,0.0009765625,10
14321,0.0009765625,10
14322,0.001953125,9
14323,0.0009765625,10
14324,0.0009765625,10
14325,0.0009765625,10
14326,0.001953125,9
14327,0.0009765625,10
14328,0.0009765625,10
14329,0.0009765625,10
14330,0.001953125,9
14331,0.0009765625,10
14332,0.0009765625,10
14333,0.0009765625,10
14334,0.0009765625,10
14335,0.001953125,9
14336,0.0009765625,10
14337,0.0009765625,10
14338,0.0009765625,10
14339,0.001953125,9
14340,0.0009765625,10
14341,0.0009765625,10
14342,0.0009765625,10
14343,0.0009765625,10
14344,0.001953125,9
14345,0.0009765625,10
14346,0.0009765625,10
14347,0.0009765625,10
14348,0.001953125,9
14349,0.0009765625,10
14350,0.0009765625,10
14351,0.0009765625,10
14352,0.001953125,9
14353,0.0009765625,10
14354,0.0009765625,10
14355,0.0009765625,10
14356,0.0009765625,10
14357,0.001953125,9
14358,0.0009765625,10
14359,0.0009765625,10
14360,0.0009765625,10
14361,0.001953125,9
14362,0.0009765625,10
14363,0.0009765625,10
14364,0.0009765625,10
14365,0.001953125,9
14366,0.0009765625,10
14367,0.0009765625,10
14368,0.0009765625,10
14369,0.0009765625,10
14370,0.001953125,9
14371,0.0009765625,10
14372,0.0009765625,10
14373,0.0009765625,10
14374,0.001953125,9
14375,0.0009765625,10
14376,0.0009765625,10
14377,0.0009765625,10
14378,0.001953125,9
14379,0.0009765625,10
14380,0.0009765625,10
14381,0.0009765625,10
14382,0.0009765625,10
14383,0.001953125,9
14384,0.0009765625,10
14385,0.0009765625,10
14386,0.0009765625,10
14387,0.001953125,9
14388,0.0009765625,10
14389,0.0009765625,10
14390,0.0009765625,10
14391,0.0009765625,10
14392,0.001953125,9
14393,0.0009765625,10
14394,0.0009765625,10
14395,0.0009765625,10
14396,0.001953125,9
14397,0.0009765625,10
14398,0.0009765625,10
14399,0.0009765625,10
14400,0.001953125,9
14401,0.0009765625,10
14402,0.0009765625,10
14403,0.0009765625,10
14404,0.0009765625,10
14405,0.001953125,9
14406,0.0009765625,10
14407,0.0009765625,10
14408,0.0009765625,10
14409,0.001953125,9
14410,0.0009765625,10
14411,0.0009765625,10
14412,0.0009765625,10
14413,0.001953125,9
14414,0.0009765625,10
14415,0.0009765625,10
14416,0.0009765625,10
14417,0.0009765625,10
14418,0.001953125,9
14419,0.0009765625,10
14420,0.0009765625,10
14421,0.0009765625,10
14422,0.001953125,9
14423,0.0009765625,10
14424,0.0009765625,10
14425,0.0009765625,10
14426,0.0009765625,10
14427,0.001953125,9
14428,0.0009765625,10
14429,0.0009765625,10
14430,0.0009765625,10
14431,0.001953125,9
14432,0.0009765625,10
14433,0.0009765625,10
14434,0.0009765625,10
14435,0.001953125,9
14436,0.0009765625,10
14437,0.0009765625,10
14438,0.0009765625,10
14439,0.0009765625,10
14440,0.001953125,9
14441,0.0009765625,10
14442,0.0009765625,10
14443,0.0009765625,10
14444,0.001953125,9
14445,0.0009765625,10
14446,0.0009765625,10
14447,0.0009765625,10
14448,0.001953125,9
14449,0.0009765625,10
14450,0.0009765625,10
14451,0.0009765625,10
14452,0.0009765625,10
14453,0.001953125,9
14454,0.0009765625,10
14455,0.0009765625,10
14456,0.0009765625,10
14457,0.001953125,9
14458,0.0009765625,10
14459,0.0009765625,10
14460,0.0009765625,10
14461,0.001953125,9
14462,0.0009765625,10
14463,0.0009765625,10
14464,0.0009765625,10
14465,0.0009765625,10
14466,0.001953125,9
14467,0.0009765625,10
14468,0.0009765625,10
14469,0.0009765625,10
14470,0.001953125,9
14471,0.0009765625,10
14472,0.0009765625,10
14473,0.0009765625,10
14474,0.0009765625,10
14475,0.001953125,9
14476,0.0009765625,10
14477,0.0009765625,10
14478,0.0009765625,10
14479,0.001953125,9
14480,0.0009765625,10
14481,0.0009765625,10
14482,0.0009765625,10
14483,0.001953125,9
14484,0.0009765625,10
14485,0.0009765625,10
14486,0.0009765625,10
14487,0.0009765625,10
14488,0.001953125,9
14489,0.0009765625,10
14490,0.0009765625,10
14491,0.0009765625,10
14492,0.001953125,9
14493,0.0009765625,10
14494,0.0009765625,10
14495,0.0009765625,10
14496,0.001953125,9
14497,0.0009765625,10
14498,0.0009765625,10
14499,0.0009765625,10
14500,0.0009765625,10
14501,0.001953125,9
14502,0.0009765625,10
14503,0.0009765625,10
14504,0.0009765625,10
14505,0.001953125,9
14506,0.0009765625,10
14507,0.0009765625,10
14508,0.0009765625,10
14509,0.0009765625,10
14510,0.001953125,9
14511,0.0009765625,10
14512,0.0009765625,10
14513,0.0009765625,10
14514,0.001953125,9
14515,0.0009765625,10
14516,0.0009765625,10
14517,0.0009765625,10
14518,0.001953125,9
14519,0.0009765625,10
14520,0.0009765625,10
14521,0.0009765625,10
14522,0.0009765625,10
14523,0.001953125,9
14524,0.0009765625,10
14525,0.0009765625,10
14526,0.0009765625,10
14527,0.001953125,9
14528,0.0009765625,10
14529,0.0009765625,10
14530,0.0009765625,10
14531,0.001953125,9
14532,0.0009765625,10
14533,0.0009765625,10
14534,0.0009765625,10
14535,0.0009765625,10
14536,0.001953125,9
14537,0.0009765625,10
14538,0.0009765625,10
14539,0.0009765625,10
14540,0.001953125,9
14541,0.0009765625,10
14542,0.0009765625,10
14543,0.0009765625,10
14544,0.001953125,9
14545,0.0009765625,10
14546,0.0009765625,10
14547,0.0009765625,10
14548,0.0009765625,10
14549,0.001953125,9
14550,0.0009765625,10
14551,0.0009765625,10
14552,0.0009765625,10
14553,0.001953125,9
14554,0.0009765625,10
14555,0.0009765625,10
14556,0.0009765625,10
14557,0.0009765625,10
14558,0.001953125,9
14559,0.0009765625,10
14560,0.0009765625,10
14561,0.0009765625,10
14562,0.001953125,9
14563,0.0009765625,10
14564,0.0009765625,10
14565,0.0009765625,10
14566,0.001953125,9
14567,0.0009765625,10
14568,0.0009765625,10
14569,0.0009765625,10
14570,0.0009765625,10
14571,0.001953125,9
14572,0.0009765625,10
14573,0.0009765625,10
14574,0.0009765625,10
14575,0.001953125,9
14576,0.0009765625,10
14577,0.0009765625,10
14578,0.0009765625,10
14579,0.001953125,9
14580,0.0009765625,10
14581,0.0009765625,10
14582,0.0009765625,10
14583,0.0009765625,10
14584,0.001953125,9
14585,0.0009765625,10
14586,0.0009765625,10
14587,0.0009765625,10
14588,0.001953125,9
14589,0.0009765625,10
14590,0.0009765625,10
14591,0.0009765625,10
14592,0.0009765625,10
14593,0.001953125,9
14594,0.0009765625,10
14595,0.0009765625,10
14596,0.0009765625,10
14597,0.001953125,9
14598,0.0009765625,10
14599,0.0009765625,10
14600,0.0009765625,10
14601,0.001953125,9
14602,0.0009765625,10
14603,0.0009765625,10
14604,0.0009765625,10
14605,0.0009765625,10
14606,0.001953125,9
14607,0.0009765625,10
14608,0.0009765625,10
14609,0.0009765625,10
14610,0.001953125,9
14611,0.0009765625,10
14612,0.0009765625,10
14613,0.0009765625,10
14614,0.001953125,9
14615,0.0009765625,10
14616,0.0009765625,10
14617,0.0009765625,10
14618,0.0009765625,10
14619,0.001953125,9
14620,0.0009765625,10
14621,0.0009765625,10
14622,0.0009765625,10
14623,0.001953125,9
14624,0.0009765625,10
14625,0.0009765625,10
14626,0.0009765625,10
14627,0.001953125,9
14628,0.0009765625,10
14629,0.0009765625,10
14630,0.0009765625,10
14631,0.0009765625,10
14632,0.001953125,9
14633,0.0009765625,10
14634,0.0009765625,10
14635,0.0009765625,10
14636,0.001953125,9
14637,0.0009765625,10
14638,0.0009765625,10
14639,0.0009765625,10
14640,0.0009765625,10
14641,0.001953125,9
14642,0.0009765625,10
14643,0.0009765625,10
14644,0.0009765625,10
14645,0.001953125,9
14646,0.0009765625,10
14647,0.0009765625,10
14648,0.0009765625,10
14649,0.001953125,9
14650,0.0009765625,10
14651,0.0009765625,10
14652,0.0009765625,10
14653,0.0009765625,10
14654,0.001953125,9
14655,0.0009765625,10
14656,0.0009765625,10
14657,0.0009765625,10
14658,0.001953125,9
14659,0.0009765625,10
14660,0.0009765625,10
14661,0.0009765625,10
14662,0.001953125,9
14663,0.0009765625,10
14664,0.0009765625,10
14665,0.0009765625,10
14666,0.0009765625,10
14667,0.001953125,9
14668,0.0009765625,10
14669,0.0009765625,10
14670,0.0009765625,10
14671,0.001953125,9
14672,0.0009765625,10
14673,0.0009765625,10
14674,0.0009765625,10
14675,0.0009765625,10
14676,0.001953125,9
14677,0.0009765625,10
14678,0.0009765625,10
14679,0.0009765625,10
14680,0.001953125,9
14681,0.0009765625,10
14682,0.0009765625,10
14683,0.0009765625,10
14684,0.001953125,9
14685,0.0009765625,10
14686,0.0009765625,10
14687,0.0009765625,10
14688,0.0009765625,10
14689,0.001953125,9
14690,0.0009765625,10
14691,0.0009765625,10
14692,0.0009765625,10
14693,0.001953125,9
14694,0.0009765625,10
14695,0.0009765625,10
14696,0.0009765625,10
14697,0.001953125,9
14698,0.0009765625,10
14699,0.0009765625,10
14700,0.0009765625,10
14701,0.0009765625,10
14702,0.001953125,9
14703,0.0009765625,10
14704,0.0009765625,10
14705,0.0009765625,10
14706,0.001953125,9
14707,0.0009765625,10
14708,0.0009765625,10
14709,0.0009765625,10
14710,0.001953125,9
14711,0.0009765625,10
14712,0.0009765625,10
14713,0.0009765625,10
14714,0.0009765625,10
14715,0.001953125,9
14716,0.0009765625,10
14717,0.0009765625,10
14718,0.0009765625,10
14719,0.001953125,9
14720,0.0009765625,10
14721,0.0009765625,10
14722,0.0009765625,10
14723,0.0009765625,10
14724,0.001953125,9
14725,0.0009765625,10
14726,0.0009765625,10
14727,0.0009765625,10
14728,0.001953125,9
14729,0.0009765625,10
14730,0.0009765625,10
14731,0.0009765625,10
14732,0.001953125,9
14733,0.0009765625,10
14734,0.0009765625,10
14735,0.0009765625,10
14736,0.0009765625,10
14737,0.001953125,9
14738,0.0009765625,10
14739,0.0009765625,10
14740,0.0009765625,10
14741,0.001953125,9
14742,0.0009765625,10
14743,0.0009765625,10
14744,0.0009765625,10
14745,0.001953125,9
14746,0.0009765625,10
14747,0.0009765625,10
14748,0.0009765625,10
14749,0.0009765625,10
14750,0.001953125,9
14751,0.0009765625,10
14752,0.0009765625,10
14753,0.0009765625,10
14754,0.001953125,9
14755,0.0009765625,10
14756,0.0009765625,10
14757,0.0009765625,10
14758,0.0009765625,10
14759,0.001953125,9
14760,0.0009765625,10
14761,0.0009765625,10
14762,0.0009765625,10
14763,0.001953125,9
14764,0.0009765625,10
14765,0.0009765625,10
14766,0.0009765625,10
14767,0.001953125,9
14768,0.0009765625,10
14769,0.0009765625,10
14770,0.0009765625,10
14771,0.0009765625,10
14772,0.001953125,9
14773,0.0009765625,10
14774,0.0009765625,10
14775,0.0009765625,10
14776,0.001953125,9
14777,0.0009765625,10
14778,0.0009765625,10
14779,0.0009765625,10
14780,0.001953125,9
14781,0.0009765625,10
14782,0.0009765625,10
14783,0.0009765625,10
14784,0.0009765625,10
14785,0.001953125,9
14786,0.0009765625,10
14787,0.0009765625,10
14788,0.0009765625,10
14789,0.001953125,9
14790,0.0009765625,10
14791,0.0009765625,10
14792,0.0009765625,10
14793,0.001953125,9
14794,0.0009765625,10
14795,0.0009765625,10
14796,0.0009765625,10
14797,0.0009765625,10
14798,0.001953125,9
14799,0.0009765625,10
14800,0.0009765625,10
14801,0.0009765625,10
14802,0.001953125,9
14803,0.0009765625,10
14804,0.0009765625,10
14805,0.0009765625,10
14806,0.0009765625,10
14807,0.001953125,9
14808,0.0009765625,10
14809,0.0009765625,10
14810,0.0009765625,10
14811,0.001953125,9
14812,0.0009765625,10
14813,0.0009765625,10
14814,0.0009765625,10
14815,0.001953125,9
14816,0.0009765625,10
14817,0.0009765625,10
14818,0.0009765625,10
14819,0.0009765625,10
14820,0.001953125,9
14821,0.0009765625,10
14822,0.0009765625,10
14823,0.0009765625,10
14824,0.001953125,9
14825,0.0009765625,10
14826,0.0009765625,10
14827,0.0009765625,10
14828,0.001953125,9
14829,0.0009765625,10
14830,0.0009765625,10
14831,0.0009765625,10
14832,0.0009765625,10
14833,0.001953125,9
14834,0.0009765625,10
14835,0.0009765625,10
14836,0.0009765625,10
14837,0.001953125,9
14838,0.0009765625,10
14839,0.0009765625,10
14840,0.0009765625,10
14841,0.0009765625,10
14842,0.001953125,9
14843,0.0009765625,10
14844,0.0009765625,10
14845,0.0009765625,10
14846,0.001953125,9
14847,0.0009765625,10
14848,0.0009765625,10
14849,0.0009765625,10
14850,0.001953125,9
14851,0.0009765625,10
14852,0.0009765625,10
14853,0.0009765625,10
14854,0.0009765625,10
14855,0.001953125,9
14856,0.0009765625,10
14857,0.0009765625,10
14858,0.0009765625,10
14859,0.001953125,9
14860,0.0009765625,10
14861,0.0009765625,10
14862,0.0009765625,10
14863,0.001953125,9
14864,0.0009765625,10
14865,0.0009765625,10
14866,0.0009765625,10
14867,0.0009765625,10
14868,0.001953125,9
14869,0.0009765625,10
14870,0.0009765625,10
14871,0.0009765625,10
14872,0.001953125,9
14873,0.0009765625,10
14874,0.0009765625,10
14875,0.0009765625,10
14876,0.001953125,9
14877,0.0009765625,10
14878,0.0009765625,10
14879,0.0009765625,10
14880,0.0009765625,10
14881,0.001953125,9
14882,0.0009765625,10
14883,0.0009765625,10
14884,0.0009765625,10
14885,0.001953125,9
14886,0.0009765625,10
14887,0.0009765625,10
14888,0.0009765625,10
14889,0.0009765625,10
14890,0.001953125,9
14891,0.0009765625,10
14892,0.0009765625,10
14893,0.0009765625,10
14894,0.001953125,9
14895,0.0009765625,10
14896,0.0009765625,10
14897,0.0009765625,10
14898,0.001953125,9
14899,0.0009765625,10
14900,0.0009765625,10
14901,0.0009765625,10
14902,0.0009765625,10
14903,0.001953125,9
14904,0.0009765625,10
14905,0.0009765625,10
14906,0.0009765625,10
14907,0.001953125,9
14908,0.0009765625,10
14909,0.0009765625,10
14910,0.0009765625,10
14911,0.001953125,9
14912,0.0009765625,10
14913,0.0009765625,10
14914,0.0009765625,10
14915,0.0009765625,10
14916,0.001953125,9
14917,0.0009765625,10
14918,0.0009765625,10
14919,0.0009765625,10
14920,0.001953125,9
14921,0.0009765625,10
14922,0.0009765625,10
14923,0.0009765625,10
14924,0.0009765625,10
14925,0.001953125,9
14926,0.0009765625,10
14927,0.0009765625,10
14928,0.0009765625,10
14929,0.001953125,9
14930,0.0009765625,10
14931,0.0009765625,10
14932,0.0009765625,10
14933,0.001953125,9
14934,0.0009765625,10
14935,0.0009765625,10
14936,0.0009765625,10
14937,0.0009765625,10
14938,0.001953125,9
14939,0.0009765625,10
14940,0.0009765625,10
14941,0.0009765625,10
14942,0.001953125,9
14943,0.0009765625,10
14944,0.0009765625,10
14945,0.0009765625,10
14946,0.001953125,9
14947,0.0009765625,10
14948,0.0009765625,10
14949,0.0009765625,10
14950,0.0009765625,10
14951,0.001953125,9
14952,0.0009765625,10
14953,0.0009765625,10
14954,0.0009765625,10
14955,0.001953125,9
14956,0.0009765625,10
14957,0.0009765625,10
14958,0.0009765625,10
14959,0.001953125,9
14960,0.0009765625,10
14961,0.0009765625,10
14962,0.0009765625,10
14963,0.0009765625,10
14964,0.001953125,9
14965,0.0009765625,10
14966,0.0009765625,10
14967,0.0009765625,10
14968,0.001953125,9
14969,0.0009765625,10
14970,0.0009765625,10
14971,0.0009765625,10
14972,0.0009765625,10
14973,0.001953125,9
14974,0.0009765625,10
14975,0.0009765625,10
14976,0.0009765625,10
14977,0.001953125,9
14978,0.0009765625,10
14979,0.0009765625,10
14980,0.0009765625,10
14981,0.001953125,9
14982,0.0009765625,10
14983,0.0009765625,10
14984,0.0009765625,10
14985,0.0009765625,10
14986,0.001953125,9
14987,0.0009765625,10
14988,0.0009765625,10
14989,0.0009765625,10
14990,0.001953125,9
14991,0.0009765625,10
14992,0.0009765625,10
14993,0.0009765625,10
14994,0.001953125,9
14995,0.0009765625,10
14996,0.0009765625,10
14997,0.0009765625,10
14998,0.0009765625,10
14999,0.001953125,9
15000,0.0009765625,10
15001,0.0009765625,10
15002,0.0009765625,10
15003,0.001953125,9
15004,0.0009765625,10
15005,0.0009765625,10
15006,0.0009765625,10
15007,0.0009765625,10
15008,0.001953125,9
15009,0.0009765625,10
15010,0.0009765625,10
15011,0.0009765625,10
15012,0.001953125,9
15013,0.0009765625,10
15014,0.0009765625,10
15015,0.0009765625,10
15016,0.001953125,9
15017,0.0009765625,10
15018,0.0009765625,10
15019,0.0009765625,10
15020,0.0009765625,10
15021,0.001953125,9
15022,0.0009765625,10
15023,0.0009765625,10
15024,0.0009765625,10
15025,0.001953125,9
15026,0.0009765625,10
15027,0.0009765625,10
15028,0.0009765625,10
15029,0.001953125,9
15030,0.0009765625,10
15031,0.0009765625,10
15032,0.0009765625,10
15033,0.0009765625,10
15034,0.001953125,9
15035,0.0009765625,10
15036,0.0009765625,10
15037,0.0009765625,10
15038,0.001953125,9
15039,0.0009765625,10
15040,0.0009765625,10
15041,0.0009765625,10
15042,0.001953125,9
15043,0.0009765625,10
15044,0.0009765625,10
15045,0.0009765625,10
15046,0.0009765625,10
15047,0.001953125,9
15048,0.0009765625,10
15049,0.0009765625,10
15050,0.0009765625,10
15051,0.001953125,9
15052,0.0009765625,10
15053,0.0009765625,10
15054,0.0009765625,10
15055,0.0009765625,10
15056,0.001953125,9
15057,0.0009765625,10
15058,0.0009765625,10
15059,0.0009765625,10
15060,0.001953125,9
15061,0.0009765625,10
15062,0.0009765625,10
15063,0.0009765625,10
15064,0.001953125,9
15065,0.0009765625,10
15066,0.0009765625,10
15067,0.0009765625,10
15068,0.0009765625,10
15069,0.001953125,9
15070,0.0009765625,10
15071,0.0009765625,10
15072,0.0009765625,10
15073,0.001953125,9
15074,0.0009765625,10
15075,0.0009765625,10
15076,0.0009765625,10
15077,0.001953125,9
15078,0.0009765625,10
15079,0.0009765625,10
15080,0.0009765625,10
15081,0.0009765625,10
15082,0.001953125,9
15083,0.0009765625,10
15084,0.0009765625,10
15085,0.0009765625,10
15086,0.001953125,9
15087,0.0009765625,10
15088,0.0009765625,10
15089,0.0009765625,10
15090,0.0009765625,10
15091,0.001953125,9
15092,0.0009765625,10
15093,0.0009765625,10
15094,0.0009765625,10
15095,0.001953125,9
15096,0.0009765625,10
15097,0.0009765625,10
15098,0.0009765625,10
15099,0.001953125,9
15100,0.0009765625,10
15101,0.0009765625,10
15102,0.0009765625,10
15103,0.0009765625,10
15104,0.001953125,9
15105,0.0009765625,10
15106,0.0009765625,10
15107,0.0009765625,10
15108,0.001953125,9
15109,0.0009765625,10
15110,0.0009765625,10
15111,0.0009765625,10
15112,0.001953125,9
15113,0.0009765625,10
15114,0.0009765625,10
15115,0.0009765625,10
15116,0.0009765625,10
15117,0.001953125,9
15118,0.0009765625,10
15119,0.0009765625,10
15120,0.0009765625,10
15121,0.001953125,9
15122,0.0009765625,10
15123,0.0009765625,10
15124,0.0009765625,10
15125,0.001953125,9
15126,0.0009765625,10
15127,0.0009765625,10
15128,0.0009765625,10
15129,0.0009765625,10
15130,0.001953125,9
15131,0.0009765625,10
15132,0.0009765625,10
15133,0.0009765625,10
15134,0.001953125,9
15135,0.0009765625,10
15136,0.0009765625,10
15137,0.0009765625,10
15138,0.0009765625,10
15139,0.001953125,9
15140,0.0009765625,10
15141,0.0009765625,10
15142,0.0009765625,10
15143,0.001953125,9
15144,0.0009765625,10
15145,0.0009765625,10
15146,0.0009765625,10
15147,0.001953125,9
15148,0.0009765625,10
15149,0.0009765625,10
15150,0.0009765625,10
15151,0.0009765625,10
15152,0.001953125,9
15153,0.0009765625,10
15154,0.0009765625,10
15155,0.0009765625,10
15156,0.001953125,9
15157,0.0009765625,10
15158,0.0009765625,10
15159,0.0009765625,10
15160,0.001953125,9
15161,0.0009765625,10
15162,0.0009765625,10
15163,0.0009765625,10
15164,0.0009765625,10
15165,0.001953125,9
15166,0.0009765625,10
15167,0.0009765625,10
15168,0.0009765625,10
15169,0.001953125,9
15170,0.0009765625,10
15171,0.0009765625,10
15172,0.0009765625,10
15173,0.0009765625,10
15174,0.001953125,9
15175,0.0009765625,10
15176,0.0009765625,10
15177,0.0009765625,10
15178,0.001953125,9
15179,0.0009765625,10
15180,0.0009765625,10
15181,0.0009765625,10
15182,0.001953125,9
15183,0.0009765625,10
15184,0.0009765625,10
15185,0.0009765625,10
15186,0.0009765625,10
15187,0.001953125,9
15188,0.0009765625,10
15189,0.0009765625,10
15190,0.0009765625,10
15191,0.001953125,9
15192,0.0009765625,10
15193,0.0009765625,10
15194,0.0009765625,10
15195,0.001953125,9
15196,0.0009765625,10
15197,0.0009765625,10
15198,0.0009765625,10
15199,0.0009765625,10
15200,0.001953125,9
15201,0.0009765625,10
15202,0.0009765625,10
15203,0.0009765625,10
15204,0.001953125,9
15205,0.0009765625,10
15206,0.0009765625,10
15207,0.0009765625,10
15208,0.001953125,9
15209,0.0009765625,10
15210,0.0009765625,10
15211,0.0009765625,10
15212,0.0009765625,10
15213,0.001953125,9
15214,0.0009765625,10
15215,0.0009765625,10
15216,0.0009765625,10
15217,0.001953125,9
15218,0.0009765625,10
15219,0.0009765625,10
15220,0.0009765625,10
15221,0.0009765625,10
15222,0.001953125,9
15223,0.0009765625,10
15224,0.0009765625,10
15225,0.0009765625,10
15226,0.001953125,9
15227,0.0009765625,10
15228,0.0009765625,10
15229,0.0009765625,10
15230,0.001953125,9
15231,0.0009765625,10
15232,0.0009765625,10
15233,0.0009765625,10
15234,0.0009765625,10
15235,0.001953125,9
15236,0.0009765625,10
15237,0.0009765625,10
15238,0.0009765625,10
15239,0.001953125,9
15240,0.0009765625,10
15241,0.0009765625,10
15242,0.0009765625,10
15243,0.001953125,9
15244,0.0009765625,10
15245,0.0009765625,10
15246,0.0009765625,10
15247,0.0009765625,10
15248,0.001953125,9
15249,0.0009765625,10
15250,0.0009765625,10
15251,0.0009765625,10
15252,0.001953125,9
15253,0.0009765625,10
15254,0.0009765625,10
15255,0.0009765625,10
15256,0.0009765625,10
15257,0.001953125,9
15258,0.0009765625,10
15259,0.0009765625,10
15260,0.0009765625,10
15261,0.001953125,9
15262,0.0009765625,10
15263,0.0009765625,10
15264,0.0009765625,10
15265,0.001953125,9
15266,0.0009765625,10
15267,0.0009765625,10
15268,0.0009765625,10
15269,0.0009765625,10
15270,0.001953125,9
15271,0.0009765625,10
15272,0.0009765625,10
15273,0.0009765625,10
15274,0.001953125,9
15275,0.0009765625,10
15276,0.0009765625,10
15277,0.0009765625,10
15278,0.001953125,9
15279,0.0009765625,10
15280,0.0009765625,10
15281,0.0009765625,10
15282,0.0009765625,10
15283,0.001953125,9
15284,0.0009765625,10
15285,0.0009765625,10
15286,0.0009765625,10
15287,0.001953125,9
15288,0.0009765625,10
15289,0.0009765625,10
15290,0.0009765625,10
15291,0.001953125,9
15292,0.0009765625,10
15293,0.0009765625,10
15294,0.0009765625,10
15295,0.0009765625,10
15296,0.001953125,9
15297,0.0009765625,10
15298,0.0009765625,10
15299,0.0009765625,10
15300,0.001953125,9
15301,0.0009765625,10
15302,0.0009765625,10
15303,0.0009765625,10
15304,0.0009765625,10
15305,0.001953125,9
15306,0.0009765625,10
15307,0.0009765625,10
15308,0.0009765625,10
15309,0.001953125,9
15310,0.0009765625,10
15311,0.0009765625,10
15312,0.0009765625,10
15313,0.001953125,9
15314,0.0009765625,10
15315,0.0009765625,10
15316,0.0009765625,10
15317,0.0009765625,10
15318,0.001953125,9
15319,0.0009765625,10
15320,0.0009765625,10
15321,0.0009765625,10
15322,0.001953125,9
15323,0.0009765625,10
15324,0.0009765625,10
15325,0.0009765625,10
15326,0.001953125,9
15327,0.0009765625,10
15328,0.0009765625,10
15329,0.0009765625,10
15330,0.0009765625,10
15331,0.001953125,9
15332,0.0009765625,10
15333,0.0009765625,10
15334,0.0009765625,10
15335,0.001953125,9
15336,0.0009765625,10
15337,0.0009765625,10
15338,0.0009765625,10
15339,0.0009765625,10
15340,0.001953125,9
15341,0.0009765625,10
15342,0.0009765625,10
15343,0.0009765625,10
15344,0.001953125,9
15345,0.0009765625,10
15346,0.0009765625,10
15347,0.0009765625,10
15348,0.001953125,9
15349,0.0009765625,10
15350,0.0009765625,10
15351,0.0009765625,10
15352,0.0009765625,10
15353,0.001953125,9
15354,0.0009765625,10
15355,0.0009765625,10
15356,0.0009765625,10
15357,0.001953125,9
15358,0.0009765625,10
15359,0.0009765625,10
15360,0.0009765625,10
15361,0.001953125,9
15362,0.0009765625,10
15363,0.0009765625,10
15364,0.0009765625,10
15365,0.0009765625,10
15366,0.001953125,9
15367,0.0009765625,10
15368,0.0009765625,10
15369,0.0009765625,10
15370,0.001953125,9
15371,0.0009765625,10
15372,0.0009765625,10
15373,0.0009765625,10
15374,0.001953125,9
15375,0.0009765625,10
15376,0.0009765625,10
15377,0.0009765625,10
15378,0.0009765625,10
15379,0.001953125,9
15380,0.0009765625,10
15381,0.0009765625,10
15382,0.0009765625,10
15383,0.001953125,9
15384,0.0009765625,10
15385,0.0009765625,10
15386,0.0009765625,10
15387,0.0009765625,10
15388,0.001953125,9
15389,0.0009765625,10
15390,0.0009765625,10
15391,0.0009765625,10
15392,0.001953125,9
15393,0.0009765625,10
15394,0.0009765625,10
15395,0.0009765625,10
15396,0.001953125,9
15397,0.0009765625,10
15398,0.0009765625,10
15399,0.0009765625,10
15400,0.0009765625,10
15401,0.001953125,9
15402,0.0009765625,10
15403,0.0009765625,10
15404,0.0009765625,10
15405,0.001953125,9
15406,0.0009765625,10
15407,0.0009765625,10
15408,0.0009765625,10
15409,0.001953125,9
15410,0.0009765625,10
15411,0.0009765625,10
15412,0.0009765625,10
15413,0.0009765625,10
15414,0.001953125,9
15415,0.0009765625,10
15416,0.0009765625,10
15417,0.0009765625,10
15418,0.001953125,9
15419,0.0009765625,10
15420,0.0009765625,10
15421,0.0009765625,10
15422,0.0009765625,10
15423,0.001953125,9
15424,0.0009765625,10
15425,0.0009765625,10
15426,0.0009765625,10
15427,0.001953125,9
15428,0.0009765625,10
15429,0.0009765625,10
15430,0.0009765625,10
15431,0.001953125,9
15432,0.0009765625,10
15433,0.0009765625,10
15434,0.0009765625,10
15435,0.0009765625,10
15436,0.001953125,9
15437,0.0009765625,10
15438,0.0009765625,10
15439,0.0009765625,10
15440,0.001953125,9
15441,0.0009765625,10
15442,0.0009765625,10
15443,0.0009765625,10
15444,0.001953125,9
15445,0.0009765625,10
15446,0.0009765625,10
15447,0.0009765625,10
15448,0.0009765625,10
15449,0.001953125,9
15450,0.0009765625,10
15451,0.0009765625,10
15452,0.0009765625,10
15453,0.001953125,9
15454,0.0009765625,10
15455,0.0009765625,10
15456,0.0009765625,10
15457,0.001953125,9
15458,0.0009765625,10
15459,0.0009765625,10
15460,0.0009765625,10
15461,0.0009765625,10
15462,0.001953125,9
15463,0.0009765625,10
15464,0.0009765625,10
15465,0.0009765625,10
15466,0.001953125,9
15467,0.0009765625,10
15468,0.0009765625,10
15469,0.0009765625,10
15470,0.0009765625,10
15471,0.001953125,9
15472,0.0009765625,10
15473,0.0009765625,10
15474,0.0009765625,10
15475,0.001953125,9
15476,0.0009765625,10
15477,0.0009765625,10
15478,0.0009765625,10
15479,0.001953125,9
15480,0.0009765625,10
15481,0.0009765625,10
15482,0.0009765625,10
15483,0.0009765625,10
15484,0.001953125,9
15485,0.0009765625,10
15486,0.0009765625,10
15487,0.0009765625,10
15488,0.001953125,9
15489,0.0009765625,10
15490,0.0009765625,10
15491,0.0009765625,10
15492,0.001953125,9
15493,0.0009765625,10
15494,0.0009765625,10
15495,0.0009765625,10
15496,0.0009765625,10
15497,0.001953125,9
15498,0.0009765625,10
15499,0.0009765625,10
15500,0.0009765625,10
15501,0.001953125,9
15502,0.0009765625,10
15503,0.0009765625,10
15504,0.0009765625,10
15505,0.0009765625,10
15506,0.001953125,9
15507,0.0009765625,10
15508,0.0009765625,10
15509,0.0009765625,10
15510,0.001953125,9
15511,0.0009765625,10
15512,0.0009765625,10
15513,0.0009765625,10
15514,0.001953125,9
15515,0.0009765625,10
15516,0.0009765625,10
15517,0.0009765625,10
15518,0.0009765625,10
15519,0.001953125,9
15520,0.0009765625,10
15521,0.0009765625,10
15522,0.0009765625,10
15523,0.001953125,9
15524,0.0009765625,10
15525,0.0009765625,10
15526,0.0009765625,10
15527,0.001953125,9
15528,0.0009765625,10
15529,0.0009765625,10
15530,0.0009765625,10
15531,0.0009765625,10
15532,0.001953125,9
15533,0.0009765625,10
15534,0.0009765625,10
15535,0.0009765625,10
15536,0.001953125,9
15537,0.0009765625,10
15538,0.0009765625,10
15539,0.0009765625,10
15540,0.001953125,9
15541,0.0009765625,10
15542,0.0009765625,10
15543,0.0009765625,10
15544,0.0009765625,10
15545,0.001953125,9
15546,0.0009765625,10
15547,0.0009765625,10
15548,0.0009765625,10
15549,0.001953125,9
15550,0.0009765625,10
15551,0.0009765625,10
15552,0.0009765625,10
15553,0.0009765625,10
15554,0.001953125,9
15555,0.0009765625,10
15556,0.0009765625,10
15557,0.0009765625,10
15558,0.001953125,9
15559,0.0009765625,10
15560,0.0009765625,10
15561,0.0009765625,10
15562,0.001953125,9
15563,0.0009765625,10
15564,0.0009765625,10
15565,0.0009765625,10
15566,0.0009765625,10
15567,0.001953125,9
15568,0.0009765625,10
15569,0.0009765625,10
15570,0.0009765625,10
15571,0.001953125,9
15572,0.0009765625,10
15573,0.0009765625,10
15574,0.0009765625,10
15575,0.001953125,9
15576,0.0009765625,10
15577,0.0009765625,10
15578,0.0009765625,10
15579,0.0009765625,10
15580,0.001953125,9
15581,0.0009765625,10
15582,0.0009765625,10
15583,0.0009765625,10
15584,0.001953125,9
15585,0.0009765625,10
15586,0.0009765625,10
15587,0.0009765625,10
15588,0.0009765625,10
15589,0.001953125,9
15590,0.0009765625,10
15591,0.0009765625,10
15592,0.0009765625,10
15593,0.001953125,9
15594,0.0009765625,10
15595,0.0009765625,10
15596,0.0009765625,10
15597,0.001953125,9
15598,0.0009765625,10
15599,0.0009765625,10
15600,0.0009765625,10
15601,0.0009765625,10
15602,0.001953125,9
15603,0.0009765625,10
15604,0.0009765625,10
15605,0.0009765625,10
15606,0.001953125,9
15607,0.0009765625,10
15608,0.0009765625,10
15609,0.0009765625,10
15610,0.001953125,9
15611,0.0009765625,10
15612,0.0009765625,10
15613,0.0009765625,10
15614,0.0009765625,10
15615,0.001953125,9
15616,0.0009765625,10
15617,0.0009765625,10
15618,0.0009765625,10
15619,0.001953125,9
15620,0.0009765625,10
15621,0.0009765625,10
15622,0.0009765625,10
15623,0.001953125,9
15624,0.0009765625,10
15625,0.0009765625,10
15626,0.0009765625,10
15627,0.0009765625,10
15628,0.001953125,9
15629,0.0009765625,10
15630,0.0009765625,10
15631,0.0009765625,10
15632,0.001953125,9
15633,0.0009765625,10
15634,0.0009765625,10
15635,0.0009765625,10
15636,0.0009765625,10
15637,0.001953125,9
15638,0.0009765625,10
15639,0.0009765625,10
15640,0.0009765625,10
15641,0.001953125,9
15642,0.0009765625,10
15643,0.0009765625,10
15644,0.0009765625,10
15645,0.001953125,9
15646,0.0009765625,10
15647,0.0009765625,10
15648,0.0009765625,10
15649,0.0009765625,10
15650,0.001953125,9
15651,0.0009765625,10
15652,0.0009765625,10
15653,0.0009765625,10
15654,0.001953125,9
15655,0.0009765625,10
15656,0.0009765625,10
15657,0.0009765625,10
15658,0.001953125,9
15659,0.0009765625,10
15660,0.0009765625,10
15661,0.0009765625,10
15662,0.0009765625,10
15663,0.001953125,9
15664,0.0009765625,10
15665,0.0009765625,10
15666,0.0009765625,10
15667,0.001953125,9
15668,0.0009765625,10
15669,0.0009765625,10
15670,0.0009765625,10
15671,0.0009765625,10
15672,0.001953125,9
15673,0.0009765625,10
15674,0.0009765625,10
15675,0.0009765625,10
15676,0.001953125,9
15677,0.0009765625,10
15678,0.0009765625,10
15679,0.0009765625,10
15680,0.001953125,9
15681,0.0009765625,10
15682,0.0009765625,10
15683,0.0009765625,10
15684,0.0009765625,10
15685,0.001953125,9
15686,0.0009765625,10
15687,0.0009765625,10
15688,0.0009765625,10
15689,0.001953125,9
15690,0.0009765625,10
15691,0.0009765625,10
15692,0.0009765625,10
15693,0.001953125,9
15694,0.0009765625,10
15695,0.0009765625,10
15696,0.0009765625,10
15697,0.0009765625,10
15698,0.001953125,9
15699,0.0009765625,10
15700,0.0009765625,10
15701,0.0009765625,10
15702,0.001953125,9
15703,0.0009765625,10
15704,0.0009765625,10
15705,0.0009765625,10
15706,0.001953125,9
15707,0.0009765625,10
15708,0.0009765625,10
15709,0.0009765625,10
15710,0.0009765625,10
15711,0.001953125,9
15712,0.0009765625,10
15713,0.0009765625,10
15714,0.0009765625,10
15715,0.001953125,9
15716,0.0009765625,10
15717,0.0009765625,10
15718,0.0009765625,10
15719,0.0009765625,10
15720,0.001953125,9
15721,0.0009765625,10
15722,0.0009765625,10
15723,0.0009765625,10
15724,0.001953125,9
15725,0.0009765625,10
15726,0.0009765625,10
15727,0.0009765625,10
15728,0.001953125,9
15729,0.0009765625,10
15730,0.0009765625,10
15731,0.0009765625,10
15732,0.0009765625,10
15733,0.001953125,9
15734,0.0009765625,10
15735,0.0009765625,10
15736,0.0009765625,10
15737,0.001953125,9
15738,0.0009765625,10
15739,0.0009765625,10
15740,0.0009765625,10
15741,0.001953125,9
15742,0.0009765625,10
15743,0.0009765625,10
15744,0.0009765625,10
15745,0.0009765625,10
15746,0.001953125,9
15747,0.0009765625,10
15748,0.0009765625,10
15749,0.0009765625,10
15750,0.001953125,9
15751,0.0009765625,10
15752,0.0009765625,10
15753,0.0009765625,10
15754,0.0009765625,10
15755,0.001953125,9
15756,0.0009765625,10
15757,0.0009765625,10
15758,0.0009765625,10
15759,0.001953125,9
15760,0.0009765625,10
15761,0.0009765625,10
15762,0.0009765625,10
15763,0.001953125,9
15764,0.0009765625,10
15765,0.0009765625,10
15766,0.0009765625,10
15767,0.0009765625,10
15768,0.001953125,9
15769,0.0009765625,10
15770,0.0009765625,10
15771,0.0009765625,10
15772,0.001953125,9
15773,0.0009765625,10
15774,0.0009765625,10
15775,0.0009765625,10
15776,0.001953125,9
15777,0.0009765625,10
15778,0.0009765625,10
15779,0.0009765625,10
15780,0.0009765625,10
15781,0.001953125,9
15782,0.0009765625,10
15783,0.0009765625,10
15784,0.0009765625,10
15785,0.001953125,9
15786,0.0009765625,10
15787,0.0009765625,10
15788,0.0009765625,10
15789,0.001953125,9
15790,0.0009765625,10
15791,0.0009765625,10
15792,0.0009765625,10
15793,0.0009765625,10
15794,0.001953125,9
15795,0.0009765625,10
15796,0.0009765625,10
15797,0.0009765625,10
15798,0.001953125,9
15799,0.0009765625,10
15800,0.0009765625,10
15801,0.0009765625,10
15802,0.0009765625,10
15803,0.001953125,9
15804,0.0009765625,10
15805,0.0009765625,10
15806,0.0009765625,10
15807,0.001953125,9
15808,0.0009765625,10
15809,0.0009765625,10
15810,0.0009765625,10
15811,0.001953125,9
15812,0.0009765625,10
15813,0.0009765625,10
15814,0.0009765625,10
15815,0.0009765625,10
15816,0.001953125,9
15817,0.0009765625,10
15818,0.0009765625,10
15819,0.0009765625,10
15820,0.001953125,9
15821,0.0009765625,10
15822,0.0009765625,10
15823,0.0009765625,10
15824,0.001953125,9
15825,0.0009765625,10
15826,0.0009765625,10
15827,0.0009765625,10
15828,0.0009765625,10
15829,0.001953125,9
15830,0.0009765625,10
15831,0.0009765625,10
15832,0.0009765625,10
15833,0.001953125,9
15834,0.0009765625,10
15835,0.0009765625,10
15836,0.0009765625,10
15837,0.0009765625,10
15838,0.001953125,9
15839,0.0009765625,10
15840,0.0009765625,10
15841,0.0009765625,10
15842,0.001953125,9
15843,0.0009765625,10
15844,0.0009765625,10
15845,0.0009765625,10
15846,0.001953125,9
15847,0.0009765625,10
15848,0.0009765625,10
15849,0.0009765625,10
15850,0.0009765625,10
15851,0.001953125,9
15852,0.0009765625,10
15853,0.0009765625,10
15854,0.0009765625,10
15855,0.001953125,9
15856,0.0009765625,10
15857,0.0009765625,10
15858,0.0009765625,10
15859,0.001953125,9
15860,0.0009765625,10
15861,0.0009765625,10
15862,0.0009765625,10
15863,0.0009765625,10
15864,0.001953125,9
15865,0.0009765625,10
15866,0.0009765625,10
15867,0.0009765625,10
15868,0.001953125,9
15869,0.0009765625,10
15870,0.0009765625,10
15871,0.0009765625,10
15872,0.001953125,9
15873,0.0009765625,10
15874,0.0009765625,10
15875,0.0009765625,10
15876,0.0009765625,10
15877,0.001953125,9
15878,0.0009765625,10
15879,0.0009765625,10
15880,0.0009765625,10
15881,0.001953125,9
15882,0.0009765625,10
15883,0.0009765625,10
15884,0.0009765625,10
15885,0.0009765625,10
15886,0.001953125,9
15887,0.0009765625,10
15888,0.0009765625,10
15889,0.0009765625,10
15890,0.001953125,9
15891,0.0009765625,10
15892,0.0009765625,10
15893,0.0009765625,10
15894,0.001953125,9
15895,0.0009765625,10
15896,0.0009765625,10
15897,0.0009765625,10
15898,0.0009765625,10
15899,0.001953125,9
15900,0.0009765625,10
15901,0.0009765625,10
15902,0.0009765625,10
15903,0.001953125,9
15904,0.0009765625,10
15905,0.0009765625,10
15906,0.0009765625,10
15907,0.001953125,9
15908,0.0009765625,10
15909,0.0009765625,10
15910,0.0009765625,10
15911,0.0009765625,10
15912,0.001953125,9
15913,0.0009765625,10
15914,0.0009765625,10
15915,0.0009765625,10
15916,0.001953125,9
15917,0.0009765625,10
15918,0.0009765625,10
15919,0.0009765625,10
15920,0.0009765625,10
15921,0.001953125,9
15922,0.0009765625,10
15923,0.0009765625,10
15924,0.0009765625,10
15925,0.001953125,9
15926,0.0009765625,10
15927,0.0009765625,10
15928,0.0009765625,10
15929,0.001953125,9
15930,0.0009765625,10
15931,0.0009765625,10
15932,0.0009765625,10
15933,0.0009765625,10
15934,0.001953125,9
15935,0.0009765625,10
15936,0.0009765625,10
15937,0.0009765625,10
15938,0.001953125,9
15939,0.0009765625,10
15940,0.0009765625,10
15941,0.0009765625,10
15942,0.001953125,9
15943,0.0009765625,10
15944,0.0009765625,10
15945,0.0009765625,10
15946,0.0009765625,10
15947,0.001953125,9
15948,0.0009765625,10
15949,0.0009765625,10
15950,0.0009765625,10
15951,0.001953125,9
15952,0.0009765625,10
15953,0.0009765625,10
15954,0.0009765625,10
15955,0.001953125,9
15956,0.0009765625,10
15957,0.0009765625,10
15958,0.0009765625,10
15959,0.0009765625,10
15960,0.001953125,9
15961,0.0009765625,10
15962,0.0009765625,10
15963,0.0009765625,10
15964,0.001953125,9
15965,0.0009765625,10
15966,0.0009765625,10
15967,0.0009765625,10
15968,0.0009765625,10
15969,0.001953125,9
15970,0.0009765625,10
15971,0.0009765625,10
15972,0.0009765625,10
15973,0.001953125,9
15974,0.0009765625,10
15975,0.0009765625,10
15976,0.0009765625,10
15977,0.001953125,9
15978,0.0009765625,10
15979,0.0009765625,10
15980,0.0009765625,10
15981,0.0009765625,10
15982,0.001953125,9
15983,0.0009765625,10
15984,0.0009765625,10
15985,0.0009765625,10
15986,0.001953125,9
15987,0.0009765625,10
15988,0.0009765625,10
15989,0.0009765625,10
15990,0.001953125,9
15991,0.0009765625,10
15992,0.0009765625,10
15993,0.0009765625,10
15994,0.0009765625,10
15995,0.001953125,9
15996,0.0009765625,10
15997,0.0009765625,10
15998,0.0009765625,10
15999,0.001953125,9
16000,0.0009765625,10
16001,0.0009765625,10
16002,0.0009765625,10
16003,0.0009765625,10
16004,0.001953125,9
16005,0.0009765625,10
16006,0.0009765625,10
16007,0.0009765625,10
16008,0.001953125,9
16009,0.0009765625,10
16010,0.0009765625,10
16011,0.0009765625,10
16012,0.001953125,9
16013,0.0009765625,10
16014,0.0009765625,10
16015,0.0009765625,10
16016,0.0009765625,10
16017,0.001953125,9
16018,0.0009765625,10
16019,0.0009765625,10
16020,0.0009765625,10
16021,0.001953125,9
16022,0.0009765625,10
16023,0.0009765625,10
16024,0.0009765625,10
16025,0.001953125,9
16026,0.0009765625,10
16027,0.0009765625,10
16028,0.0009765625,10
16029,0.0009765625,10
16030,0.001953125,9
16031,0.0009765625,10
16032,0.0009765625,10
16033,0.0009765625,10
16034,0.001953125,9
16035,0.0009765625,10
16036,0.0009765625,10
16037,0.0009765625,10
16038,0.001953125,9
16039,0.0009765625,10
16040,0.0009765625,10
16041,0.0009765625,10
16042,0.0009765625,10
16043,0.001953125,9
16044,0.0009765625,10
16045,0.0009765625,10
16046,0.0009765625,10
16047,0.001953125,9
16048,0.0009765625,10
16049,0.0009765625,10
16050,0.0009765625,10
16051,0.0009765625,10
16052,0.001953125,9
16053,0.0009765625,10
16054,0.0009765625,10
16055,0.0009765625,10
16056,0.001953125,9
16057,0.0009765625,10
16058,0.0009765625,10
16059,0.0009765625,10
16060,0.001953125,9
16061,0.0009765625,10
16062,0.0009765625,10
16063,0.0009765625,10
16064,0.0009765625,10
16065,0.001953125,9
16066,0.0009765625,10
16067,0.0009765625,10
16068,0.0009765625,10
16069,0.001953125,9
16070,0.0009765625,10
16071,0.0009765625,10
16072,0.0009765625,10
16073,0.001953125,9
16074,0.0009765625,10
16075,0.0009765625,10
16076,0.0009765625,10
16077,0.0009765625,10
16078,0.001953125,9
16079,0.0009765625,10
16080,0.0009765625,10
16081,0.0009765625,10
16082,0.001953125,9
16083,0.0009765625,10
16084,0.0009765625,10
16085,0.0009765625,10
16086,0.0009765625,10
16087,0.001953125,9
16088,0.0009765625,10
16089,0.0009765625,10
16090,0.0009765625,10
16091,0.001953125,9
16092,0.0009765625,10
16093,0.0009765625,10
16094,0.0009765625,10
16095,0.001953125,9
16096,0.0009765625,10
16097,0.0009765625,10
16098,0.0009765625,10
16099,0.0009765625,10
16100,0.001953125,9
16101,0.0009765625,10
16102,0.0009765625,10
16103,0.0009765625,10
16104,0.001953125,9
16105,0.0009765625,10
16106,0.0009765625,10
16107,0.0009765625,10
16108,0.001953125,9
16109,0.0009765625,10
16110,0.0009765625,10
16111,0.0009765625,10
16112,0.0009765625,10
16113,0.001953125,9
16114,0.0009765625,10
16115,0.0009765625,10
16116,0.0009765625,10
16117,0.001953125,9
16118,0.0009765625,10
16119,0.0009765625,10
16120,0.0009765625,10
16121,0.001953125,9
16122,0.0009765625,10
16123,0.0009765625,10
16124,0.0009765625,10
16125,0.0009765625,10
16126,0.001953125,9
16127,0.0009765625,10
16128,0.0009765625,10
16129,0.0009765625,10
16130,0.001953125,9
16131,0.0009765625,10
16132,0.0009765625,10
16133,0.0009765625,10
16134,0.0009765625,10
16135,0.001953125,9
16136,0.0009765625,10
16137,0.0009765625,10
16138,0.0009765625,10
16139,0.001953125,9
16140,0.0009765625,10
16141,0.0009765625,10
16142,0.0009765625,10
16143,0.001953125,9
16144,0.0009765625,10
16145,0.0009765625,10
16146,0.0009765625,10
16147,0.0009765625,10
16148,0.001953125,9
16149,0.0009765625,10
16150,0.0009765625,10
16151,0.0009765625,10
16152,0.001953125,9
16153,0.0009765625,10
16154,0.0009765625,10
16155,0.0009765625,10
16156,0.001953125,9
16157,0.0009765625,10
16158,0.0009765625,10
16159,0.0009765625,10
16160,0.0009765625,10
16161,0.001953125,9
16162,0.0009765625,10
16163,0.0009765625,10
16164,0.0009765625,10
16165,0.001953125,9
16166,0.0009765625,10
16167,0.0009765625,10
16168,0.0009765625,10
16169,0.0009765625,10
16170,0.001953125,9
16171,0.0009765625,10
16172,0.0009765625,10
16173,0.0009765625,10
16174,0.001953125,9
16175,0.0009765625,10
16176,0.0009765625,10
16177,0.0009765625,10
16178,0.001953125,9
16179,0.0009765625,10
16180,0.0009765625,10
16181,0.0009765625,10
16182,0.0009765625,10
16183,0.001953125,9
16184,0.0009765625,10
16185,0.0009765625,10
16186,0.0009765625,10
16187,0.001953125,9
16188,0.0009765625,10
16189,0.0009765625,10
16190,0.0009765625,10
16191,0.001953125,9
16192,0.0009765625,10
16193,0.0009765625,10
16194,0.0009765625,10
16195,0.0009765625,10
16196,0.001953125,9
16197,0.0009765625,10
16198,0.0009765625,10
16199,0.0009765625,10
16200,0.001953125,9
16201,0.0009765625,10
16202,0.0009765625,10
16203,0.0009765625,10
16204,0.001953125,9
16205,0.0009765625,10
16206,0.0009765625,10
16207,0.0009765625,10
16208,0.0009765625,10
16209,0.001953125,9
16210,0.0009765625,10
16211,0.0009765625,10
16212,0.0009765625,10
16213,0.001953125,9
16214,0.0009765625,10
16215,0.0009765625,10
16216,0.0009765625,10
16217,0.0009765625,10
16218,0.001953125,9
16219,0.0009765625,10
16220,0.0009765625,10
16221,0.0009765625,10
16222,0.001953125,9
16223,0.0009765625,10
16224,0.0009765625,10
16225,0.0009765625,10
16226,0.001953125,9
16227,0.0009765625,10
16228,0.0009765625,10
16229,0.0009765625,10
16230,0.0009765625,10
16231,0.001953125,9
16232,0.0009765625,10
16233,0.0009765625,10
16234,0.0009765625,10
16235,0.001953125,9
16236,0.0009765625,10
16237,0.0009765625,10
16238,0.0009765625,10
16239,0.001953125,9
16240,0.0009765625,10
16241,0.0009765625,10
16242,0.0009765625,10
16243,0.0009765625,10
16244,0.001953125,9
16245,0.0009765625,10
16246,0.0009765625,10
16247,0.0009765625,10
16248,0.001953125,9
16249,0.0009765625,10
16250,0.0009765625,10
16251,0.0009765625,10
16252,0.0009765625,10
16253,0.001953125,9
16254,0.0009765625,10
16255,0.0009765625,10
16256,0.0009765625,10
16257,0.001953125,9
16258,0.0009765625,10
16259,0.0009765625,10
16260,0.0009765625,10
16261,0.001953125,9
16262,0.0009765625,10
16263,0.0009765625,10
16264,0.0009765625,10
16265,0.0009765625,10
16266,0.001953125,9
16267,0.0009765625,10
16268,0.0009765625,10
16269,0.0009765625,10
16270,0.001953125,9
16271,0.0009765625,10
16272,0.0009765625,10
16273,0.0009765625,10
16274,0.001953125,9
16275,0.0009765625,10
16276,0.0009765625,10
16277,0.0009765625,10
16278,0.0009765625,10
16279,0.001953125,9
16280,0.0009765625,10
16281,0.0009765625,10
16282,0.0009765625,10
16283,0.001953125,9
16284,0.0009765625,10
16285,0.0009765625,10
16286,0.0009765625,10
16287,0.001953125,9
16288,0.0009765625,10
16289,0.0009765625,10
16290,0.0009765625,10
16291,0.0009765625,10
16292,0.001953125,9
16293,0.0009765625,10
16294,0.0009765625,10
16295,0.0009765625,10
16296,0.001953125,9
16297,0.0009765625,10
16298,0.0009765625,10
16299,0.0009765625,10
16300,0.0009765625,10
16301,0.001953125,9
16302,0.0009765625,10
16303,0.0009765625,10
16304,0.0009765625,10
16305,0.001953125,9
16306,0.0009765625,10
16307,0.0009765625,10
16308,0.0009765625,10
16309,0.001953125,9
16310,0.0009765625,10
16311,0.0009765625,10
16312,0.0009765625,10
16313,0.0009765625,10
16314,0.001953125,9
16315,0.0009765625,10
16316,0.0009765625,10
16317,0.0009765625,10
16318,0.001953125,9
16319,0.0009765625,10
16320,0.0009765625,10
16321,0.0009765625,10
16322,0.001953125,9
16323,0.0009765625,10
16324,0.0009765625,10
16325,0.0009765625,10
16326,0.0009765625,10
16327,0.001953125,9
16328,0.0009765625,10
16329,0.0009765625,10
16330,0.0009765625,10
16331,0.001953125,9
16332,0.0009765625,10
16333,0.0009765625,10
16334,0.0009765625,10
16335,0.0009765625,10
16336,0.001953125,9
16337,0.0009765625,10
16338,0.0009765625,10
16339,0.0009765625,10
16340,0.001953125,9
16341,0.0009765625,10
16342,0.0009765625,10
16343,0.0009765625,10
16344,0.001953125,9
16345,0.0009765625,10
16346,0.0009765625,10
16347,0.0009765625,10
16348,0.0009765625,10
16349,0.001953125,9
16350,0.0009765625,10
16351,0.0009765625,10
16352,0.0009765625,10
16353,0.001953125,9
16354,0.0009765625,10
16355,0.0009765625,10
16356,0.0009765625,10
16357,0.001953125,9
16358,0.0009765625,10
16359,0.0009765625,10
16360,0.0009765625,10
16361,0.0009765625,10
16362,0.001953125,9
16363,0.0009765625,10
16364,0.0009765625,10
16365,0.0009765625,10
16366,0.001953125,9
16367,0.0009765625,10
16368,0.0009765625,10
16369,0.0009765625,10
16370,0.001953125,9
16371,0.0009765625,10
16372,0.0009765625,10
16373,0.0009765625,10
16374,0.0009765625,10
16375,0.001953125,9
16376,0.0009765625,10
16377,0.0009765625,10
16378,0.0009765625,10
16379,0.001953125,9
16380,0.0009765625,10
16381,0.0009765625,10
16382,0.0009765625,10
16383,0.0009765625,10
16384,0.001953125,9
16385,0.0009765625,10
16386,0.0009765625,10
16387,0.0009765625,10
16388,0.001953125,9
16389,0.0009765625,10
16390,0.0009765625,10
16391,0.0009765625,10
16392,0.001953125,9
16393,0.0009765625,10
16394,0.0009765625,10
16395,0.0009765625,10
16396,0.0009765625,10
16397,0.001953125,9
16398,0.0009765625,10
16399,0.0009765625,10
16400,0.0009765625,10
16401,0.001953125,9
16402,0.0009765625,10
16403,0.0009765625,10
16404,0.0009765625,10
16405,0.001953125,9
16406,0.0009765625,10
16407,0.0009765625,10
16408,0.0009765625,10
16409,0.0009765625,10
16410,0.001953125,9
16411,0.0009765625,10
16412,0.0009765625,10
16413,0.0009765625,10
16414,0.001953125,9
16415,0.0009765625,10
16416,0.0009765625,10
16417,0.0009765625,10
16418,0.0009765625,10
16419,0.001953125,9
16420,0.0009765625,10
16421,0.0009765625,10
16422,0.0009765625,10
16423,0.001953125,9
16424,0.0009765625,10
16425,0.0009765625,10
16426,0.0009765625,10
16427,0.001953125,9
16428,0.0009765625,10
16429,0.0009765625,10
16430,0.0009765625,10
16431,0.0009765625,10
16432,0.001953125,9
16433,0.0009765625,10
16434,0.0009765625,10
16435,0.0009765625,10
16436,0.001953125,9
16437,0.0009765625,10
16438,0.0009765625,10
16439,0.0009765625,10
16440,0.001953125,9
16441,0.0009765625,10
16442,0.0009765625,10
16443,0.0009765625,10
16444,0.0009765625,10
16445,0.001953125,9
16446,0.0009765625,10
16447,0.0009765625,10
16448,0.0009765625,10
16449,0.001953125,9
16450,0.0009765625,10
16451,0.0009765625,10
16452,0.0009765625,10
16453,0.001953125,9
16454,0.0009765625,10
16455,0.0009765625,10
16456,0.0009765625,10
16457,0.0009765625,10
16458,0.001953125,9
16459,0.0009765625,10
16460,0.0009765625,10
16461,0.0009765625,10
16462,0.001953125,9
16463,0.0009765625,10
16464,0.0009765625,10
16465,0.0009765625,10
16466,0.0009765625,10
16467,0.001953125,9
16468,0.0009765625,10
16469,0.0009765625,10
16470,0.0009765625,10
16471,0.001953125,9
16472,0.0009765625,10
16473,0.0009765625,10
16474,0.0009765625,10
16475,0.001953125,9
16476,0.0009765625,10
16477,0.0009765625,10
16478,0.0009765625,10
16479,0.0009765625,10
16480,0.001953125,9
16481,0.0009765625,10
16482,0.0009765625,10
16483,0.0009765625,10
16484,0.001953125,9
16485,0.0009765625,10
16486,0.0009765625,10
16487,0.0009765625,10
16488,0.001953125,9
16489,0.0009765625,10
16490,0.0009765625,10
16491,0.0009765625,10
16492,0.0009765625,10
16493,0.001953125,9
16494,0.0009765625,10
16495,0.0009765625,10
16496,0.0009765625,10
16497,0.001953125,9
16498,0.0009765625,10
16499,0.0009765625,10
16500,0.0009765625,10
16501,0.0009765625,10
16502,0.001953125,9
16503,0.0009765625,10
16504,0.0009765625,10
16505,0.0009765625,10
16506,0.001953125,9
16507,0.0009765625,10
16508,0.0009765625,10
16509,0.0009765625,10
16510,0.001953125,9
16511,0.0009765625,10
16512,0.0009765625,10
16513,0.0009765625,10
16514,0.0009765625,10
16515,0.001953125,9
16516,0.0009765625,10
16517,0.0009765625,10
16518,0.0009765625,10
16519,0.001953125,9
16520,0.0009765625,10
16521,0.0009765625,10
16522,0.0009765625,10
16523,0.001953125,9
16524,0.0009765625,10
16525,0.0009765625,10
16526,0.0009765625,10
16527,0.0009765625,10
16528,0.001953125,9
16529,0.0009765625,10
16530,0.0009765625,10
16531,0.0009765625,10
16532,0.001953125,9
16533,0.0009765625,10
16534,0.0009765625,10
16535,0.0009765625,10
16536,0.001953125,9
16537,0.0009765625,10
16538,0.0009765625,10
16539,0.0009765625,10
16540,0.0009765625,10
16541,0.001953125,9
16542,0.0009765625,10
16543,0.0009765625,10
16544,0.0009765625,10
16545,0.001953125,9
16546,0.0009765625,10
16547,0.0009765625,10
16548,0.0009765625,10
16549,0.0009765625,10
16550,0.001953125,9
16551,0.0009765625,10
16552,0.0009765625,10
16553,0.0009765625,10
16554,0.001953125,9
16555,0.0009765625,10
16556,0.0009765625,10
16557,0.0009765625,10
16558,0.001953125,9
16559,0.0009765625,10
16560,0.0009765625,10
16561,0.0009765625,10
16562,0.0009765625,10
16563,0.001953125,9
16564,0.0009765625,10
16565,0.0009765625,10
16566,0.0009765625,10
16567,0.001953125,9
16568,0.0009765625,10
16569,0.0009765625,10
16570,0.0009765625,10
16571,0.001953125,9
16572,0.0009765625,10
16573,0.0009765625,10
16574,0.0009765625,10
16575,0.0009765625,10
16576,0.001953125,9
16577,0.0009765625,10
16578,0.0009765625,10
16579,0.0009765625,10
16580,0.001953125,9
16581,0.0009765625,10
16582,0.0009765625,10
16583,0.0009765625,10
16584,0.0009765625,10
16585,0.001953125,9
16586,0.0009765625,10
16587,0.0009765625,10
16588,0.0009765625,10
16589,0.001953125,9
16590,0.0009765625,10
16591,0.0009765625,10
16592,0.0009765625,10
16593,0.001953125,9
16594,0.0009765625,10
16595,0.0009765625,10
16596,0.0009765625,10
16597,0.0009765625,10
16598,0.001953125,9
16599,0.0009765625,10
16600,0.0009765625,10
16601,0.0009765625,10
16602,0.001953125,9
16603,0.0009765625,10
16604,0.0009765625,10
16605,0.0009765625,10
16606,0.001953125,9
16607,0.0009765625,10
16608,0.0009765625,10
16609,0.0009765625,10
16610,0.0009765625,10
16611,0.001953125,9
16612,0.0009765625,10
16613,0.0009765625,10
16614,0.0009765625,10
16615,0.001953125,9
16616,0.0009765625,10
16617,0.0009765625,10
16618,0.0009765625,10
16619,0.001953125,9
16620,0.0009765625,10
16621,0.0009765625,10
16622,0.0009765625,10
16623,0.0009765625,10
16624,0.001953125,9
16625,0.0009765625,10
16626,0.0009765625,10
16627,0.0009765625,10
16628,0.001953125,9
16629,0.0009765625,10
16630,0.0009765625,10
16631,0.0009765625,10
16632,0.0009765625,10
16633,0.001953125,9
16634,0.0009765625,10
16635,0.0009765625,10
16636,0.0009765625,10
16637,0.001953125,9
16638,0.0009765625,10
16639,0.0009765625,10
16640,0.0009765625,10
16641,0.001953125,9
16642,0.0009765625,10
16643,0.0009765625,10
16644,0.0009765625,10
16645,0.0009765625,10
16646,0.001953125,9
16647,0.0009765625,10
16648,0.0009765625,10
16649,0.0009765625,10
16650,0.001953125,9
16651,0.0009765625,10
16652,0.0009765625,10
16653,0.0009765625,10
16654,0.001953125,9
16655,0.0009765625,10
16656,0.0009765625,10
16657,0.0009765625,10
16658,0.0009765625,10
16659,0.001953125,9
16660,0.0009765625,10
16661,0.0009765625,10
16662,0.0009765625,10
16663,0.001953125,9
16664,0.0009765625,10
16665,0.0009765625,10
16666,0.0009765625,10
16667,0.0009765625,10
16668,0.001953125,9
16669,0.0009765625,10
16670,0.0009765625,10
16671,0.0009765625,10
16672,0.001953125,9
16673,0.0009765625,10
16674,0.0009765625,10
16675,0.0009765625,10
16676,0.001953125,9
16677,0.0009765625,10
16678,0.0009765625,10
16679,0.0009765625,10
16680,0.0009765625,10
16681,0.001953125,9
16682,0.0009765625,10
16683,0.0009765625,10
16684,0.0009765625,10
16685,0.001953125,9
16686,0.0009765625,10
16687,0.0009765625,10
16688,0.0009765625,10
16689,0.001953125,9
16690,0.0009765625,10
16691,0.0009765625,10
16692,0.0009765625,10
16693,0.0009765625,10
16694,0.001953125,9
16695,0.0009765625,10
16696,0.0009765625,10
16697,0.0009765625,10
16698,0.001953125,9
16699,0.0009765625,10
16700,0.0009765625,10
16701,0.0009765625,10
16702,0.001953125,9
16703,0.0009765625,10
16704,0.0009765625,10
16705,0.0009765625,10
16706,0.0009765625,10
16707,0.001953125,9
16708,0.0009765625,10
16709,0.0009765625,10
16710,0.0009765625,10
16711,0.001953125,9
16712,0.0009765625,10
16713,0.0009765625,10
16714,0.0009765625,10
16715,0.0009765625,10
16716,0.001953125,9
16717,0.0009765625,10
16718,0.0009765625,10
16719,0.0009765625,10
16720,0.001953125,9
16721,0.0009765625,10
16722,0.0009765625,10
16723,0.0009765625,10
16724,0.001953125,9
16725,0.0009765625,10
16726,0.0009765625,10
16727,0.0009765625,10
16728,0.0009765625,10
16729,0.001953125,9
16730,0.0009765625,10
16731,0.0009765625,10
16732,0.0009765625,10
16733,0.001953125,9
16734,0.0009765625,10
16735,0.0009765625,10
16736,0.0009765625,10
16737,0.001953125,9
16738,0.0009765625,10
16739,0.0009765625,10
16740,0.0009765625,10
16741,0.0009765625,10
16742,0.001953125,9
16743,0.0009765625,10
16744,0.0009765625,10
16745,0.0009765625,10
16746,0.001953125,9
16747,0.0009765625,10
16748,0.0009765625,10
16749,0.0009765625,10
16750,0.0009765625,10
16751,0.001953125,9
16752,0.0009765625,10
16753,0.0009765625,10
16754,0.0009765625,10
16755,0.001953125,9
16756,0.0009765625,10
16757,0.0009765625,10
16758,0.0009765625,10
16759,0.001953125,9
16760,0.0009765625,10
16761,0.0009765625,10
16762,0.0009765625,10
16763,0.0009765625,10
16764,0.001953125,9
16765,0.0009765625,10
16766,0.0009765625,10
16767,0.0009765625,10
16768,0.001953125,9
16769,0.0009765625,10
16770,0.0009765625,10
16771,0.0009765625,10
16772,0.001953125,9
16773,0.0009765625,10
16774,0.0009765625,10
16775,0.0009765625,10
16776,0.0009765625,10
16777,0.001953125,9
16778,0.0009765625,10
16779,0.0009765625,10
16780,0.0009765625,10
16781,0.001953125,9
16782,0.0009765625,10
16783,0.0009765625,10
16784,0.0009765625,10
16785,0.001953125,9
16786,0.0009765625,10
16787,0.0009765625,10
16788,0.0009765625,10
16789,0.0009765625,10
16790,0.001953125,9
16791,0.0009765625,10
16792,0.0009765625,10
16793,0.0009765625,10
16794,0.001953125,9
16795,0.0009765625,10
16796,0.0009765625,10
16797,0.0009765625,10
16798,0.0009765625,10
16799,0.001953125,9
16800,0.0009765625,10
16801,0.0009765625,10
16802,0.0009765625,10
16803,0.001953125,9
16804,0.0009765625,10
16805,0.0009765625,10
16806,0.0009765625,10
16807,0.001953125,9
16808,0.0009765625,10
16809,0.0009765625,10
16810,0.0009765625,10
16811,0.0009765625,10
16812,0.001953125,9
16813,0.0009765625,10
16814,0.0009765625,10
16815,0.0009765625,10
16816,0.001953125,9
16817,0.0009765625,10
16818,0.0009765625,10
16819,0.0009765625,10
16820,0.001953125,9
16821,0.0009765625,10
16822,0.0009765625,10
16823,0.0009765625,10
16824,0.0009765625,10
16825,0.001953125,9
16826,0.0009765625,10
16827,0.0009765625,10
16828,0.0009765625,10
16829,0.001953125,9
16830,0.0009765625,10
16831,0.0009765625,10
16832,0.0009765625,10
16833,0.0009765625,10
16834,0.001953125,9
16835,0.0009765625,10
16836,0.0009765625,10
16837,0.0009765625,10
16838,0.001953125,9
16839,0.0009765625,10
16840,0.0009765625,10
16841,0.0009765625,10
16842,0.001953125,9
16843,0.0009765625,10
16844,0.0009765625,10
16845,0.0009765625,10
16846,0.0009765625,10
16847,0.001953125,9
16848,0.0009765625,10
16849,0.0009765625,10
16850,0.0009765625,10
16851,0.001953125,9
16852,0.0009765625,10
16853,0.0009765625,10
16854,0.0009765625,10
16855,0.001953125,9
16856,0.0009765625,10
16857,0.0009765625,10
16858,0.0009765625,10
16859,0.0009765625,10
16860,0.001953125,9
16861,0.0009765625,10
16862,0.0009765625,10
16863,0.0009765625,10
16864,0.001953125,9
16865,0.0009765625,10
16866,0.0009765625,10
16867,0.0009765625,10
16868,0.001953125,9
16869,0.0009765625,10
16870,0.0009765625,10
16871,0.0009765625,10
16872,0.0009765625,10
16873,0.001953125,9
16874,0.0009765625,10
16875,0.0009765625,10
16876,0.0009765625,10
16877,0.001953125,9
16878,0.0009765625,10
16879,0.0009765625,10
16880,0.0009765625,10
16881,0.0009765625,10
16882,0.001953125,9
16883,0.0009765625,10
16884,0.0009765625,10
16885,0.0009765625,10
16886,0.001953125,9
16887,0.0009765625,10
16888,0.0009765625,10
16889,0.0009765625,10
16890,0.001953125,9
16891,0.0009765625,10
16892,0.0009765625,10
16893,0.0009765625,10
16894,0.0009765625,10
16895,0.001953125,9
16896,0.0009765625,10
16897,0.0009765625,10
16898,0.0009765625,10
16899,0.001953125,9
16900,0.0009765625,10
16901,0.0009765625,10
16902,0.0009765625,10
16903,0.001953125,9
16904,0.0009765625,10
16905,0.0009765625,10
16906,0.0009765625,10
16907,0.0009765625,10
16908,0.001953125,9
16909,0.0009765625,10
16910,0.0009765625,10
16911,0.0009765625,10
16912,0.001953125,9
16913,0.0009765625,10
16914,0.0009765625,10
16915,0.0009765625,10
16916,0.0009765625,10
16917,0.001953125,9
16918,0.0009765625,10
16919,0.0009765625,10
16920,0.0009765625,10
16921,0.001953125,9
16922,0.0009765625,10
16923,0.0009765625,10
16924,0.0009765625,10
16925,0.001953125,9
16926,0.0009765625,10
16927,0.0009765625,10
16928,0.0009765625,10
16929,0.0009765625,10
16930,0.001953125,9
16931,0.0009765625,10
16932,0.0009765625,10
16933,0.0009765625,10
16934,0.001953125,9
16935,0.0009765625,10
16936,0.0009765625,10
16937,0.0009765625,10
16938,0.001953125,9
16939,0.0009765625,10
16940,0.0009765625,10
16941,0.0009765625,10
16942,0.0009765625,10
16943,0.001953125,9
16944,0.0009765625,10
16945,0.0009765625,10
16946,0.0009765625,10
16947,0.001953125,9
16948,0.0009765625,10
16949,0.0009765625,10
16950,0.0009765625,10
16951,0.001953125,9
16952,0.0009765625,10
16953,0.0009765625,10
16954,0.0009765625,10
16955,0.0009765625,10
16956,0.001953125,9
16957,0.0009765625,10
16958,0.0009765625,10
16959,0.0009765625,10
16960,0.001953125,9
16961,0.0009765625,10
16962,0.0009765625,10
16963,0.0009765625,10
16964,0.0009765625,10
16965,0.001953125,9
16966,0.0009765625,10
16967,0.0009765625,10
16968,0.0009765625,10
16969,0.001953125,9
16970,0.0009765625,10
16971,0.0009765625,10
16972,0.0009765625,10
16973,0.001953125,9
16974,0.0009765625,10
16975,0.0009765625,10
16976,0.0009765625,10
16977,0.0009765625,10
16978,0.001953125,9
16979,0.0009765625,10
16980,0.0009765625,10
16981,0.0009765625,10
16982,0.001953125,9
16983,0.0009765625,10
16984,0.0009765625,10
16985,0.0009765625,10
16986,0.001953125,9
16987,0.0009765625,10
16988,0.0009765625,10
16989,0.0009765625,10
16990,0.0009765625,10
16991,0.001953125,9
16992,0.0009765625,10
16993,0.0009765625,10
16994,0.0009765625,10
16995,0.001953125,9
16996,0.0009765625,10
16997,0.0009765625,10
16998,0.0009765625,10
16999,0.0009765625,10
17000,0.001953125,9
17001,0.0009765625,10
17002,0.0009765625,10
17003,0.0009765625,10
17004,0.001953125,9
17005,0.0009765625,10
17006,0.0009765625,10
17007,0.0009765625,10
17008,0.001953125,9
17009,0.0009765625,10
17010,0.0009765625,10
17011,0.0009765625,10
17012,0.0009765625,10
17013,0.001953125,9
17014,0.0009765625,10
17015,0.0009765625,10
17016,0.0009765625,10
17017,0.001953125,9
17018,0.0009765625,10
17019,0.0009765625,10
17020,0.0009765625,10
17021,0.001953125,9
17022,0.0009765625,10
17023,0.0009765625,10
17024,0.0009765625,10
17025,0.0009765625,10
17026,0.001953125,9
17027,0.0009765625,10
17028,0.0009765625,10
17029,0.0009765625,10
17030,0.001953125,9
17031,0.0009765625,10
17032,0.0009765625,10
17033,0.0009765625,10
17034,0.001953125,9
17035,0.0009765625,10
17036,0.0009765625,10
17037,0.0009765625,10
17038,0.0009765625,10
17039,0.001953125,9
17040,0.0009765625,10
17041,0.0009765625,10
17042,0.0009765625,10
17043,0.001953125,9
17044,0.0009765625,10
17045,0.0009765625,10
17046,0.0009765625,10
17047,0.0009765625,10
17048,0.001953125,9
17049,0.0009765625,10
17050,0.0009765625,10
17051,0.0009765625,10
17052,0.001953125,9
17053,0.0009765625,10
17054,0.0009765625,10
17055,0.0009765625,10
17056,0.001953125,9
17057,0.0009765625,10
17058,0.0009765625,10
17059,0.0009765625,10
17060,0.0009765625,10
17061,0.001953125,9
17062,0.0009765625,10
17063,0.0009765625,10
17064,0.0009765625,10
17065,0.001953125,9
17066,0.0009765625,10
17067,0.0009765625,10
17068,0.0009765625,10
17069,0.001953125,9
17070,0.0009765625,10
17071,0.0009765625,10
17072,0.0009765625,10
17073,0.0009765625,10
17074,0.001953125,9
17075,0.0009765625,10
17076,0.0009765625,10
17077,0.0009765625,10
17078,0.001953125,9
17079,0.0009765625,10
17080,0.0009765625,10
17081,0.0009765625,10
17082,0.0009765625,10
17083,0.001953125,9
17084,0.0009765625,10
17085,0.0009765625,10
17086,0.0009765625,10
17087,0.001953125,9
17088,0.0009765625,10
17089,0.0009765625,10
17090,0.0009765625,10
17091,0.001953125,9
17092,0.0009765625,10
17093,0.0009765625,10
17094,0.0009765625,10
17095,0.0009765625,10
17096,0.001953125,9
17097,0.0009765625,10
17098,0.0009765625,10
17099,0.0009765625,10
17100,0.001953125,9
17101,0.0009765625,10
17102,0.0009765625,10
17103,0.0009765625,10
17104,0.001953125,9
17105,0.0009765625,10
17106,0.0009765625,10
17107,0.0009765625,10
17108,0.0009765625,10
17109,0.001953125,9
17110,0.0009765625,10
17111,0.0009765625,10
17112,0.0009765625,10
17113,0.001953125,9
17114,0.0009765625,10
17115,0.0009765625,10
17116,0.0009765625,10
17117,0.001953125,9
17118,0.0009765625,10
17119,0.0009765625,10
17120,0.0009765625,10
17121,0.0009765625,10
17122,0.001953125,9
17123,0.0009765625,10
17124,0.0009765625,10
17125,0.0009765625,10
17126,0.001953125,9
17127,0.0009765625,10
17128,0.0009765625,10
17129,0.0009765625,10
17130,0.0009765625,10
17131,0.001953125,9
17132,0.0009765625,10
17133,0.0009765625,10
17134,0.0009765625,10
17135,0.001953125,9
17136,0.0009765625,10
17137,0.0009765625,10
17138,0.0009765625,10
17139,0.001953125,9
17140,0.0009765625,10
17141,0.0009765625,10
17142,0.0009765625,10
17143,0.0009765625,10
17144,0.001953125,9
17145,0.0009765625,10
17146,0.0009765625,10
17147,0.0009765625,10
17148,0.001953125,9
17149,0.0009765625,10
17150,0.0009765625,10
17151,0.0009765625,10
17152,0.001953125,9
17153,0.0009765625,10
17154,0.0009765625,10
17155,0.0009765625,10
17156,0.0009765625,10
17157,0.001953125,9
17158,0.0009765625,10
17159,0.0009765625,10
17160,0.0009765625,10
17161,0.001953125,9
17162,0.0009765625,10
17163,0.0009765625,10
17164,0.0009765625,10
17165,0.0009765625,10
17166,0.001953125,9
17167,0.0009765625,10
17168,0.0009765625,10
17169,0.0009765625,10
17170,0.001953125,9
17171,0.0009765625,10
17172,0.0009765625,10
17173,0.0009765625,10
17174,0.001953125,9
17175,0.0009765625,10
17176,0.0009765625,10
17177,0.0009765625,10
17178,0.0009765625,10
17179,0.001953125,9
17180,0.0009765625,10
17181,0.0009765625,10
17182,0.0009765625,10
17183,0.001953125,9
17184,0.0009765625,10
17185,0.0009765625,10
17186,0.0009765625,10
17187,0.001953125,9
17188,0.0009765625,10
17189,0.0009765625,10
17190,0.0009765625,10
17191,0.0009765625,10
17192,0.001953125,9
17193,0.0009765625,10
17194,0.0009765625,10
17195,0.0009765625,10
17196,0.001953125,9
17197,0.0009765625,10
17198,0.0009765625,10
17199,0.0009765625,10
17200,0.001953125,9
17201,0.0009765625,10
17202,0.0009765625,10
17203,0.0009765625,10
17204,0.0009765625,10
17205,0.001953125,9
17206,0.0009765625,10
17207,0.0009765625,10
17208,0.0009765625,10
17209,0.001953125,9
17210,0.0009765625,10
17211,0.0009765625,10
17212,0.0009765625,10
17213,0.0009765625,10
17214,0.001953125,9
17215,0.0009765625,10
17216,0.0009765625,10
17217,0.0009765625,10
17218,0.001953125,9
17219,0.0009765625,10
17220,0.0009765625,10
17221,0.0009765625,10
17222,0.001953125,9
17223,0.0009765625,10
17224,0.0009765625,10
17225,0.0009765625,10
17226,0.0009765625,10
17227,0.001953125,9
17228,0.0009765625,10
17229,0.0009765625,10
17230,0.0009765625,10
17231,0.001953125,9
17232,0.0009765625,10
17233,0.0009765625,10
17234,0.0009765625,10
17235,0.001953125,9
17236,0.0009765625,10
17237,0.0009765625,10
17238,0.0009765625,10
17239,0.0009765625,10
17240,0.001953125,9
17241,0.0009765625,10
17242,0.0009765625,10
17243,0.0009765625,10
17244,0.001953125,9
17245,0.0009765625,10
17246,0.0009765625,10
17247,0.0009765625,10
17248,0.0009765625,10
17249,0.001953125,9
17250,0.0009765625,10
17251,0.0009765625,10
17252,0.0009765625,10
17253,0.001953125,9
17254,0.0009765625,10
17255,0.0009765625,10
17256,0.0009765625,10
17257,0.001953125,9
17258,0.0009765625,10
17259,0.0009765625,10
17260,0.0009765625,10
17261,0.0009765625,10
17262,0.001953125,9
17263,0.0009765625,10
17264,0.0009765625,10
17265,0.0009765625,10
17266,0.001953125,9
17267,0.0009765625,10
17268,0.0009765625,10
17269,0.0009765625,10
17270,0.001953125,9
17271,0.0009765625,10
17272,0.0009765625,10
17273,0.0009765625,10
17274,0.0009765625,10
17275,0.001953125,9
17276,0.0009765625,10
17277,0.0009765625,10
17278,0.0009765625,10
17279,0.001953125,9
17280,0.0009765625,10
17281,0.0009765625,10
17282,0.0009765625,10
17283,0.001953125,9
17284,0.0009765625,10
17285,0.0009765625,10
17286,0.0009765625,10
17287,0.0009765625,10
17288,0.001953125,9
17289,0.0009765625,10
17290,0.0009765625,10
17291,0.0009765625,10
17292,0.001953125,9
17293,0.0009765625,10
17294,0.0009765625,10
17295,0.0009765625,10
17296,0.0009765625,10
17297,0.001953125,9
17298,0.0009765625,10
17299,0.0009765625,10
17300,0.0009765625,10
17301,0.001953125,9
17302,0.0009765625,10
17303,0.0009765625,10
17304,0.0009765625,10
17305,0.001953125,9
17306,0.0009765625,10
17307,0.0009765625,10
17308,0.0009765625,10
17309,0.0009765625,10
17310,0.001953125,9
17311,0.0009765625,10
17312,0.0009765625,10
17313,0.0009765625,10
17314,0.001953125,9
17315,0.0009765625,10
17316,0.0009765625,10
17317,0.0009765625,10
17318,0.001953125,9
17319,0.0009765625,10
17320,0.0009765625,10
17321,0.0009765625,10
17322,0.0009765625,10
17323,0.001953125,9
17324,0.0009765625,10
17325,0.0009765625,10
17326,0.0009765625,10
17327,0.001953125,9
17328,0.0009765625,10
17329,0.0009765625,10
17330,0.0009765625,10
17331,0.0009765625,10
17332,0.001953125,9
17333,0.0009765625,10
17334,0.0009765625,10
17335,0.0009765625,10
17336,0.001953125,9
17337,0.0009765625,10
17338,0.0009765625,10
17339,0.0009765625,10
17340,0.001953125,9
17341,0.0009765625,10
17342,0.0009765625,10
17343,0.0009765625,10
17344,0.0009765625,10
17345,0.001953125,9
17346,0.0009765625,10
17347,0.0009765625,10
17348,0.0009765625,10
17349,0.001953125,9
17350,0.0009765625,10
17351,0.0009765625,10
17352,0.0009765625,10
17353,0.001953125,9
17354,0.0009765625,10
17355,0.0009765625,10
17356,0.0009765625,10
17357,0.0009765625,10
17358,0.001953125,9
17359,0.0009765625,10
17360,0.0009765625,10
17361,0.0009765625,10
17362,0.001953125,9
17363,0.0009765625,10
17364,0.0009765625,10
17365,0.0009765625,10
17366,0.001953125,9
17367,0.0009765625,10
17368,0.0009765625,10
17369,0.0009765625,10
17370,0.0009765625,10
17371,0.001953125,9
17372,0.0009765625,10
17373,0.0009765625,10
17374,0.0009765625,10
17375,0.001953125,9
17376,0.0009765625,10
17377,0.0009765625,10
17378,0.0009765625,10
17379,0.0009765625,10
17380,0.001953125,9
17381,0.0009765625,10
17382,0.0009765625,10
17383,0.0009765625,10
17384,0.001953125,9
17385,0.0009765625,10
17386,0.0009765625,10
17387,0.0009765625,10
17388,0.001953125,9
17389,0.0009765625,10
17390,0.0009765625,10
17391,0.0009765625,10
17392,0.0009765625,10
17393,0.001953125,9
17394,0.0009765625,10
17395,0.0009765625,10
17396,0.0009765625,10
17397,0.001953125,9
17398,0.0009765625,10
17399,0.0009765625,10
17400,0.0009765625,10
17401,0.001953125,9
17402,0.0009765625,10
17403,0.0009765625,10
17404,0.0009765625,10
17405,0.0009765625,10
17406,0.001953125,9
17407,0.0009765625,10
17408,0.0009765625,10
17409,0.0009765625,10
17410,0.001953125,9
17411,0.0009765625,10
17412,0.0009765625,10
17413,0.0009765625,10
17414,0.0009765625,10
17415,0.001953125,9
17416,0.0009765625,10
17417,0.0009765625,10
17418,0.0009765625,10
17419,0.001953125,9
17420,0.0009765625,10
17421,0.0009765625,10
17422,0.0009765625,10
17423,0.001953125,9
17424,0.0009765625,10
17425,0.0009765625,10
17426,0.0009765625,10
17427,0.0009765625,10
17428,0.001953125,9
17429,0.0009765625,10
17430,0.0009765625,10
17431,0.0009765625,10
17432,0.001953125,9
17433,0.0009765625,10
17434,0.0009765625,10
17435,0.0009765625,10
17436,0.001953125,9
17437,0.0009765625,10
17438,0.0009765625,10
17439,0.0009765625,10
17440,0.0009765625,10
17441,0.001953125,9
17442,0.0009765625,10
17443,0.0009765625,10
17444,0.0009765625,10
17445,0.001953125,9
17446,0.0009765625,10
17447,0.0009765625,10
17448,0.0009765625,10
17449,0.001953125,9
17450,0.0009765625,10
17451,0.0009765625,10
17452,0.0009765625,10
17453,0.0009765625,10
17454,0.001953125,9
17455,0.0009765625,10
17456,0.0009765625,10
17457,0.0009765625,10
17458,0.001953125,9
17459,0.0009765625,10
17460,0.0009765625,10
17461,0.0009765625,10
17462,0.0009765625,10
17463,0.001953125,9
17464,0.0009765625,10
17465,0.0009765625,10
17466,0.0009765625,10
17467,0.001953125,9
17468,0.0009765625,10
17469,0.0009765625,10
17470,0.0009765625,10
17471,0.001953125,9
17472,0.0009765625,10
17473,0.0009765625,10
17474,0.0009765625,10
17475,0.0009765625,10
17476,0.001953125,9
17477,0.0009765625,10
17478,0.0009765625,10
17479,0.0009765625,10
17480,0.001953125,9
17481,0.0009765625,10
17482,0.0009765625,10
17483,0.0009765625,10
17484,0.001953125,9
17485,0.0009765625,10
17486,0.0009765625,10
17487,0.0009765625,10
17488,0.0009765625,10
17489,0.001953125,9
17490,0.0009765625,10
17491,0.0009765625,10
17492,0.0009765625,10
17493,0.001953125,9
17494,0.0009765625,10
17495,0.0009765625,10
17496,0.0009765625,10
17497,0.0009765625,10
17498,0.001953125,9
17499,0.0009765625,10
17500,0.0009765625,10
17501,0.0009765625,10
17502,0.001953125,9
17503,0.0009765625,10
17504,0.0009765625,10
17505,0.0009765625,10
17506,0.001953125,9
17507,0.0009765625,10
17508,0.0009765625,10
17509,0.0009765625,10
17510,0.0009765625,10
17511,0.001953125,9
17512,0.0009765625,10
17513,0.0009765625,10
17514,0.0009765625,10
17515,0.001953125,9
17516,0.0009765625,10
17517,0.0009765625,10
17518,0.0009765625,10
17519,0.001953125,9
17520,0.0009765625,10
17521,0.0009765625,10
17522,0.0009765625,10
17523,0.0009765625,10
17524,0.001953125,9
17525,0.0009765625,10
17526,0.0009765625,10
17527,0.0009765625,10
17528,0.001953125,9
17529,0.0009765625,10
17530,0.0009765625,10
17531,0.0009765625,10
17532,0.001953125,9
17533,0.0009765625,10
17534,0.0009765625,10
17535,0.0009765625,10
17536,0.0009765625,10
17537,0.001953125,9
17538,0.0009765625,10
17539,0.0009765625,10
17540,0.0009765625,10
17541,0.001953125,9
17542,0.0009765625,10
17543,0.0009765625,10
17544,0.0009765625,10
17545,0.0009765625,10
17546,0.001953125,9
17547,0.0009765625,10
17548,0.0009765625,10
17549,0.0009765625,10
17550,0.001953125,9
17551,0.0009765625,10
17552,0.0009765625,10
17553,0.0009765625,10
17554,0.001953125,9
17555,0.0009765625,10
17556,0.0009765625,10
17557,0.0009765625,10
17558,0.0009765625,10
17559,0.001953125,9
17560,0.0009765625,10
17561,0.0009765625,10
17562,0.0009765625,10
17563,0.001953125,9
17564,0.0009765625,10
17565,0.0009765625,10
17566,0.0009765625,10
17567,0.001953125,9
17568,0.0009765625,10
17569,0.0009765625,10
17570,0.0009765625,10
17571,0.0009765625,10
17572,0.001953125,9
17573,0.0009765625,10
17574,0.0009765625,10
17575,0.0009765625,10
17576,0.001953125,9
17577,0.0009765625,10
17578,0.0009765625,10
17579,0.0009765625,10
17580,0.0009765625,10
17581,0.001953125,9
17582,0.0009765625,10
17583,0.0009765625,10
17584,0.0009765625,10
17585,0.001953125,9
17586,0.0009765625,10
17587,0.0009765625,10
17588,0.0009765625,10
17589,0.001953125,9
17590,0.0009765625,10
17591,0.0009765625,10
17592,0.0009765625,10
17593,0.0009765625,10
17594,0.001953125,9
17595,0.0009765625,10
17596,0.0009765625,10
17597,0.0009765625,10
17598,0.001953125,9
17599,0.0009765625,10
17600,0.0009765625,10
17601,0.0009765625,10
17602,0.001953125,9
17603,0.0009765625,10
17604,0.0009765625,10
17605,0.0009765625,10
17606,0.0009765625,10
17607,0.001953125,9
17608,0.0009765625,10
17609,0.0009765625,10
17610,0.0009765625,10
17611,0.001953125,9
17612,0.0009765625,10
17613,0.0009765625,10
17614,0.0009765625,10
17615,0.001953125,9
17616,0.0009765625,10
17617,0.0009765625,10
17618,0.0009765625,10
17619,0.0009765625,10
17620,0.001953125,9
17621,0.0009765625,10
17622,0.0009765625,10
17623,0.0009765625,10
17624,0.001953125,9
17625,0.0009765625,10
17626,0.0009765625,10
17627,0.0009765625,10
17628,0.0009765625,10
17629,0.001953125,9
17630,0.0009765625,10
17631,0.0009765625,10
17632,0.0009765625,10
17633,0.001953125,9
17634,0.0009765625,10
17635,0.0009765625,10
17636,0.0009765625,10
17637,0.001953125,9
17638,0.0009765625,10
17639,0.0009765625,10
17640,0.0009765625,10
17641,0.0009765625,10
17642,0.001953125,9
17643,0.0009765625,10
17644,0.0009765625,10
17645,0.0009765625,10
17646,0.001953125,9
17647,0.0009765625,10
17648,0.0009765625,10
17649,0.0009765625,10
17650,0.001953125,9
17651,0.0009765625,10
17652,0.0009765625,10
17653,0.0009765625,10
17654,0.0009765625,10
17655,0.001953125,9
17656,0.0009765625,10
17657,0.0009765625,10
17658,0.0009765625,10
17659,0.001953125,9
17660,0.0009765625,10
17661,0.0009765625,10
17662,0.0009765625,10
17663,0.0009765625,10
17664,0.001953125,9
17665,0.0009765625,10
17666,0.0009765625,10
17667,0.0009765625,10
17668,0.001953125,9
17669,0.0009765625,10
17670,0.0009765625,10
17671,0.0009765625,10
17672,0.001953125,9
17673,0.0009765625,10
17674,0.0009765625,10
17675,0.0009765625,10
17676,0.0009765625,10
17677,0.001953125,9
17678,0.0009765625,10
17679,0.0009765625,10
17680,0.0009765625,10
17681,0.001953125,9
17682,0.0009765625,10
17683,0.0009765625,10
17684,0.0009765625,10
17685,0.001953125,9
17686,0.0009765625,10
17687,0.0009765625,10
17688,0.0009765625,10
17689,0.0009765625,10
17690,0.001953125,9
17691,0.0009765625,10
17692,0.0009765625,10
17693,0.0009765625,10
17694,0.001953125,9
17695,0.0009765625,10
17696,0.0009765625,10
17697,0.0009765625,10
17698,0.001953125,9
17699,0.0009765625,10
17700,0.0009765625,10
17701,0.0009765625,10
17702,0.0009765625,10
17703,0.001953125,9
17704,0.0009765625,10
17705,0.0009765625,10
17706,0.0009765625,10
17707,0.001953125,9
17708,0.0009765625,10
17709,0.0009765625,10
17710,0.0009765625,10
17711,0.0009765625,10
17712,0.001953125,9
17713,0.0009765625,10
17714,0.0009765625,10
17715,0.0009765625,10
17716,0.001953125,9
17717,0.0009765625,10
17718,0.0009765625,10
17719,0.0009765625,10
17720,0.001953125,9
17721,0.0009765625,10
17722,0.0009765625,10
17723,0.0009765625,10
17724,0.0009765625,10
17725,0.001953125,9
17726,0.0009765625,10
17727,0.0009765625,10
17728,0.0009765625,10
17729,0.001953125,9
17730,0.0009765625,10
17731,0.0009765625,10
17732,0.0009765625,10
17733,0.001953125,9
17734,0.0009765625,10
17735,0.0009765625,10
17736,0.0009765625,10
17737,0.0009765625,10
17738,0.001953125,9
17739,0.0009765625,10
17740,0.0009765625,10
17741,0.0009765625,10
17742,0.001953125,9
17743,0.0009765625,10
17744,0.0009765625,10
17745,0.0009765625,10
17746,0.0009765625,10
17747,0.001953125,9
17748,0.0009765625,10
17749,0.0009765625,10
17750,0.0009765625,10
17751,0.001953125,9
17752,0.0009765625,10
17753,0.0009765625,10
17754,0.0009765625,10
17755,0.001953125,9
17756,0.0009765625,10
17757,0.0009765625,10
17758,0.0009765625,10
17759,0.0009765625,10
17760,0.001953125,9
17761,0.0009765625,10
17762,0.0009765625,10
17763,0.0009765625,10
17764,0.001953125,9
17765,0.0009765625,10
17766,0.0009765625,10
17767,0.0009765625,10
17768,0.001953125,9
17769,0.0009765625,10
17770,0.0009765625,10
17771,0.0009765625,10
17772,0.0009765625,10
17773,0.001953125,9
17774,0.0009765625,10
17775,0.0009765625,10
17776,0.0009765625,10
17777,0.001953125,9
17778,0.0009765625,10
17779,0.0009765625,10
17780,0.0009765625,10
17781,0.001953125,9
17782,0.0009765625,10
17783,0.0009765625,10
17784,0.0009765625,10
17785,0.0009765625,10
17786,0.001953125,9
17787,0.0009765625,10
17788,0.0009765625,10
17789,0.0009765625,10
17790,0.001953125,9
17791,0.0009765625,10
17792,0.0009765625,10
17793,0.0009765625,10
17794,0.0009765625,10
17795,0.001953125,9
17796,0.0009765625,10
17797,0.0009765625,10
17798,0.0009765625,10
17799,0.001953125,9
17800,0.0009765625,10
17801,0.0009765625,10
17802,0.0009765625,10
17803,0.001953125,9
17804,0.0009765625,10
17805,0.0009765625,10
17806,0.0009765625,10
17807,0.0009765625,10
17808,0.001953125,9
17809,0.0009765625,10
17810,0.0009765625,10
17811,0.0009765625,10
17812,0.001953125,9
17813,0.0009765625,10
17814,0.0009765625,10
17815,0.0009765625,10
17816,0.001953125,9
17817,0.0009765625,10
17818,0.0009765625,10
17819,0.0009765625,10
17820,0.0009765625,10
17821,0.001953125,9
17822,0.0009765625,10
17823,0.0009765625,10
17824,0.0009765625,10
17825,0.001953125,9
17826,0.0009765625,10
17827,0.0009765625,10
17828,0.0009765625,10
17829,0.0009765625,10
17830,0.001953125,9
17831,0.0009765625,10
17832,0.0009765625,10
17833,0.0009765625,10
17834,0.001953125,9
17835,0.0009765625,10
17836,0.0009765625,10
17837,0.0009765625,10
17838,0.001953125,9
17839,0.0009765625,10
17840,0.0009765625,10
17841,0.0009765625,10
17842,0.0009765625,10
17843,0.001953125,9
17844,0.0009765625,10
17845,0.0009765625,10
17846,0.0009765625,10
17847,0.001953125,9
17848,0.0009765625,10
17849,0.0009765625,10
17850,0.0009765625,10
17851,0.001953125,9
17852,0.0009765625,10
17853,0.0009765625,10
17854,0.0009765625,10
17855,0.0009765625,10
17856,0.001953125,9
17857,0.0009765625,10
17858,0.0009765625,10
17859,0.0009765625,10
17860,0.001953125,9
17861,0.0009765625,10
17862,0.0009765625,10
17863,0.0009765625,10
17864,0.001953125,9
17865,0.0009765625,10
17866,0.0009765625,10
17867,0.0009765625,10
17868,0.0009765625,10
17869,0.001953125,9
17870,0.0009765625,10
17871,0.0009765625,10
17872,0.0009765625,10
17873,0.001953125,9
17874,0.0009765625,10
17875,0.0009765625,10
17876,0.0009765625,10
17877,0.0009765625,10
17878,0.001953125,9
17879,0.0009765625,10
17880,0.0009765625,10
17881,0.0009765625,10
17882,0.001953125,9
17883,0.0009765625,10
17884,0.0009765625,10
17885,0.0009765625,10
17886,0.001953125,9
17887,0.0009765625,10
17888,0.0009765625,10
17889,0.0009765625,10
17890,0.0009765625,10
17891,0.001953125,9
17892,0.0009765625,10
17893,0.0009765625,10
17894,0.0009765625,10
17895,0.001953125,9
17896,0.0009765625,10
17897,0.0009765625,10
17898,0.0009765625,10
17899,0.001953125,9
17900,0.0009765625,10
17901,0.0009765625,10
17902,0.0009765625,10
17903,0.0009765625,10
17904,0.001953125,9
17905,0.0009765625,10
17906,0.0009765625,10
17907,0.0009765625,10
17908,0.001953125,9
17909,0.0009765625,10
17910,0.0009765625,10
17911,0.0009765625,10
17912,0.0009765625,10
17913,0.001953125,9
17914,0.0009765625,10
17915,0.0009765625,10
17916,0.0009765625,10
17917,0.001953125,9
17918,0.0009765625,10
17919,0.0009765625,10
17920,0.0009765625,10
17921,0.001953125,9
17922,0.0009765625,10
17923,0.0009765625,10
17924,0.0009765625,10
17925,0.0009765625,10
17926,0.001953125,9
17927,0.0009765625,10
17928,0.0009765625,10
17929,0.0009765625,10
17930,0.001953125,9
17931,0.0009765625,10
17932,0.0009765625,10
17933,0.0009765625,10
17934,0.001953125,9
17935,0.0009765625,10
17936,0.0009765625,10
17937,0.0009765625,10
17938,0.0009765625,10
17939,0.001953125,9
17940,0.0009765625,10
17941,0.0009765625,10
17942,0.0009765625,10
17943,0.001953125,9
17944,0.0009765625,10
17945,0.0009765625,10
17946,0.0009765625,10
17947,0.001953125,9
17948,0.0009765625,10
17949,0.0009765625,10
17950,0.0009765625,10
17951,0.0009765625,10
17952,0.001953125,9
17953,0.0009765625,10
17954,0.0009765625,10
17955,0.0009765625,10
17956,0.001953125,9
17957,0.0009765625,10
17958,0.0009765625,10
17959,0.0009765625,10
17960,0.0009765625,10
17961,0.001953125,9
17962,0.0009765625,10
17963,0.0009765625,10
17964,0.0009765625,10
17965,0.001953125,9
17966,0.0009765625,10
17967,0.0009765625,10
17968,0.0009765625,10
17969,0.001953125,9
17970,0.0009765625,10
17971,0.0009765625,10
17972,0.0009765625,10
17973,0.0009765625,10
17974,0.001953125,9
17975,0.0009765625,10
17976,0.0009765625,10
17977,0.0009765625,10
17978,0.001953125,9
17979,0.0009765625,10
17980,0.0009765625,10
17981,0.0009765625,10
17982,0.001953125,9
17983,0.0009765625,10
17984,0.0009765625,10
17985,0.0009765625,10
17986,0.0009765625,10
17987,0.001953125,9
17988,0.0009765625,10
17989,0.0009765625,10
17990,0.0009765625,10
17991,0.001953125,9
17992,0.0009765625,10
17993,0.0009765625,10
17994,0.0009765625,10
17995,0.0009765625,10
17996,0.001953125,9
17997,0.0009765625,10
17998,0.0009765625,10
17999,0.0009765625,10
18000,0.001953125,9
18001,0.0009765625,10
18002,0.0009765625,10
18003,0.0009765625,10
18004,0.001953125,9
18005,0.0009765625,10
18006,0.0009765625,10
18007,0.0009765625,10
18008,0.0009765625,10
18009,0.001953125,9
18010,0.0009765625,10
18011,0.0009765625,10
18012,0.0009765625,10
18013,0.001953125,9
18014,0.0009765625,10
18015,0.0009765625,10
18016,0.0009765625,10
18017,0.001953125,9
18018,0.0009765625,10
18019,0.0009765625,10
18020,0.0009765625,10
18021,0.0009765625,10
18022,0.001953125,9
18023,0.0009765625,10
18024,0.0009765625,10
18025,0.0009765625,10
18026,0.001953125,9
18027,0.0009765625,10
18028,0.0009765625,10
18029,0.0009765625,10
18030,0.001953125,9
18031,0.0009765625,10
18032,0.0009765625,10
18033,0.0009765625,10
18034,0.0009765625,10
18035,0.001953125,9
18036,0.0009765625,10
18037,0.0009765625,10
18038,0.0009765625,10
18039,0.001953125,9
18040,0.0009765625,10
18041,0.0009765625,10
18042,0.0009765625,10
18043,0.0009765625,10
18044,0.001953125,9
18045,0.0009765625,10
18046,0.0009765625,10
18047,0.0009765625,10
18048,0.001953125,9
18049,0.0009765625,10
18050,0.0009765625,10
18051,0.0009765625,10
18052,0.001953125,9
18053,0.0009765625,10
18054,0.0009765625,10
18055,0.0009765625,10
18056,0.0009765625,10
18057,0.001953125,9
18058,0.0009765625,10
18059,0.0009765625,10
18060,0.0009765625,10
18061,0.001953125,9
18062,0.0009765625,10
18063,0.0009765625,10
18064,0.0009765625,10
18065,0.001953125,9
18066,0.0009765625,10
18067,0.0009765625,10
18068,0.0009765625,10
18069,0.0009765625,10
18070,0.001953125,9
18071,0.0009765625,10
18072,0.0009765625,10
18073,0.0009765625,10
18074,0.001953125,9
18075,0.0009765625,10
18076,0.0009765625,10
18077,0.0009765625,10
18078,0.0009765625,10
18079,0.001953125,9
18080,0.0009765625,10
18081,0.0009765625,10
18082,0.0009765625,10
18083,0.001953125,9
18084,0.0009765625,10
18085,0.0009765625,10
18086,0.0009765625,10
18087,0.001953125,9
18088,0.0009765625,10
18089,0.0009765625,10
18090,0.0009765625,10
18091,0.0009765625,10
18092,0.001953125,9
18093,0.0009765625,10
18094,0.0009765625,10
18095,0.0009765625,10
18096,0.001953125,9
18097,0.0009765625,10
18098,0.0009765625,10
18099,0.0009765625,10
18100,0.001953125,9
18101,0.0009765625,10
18102,0.0009765625,10
18103,0.0009765625,10
18104,0.0009765625,10
18105,0.001953125,9
18106,0.0009765625,10
18107,0.0009765625,10
18108,0.0009765625,10
18109,0.001953125,9
18110,0.0009765625,10
18111,0.0009765625,10
18112,0.0009765625,10
18113,0.001953125,9
18114,0.0009765625,10
18115,0.0009765625,10
18116,0.0009765625,10
18117,0.0009765625,10
18118,0.001953125,9
18119,0.0009765625,10
18120,0.0009765625,10
18121,0.0009765625,10
18122,0.001953125,9
18123,0.0009765625,10
18124,0.0009765625,10
18125,0.0009765625,10
18126,0.0009765625,10
18127,0.001953125,9
18128,0.0009765625,10
18129,0.0009765625,10
18130,0.0009765625,10
18131,0.001953125,9
18132,0.0009765625,10
18133,0.0009765625,10
18134,0.0009765625,10
18135,0.001953125,9
18136,0.0009765625,10
18137,0.0009765625,10
18138,0.0009765625,10
18139,0.0009765625,10
18140,0.001953125,9
18141,0.0009765625,10
18142,0.0009765625,10
18143,0.0009765625,10
18144,0.001953125,9
18145,0.0009765625,10
18146,0.0009765625,10
18147,0.0009765625,10
18148,0.001953125,9
18149,0.0009765625,10
18150,0.0009765625,10
18151,0.0009765625,10
18152,0.0009765625,10
18153,0.001953125,9
18154,0.0009765625,10
18155,0.0009765625,10
18156,0.0009765625,10
18157,0.001953125,9
18158,0.0009765625,10
18159,0.0009765625,10
18160,0.0009765625,10
18161,0.0009765625,10
18162,0.001953125,9
18163,0.0009765625,10
18164,0.0009765625,10
18165,0.0009765625,10
18166,0.001953125,9
18167,0.0009765625,10
18168,0.0009765625,10
18169,0.0009765625,10
18170,0.001953125,9
18171,0.0009765625,10
18172,0.0009765625,10
18173,0.0009765625,10
18174,0.0009765625,10
18175,0.001953125,9
18176,0.0009765625,10
18177,0.0009765625,10
18178,0.0009765625,10
18179,0.001953125,9
18180,0.0009765625,10
18181,0.0009765625,10
18182,0.0009765625,10
18183,0.001953125,9
18184,0.0009765625,10
18185,0.0009765625,10
18186,0.0009765625,10
18187,0.0009765625,10
18188,0.001953125,9
18189,0.0009765625,10
18190,0.0009765625,10
18191,0.0009765625,10
18192,0.001953125,9
18193,0.0009765625,10
18194,0.0009765625,10
18195,0.0009765625,10
18196,0.001953125,9
18197,0.0009765625,10
18198,0.0009765625,10
18199,0.0009765625,10
18200,0.0009765625,10
18201,0.001953125,9
18202,0.0009765625,10
18203,0.0009765625,10
18204,0.0009765625,10
18205,0.001953125,9
18206,0.0009765625,10
18207,0.0009765625,10
18208,0.0009765625,10
18209,0.0009765625,10
18210,0.001953125,9
18211,0.0009765625,10
18212,0.0009765625,10
18213,0.0009765625,10
18214,0.001953125,9
18215,0.0009765625,10
18216,0.0009765625,10
18217,0.0009765625,10
18218,0.001953125,9
18219,0.0009765625,10
18220,0.0009765625,10
18221,0.0009765625,10
18222,0.0009765625,10
18223,0.001953125,9
18224,0.0009765625,10
18225,0.0009765625,10
18226,0.0009765625,10
18227,0.001953125,9
18228,0.0009765625,10
18229,0.0009765625,10
18230,0.0009765625,10
18231,0.001953125,9
18232,0.0009765625,10
18233,0.0009765625,10
18234,0.0009765625,10
18235,0.0009765625,10
18236,0.001953125,9
18237,0.0009765625,10
18238,0.0009765625,10
18239,0.0009765625,10
18240,0.001953125,9
18241,0.0009765625,10
18242,0.0009765625,10
18243,0.0009765625,10
18244,0.0009765625,10
18245,0.001953125,9
18246,0.0009765625,10
18247,0.0009765625,10
18248,0.0009765625,10
18249,0.001953125,9
18250,0.0009765625,10
18251,0.0009765625,10
18252,0.0009765625,10
18253,0.001953125,9
18254,0.0009765625,10
18255,0.0009765625,10
18256,0.0009765625,10
18257,0.0009765625,10
18258,0.001953125,9
18259,0.0009765625,10
18260,0.0009765625,10
18261,0.0009765625,10
18262,0.001953125,9
18263,0.0009765625,10
18264,0.0009765625,10
18265,0.0009765625,10
18266,0.001953125,9
18267,0.0009765625,10
18268,0.0009765625,10
18269,0.0009765625,10
18270,0.0009765625,10
18271,0.001953125,9
18272,0.0009765625,10
18273,0.0009765625,10
18274,0.0009765625,10
18275,0.001953125,9
18276,0.0009765625,10
18277,0.0009765625,10
18278,0.0009765625,10
18279,0.001953125,9
18280,0.0009765625,10
18281,0.0009765625,10
18282,0.0009765625,10
18283,0.0009765625,10
18284,0.001953125,9
18285,0.0009765625,10
18286,0.0009765625,10
18287,0.0009765625,10
18288,0.001953125,9
18289,0.0009765625,10
18290,0.0009765625,10
18291,0.0009765625,10
18292,0.0009765625,10
18293,0.001953125,9
18294,0.0009765625,10
18295,0.0009765625,10
18296,0.0009765625,10
18297,0.001953125,9
18298,0.0009765625,10
18299,0.0009765625,10
18300,0.0009765625,10
18301,0.001953125,9
18302,0.0009765625,10
18303,0.0009765625,10
18304,0.0009765625,10
18305,0.0009765625,10
18306,0.001953125,9
18307,0.0009765625,10
18308,0.0009765625,10
18309,0.0009765625,10
18310,0.001953125,9
18311,0.0009765625,10
18312,0.0009765625,10
18313,0.0009765625,10
18314,0.001953125,9
18315,0.0009765625,10
18316,0.0009765625,10
18317,0.0009765625,10
18318,0.0009765625,10
18319,0.001953125,9
18320,0.0009765625,10
18321,0.0009765625,10
18322,0.0009765625,10
18323,0.001953125,9
18324,0.0009765625,10
18325,0.0009765625,10
18326,0.0009765625,10
18327,0.0009765625,10
18328,0.001953125,9
18329,0.0009765625,10
18330,0.0009765625,10
18331,0.0009765625,10
18332,0.001953125,9
18333,0.0009765625,10
18334,0.0009765625,10
18335,0.0009765625,10
18336,0.001953125,9
18337,0.0009765625,10
18338,0.0009765625,10
18339,0.0009765625,10
18340,0.0009765625,10
18341,0.001953125,9
18342,0.0009765625,10
18343,0.0009765625,10
18344,0.0009765625,10
18345,0.001953125,9
18346,0.0009765625,10
18347,0.0009765625,10
18348,0.0009765625,10
18349,0.001953125,9
18350,0.0009765625,10
18351,0.0009765625,10
18352,0.0009765625,10
18353,0.0009765625,10
18354,0.001953125,9
18355,0.0009765625,10
18356,0.0009765625,10
18357,0.0009765625,10
18358,0.001953125,9
18359,0.0009765625,10
18360,0.0009765625,10
18361,0.0009765625,10
18362,0.001953125,9
18363,0.0009765625,10
18364,0.0009765625,10
18365,0.0009765625,10
18366,0.0009765625,10
18367,0.001953125,9
18368,0.0009765625,10
18369,0.0009765625,10
18370,0.0009765625,10
18371,0.001953125,9
18372,0.0009765625,10
18373,0.0009765625,10
18374,0.0009765625,10
18375,0.0009765625,10
18376,0.001953125,9
18377,0.0009765625,10
18378,0.0009765625,10
18379,0.0009765625,10
18380,0.001953125,9
18381,0.0009765625,10
18382,0.0009765625,10
18383,0.0009765625,10
18384,0.001953125,9
18385,0.0009765625,10
18386,0.0009765625,10
18387,0.0009765625,10
18388,0.0009765625,10
18389,0.001953125,9
18390,0.0009765625,10
18391,0.0009765625,10
18392,0.0009765625,10
18393,0.001953125,9
18394,0.0009765625,10
18395,0.0009765625,10
18396,0.0009765625,10
18397,0.001953125,9
18398,0.0009765625,10
18399,0.0009765625,10
18400,0.0009765625,10
18401,0.0009765625,10
18402,0.001953125,9
18403,0.0009765625,10
18404,0.0009765625,10
18405,0.0009765625,10
18406,0.001953125,9
18407,0.0009765625,10
18408,0.0009765625,10
18409,0.0009765625,10
18410,0.0009765625,10
18411,0.001953125,9
18412,0.0009765625,10
18413,0.0009765625,10
18414,0.0009765625,10
18415,0.001953125,9
18416,0.0009765625,10
18417,0.0009765625,10
18418,0.0009765625,10
18419,0.001953125,9
18420,0.0009765625,10
18421,0.0009765625,10
18422,0.0009765625,10
18423,0.0009765625,10
18424,0.001953125,9
18425,0.0009765625,10
18426,0.0009765625,10
18427,0.0009765625,10
18428,0.001953125,9
18429,0.0009765625,10
18430,0.0009765625,10
18431,0.0009765625,10
18432,0.001953125,9
18433,0.0009765625,10
18434,0.0009765625,10
18435,0.0009765625,10
18436,0.0009765625,10
18437,0.001953125,9
18438,0.0009765625,10
18439,0.0009765625,10
18440,0.0009765625,10
18441,0.001953125,9
18442,0.0009765625,10
18443,0.0009765625,10
18444,0.0009765625,10
18445,0.001953125,9
18446,0.0009765625,10
18447,0.0009765625,10
18448,0.0009765625,10
18449,0.0009765625,10
18450,0.001953125,9
18451,0.0009765625,10
18452,0.0009765625,10
18453,0.0009765625,10
18454,0.001953125,9
18455,0.0009765625,10
18456,0.0009765625,10
18457,0.0009765625,10
18458,0.0009765625,10
18459,0.001953125,9
18460,0.0009765625,10
18461,0.0009765625,10
18462,0.0009765625,10
18463,0.001953125,9
18464,0.0009765625,10
18465,0.0009765625,10
18466,0.0009765625,10
18467,0.001953125,9
18468,0.0009765625,10
18469,0.0009765625,10
18470,0.0009765625,10
18471,0.0009765625,10
18472,0.001953125,9
18473,0.0009765625,10
18474,0.0009765625,10
18475,0.0009765625,10
18476,0.001953125,9
18477,0.0009765625,10
18478,0.0009765625,10
18479,0.0009765625,10
18480,0.001953125,9
18481,0.0009765625,10
18482,0.0009765625,10
18483,0.0009765625,10
18484,0.0009765625,10
18485,0.001953125,9
18486,0.0009765625,10
18487,0.0009765625,10
18488,0.0009765625,10
18489,0.001953125,9
18490,0.0009765625,10
18491,0.0009765625,10
18492,0.0009765625,10
18493,0.0009765625,10
18494,0.001953125,9
18495,0.0009765625,10
18496,0.0009765625,10
18497,0.0009765625,10
18498,0.001953125,9
18499,0.0009765625,10
18500,0.0009765625,10
18501,0.0009765625,10
18502,0.001953125,9
18503,0.0009765625,10
18504,0.0009765625,10
18505,0.0009765625,10
18506,0.0009765625,10
18507,0.001953125,9
18508,0.0009765625,10
18509,0.0009765625,10
18510,0.0009765625,10
18511,0.001953125,9
18512,0.0009765625,10
18513,0.0009765625,10
18514,0.0009765625,10
18515,0.001953125,9
18516,0.0009765625,10
18517,0.0009765625,10
18518,0.0009765625,10
18519,0.0009765625,10
18520,0.001953125,9
18521,0.0009765625,10
18522,0.0009765625,10
18523,0.0009765625,10
18524,0.001953125,9
18525,0.0009765625,10
18526,0.0009765625,10
18527,0.0009765625,10
18528,0.001953125,9
18529,0.0009765625,10
18530,0.0009765625,10
18531,0.0009765625,10
18532,0.0009765625,10
18533,0.001953125,9
18534,0.0009765625,10
18535,0.0009765625,10
18536,0.0009765625,10
18537,0.001953125,9
18538,0.0009765625,10
18539,0.0009765625,10
18540,0.0009765625,10
18541,0.0009765625,10
18542,0.001953125,9
18543,0.0009765625,10
18544,0.0009765625,10
18545,0.0009765625,10
18546,0.001953125,9
18547,0.0009765625,10
18548,0.0009765625,10
18549,0.0009765625,10
18550,0.001953125,9
18551,0.0009765625,10
18552,0.0009765625,10
18553,0.0009765625,10
18554,0.0009765625,10
18555,0.001953125,9
18556,0.0009765625,10
18557,0.0009765625,10
18558,0.0009765625,10
18559,0.001953125,9
18560,0.0009765625,10
18561,0.0009765625,10
18562,0.0009765625,10
18563,0.001953125,9
18564,0.0009765625,10
18565,0.0009765625,10
18566,0.0009765625,10
18567,0.0009765625,10
18568,0.001953125,9
18569,0.0009765625,10
18570,0.0009765625,10
18571,0.0009765625,10
18572,0.001953125,9
18573,0.0009765625,10
18574,0.0009765625,10
18575,0.0009765625,10
18576,0.0009765625,10
18577,0.001953125,9
18578,0.0009765625,10
18579,0.0009765625,10
18580,0.0009765625,10
18581,0.001953125,9
18582,0.0009765625,10
18583,0.0009765625,10
18584,0.0009765625,10
18585,0.001953125,9
18586,0.0009765625,10
18587,0.0009765625,10
18588,0.0009765625,10
18589,0.0009765625,10
18590,0.001953125,9
18591,0.0009765625,10
18592,0.0009765625,10
18593,0.0009765625,10
18594,0.001953125,9
18595,0.0009765625,10
18596,0.0009765625,10
18597,0.0009765625,10
18598,0.001953125,9
18599,0.0009765625,10
18600,0.0009765625,10
18601,0.0009765625,10
18602,0.0009765625,10
18603,0.001953125,9
18604,0.0009765625,10
18605,0.0009765625,10
18606,0.0009765625,10
18607,0.001953125,9
18608,0.0009765625,10
18609,0.0009765625,10
18610,0.0009765625,10
18611,0.001953125,9
18612,0.0009765625,10
18613,0.0009765625,10
18614,0.0009765625,10
18615,0.0009765625,10
18616,0.001953125,9
18617,0.0009765625,10
18618,0.0009765625,10
18619,0.0009765625,10
18620,0.001953125,9
18621,0.0009765625,10
18622,0.0009765625,10
18623,0.0009765625,10
18624,0.0009765625,10
18625,0.001953125,9
18626,0.0009765625,10
18627,0.0009765625,10
18628,0.0009765625,10
18629,0.001953125,9
18630,0.0009765625,10
18631,0.0009765625,10
18632,0.0009765625,10
18633,0.001953125,9
18634,0.0009765625,10
18635,0.0009765625,10
18636,0.0009765625,10
18637,0.0009765625,10
18638,0.001953125,9
18639,0.0009765625,10
18640,0.0009765625,10
18641,0.0009765625,10
18642,0.001953125,9
18643,0.0009765625,10
18644,0.0009765625,10
18645,0.0009765625,10
18646,0.001953125,9
18647,0.0009765625,10
18648,0.0009765625,10
18649,0.0009765625,10
18650,0.0009765625,10
18651,0.001953125,9
18652,0.0009765625,10
18653,0.0009765625,10
18654,0.0009765625,10
18655,0.001953125,9
18656,0.0009765625,10
18657,0.0009765625,10
18658,0.0009765625,10
18659,0.0009765625,10
18660,0.001953125,9
18661,0.0009765625,10
18662,0.0009765625,10
18663,0.0009765625,10
18664,0.001953125,9
18665,0.0009765625,10
18666,0.0009765625,10
18667,0.0009765625,10
18668,0.001953125,9
18669,0.0009765625,10
18670,0.0009765625,10
18671,0.0009765625,10
18672,0.0009765625,10
18673,0.001953125,9
18674,0.0009765625,10
18675,0.0009765625,10
18676,0.0009765625,10
18677,0.001953125,9
18678,0.0009765625,10
18679,0.0009765625,10
18680,0.0009765625,10
18681,0.001953125,9
18682,0.0009765625,10
18683,0.0009765625,10
18684,0.0009765625,10
18685,0.0009765625,10
18686,0.001953125,9
18687,0.0009765625,10
18688,0.0009765625,10
18689,0.0009765625,10
18690,0.001953125,9
18691,0.0009765625,10
18692,0.0009765625,10
18693,0.0009765625,10
18694,0.001953125,9
18695,0.0009765625,10
18696,0.0009765625,10
18697,0.0009765625,10
18698,0.0009765625,10
18699,0.001953125,9
18700,0.0009765625,10
18701,0.0009765625,10
18702,0.0009765625,10
18703,0.001953125,9
18704,0.0009765625,10
18705,0.0009765625,10
18706,0.0009765625,10
18707,0.0009765625,10
18708,0.001953125,9
18709,0.0009765625,10
18710,0.0009765625,10
18711,0.0009765625,10
18712,0.001953125,9
18713,0.0009765625,10
18714,0.0009765625,10
18715,0.0009765625,10
18716,0.001953125,9
18717,0.0009765625,10
18718,0.0009765625,10
18719,0.0009765625,10
18720,0.0009765625,10
18721,0.001953125,9
18722,0.0009765625,10
18723,0.0009765625,10
18724,0.0009765625,10
18725,0.001953125,9
18726,0.0009765625,10
18727,0.0009765625,10
18728,0.0009765625,10
18729,0.001953125,9
18730,0.0009765625,10
18731,0.0009765625,10
18732,0.0009765625,10
18733,0.0009765625,10
18734,0.001953125,9
18735,0.0009765625,10
18736,0.0009765625,10
18737,0.0009765625,10
18738,0.001953125,9
18739,0.0009765625,10
18740,0.0009765625,10
18741,0.0009765625,10
18742,0.0009765625,10
18743,0.001953125,9
18744,0.0009765625,10
18745,0.0009765625,10
18746,0.0009765625,10
18747,0.001953125,9
18748,0.0009765625,10
18749,0.0009765625,10
18750,0.0009765625,10
18751,0.001953125,9
18752,0.0009765625,10
18753,0.0009765625,10
18754,0.0009765625,10
18755,0.0009765625,10
18756,0.001953125,9
18757,0.0009765625,10
18758,0.0009765625,10
18759,0.0009765625,10
18760,0.001953125,9
18761,0.0009765625,10
18762,0.0009765625,10
18763,0.0009765625,10
18764,0.001953125,9
18765,0.0009765625,10
18766,0.0009765625,10
18767,0.0009765625,10
18768,0.0009765625,10
18769,0.001953125,9
18770,0.0009765625,10
18771,0.0009765625,10
18772,0.0009765625,10
18773,0.001953125,9
18774,0.0009765625,10
18775,0.0009765625,10
18776,0.0009765625,10
18777,0.001953125,9
18778,0.0009765625,10
18779,0.0009765625,10
18780,0.0009765625,10
18781,0.0009765625,10
18782,0.001953125,9
18783,0.0009765625,10
18784,0.0009765625,10
18785,0.0009765625,10
18786,0.001953125,9
18787,0.0009765625,10
18788,0.0009765625,10
18789,0.0009765625,10
18790,0.0009765625,10
18791,0.001953125,9
18792,0.0009765625,10
18793,0.0009765625,10
18794,0.0009765625,10
18795,0.001953125,9
18796,0.0009765625,10
18797,0.0009765625,10
18798,0.0009765625,10
18799,0.001953125,9
18800,0.0009765625,10
18801,0.0009765625,10
18802,0.0009765625,10
18803,0.0009765625,10
18804,0.001953125,9
18805,0.0009765625,10
18806,0.0009765625,10
18807,0.0009765625,10
18808,0.001953125,9
18809,0.0009765625,10
18810,0.0009765625,10
18811,0.0009765625,10
18812,0.001953125,9
18813,0.0009765625,10
18814,0.0009765625,10
18815,0.0009765625,10
18816,0.0009765625,10
18817,0.001953125,9
18818,0.0009765625,10
18819,0.0009765625,10
18820,0.0009765625,10
18821,0.001953125,9
18822,0.0009765625,10
18823,0.0009765625,10
18824,0.0009765625,10
18825,0.0009765625,10
18826,0.001953125,9
18827,0.0009765625,10
18828,0.0009765625,10
18829,0.0009765625,10
18830,0.001953125,9
18831,0.0009765625,10
18832,0.0009765625,10
18833,0.0009765625,10
18834,0.001953125,9
18835,0.0009765625,10
18836,0.0009765625,10
18837,0.0009765625,10
18838,0.0009765625,10
18839,0.001953125,9
18840,0.0009765625,10
18841,0.0009765625,10
18842,0.0009765625,10
18843,0.001953125,9
18844,0.0009765625,10
18845,0.0009765625,10
18846,0.0009765625,10
18847,0.001953125,9
18848,0.0009765625,10
18849,0.0009765625,10
18850,0.0009765625,10
18851,0.0009765625,10
18852,0.001953125,9
18853,0.0009765625,10
18854,0.0009765625,10
18855,0.0009765625,10
18856,0.001953125,9
18857,0.0009765625,10
18858,0.0009765625,10
18859,0.0009765625,10
18860,0.001953125,9
18861,0.0009765625,10
18862,0.0009765625,10
18863,0.0009765625,10
18864,0.0009765625,10
18865,0.001953125,9
18866,0.0009765625,10
18867,0.0009765625,10
18868,0.0009765625,10
18869,0.001953125,9
18870,0.0009765625,10
18871,0.0009765625,10
18872,0.0009765625,10
18873,0.0009765625,10
18874,0.001953125,9
18875,0.0009765625,10
18876,0.0009765625,10
18877,0.0009765625,10
18878,0.001953125,9
18879,0.0009765625,10
18880,0.0009765625,10
18881,0.0009765625,10
18882,0.001953125,9
18883,0.0009765625,10
18884,0.0009765625,10
18885,0.0009765625,10
18886,0.0009765625,10
18887,0.001953125,9
18888,0.0009765625,10
18889,0.0009765625,10
18890,0.0009765625,10
18891,0.001953125,9
18892,0.0009765625,10
18893,0.0009765625,10
18894,0.0009765625,10
18895,0.001953125,9
18896,0.0009765625,10
18897,0.0009765625,10
18898,0.0009765625,10
18899,0.0009765625,10
18900,0.001953125,9
18901,0.0009765625,10
18902,0.0009765625,10
18903,0.0009765625,10
18904,0.001953125,9
18905,0.0009765625,10
18906,0.0009765625,10
18907,0.0009765625,10
18908,0.0009765625,10
18909,0.001953125,9
18910,0.0009765625,10
18911,0.0009765625,10
18912,0.0009765625,10
18913,0.001953125,9
18914,0.0009765625,10
18915,0.0009765625,10
18916,0.0009765625,10
18917,0.001953125,9
18918,0.0009765625,10
18919,0.0009765625,10
18920,0.0009765625,10
18921,0.0009765625,10
18922,0.001953125,9
18923,0.0009765625,10
18924,0.0009765625,10
18925,0.0009765625,10
18926,0.001953125,9
18927,0.0009765625,10
18928,0.0009765625,10
18929,0.0009765625,10
18930,0.001953125,9
18931,0.0009765625,10
18932,0.0009765625,10
18933,0.0009765625,10
18934,0.0009765625,10
18935,0.001953125,9
18936,0.0009765625,10
18937,0.0009765625,10
18938,0.0009765625,10
18939,0.001953125,9
18940,0.0009765625,10
18941,0.0009765625,10
18942,0.0009765625,10
18943,0.001953125,9
18944,0.0009765625,10
18945,0.0009765625,10
18946,0.0009765625,10
18947,0.0009765625,10
18948,0.001953125,9
18949,0.0009765625,10
18950,0.0009765625,10
18951,0.0009765625,10
18952,0.001953125,9
18953,0.0009765625,10
18954,0.0009765625,10
18955,0.0009765625,10
18956,0.0009765625,10
18957,0.001953125,9
18958,0.0009765625,10
18959,0.0009765625,10
18960,0.0009765625,10
18961,0.001953125,9
18962,0.0009765625,10
18963,0.0009765625,10
18964,0.0009765625,10
18965,0.001953125,9
18966,0.0009765625,10
18967,0.0009765625,10
18968,0.0009765625,10
18969,0.0009765625,10
18970,0.001953125,9
18971,0.0009765625,10
18972,0.0009765625,10
18973,0.0009765625,10
18974,0.001953125,9
18975,0.0009765625,10
18976,0.0009765625,10
18977,0.0009765625,10
18978,0.001953125,9
18979,0.0009765625,10
18980,0.0009765625,10
18981,0.0009765625,10
18982,0.0009765625,10
18983,0.001953125,9
18984,0.0009765625,10
18985,0.0009765625,10
18986,0.0009765625,10
18987,0.001953125,9
18988,0.0009765625,10
18989,0.0009765625,10
18990,0.0009765625,10
18991,0.0009765625,10
18992,0.001953125,9
18993,0.0009765625,10
18994,0.0009765625,10
18995,0.0009765625,10
18996,0.001953125,9
18997,0.0009765625,10
18998,0.0009765625,10
18999,0.0009765625,10
19000,0.001953125,9
19001,0.0009765625,10
19002,0.0009765625,10
19003,0.0009765625,10
19004,0.0009765625,10
19005,0.001953125,9
19006,0.0009765625,10
19007,0.0009765625,10
19008,0.0009765625,10
19009,0.001953125,9
19010,0.0009765625,10
19011,0.0009765625,10
19012,0.0009765625,10
19013,0.001953125,9
19014,0.0009765625,10
19015,0.0009765625,10
19016,0.0009765625,10
19017,0.0009765625,10
19018,0.001953125,9
19019,0.0009765625,10
19020,0.0009765625,10
19021,0.0009765625,10
19022,0.001953125,9
19023,0.0009765625,10
19024,0.0009765625,10
19025,0.0009765625,10
19026,0.001953125,9
19027,0.0009765625,10
19028,0.0009765625,10
19029,0.0009765625,10
19030,0.0009765625,10
19031,0.001953125,9
19032,0.0009765625,10
19033,0.0009765625,10
19034,0.0009765625,10
19035,0.001953125,9
19036,0.0009765625,10
19037,0.0009765625,10
19038,0.0009765625,10
19039,0.0009765625,10
19040,0.001953125,9
19041,0.0009765625,10
19042,0.0009765625,10
19043,0.0009765625,10
19044,0.001953125,9
19045,0.0009765625,10
19046,0.0009765625,10
19047,0.0009765625,10
19048,0.001953125,9
19049,0.0009765625,10
19050,0.0009765625,10
19051,0.0009765625,10
19052,0.0009765625,10
19053,0.001953125,9
19054,0.0009765625,10
19055,0.0009765625,10
19056,0.0009765625,10
19057,0.001953125,9
19058,0.0009765625,10
19059,0.0009765625,10
19060,0.0009765625,10
19061,0.001953125,9
19062,0.0009765625,10
19063,0.0009765625,10
19064,0.0009765625,10
19065,0.0009765625,10
19066,0.001953125,9
19067,0.0009765625,10
19068,0.0009765625,10
19069,0.0009765625,10
19070,0.001953125,9
19071,0.0009765625,10
19072,0.0009765625,10
19073,0.0009765625,10
19074,0.0009765625,10
19075,0.001953125,9
19076,0.0009765625,10
19077,0.0009765625,10
19078,0.0009765625,10
19079,0.001953125,9
19080,0.0009765625,10
19081,0.0009765625,10
19082,0.0009765625,10
19083,0.001953125,9
19084,0.0009765625,10
19085,0.0009765625,10
19086,0.0009765625,10
19087,0.0009765625,10
19088,0.001953125,9
19089,0.0009765625,10
19090,0.0009765625,10
19091,0.0009765625,10
19092,0.001953125,9
19093,0.0009765625,10
19094,0.0009765625,10
19095,0.0009765625,10
19096,0.001953125,9
19097,0.0009765625,10
19098,0.0009765625,10
19099,0.0009765625,10
19100,0.0009765625,10
19101,0.001953125,9
19102,0.0009765625,10
19103,0.0009765625,10
19104,0.0009765625,10
19105,0.001953125,9
19106,0.0009765625,10
19107,0.0009765625,10
19108,0.0009765625,10
19109,0.001953125,9
19110,0.0009765625,10
19111,0.0009765625,10
19112,0.0009765625,10
19113,0.0009765625,10
19114,0.001953125,9
19115,0.0009765625,10
19116,0.0009765625,10
19117,0.0009765625,10
19118,0.001953125,9
19119,0.0009765625,10
19120,0.0009765625,10
19121,0.0009765625,10
19122,0.0009765625,10
19123,0.001953125,9
19124,0.0009765625,10
19125,0.0009765625,10
19126,0.0009765625,10
19127,0.001953125,9
19128,0.0009765625,10
19129,0.0009765625,10
19130,0.0009765625,10
19131,0.001953125,9
19132,0.0009765625,10
19133,0.0009765625,10
19134,0.0009765625,10
19135,0.0009765625,10
19136,0.001953125,9
19137,0.0009765625,10
19138,0.0009765625,10
19139,0.0009765625,10
19140,0.001953125,9
19141,0.0009765625,10
19142,0.0009765625,10
19143,0.0009765625,10
19144,0.001953125,9
19145,0.0009765625,10
19146,0.0009765625,10
19147,0.0009765625,10
19148,0.0009765625,10
19149,0.001953125,9
19150,0.0009765625,10
19151,0.0009765625,10
19152,0.0009765625,10
19153,0.001953125,9
19154,0.0009765625,10
19155,0.0009765625,10
19156,0.0009765625,10
19157,0.0009765625,10
19158,0.001953125,9
19159,0.0009765625,10
19160,0.0009765625,10
19161,0.0009765625,10
19162,0.001953125,9
19163,0.0009765625,10
19164,0.0009765625,10
19165,0.0009765625,10
19166,0.001953125,9
19167,0.0009765625,10
19168,0.0009765625,10
19169,0.0009765625,10
19170,0.0009765625,10
19171,0.001953125,9
19172,0.0009765625,10
19173,0.0009765625,10
19174,0.0009765625,10
19175,0.001953125,9
19176,0.0009765625,10
19177,0.0009765625,10
19178,0.0009765625,10
19179,0.001953125,9
19180,0.0009765625,10
19181,0.0009765625,10
19182,0.0009765625,10
19183,0.0009765625,10
19184,0.001953125,9
19185,0.0009765625,10
19186,0.0009765625,10
19187,0.0009765625,10
19188,0.001953125,9
19189,0.0009765625,10
19190,0.0009765625,10
19191,0.0009765625,10
19192,0.001953125,9
19193,0.0009765625,10
19194,0.0009765625,10
19195,0.0009765625,10
19196,0.0009765625,10
19197,0.001953125,9
19198,0.0009765625,10
19199,0.0009765625,10
19200,0.0009765625,10
19201,0.001953125,9
19202,0.0009765625,10
19203,0.0009765625,10
19204,0.0009765625,10
19205,0.0009765625,10
19206,0.001953125,9
19207,0.0009765625,10
19208,0.0009765625,10
19209,0.0009765625,10
19210,0.001953125,9
19211,0.0009765625,10
19212,0.0009765625,10
19213,0.0009765625,10
19214,0.001953125,9
19215,0.0009765625,10
19216,0.0009765625,10
19217,0.0009765625,10
19218,0.0009765625,10
19219,0.001953125,9
19220,0.0009765625,10
19221,0.0009765625,10
19222,0.0009765625,10
19223,0.001953125,9
19224,0.0009765625,10
19225,0.0009765625,10
19226,0.0009765625,10
19227,0.001953125,9
19228,0.0009765625,10
19229,0.0009765625,10
19230,0.0009765625,10
19231,0.0009765625,10
19232,0.001953125,9
19233,0.0009765625,10
19234,0.0009765625,10
19235,0.0009765625,10
19236,0.001953125,9
19237,0.0009765625,10
19238,0.0009765625,10
19239,0.0009765625,10
19240,0.0009765625,10
19241,0.001953125,9
19242,0.0009765625,10
19243,0.0009765625,10
19244,0.0009765625,10
19245,0.001953125,9
19246,0.0009765625,10
19247,0.0009765625,10
19248,0.0009765625,10
19249,0.001953125,9
19250,0.0009765625,10
19251,0.0009765625,10
19252,0.0009765625,10
19253,0.0009765625,10
19254,0.001953125,9
19255,0.0009765625,10
19256,0.0009765625,10
19257,0.0009765625,10
19258,0.001953125,9
19259,0.0009765625,10
19260,0.0009765625,10
19261,0.0009765625,10
19262,0.001953125,9
19263,0.0009765625,10
19264,0.0009765625,10
19265,0.0009765625,10
19266,0.0009765625,10
19267,0.001953125,9
19268,0.0009765625,10
19269,0.0009765625,10
19270,0.0009765625,10
19271,0.001953125,9
19272,0.0009765625,10
19273,0.0009765625,10
19274,0.0009765625,10
19275,0.001953125,9
19276,0.0009765625,10
19277,0.0009765625,10
19278,0.0009765625,10
19279,0.0009765625,10
19280,0.001953125,9
19281,0.0009765625,10
19282,0.0009765625,10
19283,0.0009765625,10
19284,0.001953125,9
19285,0.0009765625,10
19286,0.0009765625,10
19287,0.0009765625,10
19288,0.0009765625,10
19289,0.001953125,9
19290,0.0009765625,10
19291,0.0009765625,10
19292,0.0009765625,10
19293,0.001953125,9
19294,0.0009765625,10
19295,0.0009765625,10
19296,0.0009765625,10
19297,0.001953125,9
19298,0.0009765625,10
19299,0.0009765625,10
19300,0.0009765625,10
19301,0.0009765625,10
19302,0.001953125,9
19303,0.0009765625,10
19304,0.0009765625,10
19305,0.0009765625,10
19306,0.001953125,9
19307,0.0009765625,10
19308,0.0009765625,10
19309,0.0009765625,10
19310,0.001953125,9
19311,0.0009765625,10
19312,0.0009765625,10
19313,0.0009765625,10
19314,0.0009765625,10
19315,0.001953125,9
19316,0.0009765625,10
19317,0.0009765625,10
19318,0.0009765625,10
19319,0.001953125,9
19320,0.0009765625,10
19321,0.0009765625,10
19322,0.0009765625,10
19323,0.0009765625,10
19324,0.001953125,9
19325,0.0009765625,10
19326,0.0009765625,10
19327,0.0009765625,10
19328,0.001953125,9
19329,0.0009765625,10
19330,0.0009765625,10
19331,0.0009765625,10
19332,0.001953125,9
19333,0.0009765625,10
19334,0.0009765625,10
19335,0.0009765625,10
19336,0.0009765625,10
19337,0.001953125,9
19338,0.0009765625,10
19339,0.0009765625,10
19340,0.0009765625,10
19341,0.001953125,9
19342,0.0009765625,10
19343,0.0009765625,10
19344,0.0009765625,10
19345,0.001953125,9
19346,0.0009765625,10
19347,0.0009765625,10
19348,0.0009765625,10
19349,0.0009765625,10
19350,0.001953125,9
19351,0.0009765625,10
19352,0.0009765625,10
19353,0.0009765625,10
19354,0.001953125,9
19355,0.0009765625,10
19356,0.0009765625,10
19357,0.0009765625,10
19358,0.001953125,9
19359,0.0009765625,10
19360,0.0009765625,10
19361,0.0009765625,10
19362,0.0009765625,10
19363,0.001953125,9
19364,0.0009765625,10
19365,0.0009765625,10
19366,0.0009765625,10
19367,0.001953125,9
19368,0.0009765625,10
19369,0.0009765625,10
19370,0.0009765625,10
19371,0.0009765625,10
19372,0.001953125,9
19373,0.0009765625,10
19374,0.0009765625,10
19375,0.0009765625,10
19376,0.001953125,9
19377,0.0009765625,10
19378,0.0009765625,10
19379,0.0009765625,10
19380,0.001953125,9
19381,0.0009765625,10
19382,0.0009765625,10
19383,0.0009765625,10
19384,0.0009765625,10
19385,0.001953125,9
19386,0.0009765625,10
19387,0.0009765625,10
19388,0.0009765625,10
19389,0.001953125,9
19390,0.0009765625,10
19391,0.0009765625,10
19392,0.0009765625,10
19393,0.001953125,9
19394,0.0009765625,10
19395,0.0009765625,10
19396,0.0009765625,10
19397,0.0009765625,10
19398,0.001953125,9
19399,0.0009765625,10
19400,0.0009765625,10
19401,0.0009765625,10
19402,0.001953125,9
19403,0.0009765625,10
19404,0.0009765625,10
19405,0.0009765625,10
19406,0.0009765625,10
19407,0.001953125,9
19408,0.0009765625,10
19409,0.0009765625,10
19410,0.0009765625,10
19411,0.001953125,9
19412,0.0009765625,10
19413,0.0009765625,10
19414,0.0009765625,10
19415,0.001953125,9
19416,0.0009765625,10
19417,0.0009765625,10
19418,0.0009765625,10
19419,0.0009765625,10
19420,0.001953125,9
19421,0.0009765625,10
19422,0.0009765625,10
19423,0.0009765625,10
19424,0.001953125,9
19425,0.0009765625,10
19426,0.0009765625,10
19427,0.0009765625,10
19428,0.001953125,9
19429,0.0009765625,10
19430,0.0009765625,10
19431,0.0009765625,10
19432,0.0009765625,10
19433,0.001953125,9
19434,0.0009765625,10
19435,0.0009765625,10
19436,0.0009765625,10
19437,0.001953125,9
19438,0.0009765625,10
19439,0.0009765625,10
19440,0.0009765625,10
19441,0.001953125,9
19442,0.0009765625,10
19443,0.0009765625,10
19444,0.0009765625,10
19445,0.0009765625,10
19446,0.001953125,9
19447,0.0009765625,10
19448,0.0009765625,10
19449,0.0009765625,10
19450,0.001953125,9
19451,0.0009765625,10
19452,0.0009765625,10
19453,0.0009765625,10
19454,0.0009765625,10
19455,0.001953125,9
19456,0.0009765625,10
19457,0.0009765625,10
19458,0.0009765625,10
19459,0.001953125,9
19460,0.0009765625,10
19461,0.0009765625,10
19462,0.0009765625,10
19463,0.001953125,9
19464,0.0009765625,10
19465,0.0009765625,10
19466,0.0009765625,10
19467,0.0009765625,10
19468,0.001953125,9
19469,0.0009765625,10
19470,0.0009765625,10
19471,0.0009765625,10
19472,0.001953125,9
19473,0.0009765625,10
19474,0.0009765625,10
19475,0.0009765625,10
19476,0.001953125,9
19477,0.0009765625,10
19478,0.0009765625,10
19479,0.0009765625,10
19480,0.0009765625,10
19481,0.001953125,9
19482,0.0009765625,10
19483,0.0009765625,10
19484,0.0009765625,10
19485,0.001953125,9
19486,0.0009765625,10
19487,0.0009765625,10
19488,0.0009765625,10
19489,0.0009765625,10
19490,0.001953125,9
19491,0.0009765625,10
19492,0.0009765625,10
19493,0.0009765625,10
19494,0.001953125,9
19495,0.0009765625,10
19496,0.0009765625,10
19497,0.0009765625,10
19498,0.001953125,9
19499,0.0009765625,10
19500,0.0009765625,10
19501,0.0009765625,10
19502,0.0009765625,10
19503,0.001953125,9
19504,0.0009765625,10
19505,0.0009765625,10
19506,0.0009765625,10
19507,0.001953125,9
19508,0.0009765625,10
19509,0.0009765625,10
19510,0.0009765625,10
19511,0.001953125,9
19512,0.0009765625,10
19513,0.0009765625,10
19514,0.0009765625,10
19515,0.0009765625,10
19516,0.001953125,9
19517,0.0009765625,10
19518,0.0009765625,10
19519,0.0009765625,10
19520,0.001953125,9
19521,0.0009765625,10
19522,0.0009765625,10
19523,0.0009765625,10
19524,0.001953125,9
19525,0.0009765625,10
19526,0.0009765625,10
19527,0.0009765625,10
19528,0.0009765625,10
19529,0.001953125,9
19530,0.0009765625,10
19531,0.0009765625,10
19532,0.0009765625,10
19533,0.001953125,9
19534,0.0009765625,10
19535,0.0009765625,10
19536,0.0009765625,10
19537,0.0009765625,10
19538,0.001953125,9
19539,0.0009765625,10
19540,0.0009765625,10
19541,0.0009765625,10
19542,0.001953125,9
19543,0.0009765625,10
19544,0.0009765625,10
19545,0.0009765625,10
19546,0.001953125,9
19547,0.0009765625,10
19548,0.0009765625,10
19549,0.0009765625,10
19550,0.0009765625,10
19551,0.001953125,9
19552,0.0009765625,10
19553,0.0009765625,10
19554,0.0009765625,10
19555,0.001953125,9
19556,0.0009765625,10
19557,0.0009765625,10
19558,0.0009765625,10
19559,0.001953125,9
19560,0.0009765625,10
19561,0.0009765625,10
19562,0.0009765625,10
19563,0.0009765625,10
19564,0.001953125,9
19565,0.0009765625,10
19566,0.0009765625,10
19567,0.0009765625,10
19568,0.001953125,9
19569,0.0009765625,10
19570,0.0009765625,10
19571,0.0009765625,10
19572,0.0009765625,10
19573,0.001953125,9
19574,0.0009765625,10
19575,0.0009765625,10
19576,0.0009765625,10
19577,0.001953125,9
19578,0.0009765625,10
19579,0.0009765625,10
19580,0.0009765625,10
19581,0.001953125,9
19582,0.0009765625,10
19583,0.0009765625,10
19584,0.0009765625,10
19585,0.0009765625,10
19586,0.001953125,9
19587,0.0009765625,10
19588,0.0009765625,10
19589,0.0009765625,10
19590,0.001953125,9
19591,0.0009765625,10
19592,0.0009765625,10
19593,0.0009765625,10
19594,0.001953125,9
19595,0.0009765625,10
19596,0.0009765625,10
19597,0.0009765625,10
19598,0.0009765625,10
19599,0.001953125,9
19600,0.0009765625,10
19601,0.0009765625,10
19602,0.0009765625,10
19603,0.001953125,9
19604,0.0009765625,10
19605,0.0009765625,10
19606,0.0009765625,10
19607,0.001953125,9
19608,0.0009765625,10
19609,0.0009765625,10
19610,0.0009765625,10
19611,0.0009765625,10
19612,0.001953125,9
19613,0.0009765625,10
19614,0.0009765625,10
19615,0.0009765625,10
19616,0.001953125,9
19617,0.0009765625,10
19618,0.0009765625,10
19619,0.0009765625,10
19620,0.0009765625,10
19621,0.001953125,9
19622,0.0009765625,10
19623,0.0009765625,10
19624,0.0009765625,10
19625,0.001953125,9
19626,0.0009765625,10
19627,0.0009765625,10
19628,0.0009765625,10
19629,0.001953125,9
19630,0.0009765625,10
19631,0.0009765625,10
19632,0.0009765625,10
19633,0.0009765625,10
19634,0.001953125,9
19635,0.0009765625,10
19636,0.0009765625,10
19637,0.0009765625,10
19638,0.001953125,9
19639,0.0009765625,10
19640,0.0009765625,10
19641,0.0009765625,10
19642,0.001953125,9
19643,0.0009765625,10
19644,0.0009765625,10
19645,0.0009765625,10
19646,0.0009765625,10
19647,0.001953125,9
19648,0.0009765625,10
19649,0.0009765625,10
19650,0.0009765625,10
19651,0.001953125,9
19652,0.0009765625,10
19653,0.0009765625,10
19654,0.0009765625,10
19655,0.0009765625,10
19656,0.001953125,9
19657,0.0009765625,10
19658,0.0009765625,10
19659,0.0009765625,10
19660,0.001953125,9
19661,0.0009765625,10
19662,0.0009765625,10
19663,0.0009765625,10
19664,0.001953125,9
19665,0.0009765625,10
19666,0.0009765625,10
19667,0.0009765625,10
19668,0.0009765625,10
19669,0.001953125,9
19670,0.0009765625,10
19671,0.0009765625,10
19672,0.0009765625,10
19673,0.001953125,9
19674,0.0009765625,10
19675,0.0009765625,10
19676,0.0009765625,10
19677,0.001953125,9
19678,0.0009765625,10
19679,0.0009765625,10
19680,0.0009765625,10
19681,0.0009765625,10
19682,0.001953125,9
19683,0.0009765625,10
19684,0.0009765625,10
19685,0.0009765625,10
19686,0.001953125,9
19687,0.0009765625,10
19688,0.0009765625,10
19689,0.0009765625,10
19690,0.001953125,9
19691,0.0009765625,10
19692,0.0009765625,10
19693,0.0009765625,10
19694,0.0009765625,10
19695,0.001953125,9
19696,0.0009765625,10
19697,0.0009765625,10
19698,0.0009765625,10
19699,0.001953125,9
19700,0.0009765625,10
19701,0.0009765625,10
19702,0.0009765625,10
19703,0.0009765625,10
19704,0.001953125,9
19705,0.0009765625,10
19706,0.0009765625,10
19707,0.0009765625,10
19708,0.001953125,9
19709,0.0009765625,10
19710,0.0009765625,10
19711,0.0009765625,10
19712,0.001953125,9
19713,0.0009765625,10
19714,0.0009765625,10
19715,0.0009765625,10
19716,0.0009765625,10
19717,0.001953125,9
19718,0.0009765625,10
19719,0.0009765625,10
19720,0.0009765625,10
19721,0.001953125,9
19722,0.0009765625,10
19723,0.0009765625,10
19724,0.0009765625,10
19725,0.001953125,9
19726,0.0009765625,10
19727,0.0009765625,10
19728,0.0009765625,10
19729,0.0009765625,10
19730,0.001953125,9
19731,0.0009765625,10
19732,0.0009765625,10
19733,0.0009765625,10
19734,0.001953125,9
19735,0.0009765625,10
19736,0.0009765625,10
19737,0.0009765625,10
19738,0.0009765625,10
19739,0.001953125,9
19740,0.0009765625,10
19741,0.0009765625,10
19742,0.0009765625,10
19743,0.001953125,9
19744,0.0009765625,10
19745,0.0009765625,10
19746,0.0009765625,10
19747,0.001953125,9
19748,0.0009765625,10
19749,0.0009765625,10
19750,0.0009765625,10
19751,0.0009765625,10
19752,0.001953125,9
19753,0.0009765625,10
19754,0.0009765625,10
19755,0.0009765625,10
19756,0.001953125,9
19757,0.0009765625,10
19758,0.0009765625,10
19759,0.0009765625,10
19760,0.001953125,9
19761,0.0009765625,10
19762,0.0009765625,10
19763,0.0009765625,10
19764,0.0009765625,10
19765,0.001953125,9
19766,0.0009765625,10
19767,0.0009765625,10
19768,0.0009765625,10
19769,0.001953125,9
19770,0.0009765625,10
19771,0.0009765625,10
19772,0.0009765625,10
19773,0.001953125,9
19774,0.0009765625,10
19775,0.0009765625,10
19776,0.0009765625,10
19777,0.0009765625,10
19778,0.001953125,9
19779,0.0009765625,10
19780,0.0009765625,10
19781,0.0009765625,10
19782,0.001953125,9
19783,0.0009765625,10
19784,0.0009765625,10
19785,0.0009765625,10
19786,0.0009765625,10
19787,0.001953125,9
19788,0.0009765625,10
19789,0.0009765625,10
19790,0.0009765625,10
19791,0.001953125,9
19792,0.0009765625,10
19793,0.0009765625,10
19794,0.0009765625,10
19795,0.001953125,9
19796,0.0009765625,10
19797,0.0009765625,10
19798,0.0009765625,10
19799,0.0009765625,10
19800,0.001953125,9
19801,0.0009765625,10
19802,0.0009765625,10
19803,0.0009765625,10
19804,0.001953125,9
19805,0.0009765625,10
19806,0.0009765625,10
19807,0.0009765625,10
19808,0.001953125,9
19809,0.0009765625,10
19810,0.0009765625,10
19811,0.0009765625,10
19812,0.0009765625,10
19813,0.001953125,9
19814,0.0009765625,10
19815,0.0009765625,10
19816,0.0009765625,10
19817,0.001953125,9
19818,0.0009765625,10
19819,0.0009765625,10
19820,0.0009765625,10
19821,0.0009765625,10
19822,0.001953125,9
19823,0.0009765625,10
19824,0.0009765625,10
19825,0.0009765625,10
19826,0.001953125,9
19827,0.0009765625,10
19828,0.0009765625,10
19829,0.0009765625,10
19830,0.001953125,9
19831,0.0009765625,10
19832,0.0009765625,10
19833,0.0009765625,10
19834,0.0009765625,10
19835,0.001953125,9
19836,0.0009765625,10
19837,0.0009765625,10
19838,0.0009765625,10
19839,0.001953125,9
19840,0.0009765625,10
19841,0.0009765625,10
19842,0.0009765625,10
19843,0.001953125,9
19844,0.0009765625,10
19845,0.0009765625,10
19846,0.0009765625,10
19847,0.0009765625,10
19848,0.001953125,9
19849,0.0009765625,10
19850,0.0009765625,10
19851,0.0009765625,10
19852,0.001953125,9
19853,0.0009765625,10
19854,0.0009765625,10
19855,0.0009765625,10
19856,0.001953125,9
19857,0.0009765625,10
19858,0.0009765625,10
19859,0.0009765625,10
19860,0.0009765625,10
19861,0.001953125,9
19862,0.0009765625,10
19863,0.0009765625,10
19864,0.0009765625,10
19865,0.001953125,9
19866,0.0009765625,10
19867,0.0009765625,10
19868,0.0009765625,10
19869,0.0009765625,10
19870,0.001953125,9
19871,0.0009765625,10
19872,0.0009765625,10
19873,0.0009765625,10
19874,0.001953125,9
19875,0.0009765625,10
19876,0.0009765625,10
19877,0.0009765625,10
19878,0.001953125,9
19879,0.0009765625,10
19880,0.0009765625,10
19881,0.0009765625,10
19882,0.0009765625,10
19883,0.001953125,9
19884,0.0009765625,10
19885,0.0009765625,10
19886,0.0009765625,10
19887,0.001953125,9
19888,0.0009765625,10
19889,0.0009765625,10
19890,0.0009765625,10
19891,0.001953125,9
19892,0.0009765625,10
19893,0.0009765625,10
19894,0.0009765625,10
19895,0.0009765625,10
19896,0.001953125,9
19897,0.0009765625,10
19898,0.0009765625,10
19899,0.0009765625,10
19900,0.001953125,9
19901,0.0009765625,10
19902,0.0009765625,10
19903,0.0009765625,10
19904,0.0009765625,10
19905,0.001953125,9
19906,0.0009765625,10
19907,0.0009765625,10
19908,0.0009765625,10
19909,0.001953125,9
19910,0.0009765625,10
19911,0.0009765625,10
19912,0.0009765625,10
19913,0.001953125,9
19914,0.0009765625,10
19915,0.0009765625,10
19916,0.0009765625,10
19917,0.0009765625,10
19918,0.001953125,9
19919,0.0009765625,10
19920,0.0009765625,10
19921,0.0009765625,10
19922,0.001953125,9
19923,0.0009765625,10
19924,0.0009765625,10
19925,0.0009765625,10
19926,0.001953125,9
19927,0.0009765625,10
19928,0.0009765625,10
19929,0.0009765625,10
19930,0.0009765625,10
19931,0.001953125,9
19932,0.0009765625,10
19933,0.0009765625,10
19934,0.0009765625,10
19935,0.001953125,9
19936,0.0009765625,10
19937,0.0009765625,10
19938,0.0009765625,10
19939,0.001953125,9
19940,0.0009765625,10
19941,0.0009765625,10
19942,0.0009765625,10
19943,0.0009765625,10
19944,0.001953125,9
19945,0.0009765625,10
19946,0.0009765625,10
19947,0.0009765625,10
19948,0.001953125,9
19949,0.0009765625,10
19950,0.0009765625,10
19951,0.0009765625,10
19952,0.0009765625,10
19953,0.001953125,9
19954,0.0009765625,10
19955,0.0009765625,10
19956,0.0009765625,10
19957,0.001953125,9
19958,0.0009765625,10
19959,0.0009765625,10
19960,0.0009765625,10
19961,0.001953125,9
19962,0.0009765625,10
19963,0.0009765625,10
19964,0.0009765625,10
19965,0.0009765625,10
19966,0.001953125,9
19967,0.0009765625,10
19968,0.0009765625,10
19969,0.0009765625,10
19970,0.001953125,9
19971,0.0009765625,10
19972,0.0009765625,10
19973,0.0009765625,10
19974,0.001953125,9
19975,0.0009765625,10
19976,0.0009765625,10
19977,0.0009765625,10
19978,0.0009765625,10
19979,0.001953125,9
19980,0.0009765625,10
19981,0.0009765625,10
19982,0.0009765625,10
19983,0.001953125,9
19984,0.0009765625,10
19985,0.0009765625,10
19986,0.0009765625,10
19987,0.0009765625,10
19988,0.001953125,9
19989,0.0009765625,10
19990,0.0009765625,10
19991,0.0009765625,10
19992,0.001953125,9
19993,0.0009765625,10
19994,0.0009765625,10
19995,0.0009765625,10
19996,0.001953125,9
19997,0.0009765625,10
19998,0.0009765625,10
19999,0.0009765625,10
20000,0.0009765625,10
20001,0.001953125,9
20002,0.0009765625,10
20003,0.0009765625,10
20004,0.0009765625,10
20005,0.001953125,9
20006,0.0009765625,10
20007,0.0009765625,10
20008,0.0009765625,10
20009,0.001953125,9
20010,0.0009765625,10
20011,0.0009765625,10
20012,0.0009765625,10
20013,0.0009765625,10
20014,0.001953125,9
20015,0.0009765625,10
20016,0.0009765625,10
20017,0.0009765625,10
20018,0.001953125,9
20019,0.0009765625,10
20020,0.0009765625,10
20021,0.0009765625,10
20022,0.001953125,9
20023,0.0009765625,10
20024,0.0009765625,10
20025,0.0009765625,10
20026,0.0009765625,10
20027,0.001953125,9
20028,0.0009765625,10
20029,0.0009765625,10
20030,0.0009765625,10
20031,0.001953125,9
20032,0.0009765625,10
20033,0.0009765625,10
20034,0.0009765625,10
20035,0.0009765625,10
20036,0.001953125,9
20037,0.0009765625,10
20038,0.0009765625,10
20039,0.0009765625,10
20040,0.001953125,9
20041,0.0009765625,10
20042,0.0009765625,10
20043,0.0009765625,10
20044,0.001953125,9
20045,0.0009765625,10
20046,0.0009765625,10
20047,0.0009765625,10
20048,0.0009765625,10
20049,0.001953125,9
20050,0.0009765625,10
20051,0.0009765625,10
20052,0.0009765625,10
20053,0.001953125,9
20054,0.0009765625,10
20055,0.0009765625,10
20056,0.0009765625,10
20057,0.001953125,9
20058,0.0009765625,10
20059,0.0009765625,10
20060,0.0009765625,10
20061,0.0009765625,10
20062,0.001953125,9
20063,0.0009765625,10
20064,0.0009765625,10
20065,0.0009765625,10
20066,0.001953125,9
20067,0.0009765625,10
20068,0.0009765625,10
20069,0.0009765625,10
20070,0.0009765625,10
20071,0.001953125,9
20072,0.0009765625,10
20073,0.0009765625,10
20074,0.0009765625,10
20075,0.001953125,9
20076,0.0009765625,10
20077,0.0009765625,10
20078,0.0009765625,10
20079,0.001953125,9
20080,0.0009765625,10
20081,0.0009765625,10
20082,0.0009765625,10
20083,0.0009765625,10
20084,0.001953125,9
20085,0.0009765625,10
20086,0.0009765625,10
20087,0.0009765625,10
20088,0.001953125,9
20089,0.0009765625,10
20090,0.0009765625,10
20091,0.0009765625,10
20092,0.001953125,9
20093,0.0009765625,10
20094,0.0009765625,10
20095,0.0009765625,10
20096,0.0009765625,10
20097,0.001953125,9
20098,0.0009765625,10
20099,0.0009765625,10
20100,0.0009765625,10
20101,0.001953125,9
20102,0.0009765625,10
20103,0.0009765625,10
20104,0.0009765625,10
20105,0.001953125,9
20106,0.0009765625,10
20107,0.0009765625,10
20108,0.0009765625,10
20109,0.0009765625,10
20110,0.001953125,9
20111,0.0009765625,10
20112,0.0009765625,10
20113,0.0009765625,10
20114,0.001953125,9
20115,0.0009765625,10
20116,0.0009765625,10
20117,0.0009765625,10
20118,0.0009765625,10
20119,0.001953125,9
20120,0.0009765625,10
20121,0.0009765625,10
20122,0.0009765625,10
20123,0.001953125,9
20124,0.0009765625,10
20125,0.0009765625,10
20126,0.0009765625,10
20127,0.001953125,9
20128,0.0009765625,10
20129,0.0009765625,10
20130,0.0009765625,10
20131,0.0009765625,10
20132,0.001953125,9
20133,0.0009765625,10
20134,0.0009765625,10
20135,0.0009765625,10
20136,0.001953125,9
20137,0.0009765625,10
20138,0.0009765625,10
20139,0.0009765625,10
20140,0.001953125,9
20141,0.0009765625,10
20142,0.0009765625,10
20143,0.0009765625,10
20144,0.0009765625,10
20145,0.001953125,9
20146,0.0009765625,10
20147,0.0009765625,10
20148,0.0009765625,10
20149,0.001953125,9
20150,0.0009765625,10
20151,0.0009765625,10
20152,0.0009765625,10
20153,0.0009765625,10
20154,0.001953125,9
20155,0.0009765625,10
20156,0.0009765625,10
20157,0.0009765625,10
20158,0.001953125,9
20159,0.0009765625,10
20160,0.0009765625,10
20161,0.0009765625,10
20162,0.001953125,9
20163,0.0009765625,10
20164,0.0009765625,10
20165,0.0009765625,10
20166,0.0009765625,10
20167,0.001953125,9
20168,0.0009765625,10
20169,0.0009765625,10
20170,0.0009765625,10
20171,0.001953125,9
20172,0.0009765625,10
20173,0.0009765625,10
20174,0.0009765625,10
20175,0.001953125,9
20176,0.0009765625,10
20177,0.0009765625,10
20178,0.0009765625,10
20179,0.0009765625,10
20180,0.001953125,9
20181,0.0009765625,10
20182,0.0009765625,10
20183,0.0009765625,10
20184,0.001953125,9
20185,0.0009765625,10
20186,0.0009765625,10
20187,0.0009765625,10
20188,0.001953125,9
20189,0.0009765625,10
20190,0.0009765625,10
20191,0.0009765625,10
20192,0.0009765625,10
20193,0.001953125,9
20194,0.0009765625,10
20195,0.0009765625,10
20196,0.0009765625,10
20197,0.001953125,9
20198,0.0009765625,10
20199,0.0009765625,10
20200,0.0009765625,10
20201,0.0009765625,10
20202,0.001953125,9
20203,0.0009765625,10
20204,0.0009765625,10
20205,0.0009765625,10
20206,0.001953125,9
20207,0.0009765625,10
20208,0.0009765625,10
20209,0.0009765625,10
20210,0.001953125,9
20211,0.0009765625,10
20212,0.0009765625,10
20213,0.0009765625,10
20214,0.0009765625,10
20215,0.001953125,9
20216,0.0009765625,10
20217,0.0009765625,10
20218,0.0009765625,10
20219,0.001953125,9
20220,0.0009765625,10
20221,0.0009765625,10
20222,0.0009765625,10
20223,0.001953125,9
20224,0.0009765625,10
20225,0.0009765625,10
20226,0.0009765625,10
20227,0.0009765625,10
20228,0.001953125,9
20229,0.0009765625,10
20230,0.0009765625,10
20231,0.0009765625,10
20232,0.001953125,9
20233,0.0009765625,10
20234,0.0009765625,10
20235,0.0009765625,10
20236,0.0009765625,10
20237,0.001953125,9
20238,0.0009765625,10
20239,0.0009765625,10
20240,0.0009765625,10
20241,0.001953125,9
20242,0.0009765625,10
20243,0.0009765625,10
20244,0.0009765625,10
20245,0.001953125,9
20246,0.0009765625,10
20247,0.0009765625,10
20248,0.0009765625,10
20249,0.0009765625,10
20250,0.001953125,9
20251,0.0009765625,10
20252,0.0009765625,10
20253,0.0009765625,10
20254,0.001953125,9
20255,0.0009765625,10
20256,0.0009765625,10
20257,0.0009765625,10
20258,0.001953125,9
20259,0.0009765625,10
20260,0.0009765625,10
20261,0.0009765625,10
20262,0.0009765625,10
20263,0.001953125,9
20264,0.0009765625,10
20265,0.0009765625,10
20266,0.0009765625,10
20267,0.001953125,9
20268,0.0009765625,10
20269,0.0009765625,10
20270,0.0009765625,10
20271,0.001953125,9
20272,0.0009765625,10
20273,0.0009765625,10
20274,0.0009765625,10
20275,0.0009765625,10
20276,0.001953125,9
20277,0.0009765625,10
20278,0.0009765625,10
20279,0.0009765625,10
20280,0.001953125,9
20281,0.0009765625,10
20282,0.0009765625,10
20283,0.0009765625,10
20284,0.0009765625,10
20285,0.001953125,9
20286,0.0009765625,10
20287,0.0009765625,10
20288,0.0009765625,10
20289,0.001953125,9
20290,0.0009765625,10
20291,0.0009765625,10
20292,0.0009765625,10
20293,0.001953125,9
20294,0.0009765625,10
20295,0.0009765625,10
20296,0.0009765625,10
20297,0.0009765625,10
20298,0.001953125,9
20299,0.0009765625,10
20300,0.0009765625,10
20301,0.0009765625,10
20302,0.001953125,9
20303,0.0009765625,10
20304,0.0009765625,10
20305,0.0009765625,10
20306,0.001953125,9
20307,0.0009765625,10
20308,0.0009765625,10
20309,0.0009765625,10
20310,0.0009765625,10
20311,0.001953125,9
20312,0.0009765625,10
20313,0.0009765625,10
20314,0.0009765625,10
20315,0.001953125,9
20316,0.0009765625,10
20317,0.0009765625,10
20318,0.0009765625,10
20319,0.0009765625,10
20320,0.001953125,9
20321,0.0009765625,10
20322,0.0009765625,10
20323,0.0009765625,10
20324,0.001953125,9
20325,0.0009765625,10
20326,0.0009765625,10
20327,0.0009765625,10
20328,0.001953125,9
20329,0.0009765625,10
20330,0.0009765625,10
20331,0.0009765625,10
20332,0.0009765625,10
20333,0.001953125,9
20334,0.0009765625,10
20335,0.0009765625,10
20336,0.0009765625,10
20337,0.001953125,9
20338,0.0009765625,10
20339,0.0009765625,10
20340,0.0009765625,10
20341,0.001953125,9
20342,0.0009765625,10
20343,0.0009765625,10
20344,0.0009765625,10
20345,0.0009765625,10
20346,0.001953125,9
20347,0.0009765625,10
20348,0.0009765625,10
20349,0.0009765625,10
20350,0.001953125,9
20351,0.0009765625,10
20352,0.0009765625,10
20353,0.0009765625,10
20354,0.001953125,9
20355,0.0009765625,10
20356,0.0009765625,10
20357,0.0009765625,10
20358,0.0009765625,10
20359,0.001953125,9
20360,0.0009765625,10
20361,0.0009765625,10
20362,0.0009765625,10
20363,0.001953125,9
20364,0.0009765625,10
20365,0.0009765625,10
20366,0.0009765625,10
20367,0.0009765625,10
20368,0.001953125,9
20369,0.0009765625,10
20370,0.0009765625,10
20371,0.0009765625,10
20372,0.001953125,9
20373,0.0009765625,10
20374,0.0009765625,10
20375,0.0009765625,10
20376,0.001953125,9
20377,0.0009765625,10
20378,0.0009765625,10
20379,0.0009765625,10
20380,0.0009765625,10
20381,0.001953125,9
20382,0.0009765625,10
20383,0.0009765625,10
20384,0.0009765625,10
20385,0.001953125,9
20386,0.0009765625,10
20387,0.0009765625,10
20388,0.0009765625,10
20389,0.001953125,9
20390,0.0009765625,10
20391,0.0009765625,10
20392,0.0009765625,10
20393,0.0009765625,10
20394,0.001953125,9
20395,0.0009765625,10
20396,0.0009765625,10
20397,0.0009765625,10
20398,0.001953125,9
20399,0.0009765625,10
20400,0.0009765625,10
20401,0.0009765625,10
20402,0.0009765625,10
20403,0.001953125,9
20404,0.0009765625,10
20405,0.0009765625,10
20406,0.0009765625,10
20407,0.001953125,9
20408,0.0009765625,10
20409,0.0009765625,10
20410,0.0009765625,10
20411,0.001953125,9
20412,0.0009765625,10
20413,0.0009765625,10
20414,0.0009765625,10
20415,0.0009765625,10
20416,0.001953125,9
20417,0.0009765625,10
20418,0.0009765625,10
20419,0.0009765625,10
20420,0.001953125,9
20421,0.0009765625,10
20422,0.0009765625,10
20423,0.0009765625,10
20424,0.001953125,9
20425,0.0009765625,10
20426,0.0009765625,10
20427,0.0009765625,10
20428,0.0009765625,10
20429,0.001953125,9
20430,0.0009765625,10
20431,0.0009765625,10
20432,0.0009765625,10
20433,0.001953125,9
20434,0.0009765625,10
20435,0.0009765625,10
20436,0.0009765625,10
20437,0.001953125,9
20438,0.0009765625,10
20439,0.0009765625,10
20440,0.0009765625,10
20441,0.0009765625,10
20442,0.001953125,9
20443,0.0009765625,10
20444,0.0009765625,10
20445,0.0009765625,10
20446,0.001953125,9
20447,0.0009765625,10
20448,0.0009765625,10
20449,0.0009765625,10
20450,0.0009765625,10
20451,0.001953125,9
20452,0.0009765625,10
20453,0.0009765625,10
20454,0.0009765625,10
20455,0.001953125,9
20456,0.0009765625,10
20457,0.0009765625,10
20458,0.0009765625,10
20459,0.001953125,9
20460,0.0009765625,10
20461,0.0009765625,10
20462,0.0009765625,10
20463,0.0009765625,10
20464,0.001953125,9
20465,0.0009765625,10
20466,0.0009765625,10
20467,0.0009765625,10
20468,0.001953125,9
20469,0.0009765625,10
20470,0.0009765625,10
20471,0.0009765625,10
20472,0.001953125,9
20473,0.0009765625,10
20474,0.0009765625,10
20475,0.0009765625,10
20476,0.0009765625,10
20477,0.001953125,9
20478,0.0009765625,10
20479,0.0009765625,10
20480,0.0009765625,10
20481,0.001953125,9
20482,0.0009765625,10
20483,0.0009765625,10
20484,0.0009765625,10
20485,0.0009765625,10
20486,0.001953125,9
20487,0.0009765625,10
20488,0.0009765625,10
20489,0.0009765625,10
20490,0.001953125,9
20491,0.0009765625,10
20492,0.0009765625,10
20493,0.0009765625,10
20494,0.001953125,9
20495,0.0009765625,10
20496,0.0009765625,10
20497,0.0009765625,10
20498,0.0009765625,10
20499,0.001953125,9
20500,0.0009765625,10
20501,0.0009765625,10
20502,0.0009765625,10
20503,0.001953125,9
20504,0.0009765625,10
20505,0.0009765625,10
20506,0.0009765625,10
20507,0.001953125,9
20508,0.0009765625,10
20509,0.0009765625,10
20510,0.0009765625,10
20511,0.0009765625,10
20512,0.001953125,9
20513,0.0009765625,10
20514,0.0009765625,10
20515,0.0009765625,10
20516,0.001953125,9
20517,0.0009765625,10
20518,0.0009765625,10
20519,0.0009765625,10
20520,0.001953125,9
20521,0.0009765625,10
20522,0.0009765625,10
20523,0.0009765625,10
20524,0.0009765625,10
20525,0.001953125,9
20526,0.0009765625,10
20527,0.0009765625,10
20528,0.0009765625,10
20529,0.001953125,9
20530,0.0009765625,10
20531,0.0009765625,10
20532,0.0009765625,10
20533,0.0009765625,10
20534,0.001953125,9
20535,0.0009765625,10
20536,0.0009765625,10
20537,0.0009765625,10
20538,0.001953125,9
20539,0.0009765625,10
20540,0.0009765625,10
20541,0.0009765625,10
20542,0.001953125,9
20543,0.0009765625,10
20544,0.0009765625,10
20545,0.0009765625,10
20546,0.0009765625,10
20547,0.001953125,9
20548,0.0009765625,10
20549,0.0009765625,10
20550,0.0009765625,10
20551,0.001953125,9
20552,0.0009765625,10
20553,0.0009765625,10
20554,0.0009765625,10
20555,0.001953125,9
20556,0.0009765625,10
20557,0.0009765625,10
20558,0.0009765625,10
20559,0.0009765625,10
20560,0.001953125,9
20561,0.0009765625,10
20562,0.0009765625,10
20563,0.0009765625,10
20564,0.001953125,9
20565,0.0009765625,10
20566,0.0009765625,10
20567,0.0009765625,10
20568,0.0009765625,10
20569,0.001953125,9
20570,0.0009765625,10
20571,0.0009765625,10
20572,0.0009765625,10
20573,0.001953125,9
20574,0.0009765625,10
20575,0.0009765625,10
20576,0.0009765625,10
20577,0.001953125,9
20578,0.0009765625,10
20579,0.0009765625,10
20580,0.0009765625,10
20581,0.0009765625,10
20582,0.001953125,9
20583,0.0009765625,10
20584,0.0009765625,10
20585,0.0009765625,10
20586,0.001953125,9
20587,0.0009765625,10
20588,0.0009765625,10
20589,0.0009765625,10
20590,0.001953125,9
20591,0.0009765625,10
20592,0.0009765625,10
20593,0.0009765625,10
20594,0.0009765625,10
20595,0.001953125,9
20596,0.0009765625,10
20597,0.0009765625,10
20598,0.0009765625,10
20599,0.001953125,9
20600,0.0009765625,10
20601,0.0009765625,10
20602,0.0009765625,10
20603,0.001953125,9
20604,0.0009765625,10
20605,0.0009765625,10
20606,0.0009765625,10
20607,0.0009765625,10
20608,0.001953125,9
20609,0.0009765625,10
20610,0.0009765625,10
20611,0.0009765625,10
20612,0.001953125,9
20613,0.0009765625,10
20614,0.0009765625,10
20615,0.0009765625,10
20616,0.0009765625,10
20617,0.001953125,9
20618,0.0009765625,10
20619,0.0009765625,10
20620,0.0009765625,10
20621,0.001953125,9
20622,0.0009765625,10
20623,0.0009765625,10
20624,0.0009765625,10
20625,0.001953125,9
20626,0.0009765625,10
20627,0.0009765625,10
20628,0.0009765625,10
20629,0.0009765625,10
20630,0.001953125,9
20631,0.0009765625,10
20632,0.0009765625,10
20633,0.0009765625,10
20634,0.001953125,9
20635,0.0009765625,10
20636,0.0009765625,10
20637,0.0009765625,10
20638,0.001953125,9
20639,0.0009765625,10
20640,0.0009765625,10
20641,0.0009765625,10
20642,0.0009765625,10
20643,0.001953125,9
20644,0.0009765625,10
20645,0.0009765625,10
20646,0.0009765625,10
20647,0.001953125,9
20648,0.0009765625,10
20649,0.0009765625,10
20650,0.0009765625,10
20651,0.0009765625,10
20652,0.001953125,9
20653,0.0009765625,10
20654,0.0009765625,10
20655,0.0009765625,10
20656,0.001953125,9
20657,0.0009765625,10
20658,0.0009765625,10
20659,0.0009765625,10
20660,0.001953125,9
20661,0.0009765625,10
20662,0.0009765625,10
20663,0.0009765625,10
20664,0.0009765625,10
20665,0.001953125,9
20666,0.0009765625,10
20667,0.0009765625,10
20668,0.0009765625,10
20669,0.001953125,9
20670,0.0009765625,10
20671,0.0009765625,10
20672,0.0009765625,10
20673,0.001953125,9
20674,0.0009765625,10
20675,0.0009765625,10
20676,0.0009765625,10
20677,0.0009765625,10
20678,0.001953125,9
20679,0.0009765625,10
20680,0.0009765625,10
20681,0.0009765625,10
20682,0.001953125,9
20683,0.0009765625,10
20684,0.0009765625,10
20685,0.0009765625,10
20686,0.001953125,9
20687,0.0009765625,10
20688,0.0009765625,10
20689,0.0009765625,10
20690,0.0009765625,10
20691,0.001953125,9
20692,0.0009765625,10
20693,0.0009765625,10
20694,0.0009765625,10
20695,0.001953125,9
20696,0.0009765625,10
20697,0.0009765625,10
20698,0.0009765625,10
20699,0.0009765625,10
20700,0.001953125,9
20701,0.0009765625,10
20702,0.0009765625,10
20703,0.0009765625,10
20704,0.001953125,9
20705,0.0009765625,10
20706,0.0009765625,10
20707,0.0009765625,10
20708,0.001953125,9
20709,0.0009765625,10
20710,0.0009765625,10
20711,0.0009765625,10
20712,0.0009765625,10
20713,0.001953125,9
20714,0.0009765625,10
20715,0.0009765625,10
20716,0.0009765625,10
20717,0.001953125,9
20718,0.0009765625,10
20719,0.0009765625,10
20720,0.0009765625,10
20721,0.001953125,9
20722,0.0009765625,10
20723,0.0009765625,10
20724,0.0009765625,10
20725,0.0009765625,10
20726,0.001953125,9
20727,0.0009765625,10
20728,0.0009765625,10
20729,0.0009765625,10
20730,0.001953125,9
20731,0.0009765625,10
20732,0.0009765625,10
20733,0.0009765625,10
20734,0.0009765625,10
20735,0.001953125,9
20736,0.0009765625,10
20737,0.0009765625,10
20738,0.0009765625,10
20739,0.001953125,9
20740,0.0009765625,10
20741,0.0009765625,10
20742,0.0009765625,10
20743,0.001953125,9
20744,0.0009765625,10
20745,0.0009765625,10
20746,0.0009765625,10
20747,0.0009765625,10
20748,0.001953125,9
20749,0.0009765625,10
20750,0.0009765625,10
20751,0.0009765625,10
20752,0.001953125,9
20753,0.0009765625,10
20754,0.0009765625,10
20755,0.0009765625,10
20756,0.001953125,9
20757,0.0009765625,10
20758,0.0009765625,10
20759,0.0009765625,10
20760,0.0009765625,10
20761,0.001953125,9
20762,0.0009765625,10
20763,0.0009765625,10
20764,0.0009765625,10
20765,0.001953125,9
20766,0.0009765625,10
20767,0.0009765625,10
20768,0.0009765625,10
20769,0.001953125,9
20770,0.0009765625,10
20771,0.0009765625,10
20772,0.0009765625,10
20773,0.0009765625,10
20774,0.001953125,9
20775,0.0009765625,10
20776,0.0009765625,10
20777,0.0009765625,10
20778,0.001953125,9
20779,0.0009765625,10
20780,0.0009765625,10
20781,0.0009765625,10
20782,0.0009765625,10
20783,0.001953125,9
20784,0.0009765625,10
20785,0.0009765625,10
20786,0.0009765625,10
20787,0.001953125,9
20788,0.0009765625,10
20789,0.0009765625,10
20790,0.0009765625,10
20791,0.001953125,9
20792,0.0009765625,10
20793,0.0009765625,10
20794,0.0009765625,10
20795,0.0009765625,10
20796,0.001953125,9
20797,0.0009765625,10
20798,0.0009765625,10
20799,0.0009765625,10
20800,0.001953125,9
20801,0.0009765625,10
20802,0.0009765625,10
20803,0.0009765625,10
20804,0.001953125,9
20805,0.0009765625,10
20806,0.0009765625,10
20807,0.0009765625,10
20808,0.0009765625,10
20809,0.001953125,9
20810,0.0009765625,10
20811,0.0009765625,10
20812,0.0009765625,10
20813,0.001953125,9
20814,0.0009765625,10
20815,0.0009765625,10
20816,0.0009765625,10
20817,0.0009765625,10
20818,0.001953125,9
20819,0.0009765625,10
20820,0.0009765625,10
20821,0.0009765625,10
20822,0.001953125,9
20823,0.0009765625,10
20824,0.0009765625,10
20825,0.0009765625,10
20826,0.001953125,9
20827,0.0009765625,10
20828,0.0009765625,10
20829,0.0009765625,10
20830,0.0009765625,10
20831,0.001953125,9
20832,0.0009765625,10
20833,0.0009765625,10
20834,0.0009765625,10
20835,0.001953125,9
20836,0.0009765625,10
20837,0.0009765625,10
20838,0.0009765625,10
20839,0.001953125,9
20840,0.0009765625,10
20841,0.0009765625,10
20842,0.0009765625,10
20843,0.0009765625,10
20844,0.001953125,9
20845,0.0009765625,10
20846,0.0009765625,10
20847,0.0009765625,10
20848,0.001953125,9
20849,0.0009765625,10
20850,0.0009765625,10
20851,0.0009765625,10
20852,0.001953125,9
20853,0.0009765625,10
20854,0.0009765625,10
20855,0.0009765625,10
20856,0.0009765625,10
20857,0.001953125,9
20858,0.0009765625,10
20859,0.0009765625,10
20860,0.0009765625,10
20861,0.001953125,9
20862,0.0009765625,10
20863,0.0009765625,10
20864,0.0009765625,10
20865,0.0009765625,10
20866,0.001953125,9
20867,0.0009765625,10
20868,0.0009765625,10
20869,0.0009765625,10
20870,0.001953125,9
20871,0.0009765625,10
20872,0.0009765625,10
20873,0.0009765625,10
20874,0.001953125,9
20875,0.0009765625,10
20876,0.0009765625,10
20877,0.0009765625,10
20878,0.0009765625,10
20879,0.001953125,9
20880,0.0009765625,10
20881,0.0009765625,10
20882,0.0009765625,10
20883,0.001953125,9
20884,0.0009765625,10
20885,0.0009765625,10
20886,0.0009765625,10
20887,0.001953125,9
20888,0.0009765625,10
20889,0.0009765625,10
20890,0.0009765625,10
20891,0.0009765625,10
20892,0.001953125,9
20893,0.0009765625,10
20894,0.0009765625,10
20895,0.0009765625,10
20896,0.001953125,9
20897,0.0009765625,10
20898,0.0009765625,10
20899,0.0009765625,10
20900,0.0009765625,10
20901,0.001953125,9
20902,0.0009765625,10
20903,0.0009765625,10
20904,0.0009765625,10
20905,0.001953125,9
20906,0.0009765625,10
20907,0.0009765625,10
20908,0.0009765625,10
20909,0.001953125,9
20910,0.0009765625,10
20911,0.0009765625,10
20912,0.0009765625,10
20913,0.0009765625,10
20914,0.001953125,9
20915,0.0009765625,10
20916,0.0009765625,10
20917,0.0009765625,10
20918,0.001953125,9
20919,0.0009765625,10
20920,0.0009765625,10
20921,0.0009765625,10
20922,0.001953125,9
20923,0.0009765625,10
20924,0.0009765625,10
20925,0.0009765625,10
20926,0.0009765625,10
20927,0.001953125,9
20928,0.0009765625,10
20929,0.0009765625,10
20930,0.0009765625,10
20931,0.001953125,9
20932,0.0009765625,10
20933,0.0009765625,10
20934,0.0009765625,10
20935,0.001953125,9
20936,0.0009765625,10
20937,0.0009765625,10
20938,0.0009765625,10
20939,0.0009765625,10
20940,0.001953125,9
20941,0.0009765625,10
20942,0.0009765625,10
20943,0.0009765625,10
20944,0.001953125,9
20945,0.0009765625,10
20946,0.0009765625,10
20947,0.0009765625,10
20948,0.0009765625,10
20949,0.001953125,9
20950,0.0009765625,10
20951,0.0009765625,10
20952,0.0009765625,10
20953,0.001953125,9
20954,0.0009765625,10
20955,0.0009765625,10
20956,0.0009765625,10
20957,0.001953125,9
20958,0.0009765625,10
20959,0.0009765625,10
20960,0.0009765625,10
20961,0.0009765625,10
20962,0.001953125,9
20963,0.0009765625,10
20964,0.0009765625,10
20965,0.0009765625,10
20966,0.001953125,9
20967,0.0009765625,10
20968,0.0009765625,10
20969,0.0009765625,10
20970,0.001953125,9
20971,0.0009765625,10
20972,0.0009765625,10
20973,0.0009765625,10
20974,0.0009765625,10
20975,0.001953125,9
20976,0.0009765625,10
20977,0.0009765625,10
20978,0.0009765625,10
20979,0.001953125,9
20980,0.0009765625,10
20981,0.0009765625,10
20982,0.0009765625,10
20983,0.0009765625,10
20984,0.001953125,9
20985,0.0009765625,10
20986,0.0009765625,10
20987,0.0009765625,10
20988,0.001953125,9
20989,0.0009765625,10
20990,0.0009765625,10
20991,0.0009765625,10
20992,0.001953125,9
20993,0.0009765625,10
20994,0.0009765625,10
20995,0.0009765625,10
20996,0.0009765625,10
20997,0.001953125,9
20998,0.0009765625,10
20999,0.0009765625,10
21000,0.0009765625,10
21001,0.001953125,9
21002,0.0009765625,10
21003,0.0009765625,10
21004,0.0009765625,10
21005,0.001953125,9
21006,0.0009765625,10
21007,0.0009765625,10
21008,0.0009765625,10
21009,0.0009765625,10
21010,0.001953125,9
21011,0.0009765625,10
21012,0.0009765625,10
21013,0.0009765625,10
21014,0.001953125,9
21015,0.0009765625,10
21016,0.0009765625,10
21017,0.0009765625,10
21018,0.001953125,9
21019,0.0009765625,10
21020,0.0009765625,10
21021,0.0009765625,10
21022,0.0009765625,10
21023,0.001953125,9
21024,0.0009765625,10
21025,0.0009765625,10
21026,0.0009765625,10
21027,0.001953125,9
21028,0.0009765625,10
21029,0.0009765625,10
21030,0.0009765625,10
21031,0.0009765625,10
21032,0.001953125,9
21033,0.0009765625,10
21034,0.0009765625,10
21035,0.0009765625,10
21036,0.001953125,9
21037,0.0009765625,10
21038,0.0009765625,10
21039,0.0009765625,10
21040,0.001953125,9
21041,0.0009765625,10
21042,0.0009765625,10
21043,0.0009765625,10
21044,0.0009765625,10
21045,0.001953125,9
21046,0.0009765625,10
21047,0.0009765625,10
21048,0.0009765625,10
21049,0.001953125,9
21050,0.0009765625,10
21051,0.0009765625,10
21052,0.0009765625,10
21053,0.001953125,9
21054,0.0009765625,10
21055,0.0009765625,10
21056,0.0009765625,10
21057,0.0009765625,10
21058,0.001953125,9
21059,0.0009765625,10
21060,0.0009765625,10
21061,0.0009765625,10
21062,0.001953125,9
21063,0.0009765625,10
21064,0.0009765625,10
21065,0.0009765625,10
21066,0.0009765625,10
21067,0.001953125,9
21068,0.0009765625,10
21069,0.0009765625,10
21070,0.0009765625,10
21071,0.001953125,9
21072,0.0009765625,10
21073,0.0009765625,10
21074,0.0009765625,10
21075,0.001953125,9
21076,0.0009765625,10
21077,0.0009765625,10
21078,0.0009765625,10
21079,0.0009765625,10
21080,0.001953125,9
21081,0.0009765625,10
21082,0.0009765625,10
21083,0.0009765625,10
21084,0.001953125,9
21085,0.0009765625,10
21086,0.0009765625,10
21087,0.0009765625,10
21088,0.001953125,9
21089,0.0009765625,10
21090,0.0009765625,10
21091,0.0009765625,10
21092,0.0009765625,10
21093,0.001953125,9
21094,0.0009765625,10
21095,0.0009765625,10
21096,0.0009765625,10
21097,0.001953125,9
21098,0.0009765625,10
21099,0.0009765625,10
21100,0.0009765625,10
21101,0.001953125,9
21102,0.0009765625,10
21103,0.0009765625,10
21104,0.0009765625,10
21105,0.0009765625,10
21106,0.001953125,9
21107,0.0009765625,10
21108,0.0009765625,10
21109,0.0009765625,10
21110,0.001953125,9
21111,0.0009765625,10
21112,0.0009765625,10
21113,0.0009765625,10
21114,0.0009765625,10
21115,0.001953125,9
21116,0.0009765625,10
21117,0.0009765625,10
21118,0.0009765625,10
21119,0.001953125,9
21120,0.0009765625,10
21121,0.0009765625,10
21122,0.0009765625,10
21123,0.001953125,9
21124,0.0009765625,10
21125,0.0009765625,10
21126,0.0009765625,10
21127,0.0009765625,10
21128,0.001953125,9
21129,0.0009765625,10
21130,0.0009765625,10
21131,0.0009765625,10
21132,0.001953125,9
21133,0.0009765625,10
21134,0.0009765625,10
21135,0.0009765625,10
21136,0.001953125,9
21137,0.0009765625,10
21138,0.0009765625,10
21139,0.0009765625,10
21140,0.0009765625,10
21141,0.001953125,9
21142,0.0009765625,10
21143,0.0009765625,10
21144,0.0009765625,10
21145,0.001953125,9
21146,0.0009765625,10
21147,0.0009765625,10
21148,0.0009765625,10
21149,0.0009765625,10
21150,0.001953125,9
21151,0.0009765625,10
21152,0.0009765625,10
21153,0.0009765625,10
21154,0.001953125,9
21155,0.0009765625,10
21156,0.0009765625,10
21157,0.0009765625,10
21158,0.001953125,9
21159,0.0009765625,10
21160,0.0009765625,10
21161,0.0009765625,10
21162,0.0009765625,10
21163,0.001953125,9
21164,0.0009765625,10
21165,0.0009765625,10
21166,0.0009765625,10
21167,0.001953125,9
21168,0.0009765625,10
21169,0.0009765625,10
21170,0.0009765625,10
21171,0.001953125,9
21172,0.0009765625,10
21173,0.0009765625,10
21174,0.0009765625,10
21175,0.0009765625,10
21176,0.001953125,9
21177,0.0009765625,10
21178,0.0009765625,10
21179,0.0009765625,10
21180,0.001953125,9
21181,0.0009765625,10
21182,0.0009765625,10
21183,0.0009765625,10
21184,0.001953125,9
21185,0.0009765625,10
21186,0.0009765625,10
21187,0.0009765625,10
21188,0.0009765625,10
21189,0.001953125,9
21190,0.0009765625,10
21191,0.0009765625,10
21192,0.0009765625,10
21193,0.001953125,9
21194,0.0009765625,10
21195,0.0009765625,10
21196,0.0009765625,10
21197,0.0009765625,10
21198,0.001953125,9
21199,0.0009765625,10
21200,0.0009765625,10
21201,0.0009765625,10
21202,0.001953125,9
21203,0.0009765625,10
21204,0.0009765625,10
21205,0.0009765625,10
21206,0.001953125,9
21207,0.0009765625,10
21208,0.0009765625,10
21209,0.0009765625,10
21210,0.0009765625,10
21211,0.001953125,9
21212,0.0009765625,10
21213,0.0009765625,10
21214,0.0009765625,10
21215,0.001953125,9
21216,0.0009765625,10
21217,0.0009765625,10
21218,0.0009765625,10
21219,0.001953125,9
21220,0.0009765625,10
21221,0.0009765625,10
21222,0.0009765625,10
21223,0.0009765625,10
21224,0.001953125,9
21225,0.0009765625,10
21226,0.0009765625,10
21227,0.0009765625,10
21228,0.001953125,9
21229,0.0009765625,10
21230,0.0009765625,10
21231,0.0009765625,10
21232,0.0009765625,10
21233,0.001953125,9
21234,0.0009765625,10
21235,0.0009765625,10
21236,0.0009765625,10
21237,0.001953125,9
21238,0.0009765625,10
21239,0.0009765625,10
21240,0.0009765625,10
21241,0.001953125,9
21242,0.0009765625,10
21243,0.0009765625,10
21244,0.0009765625,10
21245,0.0009765625,10
21246,0.001953125,9
21247,0.0009765625,10
21248,0.0009765625,10
21249,0.0009765625,10
21250,0.001953125,9
21251,0.0009765625,10
21252,0.0009765625,10
21253,0.0009765625,10
21254,0.001953125,9
21255,0.0009765625,10
21256,0.0009765625,10
21257,0.0009765625,10
21258,0.0009765625,10
21259,0.001953125,9
21260,0.0009765625,10
21261,0.0009765625,10
21262,0.0009765625,10
21263,0.001953125,9
21264,0.0009765625,10
21265,0.0009765625,10
21266,0.0009765625,10
21267,0.001953125,9
21268,0.0009765625,10
21269,0.0009765625,10
21270,0.0009765625,10
21271,0.0009765625,10
21272,0.001953125,9
21273,0.0009765625,10
21274,0.0009765625,10
21275,0.0009765625,10
21276,0.001953125,9
21277,0.0009765625,10
21278,0.0009765625,10
21279,0.0009765625,10
21280,0.0009765625,10
21281,0.001953125,9
21282,0.0009765625,10
21283,0.0009765625,10
21284,0.0009765625,10
21285,0.001953125,9
21286,0.0009765625,10
21287,0.0009765625,10
21288,0.0009765625,10
21289,0.001953125,9
21290,0.0009765625,10
21291,0.0009765625,10
21292,0.0009765625,10
21293,0.0009765625,10
21294,0.001953125,9
21295,0.0009765625,10
21296,0.0009765625,10
21297,0.0009765625,10
21298,0.001953125,9
21299,0.0009765625,10
21300,0.0009765625,10
21301,0.0009765625,10
21302,0.001953125,9
21303,0.0009765625,10
21304,0.0009765625,10
21305,0.0009765625,10
21306,0.0009765625,10
21307,0.001953125,9
21308,0.0009765625,10
21309,0.0009765625,10
21310,0.0009765625,10
21311,0.001953125,9
21312,0.0009765625,10
21313,0.0009765625,10
21314,0.0009765625,10
21315,0.0009765625,10
21316,0.001953125,9
21317,0.0009765625,10
21318,0.0009765625,10
21319,0.0009765625,10
21320,0.001953125,9
21321,0.0009765625,10
21322,0.0009765625,10
21323,0.0009765625,10
21324,0.001953125,9
21325,0.0009765625,10
21326,0.0009765625,10
21327,0.0009765625,10
21328,0.0009765625,10
21329,0.001953125,9
21330,0.0009765625,10
21331,0.0009765625,10
21332,0.0009765625,10
21333,0.001953125,9
21334,0.0009765625,10
21335,0.0009765625,10
21336,0.0009765625,10
21337,0.001953125,9
21338,0.0009765625,10
21339,0.0009765625,10
21340,0.0009765625,10
21341,0.0009765625,10
21342,0.001953125,9
21343,0.0009765625,10
21344,0.0009765625,10
21345,0.0009765625,10
21346,0.001953125,9
21347,0.0009765625,10
21348,0.0009765625,10
21349,0.0009765625,10
21350,0.001953125,9
21351,0.0009765625,10
21352,0.0009765625,10
21353,0.0009765625,10
21354,0.0009765625,10
21355,0.001953125,9
21356,0.0009765625,10
21357,0.0009765625,10
21358,0.0009765625,10
21359,0.001953125,9
21360,0.0009765625,10
21361,0.0009765625,10
21362,0.0009765625,10
21363,0.0009765625,10
21364,0.001953125,9
21365,0.0009765625,10
21366,0.0009765625,10
21367,0.0009765625,10
21368,0.001953125,9
21369,0.0009765625,10
21370,0.0009765625,10
21371,0.0009765625,10
21372,0.001953125,9
21373,0.0009765625,10
21374,0.0009765625,10
21375,0.0009765625,10
21376,0.0009765625,10
21377,0.001953125,9
21378,0.0009765625,10
21379,0.0009765625,10
21380,0.0009765625,10
21381,0.001953125,9
21382,0.0009765625,10
21383,0.0009765625,10
21384,0.0009765625,10
21385,0.001953125,9
21386,0.0009765625,10
21387,0.0009765625,10
21388,0.0009765625,10
21389,0.0009765625,10
21390,0.001953125,9
21391,0.0009765625,10
21392,0.0009765625,10
21393,0.0009765625,10
21394,0.001953125,9
21395,0.0009765625,10
21396,0.0009765625,10
21397,0.0009765625,10
21398,0.0009765625,10
21399,0.001953125,9
21400,0.0009765625,10
21401,0.0009765625,10
21402,0.0009765625,10
21403,0.001953125,9
21404,0.0009765625,10
21405,0.0009765625,10
21406,0.0009765625,10
21407,0.001953125,9
21408,0.0009765625,10
21409,0.0009765625,10
21410,0.0009765625,10
21411,0.0009765625,10
21412,0.001953125,9
21413,0.0009765625,10
21414,0.0009765625,10
21415,0.0009765625,10
21416,0.001953125,9
21417,0.0009765625,10
21418,0.0009765625,10
21419,0.0009765625,10
21420,0.001953125,9
21421,0.0009765625,10
21422,0.0009765625,10
21423,0.0009765625,10
21424,0.0009765625,10
21425,0.001953125,9
21426,0.0009765625,10
21427,0.0009765625,10
21428,0.0009765625,10
21429,0.001953125,9
21430,0.0009765625,10
21431,0.0009765625,10
21432,0.0009765625,10
21433,0.001953125,9
21434,0.0009765625,10
21435,0.0009765625,10
21436,0.0009765625,10
21437,0.0009765625,10
21438,0.001953125,9
21439,0.0009765625,10
21440,0.0009765625,10
21441,0.0009765625,10
21442,0.001953125,9
21443,0.0009765625,10
21444,0.0009765625,10
21445,0.0009765625,10
21446,0.0009765625,10
21447,0.001953125,9
21448,0.0009765625,10
21449,0.0009765625,10
21450,0.0009765625,10
21451,0.001953125,9
21452,0.0009765625,10
21453,0.0009765625,10
21454,0.0009765625,10
21455,0.001953125,9
21456,0.0009765625,10
21457,0.0009765625,10
21458,0.0009765625,10
21459,0.0009765625,10
21460,0.001953125,9
21461,0.0009765625,10
21462,0.0009765625,10
21463,0.0009765625,10
21464,0.001953125,9
21465,0.0009765625,10
21466,0.0009765625,10
21467,0.0009765625,10
21468,0.001953125,9
21469,0.0009765625,10
21470,0.0009765625,10
21471,0.0009765625,10
21472,0.0009765625,10
21473,0.001953125,9
21474,0.0009765625,10
21475,0.0009765625,10
21476,0.0009765625,10
21477,0.001953125,9
21478,0.0009765625,10
21479,0.0009765625,10
21480,0.0009765625,10
21481,0.0009765625,10
21482,0.001953125,9
21483,0.0009765625,10
21484,0.0009765625,10
21485,0.0009765625,10
21486,0.001953125,9
21487,0.0009765625,10
21488,0.0009765625,10
21489,0.0009765625,10
21490,0.001953125,9
21491,0.0009765625,10
21492,0.0009765625,10
21493,0.0009765625,10
21494,0.0009765625,10
21495,0.001953125,9
21496,0.0009765625,10
21497,0.0009765625,10
21498,0.0009765625,10
21499,0.001953125,9
21500,0.0009765625,10
21501,0.0009765625,10
21502,0.0009765625,10
21503,0.001953125,9
21504,0.0009765625,10
21505,0.0009765625,10
21506,0.0009765625,10
21507,0.0009765625,10
21508,0.001953125,9
21509,0.0009765625,10
21510,0.0009765625,10
21511,0.0009765625,10
21512,0.001953125,9
21513,0.0009765625,10
21514,0.0009765625,10
21515,0.0009765625,10
21516,0.001953125,9
21517,0.0009765625,10
21518,0.0009765625,10
21519,0.0009765625,10
21520,0.0009765625,10
21521,0.001953125,9
21522,0.0009765625,10
21523,0.0009765625,10
21524,0.0009765625,10
21525,0.001953125,9
21526,0.0009765625,10
21527,0.0009765625,10
21528,0.0009765625,10
21529,0.0009765625,10
21530,0.001953125,9
21531,0.0009765625,10
21532,0.0009765625,10
21533,0.0009765625,10
21534,0.001953125,9
21535,0.0009765625,10
21536,0.0009765625,10
21537,0.0009765625,10
21538,0.001953125,9
21539,0.0009765625,10
21540,0.0009765625,10
21541,0.0009765625,10
21542,0.0009765625,10
21543,0.001953125,9
21544,0.0009765625,10
21545,0.0009765625,10
21546,0.0009765625,10
21547,0.001953125,9
21548,0.0009765625,10
21549,0.0009765625,10
21550,0.0009765625,10
21551,0.001953125,9
21552,0.0009765625,10
21553,0.0009765625,10
21554,0.0009765625,10
21555,0.0009765625,10
21556,0.001953125,9
21557,0.0009765625,10
21558,0.0009765625,10
21559,0.0009765625,10
21560,0.001953125,9
21561,0.0009765625,10
21562,0.0009765625,10
21563,0.0009765625,10
21564,0.0009765625,10
21565,0.001953125,9
21566,0.0009765625,10
21567,0.0009765625,10
21568,0.0009765625,10
21569,0.001953125,9
21570,0.0009765625,10
21571,0.0009765625,10
21572,0.0009765625,10
21573,0.001953125,9
21574,0.0009765625,10
21575,0.0009765625,10
21576,0.0009765625,10
21577,0.0009765625,10
21578,0.001953125,9
21579,0.0009765625,10
21580,0.0009765625,10
21581,0.0009765625,10
21582,0.001953125,9
21583,0.0009765625,10
21584,0.0009765625,10
21585,0.0009765625,10
21586,0.001953125,9
21587,0.0009765625,10
21588,0.0009765625,10
21589,0.0009765625,10
21590,0.0009765625,10
21591,0.001953125,9
21592,0.0009765625,10
21593,0.0009765625,10
21594,0.0009765625,10
21595,0.001953125,9
21596,0.0009765625,10
21597,0.0009765625,10
21598,0.0009765625,10
21599,0.001953125,9
21600,0.0009765625,10
21601,0.0009765625,10
21602,0.0009765625,10
21603,0.0009765625,10
21604,0.001953125,9
21605,0.0009765625,10
21606,0.0009765625,10
21607,0.0009765625,10
21608,0.001953125,9
21609,0.0009765625,10
21610,0.0009765625,10
21611,0.0009765625,10
21612,0.0009765625,10
21613,0.001953125,9
21614,0.0009765625,10
21615,0.0009765625,10
21616,0.0009765625,10
21617,0.001953125,9
21618,0.0009765625,10
21619,0.0009765625,10
21620,0.0009765625,10
21621,0.001953125,9
21622,0.0009765625,10
21623,0.0009765625,10
21624,0.0009765625,10
21625,0.0009765625,10
21626,0.001953125,9
21627,0.0009765625,10
21628,0.0009765625,10
21629,0.0009765625,10
21630,0.001953125,9
21631,0.0009765625,10
21632,0.0009765625,10
21633,0.0009765625,10
21634,0.001953125,9
21635,0.0009765625,10
21636,0.0009765625,10
21637,0.0009765625,10
21638,0.0009765625,10
21639,0.001953125,9
21640,0.0009765625,10
21641,0.0009765625,10
21642,0.0009765625,10
21643,0.001953125,9
21644,0.0009765625,10
21645,0.0009765625,10
21646,0.0009765625,10
21647,0.0009765625,10
21648,0.001953125,9
21649,0.0009765625,10
21650,0.0009765625,10
21651,0.0009765625,10
21652,0.001953125,9
21653,0.0009765625,10
21654,0.0009765625,10
21655,0.0009765625,10
21656,0.001953125,9
21657,0.0009765625,10
21658,0.0009765625,10
21659,0.0009765625,10
21660,0.0009765625,10
21661,0.001953125,9
21662,0.0009765625,10
21663,0.0009765625,10
21664,0.0009765625,10
21665,0.001953125,9
21666,0.0009765625,10
21667,0.0009765625,10
21668,0.0009765625,10
21669,0.001953125,9
21670,0.0009765625,10
21671,0.0009765625,10
21672,0.0009765625,10
21673,0.0009765625,10
21674,0.001953125,9
21675,0.0009765625,10
21676,0.0009765625,10
21677,0.0009765625,10
21678,0.001953125,9
21679,0.0009765625,10
21680,0.0009765625,10
21681,0.0009765625,10
21682,0.001953125,9
21683,0.0009765625,10
21684,0.0009765625,10
21685,0.0009765625,10
21686,0.0009765625,10
21687,0.001953125,9
21688,0.0009765625,10
21689,0.0009765625,10
21690,0.0009765625,10
21691,0.001953125,9
21692,0.0009765625,10
21693,0.0009765625,10
21694,0.0009765625,10
21695,0.0009765625,10
21696,0.001953125,9
21697,0.0009765625,10
21698,0.0009765625,10
21699,0.0009765625,10
21700,0.001953125,9
21701,0.0009765625,10
21702,0.0009765625,10
21703,0.0009765625,10
21704,0.001953125,9
21705,0.0009765625,10
21706,0.0009765625,10
21707,0.0009765625,10
21708,0.0009765625,10
21709,0.001953125,9
21710,0.0009765625,10
21711,0.0009765625,10
21712,0.0009765625,10
21713,0.001953125,9
21714,0.0009765625,10
21715,0.0009765625,10
21716,0.0009765625,10
21717,0.001953125,9
21718,0.0009765625,10
21719,0.0009765625,10
21720,0.0009765625,10
21721,0.0009765625,10
21722,0.001953125,9
21723,0.0009765625,10
21724,0.0009765625,10
21725,0.0009765625,10
21726,0.001953125,9
21727,0.0009765625,10
21728,0.0009765625,10
21729,0.0009765625,10
21730,0.0009765625,10
21731,0.001953125,9
21732,0.0009765625,10
21733,0.0009765625,10
21734,0.0009765625,10
21735,0.001953125,9
21736,0.0009765625,10
21737,0.0009765625,10
21738,0.0009765625,10
21739,0.001953125,9
21740,0.0009765625,10
21741,0.0009765625,10
21742,0.0009765625,10
21743,0.0009765625,10
21744,0.001953125,9
21745,0.0009765625,10
21746,0.0009765625,10
21747,0.0009765625,10
21748,0.001953125,9
21749,0.0009765625,10
21750,0.0009765625,10
21751,0.0009765625,10
21752,0.001953125,9
21753,0.0009765625,10
21754,0.0009765625,10
21755,0.0009765625,10
21756,0.0009765625,10
21757,0.001953125,9
21758,0.0009765625,10
21759,0.0009765625,10
21760,0.0009765625,10
21761,0.001953125,9
21762,0.0009765625,10
21763,0.0009765625,10
21764,0.0009765625,10
21765,0.001953125,9
21766,0.0009765625,10
21767,0.0009765625,10
21768,0.0009765625,10
21769,0.0009765625,10
21770,0.001953125,9
21771,0.0009765625,10
21772,0.0009765625,10
21773,0.0009765625,10
21774,0.001953125,9
21775,0.0009765625,10
21776,0.0009765625,10
21777,0.0009765625,10
21778,0.0009765625,10
21779,0.001953125,9
21780,0.0009765625,10
21781,0.0009765625,10
21782,0.0009765625,10
21783,0.001953125,9
21784,0.0009765625,10
21785,0.0009765625,10
21786,0.0009765625,10
21787,0.001953125,9
21788,0.0009765625,10
21789,0.0009765625,10
21790,0.0009765625,10
21791,0.0009765625,10
21792,0.001953125,9
21793,0.0009765625,10
21794,0.0009765625,10
21795,0.0009765625,10
21796,0.001953125,9
21797,0.0009765625,10
21798,0.0009765625,10
21799,0.0009765625,10
21800,0.001953125,9
21801,0.0009765625,10
21802,0.0009765625,10
21803,0.0009765625,10
21804,0.0009765625,10
21805,0.001953125,9
21806,0.0009765625,10
21807,0.0009765625,10
21808,0.0009765625,10
21809,0.001953125,9
21810,0.0009765625,10
21811,0.0009765625,10
21812,0.0009765625,10
21813,0.0009765625,10
21814,0.001953125,9
21815,0.0009765625,10
21816,0.0009765625,10
21817,0.0009765625,10
21818,0.001953125,9
21819,0.0009765625,10
21820,0.0009765625,10
21821,0.0009765625,10
21822,0.001953125,9
21823,0.0009765625,10
21824,0.0009765625,10
21825,0.0009765625,10
21826,0.0009765625,10
21827,0.001953125,9
21828,0.0009765625,10
21829,0.0009765625,10
21830,0.0009765625,10
21831,0.001953125,9
21832,0.0009765625,10
21833,0.0009765625,10
21834,0.0009765625,10
21835,0.001953125,9
21836,0.0009765625,10
21837,0.0009765625,10
21838,0.0009765625,10
21839,0.0009765625,10
21840,0.001953125,9
21841,0.0009765625,10
21842,0.0009765625,10
21843,0.0009765625,10
21844,0.001953125,9
21845,0.0009765625,10
21846,0.0009765625,10
21847,0.0009765625,10
21848,0.001953125,9
21849,0.0009765625,10
21850,0.0009765625,10
21851,0.0009765625,10
21852,0.0009765625,10
21853,0.001953125,9
21854,0.0009765625,10
21855,0.0009765625,10
21856,0.0009765625,10
21857,0.001953125,9
21858,0.0009765625,10
21859,0.0009765625,10
21860,0.0009765625,10
21861,0.0009765625,10
21862,0.001953125,9
21863,0.0009765625,10
21864,0.0009765625,10
21865,0.0009765625,10
21866,0.001953125,9
21867,0.0009765625,10
21868,0.0009765625,10
21869,0.0009765625,10
21870,0.001953125,9
21871,0.0009765625,10
21872,0.0009765625,10
21873,0.0009765625,10
21874,0.0009765625,10
21875,0.001953125,9
21876,0.0009765625,10
21877,0.0009765625,10
21878,0.0009765625,10
21879,0.001953125,9
21880,0.0009765625,10
21881,0.0009765625,10
21882,0.0009765625,10
21883,0.001953125,9
21884,0.0009765625,10
21885,0.0009765625,10
21886,0.0009765625,10
21887,0.0009765625,10
21888,0.001953125,9
21889,0.0009765625,10
21890,0.0009765625,10
21891,0.0009765625,10
21892,0.001953125,9
21893,0.0009765625,10
21894,0.0009765625,10
21895,0.0009765625,10
21896,0.0009765625,10
21897,0.001953125,9
21898,0.0009765625,10
21899,0.0009765625,10
21900,0.0009765625,10
21901,0.001953125,9
21902,0.0009765625,10
21903,0.0009765625,10
21904,0.0009765625,10
21905,0.001953125,9
21906,0.0009765625,10
21907,0.0009765625,10
21908,0.0009765625,10
21909,0.0009765625,10
21910,0.001953125,9
21911,0.0009765625,10
21912,0.0009765625,10
21913,0.0009765625,10
21914,0.001953125,9
21915,0.0009765625,10
21916,0.0009765625,10
21917,0.0009765625,10
21918,0.001953125,9
21919,0.0009765625,10
21920,0.0009765625,10
21921,0.0009765625,10
21922,0.0009765625,10
21923,0.001953125,9
21924,0.0009765625,10
21925,0.0009765625,10
21926,0.0009765625,10
21927,0.001953125,9
21928,0.0009765625,10
21929,0.0009765625,10
21930,0.0009765625,10
21931,0.001953125,9
21932,0.0009765625,10
21933,0.0009765625,10
21934,0.0009765625,10
21935,0.0009765625,10
21936,0.001953125,9
21937,0.0009765625,10
21938,0.0009765625,10
21939,0.0009765625,10
21940,0.001953125,9
21941,0.0009765625,10
21942,0.0009765625,10
21943,0.0009765625,10
21944,0.0009765625,10
21945,0.001953125,9
21946,0.0009765625,10
21947,0.0009765625,10
21948,0.0009765625,10
21949,0.001953125,9
21950,0.0009765625,10
21951,0.0009765625,10
21952,0.0009765625,10
21953,0.001953125,9
21954,0.0009765625,10
21955,0.0009765625,10
21956,0.0009765625,10
21957,0.0009765625,10
21958,0.001953125,9
21959,0.0009765625,10
21960,0.0009765625,10
21961,0.0009765625,10
21962,0.001953125,9
21963,0.0009765625,10
21964,0.0009765625,10
21965,0.0009765625,10
21966,0.001953125,9
21967,0.0009765625,10
21968,0.0009765625,10
21969,0.0009765625,10
21970,0.0009765625,10
21971,0.001953125,9
21972,0.0009765625,10
21973,0.0009765625,10
21974,0.0009765625,10
21975,0.001953125,9
21976,0.0009765625,10
21977,0.0009765625,10
21978,0.0009765625,10
21979,0.0009765625,10
21980,0.001953125,9
21981,0.0009765625,10
21982,0.0009765625,10
21983,0.0009765625,10
21984,0.001953125,9
21985,0.0009765625,10
21986,0.0009765625,10
21987,0.0009765625,10
21988,0.001953125,9
21989,0.0009765625,10
21990,0.0009765625,10
21991,0.0009765625,10
21992,0.0009765625,10
21993,0.001953125,9
21994,0.0009765625,10
21995,0.0009765625,10
21996,0.0009765625,10
21997,0.001953125,9
21998,0.0009765625,10
21999,0.0009765625,10
22000,0.0009765625,10
22001,0.001953125,9
22002,0.0009765625,10
22003,0.0009765625,10
22004,0.0009765625,10
22005,0.0009765625,10
22006,0.001953125,9
22007,0.0009765625,10
22008,0.0009765625,10
22009,0.0009765625,10
22010,0.001953125,9
22011,0.0009765625,10
22012,0.0009765625,10
22013,0.0009765625,10
22014,0.001953125,9
22015,0.0009765625,10
22016,0.0009765625,10
22017,0.0009765625,10
22018,0.0009765625,10
22019,0.001953125,9
22020,0.0009765625,10
22021,0.0009765625,10
22022,0.0009765625,10
22023,0.001953125,9
22024,0.0009765625,10
22025,0.0009765625,10
22026,0.0009765625,10
22027,0.0009765625,10
22028,0.001953125,9
22029,0.0009765625,10
22030,0.0009765625,10
22031,0.0009765625,10
22032,0.001953125,9
22033,0.0009765625,10
22034,0.0009765625,10
22035,0.0009765625,10
22036,0.001953125,9
22037,0.0009765625,10
22038,0.0009765625,10
22039,0.0009765625,10
22040,0.0009765625,10
22041,0.001953125,9
22042,0.0009765625,10
22043,0.0009765625,10
22044,0.0009765625,10
22045,0.001953125,9
22046,0.0009765625,10
22047,0.0009765625,10
22048,0.0009765625,10
22049,0.001953125,9
22050,0.0009765625,10
22051,0.0009765625,10
22052,0.0009765625,10
22053,0.0009765625,10
22054,0.001953125,9
22055,0.0009765625,10
22056,0.0009765625,10
22057,0.0009765625,10
22058,0.001953125,9
22059,0.0009765625,10
22060,0.0009765625,10
22061,0.0009765625,10
22062,0.0009765625,10
22063,0.001953125,9
22064,0.0009765625,10
22065,0.0009765625,10
22066,0.0009765625,10
22067,0.001953125,9
22068,0.0009765625,10
22069,0.0009765625,10
22070,0.0009765625,10
22071,0.001953125,9
22072,0.0009765625,10
22073,0.0009765625,10
22074,0.0009765625,10
22075,0.0009765625,10
22076,0.001953125,9
22077,0.0009765625,10
22078,0.0009765625,10
22079,0.0009765625,10
22080,0.001953125,9
22081,0.0009765625,10
22082,0.0009765625,10
22083,0.0009765625,10
22084,0.001953125,9
22085,0.0009765625,10
22086,0.0009765625,10
22087,0.0009765625,10
22088,0.0009765625,10
22089,0.001953125,9
22090,0.0009765625,10
22091,0.0009765625,10
22092,0.0009765625,10
22093,0.001953125,9
22094,0.0009765625,10
22095,0.0009765625,10
22096,0.0009765625,10
22097,0.001953125,9
22098,0.0009765625,10
22099,0.0009765625,10
22100,0.0009765625,10
22101,0.0009765625,10
22102,0.001953125,9
22103,0.0009765625,10
22104,0.0009765625,10
22105,0.0009765625,10
22106,0.001953125,9
22107,0.0009765625,10
22108,0.0009765625,10
22109,0.0009765625,10
22110,0.0009765625,10
22111,0.001953125,9
22112,0.0009765625,10
22113,0.0009765625,10
22114,0.0009765625,10
22115,0.001953125,9
22116,0.0009765625,10
22117,0.0009765625,10
22118,0.0009765625,10
22119,0.001953125,9
22120,0.0009765625,10
22121,0.0009765625,10
22122,0.0009765625,10
22123,0.0009765625,10
22124,0.001953125,9
22125,0.0009765625,10
22126,0.0009765625,10
22127,0.0009765625,10
22128,0.001953125,9
22129,0.0009765625,10
22130,0.0009765625,10
22131,0.0009765625,10
22132,0.001953125,9
22133,0.0009765625,10
22134,0.0009765625,10
22135,0.0009765625,10
22136,0.0009765625,10
22137,0.001953125,9
22138,0.0009765625,10
22139,0.0009765625,10
22140,0.0009765625,10
22141,0.001953125,9
22142,0.0009765625,10
22143,0.0009765625,10
22144,0.0009765625,10
22145,0.0009765625,10
22146,0.001953125,9
22147,0.0009765625,10
22148,0.0009765625,10
22149,0.0009765625,10
22150,0.001953125,9
22151,0.0009765625,10
22152,0.0009765625,10
22153,0.0009765625,10
22154,0.001953125,9
22155,0.0009765625,10
22156,0.0009765625,10
22157,0.0009765625,10
22158,0.0009765625,10
22159,0.001953125,9
22160,0.0009765625,10
22161,0.0009765625,10
22162,0.0009765625,10
22163,0.001953125,9
22164,0.0009765625,10
22165,0.0009765625,10
22166,0.0009765625,10
22167,0.001953125,9
22168,0.0009765625,10
22169,0.0009765625,10
22170,0.0009765625,10
22171,0.0009765625,10
22172,0.001953125,9
22173,0.0009765625,10
22174,0.0009765625,10
22175,0.0009765625,10
22176,0.001953125,9
22177,0.0009765625,10
22178,0.0009765625,10
22179,0.0009765625,10
22180,0.001953125,9
22181,0.0009765625,10
22182,0.0009765625,10
22183,0.0009765625,10
22184,0.0009765625,10
22185,0.001953125,9
22186,0.0009765625,10
22187,0.0009765625,10
22188,0.0009765625,10
22189,0.001953125,9
22190,0.0009765625,10
22191,0.0009765625,10
22192,0.0009765625,10
22193,0.0009765625,10
22194,0.001953125,9
22195,0.0009765625,10
22196,0.0009765625,10
22197,0.0009765625,10
22198,0.001953125,9
22199,0.0009765625,10
22200,0.0009765625,10
22201,0.0009765625,10
22202,0.001953125,9
22203,0.0009765625,10
22204,0.0009765625,10
22205,0.0009765625,10
22206,0.0009765625,10
22207,0.001953125,9
22208,0.0009765625,10
22209,0.0009765625,10
22210,0.0009765625,10
22211,0.001953125,9
22212,0.0009765625,10
22213,0.0009765625,10
22214,0.0009765625,10
22215,0.001953125,9
22216,0.0009765625,10
22217,0.0009765625,10
22218,0.0009765625,10
22219,0.0009765625,10
22220,0.001953125,9
22221,0.0009765625,10
22222,0.0009765625,10
22223,0.0009765625,10
22224,0.001953125,9
22225,0.0009765625,10
22226,0.0009765625,10
22227,0.0009765625,10
22228,0.0009765625,10
22229,0.001953125,9
22230,0.0009765625,10
22231,0.0009765625,10
22232,0.0009765625,10
22233,0.001953125,9
22234,0.0009765625,10
22235,0.0009765625,10
22236,0.0009765625,10
22237,0.001953125,9
22238,0.0009765625,10
22239,0.0009765625,10
22240,0.0009765625,10
22241,0.0009765625,10
22242,0.001953125,9
22243,0.0009765625,10
22244,0.0009765625,10
22245,0.0009765625,10
22246,0.001953125,9
22247,0.0009765625,10
22248,0.0009765625,10
22249,0.0009765625,10
22250,0.001953125,9
22251,0.0009765625,10
22252,0.0009765625,10
22253,0.0009765625,10
22254,0.0009765625,10
22255,0.001953125,9
22256,0.0009765625,10
22257,0.0009765625,10
22258,0.0009765625,10
22259,0.001953125,9
22260,0.0009765625,10
22261,0.0009765625,10
22262,0.0009765625,10
22263,0.001953125,9
22264,0.0009765625,10
22265,0.0009765625,10
22266,0.0009765625,10
22267,0.0009765625,10
22268,0.001953125,9
22269,0.0009765625,10
22270,0.0009765625,10
22271,0.0009765625,10
22272,0.001953125,9
22273,0.0009765625,10
22274,0.0009765625,10
22275,0.0009765625,10
22276,0.0009765625,10
22277,0.001953125,9
22278,0.0009765625,10
22279,0.0009765625,10
22280,0.0009765625,10
22281,0.001953125,9
22282,0.0009765625,10
22283,0.0009765625,10
22284,0.0009765625,10
22285,0.001953125,9
22286,0.0009765625,10
22287,0.0009765625,10
22288,0.0009765625,10
22289,0.0009765625,10
22290,0.001953125,9
22291,0.0009765625,10
22292,0.0009765625,10
22293,0.0009765625,10
22294,0.001953125,9
22295,0.0009765625,10
22296,0.0009765625,10
22297,0.0009765625,10
22298,0.001953125,9
22299,0.0009765625,10
22300,0.0009765625,10
22301,0.0009765625,10
22302,0.0009765625,10
22303,0.001953125,9
22304,0.0009765625,10
22305,0.0009765625,10
22306,0.0009765625,10
22307,0.001953125,9
22308,0.0009765625,10
22309,0.0009765625,10
22310,0.0009765625,10
22311,0.0009765625,10
22312,0.001953125,9
22313,0.0009765625,10
22314,0.0009765625,10
22315,0.0009765625,10
22316,0.001953125,9
22317,0.0009765625,10
22318,0.0009765625,10
22319,0.0009765625,10
22320,0.001953125,9
22321,0.0009765625,10
22322,0.0009765625,10
22323,0.0009765625,10
22324,0.0009765625,10
22325,0.001953125,9
22326,0.0009765625,10
22327,0.0009765625,10
22328,0.0009765625,10
22329,0.001953125,9
22330,0.0009765625,10
22331,0.0009765625,10
22332,0.0009765625,10
22333,0.001953125,9
22334,0.0009765625,10
22335,0.0009765625,10
22336,0.0009765625,10
22337,0.0009765625,10
22338,0.001953125,9
22339,0.0009765625,10
22340,0.0009765625,10
22341,0.0009765625,10
22342,0.001953125,9
22343,0.0009765625,10
22344,0.0009765625,10
22345,0.0009765625,10
22346,0.001953125,9
22347,0.0009765625,10
22348,0.0009765625,10
22349,0.0009765625,10
22350,0.0009765625,10
22351,0.001953125,9
22352,0.0009765625,10
22353,0.0009765625,10
22354,0.0009765625,10
22355,0.001953125,9
22356,0.0009765625,10
22357,0.0009765625,10
22358,0.0009765625,10
22359,0.0009765625,10
22360,0.001953125,9
22361,0.0009765625,10
22362,0.0009765625,10
22363,0.0009765625,10
22364,0.001953125,9
22365,0.0009765625,10
22366,0.0009765625,10
22367,0.0009765625,10
22368,0.001953125,9
22369,0.0009765625,10
22370,0.0009765625,10
22371,0.0009765625,10
22372,0.0009765625,10
22373,0.001953125,9
22374,0.0009765625,10
22375,0.0009765625,10
22376,0.0009765625,10
22377,0.001953125,9
22378,0.0009765625,10
22379,0.0009765625,10
22380,0.0009765625,10
22381,0.001953125,9
22382,0.0009765625,10
22383,0.0009765625,10
22384,0.0009765625,10
22385,0.0009765625,10
22386,0.001953125,9
22387,0.0009765625,10
22388,0.0009765625,10
22389,0.0009765625,10
22390,0.001953125,9
22391,0.0009765625,10
22392,0.0009765625,10
22393,0.0009765625,10
22394,0.0009765625,10
22395,0.001953125,9
22396,0.0009765625,10
22397,0.0009765625,10
22398,0.0009765625,10
22399,0.001953125,9
22400,0.0009765625,10
22401,0.0009765625,10
22402,0.0009765625,10
22403,0.001953125,9
22404,0.0009765625,10
22405,0.0009765625,10
22406,0.0009765625,10
22407,0.0009765625,10
22408,0.001953125,9
22409,0.0009765625,10
22410,0.0009765625,10
22411,0.0009765625,10
22412,0.001953125,9
22413,0.0009765625,10
22414,0.0009765625,10
22415,0.0009765625,10
22416,0.001953125,9
22417,0.0009765625,10
22418,0.0009765625,10
22419,0.0009765625,10
22420,0.0009765625,10
22421,0.001953125,9
22422,0.0009765625,10
22423,0.0009765625,10
22424,0.0009765625,10
22425,0.001953125,9
22426,0.0009765625,10
22427,0.0009765625,10
22428,0.0009765625,10
22429,0.001953125,9
22430,0.0009765625,10
22431,0.0009765625,10
22432,0.0009765625,10
22433,0.0009765625,10
22434,0.001953125,9
22435,0.0009765625,10
22436,0.0009765625,10
22437,0.0009765625,10
22438,0.001953125,9
22439,0.0009765625,10
22440,0.0009765625,10
22441,0.0009765625,10
22442,0.0009765625,10
22443,0.001953125,9
22444,0.0009765625,10
22445,0.0009765625,10
22446,0.0009765625,10
22447,0.001953125,9
22448,0.0009765625,10
22449,0.0009765625,10
22450,0.0009765625,10
22451,0.001953125,9
22452,0.0009765625,10
22453,0.0009765625,10
22454,0.0009765625,10
22455,0.0009765625,10
22456,0.001953125,9
22457,0.0009765625,10
22458,0.0009765625,10
22459,0.0009765625,10
22460,0.001953125,9
22461,0.0009765625,10
22462,0.0009765625,10
22463,0.0009765625,10
22464,0.001953125,9
22465,0.0009765625,10
22466,0.0009765625,10
22467,0.0009765625,10
22468,0.0009765625,10
22469,0.001953125,9
22470,0.0009765625,10
22471,0.0009765625,10
22472,0.0009765625,10
22473,0.001953125,9
22474,0.0009765625,10
22475,0.0009765625,10
22476,0.0009765625,10
22477,0.0009765625,10
22478,0.001953125,9
22479,0.0009765625,10
22480,0.0009765625,10
22481,0.0009765625,10
22482,0.001953125,9
22483,0.0009765625,10
22484,0.0009765625,10
22485,0.0009765625,10
22486,0.001953125,9
22487,0.0009765625,10
22488,0.0009765625,10
22489,0.0009765625,10
22490,0.0009765625,10
22491,0.001953125,9
22492,0.0009765625,10
22493,0.0009765625,10
22494,0.0009765625,10
22495,0.001953125,9
22496,0.0009765625,10
22497,0.0009765625,10
22498,0.0009765625,10
22499,0.001953125,9
22500,0.0009765625,10
22501,0.0009765625,10
22502,0.0009765625,10
22503,0.0009765625,10
22504,0.001953125,9
22505,0.0009765625,10
22506,0.0009765625,10
22507,0.0009765625,10
22508,0.001953125,9
22509,0.0009765625,10
22510,0.0009765625,10
22511,0.0009765625,10
22512,0.001953125,9
22513,0.0009765625,10
22514,0.0009765625,10
22515,0.0009765625,10
22516,0.0009765625,10
22517,0.001953125,9
22518,0.0009765625,10
22519,0.0009765625,10
22520,0.0009765625,10
22521,0.001953125,9
22522,0.0009765625,10
22523,0.0009765625,10
22524,0.0009765625,10
22525,0.0009765625,10
22526,0.001953125,9
22527,0.0009765625,10
22528,0.0009765625,10
22529,0.0009765625,10
22530,0.001953125,9
22531,0.0009765625,10
22532,0.0009765625,10
22533,0.0009765625,10
22534,0.001953125,9
22535,0.0009765625,10
22536,0.0009765625,10
22537,0.0009765625,10
22538,0.0009765625,10
22539,0.001953125,9
22540,0.0009765625,10
22541,0.0009765625,10
22542,0.0009765625,10
22543,0.001953125,9
22544,0.0009765625,10
22545,0.0009765625,10
22546,0.0009765625,10
22547,0.001953125,9
22548,0.0009765625,10
22549,0.0009765625,10
22550,0.0009765625,10
22551,0.0009765625,10
22552,0.001953125,9
22553,0.0009765625,10
22554,0.0009765625,10
22555,0.0009765625,10
22556,0.001953125,9
22557,0.0009765625,10
22558,0.0009765625,10
22559,0.0009765625,10
22560,0.0009765625,10
22561,0.001953125,9
22562,0.0009765625,10
22563,0.0009765625,10
22564,0.0009765625,10
22565,0.001953125,9
22566,0.0009765625,10
22567,0.0009765625,10
22568,0.0009765625,10
22569,0.001953125,9
22570,0.0009765625,10
22571,0.0009765625,10
22572,0.0009765625,10
22573,0.0009765625,10
22574,0.001953125,9
22575,0.0009765625,10
22576,0.0009765625,10
22577,0.0009765625,10
22578,0.001953125,9
22579,0.0009765625,10
22580,0.0009765625,10
22581,0.0009765625,10
22582,0.001953125,9
22583,0.0009765625,10
22584,0.0009765625,10
22585,0.0009765625,10
22586,0.0009765625,10
22587,0.001953125,9
22588,0.0009765625,10
22589,0.0009765625,10
22590,0.0009765625,10
22591,0.001953125,9
22592,0.0009765625,10
22593,0.0009765625,10
22594,0.0009765625,10
22595,0.001953125,9
22596,0.0009765625,10
22597,0.0009765625,10
22598,0.0009765625,10
22599,0.0009765625,10
22600,0.001953125,9
22601,0.0009765625,10
22602,0.0009765625,10
22603,0.0009765625,10
22604,0.001953125,9
22605,0.0009765625,10
22606,0.0009765625,10
22607,0.0009765625,10
22608,0.0009765625,10
22609,0.001953125,9
22610,0.0009765625,10
22611,0.0009765625,10
22612,0.0009765625,10
22613,0.001953125,9
22614,0.0009765625,10
22615,0.0009765625,10
22616,0.0009765625,10
22617,0.001953125,9
22618,0.0009765625,10
22619,0.0009765625,10
22620,0.0009765625,10
22621,0.0009765625,10
22622,0.001953125,9
22623,0.0009765625,10
22624,0.0009765625,10
22625,0.0009765625,10
22626,0.001953125,9
22627,0.0009765625,10
22628,0.0009765625,10
22629,0.0009765625,10
22630,0.001953125,9
22631,0.0009765625,10
22632,0.0009765625,10
22633,0.0009765625,10
22634,0.0009765625,10
22635,0.001953125,9
22636,0.0009765625,10
22637,0.0009765625,10
22638,0.0009765625,10
22639,0.001953125,9
22640,0.0009765625,10
22641,0.0009765625,10
22642,0.0009765625,10
22643,0.0009765625,10
