iter,time,f(xk),||Df(xk)||
1,0.000158,2.346094e+03,1551.54693884
2,0.000094,1.337720e+03,1027.37134743
3,0.000096,1.145789e+03,903.38671567
4,0.000090,9.700931e+02,670.19145640
5,0.000091,7.685663e+02,364.99652519
6,0.000094,6.774874e+02,208.68141701
7,0.000095,6.748430e+02,366.63118208
8,0.000093,5.905458e+02,219.10795174
9,0.000094,5.457256e+02,167.34734382
10,0.000091,5.279042e+02,360.44512244
11,0.000093,5.263012e+02,458.07466910
12,0.000097,4.356783e+02,150.00360931
13,0.000097,4.121286e+02,336.99442618
14,0.000093,3.639103e+02,138.27097742
15,0.000101,3.613135e+02,364.02827475
16,0.000107,3.137961e+02,149.64819530
17,0.000119,3.061553e+02,214.57824799
18,0.000126,2.865016e+02,110.51105318
19,0.000196,2.753485e+02,144.93219974
20,0.000292,2.729899e+02,227.28936268
21,0.000853,2.537379e+02,115.83683186
22,0.000160,2.479137e+02,173.07710648
23,0.000174,2.356552e+02,98.66697234
24,0.000262,2.289889e+02,141.85080814
25,0.000132,2.200527e+02,88.04612821
26,0.000108,2.134997e+02,122.69662081
27,0.011715,2.064790e+02,79.68596638
28,0.000115,2.007708e+02,108.94943816
29,0.000337,1.952473e+02,71.06960725
30,0.000389,1.910189e+02,97.58685061
31,0.000419,1.868504e+02,61.64832286
32,0.000370,1.843897e+02,87.89595272
33,0.000394,1.813929e+02,52.21062258
34,0.000500,1.805439e+02,80.33723535
35,0.000387,1.784106e+02,44.37788984
36,0.000567,1.775142e+02,28.14458691
37,0.001042,1.770449e+02,39.24454159
38,0.000529,1.765039e+02,22.34672994
39,0.000717,1.762620e+02,14.53584596
40,0.000346,1.761179e+02,19.58027207
41,0.000405,1.759792e+02,11.42893924
42,0.000481,1.759694e+02,18.70458733
43,0.000459,1.758639e+02,10.32472811
44,0.000487,1.758205e+02,6.52880511
45,0.000390,1.758008e+02,10.09530717
46,0.000363,1.757636e+02,6.19989439
47,0.000388,1.757533e+02,10.20490867
48,0.000331,1.757170e+02,6.19101109
49,0.000332,1.757105e+02,10.45747560
50,0.000425,1.756735e+02,6.29450450
51,0.000593,1.756694e+02,10.79825175
52,0.000465,1.756309e+02,6.45065833
53,0.001717,1.756295e+02,11.21666524
54,0.000509,1.755890e+02,6.64621212
55,0.000355,1.755679e+02,4.73210217
56,0.000548,1.755477e+02,6.87260207
57,0.000365,1.755260e+02,4.81277863
58,0.000385,1.755070e+02,7.14309092
59,0.000326,1.754846e+02,4.91179931
60,0.000264,1.754672e+02,7.46426261
61,0.000276,1.754438e+02,5.03326221
62,0.000331,1.754283e+02,7.84432293
63,0.000362,1.754037e+02,5.18235374
64,0.000261,1.753904e+02,8.29293748
65,0.000333,1.753644e+02,5.36524406
66,0.000318,1.753538e+02,8.82132295
67,0.000203,1.753259e+02,5.58911424
68,0.000209,1.753186e+02,9.44243708
69,0.000354,1.752883e+02,5.86222893
70,0.000358,1.752850e+02,10.17125041
71,0.000410,1.752517e+02,6.19403937
72,0.000507,1.752333e+02,4.46815624
73,0.000682,1.752160e+02,6.58836301
74,0.000931,1.751967e+02,4.61336208
75,0.000490,1.751815e+02,7.06321224
76,0.000462,1.751609e+02,4.79983334
77,0.000347,1.751482e+02,7.63235380
78,0.000334,1.751259e+02,5.03638344
79,0.000358,1.751163e+02,8.31175203
80,0.000315,1.750917e+02,5.33318747
81,0.000317,1.750859e+02,9.11996404
82,0.000356,1.750583e+02,5.70194987
83,0.000321,1.750574e+02,10.07870280
84,0.000374,1.750259e+02,6.15612947
85,0.000385,1.750087e+02,4.38691860
86,0.000387,1.749944e+02,6.70471342
87,0.000328,1.749757e+02,4.61178835
88,0.000516,1.749640e+02,7.37071910
89,0.000356,1.749434e+02,4.89992839
90,0.000521,1.749350e+02,8.17479970
91,0.000498,1.749117e+02,5.26457999
92,0.000564,1.749076e+02,9.14137211
93,0.000638,1.748807e+02,5.72116624
94,0.000601,1.748651e+02,4.18682715
95,0.000453,1.748505e+02,6.28264810
96,0.000443,1.748335e+02,4.41967368
97,0.000432,1.748213e+02,6.97354373
98,0.000463,1.748023e+02,4.72152977
99,0.000423,1.747933e+02,7.81810066
100,0.000425,1.747716e+02,5.10813417
101,0.000459,1.747669e+02,8.84509824
102,0.000412,1.747416e+02,5.59794692
103,0.000489,1.747265e+02,4.12937652
104,0.000467,1.747122e+02,6.20799868
105,0.000419,1.746957e+02,4.38842219
106,0.000440,1.746839e+02,6.96659379
107,0.000534,1.746652e+02,4.72697102
108,0.000777,1.746568e+02,7.90314527
109,0.000451,1.746352e+02,5.16433983
110,0.000673,1.746316e+02,9.05274691
111,0.000463,1.746057e+02,5.72321494
112,0.000431,1.745905e+02,4.18588456
113,0.000498,1.745772e+02,6.42596618
114,0.000398,1.745601e+02,4.49398302
115,0.000503,1.745497e+02,7.30660040
116,0.000414,1.745301e+02,4.89914949
117,0.000514,1.745239e+02,8.40187094
118,0.000377,1.745006e+02,5.42565186
119,0.000428,1.745004e+02,9.75603121
120,0.000423,1.744719e+02,6.10197554
121,0.000410,1.744558e+02,4.36076763
122,0.000448,1.744442e+02,6.95704930
123,0.000393,1.744257e+02,4.75111679
124,0.000298,1.744180e+02,8.03358571
125,0.000324,1.743961e+02,5.26593294
126,0.000355,1.743941e+02,9.37894794
127,0.000278,1.743673e+02,5.93622136
128,0.000401,1.743516e+02,4.29872437
129,0.000420,1.743395e+02,6.79444611
130,0.000550,1.743215e+02,4.69024487
131,0.000469,1.743133e+02,7.88649512
132,0.000498,1.742919e+02,5.21311883
133,0.000419,1.742894e+02,9.26422289
134,0.000380,1.742631e+02,5.90160968
135,0.000391,1.742475e+02,4.29494437
136,0.000430,1.742353e+02,6.79216389
137,0.000382,1.742174e+02,4.70384925
138,0.000389,1.742093e+02,7.93532098
139,0.000422,1.741878e+02,5.25539217
140,0.000427,1.741858e+02,9.38893659
141,0.000451,1.741590e+02,5.98795055
142,0.000493,1.741433e+02,4.34557366
143,0.000509,1.741315e+02,6.94307425
144,0.000542,1.741132e+02,4.79000881
145,0.000456,1.741059e+02,8.17743958
146,0.018735,1.740837e+02,5.39378103
147,0.000170,1.740832e+02,9.75689277
148,0.000258,1.740551e+02,6.20049322
149,0.000291,1.740388e+02,4.45484424
150,0.000311,1.740280e+02,7.25786891
151,0.000400,1.740088e+02,4.95661036
152,0.000285,1.740032e+02,8.63085436
153,0.000331,1.739795e+02,5.64107358
154,0.000313,1.739646e+02,4.21216974
155,0.000307,1.739513e+02,6.55506682
156,0.000300,1.739341e+02,4.63342921
157,0.000305,1.739250e+02,7.76049439
158,0.000454,1.739042e+02,5.21985900
159,0.000436,1.739016e+02,9.33021918
160,0.000426,1.738752e+02,6.02064700
161,0.000313,1.738594e+02,4.39590304
162,0.000301,1.738478e+02,7.09070664
163,0.000283,1.738291e+02,4.90460274
164,0.000336,1.738228e+02,8.50310439
165,0.000311,1.737995e+02,5.61204681
166,0.000298,1.737847e+02,4.22055214
167,0.000495,1.737712e+02,6.57298263
168,0.000421,1.737540e+02,4.66792464
169,0.000383,1.737450e+02,7.85884669
170,0.000480,1.737239e+02,5.30101385
171,0.000403,1.737221e+02,9.55493940
172,0.000437,1.736950e+02,6.17769506
173,0.000424,1.736787e+02,4.49263888
174,0.000440,1.736678e+02,7.36362042
175,0.000376,1.736483e+02,5.06779497
176,0.000455,1.736436e+02,8.94572721
177,0.000422,1.736188e+02,5.87637293
178,0.000442,1.736033e+02,4.36344065
179,0.000421,1.735909e+02,6.98480902
180,0.000360,1.735725e+02,4.89427753
181,0.000331,1.735657e+02,8.47990148
182,0.000316,1.735426e+02,5.65112068
183,0.000335,1.735275e+02,4.27059564
184,0.000313,1.735141e+02,6.70170432
185,0.000307,1.734964e+02,4.76885050
186,0.000331,1.734881e+02,8.13369296
187,0.000320,1.734661e+02,5.48842910
188,0.000380,1.734515e+02,4.20706238
189,0.000452,1.734372e+02,6.49890351
190,0.000368,1.734201e+02,4.68311108
191,0.000323,1.734106e+02,7.88970332
192,0.000403,1.733895e+02,5.37859022
193,0.000434,1.733880e+02,9.76977167
194,0.000400,1.733602e+02,6.36833580
195,0.000412,1.733434e+02,4.63255307
196,0.000451,1.733332e+02,7.73937454
197,0.000403,1.733125e+02,5.31675251
198,0.000407,1.733101e+02,9.60653432
199,0.000445,1.732829e+02,6.29924561
200,0.000416,1.732662e+02,4.61196621
201,0.000417,1.732556e+02,7.67082804
202,0.000449,1.732350e+02,5.29687153
203,0.000293,1.732322e+02,9.55092038
204,0.000325,1.732052e+02,6.28785935
205,0.000336,1.731885e+02,4.61957617
206,0.000349,1.731777e+02,7.68037972
207,0.000293,1.731571e+02,5.31727615
208,0.000376,1.731543e+02,9.59983219
209,0.000319,1.731271e+02,6.33296628
210,0.000512,1.731102e+02,4.65514755
211,0.000507,1.730995e+02,7.76774151
212,0.000440,1.730786e+02,5.37835547
213,0.000435,1.730762e+02,9.75453982
214,0.000407,1.730485e+02,6.43603608
215,0.000358,1.730313e+02,4.71999379
216,0.000311,1.730209e+02,7.93608887
217,0.000301,1.729995e+02,5.48259453
218,0.000359,1.729981e+02,10.02081408
219,0.000294,1.729692e+02,6.60132618
220,0.000309,1.729515e+02,4.81706459
221,0.000349,1.729419e+02,8.19225467
222,0.000360,1.729196e+02,5.63472057
223,0.000439,1.729041e+02,4.36318535
224,0.000423,1.728893e+02,6.83296166
225,0.000333,1.728709e+02,4.94965883
226,0.000410,1.728624e+02,8.54308451
227,0.000384,1.728388e+02,5.83992312
228,0.000336,1.728228e+02,4.47709307
229,0.000319,1.728087e+02,7.14483782
230,0.000372,1.727893e+02,5.12607431
231,0.000307,1.727823e+02,9.00798265
232,0.000413,1.727571e+02,6.11033171
233,0.000305,1.727403e+02,4.62592682
234,0.000412,1.727272e+02,7.55137696
235,0.000333,1.727065e+02,5.35569022
236,0.000418,1.727018e+02,9.60787637
237,0.000373,1.726743e+02,6.45970536
238,0.000326,1.726565e+02,4.81824994
239,0.000440,1.726448e+02,8.07231337
240,0.000352,1.726225e+02,5.65123294
241,0.000324,1.726208e+02,10.37089100
242,0.000385,1.725902e+02,6.90640622
243,0.000369,1.725711e+02,5.06559301
244,0.000384,1.725615e+02,8.73380339
245,0.000419,1.725369e+02,6.02962864
246,0.000425,1.725198e+02,4.64956581
247,0.000316,1.725049e+02,7.47114180
248,0.000320,1.724840e+02,5.38164621
249,0.000352,1.724773e+02,9.56569939
250,0.000331,1.724496e+02,6.51078836
251,0.000338,1.724311e+02,4.91402112
252,0.000314,1.724181e+02,8.18892795
253,0.000371,1.723948e+02,5.78819730
254,0.000357,1.723924e+02,10.61717825
255,0.000617,1.723604e+02,7.12606180
256,0.000504,1.723400e+02,5.25617516
257,0.000506,1.723299e+02,9.10121541
258,0.000693,1.723033e+02,6.31211894
259,0.000522,1.722848e+02,4.87175192
260,0.000508,1.722692e+02,7.91018645
261,0.000622,1.722462e+02,5.69873418
262,0.000615,1.722404e+02,10.25815654
263,0.000535,1.722093e+02,6.98653039
264,0.000460,1.721887e+02,5.24699399
265,0.008879,1.721759e+02,8.91770928
266,0.000111,1.721494e+02,6.27608741
267,0.000156,1.721304e+02,4.92083615
268,0.000159,1.721125e+02,7.85735230
269,0.000147,1.720891e+02,5.73851530
270,0.000158,1.720809e+02,10.21170421
271,0.000151,1.720493e+02,7.02976567
272,0.000148,1.720279e+02,5.34123732
273,0.000152,1.720132e+02,8.99153783
274,0.000158,1.719857e+02,6.38858616
275,0.000155,1.719849e+02,11.88842544
276,0.000162,1.719460e+02,8.02174893
277,0.000148,1.719212e+02,5.90128688
278,0.000149,1.719118e+02,10.47570373
279,0.000153,1.718784e+02,7.25344218
280,0.000289,1.718555e+02,5.53555447
281,0.000148,1.718396e+02,9.32914771
282,0.000111,1.718101e+02,6.65116385
283,0.000114,1.718097e+02,12.42289345
284,0.000121,1.717675e+02,8.40760079
285,0.000106,1.717407e+02,6.18648619
286,0.000126,1.717315e+02,11.06955899
287,0.000197,1.716949e+02,7.66673054
288,0.000145,1.716699e+02,5.83004384
289,0.000160,1.716541e+02,9.95681544
290,0.000197,1.716215e+02,7.07492448
291,0.000200,1.715977e+02,5.55940572
292,0.000218,1.715767e+02,9.04398392
293,0.000122,1.715470e+02,6.60456854
294,0.000102,1.715405e+02,12.05189551
295,0.000102,1.714990e+02,8.30077713
296,0.000097,1.714713e+02,6.23378010
297,0.000151,1.714579e+02,10.93769859
298,0.000162,1.714208e+02,7.69170544
299,0.000144,1.713946e+02,5.93885897
300,0.000130,1.713758e+02,10.00645264
301,0.000130,1.713421e+02,7.19193859
302,0.000139,1.713171e+02,5.70221045
303,0.000129,1.712941e+02,9.22671483
304,0.000131,1.712630e+02,6.77976527
305,0.000139,1.712563e+02,12.39800672
306,0.000134,1.712128e+02,8.57613836
307,0.000137,1.711837e+02,6.43887224
308,0.000133,1.711714e+02,11.42324034
309,0.000126,1.711321e+02,8.02566034
310,0.000122,1.711047e+02,6.15057748
311,0.000129,1.710881e+02,10.59092024
312,0.000123,1.710522e+02,7.55660748
313,0.000121,1.710263e+02,5.90233663
314,0.000128,1.710065e+02,9.87719160
315,0.000133,1.709735e+02,7.15318196
316,0.000136,1.709489e+02,5.68416037
317,0.000123,1.709269e+02,9.26204687
318,0.000124,1.708964e+02,6.80254851
319,0.000120,1.708928e+02,12.63020959
320,0.000127,1.708496e+02,8.73381721
321,0.000457,1.708211e+02,6.49709383
322,0.000433,1.708140e+02,11.85861024
323,0.000415,1.707746e+02,8.27308305
324,0.000434,1.707479e+02,6.22610167
325,0.000405,1.707384e+02,11.18835494
326,0.000459,1.707022e+02,7.86990217
327,0.000469,1.706772e+02,5.98426146
328,0.000402,1.706658e+02,10.60536473
329,0.000406,1.706324e+02,7.51621630
330,0.000448,1.706089e+02,5.76779746
331,0.000423,1.705964e+02,10.09798921
332,0.000425,1.705653e+02,7.20571864
333,0.000458,1.705431e+02,5.57413507
334,0.000441,1.705299e+02,9.65664325
335,0.000407,1.705009e+02,6.93345017
336,0.000402,1.704798e+02,5.40150780
337,0.000450,1.704661e+02,9.27341836
338,0.000428,1.704388e+02,6.69546033
339,0.000410,1.704188e+02,5.24862307
340,0.000638,1.704048e+02,8.94169582
341,0.000380,1.703791e+02,6.48846267
342,0.004178,1.703600e+02,5.11438605
343,0.000131,1.703459e+02,8.65585727
344,0.000116,1.703214e+02,6.30962098
345,0.000119,1.703031e+02,4.99772743
346,0.000124,1.702889e+02,8.41104393
347,0.000149,1.702655e+02,6.15636881
348,0.000128,1.702478e+02,4.89750333
349,0.000110,1.702337e+02,8.20301053
350,0.000102,1.702112e+02,6.02634340
351,0.000112,1.701941e+02,4.81247784
352,0.000116,1.701800e+02,8.02801378
353,0.000148,1.701582e+02,5.91733436
354,0.000118,1.701416e+02,4.74134292
355,0.000107,1.701275e+02,7.88276186
356,0.000109,1.701064e+02,5.82730223
357,0.000181,1.700901e+02,4.68277398
358,0.000129,1.700760e+02,7.76436996
359,0.000105,1.700554e+02,5.75438018
360,0.000108,1.700394e+02,4.63548275
361,0.000105,1.700254e+02,7.67034555
362,0.000097,1.700052e+02,5.69690919
363,0.000099,1.699894e+02,4.59827219
364,0.000109,1.699755e+02,7.59856144
365,0.000100,1.699556e+02,5.65343925
366,0.000096,1.699400e+02,4.57006997
367,0.000113,1.699262e+02,7.54724333
368,0.000104,1.699065e+02,5.62274912
369,0.000101,1.698911e+02,4.54995445
370,0.000106,1.698773e+02,7.51494091
371,0.000100,1.698578e+02,5.60383152
372,0.000097,1.698425e+02,4.53715987
373,0.000103,1.698288e+02,7.50051047
374,0.000099,1.698094e+02,5.59589607
375,0.000098,1.697942e+02,4.53107822
376,0.000104,1.697807e+02,7.50308387
377,0.000109,1.697613e+02,5.59834390
378,0.000104,1.697461e+02,4.53124763
379,0.000104,1.697328e+02,7.52205039
380,0.000119,1.697134e+02,5.61076338
381,0.000101,1.696983e+02,4.53734386
382,0.000098,1.696851e+02,7.55702876
383,0.000122,1.696658e+02,5.63290309
384,0.000113,1.696506e+02,4.54916439
385,0.000117,1.696377e+02,7.60785315
386,0.000121,1.696182e+02,5.66466842
387,0.000100,1.696030e+02,4.56661932
388,0.000109,1.695904e+02,7.67455166
389,0.000107,1.695708e+02,5.70609832
390,0.000101,1.695555e+02,4.58971796
391,0.000099,1.695433e+02,7.75733884
392,0.000104,1.695235e+02,5.75736648
393,0.000113,1.695081e+02,4.61856362
394,0.000138,1.694963e+02,7.85660149
395,0.000115,1.694763e+02,5.81876355
396,0.000103,1.694608e+02,4.65334471
397,0.000103,1.694494e+02,7.97289801
398,0.000419,1.694291e+02,5.89070366
399,0.000354,1.694135e+02,4.69433417
400,0.000315,1.694027e+02,8.10695097
401,0.000365,1.693820e+02,5.97371179
402,0.000354,1.693663e+02,4.74188509
403,0.000329,1.693561e+02,8.25965264
404,0.000370,1.693350e+02,6.06843522
405,0.002566,1.693191e+02,4.79643423
406,0.000094,1.693095e+02,8.43206360
407,0.000137,1.692880e+02,6.17563509
408,0.000083,1.692719e+02,4.85850118
409,0.000091,1.692631e+02,8.62542371
410,0.000096,1.692411e+02,6.29620230
411,0.000100,1.692247e+02,4.92869541
412,0.000093,1.692168e+02,8.84115641
413,0.000095,1.691942e+02,6.43115248
414,0.000091,1.691776e+02,5.00771831
415,0.000095,1.691707e+02,9.08088485
416,0.000097,1.691473e+02,6.58164612
417,0.000090,1.691304e+02,5.09637310
418,0.000098,1.691247e+02,9.34644177
419,0.000116,1.691005e+02,6.74898656
420,0.000107,1.690832e+02,5.19556941
421,0.000093,1.690788e+02,9.63989128
422,0.000098,1.690537e+02,6.93464460
423,0.000091,1.690360e+02,5.30633595
424,0.000093,1.690331e+02,9.96354480
425,0.000099,1.690070e+02,7.14025960
426,0.000092,1.689888e+02,5.42982745
427,0.000093,1.689875e+02,10.31998936
428,0.000102,1.689603e+02,7.36766920
429,0.000093,1.689416e+02,5.56734032
430,0.000108,1.689266e+02,4.53967260
431,0.000103,1.689136e+02,7.61721516
432,0.000107,1.688943e+02,5.71940998
433,0.000132,1.688790e+02,4.62647577
434,0.000132,1.688670e+02,7.89306767
435,0.000142,1.688470e+02,5.88861517
436,0.000099,1.688314e+02,4.72386936
437,0.000093,1.688205e+02,8.19757029
438,0.000099,1.687996e+02,6.07668652
439,0.000099,1.687837e+02,4.83307693
440,0.000095,1.687741e+02,8.53348080
441,0.000102,1.687523e+02,6.28560435
442,0.000093,1.687358e+02,4.95549138
443,0.000095,1.687277e+02,8.90391148
444,0.000098,1.687049e+02,6.51759335
445,0.000106,1.686879e+02,5.09268283
446,0.000110,1.686815e+02,9.31234345
447,0.000107,1.686574e+02,6.77513322
448,0.000104,1.686399e+02,5.24641247
449,0.000098,1.686354e+02,9.76266297
450,0.000097,1.686100e+02,7.06099012
451,0.000101,1.685918e+02,5.41865313
452,0.000104,1.685895e+02,10.25920787
453,0.000103,1.685625e+02,7.37824225
454,0.000103,1.685435e+02,5.61160970
455,0.000111,1.685282e+02,4.59645791
456,0.001883,1.685150e+02,7.72866297
457,0.000081,1.684951e+02,5.82684953
458,0.000090,1.684794e+02,4.72145338
459,0.000086,1.684674e+02,8.11787249
460,0.000088,1.684466e+02,6.06803532
461,0.000091,1.684304e+02,4.86297672
462,0.000099,1.684200e+02,8.54997541
463,0.000091,1.683979e+02,6.33817071
464,0.000095,1.683811e+02,5.02318996
465,0.000090,1.683725e+02,9.02970023
466,0.000092,1.683491e+02,6.64066206
467,0.000095,1.683316e+02,5.20454213
468,0.000092,1.683252e+02,9.56238643
469,0.000092,1.683001e+02,6.97933245
470,0.000091,1.682818e+02,5.40979065
471,0.000108,1.682779e+02,10.15404150
472,0.000097,1.682509e+02,7.35846695
473,0.000115,1.682317e+02,5.64203266
474,0.000101,1.682309e+02,10.81142961
475,0.000104,1.682016e+02,7.78286965
476,0.000121,1.681813e+02,5.90474305
477,0.000104,1.681650e+02,4.81009655
478,0.000101,1.681522e+02,8.25613794
479,0.000105,1.681305e+02,6.20085004
480,0.000116,1.681135e+02,4.98712394
481,0.000158,1.681026e+02,8.78627454
482,0.000139,1.680794e+02,6.53570908
483,0.000149,1.680617e+02,5.18952202
484,0.000103,1.680529e+02,9.37993387
485,0.000096,1.680279e+02,6.91416203
486,0.000097,1.680092e+02,5.42081414
487,0.000093,1.680032e+02,10.04479508
488,0.000094,1.679761e+02,7.34171593
489,0.000091,1.679562e+02,5.68499395
490,0.000111,1.679535e+02,10.78961087
491,0.000104,1.679238e+02,7.82460265
492,0.000095,1.679026e+02,5.98657285
493,0.000097,1.678855e+02,4.91693909
494,0.000103,1.678711e+02,8.36804318
495,0.000109,1.678484e+02,6.32965103
496,0.000139,1.678303e+02,5.12596875
497,0.000142,1.678179e+02,8.98194627
498,0.001605,1.677934e+02,6.72095166
499,0.000082,1.677744e+02,5.36672154
500,0.000077,1.677645e+02,9.67523545
501,0.000098,1.677377e+02,7.16691957
502,0.000090,1.677174e+02,5.64383654
503,0.000091,1.677106e+02,10.45824239
504,0.000096,1.676812e+02,7.67492390
505,0.000103,1.676595e+02,5.96260209
506,0.000093,1.676566e+02,11.34284440
507,0.000095,1.676239e+02,8.25337817
508,0.000100,1.676005e+02,6.32904064
509,0.000103,1.675815e+02,5.20317734
510,0.000097,1.675658e+02,8.90986819
511,0.000100,1.675404e+02,6.74891820
512,0.000101,1.675202e+02,5.46430990
513,0.000098,1.675070e+02,9.65752869
514,0.000098,1.674791e+02,7.23114296
515,0.000107,1.674575e+02,5.76630055
516,0.000093,1.674474e+02,10.50887336
517,0.000102,1.674166e+02,7.78464074
518,0.000092,1.673933e+02,6.11543366
519,0.000093,1.673874e+02,11.47853516
520,0.000097,1.673529e+02,8.41975325
521,0.000091,1.673277e+02,6.51899163
522,0.000091,1.673271e+02,12.58354556
523,0.000098,1.672881e+02,9.14847027
524,0.000093,1.672606e+02,6.98542894
525,0.000112,1.672383e+02,5.70181102
526,0.000095,1.672224e+02,9.98225836
527,0.000100,1.671920e+02,7.52327276
528,0.000098,1.671681e+02,6.03824258
529,0.000117,1.671559e+02,10.93996293
530,0.000112,1.671221e+02,8.14533196
531,0.000102,1.670963e+02,6.42893362
532,0.000101,1.670891e+02,12.04035240
533,0.000108,1.670510e+02,8.86501396
534,0.001418,1.670230e+02,6.88333977
535,0.000074,1.670224e+02,13.30568446
536,0.000085,1.669791e+02,9.69817468
537,0.000089,1.669485e+02,7.41278021
538,0.000084,1.669237e+02,6.04485160
539,0.000086,1.669068e+02,10.66074096
540,0.000092,1.668729e+02,8.02928523
541,0.000087,1.668464e+02,6.42261768
542,0.000099,1.668348e+02,11.77775565
543,0.000096,1.667968e+02,8.75044207
544,0.000089,1.667682e+02,6.86683137
545,0.000090,1.667638e+02,13.07503199
546,0.000092,1.667207e+02,9.59527731
547,0.000096,1.666897e+02,7.39165322
548,0.000090,1.666643e+02,6.07204246
549,0.000093,1.666454e+02,10.58354910
550,0.000106,1.666113e+02,8.01263833
551,0.000123,1.665845e+02,6.43796638
552,0.000136,1.665718e+02,11.74475744
553,0.000148,1.665339e+02,8.75155696
554,0.000095,1.665052e+02,6.87894146
555,0.000092,1.665009e+02,13.10990268
556,0.000100,1.664581e+02,9.63214424
557,0.000102,1.664272e+02,7.41371836
558,0.000099,1.664021e+02,6.07041369
559,0.000104,1.663848e+02,10.67910919
560,0.000109,1.663511e+02,8.06269130
561,0.000115,1.663248e+02,6.43985437
562,0.000105,1.663151e+02,11.92725526
563,0.000108,1.662775e+02,8.85256980
564,0.000136,1.662496e+02,6.90300466
565,0.000104,1.662265e+02,5.73043498
566,0.001444,1.662073e+02,9.80917346
567,0.000113,1.661773e+02,7.48181307
568,0.000105,1.661534e+02,6.04553535
569,0.000087,1.661413e+02,10.96693639
570,0.000089,1.661082e+02,8.20349023
571,0.000097,1.660831e+02,6.45720361
572,0.000095,1.660802e+02,12.36188519
573,0.000093,1.660428e+02,9.09640652
574,0.000101,1.660160e+02,6.98916095
575,0.000090,1.659944e+02,5.69219162
576,0.000092,1.659817e+02,10.18917238
577,0.000111,1.659524e+02,7.66541499
578,0.000092,1.659299e+02,6.07343775
579,0.000092,1.659254e+02,11.51927573
580,0.000097,1.658923e+02,8.51462706
581,0.000095,1.658683e+02,6.57760258
582,0.000091,1.658488e+02,5.38743806
583,0.000106,1.658362e+02,9.56426202
584,0.000101,1.658099e+02,7.22744927
585,0.000098,1.657895e+02,5.75528207
586,0.000097,1.657843e+02,10.84997042
587,0.000120,1.657546e+02,8.04995386
588,0.000097,1.657328e+02,6.24630142
589,0.000093,1.657149e+02,5.14005536
590,0.000100,1.657026e+02,9.07164161
591,0.000096,1.656786e+02,6.88202989
592,0.000091,1.656598e+02,5.50455244
593,0.000101,1.656542e+02,10.32698288
594,0.001362,1.656269e+02,7.68828394
595,0.000094,1.656067e+02,5.99022287
596,0.000097,1.655900e+02,4.95092474
597,0.000090,1.655780e+02,8.69139887
598,0.000095,1.655556e+02,6.61809990
599,0.000088,1.655380e+02,5.31592770
600,0.000096,1.655320e+02,9.92558889
601,0.000090,1.655065e+02,7.41375037
602,0.000098,1.654874e+02,5.79916028
603,0.000090,1.654715e+02,4.81310335
604,0.000100,1.654595e+02,8.40409829
605,0.000112,1.654383e+02,6.42197728
606,0.000102,1.654214e+02,5.17908454
607,0.000146,1.654150e+02,9.62383302
608,0.000138,1.653908e+02,7.21042502
609,0.000107,1.653725e+02,5.66074746
610,0.000104,1.653571e+02,4.71612208
611,0.000103,1.653450e+02,8.19248279
612,0.000098,1.653246e+02,6.28027389
613,0.000094,1.653083e+02,5.08278339
614,0.000115,1.653015e+02,9.40371227
615,0.000096,1.652781e+02,7.06456179
616,0.000095,1.652603e+02,5.56368871
617,0.000096,1.652453e+02,4.65001338
618,0.000095,1.652331e+02,8.04280850
619,0.000097,1.652132e+02,6.18202858
620,0.000100,1.651972e+02,5.01763932
621,0.001389,1.651901e+02,9.25162505
622,0.000082,1.651673e+02,6.96567890
623,0.000086,1.651499e+02,5.49933522
624,0.000088,1.651351e+02,4.60719074
625,0.000097,1.651228e+02,7.94507681
626,0.000092,1.651033e+02,6.11932146
627,0.000091,1.650875e+02,4.97696565
628,0.000096,1.650802e+02,9.15798156
629,0.000104,1.650577e+02,6.90648936
630,0.000092,1.650405e+02,5.46179589
631,0.000107,1.650403e+02,10.64788915
632,0.000098,1.650136e+02,7.89349774
633,0.000092,1.649943e+02,6.08746299
634,0.000090,1.649786e+02,4.95676377
635,0.000096,1.649713e+02,9.11728161
636,0.000093,1.649490e+02,6.88281764
637,0.000090,1.649319e+02,5.44770463
638,0.000096,1.649316e+02,10.62417287
639,0.000091,1.649051e+02,7.88239311
640,0.000092,1.648858e+02,6.08253210
641,0.000096,1.648703e+02,4.95414508
642,0.000108,1.648630e+02,9.12458011
643,0.000093,1.648408e+02,6.89126716
644,0.000100,1.648237e+02,5.45462003
645,0.000093,1.648092e+02,4.57772765
646,0.000094,1.647971e+02,7.90885174
647,0.000093,1.647778e+02,6.10250324
648,0.001286,1.647622e+02,4.96762477
649,0.000075,1.647553e+02,9.17727729
650,0.000071,1.647329e+02,6.93011087
651,0.000095,1.647158e+02,5.48135132
652,0.000089,1.647012e+02,4.59467060
653,0.000089,1.646894e+02,7.97328517
654,0.000090,1.646700e+02,6.14747591
655,0.000089,1.646543e+02,4.99712310
656,0.000093,1.646478e+02,9.27585193
657,0.000090,1.646252e+02,6.99969377
658,0.000090,1.646080e+02,5.52811874
659,0.000095,1.645933e+02,4.62433674
660,0.000093,1.645819e+02,8.07552368
661,0.000109,1.645623e+02,6.21753392
662,0.000099,1.645465e+02,5.04278873
663,0.000093,1.645406e+02,9.42086062
664,0.000093,1.645177e+02,7.10060081
665,0.000101,1.645002e+02,5.59544650
666,0.000122,1.644854e+02,4.66712971
667,0.000169,1.644745e+02,8.21670497
668,0.000186,1.644546e+02,6.31362868
669,0.000129,1.644386e+02,5.10536845
670,0.000112,1.644336e+02,9.61410202
671,0.000110,1.644101e+02,7.23428899
672,0.000099,1.643923e+02,5.68448590
673,0.000100,1.643774e+02,4.72391134
674,0.001643,1.643671e+02,8.39891097
675,0.000087,1.643467e+02,6.43740000
676,0.000077,1.643305e+02,5.18611854
677,0.000100,1.643265e+02,9.85844923
678,0.000092,1.643023e+02,7.40299980
679,0.000094,1.642842e+02,5.79697089
680,0.000090,1.642691e+02,4.79598045
681,0.000092,1.642596e+02,8.62513705
682,0.000095,1.642387e+02,6.59116503
683,0.000090,1.642221e+02,5.28680537
684,0.000090,1.642194e+02,10.15785468
685,0.000097,1.641943e+02,7.60977064
686,0.000100,1.641757e+02,5.93523458
687,0.000091,1.641603e+02,4.88509293
688,0.000094,1.641519e+02,8.89932566
689,0.000098,1.641302e+02,6.77794950
690,0.000093,1.641133e+02,5.40973718
691,0.000094,1.641121e+02,10.51741623
692,0.000099,1.640860e+02,7.85848849
693,0.000100,1.640668e+02,6.10225577
694,0.000092,1.640510e+02,4.99350607
695,0.000100,1.640438e+02,9.22644962
696,0.000107,1.640212e+02,7.00155438
697,0.000094,1.640038e+02,5.55782173
698,0.000099,1.639889e+02,4.66743886
699,0.000093,1.639771e+02,8.15314159
700,0.001296,1.639571e+02,6.30127974
701,0.000077,1.639410e+02,5.12380666
702,0.000087,1.639352e+02,9.61195611
703,0.000086,1.639115e+02,7.26623649
704,0.000096,1.638935e+02,5.73439959
705,0.000087,1.638782e+02,4.78211686
706,0.000089,1.638675e+02,8.50080691
707,0.000089,1.638466e+02,6.53742383
708,0.000093,1.638299e+02,5.27976027
709,0.000092,1.638259e+02,10.06412274
710,0.000101,1.638009e+02,7.57814181
711,0.000102,1.637820e+02,5.94410188
712,0.000095,1.637663e+02,4.91977110
713,0.000095,1.637569e+02,8.90826760
714,0.000104,1.637349e+02,6.81598705
715,0.000106,1.637175e+02,5.46551888
716,0.000103,1.637157e+02,10.59177150
717,0.000108,1.636890e+02,7.94400277
718,0.000105,1.636692e+02,6.19214074
719,0.000102,1.636528e+02,5.08446279
720,0.000116,1.636450e+02,9.38402064
721,0.000156,1.636216e+02,7.14347256
722,0.000153,1.636034e+02,5.68613301
723,0.000254,1.635878e+02,4.78521337
724,0.000120,1.635754e+02,8.37108565
725,0.000127,1.635544e+02,6.48431095
726,0.000131,1.635374e+02,5.28083402
727,0.001634,1.635315e+02,9.93757901
728,0.000084,1.635063e+02,7.52722565
729,0.000081,1.634871e+02,5.94737146
730,0.000096,1.634708e+02,4.96131639
731,0.000091,1.634597e+02,8.87027434
732,0.000094,1.634373e+02,6.82864113
733,0.000099,1.634193e+02,5.51495828
734,0.000094,1.634157e+02,10.58196669
735,0.000097,1.633884e+02,7.97693730
736,0.000098,1.633679e+02,6.25658922
737,0.000111,1.633507e+02,5.17243679
738,0.000099,1.633413e+02,9.45275920
739,0.000096,1.633170e+02,7.23371485
740,0.000097,1.632978e+02,5.79349895
741,0.000095,1.632971e+02,11.33157301
742,0.000095,1.632671e+02,8.50339451
743,0.000102,1.632450e+02,6.62198262
744,0.000098,1.632268e+02,5.42486606
745,0.000099,1.632193e+02,10.13215332
746,0.000108,1.631927e+02,7.70969050
747,0.000112,1.631721e+02,6.12410739
748,0.000099,1.631545e+02,5.13708191
749,0.000105,1.631416e+02,9.11834906
750,0.000099,1.631174e+02,7.05244741
751,0.000097,1.630979e+02,5.72529775
752,0.000105,1.630929e+02,10.92386570
753,0.000100,1.630634e+02,8.26787912
754,0.001584,1.630410e+02,6.51503423
755,0.000117,1.630221e+02,5.41234919
756,0.000135,1.630108e+02,9.83808180
757,0.000121,1.629841e+02,7.55928806
758,0.000127,1.629629e+02,6.08142496
759,0.000130,1.629611e+02,11.84792862
760,0.000134,1.629280e+02,8.92228433
761,0.000099,1.629033e+02,6.97577117
762,0.000100,1.628829e+02,5.73806624
763,0.000111,1.628737e+02,10.67958065
764,0.000113,1.628439e+02,8.15411956
765,0.000115,1.628206e+02,6.50059348
766,0.000102,1.628006e+02,5.47151767
767,0.000102,1.627855e+02,9.68713200
768,0.000120,1.627580e+02,7.51544746
769,0.000303,1.627357e+02,6.11909223
770,0.000160,1.627296e+02,11.66238831
771,0.000124,1.626959e+02,8.84956165
772,0.000115,1.626701e+02,6.98976436
773,0.000104,1.626483e+02,5.81735548
774,0.000106,1.626353e+02,10.58184332
775,0.000101,1.626044e+02,8.14529339
776,0.000110,1.625798e+02,6.56007482
777,0.000121,1.625781e+02,12.81194809
778,0.000105,1.625397e+02,9.66132453
779,0.000105,1.625110e+02,7.55671869
780,0.000103,1.624873e+02,6.21118888
781,0.001451,1.624776e+02,11.62759855
782,0.000084,1.624428e+02,8.87734697
783,0.000076,1.624157e+02,7.06521815
784,0.000098,1.623925e+02,5.92736126
785,0.000094,1.623764e+02,10.60691096
786,0.000093,1.623444e+02,8.21019065
787,0.000097,1.623186e+02,6.65392913
788,0.000093,1.623143e+02,12.85129095
789,0.000093,1.622748e+02,9.72770968
790,0.000120,1.622450e+02,7.64142319
791,0.000094,1.622202e+02,6.30680968
792,0.000095,1.622087e+02,11.71429847
793,0.000099,1.621730e+02,8.96645065
794,0.000094,1.621450e+02,7.15211039
795,0.000094,1.621211e+02,6.00808500
796,0.000102,1.621043e+02,10.72129728
797,0.000096,1.620716e+02,8.30388891
798,0.000094,1.620453e+02,6.72605305
799,0.000100,1.620415e+02,13.02003780
800,0.000113,1.620014e+02,9.85155786
801,0.000097,1.619714e+02,7.72308828
802,0.000098,1.619466e+02,6.34927308
803,0.000101,1.619369e+02,11.89971302
804,0.000097,1.619010e+02,9.08372997
805,0.000098,1.618733e+02,7.20784859
806,0.000102,1.618499e+02,6.00954572
807,0.000096,1.618359e+02,10.90803031
808,0.000097,1.618036e+02,8.40198730
809,0.001443,1.617781e+02,6.74614488
810,0.000081,1.617561e+02,5.69830801
811,0.000076,1.617392e+02,10.02686223
812,0.000114,1.617101e+02,7.79317084
813,0.000110,1.616865e+02,6.32884741
814,0.000103,1.616825e+02,12.19664733
815,0.000109,1.616473e+02,9.24239936
816,0.000117,1.616209e+02,7.24776782
817,0.000098,1.615992e+02,5.95012402
818,0.000097,1.615915e+02,11.19816589
819,0.000143,1.615603e+02,8.54094471
820,0.000113,1.615364e+02,6.75741084
821,0.000145,1.615164e+02,5.60578603
822,0.000227,1.615062e+02,10.30688613
823,0.000168,1.614784e+02,7.91362438
824,0.000123,1.614567e+02,6.31706573
825,0.000105,1.614382e+02,5.29399418
826,0.000101,1.614261e+02,9.51098958
827,0.000098,1.614012e+02,7.35315529
828,0.000146,1.613814e+02,5.92298640
829,0.000103,1.613643e+02,5.01378322
830,0.000105,1.613510e+02,8.80044624
831,0.000110,1.613285e+02,6.85349778
832,0.000100,1.613104e+02,5.57214453
833,0.000135,1.613074e+02,10.76141753
834,0.000126,1.612802e+02,8.16745295
835,0.000098,1.612598e+02,6.40985801
836,0.000097,1.612430e+02,5.26198008
837,0.001377,1.612376e+02,9.95868570
838,0.000077,1.612132e+02,7.60300576
839,0.000088,1.611945e+02,6.01660004
840,0.000093,1.611789e+02,4.98912066
841,0.000107,1.611714e+02,9.24031202
842,0.000106,1.611493e+02,7.10043513
843,0.000100,1.611321e+02,5.66913175
844,0.000099,1.611174e+02,4.75039063
845,0.000098,1.611082e+02,8.59730045
846,0.000098,1.610881e+02,6.65338329
847,0.000098,1.610721e+02,5.36286626
848,0.000104,1.610582e+02,4.54235945
849,0.000101,1.610476e+02,8.02150912
850,0.000101,1.610290e+02,6.25593878
851,0.000106,1.610140e+02,5.09334773
852,0.000107,1.610117e+02,9.87075759
853,0.000095,1.609889e+02,7.50622999
854,0.000110,1.609717e+02,5.90300395
855,0.000096,1.609575e+02,4.85653408
856,0.000108,1.609528e+02,9.20459728
857,0.000105,1.609319e+02,7.04403328
858,0.000096,1.609158e+02,5.58914345
859,0.000094,1.609023e+02,4.64824670
860,0.000100,1.608955e+02,8.60333169
861,0.000111,1.608763e+02,6.62938581
862,0.000101,1.608611e+02,5.31003305
863,0.000101,1.608481e+02,4.46498677
864,0.001448,1.608397e+02,8.06022717
865,0.000081,1.608218e+02,6.25724340
866,0.000093,1.608074e+02,5.06174914
867,0.000096,1.608074e+02,9.98404326
868,0.000112,1.607850e+02,7.56979657
869,0.000101,1.607682e+02,5.92338530
870,0.000100,1.607545e+02,4.84094045
871,0.000161,1.607519e+02,9.34361273
872,0.000203,1.607312e+02,7.12597968
873,0.000136,1.607155e+02,5.62343725
874,0.000110,1.607024e+02,4.64432119
875,0.000104,1.606975e+02,8.76111686
876,0.000102,1.606784e+02,6.72438235
877,0.000101,1.606635e+02,5.35401114
878,0.000143,1.606509e+02,4.46922616
879,0.000107,1.606441e+02,8.23110057
880,0.000105,1.606263e+02,6.36096581
881,0.000107,1.606121e+02,5.11203400
882,0.000140,1.605999e+02,4.31327750
883,0.000127,1.605916e+02,7.74867149
884,0.000124,1.605748e+02,6.03211338
885,0.000115,1.605613e+02,4.89475941
886,0.000107,1.605608e+02,9.61968485
887,0.000106,1.605397e+02,7.30985827
888,0.000098,1.605240e+02,5.73479919
889,0.000095,1.605110e+02,4.69983838
890,0.000100,1.605081e+02,9.04177265
891,0.001446,1.604886e+02,6.91013328
892,0.000089,1.604737e+02,5.46581137
893,0.000095,1.604612e+02,4.52492281
894,0.000102,1.604562e+02,8.51299942
895,0.000106,1.604380e+02,6.54622533
896,0.000099,1.604238e+02,5.22265016
897,0.000097,1.604117e+02,4.36808585
898,0.000103,1.604051e+02,8.02919242
899,0.000102,1.603880e+02,6.21505946
900,0.000097,1.603744e+02,5.00299917
901,0.000102,1.603627e+02,4.22757022
902,0.000101,1.603545e+02,7.58654416
903,0.000099,1.603385e+02,5.91383463
904,0.000098,1.603254e+02,4.80475130
905,0.000106,1.603248e+02,9.44075755
906,0.000101,1.603046e+02,7.18195208
907,0.000097,1.602893e+02,5.64018810
908,0.000106,1.602768e+02,4.62608305
909,0.000098,1.602740e+02,8.90524904
910,0.000098,1.602551e+02,6.81174161
911,0.000104,1.602406e+02,5.39154085
912,0.000092,1.602285e+02,4.46513294
913,0.000098,1.602238e+02,8.41316093
914,0.000105,1.602060e+02,6.47329147
915,0.000099,1.601922e+02,5.16589453
916,0.000100,1.601804e+02,4.32037022
917,0.000098,1.601741e+02,7.96108805
918,0.000118,1.601574e+02,6.16410075
919,0.001517,1.601441e+02,4.96137591
920,0.000087,1.601327e+02,4.19038596
921,0.000104,1.601249e+02,7.54589300
922,0.000140,1.601091e+02,5.88187383
923,0.000127,1.600963e+02,4.77627105
924,0.000111,1.600960e+02,9.41735755
925,0.000101,1.600760e+02,7.16503869
926,0.000100,1.600611e+02,5.62468278
927,0.000102,1.600487e+02,4.60910033
928,0.000099,1.600463e+02,8.91136994
929,0.000143,1.600276e+02,6.81540320
930,0.000126,1.600133e+02,5.39037157
931,0.000104,1.600013e+02,4.45833408
932,0.000101,1.599970e+02,8.44486148
933,0.000119,1.599794e+02,6.49482722
934,0.000105,1.599657e+02,5.17730748
935,0.000104,1.599540e+02,4.32273512
936,0.000102,1.599481e+02,8.01497365
937,0.000096,1.599314e+02,6.20123326
938,0.000098,1.599182e+02,4.98395661
939,0.000105,1.599068e+02,4.20116867
940,0.000098,1.598995e+02,7.61906403
941,0.000096,1.598836e+02,5.93271622
942,0.000102,1.598708e+02,4.80892301
943,0.000101,1.598596e+02,4.09261726
944,0.000100,1.598510e+02,7.25473282
945,0.000098,1.598359e+02,5.68755278
946,0.000100,1.598235e+02,4.65095118
947,0.000101,1.598218e+02,9.05528631
948,0.001431,1.598027e+02,6.92010168
949,0.000080,1.597882e+02,5.46434202
950,0.000096,1.597761e+02,4.50899434
951,0.000094,1.597725e+02,8.60684441
952,0.000100,1.597545e+02,6.61274786
953,0.000096,1.597405e+02,5.26146489
954,0.000093,1.597287e+02,4.38195341
955,0.000102,1.597233e+02,8.19277873
956,0.000098,1.597062e+02,6.33108490
957,0.000095,1.596927e+02,5.07776407
958,0.000099,1.596811e+02,4.26899363
959,0.000098,1.596742e+02,7.81092950
960,0.000102,1.596578e+02,6.07359909
961,0.000102,1.596447e+02,4.91217463
962,0.000094,1.596333e+02,4.16937790
963,0.000108,1.596249e+02,7.45931977
964,0.000102,1.596093e+02,5.83893031
965,0.000097,1.595964e+02,4.76375959
966,0.000097,1.595955e+02,9.34605543
967,0.000100,1.595755e+02,7.13647871
968,0.000104,1.595604e+02,5.62603251
969,0.000097,1.595478e+02,4.63178512
970,0.000123,1.595447e+02,8.91091908
971,0.000142,1.595257e+02,6.84034958
972,0.000115,1.595111e+02,5.43362900
973,0.000109,1.594987e+02,4.51546241
974,0.000114,1.594937e+02,8.50916439
975,0.000110,1.594755e+02,6.56973911
976,0.001597,1.594612e+02,5.26091318
977,0.000094,1.594489e+02,4.41426277
978,0.000096,1.594422e+02,8.13904909
979,0.000115,1.594247e+02,6.32350835
980,0.000099,1.594107e+02,5.10715631
981,0.000099,1.593985e+02,4.32773780
982,0.000110,1.593900e+02,7.79899360
983,0.000103,1.593731e+02,6.10065580
984,0.000103,1.593593e+02,4.97173685
985,0.000099,1.593588e+02,9.80672455
986,0.000131,1.593371e+02,7.48792586
987,0.000119,1.593206e+02,5.90047686
988,0.000101,1.593069e+02,4.85420134
989,0.000104,1.593040e+02,9.38325138
990,0.000098,1.592831e+02,7.20408373
991,0.000098,1.592670e+02,5.72196504
992,0.000104,1.592534e+02,4.75397299
993,0.000113,1.592481e+02,8.99326891
994,0.000099,1.592280e+02,6.94658631
995,0.000106,1.592121e+02,5.56454014
996,0.000096,1.591984e+02,4.67064737
997,0.000103,1.591910e+02,8.63533061
998,0.000102,1.591714e+02,6.71450386
999,0.000103,1.591556e+02,5.42757608
1000,0.000103,1.591418e+02,4.60375127
1001,0.000108,1.591323e+02,8.30804567
1002,0.000102,1.591131e+02,6.50690855
1003,0.000104,1.590974e+02,5.31038102
1004,0.000100,1.590967e+02,10.47607254
1005,0.001536,1.590718e+02,8.01042823
1006,0.000079,1.590529e+02,6.32299487
1007,0.000095,1.590371e+02,5.21219646
1008,0.000099,1.590335e+02,10.06399386
1009,0.000095,1.590093e+02,7.74046258
1010,0.000114,1.589906e+02,6.16133430
1011,0.000106,1.589746e+02,5.13180389
1012,0.000102,1.589681e+02,9.68530972
1013,0.000095,1.589446e+02,7.49685236
1014,0.000101,1.589259e+02,6.02062734
1015,0.000096,1.589097e+02,5.06777624
1016,0.000095,1.589005e+02,9.33809479
1017,0.000099,1.588773e+02,7.27786054
1018,0.000124,1.588586e+02,5.89908512
1019,0.000117,1.588421e+02,5.01814372
1020,0.000110,1.588303e+02,9.02010576
1021,0.000118,1.588074e+02,7.08130865
1022,0.000108,1.587886e+02,5.79436049
1023,0.000107,1.587871e+02,11.39467966
1024,0.000115,1.587575e+02,8.72916186
1025,0.000102,1.587348e+02,6.90469404
1026,0.000100,1.587158e+02,5.70355051
1027,0.000107,1.587110e+02,10.98511243
1028,0.000107,1.586821e+02,8.46140872
1029,0.000109,1.586596e+02,6.74434510
1030,0.000117,1.586404e+02,5.62283375
1031,0.000108,1.586325e+02,10.60419321
1032,0.000106,1.586043e+02,8.21354225
1033,0.001580,1.585819e+02,6.59647303
1034,0.000091,1.585626e+02,5.54797072
1035,0.000117,1.585519e+02,10.24822246
1036,0.000103,1.585243e+02,7.98158237
1037,0.000108,1.585021e+02,6.45669845
1038,0.000120,1.584827e+02,5.47425005
1039,0.000098,1.584697e+02,9.91313369
1040,0.000096,1.584428e+02,7.76120572
1041,0.000100,1.584208e+02,6.32038600
1042,0.000095,1.584014e+02,5.39685949
1043,0.000100,1.583865e+02,9.59477642
1044,0.000101,1.583603e+02,7.54808623
1045,0.000104,1.583387e+02,6.18306020
1046,0.000095,1.583367e+02,12.12381414
1047,0.000103,1.583033e+02,9.28979113
1048,0.000098,1.582778e+02,7.33858146
1049,0.000095,1.582567e+02,6.04102573
1050,0.000106,1.582527e+02,11.70718846
1051,0.000096,1.582208e+02,8.99396555
1052,0.000098,1.581963e+02,7.12922424
1053,0.000100,1.581758e+02,5.89144764
1054,0.000097,1.581704e+02,11.30805413
1055,0.000104,1.581401e+02,8.70533305
1056,0.000104,1.581167e+02,6.91841726
1057,0.000098,1.580970e+02,5.73331548
1058,0.000100,1.580908e+02,10.92473627
1059,0.000100,1.580621e+02,8.42290367
1060,0.000103,1.580398e+02,6.70595753
1061,0.000097,1.580211e+02,5.56732810
1062,0.001422,1.580146e+02,10.55647369
1063,0.000085,1.579876e+02,8.14689394
1064,0.000076,1.579666e+02,6.49310200
1065,0.000092,1.579489e+02,5.39582130
1066,0.000097,1.579425e+02,10.20339617
1067,0.000100,1.579171e+02,7.87857809
1068,0.000122,1.578974e+02,6.28229141
1069,0.000120,1.578809e+02,5.22236805
1070,0.000112,1.578747e+02,9.86626358
1071,0.000376,1.578510e+02,7.61990651
1072,0.000178,1.578326e+02,6.07664243
1073,0.000142,1.578171e+02,5.05115484
1074,0.000149,1.578114e+02,9.54608974
1075,0.000111,1.577892e+02,7.37301607
1076,0.000125,1.577720e+02,5.87934604
1077,0.000110,1.577575e+02,4.88628604
1078,0.000107,1.577523e+02,9.24376517
1079,0.000102,1.577315e+02,7.13976534
1080,0.000098,1.577154e+02,5.69312318
1081,0.000103,1.577019e+02,4.73118113
1082,0.000104,1.576970e+02,8.95977342
1083,0.000099,1.576776e+02,6.92140299
1084,0.000097,1.576625e+02,5.51985671
1085,0.000096,1.576497e+02,4.58818916
1086,0.000117,1.576452e+02,8.69405201
1087,0.000099,1.576269e+02,6.71842214
1088,0.000105,1.576126e+02,5.36045141
1089,0.000139,1.576006e+02,4.45846885
1090,0.000116,1.575963e+02,8.44599692
1091,0.001566,1.575790e+02,6.53059088
1092,0.000087,1.575654e+02,5.21490156
1093,0.000078,1.575540e+02,4.34210212
1094,0.000093,1.575498e+02,8.21457116
1095,0.000098,1.575333e+02,6.35710473
1096,0.000094,1.575204e+02,5.08249607
1097,0.000094,1.575095e+02,4.23835596
1098,0.000103,1.575052e+02,7.99846269
1099,0.000094,1.574894e+02,6.19679184
1100,0.000097,1.574771e+02,4.96207699
1101,0.000116,1.574666e+02,4.14599424
1102,0.000096,1.574621e+02,7.79624323
1103,0.000097,1.574470e+02,6.04831249
1104,0.000102,1.574351e+02,4.85228260
1105,0.000098,1.574250e+02,4.06356204
1106,0.000096,1.574203e+02,7.60649717
1107,0.000110,1.574058e+02,5.91031725
1108,0.000104,1.573943e+02,4.75173537
1109,0.000096,1.573844e+02,3.98959929
1110,0.000106,1.573795e+02,7.42790858
1111,0.000109,1.573654e+02,5.78155159
1112,0.000098,1.573542e+02,4.65916301
1113,0.000098,1.573446e+02,3.92277412
1114,0.000104,1.573394e+02,7.25930792
1115,0.000100,1.573258e+02,5.66091099
1116,0.000101,1.573149e+02,4.57345987
1117,0.000105,1.573054e+02,3.86194695
1118,0.000102,1.573000e+02,7.09968735
1119,0.000098,1.572867e+02,5.54745858
1120,0.000126,1.572761e+02,4.49370468
1121,0.001665,1.572668e+02,3.80618519
1122,0.000090,1.572610e+02,6.94819546
1123,0.000083,1.572482e+02,5.44041883
1124,0.000130,1.572377e+02,4.41915102
1125,0.000098,1.572286e+02,3.75474875
1126,0.000102,1.572225e+02,6.80412061
1127,0.000101,1.572099e+02,5.33915866
1128,0.000095,1.571997e+02,4.34920443
1129,0.000102,1.571907e+02,3.70706174
1130,0.000096,1.571843e+02,6.66687000
1131,0.000095,1.571720e+02,5.24316402
1132,0.000100,1.571620e+02,4.28339520
1133,0.000096,1.571531e+02,3.66268078
1134,0.000112,1.571464e+02,6.53594855
1135,0.000107,1.571344e+02,5.15201693
1136,0.000095,1.571245e+02,4.22135242
1137,0.000099,1.571242e+02,8.35097009
1138,0.000103,1.571087e+02,6.41107993
1139,0.000104,1.570970e+02,5.06543789
1140,0.000122,1.570872e+02,4.16280629
1141,0.000165,1.570864e+02,8.18165438
1142,0.000128,1.570713e+02,6.29164432
1143,0.000129,1.570597e+02,4.98302177
1144,0.000103,1.570501e+02,4.10747089
1145,0.000108,1.570487e+02,8.01928241
1146,0.000102,1.570340e+02,6.17743707
1147,0.000105,1.570226e+02,4.90457965
1148,0.000107,1.570131e+02,4.05517693
1149,0.000103,1.570112e+02,7.86355282
1150,0.000101,1.569968e+02,6.06822272
1151,0.000108,1.569857e+02,4.82992579
1152,0.005127,1.569763e+02,4.00577593
1153,0.000097,1.569738e+02,7.71416822
1154,0.000089,1.569597e+02,5.96378130
1155,0.000256,1.569488e+02,4.75889604
1156,0.000313,1.569395e+02,3.95914429
1157,0.000329,1.569365e+02,7.57085568
1158,0.000350,1.569228e+02,5.86391663
1159,0.000318,1.569120e+02,4.69134958
1160,0.000384,1.569028e+02,3.91518157
1161,0.000370,1.568994e+02,7.43336923
1162,0.000341,1.568859e+02,5.76845621
1163,0.000350,1.568752e+02,4.62716743
1164,0.000416,1.568661e+02,3.87380825
1165,0.000519,1.568622e+02,7.30148861
1166,0.000342,1.568490e+02,5.67724981
1167,0.000364,1.568384e+02,4.56625094
1168,0.000366,1.568294e+02,3.83496422
1169,0.000354,1.568251e+02,7.17501745
1170,0.000259,1.568121e+02,5.59016810
1171,0.000452,1.568017e+02,4.50852079
1172,0.000337,1.567927e+02,3.79860798
1173,0.000363,1.567880e+02,7.05378199
1174,0.000368,1.567752e+02,5.50710187
1175,0.000330,1.567649e+02,4.45391661
1176,0.000332,1.567560e+02,3.76471651
1177,0.000359,1.567508e+02,6.93763014
1178,0.000315,1.567382e+02,5.42796178
1179,0.000329,1.567280e+02,4.40239713
1180,0.000352,1.567192e+02,3.73328571
1181,0.000345,1.567136e+02,6.82643125
1182,0.000333,1.567012e+02,5.35267860
1183,0.002140,1.566911e+02,4.35394081
1184,0.000142,1.566822e+02,3.70433127
1185,0.000185,1.566763e+02,6.72007615
1186,0.000145,1.566640e+02,5.28120387
1187,0.000154,1.566540e+02,4.30854696
1188,0.000150,1.566452e+02,3.67789005
1189,0.000144,1.566389e+02,6.61847779
1190,0.000151,1.566267e+02,5.21351103
1191,0.000140,1.566168e+02,4.26623719
1192,0.000139,1.566079e+02,3.65402177
1193,0.000153,1.566012e+02,6.52157217
1194,0.000190,1.565892e+02,5.14959690
1195,0.000173,1.565793e+02,4.22705728
1196,0.000134,1.565789e+02,8.36051265
1197,0.000121,1.565634e+02,6.42943791
1198,0.000108,1.565515e+02,5.08953186
1199,0.000126,1.565416e+02,4.19109478
1200,0.000168,1.565406e+02,8.23167939
1201,0.000342,1.565253e+02,6.34182445
1202,0.000116,1.565135e+02,5.03326163
1203,0.000112,1.565036e+02,4.15841193
1204,0.000103,1.565019e+02,8.10852869
1205,0.000107,1.564868e+02,6.25883967
1206,0.000114,1.564751e+02,4.98091001
1207,0.000131,1.564652e+02,4.12916063
1208,0.000129,1.564629e+02,7.99107537
1209,0.000107,1.564480e+02,6.18055280
1210,0.000100,1.564363e+02,4.93260041
1211,0.000100,1.564264e+02,4.10351251
1212,0.000101,1.564235e+02,7.87932998
1213,0.000198,1.564087e+02,6.10704791
1214,0.001605,1.563970e+02,4.88848243
1215,0.000083,1.563871e+02,4.08167174
1216,0.000079,1.563836e+02,7.77332622
1217,0.000116,1.563688e+02,6.03843909
1218,0.000172,1.563572e+02,4.84874040
1219,0.000141,1.563472e+02,4.06387957
1220,0.000177,1.563430e+02,7.67312953
1221,0.000111,1.563284e+02,5.97487578
1222,0.000104,1.563167e+02,4.81359636
1223,0.000100,1.563066e+02,4.05041562
1224,0.000121,1.563017e+02,7.57884017
1225,0.000141,1.562871e+02,5.91654455
1226,0.000112,1.562754e+02,4.78331050
1227,0.000104,1.562652e+02,4.04159657
1228,0.000134,1.562596e+02,7.49059394
1229,0.000139,1.562451e+02,5.86366854
1230,0.000141,1.562333e+02,4.75817868
1231,0.000108,1.562229e+02,4.03777148
1232,0.000109,1.562166e+02,7.40856059
1233,0.000129,1.562020e+02,5.81650399
1234,0.000105,1.561901e+02,4.73852629
1235,0.000097,1.561796e+02,4.03931251
1236,0.000113,1.561724e+02,7.33293927
1237,0.000115,1.561578e+02,5.77533260
1238,0.000105,1.561457e+02,4.72469662
1239,0.000102,1.561350e+02,4.04659901
1240,0.000103,1.561270e+02,7.26394958
1241,0.000106,1.561122e+02,5.74044801
1242,0.000101,1.560999e+02,4.71703178
1243,0.000098,1.560996e+02,9.35092586
1244,0.001615,1.560801e+02,7.20197279
1245,0.000088,1.560652e+02,5.71219597
1246,0.000082,1.560526e+02,4.71586151
1247,0.000119,1.560511e+02,9.25443494
1248,0.000107,1.560315e+02,7.14689976
1249,0.000129,1.560164e+02,5.69068252
1250,0.000146,1.560036e+02,4.72137750
1251,0.000104,1.560008e+02,9.16567360
1252,0.000095,1.559811e+02,7.09901147
1253,0.000098,1.559657e+02,5.67612260
1254,0.000101,1.559525e+02,4.73371824
1255,0.000097,1.559484e+02,9.08476517
1256,0.000098,1.559285e+02,7.05839566
1257,0.000104,1.559128e+02,5.66853814
1258,0.000102,1.558993e+02,4.75280161
1259,0.000101,1.558938e+02,9.01167826
1260,0.000125,1.558737e+02,7.02495436
1261,0.000102,1.558576e+02,5.66771455
1262,0.000094,1.558436e+02,4.77825093
1263,0.000109,1.558366e+02,8.94620254
1264,0.000100,1.558162e+02,6.99834649
1265,0.000100,1.557997e+02,5.67311954
1266,0.000111,1.557852e+02,4.80929927
1267,0.000107,1.557768e+02,8.88788925
1268,0.000102,1.557560e+02,6.97790817
1269,0.000130,1.557391e+02,5.68380919
1270,0.000102,1.557241e+02,4.84468948
1271,0.000102,1.557142e+02,8.83598136
1272,0.000101,1.556930e+02,6.96256985
1273,0.000106,1.556755e+02,5.69833910
1274,0.001736,1.556600e+02,4.88258788
1275,0.000113,1.556486e+02,8.78935003
1276,0.000110,1.556270e+02,6.95078886
1277,0.000105,1.556091e+02,5.71470212
1278,0.000104,1.556087e+02,11.34811409
1279,0.000098,1.555801e+02,8.74671021
1280,0.000096,1.555582e+02,6.94061430
1281,0.000094,1.555398e+02,5.73033968
1282,0.000179,1.555378e+02,11.26944843
1283,0.000102,1.555090e+02,8.70559727
1284,0.000105,1.554867e+02,6.92932137
1285,0.000100,1.554679e+02,5.74210880
1286,0.000098,1.554645e+02,11.19359463
1287,0.000097,1.554355e+02,8.66398610
1288,0.000100,1.554129e+02,6.91418521
1289,0.000098,1.553938e+02,5.74667949
1290,0.000098,1.553892e+02,11.11881975
1291,0.000103,1.553602e+02,8.61956055
1292,0.000096,1.553375e+02,6.89232403
1293,0.000097,1.553182e+02,5.74069472
1294,0.000101,1.553127e+02,11.04336428
1295,0.000097,1.552838e+02,8.57010630
1296,0.000098,1.552611e+02,6.86110595
1297,0.000108,1.552418e+02,5.72121357
1298,0.000120,1.552358e+02,10.96576355
1299,0.000113,1.552072e+02,8.51387981
1300,0.000113,1.551847e+02,6.81857621
1301,0.000110,1.551655e+02,5.68618906
1302,0.000119,1.551596e+02,10.88514017
1303,0.000110,1.551313e+02,8.44995784
1304,0.000111,1.551092e+02,6.76385791
1305,0.001460,1.550904e+02,5.63490287
1306,0.000083,1.550849e+02,10.80143185
1307,0.000161,1.550572e+02,8.37849793
1308,0.000193,1.550357e+02,6.69743261
1309,0.000115,1.550175e+02,5.56824826
1310,0.000106,1.550127e+02,10.71548997
1311,0.000099,1.549858e+02,8.30082760
1312,0.000107,1.549650e+02,6.62120655
1313,0.000108,1.549475e+02,5.48876136
1314,0.000101,1.549438e+02,10.62900123
1315,0.000107,1.549179e+02,8.21931027
1316,0.000101,1.548979e+02,6.53831000
1317,0.000103,1.548812e+02,5.40035129
1318,0.000105,1.548789e+02,10.54423225
1319,0.000102,1.548538e+02,8.13699727
1320,0.000107,1.548347e+02,6.45265016
1321,0.000108,1.548189e+02,5.30776086
1322,0.000102,1.548180e+02,10.46365404
1323,0.000106,1.547940e+02,8.05714418
1324,0.000103,1.547757e+02,6.36831665
1325,0.000105,1.547608e+02,5.21587328
1326,0.000142,1.547477e+02,4.45606505
1327,0.000174,1.547383e+02,7.98240592
1328,0.000220,1.547209e+02,6.28883075
1329,0.000132,1.547067e+02,5.12895478
1330,0.000125,1.546944e+02,4.36122111
1331,0.000132,1.546864e+02,7.91562675
1332,0.000126,1.546698e+02,6.21729023
1333,0.000144,1.546564e+02,5.05043970
1334,0.000165,1.546448e+02,4.27547454
1335,0.000136,1.546381e+02,7.85804560
1336,0.001605,1.546222e+02,6.15533919
1337,0.000086,1.546094e+02,4.98229417
1338,0.000077,1.545984e+02,4.20100861
1339,0.000103,1.545928e+02,7.81014764
1340,0.000092,1.545775e+02,6.10361347
1341,0.000111,1.545652e+02,4.92525683
1342,0.000101,1.545547e+02,4.13860768
1343,0.000099,1.545500e+02,7.77171950
1344,0.000100,1.545351e+02,6.06188772
1345,0.000103,1.545233e+02,4.87905452
1346,0.000096,1.545132e+02,4.08792372
1347,0.000096,1.545093e+02,7.74204925
1348,0.000100,1.544948e+02,6.02934223
1349,0.000095,1.544833e+02,4.84272943
1350,0.000100,1.544735e+02,4.04785308
1351,0.000116,1.544702e+02,7.72015034
1352,0.000153,1.544559e+02,6.00484010
1353,0.000104,1.544447e+02,4.81496783
1354,0.000099,1.544352e+02,4.01690873
1355,0.000101,1.544324e+02,7.70495045
1356,0.000094,1.544183e+02,5.98715414
1357,0.000098,1.544073e+02,4.79436459
1358,0.000093,1.543980e+02,3.99351628
1359,0.000094,1.543955e+02,7.69542290
1360,0.000095,1.543816e+02,5.97512079
1361,0.000102,1.543708e+02,4.77959928
1362,0.000095,1.543616e+02,3.97620849
1363,0.000095,1.543594e+02,7.69066121
1364,0.000100,1.543457e+02,5.96772442
1365,0.000097,1.543349e+02,4.76953012
1366,0.000096,1.543258e+02,3.96372635
1367,0.000307,1.543239e+02,7.68990897
1368,0.000326,1.543102e+02,5.96412850
1369,0.000391,1.542996e+02,4.76322586
1370,0.001721,1.542906e+02,3.95505074
1371,0.000127,1.542888e+02,7.69256038
1372,0.000148,1.542752e+02,5.96367249
1373,0.000150,1.542647e+02,4.75995884
1374,0.000158,1.542557e+02,3.94939143
1375,0.000153,1.542541e+02,7.69814459
1376,0.000139,1.542406e+02,5.96585086
1377,0.000147,1.542300e+02,4.75917831
1378,0.000109,1.542212e+02,3.94615496
1379,0.000103,1.542197e+02,7.70630359
1380,0.000137,1.542062e+02,5.97028554
1381,0.000124,1.541957e+02,4.76047717
1382,0.000096,1.541868e+02,3.94490615
1383,0.000100,1.541855e+02,7.71676961
1384,0.000100,1.541720e+02,5.97669855
1385,0.000100,1.541615e+02,4.76355977
1386,0.000097,1.541527e+02,3.94533158
1387,0.000098,1.541515e+02,7.72934490
1388,0.000105,1.541380e+02,5.98488823
1389,0.000108,1.541275e+02,4.76821437
1390,0.000107,1.541187e+02,3.94720875
1391,0.000373,1.541176e+02,7.74388514
1392,0.000115,1.541041e+02,5.99471011
1393,0.000101,1.540936e+02,4.77429136
1394,0.000103,1.540848e+02,3.95038202
1395,0.000100,1.540838e+02,7.76028661
1396,0.000098,1.540702e+02,6.00606235
1397,0.000105,1.540598e+02,4.78168690
1398,0.000102,1.540510e+02,3.95474457
1399,0.000102,1.540501e+02,7.77847653
1400,0.000107,1.540365e+02,6.01887504
1401,0.001364,1.540260e+02,4.79033100
1402,0.000077,1.540172e+02,3.96022565
1403,0.000082,1.540164e+02,7.79840598
1404,0.000087,1.540028e+02,6.03310255
1405,0.000089,1.539923e+02,4.80017932
1406,0.000088,1.539835e+02,3.96678169
1407,0.000090,1.539827e+02,7.82004495
1408,0.000091,1.539691e+02,6.04871826
1409,0.000095,1.539586e+02,4.81120741
1410,0.000089,1.539498e+02,3.97439027
1411,0.000096,1.539491e+02,7.84337875
1412,0.000098,1.539354e+02,6.06571094
1413,0.000095,1.539248e+02,4.82340702
1414,0.000091,1.539160e+02,3.98304629
1415,0.000100,1.539154e+02,7.86840565
1416,0.000095,1.539017e+02,6.08408238
1417,0.000096,1.538911e+02,4.83678364
1418,0.000098,1.538822e+02,3.99275948
1419,0.000093,1.538817e+02,7.89513523
1420,0.000095,1.538679e+02,6.10384587
1421,0.000101,1.538572e+02,4.85135514
1422,0.000094,1.538484e+02,4.00355312
1423,0.000095,1.538479e+02,7.92358744
1424,0.000101,1.538340e+02,6.12502540
1425,0.000096,1.538233e+02,4.86715094
1426,0.000106,1.538144e+02,4.01546336
1427,0.000095,1.538140e+02,7.95379205
1428,0.000102,1.538000e+02,6.14765525
1429,0.000109,1.537893e+02,4.88421192
1430,0.000129,1.537803e+02,4.02853923
1431,0.000149,1.537800e+02,7.98578845
1432,0.000144,1.537659e+02,6.17178008
1433,0.001711,1.537551e+02,4.90259058
1434,0.000093,1.537461e+02,4.04284301
1435,0.000110,1.537458e+02,8.01962585
1436,0.000094,1.537317e+02,6.19745519
1437,0.000098,1.537208e+02,4.92235160
1438,0.000095,1.537117e+02,4.05845108
1439,0.000111,1.537115e+02,8.05536362
1440,0.000122,1.536972e+02,6.22474723
1441,0.000104,1.536863e+02,4.94357272
1442,0.000102,1.536771e+02,4.07545497
1443,0.000102,1.536769e+02,8.09307196
1444,0.000105,1.536625e+02,6.25373500
1445,0.000143,1.536515e+02,4.96634585
1446,0.000110,1.536423e+02,4.09396279
1447,0.000123,1.536421e+02,8.13283269
1448,0.000109,1.536276e+02,6.28451053
1449,0.000101,1.536164e+02,4.99077845
1450,0.000124,1.536071e+02,4.11410085
1451,0.000095,1.536069e+02,8.17474030
1452,0.000099,1.535923e+02,6.31718036
1453,0.000100,1.535810e+02,5.01699503
1454,0.000096,1.535716e+02,4.13601552
1455,0.000098,1.535714e+02,8.21890308
1456,0.000105,1.535566e+02,6.35186697
1457,0.000103,1.535452e+02,5.04513888
1458,0.000102,1.535357e+02,4.15987511
1459,0.000106,1.535355e+02,8.26544439
1460,0.000102,1.535205e+02,6.38871023
1461,0.000101,1.535090e+02,5.07537379
1462,0.000104,1.534993e+02,4.18587186
1463,0.000123,1.534991e+02,8.31450404
1464,0.001469,1.534839e+02,6.42786893
1465,0.000081,1.534722e+02,5.10788568
1466,0.000073,1.534624e+02,4.21422359
1467,0.000094,1.534621e+02,8.36623948
1468,0.000088,1.534467e+02,6.46952210
1469,0.000092,1.534349e+02,5.14288395
1470,0.000089,1.534249e+02,4.24517496
1471,0.000090,1.534245e+02,8.42082687
1472,0.000092,1.534089e+02,6.51386993
1473,0.000091,1.533968e+02,5.18060220
1474,0.000089,1.533867e+02,4.27899776
1475,0.000097,1.533862e+02,8.47846170
1476,0.000091,1.533703e+02,6.56113406
1477,0.000093,1.533580e+02,5.22129790
1478,0.000096,1.533477e+02,4.31598968
1479,0.000091,1.533470e+02,8.53935856
1480,0.000101,1.533308e+02,6.61155655
1481,0.000124,1.533182e+02,5.26525027
1482,0.000173,1.533077e+02,4.35647076
1483,0.000115,1.533068e+02,8.60374969
1484,0.000113,1.532903e+02,6.66539709
1485,0.000102,1.532774e+02,5.31275570
1486,0.000101,1.532666e+02,4.40077636
1487,0.000107,1.532655e+02,8.67188162
1488,0.000106,1.532486e+02,6.72292751
1489,0.000125,1.532354e+02,5.36411929
1490,0.000102,1.532243e+02,4.44924535
1491,0.000117,1.532229e+02,8.74400905
1492,0.000096,1.532056e+02,6.78442232
1493,0.000094,1.531921e+02,5.41964138
1494,0.000106,1.531806e+02,4.50220159
1495,0.000102,1.531788e+02,8.82038483
1496,0.000098,1.531611e+02,6.85014407
1497,0.000103,1.531472e+02,5.47959697
1498,0.001662,1.531353e+02,4.55992691
1499,0.000081,1.531331e+02,8.90124499
1500,0.000089,1.531148e+02,6.92032191
1501,0.000088,1.531005e+02,5.54420657
1502,0.000091,1.530883e+02,4.62262342
1503,0.000089,1.530855e+02,8.98678720
1504,0.000089,1.530667e+02,6.99512155
1505,0.000091,1.530518e+02,5.61359635
1506,0.000093,1.530391e+02,4.69036336
1507,0.000091,1.530358e+02,9.07714172
1508,0.000091,1.530164e+02,7.07460571
1509,0.000112,1.530010e+02,5.68774657
1510,0.000092,1.529878e+02,4.76302573
1511,0.000092,1.529837e+02,9.17233416
1512,0.000097,1.529637e+02,7.15868432
1513,0.000103,1.529477e+02,5.76642849
1514,0.000092,1.529339e+02,4.84022066
1515,0.000097,1.529291e+02,9.27224067
1516,0.000092,1.529084e+02,7.24705632
1517,0.000099,1.528918e+02,5.84913247
1518,0.000096,1.528774e+02,4.92120586
1519,0.000108,1.528718e+02,9.37653859
1520,0.000095,1.528503e+02,7.33914733
1521,0.000100,1.528331e+02,5.93499384
1522,0.000093,1.528180e+02,5.00480390
1523,0.000094,1.528116e+02,9.48465866
1524,0.000094,1.527894e+02,7.43405230
1525,0.000101,1.527714e+02,6.02272846
1526,0.000093,1.527557e+02,5.08933534
1527,0.000092,1.527485e+02,9.59574932
1528,0.000098,1.527254e+02,7.53049722
1529,0.000108,1.527068e+02,6.11059618
1530,0.000095,1.526904e+02,5.17258910
1531,0.000100,1.526824e+02,9.70866832
1532,0.000094,1.526586e+02,7.62683938
1533,0.000093,1.526393e+02,6.19641557
1534,0.000247,1.526223e+02,5.25185669
1535,0.001688,1.526136e+02,9.82201952
1536,0.000079,1.525891e+02,7.72112856
1537,0.000092,1.525692e+02,6.27765575
1538,0.000087,1.525517e+02,5.32405800
1539,0.000093,1.525425e+02,9.93425252
1540,0.000099,1.525173e+02,7.81124901
1541,0.000096,1.524968e+02,6.35162635
1542,0.000094,1.524789e+02,5.38597927
1543,0.000112,1.524695e+02,10.04383438
1544,0.000210,1.524438e+02,7.89515063
1545,0.000097,1.524230e+02,6.41577165
1546,0.000098,1.524048e+02,5.43462548
1547,0.000132,1.523954e+02,10.14948638
1548,0.000105,1.523694e+02,7.97115597
1549,0.000105,1.523483e+02,6.46804802
1550,0.000097,1.523300e+02,5.46765899
1551,0.000096,1.523211e+02,10.25045392
1552,0.000097,1.522949e+02,8.03829938
1553,0.000102,1.522738e+02,6.50732909
1554,0.000096,1.522555e+02,5.48385824
1555,0.000094,1.522476e+02,10.34675269
1556,0.000098,1.522214e+02,8.09662482
1557,0.000107,1.522004e+02,6.53375021
1558,0.000099,1.521824e+02,5.48349657
1559,0.000103,1.521759e+02,10.43931898
1560,0.000096,1.521498e+02,8.14735417
1561,0.000092,1.521292e+02,6.54888932
1562,0.000098,1.521117e+02,5.46852801
1563,0.000094,1.521069e+02,10.53000087
1564,0.000093,1.520811e+02,8.19285147
1565,0.000099,1.520610e+02,6.55570072
1566,0.000090,1.520440e+02,5.44249084
1567,0.000097,1.520413e+02,10.62136411
1568,0.001359,1.520159e+02,8.23635711
1569,0.000075,1.519963e+02,6.55817565
1570,0.000073,1.519801e+02,5.41010353
1571,0.000096,1.519796e+02,10.71634305
1572,0.000088,1.519547e+02,8.28153611
1573,0.000093,1.519358e+02,6.56078624
1574,0.000099,1.519202e+02,5.37661829
1575,0.000094,1.519066e+02,4.58804711
1576,0.000110,1.518977e+02,8.33170903
1577,0.000101,1.518794e+02,6.56773758
1578,0.000095,1.518645e+02,5.34703745
1579,0.000090,1.518516e+02,4.52888240
1580,0.000092,1.518448e+02,8.39035449
1581,0.000097,1.518270e+02,6.58285380
1582,0.000093,1.518128e+02,5.32565269
1583,0.000092,1.518006e+02,4.47805824
1584,0.000098,1.517956e+02,8.45941589
1585,0.000092,1.517784e+02,6.60855149
1586,0.000107,1.517647e+02,5.31532739
1587,0.000103,1.517531e+02,4.43880832
1588,0.000093,1.517499e+02,8.53998549
1589,0.000092,1.517330e+02,6.64612063
1590,0.000098,1.517198e+02,5.31755781
1591,0.000092,1.517087e+02,4.41281324
1592,0.000094,1.517071e+02,8.63231751
1593,0.000100,1.516905e+02,6.69581314
1594,0.000094,1.516776e+02,5.33260895
1595,0.000092,1.516669e+02,4.40036182
1596,0.000116,1.516667e+02,8.73602226
1597,0.000094,1.516502e+02,6.75710370
1598,0.000093,1.516376e+02,5.35983187
1599,0.000093,1.516272e+02,4.40070918
1600,0.001697,1.516180e+02,3.76540546
1601,0.000095,1.516118e+02,6.82886649
1602,0.000083,1.515993e+02,5.39797434
1603,0.000107,1.515891e+02,4.41247209
1604,0.000096,1.515802e+02,3.75740468
1605,0.000092,1.515748e+02,6.91019327
1606,0.000092,1.515625e+02,5.44576043
1607,0.000093,1.515524e+02,4.43410641
1608,0.000095,1.515436e+02,3.75943657
1609,0.000091,1.515390e+02,6.99982025
1610,0.000093,1.515266e+02,5.50175169
1611,0.000100,1.515167e+02,4.46400592
1612,0.000096,1.515080e+02,3.76976644
1613,0.000094,1.515041e+02,7.09667676
1614,0.000097,1.514917e+02,5.56469932
1615,0.000093,1.514817e+02,4.50076003
1616,0.000092,1.514731e+02,3.78686340
1617,0.000095,1.514698e+02,7.19989300
1618,0.000093,1.514573e+02,5.63358180
1619,0.000098,1.514473e+02,4.54321059
1620,0.000096,1.514388e+02,3.80946838
1621,0.000092,1.514361e+02,7.30879582
1622,0.000092,1.514234e+02,5.70760555
1623,0.000097,1.514134e+02,4.59045570
1624,0.000092,1.514049e+02,3.83659949
1625,0.000093,1.514027e+02,7.42288776
1626,0.000093,1.513899e+02,5.78618052
1627,0.000100,1.513799e+02,4.64182213
1628,0.000094,1.513713e+02,3.86752201
1629,0.000092,1.513697e+02,7.54181768
1630,0.000098,1.513567e+02,5.86888496
1631,0.000094,1.513466e+02,4.69682501
1632,0.000091,1.513380e+02,3.90170425
1633,0.001346,1.513369e+02,7.66535046
1634,0.000111,1.513238e+02,5.95542915
1635,0.000089,1.513135e+02,4.75512634
1636,0.000085,1.513049e+02,3.93877250
1637,0.000092,1.513043e+02,7.79334002
1638,0.000088,1.512910e+02,6.04562341
1639,0.000089,1.512806e+02,4.81649866
1640,0.000092,1.512720e+02,3.97847141
1641,0.000090,1.512719e+02,7.92570725
1642,0.000091,1.512583e+02,6.13935224
1643,0.000091,1.512478e+02,4.88079577
1644,0.000098,1.512391e+02,4.02063239
1645,0.000096,1.512314e+02,3.45515006
1646,0.000095,1.512258e+02,6.23649626
1647,0.000098,1.512152e+02,4.94791575
1648,0.000095,1.512064e+02,4.06515302
1649,0.000091,1.511986e+02,3.48320279
1650,0.000096,1.511933e+02,6.33719491
1651,0.000093,1.511825e+02,5.01788368
1652,0.000099,1.511737e+02,4.11199763
1653,0.000097,1.511658e+02,3.51317334
1654,0.000094,1.511609e+02,6.44139278
1655,0.000093,1.511499e+02,5.09065490
1656,0.000100,1.511410e+02,4.16112416
1657,0.000095,1.511331e+02,3.54501959
1658,0.000114,1.511285e+02,6.54910451
1659,0.000125,1.511174e+02,5.16623265
1660,0.000113,1.511083e+02,4.21252722
1661,0.000271,1.511004e+02,3.57873078
1662,0.000108,1.510961e+02,6.66037628
1663,0.000104,1.510848e+02,5.24464587
1664,0.000165,1.510756e+02,4.26622456
1665,0.001523,1.510676e+02,3.61431832
1666,0.000081,1.510637e+02,6.77527345
1667,0.000079,1.510522e+02,5.32594111
1668,0.000101,1.510429e+02,4.32225119
1669,0.000086,1.510348e+02,3.65181127
1670,0.000089,1.510312e+02,6.89387579
1671,0.000094,1.510195e+02,5.41017901
1672,0.000089,1.510101e+02,4.38065650
1673,0.000089,1.510020e+02,3.69125379
1674,0.000096,1.509987e+02,7.01627545
1675,0.000090,1.509868e+02,5.49743246
1676,0.000090,1.509773e+02,4.44150272
1677,0.000090,1.509690e+02,3.73270373
1678,0.000098,1.509662e+02,7.14257603
1679,0.000093,1.509540e+02,5.58778583
1680,0.000094,1.509443e+02,4.50486407
1681,0.000101,1.509359e+02,3.77623206
1682,0.000095,1.509335e+02,7.27289211
1683,0.000092,1.509210e+02,5.68133458
1684,0.000103,1.509112e+02,4.57082659
1685,0.000092,1.509027e+02,3.82192272
1686,0.000093,1.509006e+02,7.40734930
1687,0.000098,1.508879e+02,5.77818524
1688,0.000096,1.508779e+02,4.63948818
1689,0.000092,1.508693e+02,3.86987290
1690,0.000099,1.508676e+02,7.54608440
1691,0.000094,1.508546e+02,5.87845577
1692,0.000095,1.508444e+02,4.71095904
1693,0.000098,1.508357e+02,3.92019361
1694,0.000096,1.508344e+02,7.68924588
1695,0.000093,1.508211e+02,5.98227598
1696,0.000095,1.508107e+02,4.78536228
1697,0.000097,1.508019e+02,3.97301048
1698,0.001338,1.508010e+02,7.83699444
1699,0.000078,1.507873e+02,6.08978827
1700,0.000070,1.507767e+02,4.86283472
1701,0.000089,1.507677e+02,4.02846483
1702,0.000086,1.507673e+02,7.98950383
1703,0.000088,1.507532e+02,6.20114843
1704,0.000093,1.507424e+02,4.94352791
1705,0.000089,1.507333e+02,4.08671477
1706,0.000090,1.507332e+02,8.14696168
1707,0.000146,1.507188e+02,6.31652658
1708,0.000093,1.507077e+02,5.02760911
1709,0.000092,1.506984e+02,4.14793648
1710,0.000095,1.506901e+02,3.57123904
1711,0.000092,1.506840e+02,6.43605000
1712,0.000093,1.506726e+02,5.11524969
1713,0.000101,1.506631e+02,4.21233118
1714,0.000106,1.506547e+02,3.61929337
1715,0.000122,1.506487e+02,6.56008568
1716,0.000128,1.506370e+02,5.20672089
1717,0.000157,1.506273e+02,4.28013753
1718,0.000097,1.506187e+02,3.67051667
1719,0.000096,1.506128e+02,6.68878343
1720,0.000098,1.506008e+02,5.30220834
1721,0.000127,1.505909e+02,4.35157558
1722,0.000141,1.505821e+02,3.72516348
1723,0.000117,1.505764e+02,6.82236083
1724,0.000103,1.505640e+02,5.40194185
1725,0.000102,1.505538e+02,4.42689835
1726,0.000151,1.505448e+02,3.78351708
1727,0.000102,1.505392e+02,6.96106724
1728,0.000124,1.505265e+02,5.50617677
1729,0.000134,1.505160e+02,4.50638199
1730,0.000097,1.505067e+02,3.84588364
1731,0.001350,1.505012e+02,7.10517321
1732,0.000077,1.504880e+02,5.61518727
1733,0.000072,1.504772e+02,4.59032049
1734,0.000088,1.504677e+02,3.91258693
1735,0.000086,1.504622e+02,7.25496548
1736,0.000086,1.504486e+02,5.72926131
1737,0.000092,1.504374e+02,4.67901963
1738,0.000089,1.504276e+02,3.98396033
1739,0.000088,1.504221e+02,7.41074236
1740,0.000095,1.504080e+02,5.84869414
1741,0.000090,1.503965e+02,4.77278778
1742,0.000088,1.503863e+02,4.06033466
1743,0.000096,1.503808e+02,7.57280694
1744,0.000091,1.503662e+02,5.97377838
1745,0.000092,1.503542e+02,4.87192226
1746,0.000097,1.503437e+02,4.14201998
1747,0.000094,1.503381e+02,7.74145719
1748,0.000093,1.503228e+02,6.10478965
1749,0.000113,1.503104e+02,4.97668938
1750,0.000106,1.502994e+02,4.22927970
1751,0.000117,1.502937e+02,7.91697150
1752,0.000094,1.502778e+02,6.24196605
1753,0.000098,1.502648e+02,5.08729688
1754,0.000092,1.502534e+02,4.32229514
1755,0.000092,1.502475e+02,8.09958881
1756,0.000100,1.502309e+02,6.38548049
1757,0.000094,1.502174e+02,5.20385720
1758,0.000094,1.502054e+02,4.42111930
1759,0.000100,1.501993e+02,8.28948253
1760,0.000093,1.501819e+02,6.53540495
1761,0.000093,1.501677e+02,5.32634079
1762,0.000099,1.501552e+02,4.52561903
1763,0.000096,1.501488e+02,8.48672790
1764,0.001344,1.501306e+02,6.69166670
1765,0.000077,1.501157e+02,5.45452013
1766,0.000071,1.501026e+02,4.63540690
1767,0.000090,1.500958e+02,8.69126403
1768,0.000086,1.500767e+02,6.85399830
1769,0.000089,1.500611e+02,5.58790698
1770,0.000100,1.500473e+02,4.74976663
1771,0.000111,1.500402e+02,8.90285344
1772,0.000103,1.500201e+02,7.02188580
1773,0.000132,1.500036e+02,5.72568929
1774,0.000104,1.499892e+02,4.86758032
1775,0.000095,1.499817e+02,9.12104530
1776,0.000096,1.499606e+02,7.19452353
1777,0.000109,1.499433e+02,5.86667870
1778,0.000145,1.499281e+02,4.98727099
1779,0.000111,1.499202e+02,9.34515171
1780,0.000110,1.498981e+02,7.37078830
1781,0.000099,1.498800e+02,6.00928490
1782,0.000138,1.498641e+02,5.10678011
1783,0.000148,1.498559e+02,9.57425052
1784,0.000137,1.498327e+02,7.54925031
1785,0.000133,1.498138e+02,6.15153820
1786,0.000141,1.497972e+02,5.22360464
1787,0.000143,1.497889e+02,9.80723038
1788,0.000103,1.497647e+02,7.72824038
1789,0.000104,1.497450e+02,6.29118350
1790,0.000095,1.497277e+02,5.33491959
1791,0.000098,1.497194e+02,10.04289223
1792,0.000097,1.496942e+02,7.90599049
1793,0.000107,1.496738e+02,6.42586455
1794,0.000103,1.496560e+02,5.43780579
1795,0.000103,1.496480e+02,10.28011415
1796,0.000105,1.496220e+02,8.08085382
1797,0.001381,1.496010e+02,6.55340351
1798,0.000080,1.495827e+02,5.52958610
1799,0.000089,1.495755e+02,10.51807087
1800,0.000085,1.495487e+02,8.25159030
1801,0.000092,1.495272e+02,6.67215602
1802,0.000087,1.495087e+02,5.60824439
1803,0.000088,1.495026e+02,10.75647727
1804,0.000089,1.494752e+02,8.41767602
1805,0.000095,1.494534e+02,6.78138873
1806,0.000089,1.494348e+02,5.67286457
1807,0.000097,1.494303e+02,10.99580268
1808,0.000097,1.494025e+02,8.57956749
1809,0.000091,1.493806e+02,6.88159500
1810,0.000090,1.493621e+02,5.72399280
1811,0.000099,1.493597e+02,11.23739049
1812,0.000093,1.493316e+02,8.73883845
1813,0.000093,1.493098e+02,6.97465025
1814,0.000097,1.492916e+02,5.76381129
1815,0.000091,1.492754e+02,4.96095114
1816,0.000095,1.492634e+02,8.89792317
1817,0.000100,1.492418e+02,7.06365688
1818,0.000093,1.492240e+02,5.79601975
1819,0.000092,1.492084e+02,4.94825035
1820,0.000100,1.491987e+02,9.06070828
1821,0.000096,1.491774e+02,7.15295095
1822,0.000095,1.491601e+02,5.82554000
1823,0.000093,1.491451e+02,4.93029238
1824,0.000099,1.491380e+02,9.23079160
1825,0.000093,1.491170e+02,7.24697277
1826,0.000098,1.491003e+02,5.85764299
1827,0.000097,1.490859e+02,4.91305380
1828,0.000094,1.490814e+02,9.41173137
1829,0.000094,1.490608e+02,7.34999764
1830,0.000101,1.490446e+02,5.89736194
1831,0.001612,1.490309e+02,4.90224755
1832,0.000131,1.490291e+02,9.60652238
1833,0.000113,1.490087e+02,7.46555561
1834,0.000174,1.489929e+02,5.94883081
1835,0.000139,1.489798e+02,4.90258396
1836,0.000099,1.489683e+02,4.20394827
1837,0.000098,1.489603e+02,7.59594417
1838,0.000104,1.489450e+02,6.01482261
1839,0.000095,1.489324e+02,4.91728454
1840,0.000089,1.489214e+02,4.17938526
1841,0.000095,1.489154e+02,7.74279251
1842,0.000093,1.489003e+02,6.09695513
1843,0.000101,1.488882e+02,4.94808925
1844,0.000188,1.488776e+02,4.17082571
1845,0.000112,1.488735e+02,7.90630318
1846,0.000094,1.488585e+02,6.19543377
1847,0.000093,1.488466e+02,4.99524934
1848,0.000096,1.488364e+02,4.17858687
1849,0.000103,1.488339e+02,8.08603741
1850,0.000092,1.488189e+02,6.30963924
1851,0.000095,1.488072e+02,5.05802553
1852,0.000089,1.487973e+02,4.20186955
1853,0.000092,1.487963e+02,8.28117017
1854,0.000097,1.487812e+02,6.43847387
1855,0.000092,1.487695e+02,5.13510459
1856,0.000092,1.487598e+02,4.23921916
1857,0.000097,1.487511e+02,3.64507224
1858,0.000098,1.487450e+02,6.58058460
1859,0.000101,1.487333e+02,5.22493314
1860,0.000099,1.487236e+02,4.28892628
1861,0.000091,1.487151e+02,3.66514561
1862,0.000091,1.487099e+02,6.73496451
1863,0.000097,1.486981e+02,5.32614366
1864,0.000107,1.486885e+02,4.34937978
1865,0.001338,1.486800e+02,3.69535659
1866,0.000073,1.486757e+02,6.90051669
1867,0.000087,1.486637e+02,5.43744046
1868,0.000090,1.486541e+02,4.41912481
1869,0.000083,1.486457e+02,3.73414777
1870,0.000088,1.486421e+02,7.07642145
1871,0.000093,1.486300e+02,5.55781342
1872,0.000088,1.486202e+02,4.49700172
1873,0.000088,1.486118e+02,3.78026278
1874,0.000093,1.486092e+02,7.26210249
1875,0.000091,1.485968e+02,5.68652104
1876,0.000089,1.485869e+02,4.58213982
1877,0.000090,1.485785e+02,3.83274650
1878,0.000104,1.485766e+02,7.45719100
1879,0.000092,1.485639e+02,5.82305477
1880,0.000093,1.485539e+02,4.67392186
1881,0.000097,1.485454e+02,3.89090980
1882,0.000092,1.485444e+02,7.66148709
1883,0.000093,1.485314e+02,5.96709545
1884,0.000103,1.485212e+02,4.77193690
1885,0.000091,1.485126e+02,3.95428048
1886,0.000092,1.485125e+02,7.87492325
1887,0.000098,1.484991e+02,6.11847121
1888,0.000092,1.484887e+02,4.87593378
1889,0.000099,1.484800e+02,4.02255422
1890,0.000098,1.484723e+02,3.45814719
1891,0.000093,1.484670e+02,6.27707485
1892,0.000093,1.484564e+02,4.98577313
1893,0.000103,1.484476e+02,4.09555965
1894,0.000113,1.484398e+02,3.50416252
1895,0.000142,1.484350e+02,6.44307300
1896,0.000117,1.484242e+02,5.10147360
1897,0.000108,1.484153e+02,4.17323125
1898,0.000121,1.484075e+02,3.55386676
1899,0.001408,1.484032e+02,6.61649335
1900,0.000076,1.483921e+02,5.22302845
1901,0.000093,1.483830e+02,4.25553562
1902,0.000084,1.483751e+02,3.60720705
1903,0.000091,1.483715e+02,6.79745178
1904,0.000088,1.483601e+02,5.35049995
1905,0.000095,1.483509e+02,4.34249837
1906,0.000091,1.483429e+02,3.66418456
1907,0.000090,1.483398e+02,6.98611265
1908,0.000089,1.483281e+02,5.48399295
1909,0.000091,1.483187e+02,4.43418464
1910,0.000094,1.483106e+02,3.72483853
1911,0.000094,1.483082e+02,7.18267357
1912,0.000092,1.482962e+02,5.62364280
1913,0.000097,1.482866e+02,4.53068866
1914,0.000094,1.482784e+02,3.78923676
1915,0.000093,1.482767e+02,7.38735836
1916,0.000102,1.482642e+02,5.76960900
1917,0.000092,1.482544e+02,4.63212751
1918,0.000096,1.482461e+02,3.85746957
1919,0.000100,1.482451e+02,7.60041343
1920,0.000092,1.482323e+02,5.92207142
1921,0.000094,1.482223e+02,4.73863741
1922,0.000098,1.482138e+02,3.92964596
1923,0.000094,1.482136e+02,7.82210577
1924,0.000093,1.482003e+02,6.08122819
1925,0.000099,1.481900e+02,4.85037131
1926,0.000102,1.481814e+02,4.00589122
1927,0.000090,1.481737e+02,3.44833572
1928,0.000093,1.481683e+02,6.24725566
1929,0.000096,1.481577e+02,4.96749434
1930,0.000103,1.481489e+02,4.08635580
1931,0.000092,1.481412e+02,3.50215015
1932,0.000099,1.481362e+02,6.42051798
1933,0.001343,1.481253e+02,5.09024417
1934,0.000079,1.481164e+02,4.17121110
1935,0.000082,1.481085e+02,3.55937689
1936,0.000086,1.481039e+02,6.60120828
1937,0.000086,1.480928e+02,5.21879079
1938,0.000090,1.480836e+02,4.26061223
1939,0.000087,1.480756e+02,3.62016162
1940,0.000089,1.480716e+02,6.78957609
1941,0.000092,1.480601e+02,5.35333906
1942,0.000090,1.480507e+02,4.35473790
1943,0.000088,1.480426e+02,3.68466895
1944,0.000096,1.480391e+02,6.98589943
1945,0.000098,1.480272e+02,5.49411470
1946,0.000093,1.480176e+02,4.45378398
1947,0.000096,1.480093e+02,3.75307979
1948,0.000094,1.480064e+02,7.19047732
1949,0.000093,1.479941e+02,5.64136071
1950,0.000096,1.479843e+02,4.55796191
1951,0.000112,1.479758e+02,3.82559100
1952,0.000105,1.479735e+02,7.40362818
1953,0.000114,1.479608e+02,5.79533684
1954,0.000159,1.479506e+02,4.66749890
1955,0.000122,1.479420e+02,3.90241589
1956,0.000099,1.479403e+02,7.62569005
1957,0.000102,1.479271e+02,5.95632008
1958,0.000094,1.479167e+02,4.78263848
1959,0.000094,1.479078e+02,3.98378489
1960,0.000099,1.479068e+02,7.85702141
1961,0.000093,1.478931e+02,6.12460546
1962,0.000096,1.478824e+02,4.90364131
1963,0.000096,1.478733e+02,4.06994641
1964,0.000142,1.478730e+02,8.09800224
1965,0.000154,1.478587e+02,6.30050694
1966,0.000103,1.478476e+02,5.03078603
1967,0.001405,1.478383e+02,4.16116756
1968,0.000076,1.478299e+02,3.58873278
1969,0.000091,1.478238e+02,6.48431379
1970,0.000097,1.478124e+02,5.16436508
1971,0.000098,1.478028e+02,4.25774507
1972,0.000090,1.477942e+02,3.65896286
1973,0.000094,1.477884e+02,6.67652728
1974,0.000096,1.477765e+02,5.30475541
1975,0.000093,1.477666e+02,4.36000362
1976,0.000092,1.477579e+02,3.73407042
1977,0.000095,1.477524e+02,6.87746287
1978,0.000097,1.477400e+02,5.45226219
1979,0.000092,1.477298e+02,4.46825306
1980,0.000092,1.477208e+02,3.81438159
1981,0.000106,1.477156e+02,7.08750097
1982,0.000096,1.477028e+02,5.60723111
1983,0.000095,1.476922e+02,4.58283074
1984,0.000098,1.476829e+02,3.90024419
1985,0.000094,1.476781e+02,7.30705501
1986,0.000101,1.476646e+02,5.77003057
1987,0.000100,1.476536e+02,4.70409042
1988,0.000093,1.476440e+02,3.99201912
1989,0.000096,1.476395e+02,7.53656055
1990,0.000102,1.476255e+02,5.94104343
1991,0.000101,1.476141e+02,4.83239427
1992,0.000096,1.476041e+02,4.09007102
1993,0.000099,1.475999e+02,7.77646902
1994,0.000097,1.475852e+02,6.12065957
1995,0.000102,1.475733e+02,4.96810308
1996,0.000094,1.475629e+02,4.19475530
1997,0.000102,1.475590e+02,8.02724110
1998,0.000098,1.475436e+02,6.30926630
1999,0.000097,1.475311e+02,5.11156268
2000,0.000099,1.475203e+02,4.30639986
2001,0.001426,1.475167e+02,8.28933773
2002,0.000077,1.475005e+02,6.50723487
2003,0.000092,1.474874e+02,5.26308506
2004,0.000090,1.474761e+02,4.42527983
2005,0.000099,1.474728e+02,8.56320760
2006,0.000093,1.474557e+02,6.71490224
2007,0.000092,1.474419e+02,5.42292304
2008,0.000102,1.474301e+02,4.55158414
2009,0.000097,1.474271e+02,8.84927054
2010,0.000127,1.474089e+02,6.93254710
2011,0.000113,1.473945e+02,5.59123744
2012,0.000115,1.473820e+02,4.68537284
2013,0.000105,1.473793e+02,9.14789633
2014,0.000103,1.473601e+02,7.16035986
2015,0.000102,1.473448e+02,5.76805679
2016,0.000102,1.473317e+02,4.82652544
2017,0.000106,1.473293e+02,9.45937929
2018,0.000111,1.473089e+02,7.39840744
2019,0.000104,1.472928e+02,5.95323068
2020,0.000106,1.472789e+02,4.97468194
2021,0.000106,1.472768e+02,9.78391031
2022,0.000104,1.472551e+02,7.64659518
2023,0.000101,1.472381e+02,6.14638027
2024,0.000100,1.472234e+02,5.12918150
2025,0.000094,1.472216e+02,10.12154965
2026,0.000097,1.471987e+02,7.90463078
2027,0.000105,1.471806e+02,6.34685269
2028,0.000095,1.471651e+02,5.28900747
2029,0.000092,1.471636e+02,10.47220646
2030,0.000097,1.471393e+02,8.17199846
2031,0.000098,1.471201e+02,6.55369039
2032,0.000093,1.471039e+02,5.45275264
2033,0.000093,1.471029e+02,10.83563366
2034,0.000100,1.470770e+02,8.44795539
2035,0.000097,1.470568e+02,6.76563074
2036,0.001443,1.470396e+02,5.61862378
2037,0.000076,1.470393e+02,11.21144959
2038,0.000090,1.470120e+02,8.73156493
2039,0.000092,1.469906e+02,6.98115464
2040,0.000094,1.469726e+02,5.78450786
2041,0.000095,1.469564e+02,4.99944101
2042,0.000091,1.469443e+02,9.02165958
2043,0.000092,1.469219e+02,7.19858765
2044,0.000105,1.469031e+02,5.94814911
2045,0.000097,1.468863e+02,5.12396768
2046,0.000092,1.468744e+02,9.31761782
2047,0.000099,1.468510e+02,7.41648169
2048,0.000095,1.468315e+02,6.10738551
2049,0.000092,1.468141e+02,5.23977954
2050,0.000095,1.468030e+02,9.61852459
2051,0.000102,1.467786e+02,7.63347788
2052,0.000096,1.467585e+02,6.26038096
2053,0.000094,1.467408e+02,5.34457039
2054,0.000098,1.467307e+02,9.92407131
2055,0.000101,1.467056e+02,7.84891319
2056,0.000096,1.466850e+02,6.40612079
2057,0.000099,1.466670e+02,5.43698393
2058,0.000096,1.466585e+02,10.23471364
2059,0.000097,1.466327e+02,8.06307860
2060,0.000102,1.466119e+02,6.54475603
2061,0.000095,1.465938e+02,5.51702859
2062,0.000095,1.465875e+02,10.55181579
2063,0.000100,1.465611e+02,8.27741069
2064,0.000096,1.465402e+02,6.67784257
2065,0.000095,1.465223e+02,5.58636184
2066,0.000103,1.465185e+02,10.87767542
2067,0.000094,1.464918e+02,8.49451516
2068,0.000098,1.464708e+02,6.80836824
2069,0.000094,1.464532e+02,5.64832875
2070,0.000114,1.464526e+02,11.21537854
2071,0.001567,1.464255e+02,8.71796950
2072,0.000081,1.464047e+02,6.94050785
2073,0.000079,1.463875e+02,5.70768567
2074,0.000100,1.463723e+02,4.87944754
2075,0.000098,1.463630e+02,8.95176055
2076,0.000094,1.463424e+02,7.07907981
2077,0.000092,1.463256e+02,5.77002843
2078,0.000096,1.463110e+02,4.88218848
2079,0.000093,1.463046e+02,9.20051363
2080,0.000093,1.462842e+02,7.22918759
2081,0.000097,1.462679e+02,5.84111011
2082,0.000091,1.462539e+02,4.89119339
2083,0.000094,1.462505e+02,9.46781964
2084,0.000098,1.462302e+02,7.39508250
2085,0.000092,1.462143e+02,5.92590141
2086,0.000096,1.462009e+02,4.91209058
2087,0.000101,1.462006e+02,9.75656045
2088,0.000106,1.461802e+02,7.58003606
2089,0.000095,1.461646e+02,6.02817514
2090,0.000100,1.461518e+02,4.94917328
2091,0.000098,1.461405e+02,4.22210692
2092,0.000096,1.461339e+02,7.78599605
2093,0.000098,1.461185e+02,6.15020822
2094,0.000100,1.461061e+02,5.00507999
2095,0.000095,1.460953e+02,4.22752487
2096,0.000097,1.460909e+02,8.01420314
2097,0.000103,1.460756e+02,6.29308635
2098,0.000096,1.460633e+02,5.08092878
2099,0.000094,1.460529e+02,4.25202056
2100,0.000100,1.460506e+02,8.26461962
2101,0.000095,1.460352e+02,6.45662821
2102,0.000096,1.460231e+02,5.17648751
2103,0.000099,1.460129e+02,4.29538399
2104,0.000096,1.460126e+02,8.53673609
2105,0.000097,1.459969e+02,6.64001658
2106,0.001540,1.459849e+02,5.29073175
2107,0.000081,1.459748e+02,4.35648792
2108,0.000084,1.459660e+02,3.73135345
2109,0.000092,1.459604e+02,6.84207291
2110,0.000094,1.459482e+02,5.42224549
2111,0.000092,1.459383e+02,4.43375858
2112,0.000096,1.459295e+02,3.76825515
2113,0.000094,1.459252e+02,7.06188763
2114,0.000091,1.459129e+02,5.56969425
2115,0.000095,1.459029e+02,4.52558996
2116,0.000091,1.458942e+02,3.81847064
2117,0.000093,1.458911e+02,7.29845136
2118,0.000098,1.458785e+02,5.73178937
2119,0.000091,1.458684e+02,4.63048709
2120,0.000094,1.458597e+02,3.88037993
2121,0.000100,1.458578e+02,7.55105022
2122,0.000093,1.458448e+02,5.90753855
2123,0.000096,1.458346e+02,4.74725061
2124,0.000100,1.458259e+02,3.95265443
2125,0.000098,1.458252e+02,7.81924857
2126,0.000095,1.458118e+02,6.09625039
2127,0.000099,1.458014e+02,4.87499764
2128,0.000095,1.457926e+02,4.03428872
2129,0.000094,1.457848e+02,3.47647578
2130,0.000097,1.457792e+02,6.29746183
2131,0.000099,1.457686e+02,5.01312866
2132,0.000097,1.457597e+02,4.12458542
2133,0.000096,1.457518e+02,3.53160922
2134,0.000102,1.457471e+02,6.51112134
2135,0.000101,1.457361e+02,5.16135863
2136,0.000106,1.457271e+02,4.22311803
2137,0.000107,1.457192e+02,3.59340737
2138,0.000109,1.457152e+02,6.73717355
2139,0.000102,1.457039e+02,5.31951219
2140,0.001753,1.456947e+02,4.32962821
2141,0.000089,1.456867e+02,3.66155896
2142,0.000100,1.456836e+02,6.97574175
2143,0.000095,1.456719e+02,5.48758222
2144,0.000099,1.456625e+02,4.44402084
2145,0.000092,1.456544e+02,3.73591264
2146,0.000093,1.456522e+02,7.22706959
2147,0.000092,1.456401e+02,5.66568017
2148,0.000097,1.456305e+02,4.56631857
2149,0.000094,1.456223e+02,3.81643405
2150,0.000099,1.456210e+02,7.49148906
2151,0.000097,1.456084e+02,5.85400455
2152,0.000096,1.455986e+02,4.69663020
2153,0.000093,1.455902e+02,3.90317426
2154,0.000102,1.455900e+02,7.76940082
2155,0.000097,1.455769e+02,6.05281998
2156,0.000095,1.455667e+02,4.83512861
2157,0.000100,1.455582e+02,3.99624708
2158,0.000093,1.455507e+02,3.43949681
2159,0.000094,1.455454e+02,6.26241177
2160,0.000102,1.455350e+02,4.98203639
2161,0.000094,1.455263e+02,4.09582591
2162,0.000094,1.455186e+02,3.50435793
2163,0.000100,1.455141e+02,6.48326178
2164,0.000096,1.455033e+02,5.13766484
2165,0.000095,1.454944e+02,4.20212398
2166,0.000105,1.454866e+02,3.57430019
2167,0.000102,1.454827e+02,6.71571911
2168,0.000097,1.454716e+02,5.30228347
2169,0.000099,1.454625e+02,4.31535700
2170,0.000099,1.454545e+02,3.64950013
2171,0.000096,1.454515e+02,6.96020264
2172,0.000094,1.454399e+02,5.47620872
2173,0.000101,1.454305e+02,4.43577462
2174,0.000097,1.454225e+02,3.73016207
2175,0.000093,1.454202e+02,7.21717413
2176,0.001417,1.454081e+02,5.65978891
2177,0.000082,1.453985e+02,4.56365148
2178,0.000073,1.453903e+02,3.81651235
2179,0.000092,1.453890e+02,7.48713001
2180,0.000099,1.453764e+02,5.85339920
2181,0.000092,1.453665e+02,4.69928383
2182,0.000091,1.453581e+02,3.90879654
2183,0.000099,1.453577e+02,7.77059913
2184,0.000092,1.453446e+02,6.05744009
2185,0.000092,1.453344e+02,4.84298819
2186,0.000098,1.453258e+02,4.00727818
2187,0.000090,1.453181e+02,3.45357890
2188,0.000094,1.453127e+02,6.27230721
2189,0.000099,1.453021e+02,4.99510262
2190,0.000105,1.452933e+02,4.11225114
2191,0.000129,1.452855e+02,3.52417514
2192,0.000124,1.452807e+02,6.49857103
2193,0.000116,1.452698e+02,5.15603241
2194,0.000195,1.452607e+02,4.22402843
2195,0.000144,1.452528e+02,3.59996312
2196,0.000112,1.452486e+02,6.73666130
2197,0.000110,1.452372e+02,5.32613107
2198,0.000108,1.452280e+02,4.34291476
2199,0.000106,1.452198e+02,3.68121487
2200,0.000097,1.452164e+02,6.98707081
2201,0.000094,1.452045e+02,5.50579187
2202,0.000101,1.451950e+02,4.46924180
2203,0.000099,1.451866e+02,3.76822412
2204,0.000097,1.451839e+02,7.25033190
2205,0.000101,1.451716e+02,5.69543627
2206,0.000092,1.451617e+02,4.60336277
2207,0.000094,1.451532e+02,3.86130403
2208,0.000100,1.451513e+02,7.52701060
2209,0.000096,1.451384e+02,5.89551134
2210,0.000113,1.451281e+02,4.74565156
2211,0.000096,1.451194e+02,3.96078698
2212,0.001498,1.451184e+02,7.81770613
2213,0.000081,1.451048e+02,6.10649002
2214,0.000075,1.450942e+02,4.89650320
2215,0.000096,1.450852e+02,4.06702493
2216,0.000092,1.450852e+02,8.12305195
2217,0.000098,1.450710e+02,6.32887212
2218,0.000092,1.450599e+02,5.05633462
2219,0.000097,1.450506e+02,4.18039001
2220,0.000097,1.450424e+02,3.60024960
2221,0.000091,1.450366e+02,6.56315097
2222,0.000093,1.450251e+02,5.22558723
2223,0.000096,1.450156e+02,4.30128959
2224,0.000092,1.450071e+02,3.68629246
2225,0.000091,1.450019e+02,6.81002037
2226,0.000095,1.449898e+02,5.40478002
2227,0.000100,1.449799e+02,4.43015379
2228,0.000094,1.449712e+02,3.77880384
2229,0.000095,1.449665e+02,7.07001401
2230,0.000115,1.449539e+02,5.59437343
2231,0.000101,1.449436e+02,4.56740376
2232,0.000095,1.449346e+02,3.87818967
2233,0.000101,1.449305e+02,7.34373777
2234,0.000094,1.449173e+02,5.79487287
2235,0.000095,1.449066e+02,4.71349001
2236,0.000098,1.448972e+02,3.98487795
2237,0.000095,1.448938e+02,7.63184174
2238,0.000096,1.448799e+02,6.00681338
2239,0.000101,1.448687e+02,4.86888296
2240,0.000098,1.448590e+02,4.09931133
2241,0.000095,1.448562e+02,7.93501134
2242,0.000102,1.448415e+02,6.23075320
2243,0.000094,1.448298e+02,5.03406673
2244,0.000093,1.448197e+02,4.22193957
2245,0.000096,1.448176e+02,8.25396328
2246,0.000102,1.448021e+02,6.46726870
2247,0.000093,1.447898e+02,5.20953195
2248,0.001727,1.447792e+02,4.35320932
2249,0.000089,1.447779e+02,8.58944161
2250,0.000092,1.447615e+02,6.71694784
2251,0.000094,1.447485e+02,5.39576577
2252,0.000092,1.447375e+02,4.49354976
2253,0.000095,1.447369e+02,8.94221231
2254,0.000091,1.447194e+02,6.98038103
2255,0.000093,1.447057e+02,5.59323800
2256,0.000097,1.446941e+02,4.64335307
2257,0.000092,1.446837e+02,4.01931890
2258,0.000094,1.446758e+02,7.25809799
2259,0.000096,1.446613e+02,5.80238123
2260,0.000096,1.446491e+02,4.80296554
2261,0.000094,1.446381e+02,4.14445422
2262,0.000098,1.446304e+02,7.55083405
2263,0.000098,1.446150e+02,6.02364344
2264,0.000094,1.446021e+02,4.97264276
2265,0.000093,1.445906e+02,4.27820391
2266,0.000097,1.445830e+02,7.85902263
2267,0.000100,1.445667e+02,6.25727212
2268,0.000096,1.445530e+02,5.15246457
2269,0.000099,1.445408e+02,4.42049755
2270,0.000101,1.445334e+02,8.18307763
2271,0.000097,1.445160e+02,6.50341725
2272,0.000101,1.445015e+02,5.34234141
2273,0.000096,1.444886e+02,4.57102786
2274,0.000097,1.444814e+02,8.52332915
2275,0.000101,1.444628e+02,6.76207528
2276,0.000093,1.444474e+02,5.54195683
2277,0.000094,1.444338e+02,4.72918613
2278,0.000102,1.444267e+02,8.87998717
2279,0.000096,1.444069e+02,7.03304928
2280,0.000102,1.443906e+02,5.75072074
2281,0.000099,1.443761e+02,4.89400690
2282,0.000096,1.443693e+02,9.25312026
2283,0.001467,1.443481e+02,7.31592416
2284,0.000087,1.443308e+02,5.96774009
2285,0.000074,1.443156e+02,5.06413357
2286,0.000089,1.443091e+02,9.64265318
2287,0.000099,1.442865e+02,7.61006584
2288,0.000096,1.442681e+02,6.19182062
2289,0.000091,1.442520e+02,5.23782309
2290,0.000094,1.442462e+02,10.04839263
2291,0.000096,1.442221e+02,7.91465866
2292,0.000094,1.442026e+02,6.42151822
2293,0.000091,1.441856e+02,5.41301172
2294,0.000097,1.441806e+02,10.47009284
2295,0.000094,1.441550e+02,8.22879560
2296,0.000092,1.441344e+02,6.65525811
2297,0.000103,1.441167e+02,5.58746412
2298,0.000096,1.441128e+02,10.90756922
2299,0.000096,1.440856e+02,8.55163170
2300,0.000099,1.440640e+02,6.89153421
2301,0.000092,1.440456e+02,5.75901929
2302,0.000102,1.440432e+02,11.36086015
2303,0.000102,1.440146e+02,8.88259889
2304,0.000100,1.439920e+02,7.12918504
2305,0.000093,1.439729e+02,5.92592879
2306,0.000095,1.439727e+02,11.83042175
2307,0.000104,1.439426e+02,9.22166058
2308,0.000097,1.439192e+02,7.36771758
2309,0.000100,1.438996e+02,6.08725238
2310,0.000103,1.438821e+02,5.23418044
2311,0.000096,1.438706e+02,9.56943670
2312,0.000095,1.438465e+02,7.60761266
2313,0.000108,1.438265e+02,6.24327708
2314,0.000139,1.438090e+02,5.32601950
2315,0.000206,1.437995e+02,9.92805657
2316,0.000132,1.437748e+02,7.85073839
2317,0.000103,1.437547e+02,6.39577148
2318,0.000104,1.437372e+02,5.40833892
2319,0.001509,1.437304e+02,10.30005879
2320,0.000082,1.437052e+02,8.09994940
2321,0.000077,1.436851e+02,6.54792951
2322,0.000099,1.436678e+02,5.48459970
2323,0.000094,1.436643e+02,10.68895799
2324,0.000094,1.436386e+02,8.35921385
2325,0.000099,1.436185e+02,6.70426266
2326,0.000094,1.436016e+02,5.55980929
2327,0.000091,1.435866e+02,4.79345257
2328,0.000098,1.435757e+02,8.63303384
2329,0.000094,1.435557e+02,6.87004255
2330,0.000094,1.435392e+02,5.63994880
2331,0.000099,1.435247e+02,4.80749234
2332,0.000095,1.435169e+02,8.92647440
2333,0.000096,1.434970e+02,7.05084216
2334,0.000105,1.434809e+02,5.73124448
2335,0.000096,1.434671e+02,4.82923249
2336,0.000095,1.434624e+02,9.24369870
2337,0.000102,1.434425e+02,7.25145737
2338,0.000103,1.434268e+02,5.83921006
2339,0.000097,1.434135e+02,4.86483270
2340,0.000096,1.434122e+02,9.58811064
2341,0.000102,1.433922e+02,7.47565996
2342,0.000098,1.433767e+02,5.96813559
2343,0.000098,1.433639e+02,4.91912673
2344,0.000102,1.433526e+02,4.21150199
2345,0.000100,1.433456e+02,7.72585396
2346,0.000098,1.433303e+02,6.12075345
2347,0.000112,1.433178e+02,4.99523868
2348,0.000103,1.433069e+02,4.22945783
2349,0.000118,1.433024e+02,8.00359911
2350,0.000107,1.432870e+02,6.29847751
2351,0.000096,1.432748e+02,5.09465400
2352,0.000094,1.432643e+02,4.26903034
2353,0.000103,1.432620e+02,8.30917372
2354,0.000100,1.432465e+02,6.50139477
2355,0.001524,1.432343e+02,5.21741139
2356,0.000081,1.432241e+02,4.33030820
2357,0.000076,1.432149e+02,3.73775411
2358,0.000103,1.432082e+02,6.72882586
2359,0.000092,1.431960e+02,5.36264790
2360,0.000097,1.431859e+02,4.41235711
2361,0.000090,1.431769e+02,3.77295655
2362,0.000092,1.431717e+02,6.98002038
2363,0.000100,1.431594e+02,5.52918688
2364,0.000095,1.431493e+02,4.51376443
2365,0.000093,1.431404e+02,3.82570623
2366,0.000102,1.431367e+02,7.25399747
2367,0.000099,1.431241e+02,5.71569115
2368,0.000110,1.431139e+02,4.63296132
2369,0.000109,1.431051e+02,3.89431082
2370,0.000110,1.431028e+02,7.55000568
2371,0.000099,1.430898e+02,5.92102722
2372,0.000101,1.430795e+02,4.76855129
2373,0.000095,1.430707e+02,3.97722284
2374,0.000098,1.430699e+02,7.86758733
2375,0.000100,1.430564e+02,6.14436524
2376,0.000099,1.430458e+02,4.91943956
2377,0.000097,1.430369e+02,4.07318740
2378,0.000094,1.430290e+02,3.50917027
2379,0.000101,1.430236e+02,6.38516309
2380,0.000098,1.430127e+02,5.08486428
2381,0.000099,1.430037e+02,4.18129700
2382,0.000100,1.429958e+02,3.57498863
2383,0.000097,1.429913e+02,6.64335375
2384,0.000097,1.429801e+02,5.26444459
2385,0.000103,1.429710e+02,4.30097977
2386,0.000096,1.429629e+02,3.65018393
2387,0.000100,1.429595e+02,6.91895271
2388,0.000104,1.429479e+02,5.45799009
2389,0.000096,1.429385e+02,4.43190797
2390,0.000096,1.429304e+02,3.73434327
2391,0.001447,1.429280e+02,7.21222105
2392,0.000082,1.429159e+02,5.66554668
2393,0.000076,1.429063e+02,4.57398419
2394,0.000092,1.428981e+02,3.82727947
2395,0.000092,1.428968e+02,7.52359897
2396,0.000097,1.428842e+02,5.88733691
2397,0.000094,1.428743e+02,4.72728537
2398,0.000092,1.428659e+02,3.92897733
2399,0.000095,1.428584e+02,3.39970248
2400,0.000092,1.428528e+02,6.12369118
2401,0.000093,1.428425e+02,4.89202059
2402,0.000097,1.428340e+02,4.03956121
2403,0.000092,1.428263e+02,3.47057472
2404,0.000092,1.428215e+02,6.37517737
2405,0.000099,1.428109e+02,5.06854271
2406,0.000094,1.428021e+02,4.15925586
2407,0.000095,1.427944e+02,3.54833455
2408,0.000098,1.427903e+02,6.64230341
2409,0.000094,1.427793e+02,5.25721841
2410,0.000100,1.427703e+02,4.28833503
2411,0.000097,1.427625e+02,3.63318871
2412,0.000095,1.427593e+02,6.92567767
2413,0.000095,1.427479e+02,5.45849194
2414,0.000095,1.427386e+02,4.42713616
2415,0.000101,1.427306e+02,3.72540117
2416,0.000095,1.427285e+02,7.22598026
2417,0.000098,1.427165e+02,5.67286509
2418,0.000102,1.427069e+02,4.57604472
2419,0.000095,1.426987e+02,3.82527942
2420,0.000096,1.426977e+02,7.54395207
2421,0.000101,1.426851e+02,5.90088822
2422,0.000096,1.426753e+02,4.73548578
2423,0.000094,1.426669e+02,3.93316614
2424,0.000100,1.426594e+02,3.40116003
2425,0.000097,1.426539e+02,6.14313294
2426,0.000096,1.426436e+02,4.90592302
2427,0.001795,1.426350e+02,4.04944692
2428,0.000086,1.426274e+02,3.47780247
2429,0.000087,1.426226e+02,6.40033885
2430,0.000092,1.426119e+02,5.08789139
2431,0.000096,1.426031e+02,4.17453476
2432,0.000090,1.425954e+02,3.56101992
2433,0.000093,1.425913e+02,6.67314678
2434,0.000093,1.425802e+02,5.28189666
2435,0.000095,1.425712e+02,4.30884641
2436,0.000092,1.425632e+02,3.65116397
2437,0.000098,1.425601e+02,6.96227044
2438,0.000098,1.425485e+02,5.48849196
2439,0.000096,1.425391e+02,4.45283097
2440,0.000092,1.425310e+02,3.74861216
2441,0.000097,1.425288e+02,7.26847724
2442,0.000094,1.425167e+02,5.70826810
2443,0.000093,1.425070e+02,4.60696481
2444,0.000097,1.424986e+02,3.85376502
2445,0.000094,1.424975e+02,7.59258398
2446,0.000094,1.424847e+02,5.94185171
2447,0.000101,1.424747e+02,4.77175066
2448,0.000094,1.424661e+02,3.96704521
2449,0.000095,1.424585e+02,3.43431706
2450,0.000101,1.424527e+02,6.18988250
2451,0.000096,1.424422e+02,4.94772162
2452,0.000095,1.424334e+02,4.08891035
2453,0.000094,1.424256e+02,3.51679132
2454,0.000101,1.424205e+02,6.45316510
2455,0.000096,1.424096e+02,5.13547765
2456,0.000101,1.424005e+02,4.21984086
2457,0.000098,1.423925e+02,3.60614207
2458,0.000098,1.423881e+02,6.73240172
2459,0.000097,1.423767e+02,5.33558660
2460,0.000101,1.423674e+02,4.36031868
2461,0.000101,1.423591e+02,3.70279245
2462,0.000098,1.423556e+02,7.02836744
2463,0.001505,1.423436e+02,5.54866332
2464,0.000086,1.423339e+02,4.51085782
2465,0.000074,1.423255e+02,3.80719185
2466,0.000090,1.423228e+02,7.34189217
2467,0.000096,1.423102e+02,5.77536113
2468,0.000092,1.423001e+02,4.67200048
2469,0.000092,1.422914e+02,3.91981401
2470,0.000098,1.422897e+02,7.67385718
2471,0.000093,1.422764e+02,6.01637078
2472,0.000092,1.422659e+02,4.84431683
2473,0.000097,1.422569e+02,4.04115677
2474,0.000091,1.422563e+02,8.02519619
2475,0.000092,1.422422e+02,6.27242171
2476,0.000098,1.422312e+02,5.02840595
2477,0.000093,1.422219e+02,4.17174221
2478,0.000094,1.422136e+02,3.60417100
2479,0.000095,1.422076e+02,6.54425594
2480,0.000099,1.421961e+02,5.22490107
2481,0.000095,1.421864e+02,4.31213207
2482,0.000096,1.421778e+02,3.70406787
2483,0.000099,1.421724e+02,6.83280852
2484,0.000096,1.421603e+02,5.43451218
2485,0.000096,1.421502e+02,4.46291175
2486,0.000097,1.421413e+02,3.81225757
2487,0.000096,1.421366e+02,7.13888953
2488,0.000096,1.421238e+02,5.65790775
2489,0.000101,1.421133e+02,4.62466393
2490,0.000096,1.421040e+02,3.92927448
2491,0.000098,1.421000e+02,7.46339065
2492,0.000106,1.420865e+02,5.89580614
2493,0.000111,1.420755e+02,4.79800107
2494,0.000103,1.420659e+02,4.05567209
2495,0.000114,1.420627e+02,7.80726119
2496,0.000104,1.420483e+02,6.14896174
2497,0.000105,1.420367e+02,4.98355562
2498,0.000104,1.420267e+02,4.19201354
2499,0.000110,1.420243e+02,8.17150037
2500,0.001897,1.420090e+02,6.41815842
2501,0.000084,1.419969e+02,5.18197234
2502,0.000099,1.419864e+02,4.33886112
2503,0.000095,1.419849e+02,8.55715348
2504,0.000094,1.419686e+02,6.70420360
2505,0.000096,1.419557e+02,5.39389900
2506,0.000091,1.419447e+02,4.49676243
2507,0.000092,1.419442e+02,8.96530776
2508,0.000097,1.419268e+02,7.00792052
2509,0.000092,1.419131e+02,5.61997398
2510,0.000092,1.419015e+02,4.66623194
2511,0.000097,1.418910e+02,4.03701730
2512,0.000093,1.418834e+02,7.33009701
2513,0.000093,1.418688e+02,5.86081442
2514,0.000099,1.418566e+02,4.84774792
2515,0.000097,1.418455e+02,4.17673333
2516,0.000095,1.418383e+02,7.67172370
2517,0.000094,1.418227e+02,6.11705485
2518,0.000099,1.418097e+02,5.04170092
2519,0.000100,1.417981e+02,4.32671410
2520,0.000094,1.417912e+02,8.03352927
2521,0.000100,1.417745e+02,6.38915527
2522,0.000097,1.417607e+02,5.24832313
2523,0.000093,1.417484e+02,4.48699690
2524,0.000104,1.417419e+02,8.41624625
2525,0.000096,1.417241e+02,6.67749927
2526,0.000096,1.417093e+02,5.46769577
2527,0.000100,1.416963e+02,4.65739765
2528,0.000094,1.416903e+02,8.82055584
2529,0.000094,1.416711e+02,6.98234636
2530,0.000101,1.416554e+02,5.69969991
2531,0.000094,1.416416e+02,4.83745411
2532,0.000098,1.416361e+02,9.24705944
2533,0.000103,1.416155e+02,7.30380093
2534,0.000095,1.415987e+02,5.94397920
2535,0.000097,1.415840e+02,5.02638026
2536,0.000098,1.415792e+02,9.69626583
2537,0.001447,1.415570e+02,7.64179694
2538,0.000079,1.415391e+02,6.19992133
2539,0.000087,1.415235e+02,5.22304315
2540,0.000091,1.415196e+02,10.16859718
2541,0.000097,1.414957e+02,7.99610704
2542,0.000092,1.414766e+02,6.46667101
2543,0.000089,1.414601e+02,5.42597973
2544,0.000096,1.414573e+02,10.66442242
2545,0.000101,1.414317e+02,8.36638850
2546,0.000122,1.414113e+02,6.74319144
2547,0.000418,1.413939e+02,5.63347439
2548,0.000128,1.413925e+02,11.18412743
2549,0.000122,1.413650e+02,8.75227853
2550,0.000130,1.413434e+02,7.02839000
2551,0.000119,1.413251e+02,5.84371661
2552,0.000141,1.413085e+02,5.06114598
2553,0.000134,1.412962e+02,9.15346445
2554,0.000101,1.412734e+02,7.32132426
2555,0.000100,1.412542e+02,6.05508923
2556,0.000098,1.412370e+02,5.21227061
2557,0.000099,1.412258e+02,9.57038018
2558,0.000095,1.412018e+02,7.62158481
2559,0.000096,1.411818e+02,6.26645660
2560,0.000099,1.411641e+02,5.35701405
2561,0.000094,1.411545e+02,10.00357734
2562,0.000096,1.411294e+02,7.92927673
2563,0.000098,1.411088e+02,6.47747572
2564,0.000093,1.410907e+02,5.49456855
2565,0.000094,1.410833e+02,10.45448819
2566,0.000101,1.410571e+02,8.24553617
2567,0.000093,1.410360e+02,6.68902829
2568,0.000095,1.410178e+02,5.62554297
2569,0.000101,1.410132e+02,10.92549964
2570,0.000097,1.409861e+02,8.57266877
2571,0.000102,1.409646e+02,6.90342139
2572,0.000099,1.409463e+02,5.75222730
2573,0.000096,1.409453e+02,11.41993719
2574,0.001459,1.409172e+02,8.91413288
2575,0.000080,1.408954e+02,7.12437779
2576,0.000089,1.408772e+02,5.87860626
2577,0.000089,1.408611e+02,5.03867116
2578,0.000092,1.408514e+02,9.27420453
2579,0.000091,1.408294e+02,7.35674671
2580,0.000097,1.408114e+02,6.01007818
2581,0.000093,1.407957e+02,5.09199405
2582,0.000092,1.407893e+02,9.65815388
2583,0.000102,1.407671e+02,7.60616598
2584,0.000094,1.407494e+02,6.15285320
2585,0.000091,1.407342e+02,5.15152694
2586,0.000098,1.407315e+02,10.07074420
2587,0.000093,1.407090e+02,7.87801045
2588,0.000092,1.406915e+02,6.31304886
2589,0.000100,1.406768e+02,5.22408739
2590,0.000093,1.406638e+02,4.48916623
2591,0.000094,1.406553e+02,8.17696677
2592,0.000099,1.406379e+02,6.49602495
2593,0.000107,1.406236e+02,5.31572685
2594,0.000096,1.406112e+02,4.51090478
2595,0.000099,1.406057e+02,8.50705280
2596,0.000097,1.405883e+02,6.70601481
2597,0.000099,1.405743e+02,5.43111526
2598,0.000094,1.405624e+02,4.55341226
2599,0.000101,1.405600e+02,8.87074344
2600,0.000099,1.405424e+02,6.94560553
2601,0.000095,1.405286e+02,5.57313208
2602,0.000101,1.405171e+02,4.61992042
2603,0.000099,1.405068e+02,3.97859009
2604,0.000096,1.404997e+02,7.21600859
2605,0.000101,1.404860e+02,5.74304607
2606,0.000095,1.404747e+02,4.71187337
2607,0.000095,1.404648e+02,4.01205431
2608,0.000102,1.404598e+02,7.51772221
2609,0.000095,1.404460e+02,5.94101880
2610,0.001750,1.404348e+02,4.82933574
2611,0.000092,1.404251e+02,4.06865369
2612,0.000100,1.404223e+02,7.85042877
2613,0.000092,1.404081e+02,6.16635492
2614,0.000096,1.403969e+02,4.97141676
2615,0.000092,1.403873e+02,4.14743549
2616,0.000091,1.403866e+02,8.21367134
2617,0.000092,1.403719e+02,6.41809910
2618,0.000097,1.403606e+02,5.13684244
2619,0.000094,1.403510e+02,4.24696780
2620,0.000100,1.403426e+02,3.64958908
2621,0.000098,1.403372e+02,6.69531051
2622,0.000094,1.403255e+02,5.32432862
2623,0.000094,1.403159e+02,4.36576256
2624,0.000098,1.403075e+02,3.71733442
2625,0.000095,1.403035e+02,6.99749270
2626,0.000094,1.402915e+02,5.53289621
2627,0.000100,1.402818e+02,4.50254981
2628,0.000094,1.402733e+02,3.80037956
2629,0.000094,1.402707e+02,7.32429337
2630,0.000105,1.402582e+02,5.76181638
2631,0.000095,1.402483e+02,4.65635148
2632,0.000097,1.402398e+02,3.89760362
2633,0.000102,1.402386e+02,7.67574580
2634,0.000097,1.402256e+02,6.01073951
2635,0.000098,1.402154e+02,4.82655854
2636,0.000095,1.402067e+02,4.00824306
2637,0.000097,1.401990e+02,3.46277620
2638,0.000095,1.401934e+02,6.27962473
2639,0.000100,1.401829e+02,5.01289907
2640,0.000109,1.401741e+02,4.13187721
2641,0.000099,1.401663e+02,3.54017008
2642,0.000104,1.401617e+02,6.56885492
2643,0.000102,1.401508e+02,5.21543419
2644,0.000096,1.401417e+02,4.26837354
2645,0.000096,1.401338e+02,3.62761398
2646,0.000101,1.401304e+02,6.87889662
2647,0.000095,1.401189e+02,5.43438852
2648,0.000303,1.401097e+02,4.41779995
2649,0.001657,1.401016e+02,3.72507345
2650,0.000098,1.400993e+02,7.21043325
2651,0.000077,1.400874e+02,5.67018358
2652,0.000102,1.400778e+02,4.58040737
2653,0.000095,1.400696e+02,3.83268892
2654,0.000092,1.400686e+02,7.56431102
2655,0.000091,1.400560e+02,5.92338965
2656,0.000099,1.400461e+02,4.75658449
2657,0.000092,1.400377e+02,3.95073202
2658,0.000094,1.400302e+02,3.41420263
2659,0.000098,1.400248e+02,6.19467433
2660,0.000097,1.400145e+02,4.94683106
2661,0.000147,1.400060e+02,4.07958700
2662,0.000168,1.399983e+02,3.49787221
2663,0.000108,1.399938e+02,6.48492355
2664,0.000097,1.399831e+02,5.15176865
2665,0.000093,1.399743e+02,4.21971473
2666,0.000100,1.399665e+02,3.58997870
2667,0.000098,1.399630e+02,6.79497483
2668,0.000101,1.399518e+02,5.37203176
2669,0.000099,1.399426e+02,4.37161675
2670,0.000165,1.399347e+02,3.69092769
2671,0.000227,1.399323e+02,7.12577319
2672,0.000101,1.399205e+02,5.60833269
2673,0.000096,1.399111e+02,4.53585358
2674,0.000096,1.399029e+02,3.80117533
2675,0.000101,1.399017e+02,7.47834905
2676,0.000095,1.398893e+02,5.86144742
2677,0.000096,1.398795e+02,4.71303429
2678,0.000101,1.398712e+02,3.92121910
2679,0.000093,1.398637e+02,3.39522250
2680,0.000096,1.398581e+02,6.13219237
2681,0.000101,1.398479e+02,4.90381733
2682,0.000095,1.398394e+02,4.05160618
2683,0.000095,1.398318e+02,3.48132557
2684,0.000098,1.398270e+02,6.42155394
2685,0.000102,1.398164e+02,5.10893672
2686,0.001453,1.398076e+02,4.19291592
2687,0.000081,1.397998e+02,3.57554368
2688,0.000088,1.397960e+02,6.73045040
2689,0.000093,1.397848e+02,5.32911429
2690,0.000098,1.397757e+02,4.34574094
2691,0.000091,1.397677e+02,3.67837456
2692,0.000091,1.397649e+02,7.05988833
2693,0.000092,1.397532e+02,5.56512984
2694,0.000096,1.397437e+02,4.51071320
2695,0.000093,1.397356e+02,3.79034754
2696,0.000098,1.397339e+02,7.41094744
2697,0.000097,1.397215e+02,5.81781387
2698,0.000096,1.397117e+02,4.68850024
2699,0.000093,1.397033e+02,3.91202104
2700,0.000101,1.397028e+02,7.78477847
2701,0.000095,1.396897e+02,6.08804734
2702,0.000095,1.396795e+02,4.87980524
2703,0.000099,1.396708e+02,4.04398188
2704,0.000094,1.396631e+02,3.48677150
2705,0.000095,1.396579e+02,6.37674438
2706,0.000115,1.396471e+02,5.08537589
2707,0.000095,1.396382e+02,4.18686193
2708,0.000101,1.396303e+02,3.58367942
2709,0.000109,1.396259e+02,6.68499929
2710,0.000097,1.396146e+02,5.30603443
2711,0.000095,1.396053e+02,4.34131908
2712,0.000095,1.395972e+02,3.68932609
2713,0.000100,1.395937e+02,7.01382214
2714,0.000097,1.395819e+02,5.54258371
2715,0.000099,1.395722e+02,4.50802121
2716,0.000098,1.395639e+02,3.80428652
2717,0.000097,1.395614e+02,7.36431733
2718,0.000096,1.395489e+02,5.79588781
2719,0.000101,1.395389e+02,4.68767692
2720,0.000096,1.395302e+02,3.92916751
2721,0.000094,1.395289e+02,7.73766716
2722,0.000100,1.395156e+02,6.06686475
2723,0.001463,1.395051e+02,4.88103238
2724,0.000084,1.394962e+02,4.06460585
2725,0.000074,1.394881e+02,3.52367781
2726,0.000098,1.394820e+02,6.35646572
2727,0.000093,1.394710e+02,5.08887753
2728,0.000092,1.394617e+02,4.21128264
2729,0.000093,1.394534e+02,3.62600277
2730,0.000093,1.394480e+02,6.66582273
2731,0.000091,1.394364e+02,5.31207921
2732,0.000099,1.394268e+02,4.36990817
2733,0.000092,1.394182e+02,3.73758379
2734,0.000094,1.394136e+02,6.99598801
2735,0.000098,1.394013e+02,5.55148647
2736,0.000093,1.393912e+02,4.54120278
2737,0.000093,1.393824e+02,3.85905806
2738,0.000099,1.393786e+02,7.34810754
2739,0.000094,1.393656e+02,5.80800860
2740,0.000096,1.393551e+02,4.72592589
2741,0.000097,1.393458e+02,3.99109200
2742,0.000100,1.393431e+02,7.72340465
2743,0.000096,1.393292e+02,6.08260685
2744,0.000094,1.393181e+02,4.92487096
2745,0.000102,1.393085e+02,4.13437640
2746,0.000096,1.393068e+02,8.12317726
2747,0.000095,1.392921e+02,6.37629278
2748,0.000101,1.392803e+02,5.13886293
2749,0.000094,1.392703e+02,4.28962170
2750,0.000096,1.392698e+02,8.54879877
2751,0.000102,1.392540e+02,6.69012776
2752,0.000094,1.392415e+02,5.36875543
2753,0.000097,1.392310e+02,4.45755180
2754,0.000099,1.392215e+02,3.85344434
2755,0.000095,1.392148e+02,7.02519352
2756,0.000095,1.392016e+02,5.61543438
2757,0.000103,1.391905e+02,4.63891570
2758,0.000097,1.391806e+02,3.98807294
2759,0.000095,1.391745e+02,7.38278576
2760,0.001464,1.391604e+02,5.87985228
2761,0.000080,1.391487e+02,4.83445213
2762,0.000088,1.391383e+02,4.13419707
2763,0.000093,1.391329e+02,7.76405177
2764,0.000093,1.391178e+02,6.16288871
2765,0.000092,1.391053e+02,5.04484945
2766,0.000097,1.390944e+02,4.29236867
2767,0.000091,1.390896e+02,8.17021441
2768,0.000092,1.390735e+02,6.46544006
2769,0.000098,1.390602e+02,5.27076351
2770,0.000093,1.390486e+02,4.46306536
2771,0.000092,1.390447e+02,8.60253544
2772,0.000097,1.390273e+02,6.78838915
2773,0.000095,1.390132e+02,5.51278585
2774,0.000093,1.390009e+02,4.64665178
2775,0.000102,1.389979e+02,9.06229562
2776,0.000095,1.389790e+02,7.13258154
2777,0.000096,1.389639e+02,5.77141245
2778,0.000098,1.389509e+02,4.84333788
2779,0.000116,1.389489e+02,9.55077914
2780,0.000213,1.389285e+02,7.49880284
2781,0.000105,1.389123e+02,6.04701190
2782,0.000101,1.388984e+02,5.05313547
2783,0.000098,1.388976e+02,10.06926047
2784,0.000098,1.388755e+02,7.88775830
2785,0.000112,1.388581e+02,6.33979597
2786,0.000104,1.388432e+02,5.27581789
2787,0.000105,1.388298e+02,4.57409588
2788,0.000102,1.388198e+02,8.30001136
2789,0.000096,1.388011e+02,6.64981174
2790,0.000093,1.387853e+02,5.51092528
2791,0.000098,1.387710e+02,4.75591909
2792,0.000098,1.387615e+02,8.73630339
2793,0.000095,1.387413e+02,6.97700546
2794,0.000101,1.387244e+02,5.75772003
2795,0.000094,1.387093e+02,4.94499225
2796,0.001440,1.387003e+02,9.19699721
2797,0.000084,1.386786e+02,7.32104548
2798,0.000097,1.386606e+02,6.01519133
2799,0.000090,1.386446e+02,5.13964952
2800,0.000097,1.386366e+02,9.68250865
2801,0.000093,1.386133e+02,7.68156419
2802,0.000092,1.385941e+02,6.28221405
2803,0.000090,1.385772e+02,5.33803520
2804,0.000098,1.385704e+02,10.19336451
2805,0.000094,1.385454e+02,8.05827073
2806,0.000099,1.385252e+02,6.55771158
2807,0.000095,1.385075e+02,5.53831041
2808,0.000093,1.385023e+02,10.73033758
2809,0.000096,1.384757e+02,8.45113997
2810,0.000101,1.384543e+02,6.84090336
2811,0.000092,1.384358e+02,5.73895856
2812,0.000094,1.384329e+02,11.29462755
2813,0.000100,1.384045e+02,8.86065217
2814,0.000094,1.383821e+02,7.13161333
2815,0.000096,1.383630e+02,5.93916536
2816,0.000099,1.383458e+02,5.14643446
2817,0.000096,1.383329e+02,9.28796704
2818,0.000095,1.383095e+02,7.43059902
2819,0.000102,1.382899e+02,6.13925548
2820,0.000094,1.382725e+02,5.27176762
2821,0.000096,1.382618e+02,9.73560058
2822,0.000096,1.382376e+02,7.73992362
2823,0.000103,1.382176e+02,6.34097977
2824,0.000093,1.382000e+02,5.39111434
2825,0.000101,1.381923e+02,10.20668099
2826,0.000101,1.381672e+02,8.06275327
2827,0.000097,1.381469e+02,6.54759439
2828,0.000093,1.381294e+02,5.50775423
2829,0.000103,1.381252e+02,10.70538723
2830,0.000095,1.380994e+02,8.40347437
2831,0.000097,1.380789e+02,6.76381915
2832,0.000101,1.380616e+02,5.62670150
2833,0.001428,1.380462e+02,4.86287607
2834,0.000082,1.380349e+02,8.76722894
2835,0.000076,1.380144e+02,6.99538985
2836,0.000092,1.379973e+02,5.75425362
2837,0.000091,1.379824e+02,4.91057164
2838,0.000090,1.379745e+02,9.15984771
2839,0.000096,1.379538e+02,7.24855793
2840,0.000095,1.379370e+02,5.89725917
2841,0.000100,1.379226e+02,4.96824981
2842,0.000094,1.379185e+02,9.58652360
2843,0.000106,1.378975e+02,7.52905981
2844,0.000100,1.378810e+02,6.06215473
2845,0.000105,1.378670e+02,5.04299700
2846,0.000105,1.378669e+02,10.05181424
2847,0.000100,1.378455e+02,7.84174037
2848,0.000110,1.378291e+02,6.25431316
2849,0.000106,1.378155e+02,5.14078679
2850,0.000104,1.378036e+02,4.38242838
2851,0.000105,1.377976e+02,8.19013719
2852,0.000121,1.377811e+02,6.47759221
2853,0.000100,1.377678e+02,5.26593302
2854,0.000122,1.377564e+02,4.43246703
2855,0.000115,1.377533e+02,8.57687315
2856,0.000109,1.377366e+02,6.73441711
2857,0.000102,1.377235e+02,5.42097176
2858,0.000111,1.377124e+02,4.50914624
2859,0.000099,1.377024e+02,3.89602557
2860,0.000098,1.376952e+02,7.02570428
2861,0.000097,1.376820e+02,5.60679240
2862,0.000103,1.376711e+02,4.61347142
2863,0.000095,1.376615e+02,3.93949097
2864,0.000095,1.376564e+02,7.35176402
2865,0.000100,1.376430e+02,5.82330322
2866,0.000095,1.376321e+02,4.74520943
2867,0.000093,1.376227e+02,4.00735093
2868,0.000099,1.376197e+02,7.71230053
2869,0.000095,1.376060e+02,6.06974971
2870,0.001458,1.375950e+02,4.90336242
2871,0.000081,1.375857e+02,4.09851634
2872,0.000077,1.375848e+02,8.10702641
2873,0.000101,1.375705e+02,6.34527470
2874,0.000092,1.375593e+02,5.08671459
2875,0.000093,1.375500e+02,4.21159222
2876,0.000095,1.375416e+02,3.62339569
2877,0.000095,1.375363e+02,6.64916837
2878,0.000091,1.375248e+02,5.29417046
2879,0.000092,1.375153e+02,4.34525832
2880,0.000097,1.375070e+02,3.70220802
2881,0.000093,1.375031e+02,6.98122344
2882,0.000093,1.374912e+02,5.52500760
2883,0.000098,1.374815e+02,4.49848547
2884,0.000095,1.374732e+02,3.79727901
2885,0.000093,1.374707e+02,7.34145114
2886,0.000099,1.374583e+02,5.77880991
2887,0.000096,1.374484e+02,4.67058107
2888,0.000103,1.374399e+02,3.90775635
2889,0.000106,1.374390e+02,7.73027510
2890,0.000095,1.374260e+02,6.05555948
2891,0.000093,1.374157e+02,4.86123377
2892,0.000101,1.374071e+02,4.03315326
2893,0.000093,1.373994e+02,3.47902359
2894,0.000099,1.373941e+02,6.35556103
2895,0.000103,1.373835e+02,5.07047261
2896,0.000097,1.373747e+02,4.17332239
2897,0.000094,1.373668e+02,3.56807997
2898,0.000098,1.373627e+02,6.67953684
2899,0.000103,1.373516e+02,5.29864842
2900,0.000096,1.373425e+02,4.32838955
2901,0.000094,1.373346e+02,3.66863896
2902,0.000100,1.373317e+02,7.02830749
2903,0.000098,1.373200e+02,5.54627686
2904,0.000096,1.373106e+02,4.49867353
2905,0.000101,1.373025e+02,3.78088920
2906,0.000098,1.373009e+02,7.40291962
2907,0.001851,1.372887e+02,5.81407081
2908,0.000087,1.372789e+02,4.68466972
2909,0.000080,1.372706e+02,3.90518443
2910,0.000116,1.372705e+02,7.80459752
2911,0.000094,1.372575e+02,6.10289756
2912,0.000094,1.372474e+02,4.88700961
2913,0.000098,1.372389e+02,4.04200395
2914,0.000092,1.372313e+02,3.47521924
2915,0.000093,1.372266e+02,6.41373556
2916,0.000093,1.372160e+02,5.10644271
2917,0.000097,1.372072e+02,4.19194168
2918,0.000094,1.371995e+02,3.57365501
2919,0.000095,1.371958e+02,6.74779677
2920,0.000104,1.371847e+02,5.34384454
2921,0.000094,1.371757e+02,4.35566605
2922,0.000097,1.371678e+02,3.68241561
2923,0.000098,1.371653e+02,7.10625940
2924,0.000095,1.371536e+02,5.60011337
2925,0.000097,1.371442e+02,4.53389155
2926,0.000113,1.371361e+02,3.80208657
2927,0.000097,1.371349e+02,7.49043282
2928,0.000097,1.371225e+02,5.87624019
2929,0.000100,1.371127e+02,4.72739982
2930,0.000102,1.371044e+02,3.93330839
2931,0.000095,1.370969e+02,3.40420759
2932,0.000104,1.370915e+02,6.17328176
2933,0.000098,1.370813e+02,4.93703841
2934,0.000097,1.370727e+02,4.07678315
2935,0.000093,1.370651e+02,3.49901414
2936,0.000100,1.370606e+02,6.49247762
2937,0.000095,1.370498e+02,5.16374071
2938,0.000097,1.370410e+02,4.23325349
2939,0.000100,1.370332e+02,3.60345968
2940,0.000098,1.370297e+02,6.83502785
2941,0.000097,1.370184e+02,5.40844571
2942,0.000101,1.370093e+02,4.40348658
2943,0.000096,1.370013e+02,3.71818572
2944,0.001442,1.369990e+02,7.20224182
2945,0.000079,1.369870e+02,5.67216492
2946,0.000076,1.369775e+02,4.58829870
2947,0.000099,1.369692e+02,3.84387312
2948,0.000097,1.369683e+02,7.59552580
2949,0.000090,1.369556e+02,5.95597693
2950,0.000092,1.369456e+02,4.78855246
2951,0.000096,1.369371e+02,3.98123950
2952,0.000091,1.369295e+02,3.44318582
2953,0.000093,1.369241e+02,6.26101345
2954,0.000097,1.369136e+02,5.00516562
2955,0.000095,1.369049e+02,4.13105411
2956,0.000091,1.368971e+02,3.54395947
2957,0.000104,1.368926e+02,6.58858581
2958,0.000094,1.368815e+02,5.23913565
2959,0.000094,1.368724e+02,4.29411941
2960,0.000093,1.368644e+02,3.65463185
2961,0.000101,1.368610e+02,6.93995838
2962,0.000095,1.368493e+02,5.49146056
2963,0.000101,1.368399e+02,4.47125836
2964,0.000101,1.368316e+02,3.77590101
2965,0.000095,1.368293e+02,7.31650499
2966,0.000105,1.368169e+02,5.76321003
2967,0.000153,1.368070e+02,4.66334165
2968,0.000197,1.367985e+02,3.90850251
2969,0.000109,1.367975e+02,7.71969740
2970,0.000109,1.367843e+02,6.05552113
2971,0.000097,1.367740e+02,4.87128606
2972,0.000093,1.367652e+02,4.05320807
2973,0.000099,1.367573e+02,3.50889461
2974,0.000097,1.367515e+02,6.36958388
2975,0.000096,1.367406e+02,5.09606418
2976,0.000102,1.367315e+02,4.21084161
2977,0.000093,1.367233e+02,3.61750705
2978,0.000099,1.367185e+02,6.70677566
2979,0.000093,1.367069e+02,5.33873165
2980,0.000107,1.366974e+02,4.38226135
2981,0.000094,1.366890e+02,3.73661468
2982,0.001458,1.366851e+02,7.06842335
2983,0.000077,1.366729e+02,5.60034379
2984,0.000088,1.366629e+02,4.56834609
2985,0.000088,1.366542e+02,3.86697602
2986,0.000098,1.366513e+02,7.45596725
2987,0.000096,1.366383e+02,5.88203011
2988,0.000095,1.366279e+02,4.77002351
2989,0.000095,1.366188e+02,4.00938695
2990,0.000094,1.366172e+02,7.87094889
2991,0.000094,1.366033e+02,6.18498932
2992,0.000094,1.365923e+02,4.98826777
2993,0.000097,1.365828e+02,4.16467799
2994,0.000092,1.365825e+02,8.31501153
2995,0.000095,1.365677e+02,6.51049085
2996,0.000100,1.365560e+02,5.22410013
2997,0.000112,1.365461e+02,4.33371277
2998,0.000103,1.365373e+02,3.74042709
2999,0.000113,1.365313e+02,6.85985701
3000,0.000099,1.365189e+02,5.47860009
3001,0.000100,1.365086e+02,4.51740616
3002,0.000100,1.364994e+02,3.87281897
3003,0.000096,1.364942e+02,7.23462982
3004,0.000096,1.364810e+02,5.75293559
3005,0.000101,1.364701e+02,4.71669601
3006,0.000098,1.364605e+02,4.01753136
3007,0.000105,1.364562e+02,7.63626756
3008,0.000102,1.364421e+02,6.04825371
3009,0.000099,1.364305e+02,4.93252083
3010,0.000093,1.364204e+02,4.17536418
3011,0.000097,1.364172e+02,8.06634624
3012,0.000101,1.364020e+02,6.36576745
3013,0.000096,1.363897e+02,5.16584612
3014,0.000094,1.363791e+02,4.34711713
3015,0.000100,1.363770e+02,8.52653705
3016,0.000096,1.363606e+02,6.70674019
3017,0.000104,1.363475e+02,5.41764946
3018,0.000100,1.363363e+02,4.53357090
3019,0.001439,1.363354e+02,9.01859856
3020,0.000077,1.363177e+02,7.07247622
3021,0.000094,1.363037e+02,5.68890639
3022,0.000109,1.362918e+02,4.73546584
3023,0.000244,1.362810e+02,4.10439778
3024,0.000137,1.362731e+02,7.46428253
3025,0.000125,1.362581e+02,5.98058534
3026,0.000094,1.362454e+02,4.95350104
3027,0.000092,1.362340e+02,4.27000839
3028,0.000097,1.362267e+02,7.88366834
3029,0.000093,1.362105e+02,6.29366790
3030,0.000092,1.361969e+02,5.18827380
3031,0.000091,1.361848e+02,4.44880671
3032,0.000097,1.361782e+02,8.33194249
3033,0.000092,1.361606e+02,6.62898848
3034,0.000097,1.361461e+02,5.44022463
3035,0.000097,1.361333e+02,4.64089872
3036,0.000093,1.361274e+02,8.81045348
3037,0.000093,1.361084e+02,6.98732511
3038,0.000105,1.360928e+02,5.70964720
3039,0.000091,1.360791e+02,4.84615670
3040,0.000093,1.360741e+02,9.32055147
3041,0.000098,1.360535e+02,7.36936888
3042,0.000092,1.360368e+02,5.99665719
3043,0.000094,1.360222e+02,5.06418193
3044,0.000099,1.360183e+02,9.86357937
3045,0.000094,1.359960e+02,7.77571608
3046,0.000094,1.359780e+02,6.30118314
3047,0.000098,1.359624e+02,5.29429144
3048,0.000092,1.359599e+02,10.44088616
3049,0.000092,1.359356e+02,8.20688558
3050,0.000093,1.359162e+02,6.62298844
3051,0.000096,1.358996e+02,5.53554361
3052,0.000093,1.358990e+02,11.05386641
3053,0.000092,1.358725e+02,8.66337051
3054,0.000098,1.358517e+02,6.96173834
3055,0.000096,1.358341e+02,5.78682100
3056,0.001396,1.358181e+02,5.00680697
3057,0.000080,1.358070e+02,9.14568244
3058,0.000071,1.357846e+02,7.31714764
3059,0.000082,1.357659e+02,6.04703506
3060,0.000085,1.357492e+02,5.19714691
3061,0.000092,1.357392e+02,9.65488041
3062,0.000089,1.357154e+02,7.68923717
3063,0.000090,1.356956e+02,6.31530056
3064,0.000092,1.356781e+02,5.38818435
3065,0.000091,1.356699e+02,10.19204828
3066,0.000092,1.356445e+02,8.07833165
3067,0.000096,1.356238e+02,6.59121500
3068,0.000090,1.356056e+02,5.57879434
3069,0.000092,1.355998e+02,10.75896572
3070,0.000140,1.355728e+02,8.48553290
3071,0.000094,1.355512e+02,6.87527530
3072,0.000096,1.355325e+02,5.76887731
3073,0.000105,1.355297e+02,11.35824428
3074,0.000094,1.355012e+02,8.91293404
3075,0.000098,1.354787e+02,7.16917339
3076,0.000100,1.354597e+02,5.95973971
3077,0.000093,1.354426e+02,5.14905645
3078,0.000092,1.354307e+02,9.36368165
3079,0.000093,1.354075e+02,7.47598423
3080,0.000098,1.353883e+02,6.15437123
3081,0.000093,1.353712e+02,5.25794101
3082,0.000096,1.353624e+02,9.84240130
3083,0.000100,1.353385e+02,7.80024178
3084,0.000095,1.353191e+02,6.35739416
3085,0.000093,1.353023e+02,5.36725951
3086,0.000099,1.352972e+02,10.35417413
3087,0.000094,1.352726e+02,8.14734991
3088,0.000095,1.352531e+02,6.57466478
3089,0.000100,1.352366e+02,5.48325487
3090,0.000092,1.352359e+02,10.90464854
3091,0.000095,1.352106e+02,8.52329866
3092,0.000108,1.351910e+02,6.81274239
3093,0.000106,1.351747e+02,5.61307495
3094,0.001421,1.351604e+02,4.79621911
3095,0.000075,1.351527e+02,8.93395372
3096,0.000082,1.351330e+02,7.07811543
3097,0.000086,1.351170e+02,5.76390759
3098,0.000085,1.351032e+02,4.85862508
3099,0.000093,1.350994e+02,9.38494786
3100,0.000090,1.350793e+02,7.37662601
3101,0.000088,1.350635e+02,5.94211382
3102,0.000092,1.350502e+02,4.94330904
3103,0.000090,1.350383e+02,4.26865513
3104,0.000090,1.350299e+02,7.71263605
3105,0.000096,1.350141e+02,6.15250977
3106,0.000101,1.350011e+02,5.05562309
3107,0.000090,1.349897e+02,4.30672105
3108,0.000093,1.349842e+02,8.08944021
3109,0.000123,1.349684e+02,6.39836104
3110,0.000095,1.349556e+02,5.19908133
3111,0.000091,1.349446e+02,4.37198446
3112,0.000098,1.349421e+02,8.50890394
3113,0.000100,1.349259e+02,6.68130812
3114,0.000092,1.349131e+02,5.37536750
3115,0.000098,1.349024e+02,4.46630544
3116,0.000091,1.348928e+02,3.85336220
3117,0.000095,1.348862e+02,7.00188554
3118,0.000099,1.348733e+02,5.58481995
3119,0.000095,1.348626e+02,4.59002196
3120,0.000092,1.348532e+02,3.91300924
3121,0.000100,1.348487e+02,7.36023971
3122,0.000093,1.348355e+02,5.82706055
3123,0.000092,1.348249e+02,4.74252321
3124,0.000098,1.348156e+02,3.99782870
3125,0.000095,1.348132e+02,7.75618078
3126,0.000093,1.347995e+02,6.10133785
3127,0.000094,1.347887e+02,4.92273824
3128,0.000099,1.347795e+02,4.10660795
3129,0.000094,1.347792e+02,8.18972131
3130,0.000094,1.347649e+02,6.40701335
3131,0.000100,1.347538e+02,5.12961114
3132,0.000099,1.347445e+02,4.23807165
3133,0.001389,1.347363e+02,3.63631473
3134,0.000074,1.347314e+02,6.74374448
3135,0.000086,1.347199e+02,5.36236204
3136,0.000086,1.347105e+02,4.39118010
3137,0.000086,1.347022e+02,3.72999558
3138,0.000092,1.346989e+02,7.11175686
3139,0.000090,1.346868e+02,5.62065429
3140,0.000090,1.346771e+02,4.56525855
3141,0.000092,1.346687e+02,3.84074512
3142,0.000176,1.346670e+02,7.51153827
3143,0.000121,1.346544e+02,5.90449230
3144,0.000107,1.346444e+02,4.75999831
3145,0.000095,1.346358e+02,3.96806945
3146,0.000095,1.346281e+02,3.43932784
3147,0.000099,1.346225e+02,6.21426249
3148,0.000109,1.346120e+02,4.97547183
3149,0.000094,1.346033e+02,4.11184437
3150,0.000092,1.345955e+02,3.53018637
3151,0.000102,1.345910e+02,6.55080096
3152,0.000104,1.345801e+02,5.21210831
3153,0.000101,1.345711e+02,4.27225298
3154,0.000099,1.345632e+02,3.63385331
3155,0.000092,1.345599e+02,6.91510718
3156,0.000093,1.345485e+02,5.47054812
3157,0.000100,1.345392e+02,4.44970658
3158,0.000093,1.345312e+02,3.75058666
3159,0.000094,1.345292e+02,7.30844298
3160,0.000099,1.345171e+02,5.75166029
3161,0.000095,1.345075e+02,4.64482029
3162,0.000092,1.344993e+02,3.88083499
3163,0.000097,1.344989e+02,7.73228374
3164,0.000092,1.344860e+02,6.05649770
3165,0.000093,1.344760e+02,4.85836958
3166,0.000104,1.344675e+02,4.02519397
3167,0.000095,1.344599e+02,3.46592025
3168,0.000094,1.344552e+02,6.38625456
3169,0.000095,1.344446e+02,5.09126992
3170,0.001389,1.344359e+02,4.18439172
3171,0.000078,1.344282e+02,3.57045864
3172,0.000082,1.344245e+02,6.74237383
3173,0.000085,1.344134e+02,5.34457864
3174,0.000090,1.344044e+02,4.35924586
3175,0.000086,1.343965e+02,3.68671080
3176,0.000089,1.343941e+02,7.12630260
3177,0.000091,1.343823e+02,5.61939993
3178,0.000093,1.343729e+02,4.55063602
3179,0.000088,1.343648e+02,3.81539865
3180,0.000095,1.343638e+02,7.53964285
3181,0.000098,1.343514e+02,5.91694822
3182,0.000092,1.343415e+02,4.75952170
3183,0.000092,1.343332e+02,3.95730967
3184,0.000096,1.343257e+02,3.42104812
3185,0.000094,1.343205e+02,6.23852549
3186,0.000095,1.343102e+02,4.98694318
3187,0.000098,1.343016e+02,4.11330398
3188,0.000090,1.342939e+02,3.52433005
3189,0.000093,1.342898e+02,6.58563204
3190,0.000099,1.342789e+02,5.23403798
3191,0.000093,1.342700e+02,4.28429077
3192,0.000092,1.342621e+02,3.63873612
3193,0.000100,1.342591e+02,6.95975598
3194,0.000105,1.342476e+02,5.50196675
3195,0.000095,1.342383e+02,4.47121506
3196,0.000150,1.342303e+02,3.76505517
3197,0.000101,1.342286e+02,7.36251821
3198,0.000096,1.342164e+02,5.79197897
3199,0.000099,1.342067e+02,4.67508184
3200,0.000098,1.341984e+02,3.90412356
3201,0.000094,1.341981e+02,7.79566306
3202,0.000092,1.341851e+02,6.10540964
3203,0.000099,1.341750e+02,4.89695446
3204,0.000095,1.341664e+02,4.05682282
3205,0.000091,1.341587e+02,3.49331928
3206,0.000098,1.341539e+02,6.44366943
3207,0.000095,1.341432e+02,5.13796752
3208,0.001386,1.341343e+02,4.22409763
3209,0.000073,1.341264e+02,3.60611063
3210,0.000073,1.341226e+02,6.80837173
3211,0.000099,1.341113e+02,5.39934850
3212,0.000097,1.341020e+02,4.40693277
3213,0.000092,1.340939e+02,3.73053206
3214,0.000096,1.340913e+02,7.20110438
3215,0.000096,1.340793e+02,5.68234099
3216,0.000099,1.340696e+02,4.60634421
3217,0.000095,1.340612e+02,3.86743940
3218,0.000097,1.340600e+02,7.62359240
3219,0.000130,1.340472e+02,5.98827930
3220,0.000100,1.340370e+02,4.82340771
3221,0.000096,1.340283e+02,4.01773396
3222,0.000112,1.340205e+02,3.48081754
3223,0.000108,1.340149e+02,6.31857248
3224,0.000109,1.340042e+02,5.05926711
3225,0.000105,1.339952e+02,4.18237706
3226,0.000101,1.339872e+02,3.59329535
3227,0.000103,1.339824e+02,6.67482338
3228,0.000099,1.339711e+02,5.31515671
3229,0.000095,1.339617e+02,4.36237148
3230,0.000093,1.339535e+02,3.71733503
3231,0.000098,1.339498e+02,7.05861643
3232,0.000093,1.339377e+02,5.59232878
3233,0.000094,1.339279e+02,4.55875118
3234,0.000093,1.339194e+02,3.85381710
3235,0.000100,1.339169e+02,7.47166839
3236,0.000093,1.339040e+02,5.89212294
3237,0.000094,1.338937e+02,4.77260802
3238,0.000099,1.338848e+02,4.00366689
3239,0.000092,1.338837e+02,7.91582039
3240,0.000094,1.338699e+02,6.21596419
3241,0.000098,1.338590e+02,5.00509140
3242,0.000093,1.338498e+02,4.16785302
3243,0.000092,1.338414e+02,3.61045842
3244,0.000101,1.338354e+02,6.56535142
3245,0.000095,1.338238e+02,5.25742030
3246,0.001441,1.338141e+02,4.34740464
3247,0.000073,1.338055e+02,3.73705199
3248,0.000091,1.338003e+02,6.94199356
3249,0.000086,1.337880e+02,5.53090912
3250,0.000090,1.337778e+02,4.54339012
3251,0.000088,1.337688e+02,3.87634264
3252,0.000089,1.337647e+02,7.34756995
3253,0.000094,1.337515e+02,5.82688444
3254,0.000090,1.337408e+02,4.75690329
3255,0.000091,1.337313e+02,4.02926698
3256,0.000092,1.337283e+02,7.78389751
3257,0.000424,1.337142e+02,6.14676017
3258,0.000105,1.337028e+02,4.98908994
3259,0.000092,1.336929e+02,4.19679335
3260,0.000098,1.336912e+02,8.25291898
3261,0.000105,1.336760e+02,6.49203142
3262,0.000092,1.336639e+02,5.24114239
3263,0.000096,1.336535e+02,4.37991366
3264,0.000089,1.336532e+02,8.75670330
3265,0.000097,1.336367e+02,6.86427408
3266,0.000097,1.336238e+02,5.51429590
3267,0.000092,1.336128e+02,4.57963450
3268,0.000091,1.336029e+02,3.95713316
3269,0.000097,1.335962e+02,7.26512398
3270,0.000093,1.335823e+02,5.80983731
3271,0.000095,1.335707e+02,4.79699011
3272,0.000097,1.335603e+02,4.11818071
3273,0.000091,1.335544e+02,7.69645226
3274,0.000092,1.335394e+02,6.12912657
3275,0.000092,1.335270e+02,5.03299617
3276,0.000096,1.335160e+02,4.29397769
3277,0.000091,1.335111e+02,8.16002805
3278,0.000093,1.334949e+02,6.47347059
3279,0.000105,1.334816e+02,5.28861540
3280,0.000119,1.334699e+02,4.48522545
3281,0.000121,1.334660e+02,8.65773311
3282,0.000116,1.334484e+02,6.84420830
3283,0.001471,1.334342e+02,5.56477207
3284,0.000078,1.334217e+02,4.69252490
3285,0.000074,1.334190e+02,9.19153143
3286,0.000090,1.333999e+02,7.24268460
3287,0.000090,1.333845e+02,5.86232275
3288,0.000085,1.333713e+02,4.91633835
3289,0.000088,1.333700e+02,9.76345648
3290,0.000098,1.333491e+02,7.67023343
3291,0.000089,1.333325e+02,6.18203189
3292,0.000089,1.333183e+02,5.15695423
3293,0.000093,1.333054e+02,4.47916816
3294,0.000089,1.332958e+02,8.12813671
3295,0.000091,1.332779e+02,6.52457115
3296,0.000099,1.332626e+02,5.41449215
3297,0.000097,1.332489e+02,4.67593497
3298,0.000092,1.332399e+02,8.61786787
3299,0.000094,1.332205e+02,6.89055376
3300,0.000098,1.332042e+02,5.68884752
3301,0.000098,1.331896e+02,4.88423049
3302,0.000097,1.331814e+02,9.14064856
3303,0.000097,1.331603e+02,7.28039305
3304,0.000092,1.331428e+02,5.97969059
3305,0.000092,1.331273e+02,5.10303203
3306,0.000098,1.331202e+02,9.69778936
3307,0.000093,1.330974e+02,7.69448645
3308,0.000093,1.330786e+02,6.28657900
3309,0.000098,1.330621e+02,5.33110857
3310,0.000095,1.330566e+02,10.29073215
3311,0.000099,1.330318e+02,8.13329752
3312,0.000098,1.330117e+02,6.60907638
3313,0.000092,1.329943e+02,5.56717124
3314,0.000092,1.329908e+02,10.92115696
3315,0.000098,1.329640e+02,8.59750401
3316,0.000092,1.329426e+02,6.94694693
3317,0.000093,1.329242e+02,5.81011526
3318,0.000092,1.329234e+02,11.59113410
3319,0.000101,1.328944e+02,9.08819904
3320,0.000092,1.328717e+02,7.30041627
3321,0.000098,1.328525e+02,6.05934531
3322,0.001441,1.328352e+02,5.22840367
3323,0.000080,1.328239e+02,9.60706820
3324,0.000084,1.327998e+02,7.67049587
3325,0.000085,1.327798e+02,6.31520334
3326,0.000091,1.327620e+02,5.39812459
3327,0.000087,1.327532e+02,10.15702124
3328,0.000087,1.327278e+02,8.05933047
3329,0.000097,1.327071e+02,6.57924957
3330,0.000088,1.326890e+02,5.56684968
3331,0.000090,1.326834e+02,10.74156037
3332,0.000090,1.326567e+02,8.47010764
3333,0.000096,1.326354e+02,6.85446280
3334,0.000091,1.326172e+02,5.73732418
3335,0.000090,1.326155e+02,11.36529440
3336,0.000096,1.325876e+02,8.90728412
3337,0.000095,1.325657e+02,7.14533774
3338,0.000097,1.325474e+02,5.91409644
3339,0.000132,1.325312e+02,5.08025811
3340,0.000221,1.325213e+02,9.37628225
3341,0.000125,1.324990e+02,7.45762561
3342,0.000120,1.324807e+02,6.10327785
3343,0.000096,1.324648e+02,5.17455972
3344,0.000093,1.324588e+02,9.88350999
3345,0.000100,1.324360e+02,7.79792026
3346,0.000092,1.324177e+02,6.31191099
3347,0.000092,1.324021e+02,5.28077854
3348,0.000098,1.324006e+02,10.43507424
3349,0.000090,1.323771e+02,8.17269768
3350,0.000092,1.323588e+02,6.54708675
3351,0.000092,1.323436e+02,5.40663772
3352,0.000094,1.323302e+02,4.62966254
3353,0.000095,1.323226e+02,8.58784164
3354,0.000094,1.323043e+02,6.81522668
3355,0.000098,1.322893e+02,5.55921212
3356,0.000091,1.322764e+02,4.69345500
3357,0.000093,1.322725e+02,9.04855495
3358,0.000103,1.322539e+02,7.12160154
3359,0.000096,1.322391e+02,5.74417974
3360,0.001447,1.322266e+02,4.78445576
3361,0.000077,1.322154e+02,4.13579411
3362,0.000072,1.322074e+02,7.46979427
3363,0.000083,1.321926e+02,5.96537721
3364,0.000090,1.321804e+02,4.90689156
3365,0.000085,1.321697e+02,4.18381402
3366,0.000088,1.321645e+02,7.86228086
3367,0.000095,1.321495e+02,6.22505607
3368,0.000088,1.321374e+02,5.06310300
3369,0.000089,1.321269e+02,4.26131498
3370,0.000095,1.321246e+02,8.30035103
3371,0.000101,1.321092e+02,6.52408153
3372,0.000100,1.320970e+02,5.25383371
3373,0.000098,1.320868e+02,4.36909347
3374,0.000091,1.320776e+02,3.77240082
3375,0.000091,1.320713e+02,6.86255460
3376,0.000092,1.320589e+02,5.47884992
3377,0.000099,1.320487e+02,4.50680726
3378,0.000103,1.320396e+02,3.84499618
3379,0.000097,1.320353e+02,7.24049587
3380,0.000097,1.320226e+02,5.73756275
3381,0.000099,1.320122e+02,4.67356249
3382,0.000090,1.320032e+02,3.94249132
3383,0.000096,1.320009e+02,7.65788816
3384,0.000093,1.319877e+02,6.02932751
3385,0.000092,1.319771e+02,4.86834362
3386,0.000098,1.319681e+02,4.06368766
3387,0.000093,1.319679e+02,8.11509643
3388,0.000095,1.319539e+02,6.35381257
3389,0.000100,1.319430e+02,5.09037008
3390,0.000091,1.319339e+02,4.20755898
3391,0.000092,1.319258e+02,3.61101424
3392,0.000104,1.319211e+02,6.71109806
3393,0.000092,1.319098e+02,5.33925757
3394,0.000091,1.319004e+02,4.37344139
3395,0.000094,1.318922e+02,3.71491570
3396,0.000100,1.318891e+02,7.10185919
3397,0.000092,1.318772e+02,5.61509871
3398,0.001558,1.318675e+02,4.56107540
3399,0.000079,1.318592e+02,3.83616099
3400,0.000073,1.318577e+02,7.52705779
3401,0.000089,1.318451e+02,5.91833489
3402,0.000091,1.318351e+02,4.77056674
3403,0.000088,1.318267e+02,3.97465155
3404,0.000087,1.318190e+02,3.44195038
3405,0.000094,1.318136e+02,6.24977375
3406,0.000088,1.318031e+02,5.00237750
3407,0.000094,1.317944e+02,4.13062994
3408,0.000094,1.317867e+02,3.54183105
3409,0.000092,1.317824e+02,6.61064230
3410,0.000091,1.317715e+02,5.25729072
3411,0.000096,1.317625e+02,4.30460746
3412,0.000092,1.317546e+02,3.65541875
3413,0.000092,1.317516e+02,7.00232379
3414,0.000092,1.317401e+02,5.53627931
3415,0.000097,1.317307e+02,4.49729397
3416,0.000090,1.317227e+02,3.78324402
3417,0.000096,1.317212e+02,7.42645760
3418,0.000123,1.317089e+02,5.84052839
3419,0.000094,1.316992e+02,4.70957970
3420,0.000091,1.316909e+02,3.92600175
3421,0.000097,1.316834e+02,3.40228217
3422,0.000093,1.316780e+02,6.17138903
3423,0.000092,1.316678e+02,4.94250922
3424,0.000099,1.316593e+02,4.08453017
3425,0.000093,1.316517e+02,3.50586308
3426,0.000093,1.316473e+02,6.53046246
3427,0.000099,1.316366e+02,5.19727809
3428,0.000097,1.316278e+02,4.25976989
3429,0.000093,1.316200e+02,3.62188260
3430,0.000100,1.316169e+02,6.91939547
3431,0.000092,1.316055e+02,5.47515120
3432,0.000092,1.315963e+02,4.45273671
3433,0.000093,1.315883e+02,3.75117649
3434,0.000101,1.315867e+02,7.34000505
3435,0.000092,1.315746e+02,5.77751472
3436,0.001457,1.315649e+02,4.66453473
3437,0.000079,1.315567e+02,3.89465469
3438,0.000072,1.315567e+02,7.79426671
3439,0.000085,1.315437e+02,6.10586881
3440,0.000085,1.315336e+02,4.89634956
3441,0.000085,1.315251e+02,4.05329270
3442,0.000092,1.315176e+02,3.48593754
3443,0.000089,1.315130e+02,6.46181784
3444,0.000090,1.315024e+02,5.14945918
3445,0.000095,1.314936e+02,4.22814601
3446,0.000095,1.314858e+02,3.60268989
3447,0.000095,1.314824e+02,6.84718824
3448,0.000100,1.314712e+02,5.42525059
3449,0.000091,1.314620e+02,4.42032352
3450,0.000100,1.314540e+02,3.73235109
3451,0.000098,1.314520e+02,7.26381303
3452,0.000092,1.314400e+02,5.72514823
3453,0.000095,1.314304e+02,4.63097940
3454,0.000097,1.314221e+02,3.87588493
3455,0.000097,1.314216e+02,7.71368782
3456,0.000098,1.314088e+02,6.05068551
3457,0.000092,1.313987e+02,4.86134019
3458,0.000098,1.313902e+02,4.03431015
3459,0.000091,1.313825e+02,3.47944114
3460,0.000092,1.313776e+02,6.40349307
3461,0.000099,1.313670e+02,5.11271593
3462,0.000094,1.313581e+02,4.20871659
3463,0.000092,1.313503e+02,3.59694693
3464,0.000099,1.313465e+02,6.78541373
3465,0.000092,1.313352e+02,5.38651889
3466,0.000093,1.313259e+02,4.40024272
3467,0.000105,1.313179e+02,3.72722153
3468,0.000105,1.313153e+02,7.19829672
3469,0.000098,1.313033e+02,5.68419599
3470,0.000104,1.312936e+02,4.61006896
3471,0.000107,1.312853e+02,3.87125643
3472,0.000097,1.312841e+02,7.64414896
3473,0.000099,1.312713e+02,6.00729904
3474,0.001381,1.312611e+02,4.83944504
3475,0.000074,1.312525e+02,4.03009595
3476,0.000081,1.312447e+02,3.48943350
3477,0.000085,1.312392e+02,6.35747368
3478,0.000089,1.312284e+02,5.08970092
3479,0.000087,1.312194e+02,4.20485294
3480,0.000087,1.312114e+02,3.60873510
3481,0.000092,1.312069e+02,6.73657317
3482,0.000089,1.311955e+02,5.36226735
3483,0.000093,1.311861e+02,4.39668932
3484,0.000094,1.311778e+02,3.74086631
3485,0.000090,1.311744e+02,7.14645952
3486,0.000094,1.311623e+02,5.65861002
3487,0.000096,1.311524e+02,4.60680868
3488,0.000091,1.311438e+02,3.88684554
3489,0.000095,1.311418e+02,7.58915007
3490,0.000097,1.311288e+02,5.98029779
3491,0.000094,1.311183e+02,4.83648295
3492,0.000101,1.311094e+02,4.04774348
3493,0.000099,1.311089e+02,8.06681291
3494,0.000103,1.310949e+02,6.32900322
3495,0.000092,1.310838e+02,5.08705350
3496,0.000092,1.310745e+02,4.22468226
3497,0.000098,1.310661e+02,3.64760789
3498,0.000095,1.310606e+02,6.70649577
3499,0.000095,1.310488e+02,5.35994741
3500,0.000099,1.310390e+02,4.41885572
3501,0.000092,1.310303e+02,3.78416540
3502,0.000093,1.310258e+02,7.11477683
3503,0.000097,1.310133e+02,5.65670067
3504,0.000098,1.310029e+02,4.63150478
3505,0.000092,1.309938e+02,3.93492147
3506,0.000097,1.309905e+02,7.55584314
3507,0.000092,1.309770e+02,5.97887934
3508,0.000093,1.309661e+02,4.86390807
3509,0.000098,1.309566e+02,4.10095894
3510,0.000096,1.309546e+02,8.03185789
3511,0.001375,1.309400e+02,6.32815724
3512,0.000088,1.309284e+02,5.11741003
3513,0.000147,1.309184e+02,4.28340210
3514,0.000135,1.309179e+02,8.54514195
3515,0.000095,1.309022e+02,6.70631262
3516,0.000091,1.308898e+02,5.39341787
3517,0.000089,1.308792e+02,4.48341018
3518,0.000094,1.308697e+02,3.87635198
3519,0.000094,1.308633e+02,7.11521403
3520,0.000090,1.308500e+02,5.69341395
3521,0.000097,1.308388e+02,4.70219342
3522,0.000097,1.308289e+02,4.03635124
3523,0.000096,1.308234e+02,7.55697578
3524,0.000091,1.308090e+02,6.01897643
3525,0.000100,1.307971e+02,4.94097449
3526,0.000093,1.307866e+02,4.21204069
3527,0.000096,1.307821e+02,8.03366823
3528,0.000107,1.307666e+02,6.37167511
3529,0.000096,1.307539e+02,5.20096463
3530,0.000091,1.307427e+02,4.40437000
3531,0.000097,1.307394e+02,8.54751146
3532,0.000092,1.307226e+02,6.75315152
3533,0.000092,1.307089e+02,5.48338168
3534,0.000097,1.306970e+02,4.61424226
3535,0.000098,1.306952e+02,9.10085437
3536,0.000099,1.306767e+02,7.16510132
3537,0.000093,1.306620e+02,5.78942908
3538,0.000098,1.306494e+02,4.84248453
3539,0.000098,1.306491e+02,9.69616791
3540,0.000098,1.306289e+02,7.60926313
3541,0.000096,1.306130e+02,6.12027717
3542,0.000093,1.305994e+02,5.08981794
3543,0.000090,1.305872e+02,4.40449962
3544,0.000098,1.305789e+02,8.08738610
3545,0.000094,1.305616e+02,6.47706619
3546,0.000094,1.305470e+02,5.35686326
3547,0.000099,1.305340e+02,4.60708600
3548,0.000092,1.305265e+02,8.60144568
3549,0.001385,1.305077e+02,6.86092351
3550,0.000074,1.304920e+02,5.64407088
3551,0.000070,1.304781e+02,4.82439620
3552,0.000089,1.304716e+02,9.15322230
3553,0.000089,1.304511e+02,7.27281818
3554,0.000086,1.304342e+02,5.95169902
3555,0.000087,1.304194e+02,5.05604867
3556,0.000088,1.304142e+02,9.74459887
3557,0.000096,1.303918e+02,7.71370255
3558,0.000090,1.303736e+02,6.27987776
3559,0.000088,1.303577e+02,5.30142432
3560,0.000100,1.303542e+02,10.37756995
3561,0.000093,1.303297e+02,8.18454593
3562,0.000092,1.303101e+02,6.62866263
3563,0.000098,1.302932e+02,5.55973549
3564,0.000098,1.302918e+02,11.05430342
3565,0.000097,1.302651e+02,8.68642077
3566,0.000104,1.302440e+02,6.99814844
3567,0.000094,1.302260e+02,5.83016754
3568,0.000100,1.302097e+02,5.05263111
3569,0.000098,1.301982e+02,9.22060254
3570,0.000092,1.301756e+02,7.38867585
3571,0.000097,1.301565e+02,6.11215159
3572,0.000099,1.301394e+02,5.25433043
3573,0.000096,1.301296e+02,9.78907974
3574,0.000096,1.301053e+02,7.80111318
3575,0.000095,1.300852e+02,6.40559326
3576,0.000101,1.300675e+02,5.45857207
3577,0.000096,1.300599e+02,10.39413897
3578,0.000100,1.300340e+02,8.23691575
3579,0.000102,1.300129e+02,6.71119757
3580,0.000092,1.299945e+02,5.66532036
3581,0.000098,1.299901e+02,11.03897140
3582,0.000100,1.299625e+02,8.69855742
3583,0.000093,1.299404e+02,7.03085730
3584,0.000093,1.299216e+02,5.87590809
3585,0.000104,1.299211e+02,11.72776378
3586,0.000095,1.298917e+02,9.18967601
3587,0.000099,1.298689e+02,7.36786148
3588,0.001512,1.298497e+02,6.09332315
3589,0.000078,1.298326e+02,5.22980591
3590,0.000089,1.298229e+02,9.71502699
3591,0.000091,1.297992e+02,7.72693910
3592,0.000094,1.297797e+02,6.32231494
3593,0.000090,1.297628e+02,5.35871901
3594,0.000104,1.297569e+02,10.28072530
3595,0.000095,1.297323e+02,8.11410831
3596,0.000098,1.297127e+02,6.56907902
3597,0.000108,1.296960e+02,5.49636594
3598,0.000104,1.296946e+02,10.89310607
3599,0.000099,1.296692e+02,8.53592201
3600,0.000106,1.296493e+02,6.84063694
3601,0.000097,1.296328e+02,5.65025496
3602,0.000090,1.296182e+02,4.83863991
3603,0.000101,1.296102e+02,8.99903053
3604,0.000098,1.295901e+02,7.14416941
3605,0.000091,1.295737e+02,5.82820188
3606,0.000095,1.295596e+02,4.91976339
3607,0.000097,1.295557e+02,9.50995194
3608,0.000092,1.295352e+02,7.48635119
3609,0.000099,1.295190e+02,6.03738643
3610,0.000093,1.295052e+02,5.02559262
3611,0.000090,1.294930e+02,4.33980942
3612,0.000093,1.294846e+02,7.87249926
3613,0.000098,1.294683e+02,6.28355937
3614,0.000099,1.294549e+02,5.16242836
3615,0.000092,1.294432e+02,4.39367642
3616,0.000098,1.294380e+02,8.30684024
3617,0.000091,1.294216e+02,6.57089401
3618,0.000090,1.294083e+02,5.33472034
3619,0.000096,1.293970e+02,4.47784340
3620,0.000093,1.293952e+02,8.79215812
3621,0.000094,1.293783e+02,6.90187181
3622,0.000099,1.293650e+02,5.54498886
3623,0.000093,1.293539e+02,4.59504047
3624,0.000094,1.293440e+02,3.95014003
3625,0.000106,1.293380e+02,7.27777829
3626,0.001398,1.293245e+02,5.79427035
3627,0.000083,1.293134e+02,4.74630861
3628,0.000086,1.293038e+02,4.02765098
3629,0.000085,1.293002e+02,7.69942360
3630,0.000090,1.292863e+02,6.08274666
3631,0.000087,1.292752e+02,4.93156092
3632,0.000087,1.292656e+02,4.13452243
3633,0.000181,1.292645e+02,8.16725692
3634,0.000131,1.292501e+02,6.41015233
3635,0.000095,1.292387e+02,5.15012923
3636,0.000099,1.292291e+02,4.26991525
3637,0.000096,1.292206e+02,3.67484794
3638,0.000093,1.292153e+02,6.77629116
3639,0.000092,1.292036e+02,5.40130494
3640,0.000098,1.291939e+02,4.43284876
3641,0.000090,1.291854e+02,3.77187700
3642,0.000091,1.291819e+02,7.18145383
3643,0.000096,1.291696e+02,5.68469425
3644,0.000091,1.291597e+02,4.62253529
3645,0.000091,1.291511e+02,3.89094494
3646,0.000096,1.291495e+02,7.62626046
3647,0.000092,1.291366e+02,6.00026535
3648,0.000092,1.291263e+02,4.83853328
3649,0.000099,1.291176e+02,4.03137861
3650,0.000092,1.291098e+02,3.48971239
3651,0.000092,1.291043e+02,6.34845946
3652,0.000094,1.290936e+02,5.08084904
3653,0.000099,1.290847e+02,4.19292219
3654,0.000092,1.290768e+02,3.59137155
3655,0.000103,1.290726e+02,6.73028111
3656,0.000105,1.290614e+02,5.34994697
3657,0.000118,1.290522e+02,4.37571546
3658,0.000129,1.290441e+02,3.70958518
3659,0.000113,1.290415e+02,7.14703238
3660,0.000199,1.290296e+02,5.64662021
3661,0.000130,1.290201e+02,4.58022926
3662,0.000106,1.290118e+02,3.84461683
3663,0.000101,1.290108e+02,7.60039677
3664,0.001418,1.289982e+02,5.97199850
3665,0.000076,1.289883e+02,4.80723465
3666,0.000071,1.289798e+02,3.99700893
3667,0.000085,1.289722e+02,3.45284050
3668,0.000084,1.289672e+02,6.32748155
3669,0.000085,1.289567e+02,5.05775738
3670,0.000092,1.289480e+02,4.16754266
3671,0.000087,1.289403e+02,3.56401004
3672,0.000089,1.289365e+02,6.71480607
3673,0.000096,1.289254e+02,5.33305379
3674,0.000090,1.289164e+02,4.35717469
3675,0.000088,1.289085e+02,3.68953711
3676,0.000096,1.289061e+02,7.13581930
3677,0.000092,1.288944e+02,5.63451073
3678,0.000097,1.288849e+02,4.56699321
3679,0.000097,1.288768e+02,3.83030216
3680,0.000093,1.288760e+02,7.59259669
3681,0.000093,1.288635e+02,5.96368742
3682,0.000102,1.288536e+02,4.79821914
3683,0.000092,1.288452e+02,3.98729946
3684,0.000090,1.288377e+02,3.44264282
3685,0.000092,1.288328e+02,6.32229060
3686,0.000098,1.288224e+02,5.05220091
3687,0.000092,1.288137e+02,4.16163522
3688,0.000097,1.288061e+02,3.55790394
3689,0.000098,1.288023e+02,6.71227054
3690,0.000093,1.287913e+02,5.33042139
3691,0.000093,1.287823e+02,4.35449575
3692,0.000099,1.287744e+02,3.68694826
3693,0.000095,1.287721e+02,7.13562807
3694,0.000093,1.287603e+02,5.63442994
3695,0.000099,1.287509e+02,4.56713380
3696,0.000093,1.287428e+02,3.83081728
3697,0.000093,1.287420e+02,7.59455015
3698,0.000104,1.287295e+02,5.96590361
3699,0.000093,1.287196e+02,4.80088964
3700,0.000094,1.287112e+02,3.99062175
3701,0.000104,1.287037e+02,3.44677870
3702,0.000096,1.286987e+02,6.32663749
3703,0.001485,1.286883e+02,5.05720089
3704,0.000107,1.286796e+02,4.16755458
3705,0.000069,1.286718e+02,3.56493362
3706,0.000089,1.286680e+02,6.71864911
3707,0.000085,1.286569e+02,5.33761856
3708,0.000091,1.286479e+02,4.36286833
3709,0.000088,1.286399e+02,3.69674290
3710,0.000089,1.286374e+02,7.14399427
3711,0.000093,1.286256e+02,5.64374722
3712,0.000089,1.286161e+02,4.57786921
3713,0.000090,1.286080e+02,3.84329889
3714,0.000109,1.286070e+02,7.60490627
3715,0.000137,1.285943e+02,5.97731030
3716,0.000167,1.285844e+02,4.81394232
3717,0.000110,1.285759e+02,4.00575489
3718,0.000099,1.285682e+02,3.46417992
3719,0.000093,1.285630e+02,6.34014341
3720,0.000098,1.285525e+02,5.07256450
3721,0.000091,1.285436e+02,4.18534092
3722,0.000096,1.285358e+02,3.58542090
3723,0.000097,1.285317e+02,6.73430094
3724,0.000091,1.285205e+02,5.35532249
3725,0.000091,1.285113e+02,4.38334348
3726,0.000300,1.285032e+02,3.72038803
3727,0.000103,1.285004e+02,7.16187345
3728,0.000094,1.284884e+02,5.66385459
3729,0.000092,1.284787e+02,4.60110087
3730,0.000097,1.284704e+02,3.87020503
3731,0.000093,1.284690e+02,7.62512785
3732,0.000094,1.284562e+02,5.99991676
3733,0.000097,1.284460e+02,4.84002936
3734,0.000107,1.284373e+02,4.03605559
3735,0.000097,1.284294e+02,3.49891177
3736,0.000097,1.284238e+02,6.36537611
3737,0.000098,1.284130e+02,5.10163610
3738,0.000093,1.284039e+02,4.21919927
3739,0.000100,1.283958e+02,3.62444326
3740,0.000095,1.283912e+02,6.76231949
3741,0.000098,1.283797e+02,5.38753904
3742,0.001399,1.283702e+02,4.42095278
3743,0.000072,1.283618e+02,3.76396887
3744,0.000074,1.283584e+02,7.19287004
3745,0.000093,1.283461e+02,5.69940770
3746,0.000087,1.283361e+02,4.64268455
3747,0.000091,1.283274e+02,3.91864358
3748,0.000089,1.283254e+02,7.65932779
3749,0.000089,1.283121e+02,6.03902954
3750,0.000093,1.283015e+02,4.88584085
3751,0.000089,1.282924e+02,4.08968132
3752,0.000092,1.282920e+02,8.16416871
3753,0.000096,1.282777e+02,6.40831287
3754,0.000090,1.282665e+02,5.15194835
3755,0.000097,1.282569e+02,4.27835432
3756,0.000096,1.282484e+02,3.69288079
3757,0.000094,1.282429e+02,6.80928387
3758,0.000092,1.282308e+02,5.44263269
3759,0.000091,1.282208e+02,4.48601436
3760,0.000105,1.282119e+02,3.83973499
3761,0.000099,1.282075e+02,7.24421936
3762,0.000091,1.281946e+02,5.75964029
3763,0.000097,1.281839e+02,4.71406652
3764,0.000092,1.281746e+02,4.00227733
3765,0.000093,1.281714e+02,7.71541705
3766,0.000104,1.281575e+02,6.10476324
3767,0.000095,1.281462e+02,4.96396140
3768,0.000092,1.281364e+02,4.18172339
3769,0.000098,1.281347e+02,8.22536595
3770,0.000090,1.281196e+02,6.47991698
3771,0.000093,1.281075e+02,5.23722277
3772,0.000097,1.280972e+02,4.37933067
3773,0.000092,1.280971e+02,8.77673988
3774,0.000092,1.280806e+02,6.88713805
3775,0.000099,1.280677e+02,5.53544438
3776,0.000098,1.280568e+02,4.59639068
3777,0.000093,1.280469e+02,3.96834082
3778,0.000096,1.280406e+02,7.32857250
3779,0.000099,1.280267e+02,5.86030465
3780,0.001467,1.280150e+02,4.83424566
3781,0.000075,1.280046e+02,4.14310492
3782,0.000083,1.279993e+02,7.80663330
3783,0.000085,1.279842e+02,6.21358360
3784,0.000086,1.279717e+02,5.09424328
3785,0.000091,1.279607e+02,4.33514844
3786,0.000089,1.279565e+02,8.32370387
3787,0.000087,1.279401e+02,6.59705741
3788,0.000093,1.279267e+02,5.37771313
3789,0.000088,1.279150e+02,4.54546478
3790,0.000089,1.279121e+02,8.88233896
3791,0.000095,1.278942e+02,7.01258106
3792,0.000091,1.278797e+02,5.68598397
3793,0.000091,1.278672e+02,4.77497890
3794,0.000092,1.278660e+02,9.48524500
3795,0.000098,1.278463e+02,7.46207141
3796,0.000093,1.278307e+02,6.02036299
3797,0.000092,1.278173e+02,5.02451691
3798,0.000106,1.278051e+02,4.36377413
3799,0.000098,1.277962e+02,7.94747928
3800,0.000092,1.277792e+02,6.38213907
3801,0.000097,1.277648e+02,5.29481021
3802,0.000091,1.277519e+02,4.56839115
3803,0.000095,1.277438e+02,8.47098017
3804,0.000099,1.277253e+02,6.77259755
3805,0.000093,1.277098e+02,5.58643246
3806,0.000092,1.276959e+02,4.78853131
3807,0.000099,1.276889e+02,9.03460781
3808,0.000095,1.276687e+02,7.19289701
3809,0.000093,1.276519e+02,5.89978450
3810,0.000098,1.276371e+02,5.02391831
3811,0.000092,1.276314e+02,9.64052268
3812,0.000092,1.276093e+02,7.64420091
3813,0.000093,1.275913e+02,6.23515823
3814,0.000098,1.275754e+02,5.27405546
3815,0.000092,1.275714e+02,10.29103061
3816,0.000096,1.275472e+02,8.12771907
3817,0.000099,1.275278e+02,6.59279733
3818,0.001425,1.275109e+02,5.53830144
3819,0.000077,1.275091e+02,10.98865114
3820,0.000072,1.274826e+02,8.64480024
3821,0.000090,1.274616e+02,6.97301786
3822,0.000091,1.274437e+02,5.81601923
3823,0.000090,1.274274e+02,5.04543872
3824,0.000088,1.274158e+02,9.19704337
3825,0.000093,1.273932e+02,7.37642188
3826,0.000089,1.273741e+02,6.10685491
3827,0.000089,1.273571e+02,5.25295684
3828,0.000096,1.273472e+02,9.78678279
3829,0.000092,1.273230e+02,7.80417410
3830,0.000091,1.273029e+02,6.41097083
3831,0.000095,1.272851e+02,5.46433057
3832,0.000092,1.272777e+02,10.41672024
3833,0.000092,1.272517e+02,8.25807943
3834,0.000092,1.272306e+02,6.72937589
3835,0.000097,1.272122e+02,5.67978879
3836,0.000091,1.272080e+02,11.09049894
3837,0.000097,1.271803e+02,8.74099624
3838,0.000097,1.271582e+02,7.06430319
3839,0.000092,1.271394e+02,5.90096972
3840,0.000092,1.271393e+02,11.81279113
3841,0.000098,1.271098e+02,9.25697308
3842,0.000093,1.270868e+02,7.41940649
3843,0.000097,1.270675e+02,6.13119526
3844,0.000106,1.270504e+02,5.25626955
3845,0.000103,1.270411e+02,9.81119596
3846,0.000100,1.270172e+02,7.79979010
3847,0.000113,1.269977e+02,6.37555965
3848,0.000093,1.269807e+02,5.39590914
3849,0.000094,1.269754e+02,10.41019494
3850,0.000097,1.269506e+02,8.21182599
3851,0.000093,1.269308e+02,6.64058135
3852,0.000092,1.269140e+02,5.54659851
3853,0.000096,1.269135e+02,11.06072423
3854,0.000100,1.268877e+02,8.66239945
3855,0.000093,1.268676e+02,6.93356819
3856,0.001409,1.268509e+02,5.71611649
3857,0.000081,1.268363e+02,4.88324787
3858,0.000083,1.268290e+02,9.15846955
3859,0.000086,1.268086e+02,7.26194368
3860,0.000089,1.267921e+02,5.91249613
3861,0.000086,1.267778e+02,4.97767508
3862,0.000089,1.267748e+02,9.70684019
3863,0.000090,1.267539e+02,7.63257866
3864,0.000098,1.267374e+02,6.14306922
3865,0.000096,1.267236e+02,5.09923375
3866,0.000099,1.267113e+02,4.38887724
3867,0.000097,1.267036e+02,8.05097846
3868,0.000094,1.266870e+02,6.41370619
3869,0.000090,1.266734e+02,5.25432136
3870,0.000096,1.266616e+02,4.45596472
3871,0.000093,1.266573e+02,8.52157366
3872,0.000094,1.266405e+02,6.72869030
3873,0.000104,1.266270e+02,5.44745080
3874,0.000090,1.266155e+02,4.55545498
3875,0.000093,1.266148e+02,9.04739947
3876,0.000098,1.265974e+02,7.09064443
3877,0.000092,1.265838e+02,5.68121465
3878,0.000092,1.265725e+02,4.69012621
3879,0.000097,1.265626e+02,4.01385600
3880,0.000093,1.265573e+02,7.50105730
3881,0.000094,1.265435e+02,5.95676610
3882,0.000093,1.265322e+02,4.86109022
3883,0.000097,1.265224e+02,4.10571379
3884,0.000093,1.265198e+02,7.96101266
3885,0.000097,1.265055e+02,6.27445840
3886,0.000098,1.264941e+02,5.06836625
3887,0.000092,1.264844e+02,4.22878556
3888,0.000090,1.264757e+02,3.66319047
3889,0.000099,1.264694e+02,6.63423581
3890,0.000095,1.264577e+02,5.31144472
3891,0.000092,1.264480e+02,4.38235848
3892,0.000099,1.264393e+02,3.75021364
3893,0.000092,1.264349e+02,7.03631628
3894,0.001488,1.264228e+02,5.58986447
3895,0.000108,1.264128e+02,4.56560890
3896,0.000083,1.264042e+02,3.86194264
3897,0.000101,1.264017e+02,7.48118996
3898,0.000097,1.263890e+02,5.90341645
3899,0.000100,1.263788e+02,4.77790910
3900,0.000094,1.263700e+02,3.99752434
3901,0.000096,1.263696e+02,7.96988847
3902,0.000096,1.263561e+02,6.25236824
3903,0.000099,1.263455e+02,5.01903798
3904,0.000104,1.263366e+02,4.15645942
3905,0.000097,1.263286e+02,3.57307332
3906,0.000097,1.263240e+02,6.63748306
3907,0.000099,1.263129e+02,5.28924455
3908,0.000094,1.263037e+02,4.33868353
3909,0.000092,1.262956e+02,3.68957038
3910,0.000095,1.262925e+02,7.06011918
3911,0.000101,1.262808e+02,5.58925485
3912,0.000093,1.262713e+02,4.54453746
3913,0.000097,1.262631e+02,3.82449453
3914,0.000099,1.262617e+02,7.52195033
3915,0.000095,1.262492e+02,5.92014054
3916,0.000097,1.262393e+02,4.77470573
3917,0.000100,1.262308e+02,3.97828559
3918,0.000094,1.262232e+02,3.44361555
3919,0.000096,1.262180e+02,6.28332343
3920,0.000102,1.262076e+02,5.03019674
3921,0.000095,1.261989e+02,4.15168490
3922,0.000095,1.261911e+02,3.55611840
3923,0.000101,1.261872e+02,6.68061965
3924,0.000096,1.261762e+02,5.31230576
3925,0.000094,1.261671e+02,4.34566332
3926,0.000098,1.261592e+02,3.68413859
3927,0.000095,1.261567e+02,7.11401722
3928,0.000098,1.261450e+02,5.62250945
3929,0.000096,1.261356e+02,4.56136743
3930,0.000102,1.261275e+02,3.82859393
3931,0.000096,1.261267e+02,7.58577554
3932,0.001498,1.261141e+02,5.96249502
3933,0.000088,1.261043e+02,4.80011051
3934,0.000098,1.260959e+02,3.99054792
3935,0.000092,1.260884e+02,3.44614079
3936,0.000097,1.260835e+02,6.33413157
3937,0.000093,1.260731e+02,5.06336155
3938,0.000091,1.260644e+02,4.17120080
3939,0.000091,1.260567e+02,3.56544955
3940,0.000097,1.260531e+02,6.73955707
3941,0.000093,1.260420e+02,5.35274641
3942,0.000099,1.260330e+02,4.37185289
3943,0.000095,1.260251e+02,3.69965807
3944,0.000094,1.260229e+02,7.18099383
3945,0.000094,1.260111e+02,5.66998154
3946,0.000123,1.260017e+02,4.59388883
3947,0.000094,1.259935e+02,3.84991579
3948,0.000095,1.259930e+02,7.66087740
3949,0.000099,1.259803e+02,6.01693156
3950,0.000094,1.259704e+02,4.83879605
3951,0.000095,1.259620e+02,4.01745408
3952,0.000098,1.259544e+02,3.46458571
3953,0.000095,1.259497e+02,6.39560178
3954,0.000100,1.259392e+02,5.10817537
3955,0.000101,1.259304e+02,4.20359859
3956,0.000094,1.259227e+02,3.58891267
3957,0.000095,1.259192e+02,6.80824013
3958,0.000097,1.259080e+02,5.40375545
3959,0.000102,1.258989e+02,4.40974497
3960,0.000095,1.258909e+02,3.72811814
3961,0.000101,1.258889e+02,7.25715919
3962,0.000100,1.258769e+02,5.72733641
3963,0.000096,1.258673e+02,4.63735434
3964,0.000093,1.258591e+02,3.88342256
3965,0.000099,1.258587e+02,7.74487497
3966,0.000097,1.258458e+02,6.08085552
3967,0.000096,1.258357e+02,4.88797897
3968,0.000103,1.258272e+02,4.05611606
3969,0.000094,1.258195e+02,3.49608565
3970,0.000098,1.258148e+02,6.46638405
3971,0.001750,1.258041e+02,5.16327791
3972,0.000120,1.257952e+02,4.24757595
3973,0.000088,1.257873e+02,3.62535618
3974,0.000111,1.257838e+02,6.88623474
3975,0.000105,1.257724e+02,5.46503437
3976,0.000099,1.257631e+02,4.45924442
3977,0.000146,1.257550e+02,3.76970356
3978,0.000117,1.257529e+02,7.34278027
3979,0.000113,1.257406e+02,5.79509984
3980,0.000113,1.257308e+02,4.69262648
3981,0.000094,1.257224e+02,3.93038802
3982,0.000100,1.257220e+02,7.83859766
3983,0.000094,1.257088e+02,6.15546306
3984,0.000093,1.256984e+02,4.94931765
3985,0.000099,1.256897e+02,4.10873781
3986,0.000093,1.256818e+02,3.54343576
3987,0.000095,1.256769e+02,6.54824710
3988,0.000100,1.256658e+02,5.23102089
3989,0.000096,1.256567e+02,4.30616844
3990,0.000100,1.256485e+02,3.67855176
3991,0.000100,1.256448e+02,6.97582155
3992,0.000096,1.256330e+02,5.53956543
3993,0.000097,1.256234e+02,4.52416053
3994,0.000097,1.256150e+02,3.82911838
3995,0.000095,1.256127e+02,7.44061439
3996,0.000097,1.256000e+02,5.87684893
3997,0.000095,1.255898e+02,4.76425799
3998,0.000102,1.255811e+02,3.99643181
3999,0.000096,1.255804e+02,7.94526149
4000,0.000096,1.255667e+02,6.24490877
4001,0.000101,1.255559e+02,5.02809674
4002,0.000098,1.255467e+02,4.18185629
4003,0.000095,1.255385e+02,3.61443369
4004,0.000101,1.255330e+02,6.64591818
4005,0.000097,1.255215e+02,5.31742151
4006,0.000097,1.255119e+02,4.38684330
4007,0.000102,1.255033e+02,3.75744803
4008,0.000096,1.254990e+02,7.08230326
4009,0.001504,1.254867e+02,5.63410588
4010,0.000087,1.254765e+02,4.61290910
4011,0.000088,1.254676e+02,3.91649889
4012,0.000092,1.254646e+02,7.55654634
4013,0.000097,1.254513e+02,5.98009059
4014,0.000094,1.254406e+02,4.86163099
4015,0.000090,1.254312e+02,4.09291092
4016,0.000092,1.254297e+02,8.07133980
4017,0.000096,1.254153e+02,6.35745596
4018,0.000092,1.254038e+02,5.13467533
4019,0.000098,1.253940e+02,4.28806968
4020,0.000097,1.253851e+02,3.72383268
4021,0.000096,1.253786e+02,6.76841458
4022,0.000092,1.253663e+02,5.43381130
4023,0.000099,1.253559e+02,4.50343726
4024,0.000094,1.253466e+02,3.87832213
4025,0.000106,1.253411e+02,7.21543254
4026,0.000169,1.253279e+02,5.76093007
4027,0.000278,1.253168e+02,4.74052603
4028,0.000119,1.253070e+02,4.04959945
4029,0.000108,1.253027e+02,7.70102013
4030,0.000105,1.252883e+02,6.11797457
4031,0.000097,1.252766e+02,5.00088708
4032,0.000100,1.252662e+02,4.23893625
4033,0.000095,1.252632e+02,8.22788691
4034,0.000092,1.252476e+02,6.50700841
4035,0.000092,1.252350e+02,5.28613114
4036,0.000095,1.252240e+02,4.44762137
4037,0.000093,1.252225e+02,8.79893627
4038,0.000102,1.252055e+02,6.93021182
4039,0.000097,1.251919e+02,5.59792063
4040,0.000092,1.251802e+02,4.67694472
4041,0.000089,1.251696e+02,4.06501679
4042,0.000098,1.251618e+02,7.38986824
4043,0.000093,1.251471e+02,5.93797813
4044,0.000092,1.251346e+02,4.92820409
4045,0.000099,1.251234e+02,4.25238058
4046,0.000092,1.251164e+02,7.88851042
4047,0.000095,1.251004e+02,6.30809655
4048,0.001501,1.250870e+02,5.20265299
4049,0.000075,1.250750e+02,4.45759078
4050,0.000082,1.250691e+02,8.42863821
4051,0.000085,1.250516e+02,6.71003528
4052,0.000086,1.250372e+02,5.50147106
4053,0.000091,1.250244e+02,4.68135537
4054,0.000089,1.250198e+02,9.01290803
4055,0.000092,1.250006e+02,7.14559666
4056,0.000093,1.249850e+02,5.82577750
4057,0.000089,1.249713e+02,4.92422695
4058,0.000092,1.249682e+02,9.64411954
4059,0.000097,1.249471e+02,7.61661560
4060,0.000093,1.249301e+02,6.17661763
4061,0.000090,1.249154e+02,5.18658083
4062,0.000092,1.249142e+02,10.32522489
4063,0.000099,1.248910e+02,8.12496786
4064,0.000093,1.248726e+02,6.55496859
4065,0.000105,1.248568e+02,5.46861535
4066,0.000102,1.248425e+02,4.74616233
4067,0.000098,1.248323e+02,8.67257827
4068,0.000093,1.248122e+02,6.96179866
4069,0.000099,1.247953e+02,5.77042809
4070,0.000091,1.247800e+02,4.97164350
4071,0.000092,1.247710e+02,9.26170905
4072,0.000098,1.247492e+02,7.39815993
4073,0.000094,1.247309e+02,6.09203867
4074,0.000091,1.247147e+02,5.20892074
4075,0.000099,1.247073e+02,9.89459910
4076,0.000101,1.246835e+02,7.86515764
4077,0.000095,1.246640e+02,6.43352833
4078,0.000096,1.246468e+02,5.45711300
4079,0.000091,1.246415e+02,10.57389811
4080,0.000093,1.246157e+02,8.36425220
4081,0.000092,1.245948e+02,6.79530289
4082,0.000097,1.245767e+02,5.71563698
4083,0.000092,1.245742e+02,11.30280152
4084,0.000096,1.245462e+02,8.89745825
4085,0.000099,1.245239e+02,7.17836182
4086,0.000105,1.245049e+02,5.98454858
4087,0.000092,1.244877e+02,5.18483342
4088,0.001593,1.244758e+02,9.46754222
4089,0.000079,1.244521e+02,7.58462831
4090,0.000074,1.244323e+02,6.26497432
4091,0.000092,1.244146e+02,5.37044174
4092,0.000091,1.244054e+02,10.07853870
4093,0.000088,1.243803e+02,8.01725253
4094,0.000088,1.243598e+02,6.55938320
4095,0.000092,1.243418e+02,5.55933436
4096,0.000089,1.243361e+02,10.73526995
4097,0.000096,1.243096e+02,8.48055848
4098,0.000094,1.242883e+02,6.87177099
4099,0.000090,1.242701e+02,5.75517203
4100,0.000091,1.242690e+02,11.44371703
4101,0.000097,1.242409e+02,8.98017501
4102,0.000092,1.242190e+02,7.20768379
4103,0.000094,1.242007e+02,5.96346988
4104,0.000096,1.241844e+02,5.11632616
4105,0.000092,1.241753e+02,9.52271254
4106,0.000092,1.241528e+02,7.57390817
4107,0.000103,1.241344e+02,6.19129054
4108,0.000097,1.241183e+02,5.23741869
4109,0.000095,1.241136e+02,10.11567019
4110,0.000091,1.240903e+02,7.97796596
4111,0.000098,1.240718e+02,6.44652202
4112,0.000094,1.240561e+02,5.37679835
4113,0.000092,1.240420e+02,4.65156585
4114,0.000100,1.240321e+02,8.42714386
4115,0.000094,1.240134e+02,6.73697705
4116,0.000093,1.239980e+02,5.54287383
4117,0.000099,1.239844e+02,4.72266273
4118,0.000099,1.239784e+02,8.92834836
4119,0.000092,1.239594e+02,7.06974528
4120,0.000097,1.239441e+02,5.74323664
4121,0.000092,1.239310e+02,4.82088937
4122,0.000094,1.239292e+02,9.48723180
4123,0.000101,1.239097e+02,7.45045881
4124,0.000095,1.238944e+02,5.98387533
4125,0.000096,1.238816e+02,4.95271113
4126,0.000096,1.238703e+02,4.24854655
4127,0.001428,1.238639e+02,7.88325907
4128,0.000072,1.238484e+02,6.26897117
4129,0.000085,1.238358e+02,5.12261028
4130,0.000084,1.238248e+02,4.33084046
4131,0.000089,1.238217e+02,8.37123525
4132,0.000088,1.238058e+02,6.60113497
4133,0.000088,1.237932e+02,5.33315055
4134,0.000092,1.237824e+02,4.44808854
4135,0.000088,1.237728e+02,3.84929303
4136,0.000094,1.237661e+02,6.98169065
4137,0.000091,1.237532e+02,5.58537502
4138,0.000096,1.237425e+02,4.60131632
4139,0.000089,1.237332e+02,3.92848026
4140,0.000091,1.237287e+02,7.41153481
4141,0.000097,1.237155e+02,5.87952885
4142,0.000097,1.237047e+02,4.79049365
4143,0.000090,1.236954e+02,4.03828731
4144,0.000097,1.236935e+02,7.89135246
4145,0.000092,1.236796e+02,6.21551953
4146,0.000102,1.236686e+02,5.01510211
4147,0.000099,1.236593e+02,4.17800818
4148,0.000090,1.236509e+02,3.61328238
4149,0.000092,1.236452e+02,6.59341702
4150,0.000099,1.236338e+02,5.27466130
4151,0.000095,1.236243e+02,4.34687318
4152,0.000094,1.236160e+02,3.71461740
4153,0.000107,1.236120e+02,7.01382857
4154,0.000140,1.236001e+02,5.56905902
4155,0.000217,1.235904e+02,4.54436111
4156,0.000131,1.235819e+02,3.83920459
4157,0.000103,1.235798e+02,7.47778662
4158,0.000096,1.235672e+02,5.89860792
4159,0.000096,1.235571e+02,4.77034052
4160,0.000100,1.235485e+02,3.98665629
4161,0.000096,1.235485e+02,7.98690726
4162,0.000092,1.235351e+02,6.26414569
4163,0.000100,1.235246e+02,5.02514564
4164,0.000097,1.235157e+02,4.15700729
4165,0.001479,1.235079e+02,3.56869002
4166,0.000078,1.235036e+02,6.66699242
4167,0.000087,1.234925e+02,5.30956578
4168,0.000088,1.234834e+02,4.35071504
4169,0.000091,1.234754e+02,3.69451171
4170,0.000101,1.234726e+02,7.10901298
4171,0.000095,1.234608e+02,5.62481292
4172,0.000098,1.234513e+02,4.56858779
4173,0.000098,1.234432e+02,3.83891996
4174,0.000094,1.234422e+02,7.59235017
4175,0.000094,1.234296e+02,5.97239299
4176,0.000099,1.234196e+02,4.81171871
4177,0.000093,1.234112e+02,4.00274035
4178,0.000094,1.234036e+02,3.45813594
4179,0.000095,1.233987e+02,6.35411801
4180,0.000113,1.233882e+02,5.08147260
4181,0.000096,1.233795e+02,4.18704452
4182,0.000096,1.233718e+02,3.57889238
4183,0.000103,1.233681e+02,6.77215953
4184,0.000107,1.233570e+02,5.37945875
4185,0.000097,1.233479e+02,4.39308749
4186,0.000100,1.233400e+02,3.71596448
4187,0.000096,1.233379e+02,7.22884787
4188,0.000097,1.233261e+02,5.70744429
4189,0.000103,1.233166e+02,4.62227003
4190,0.000094,1.233084e+02,3.87049816
4191,0.000096,1.233081e+02,7.72678252
4192,0.000104,1.232953e+02,6.06739539
4193,0.000098,1.232853e+02,4.87614148
4194,0.000110,1.232769e+02,4.04376361
4195,0.000101,1.232693e+02,3.48186405
4196,0.000101,1.232648e+02,6.46146122
4197,0.000096,1.232542e+02,5.15640084
4198,0.000096,1.232454e+02,4.23715734
4199,0.000102,1.232377e+02,3.61053228
4200,0.000102,1.232345e+02,6.89206828
4201,0.000105,1.232233e+02,5.46490381
4202,0.000101,1.232141e+02,4.45216996
4203,0.001484,1.232061e+02,3.75532839
4204,0.000086,1.232045e+02,7.36174216
4205,0.000089,1.231924e+02,5.80360422
4206,0.000095,1.231828e+02,4.69037825
4207,0.000104,1.231745e+02,3.91756494
4208,0.000100,1.231671e+02,3.39995920
4209,0.000102,1.231617e+02,6.17461112
4210,0.000096,1.231515e+02,4.95347782
4211,0.000097,1.231430e+02,4.09865264
4212,0.000093,1.231353e+02,3.52042481
4213,0.000099,1.231311e+02,6.58027282
4214,0.000112,1.231203e+02,5.24329508
4215,0.000104,1.231114e+02,4.30007960
4216,0.000095,1.231035e+02,3.65594104
4217,0.000101,1.231007e+02,7.02302982
4218,0.000095,1.230891e+02,5.56174099
4219,0.000095,1.230798e+02,4.52340662
4220,0.000100,1.230717e+02,3.80781253
4221,0.000096,1.230704e+02,7.50553443
4222,0.000098,1.230580e+02,5.91086874
4223,0.000101,1.230481e+02,4.77028974
4224,0.000095,1.230397e+02,3.97741943
4225,0.000095,1.230321e+02,3.44565988
4226,0.000102,1.230269e+02,6.29287467
4227,0.000097,1.230164e+02,5.04249560
4228,0.000095,1.230077e+02,4.16623249
4229,0.000095,1.229999e+02,3.57282955
4230,0.000099,1.229958e+02,6.71019460
4231,0.000097,1.229847e+02,5.34191869
4232,0.000100,1.229755e+02,4.37579464
4233,0.000101,1.229674e+02,3.71542199
4234,0.000098,1.229647e+02,7.16535150
4235,0.000094,1.229528e+02,5.67053563
4236,0.000103,1.229432e+02,4.60771940
4237,0.000097,1.229348e+02,3.87478871
4238,0.000097,1.229338e+02,7.66108368
4239,0.000101,1.229209e+02,6.03046744
4240,0.000097,1.229107e+02,4.86371618
4241,0.000097,1.229020e+02,4.05235534
4242,0.001478,1.228942e+02,3.50812930
4243,0.000082,1.228889e+02,6.42398088
4244,0.000091,1.228780e+02,5.14560746
4245,0.000091,1.228690e+02,4.24963896
4246,0.000094,1.228609e+02,3.64299708
4247,0.000095,1.228567e+02,6.85359097
4248,0.000098,1.228452e+02,5.45534740
4249,0.000094,1.228356e+02,4.46822923
4250,0.000090,1.228272e+02,3.79383555
4251,0.000098,1.228245e+02,7.32189849
4252,0.000093,1.228120e+02,5.79497326
4253,0.000094,1.228019e+02,4.70978736
4254,0.000096,1.227932e+02,3.96203866
4255,0.000094,1.227920e+02,7.83172591
4256,0.000095,1.227786e+02,6.16667134
4257,0.000104,1.227679e+02,4.97607309
4258,0.000094,1.227588e+02,4.14907440
4259,0.000095,1.227505e+02,3.59538001
4260,0.000099,1.227448e+02,6.57277717
4261,0.000100,1.227334e+02,5.26896226
4262,0.000096,1.227238e+02,4.35650289
4263,0.000100,1.227153e+02,3.74009063
4264,0.000095,1.227107e+02,7.01588482
4265,0.000093,1.226985e+02,5.59046655
4266,0.000097,1.226883e+02,4.58595628
4267,0.000100,1.226794e+02,3.90152583
4268,0.000096,1.226761e+02,7.49867157
4269,0.000097,1.226629e+02,5.94267994
4270,0.000133,1.226522e+02,4.83913616
4271,0.000142,1.226428e+02,4.08111131
4272,0.000097,1.226411e+02,8.02404126
4273,0.000105,1.226268e+02,6.32784704
4274,0.000104,1.226153e+02,5.11784038
4275,0.000096,1.226055e+02,4.28033895
4276,0.000105,1.225965e+02,3.72239702
4277,0.000103,1.225899e+02,6.74835999
4278,0.000105,1.225776e+02,5.42397816
4279,0.000107,1.225672e+02,4.50078206
4280,0.000104,1.225578e+02,3.88057135
4281,0.001488,1.225522e+02,7.20687324
4282,0.000078,1.225389e+02,5.75958842
4283,0.000076,1.225278e+02,4.74407013
4284,0.000093,1.225180e+02,4.05635842
4285,0.000093,1.225135e+02,7.70611139
4286,0.000093,1.224991e+02,6.12677658
4287,0.000097,1.224873e+02,5.01187890
4288,0.000092,1.224769e+02,4.25112439
4289,0.000093,1.224738e+02,8.24901682
4290,0.000098,1.224581e+02,6.52778072
4291,0.000094,1.224454e+02,5.30595042
4292,0.000090,1.224343e+02,4.46625555
4293,0.000099,1.224328e+02,8.83874783
4294,0.000095,1.224156e+02,6.96497000
4295,0.000095,1.224019e+02,5.62808652
4296,0.000105,1.223902e+02,4.70314252
4297,0.000094,1.223795e+02,4.08796762
4298,0.000096,1.223716e+02,7.44083519
4299,0.000101,1.223568e+02,5.98015960
4300,0.000101,1.223441e+02,4.96318808
4301,0.000095,1.223328e+02,4.28168384
4302,0.000098,1.223259e+02,7.95813059
4303,0.000099,1.223097e+02,6.36412196
4304,0.000095,1.222961e+02,5.24775542
4305,0.000095,1.222840e+02,4.49417297
4306,0.000099,1.222782e+02,8.51960500
4307,0.000097,1.222604e+02,6.78190920
4308,0.000096,1.222458e+02,5.55814274
4309,0.000102,1.222328e+02,4.72621306
4310,0.000096,1.222284e+02,9.12818887
4311,0.000094,1.222089e+02,7.23551773
4312,0.000101,1.221930e+02,5.89559944
4313,0.000097,1.221791e+02,4.97843304
4314,0.000097,1.221764e+02,9.78698685
4315,0.000102,1.221549e+02,7.72700019
4316,0.000094,1.221376e+02,6.26131887
4317,0.000098,1.221227e+02,5.25129754
4318,0.000103,1.221221e+02,10.49929362
4319,0.000102,1.220983e+02,8.25848104
4320,0.001462,1.220795e+02,6.65645263
4321,0.000078,1.220635e+02,5.54511720
4322,0.000091,1.220489e+02,4.80371614
4323,0.000092,1.220391e+02,8.83217687
4324,0.000098,1.220186e+02,7.08218410
4325,0.000092,1.220013e+02,5.86014133
4326,0.000095,1.219859e+02,5.03793553
4327,0.000098,1.219774e+02,9.45069235
4328,0.000092,1.219550e+02,7.53982943
4329,0.000095,1.219364e+02,6.19659226
4330,0.000092,1.219200e+02,5.28493867
4331,0.000101,1.219133e+02,10.11667040
4332,0.000098,1.218889e+02,8.03082354
4333,0.000099,1.218690e+02,6.55482655
4334,0.000112,1.218516e+02,5.54407318
4335,0.000105,1.218474e+02,10.83323900
4336,0.000102,1.218208e+02,8.55703525
4337,0.000107,1.217994e+02,6.93561403
4338,0.000105,1.217810e+02,5.81508604
4339,0.000107,1.217801e+02,11.60415204
4340,0.000111,1.217512e+02,9.12097242
4341,0.000102,1.217284e+02,7.34041469
4342,0.000139,1.217091e+02,6.09847742
4343,0.000108,1.216917e+02,5.26200729
4344,0.000121,1.216809e+02,9.72597757
4345,0.000153,1.216566e+02,7.77170745
4346,0.000113,1.216365e+02,6.39593214
4347,0.000097,1.216186e+02,5.45814490
4348,0.000106,1.216109e+02,10.37672999
4349,0.000102,1.215851e+02,8.23326006
4350,0.000099,1.215642e+02,6.71054956
4351,0.000094,1.215460e+02,5.66012140
4352,0.000094,1.215422e+02,11.07870907
4353,0.000101,1.215149e+02,8.73002454
4354,0.000094,1.214932e+02,7.04697226
4355,0.000098,1.214748e+02,5.87228994
4356,0.000099,1.214583e+02,5.07819813
4357,0.000094,1.214470e+02,9.26818322
4358,0.001491,1.214246e+02,7.41135633
4359,0.000082,1.214060e+02,6.10083981
4360,0.000076,1.213897e+02,5.20271903
4361,0.000091,1.213825e+02,9.85511721
4362,0.000094,1.213593e+02,7.81102241
4363,0.000093,1.213406e+02,6.35330801
4364,0.000095,1.213245e+02,5.34119472
4365,0.000093,1.213220e+02,10.49837298
4366,0.000092,1.212979e+02,8.25363446
4367,0.000093,1.212790e+02,6.63779443
4368,0.000098,1.212632e+02,5.50218819
4369,0.000091,1.212491e+02,4.72693799
4370,0.000094,1.212409e+02,8.74664827
4371,0.000098,1.212217e+02,6.96217509
4372,0.000095,1.212061e+02,5.69415540
4373,0.000093,1.211925e+02,4.81719822
4374,0.000099,1.211884e+02,9.29702633
4375,0.000097,1.211688e+02,7.33342635
4376,0.000103,1.211532e+02,5.92449348
4377,0.000105,1.211400e+02,4.93833133
4378,0.000094,1.211282e+02,4.26810896
4379,0.000096,1.211201e+02,7.75697572
4380,0.000101,1.211045e+02,6.19888376
4381,0.000097,1.210915e+02,5.09646110
4382,0.000094,1.210802e+02,4.33816885
4383,0.000104,1.210754e+02,8.23704001
4384,0.000099,1.210594e+02,6.52128750
4385,0.000095,1.210465e+02,5.29569537
4386,0.000096,1.210355e+02,4.44313273
4387,0.000102,1.210342e+02,8.77654701
4388,0.000096,1.210176e+02,6.89407072
4389,0.000095,1.210046e+02,5.53826540
4390,0.000101,1.209937e+02,4.58533628
4391,0.000093,1.209840e+02,3.93559214
4392,0.000097,1.209786e+02,7.31862119
4393,0.000101,1.209653e+02,5.82511517
4394,0.000097,1.209544e+02,4.76560633
4395,0.000094,1.209449e+02,4.03546646
4396,0.000108,1.209420e+02,7.79608230
4397,0.001951,1.209281e+02,6.15657588
4398,0.000087,1.209171e+02,4.98388300
4399,0.000104,1.209076e+02,4.16757854
4400,0.000090,1.209074e+02,8.32752286
4401,0.000094,1.208928e+02,6.53280065
4402,0.000090,1.208813e+02,5.23978087
4403,0.000090,1.208718e+02,4.33128884
4404,0.000095,1.208633e+02,3.71300426
4405,0.000096,1.208588e+02,6.95422875
4406,0.000093,1.208469e+02,5.53308119
4407,0.000092,1.208371e+02,4.52601415
4408,0.000096,1.208286e+02,3.83366999
4409,0.000094,1.208261e+02,7.42192490
4410,0.000092,1.208135e+02,5.86401339
4411,0.000098,1.208034e+02,4.75149052
4412,0.000097,1.207948e+02,3.97922825
4413,0.000107,1.207944e+02,7.93741191
4414,0.000115,1.207810e+02,6.23327275
4415,0.000147,1.207705e+02,5.00788517
4416,0.000106,1.207616e+02,4.14953922
4417,0.000100,1.207537e+02,3.56799508
4418,0.000095,1.207492e+02,6.64209835
4419,0.000094,1.207381e+02,5.29586446
4420,0.000099,1.207290e+02,4.34491765
4421,0.000093,1.207209e+02,3.69409588
4422,0.000095,1.207180e+02,7.09233788
4423,0.000098,1.207062e+02,5.61657698
4424,0.000093,1.206967e+02,4.56608261
4425,0.000095,1.206885e+02,3.84014382
4426,0.000094,1.206874e+02,7.58619187
4427,0.000100,1.206749e+02,5.97153034
4428,0.000108,1.206649e+02,4.81409522
4429,0.000104,1.206564e+02,4.00691371
4430,0.000102,1.206489e+02,3.46311108
4431,0.000100,1.206439e+02,6.36259518
4432,0.000098,1.206334e+02,5.09033968
4433,0.000110,1.206246e+02,4.19547397
4434,0.000098,1.206169e+02,3.58641649
4435,0.001526,1.206133e+02,6.79204750
4436,0.000077,1.206021e+02,5.39648810
4437,0.000087,1.205930e+02,4.40711696
4438,0.000088,1.205851e+02,3.72709788
4439,0.000093,1.205831e+02,7.26236939
4440,0.000089,1.205711e+02,5.73440990
4441,0.000096,1.205616e+02,4.64331459
4442,0.000088,1.205534e+02,3.88635265
4443,0.000094,1.205533e+02,7.77634945
4444,0.000091,1.205404e+02,6.10620539
4445,0.000091,1.205304e+02,4.90571435
4446,0.000097,1.205219e+02,4.06552671
4447,0.000090,1.205143e+02,3.49723537
4448,0.000094,1.205100e+02,6.51418752
4449,0.000099,1.204993e+02,5.19613708
4450,0.000095,1.204905e+02,4.26611201
4451,0.000092,1.204827e+02,3.63075325
4452,0.000109,1.204797e+02,6.96097164
4453,0.000103,1.204684e+02,5.51658041
4454,0.000118,1.204591e+02,4.48971073
4455,0.000141,1.204511e+02,3.78147419
4456,0.000104,1.204498e+02,7.44930127
4457,0.000100,1.204376e+02,5.86916130
4458,0.000099,1.204279e+02,4.73802658
4459,0.000097,1.204196e+02,3.95081464
4460,0.000093,1.204121e+02,3.42198561
4461,0.000101,1.204070e+02,6.25617305
4462,0.000100,1.203967e+02,5.01289738
4463,0.000095,1.203881e+02,4.14030079
4464,0.000091,1.203804e+02,3.54816458
4465,0.000098,1.203766e+02,6.68016909
4466,0.000092,1.203656e+02,5.31630616
4467,0.000093,1.203566e+02,4.35154610
4468,0.000097,1.203487e+02,3.69047915
4469,0.000095,1.203463e+02,7.14381851
4470,0.000093,1.203346e+02,5.65033697
4471,0.000107,1.203251e+02,4.58624784
4472,0.000094,1.203170e+02,3.85034719
4473,0.000100,1.203162e+02,7.65002748
4474,0.000099,1.203036e+02,6.01723406
4475,0.001434,1.202936e+02,4.84621045
4476,0.000073,1.202851e+02,4.02927040
4477,0.000083,1.202775e+02,3.47901385
4478,0.000090,1.202727e+02,6.41940563
4479,0.000090,1.202621e+02,5.13336349
4480,0.000089,1.202533e+02,4.22885103
4481,0.000088,1.202454e+02,3.61358097
4482,0.000094,1.202419e+02,6.85952224
4483,0.000089,1.202305e+02,5.44977874
4484,0.000091,1.202213e+02,4.45077191
4485,0.000088,1.202132e+02,3.76478604
4486,0.000096,1.202112e+02,7.34036416
4487,0.000099,1.201990e+02,5.79762641
4488,0.000097,1.201892e+02,4.69679726
4489,0.000103,1.201808e+02,3.93410451
4490,0.000095,1.201805e+02,7.86495445
4491,0.000094,1.201673e+02,6.17924058
4492,0.000098,1.201570e+02,4.96879976
4493,0.000093,1.201482e+02,4.12309396
4494,0.000096,1.201404e+02,3.55258957
4495,0.000098,1.201357e+02,6.59712363
4496,0.000091,1.201246e+02,5.26878129
4497,0.000093,1.201154e+02,4.33341428
4498,0.000097,1.201073e+02,3.69638086
4499,0.000101,1.201040e+02,7.05405308
4500,0.000095,1.200921e+02,5.59889152
4501,0.000100,1.200824e+02,4.56680647
4502,0.000093,1.200740e+02,3.85748320
4503,0.000092,1.200722e+02,7.55291438
4504,0.000094,1.200594e+02,5.96138024
4505,0.000097,1.200491e+02,4.82509470
4506,0.000094,1.200404e+02,4.03742254
4507,0.000092,1.200403e+02,8.09684526
4508,0.000097,1.200264e+02,6.35866809
4509,0.000095,1.200155e+02,5.11021596
4510,0.000219,1.200063e+02,4.23780774
4511,0.000191,1.199981e+02,3.64940810
4512,0.000159,1.199933e+02,6.79335030
4513,0.002269,1.199816e+02,5.42424224
4514,0.000085,1.199719e+02,4.46035297
4515,0.000087,1.199633e+02,3.80429849
4516,0.000092,1.199598e+02,7.26831231
4517,0.000095,1.199472e+02,5.76940008
4518,0.000098,1.199370e+02,4.70685431
4519,0.000092,1.199280e+02,3.97736111
4520,0.000093,1.199260e+02,7.78654519
4521,0.000097,1.199124e+02,6.14801715
4522,0.000092,1.199015e+02,4.97919145
4523,0.000092,1.198921e+02,4.17016482
4524,0.000099,1.198919e+02,8.35130153
4525,0.000118,1.198770e+02,6.56259770
4526,0.000108,1.198653e+02,5.27935856
4527,0.000100,1.198554e+02,4.38435751
4528,0.000095,1.198465e+02,3.78249697
4529,0.000099,1.198411e+02,7.01582348
4530,0.000103,1.198285e+02,5.60948581
4531,0.000097,1.198180e+02,4.62168797
4532,0.000105,1.198086e+02,3.95170849
4533,0.000101,1.198044e+02,7.51067836
4534,0.000097,1.197908e+02,5.97185825
4535,0.000108,1.197796e+02,4.88397760
4536,0.000097,1.197698e+02,4.14010294
4537,0.000102,1.197670e+02,8.05024188
4538,0.000098,1.197522e+02,6.36885267
4539,0.000096,1.197402e+02,5.17311721
4540,0.000101,1.197298e+02,4.34922827
4541,0.000097,1.197287e+02,8.63785520
4542,0.000097,1.197124e+02,6.80301448
4543,0.000102,1.196995e+02,5.49109426
4544,0.000097,1.196885e+02,4.58068007
4545,0.000106,1.196785e+02,3.97271439
4546,0.000105,1.196715e+02,7.27705120
4547,0.000097,1.196575e+02,5.84000753
4548,0.000098,1.196457e+02,4.83611495
4549,0.000102,1.196351e+02,4.16035523
4550,0.000096,1.196292e+02,7.79396253
4551,0.000102,1.196140e+02,6.22207943
4552,0.000108,1.196013e+02,5.11720879
4553,0.000101,1.195901e+02,4.36779000
4554,0.000196,1.195854e+02,8.35680520
4555,0.000325,1.195687e+02,6.63957556
4556,0.000380,1.195551e+02,5.42563953
4557,0.001604,1.195430e+02,4.59624427
4558,0.000081,1.195399e+02,8.96886534
4559,0.000090,1.195216e+02,7.09487741
4560,0.000091,1.195067e+02,5.76310308
4561,0.000096,1.194939e+02,4.84687871
4562,0.000096,1.194926e+02,9.63365250
4563,0.000099,1.194723e+02,7.59047619
4564,0.000114,1.194562e+02,6.13130114
4565,0.000098,1.194423e+02,5.12076540
4566,0.000096,1.194298e+02,4.44818364
4567,0.000093,1.194208e+02,8.12896371
4568,0.000099,1.194032e+02,6.53195948
4569,0.000093,1.193882e+02,5.41890522
4570,0.000094,1.193748e+02,4.67223262
4571,0.000101,1.193669e+02,8.71321306
4572,0.000097,1.193475e+02,6.96684874
4573,0.000095,1.193314e+02,5.74217950
4574,0.000111,1.193170e+02,4.91415378
4575,0.000096,1.193104e+02,9.34607043
4576,0.000100,1.192892e+02,7.43770169
4577,0.000101,1.192718e+02,6.09136959
4578,0.000095,1.192563e+02,5.17388118
4579,0.000096,1.192515e+02,10.03062710
4580,0.000102,1.192282e+02,7.94636574
4581,0.000097,1.192093e+02,6.46725460
4582,0.000095,1.191928e+02,5.45123425
4583,0.000102,1.191903e+02,10.77027238
4584,0.000110,1.191647e+02,8.49488376
4585,0.000099,1.191442e+02,6.87071987
4586,0.000097,1.191265e+02,5.74605192
4587,0.000100,1.191105e+02,4.99664670
4588,0.000094,1.190988e+02,9.08560893
4589,0.000097,1.190766e+02,7.30295901
4590,0.000100,1.190578e+02,6.05845088
4591,0.000095,1.190410e+02,5.22045957
4592,0.000095,1.190311e+02,9.72161416
4593,0.000102,1.190071e+02,7.76571860
4594,0.000112,1.189872e+02,6.38904395
4595,0.000104,1.189696e+02,5.45203939
4596,0.000106,1.189622e+02,10.40643303
4597,0.001508,1.189364e+02,8.26141136
4598,0.000082,1.189153e+02,6.73927037
4599,0.000077,1.188970e+02,5.69189203
4600,0.000105,1.188931e+02,11.14456583
4601,0.000100,1.188653e+02,8.79350008
4602,0.000095,1.188431e+02,7.11176509
4603,0.000093,1.188241e+02,5.94188351
4604,0.000097,1.188070e+02,5.15535601
4605,0.000096,1.187947e+02,9.36663051
4606,0.000096,1.187715e+02,7.51060777
4607,0.000098,1.187520e+02,6.20558903
4608,0.000093,1.187347e+02,5.31636479
4609,0.000094,1.187259e+02,9.98693675
4610,0.000143,1.187015e+02,7.94140442
4611,0.000152,1.186816e+02,6.48832486
4612,0.000100,1.186642e+02,5.48515881
4613,0.000103,1.186598e+02,10.66136631
4614,0.000097,1.186342e+02,8.41090741
4615,0.000095,1.186138e+02,6.79690628
4616,0.000102,1.185965e+02,5.66861016
4617,0.000100,1.185810e+02,4.90357667
4618,0.000096,1.185704e+02,8.92669888
4619,0.000109,1.185496e+02,7.13918309
4620,0.000106,1.185324e+02,5.87491663
4621,0.000099,1.185173e+02,5.00570919
4622,0.000098,1.185108e+02,9.49686322
4623,0.000101,1.184895e+02,7.52334949
4624,0.000099,1.184723e+02,6.11270319
4625,0.000094,1.184575e+02,5.13014269
4626,0.000102,1.184558e+02,10.12893133
4627,0.000103,1.184337e+02,7.95700228
4628,0.000103,1.184165e+02,6.39002430
4629,0.000116,1.184020e+02,5.28547799
4630,0.000099,1.183893e+02,4.52874334
4631,0.000108,1.183825e+02,8.44670003
4632,0.000110,1.183649e+02,6.71368146
4633,0.000101,1.183507e+02,5.47901030
4634,0.000097,1.183384e+02,4.62254456
4635,0.000102,1.183355e+02,8.99797788
4636,0.001503,1.183175e+02,7.08892144
4637,0.000080,1.183033e+02,5.71617049
4638,0.000077,1.182912e+02,4.75298257
4639,0.000095,1.182805e+02,4.09690879
4640,0.000101,1.182737e+02,7.51931436
4641,0.000094,1.182593e+02,6.00043795
4642,0.000093,1.182474e+02,4.92372691
4643,0.000096,1.182371e+02,4.18186311
4644,0.000095,1.182333e+02,8.00746888
4645,0.000105,1.182184e+02,6.33383325
4646,0.000099,1.182065e+02,5.13665466
4647,0.000092,1.181963e+02,4.30283008
4648,0.000093,1.181956e+02,8.55524558
4649,0.000100,1.181800e+02,6.71738012
4650,0.000093,1.181679e+02,5.39238910
4651,0.000098,1.181577e+02,4.46032499
4652,0.000101,1.181487e+02,3.82462854
4653,0.000095,1.181438e+02,7.15178691
4654,0.000095,1.181312e+02,5.69100456
4655,0.000112,1.181209e+02,4.65412867
4656,0.000100,1.181119e+02,3.93948382
4657,0.000098,1.181094e+02,7.63805258
4658,0.000095,1.180962e+02,6.03259552
4659,0.000102,1.180856e+02,4.88383637
4660,0.000095,1.180765e+02,4.08415127
4661,0.000098,1.180765e+02,8.17750080
4662,0.000102,1.180624e+02,6.41753609
4663,0.000096,1.180514e+02,5.14923235
4664,0.000097,1.180422e+02,4.25809852
4665,0.000114,1.180340e+02,3.65188922
4666,0.000099,1.180297e+02,6.84673508
4667,0.000094,1.180182e+02,5.45055713
4668,0.000102,1.180087e+02,4.46117317
4669,0.000096,1.180004e+02,3.78119371
4670,0.000097,1.179979e+02,7.32180418
4671,0.000102,1.179857e+02,5.78860590
4672,0.000096,1.179758e+02,4.69367576
4673,0.000097,1.179674e+02,3.93376531
4674,0.001524,1.179670e+02,7.84482681
4675,0.000080,1.179538e+02,6.16464908
4676,0.000078,1.179435e+02,4.95635384
4677,0.000106,1.179348e+02,4.11003253
4678,0.000100,1.179271e+02,3.53679876
4679,0.000095,1.179226e+02,6.58045032
4680,0.000094,1.179117e+02,5.25040185
4681,0.000099,1.179027e+02,4.31083087
4682,0.000092,1.178947e+02,3.66785385
4683,0.000094,1.178918e+02,7.03830474
4684,0.000100,1.178802e+02,5.57741840
4685,0.000097,1.178708e+02,4.53732511
4686,0.000098,1.178627e+02,3.81851576
4687,0.000107,1.178616e+02,7.54080905
4688,0.000104,1.178491e+02,5.93929486
4689,0.000101,1.178393e+02,4.79094957
4690,0.000102,1.178309e+02,3.98991666
4691,0.000113,1.178234e+02,3.45015994
4692,0.000127,1.178184e+02,6.33823006
4693,0.000112,1.178080e+02,5.07339947
4694,0.000109,1.177993e+02,4.18341918
4695,0.000105,1.177916e+02,3.57746494
4696,0.000102,1.177880e+02,6.77678318
4697,0.000119,1.177769e+02,5.38660978
4698,0.000144,1.177678e+02,4.40056133
4699,0.000104,1.177599e+02,3.72246433
4700,0.000111,1.177579e+02,7.25770357
4701,0.000101,1.177460e+02,5.73268600
4702,0.000095,1.177365e+02,4.64302841
4703,0.000100,1.177283e+02,3.88654908
4704,0.000096,1.177282e+02,7.78403780
4705,0.000097,1.177154e+02,6.11394799
4706,0.000099,1.177054e+02,4.91266048
4707,0.000095,1.176969e+02,4.07123661
4708,0.000094,1.176893e+02,3.50159447
4709,0.000095,1.176850e+02,6.53292419
4710,0.000102,1.176743e+02,5.21146076
4711,0.000096,1.176655e+02,4.27817752
4712,0.000099,1.176577e+02,3.63992062
4713,0.000103,1.176549e+02,6.99244509
4714,0.000097,1.176434e+02,5.54160546
4715,0.001489,1.176342e+02,4.50912655
4716,0.000077,1.176261e+02,3.79618007
4717,0.000097,1.176250e+02,7.49548367
4718,0.000092,1.176127e+02,5.90539579
4719,0.000093,1.176029e+02,4.76594025
4720,0.000096,1.175946e+02,3.97191969
4721,0.000092,1.175871e+02,3.43773934
4722,0.000095,1.175820e+02,6.30531861
4723,0.000099,1.175717e+02,5.05061340
4724,0.000096,1.175630e+02,4.16879743
4725,0.000094,1.175553e+02,3.56945396
4726,0.000100,1.175516e+02,6.74413171
4727,0.000124,1.175405e+02,5.36529241
4728,0.000195,1.175314e+02,4.38856190
4729,0.000127,1.175235e+02,3.71815922
4730,0.000118,1.175212e+02,7.22472713
4731,0.000128,1.175093e+02,5.71223611
4732,0.000098,1.174998e+02,4.63305200
4733,0.000101,1.174915e+02,3.88539206
4734,0.000103,1.174911e+02,7.75025356
4735,0.000098,1.174783e+02,6.09387671
4736,0.000102,1.174681e+02,4.90422200
4737,0.000097,1.174596e+02,4.07277850
4738,0.000097,1.174519e+02,3.51158084
4739,0.000103,1.174472e+02,6.51282707
4740,0.000097,1.174364e+02,5.20416235
4741,0.000097,1.174275e+02,4.28205233
4742,0.000100,1.174195e+02,3.65344856
4743,0.000097,1.174162e+02,6.97198090
4744,0.000097,1.174047e+02,5.53511782
4745,0.000102,1.173952e+02,4.51503526
4746,0.000095,1.173870e+02,3.81302197
4747,0.000100,1.173853e+02,7.47436303
4748,0.000102,1.173728e+02,5.89944648
4749,0.000099,1.173628e+02,4.77364005
4750,0.000095,1.173543e+02,3.99189960
4751,0.000097,1.173465e+02,3.46842153
4752,0.000130,1.173409e+02,6.29968233
4753,0.000179,1.173303e+02,5.05990935
4754,0.001989,1.173213e+02,4.19178357
4755,0.000099,1.173134e+02,3.60464891
4756,0.000104,1.173089e+02,6.73862265
4757,0.000107,1.172975e+02,5.37603225
4758,0.000111,1.172881e+02,4.41446314
4759,0.000104,1.172799e+02,3.75789177
4760,0.000109,1.172768e+02,7.21919554
4761,0.000106,1.172646e+02,5.72430683
4762,0.000122,1.172546e+02,4.66181514
4763,0.000113,1.172460e+02,3.92972203
4764,0.000102,1.172446e+02,7.74458132
4765,0.000105,1.172313e+02,6.10720111
4766,0.000105,1.172208e+02,4.93582949
4767,0.000112,1.172117e+02,4.12179832
4768,0.000104,1.172036e+02,3.57644157
4769,0.000107,1.171978e+02,6.52735998
4770,0.000110,1.171865e+02,5.23862920
4771,0.000121,1.171770e+02,4.33588383
4772,0.000110,1.171685e+02,3.72532740
4773,0.000118,1.171640e+02,6.98770612
4774,0.000108,1.171518e+02,5.57249009
4775,0.000106,1.171418e+02,4.57382860
4776,0.000111,1.171329e+02,3.89225298
4777,0.000109,1.171298e+02,7.49129187
4778,0.000107,1.171166e+02,5.93979882
4779,0.000113,1.171059e+02,4.83757028
4780,0.000116,1.170967e+02,4.07883681
4781,0.000104,1.170951e+02,8.04143266
4782,0.000101,1.170808e+02,6.34311854
4783,0.000097,1.170694e+02,5.12916092
4784,0.000097,1.170596e+02,4.28677823
4785,0.000097,1.170508e+02,3.72382079
4786,0.000103,1.170444e+02,6.78519329
4787,0.000098,1.170321e+02,5.45078642
4788,0.000096,1.170217e+02,4.51787470
4789,0.000103,1.170124e+02,3.88885175
4790,0.000119,1.170072e+02,7.26905760
4791,0.000097,1.169939e+02,5.80478513
4792,0.000110,1.169828e+02,4.77399847
4793,0.000097,1.169731e+02,4.07307681
4794,0.000101,1.169691e+02,7.79786580
4795,0.000114,1.169547e+02,6.19359576
4796,0.001683,1.169428e+02,5.05709211
4797,0.000106,1.169325e+02,4.27808116
4798,0.000145,1.169301e+02,8.37503548
4799,0.000117,1.169143e+02,6.61982420
4800,0.000141,1.169015e+02,5.36919117
4801,0.000110,1.168905e+02,4.50549294
4802,0.000095,1.168900e+02,9.00425306
4803,0.000096,1.168726e+02,7.08624826
4804,0.000097,1.168588e+02,5.71242314
4805,0.000094,1.168470e+02,4.75697209
4806,0.000094,1.168364e+02,4.11742868
4807,0.000097,1.168295e+02,7.59581794
4808,0.000095,1.168144e+02,6.08902666
4809,0.000094,1.168018e+02,5.03422556
4810,0.000112,1.167905e+02,4.32254072
4811,0.000099,1.167847e+02,8.15179628
4812,0.000097,1.167683e+02,6.50136192
4813,0.000100,1.167546e+02,5.33895743
4814,0.000093,1.167426e+02,4.54866651
4815,0.000101,1.167381e+02,8.75750512
4816,0.000100,1.167201e+02,6.95182540
4817,0.000095,1.167053e+02,5.67285308
4818,0.000094,1.166924e+02,4.79692399
4819,0.000097,1.166896e+02,9.41651553
4820,0.000113,1.166697e+02,7.44293188
4821,0.000101,1.166536e+02,6.03760025
4822,0.000096,1.166397e+02,5.06833034
4823,0.000103,1.166390e+02,10.13264695
4824,0.000095,1.166169e+02,7.97731513
4825,0.000096,1.165994e+02,6.43488594
4826,0.000101,1.165844e+02,5.36378990
4827,0.000095,1.165708e+02,4.64850190
4828,0.000098,1.165617e+02,8.55773383
4829,0.000101,1.165425e+02,6.86643873
4830,0.000108,1.165263e+02,5.68414221
4831,0.000100,1.165118e+02,4.88794233
4832,0.000103,1.165040e+02,9.18729247
4833,0.000098,1.164829e+02,7.33407830
4834,0.000103,1.164654e+02,6.03014449
4835,0.000103,1.164499e+02,5.14456885
4836,0.000105,1.164438e+02,9.86913026
4837,0.001535,1.164206e+02,7.83966983
4838,0.000080,1.164017e+02,6.40255624
4839,0.000077,1.163851e+02,5.41813603
4840,0.000096,1.163813e+02,10.60676668
4841,0.000100,1.163559e+02,8.38534951
4842,0.000093,1.163354e+02,6.80232126
4843,0.000090,1.163177e+02,5.70850255
4844,0.000102,1.163168e+02,11.40420486
4845,0.000093,1.162889e+02,8.97367357
4846,0.000103,1.162668e+02,7.23076712
4847,0.000100,1.162481e+02,6.01588333
4848,0.000093,1.162311e+02,5.19914276
4849,0.000095,1.162204e+02,9.60779663
4850,0.000099,1.161966e+02,7.68989788
4851,0.000096,1.161768e+02,6.34122679
4852,0.000103,1.161591e+02,5.42411286
4853,0.000102,1.161510e+02,10.29194955
4854,0.000150,1.161255e+02,8.18268409
4855,0.000109,1.161045e+02,6.68648353
4856,0.000101,1.160862e+02,5.65723730
4857,0.000101,1.160817e+02,11.03109397
4858,0.000097,1.160543e+02,8.71312948
4859,0.000097,1.160323e+02,7.05491136
4860,0.000100,1.160135e+02,5.90107308
4861,0.000095,1.159965e+02,5.12473408
4862,0.000098,1.159841e+02,9.28652879
4863,0.000108,1.159611e+02,7.45132373
4864,0.000124,1.159419e+02,6.16001634
4865,0.000210,1.159248e+02,5.27909097
4866,0.000121,1.159161e+02,9.90966251
4867,0.000095,1.158920e+02,7.88206435
4868,0.000094,1.158724e+02,6.44022211
4869,0.000100,1.158554e+02,5.44332634
4870,0.000094,1.158511e+02,10.59006421
4871,0.000094,1.158260e+02,8.35451967
4872,0.000100,1.158060e+02,6.74921758
4873,0.000098,1.157891e+02,5.62510708
4874,0.000091,1.157739e+02,4.86123430
4875,0.000102,1.157637e+02,8.87669772
4876,0.004020,1.157434e+02,7.09530853
4877,0.000080,1.157265e+02,5.83314400
4878,0.000148,1.157117e+02,4.96344817
4879,0.000315,1.157059e+02,9.45684521
4880,0.000353,1.156850e+02,7.48682458
4881,0.000309,1.156681e+02,6.07620692
4882,0.000308,1.156538e+02,5.09151622
4883,0.000312,1.156527e+02,10.10245167
4884,0.000347,1.156310e+02,7.93121687
4885,0.000363,1.156141e+02,6.36214307
4886,0.000313,1.156000e+02,5.25381445
4887,0.000472,1.155876e+02,4.49269212
4888,0.000319,1.155815e+02,8.43472392
4889,0.000315,1.155643e+02,6.69731084
4890,0.000347,1.155503e+02,5.45712062
4891,0.000350,1.155383e+02,4.59489444
4892,0.000317,1.155361e+02,9.00251668
4893,0.000377,1.155184e+02,7.08644076
4894,0.000311,1.155044e+02,5.70623286
4895,0.000347,1.154926e+02,4.73577809
4896,0.000353,1.154822e+02,4.07330151
4897,0.000314,1.154760e+02,7.53268379
4898,0.000315,1.154617e+02,6.00407204
4899,0.000352,1.154500e+02,4.91835642
4900,0.000314,1.154399e+02,4.16867770
4901,0.000316,1.154367e+02,8.03840569
4902,0.000316,1.154219e+02,6.35228773
4903,0.000352,1.154101e+02,5.14403169
4904,0.000315,1.154000e+02,4.30073553
4905,0.000318,1.154000e+02,8.60544108
4906,0.000370,1.153844e+02,6.75176939
4907,0.000505,1.153724e+02,5.41319848
4908,0.000741,1.153623e+02,4.46969312
4909,0.000361,1.153533e+02,3.82478787
4910,0.000308,1.153490e+02,7.20330193
4911,0.000337,1.153364e+02,5.72593160
4912,0.000380,1.153261e+02,4.67527050
4913,0.000317,1.153172e+02,3.94950892
4914,0.000348,1.153152e+02,7.70810816
4915,0.001544,1.153019e+02,6.08249179
4916,0.000079,1.152913e+02,4.91717979
4917,0.000090,1.152823e+02,4.10415434
4918,0.000090,1.152742e+02,3.55553721
4919,0.000091,1.152685e+02,6.48351572
4920,0.000093,1.152575e+02,5.19544380
4921,0.000096,1.152483e+02,4.28840337
4922,0.000090,1.152401e+02,3.66978565
4923,0.000198,1.152362e+02,6.93032178
4924,0.000098,1.152246e+02,5.51061084
4925,0.000096,1.152151e+02,4.50235383
4926,0.000099,1.152068e+02,3.80756933
4927,0.000099,1.152048e+02,7.42475514
4928,0.000101,1.151924e+02,5.86373187
4929,0.000106,1.151824e+02,4.74656227
4930,0.000101,1.151740e+02,3.96914242
4931,0.000097,1.151663e+02,3.44654064
4932,0.000100,1.151607e+02,6.25638687
4933,0.000105,1.151503e+02,5.02205963
4934,0.000098,1.151416e+02,4.15519306
4935,0.000093,1.151338e+02,3.56618863
4936,0.000099,1.151297e+02,6.69071193
4937,0.000092,1.151186e+02,5.33031531
4938,0.000093,1.151096e+02,4.36677901
4939,0.000097,1.151016e+02,3.70527432
4940,0.000095,1.150991e+02,7.16920208
4941,0.000094,1.150873e+02,5.67313431
4942,0.000106,1.150778e+02,4.60526482
4943,0.000093,1.150696e+02,3.86486301
4944,0.000091,1.150691e+02,7.69477293
4945,0.000097,1.150564e+02,6.05266083
4946,0.000092,1.150464e+02,4.87229256
4947,0.000102,1.150379e+02,4.04626630
4948,0.000096,1.150303e+02,3.48754857
4949,0.000093,1.150258e+02,6.47134152
4950,0.000094,1.150152e+02,5.16975774
4951,0.001493,1.150064e+02,4.25101639
4952,0.000082,1.149986e+02,3.62305856
4953,0.000077,1.149955e+02,6.93199038
4954,0.000097,1.149842e+02,5.49979527
4955,0.000103,1.149750e+02,4.48081493
4956,0.000099,1.149670e+02,3.77735135
4957,0.000094,1.149657e+02,7.43762351
4958,0.000095,1.149535e+02,5.86471691
4959,0.000097,1.149438e+02,4.73751194
4960,0.000092,1.149355e+02,3.95195779
4961,0.000098,1.149280e+02,3.42331606
4962,0.000097,1.149229e+02,6.26705720
4963,0.000104,1.149127e+02,5.02312840
4964,0.000098,1.149041e+02,4.14855050
4965,0.000101,1.148964e+02,3.55376566
4966,0.000100,1.148927e+02,6.70964767
4967,0.000107,1.148817e+02,5.33986163
4968,0.000106,1.148727e+02,4.36891623
4969,0.000097,1.148648e+02,3.70187678
4970,0.000100,1.148627e+02,7.19548520
4971,0.000097,1.148509e+02,5.69004442
4972,0.000102,1.148414e+02,4.61495020
4973,0.000169,1.148333e+02,3.86923072
4974,0.000142,1.148329e+02,7.72784648
4975,0.000109,1.148202e+02,6.07620108
4976,0.000094,1.148102e+02,4.88867723
4977,0.000095,1.148017e+02,4.05751061
4978,0.000103,1.147941e+02,3.49540575
4979,0.000097,1.147897e+02,6.50105506
4980,0.000096,1.147790e+02,5.19227127
4981,0.000104,1.147702e+02,4.26851764
4982,0.000094,1.147623e+02,3.63737167
4983,0.000104,1.147593e+02,6.96762520
4984,0.000113,1.147479e+02,5.52807225
4985,0.000106,1.147386e+02,4.50415029
4986,0.000107,1.147305e+02,3.79770149
4987,0.000104,1.147291e+02,7.47908461
4988,0.001442,1.147168e+02,5.89854839
4989,0.000079,1.147070e+02,4.76640773
4990,0.000073,1.146986e+02,3.97806448
4991,0.000092,1.146910e+02,3.44826366
4992,0.000085,1.146858e+02,6.30635872
4993,0.000090,1.146753e+02,5.05742873
4994,0.000089,1.146666e+02,4.18024080
4995,0.000087,1.146587e+02,3.58463122
4996,0.000092,1.146548e+02,6.75443852
4997,0.000089,1.146436e+02,5.37950764
4998,0.000090,1.146344e+02,4.40610444
4999,0.000093,1.146264e+02,3.73860561
5000,0.000097,1.146239e+02,7.24587404
5001,0.000092,1.146119e+02,5.73506080
5002,0.000091,1.146022e+02,4.65762514
5003,0.000097,1.145938e+02,3.91183417
5004,0.000092,1.145931e+02,7.78402294
5005,0.000095,1.145801e+02,6.12668775
5006,0.000111,1.145697e+02,4.93689455
5007,0.000106,1.145610e+02,4.10605801
5008,0.000098,1.145531e+02,3.54598688
5009,0.000106,1.145482e+02,6.55718171
5010,0.000107,1.145372e+02,5.24614879
5011,0.000093,1.145280e+02,4.32313148
5012,0.000099,1.145198e+02,3.69472230
5013,0.000094,1.145162e+02,7.02962976
5014,0.000094,1.145044e+02,5.58778811
5015,0.000100,1.144947e+02,4.56500412
5016,0.000098,1.144862e+02,3.86206114
5017,0.000097,1.144842e+02,7.54727058
5018,0.000101,1.144714e+02,5.96433941
5019,0.000095,1.144611e+02,4.83372501
5020,0.000097,1.144522e+02,4.04971513
5021,0.000101,1.144521e+02,8.11362964
5022,0.000102,1.144381e+02,6.37852445
5023,0.000110,1.144271e+02,5.13147224
5024,0.000115,1.144178e+02,4.25949109
5025,0.000112,1.144094e+02,3.67099921
5026,0.001592,1.144045e+02,6.83326974
5027,0.000083,1.143927e+02,5.46057801
5028,0.000075,1.143829e+02,4.49331377
5029,0.000102,1.143742e+02,3.83434019
5030,0.000087,1.143706e+02,7.33181768
5031,0.000087,1.143579e+02,5.82354890
5032,0.000093,1.143474e+02,4.75320435
5033,0.000088,1.143383e+02,4.01746689
5034,0.000088,1.143364e+02,7.87756178
5035,0.000094,1.143225e+02,6.22302130
5036,0.000089,1.143114e+02,5.04128500
5037,0.000090,1.143018e+02,4.22214244
5038,0.000102,1.143018e+02,8.47419692
5039,0.000091,1.142866e+02,6.66183584
5040,0.000098,1.142746e+02,5.35981003
5041,0.000099,1.142644e+02,4.45021975
5042,0.000092,1.142553e+02,3.83742986
5043,0.000092,1.142499e+02,7.14304423
5044,0.000096,1.142370e+02,5.71119088
5045,0.000098,1.142262e+02,4.70366462
5046,0.000092,1.142166e+02,4.01889559
5047,0.000092,1.142125e+02,7.67003183
5048,0.000096,1.141984e+02,6.09801490
5049,0.000093,1.141869e+02,4.98452705
5050,0.000097,1.141768e+02,4.22141826
5051,0.000102,1.141743e+02,8.24632377
5052,0.000093,1.141588e+02,6.52298864
5053,0.000093,1.141464e+02,5.29494076
5054,0.000097,1.141357e+02,4.44672232
5055,0.000091,1.141350e+02,8.87574975
5056,0.000093,1.141181e+02,6.98901522
5057,0.000097,1.141046e+02,5.63715065
5058,0.000093,1.140931e+02,4.69658305
5059,0.000091,1.140828e+02,4.06661426
5060,0.000098,1.140759e+02,7.49919314
5061,0.000101,1.140613e+02,6.01353145
5062,0.000102,1.140490e+02,4.97284174
5063,0.000098,1.140380e+02,4.27005426
5064,0.001498,1.140323e+02,8.05694722
5065,0.000082,1.140163e+02,6.42659861
5066,0.000085,1.140030e+02,5.27736092
5067,0.000091,1.139913e+02,4.49514440
5068,0.000093,1.139871e+02,8.66579818
5069,0.000092,1.139694e+02,6.87893291
5070,0.000094,1.139550e+02,5.61201153
5071,0.000092,1.139425e+02,4.74319936
5072,0.000096,1.139400e+02,9.32954124
5073,0.000089,1.139205e+02,7.37325819
5074,0.000097,1.139048e+02,5.97869313
5075,0.000094,1.138913e+02,5.01546352
5076,0.000092,1.138909e+02,10.05224791
5077,0.000090,1.138693e+02,7.91244287
5078,0.000105,1.138522e+02,6.37932982
5079,0.000097,1.138376e+02,5.31309616
5080,0.000151,1.138244e+02,4.59976316
5081,0.000246,1.138158e+02,8.49950517
5082,0.000149,1.137970e+02,6.81590680
5083,0.000104,1.137812e+02,5.63720981
5084,0.000105,1.137671e+02,4.84200815
5085,0.000102,1.137598e+02,9.13781423
5086,0.000107,1.137392e+02,7.29050623
5087,0.000108,1.137220e+02,5.98883853
5088,0.000108,1.137069e+02,5.10329724
5089,0.000102,1.137013e+02,9.83078944
5090,0.000104,1.136786e+02,7.80525158
5091,0.000119,1.136600e+02,6.36899886
5092,0.000102,1.136438e+02,5.38365619
5093,0.000115,1.136405e+02,10.58221468
5094,0.000101,1.136155e+02,8.36250278
5095,0.000094,1.135953e+02,6.77883696
5096,0.000093,1.135780e+02,5.68314118
5097,0.000102,1.135777e+02,11.39632392
5098,0.000094,1.135500e+02,8.96497898
5099,0.000094,1.135282e+02,7.21979188
5100,0.000101,1.135097e+02,6.00204366
5101,0.000095,1.134930e+02,5.18266104
5102,0.001475,1.134827e+02,9.61591675
5103,0.000078,1.134591e+02,7.69385752
5104,0.000095,1.134393e+02,6.34122617
5105,0.000089,1.134218e+02,5.42091776
5106,0.000095,1.134141e+02,10.31952220
5107,0.000091,1.133886e+02,8.20385217
5108,0.000103,1.133677e+02,6.70236836
5109,0.000103,1.133494e+02,5.66924372
5110,0.000104,1.133452e+02,11.08066114
5111,0.000092,1.133176e+02,8.75351171
5112,0.000092,1.132955e+02,7.08829491
5113,0.000096,1.132766e+02,5.92961506
5114,0.000092,1.132595e+02,5.15047982
5115,0.000093,1.132471e+02,9.34780264
5116,0.000102,1.132238e+02,7.50329480
5117,0.000095,1.132043e+02,6.20571993
5118,0.000102,1.131870e+02,5.32115128
5119,0.000099,1.131781e+02,9.99319810
5120,0.000103,1.131536e+02,7.95320696
5121,0.000101,1.131336e+02,6.50301346
5122,0.000126,1.131162e+02,5.50109317
5123,0.000113,1.131117e+02,10.69707324
5124,0.000102,1.130860e+02,8.44508439
5125,0.000111,1.130655e+02,6.82851152
5126,0.000106,1.130481e+02,5.69729094
5127,0.000095,1.130325e+02,4.92945471
5128,0.000105,1.130218e+02,8.98689097
5129,0.000107,1.130008e+02,7.19034916
5130,0.000100,1.129834e+02,5.91815249
5131,0.000095,1.129681e+02,5.04229431
5132,0.000106,1.129618e+02,9.58716278
5133,0.000103,1.129401e+02,7.59709270
5134,0.000101,1.129227e+02,6.17262015
5135,0.000102,1.129078e+02,5.17879846
5136,0.000097,1.129064e+02,10.25399108
5137,0.000095,1.128839e+02,8.05680946
5138,0.000109,1.128664e+02,6.46916866
5139,0.001671,1.128517e+02,5.34795962
5140,0.000099,1.128388e+02,4.57813364
5141,0.000096,1.128322e+02,8.57660122
5142,0.000098,1.128143e+02,6.81508932
5143,0.000093,1.127998e+02,5.55754364
5144,0.000093,1.127873e+02,4.68304326
5145,0.000092,1.127849e+02,9.16257809
5146,0.000095,1.127664e+02,7.21614181
5147,0.000090,1.127519e+02,5.81347318
5148,0.000095,1.127397e+02,4.82661606
5149,0.000094,1.127288e+02,4.15227709
5150,0.000091,1.127223e+02,7.67642032
5151,0.000091,1.127075e+02,6.11970668
5152,0.000098,1.126954e+02,5.01299391
5153,0.000092,1.126849e+02,4.24778042
5154,0.000094,1.126816e+02,8.19904236
5155,0.000097,1.126663e+02,6.47870249
5156,0.000091,1.126541e+02,5.24446438
5157,0.000092,1.126437e+02,4.38160957
5158,0.000097,1.126344e+02,3.79690141
5159,0.000092,1.126278e+02,6.89187919
5160,0.000094,1.126153e+02,5.52200826
5161,0.000100,1.126049e+02,4.55462538
5162,0.000092,1.125957e+02,3.89175227
5163,0.000094,1.125915e+02,7.36045141
5164,0.000093,1.125785e+02,5.84604562
5165,0.000098,1.125680e+02,4.76687856
5166,0.000093,1.125588e+02,4.01943637
5167,0.000098,1.125571e+02,7.88570315
5168,0.000098,1.125434e+02,6.21691611
5169,0.000093,1.125325e+02,5.01817587
5170,0.000090,1.125233e+02,4.17950223
5171,0.000096,1.125150e+02,3.61162759
5172,0.000095,1.125096e+02,6.63532246
5173,0.000093,1.124983e+02,5.30854992
5174,0.000102,1.124889e+02,4.37161687
5175,0.000090,1.124805e+02,3.73033677
5176,0.000093,1.124770e+02,7.10262803
5177,0.001612,1.124650e+02,5.63852026
5178,0.000079,1.124553e+02,4.59580995
5179,0.000090,1.124469e+02,3.87468308
5180,0.000086,1.124454e+02,7.62074903
5181,0.000087,1.124326e+02,6.00912607
5182,0.000090,1.124225e+02,4.85257416
5183,0.000097,1.124138e+02,4.04483390
5184,0.000092,1.124060e+02,3.49949907
5185,0.000091,1.124009e+02,6.42198329
5186,0.000097,1.123902e+02,5.14291533
5187,0.000091,1.123813e+02,4.24141973
5188,0.000089,1.123734e+02,3.62619415
5189,0.000097,1.123698e+02,6.87932489
5190,0.000091,1.123584e+02,5.46832877
5191,0.000092,1.123491e+02,4.46548219
5192,0.000098,1.123410e+02,3.77395770
5193,0.000098,1.123393e+02,7.38379723
5194,0.000092,1.123271e+02,5.83069654
5195,0.000096,1.123174e+02,4.71841459
5196,0.000098,1.123090e+02,3.94386039
5197,0.000092,1.123015e+02,3.42292736
5198,0.000098,1.122962e+02,6.23228546
5199,0.000095,1.122859e+02,5.00194012
5200,0.000107,1.122772e+02,4.13726881
5201,0.000132,1.122696e+02,3.54939078
5202,0.000128,1.122656e+02,6.67577940
5203,0.000103,1.122547e+02,5.31807884
5204,0.000095,1.122457e+02,4.35578133
5205,0.000099,1.122378e+02,3.69466307
5206,0.000096,1.122355e+02,7.16412220
5207,0.000108,1.122238e+02,5.66907579
5208,0.000109,1.122143e+02,4.60118955
5209,0.000097,1.122062e+02,3.86021603
5210,0.000097,1.122058e+02,7.70060409
5211,0.000106,1.121931e+02,6.05743152
5212,0.000102,1.121831e+02,4.87547508
5213,0.000100,1.121747e+02,4.04768137
5214,0.000106,1.121671e+02,3.48731432
5215,0.001418,1.121627e+02,6.48589420
5216,0.000074,1.121521e+02,5.18081224
5217,0.000083,1.121433e+02,4.25884939
5218,0.000085,1.121355e+02,3.62813021
5219,0.000084,1.121326e+02,6.95754234
5220,0.000091,1.121212e+02,5.51957390
5221,0.000090,1.121120e+02,4.49563772
5222,0.000087,1.121040e+02,3.78808731
5223,0.000093,1.121028e+02,7.47564425
5224,0.000089,1.120905e+02,5.89428925
5225,0.000090,1.120808e+02,4.76008741
5226,0.000095,1.120725e+02,3.96888620
5227,0.000090,1.120650e+02,3.43589354
5228,0.000092,1.120600e+02,6.30770112
5229,0.000097,1.120497e+02,5.05439689
5230,0.000095,1.120410e+02,4.17235375
5231,0.000093,1.120333e+02,3.57183315
5232,0.000091,1.120297e+02,6.76284719
5233,0.000096,1.120186e+02,5.38093511
5234,0.000098,1.120096e+02,4.40042289
5235,0.000091,1.120016e+02,3.72604495
5236,0.000098,1.119996e+02,7.26293934
5237,0.000093,1.119877e+02,5.74220905
5238,0.000092,1.119781e+02,4.65513352
5239,0.000098,1.119699e+02,3.90023378
5240,0.000104,1.119697e+02,7.81148146
5241,0.000110,1.119568e+02,6.14092380
5242,0.000106,1.119467e+02,4.93865759
5243,0.000101,1.119381e+02,4.09620634
5244,0.000101,1.119304e+02,3.52575553
5245,0.000102,1.119261e+02,6.57999500
5246,0.000093,1.119152e+02,5.25332274
5247,0.000094,1.119062e+02,4.31589058
5248,0.000098,1.118983e+02,3.67458716
5249,0.000095,1.118954e+02,7.06264750
5250,0.000096,1.118837e+02,5.60163124
5251,0.000100,1.118743e+02,4.56131654
5252,0.001481,1.118661e+02,3.84265748
5253,0.000082,1.118649e+02,7.59227850
5254,0.000082,1.118523e+02,5.98622581
5255,0.000083,1.118422e+02,4.83462244
5256,0.000092,1.118337e+02,4.03175120
5257,0.000089,1.118260e+02,3.49150306
5258,0.000096,1.118208e+02,6.40995485
5259,0.000099,1.118101e+02,5.13809611
5260,0.000110,1.118011e+02,4.24377018
5261,0.000091,1.117931e+02,3.63576947
5262,0.000097,1.117893e+02,6.87596062
5263,0.000100,1.117778e+02,5.47419244
5264,0.000101,1.117683e+02,4.48071691
5265,0.000105,1.117601e+02,3.79864534
5266,0.000102,1.117578e+02,7.38755529
5267,0.000097,1.117454e+02,5.84550174
5268,0.000094,1.117353e+02,4.74469839
5269,0.000116,1.117267e+02,3.98189173
5270,0.000107,1.117263e+02,7.94834498
5271,0.000099,1.117128e+02,6.25481359
5272,0.000102,1.117021e+02,5.03795403
5273,0.000093,1.116930e+02,4.18736967
5274,0.000091,1.116849e+02,3.61344667
5275,0.000096,1.116800e+02,6.70512976
5276,0.000092,1.116685e+02,5.36288076
5277,0.000101,1.116590e+02,4.41706148
5278,0.000092,1.116505e+02,3.77259650
5279,0.000098,1.116470e+02,7.19976815
5280,0.000093,1.116346e+02,5.72205373
5281,0.000098,1.116245e+02,4.67305232
5282,0.000096,1.116157e+02,3.95159944
5283,0.000092,1.116138e+02,7.74221843
5284,0.000091,1.116003e+02,6.11818956
5285,0.000098,1.115896e+02,4.95753617
5286,0.000094,1.115803e+02,4.15228261
5287,0.000091,1.115719e+02,3.61402327
5288,0.000101,1.115656e+02,6.55421261
5289,0.000094,1.115540e+02,5.27285754
5290,0.001390,1.115443e+02,4.37658743
5291,0.000074,1.115355e+02,3.77168942
5292,0.000071,1.115304e+02,7.03334736
5293,0.000089,1.115179e+02,5.62152960
5294,0.000089,1.115075e+02,4.62655230
5295,0.000101,1.114983e+02,3.94883275
5296,0.000101,1.114946e+02,7.55898533
5297,0.000092,1.114810e+02,6.00619758
5298,0.000097,1.114699e+02,4.90431320
5299,0.000122,1.114602e+02,4.14722258
5300,0.000095,1.114582e+02,8.13481208
5301,0.000097,1.114434e+02,6.42970197
5302,0.000115,1.114314e+02,5.21212882
5303,0.000097,1.114212e+02,4.36870869
5304,0.000099,1.114211e+02,8.76482210
5305,0.000124,1.114048e+02,6.89509171
5306,0.000101,1.113919e+02,5.55238752
5307,0.000099,1.113810e+02,4.61521828
5308,0.000093,1.113711e+02,3.98487176
5309,0.000097,1.113651e+02,7.40563589
5310,0.000096,1.113511e+02,5.92763424
5311,0.000091,1.113394e+02,4.88877816
5312,0.000093,1.113290e+02,4.18403486
5313,0.000096,1.113243e+02,7.96495248
5314,0.000092,1.113090e+02,6.34058660
5315,0.000092,1.112964e+02,5.19147817
5316,0.000090,1.112853e+02,4.40559660
5317,0.000098,1.112822e+02,8.57680067
5318,0.000094,1.112654e+02,6.79407146
5319,0.000095,1.112517e+02,5.52546608
5320,0.000098,1.112399e+02,4.65119577
5321,0.000091,1.112386e+02,9.24525332
5322,0.000093,1.112200e+02,7.29110278
5323,0.000097,1.112052e+02,5.89297072
5324,0.000093,1.111924e+02,4.92246715
5325,0.000092,1.111809e+02,4.27460567
5326,0.000101,1.111728e+02,7.83487768
5327,0.000106,1.111566e+02,6.29631852
5328,0.001602,1.111428e+02,5.22105338
5329,0.000083,1.111305e+02,4.49727367
5330,0.000125,1.111235e+02,8.42891596
5331,0.000141,1.111057e+02,6.73794292
5332,0.000141,1.110908e+02,5.54855421
5333,0.000145,1.110776e+02,4.74145365
5334,0.000157,1.110721e+02,9.07681604
5335,0.000136,1.110524e+02,7.22031039
5336,0.000140,1.110362e+02,5.90652353
5337,0.000137,1.110220e+02,5.00792947
5338,0.000116,1.110184e+02,9.78245947
5339,0.000104,1.109966e+02,7.74602097
5340,0.000096,1.109790e+02,6.29651443
5341,0.000102,1.109637e+02,5.29736011
5342,0.000096,1.109623e+02,10.55003639
5343,0.000094,1.109382e+02,8.31784261
5344,0.000092,1.109189e+02,6.72012006
5345,0.000090,1.109024e+02,5.61032331
5346,0.000093,1.108875e+02,4.86864031
5347,0.000097,1.108772e+02,8.93877014
5348,0.000091,1.108561e+02,7.17908660
5349,0.000096,1.108384e+02,5.94745375
5350,0.000091,1.108225e+02,5.11628604
5351,0.000092,1.108138e+02,9.61231776
5352,0.000098,1.107908e+02,7.67544875
5353,0.000095,1.107717e+02,6.30953552
5354,0.000092,1.107548e+02,5.37855625
5355,0.000098,1.107485e+02,10.34227795
5356,0.000092,1.107233e+02,8.21159051
5357,0.000103,1.107028e+02,6.69773064
5358,0.000116,1.106849e+02,5.65547994
5359,0.000097,1.106817e+02,11.13315739
5360,0.000100,1.106542e+02,8.79057927
5361,0.000104,1.106322e+02,7.11389923
5362,0.000097,1.106134e+02,5.94781410
5363,0.000103,1.105963e+02,5.16531990
5364,0.000095,1.105842e+02,9.41637260
5365,0.000098,1.105607e+02,7.56092714
5366,0.001437,1.105409e+02,6.25747135
5367,0.000073,1.105233e+02,5.37151348
5368,0.000081,1.105142e+02,10.09424296
5369,0.000085,1.104891e+02,8.04299776
5370,0.000089,1.104685e+02,6.58778986
5371,0.000087,1.104505e+02,5.58599054
5372,0.000089,1.104452e+02,10.83043666
5373,0.000094,1.104185e+02,8.56558372
5374,0.000088,1.103971e+02,6.94371946
5375,0.000087,1.103788e+02,5.81320586
5376,0.000094,1.103785e+02,11.63244908
5377,0.000090,1.103501e+02,9.13552436
5378,0.000091,1.103278e+02,7.33181168
5379,0.000097,1.103093e+02,6.05953160
5380,0.000091,1.102928e+02,5.18838664
5381,0.000098,1.102847e+02,9.76071776
5382,0.000107,1.102616e+02,7.75990081
5383,0.000120,1.102428e+02,6.33292911
5384,0.000115,1.102265e+02,5.34230336
5385,0.000112,1.102232e+02,10.44995782
5386,0.000108,1.101991e+02,8.23655448
5387,0.000102,1.101801e+02,6.64218558
5388,0.000100,1.101640e+02,5.52104242
5389,0.000107,1.101497e+02,4.75517553
5390,0.000111,1.101410e+02,8.77016933
5391,0.000109,1.101216e+02,6.99602265
5392,0.000108,1.101057e+02,5.73382960
5393,0.000102,1.100919e+02,4.85971075
5394,0.000097,1.100875e+02,9.36877046
5395,0.000104,1.100676e+02,7.40241026
5396,0.000097,1.100517e+02,5.98902485
5397,0.000096,1.100382e+02,4.99772513
5398,0.000097,1.100261e+02,4.32234404
5399,0.000128,1.100179e+02,7.86787467
5400,0.000100,1.100018e+02,6.29336486
5401,0.000099,1.099886e+02,5.17638910
5402,0.000096,1.099769e+02,4.40562984
5403,0.000110,1.099724e+02,8.39770554
5404,0.001464,1.099559e+02,6.65182940
5405,0.000075,1.099426e+02,5.40083159
5406,0.000073,1.099313e+02,4.52725056
5407,0.000090,1.099306e+02,8.99590359
5408,0.000085,1.099134e+02,7.06773564
5409,0.000087,1.099000e+02,5.67419734
5410,0.000095,1.098888e+02,4.69046287
5411,0.000097,1.098789e+02,4.01616597
5412,0.000092,1.098739e+02,7.54334715
5413,0.000097,1.098601e+02,5.99821055
5414,0.000096,1.098489e+02,4.89684862
5415,0.000093,1.098391e+02,4.13338443
5416,0.000096,1.098371e+02,8.08062450
5417,0.000093,1.098226e+02,6.37387090
5418,0.000092,1.098111e+02,5.14694597
5419,0.000099,1.098014e+02,4.28744439
5420,0.000092,1.097927e+02,3.70417874
5421,0.000095,1.097870e+02,6.80195430
5422,0.000105,1.097751e+02,5.44088416
5423,0.000103,1.097652e+02,4.47816856
5424,0.000095,1.097565e+02,3.81764186
5425,0.000093,1.097530e+02,7.28364965
5426,0.000098,1.097405e+02,5.77895161
5427,0.000092,1.097304e+02,4.70535283
5428,0.000091,1.097216e+02,3.96092300
5429,0.000099,1.097204e+02,7.82062156
5430,0.000093,1.097071e+02,6.16183524
5431,0.000094,1.096966e+02,4.96909008
5432,0.000104,1.096876e+02,4.13378641
5433,0.000091,1.096796e+02,3.56782837
5434,0.000093,1.096747e+02,6.59082152
5435,0.000097,1.096636e+02,5.26998128
5436,0.000091,1.096544e+02,4.33642946
5437,0.000091,1.096463e+02,3.69700302
5438,0.000099,1.096431e+02,7.06791364
5439,0.000094,1.096313e+02,5.60919876
5440,0.000093,1.096217e+02,4.56952276
5441,0.000098,1.096135e+02,3.84995460
5442,0.000099,1.096122e+02,7.59564312
5443,0.000100,1.095996e+02,5.98841278
5444,0.001666,1.095896e+02,4.83418912
5445,0.000089,1.095811e+02,4.02746160
5446,0.000114,1.095734e+02,3.48245040
5447,0.000097,1.095684e+02,6.40979474
5448,0.000096,1.095578e+02,5.13199058
5449,0.000118,1.095490e+02,4.23069797
5450,0.000102,1.095412e+02,3.61513825
5451,0.000101,1.095378e+02,6.87604128
5452,0.000127,1.095265e+02,5.46488543
5453,0.000140,1.095173e+02,4.46115875
5454,0.000097,1.095092e+02,3.76844711
5455,0.000099,1.095076e+02,7.39019202
5456,0.000095,1.094955e+02,5.83513813
5457,0.000096,1.094858e+02,4.72060716
5458,0.000101,1.094775e+02,3.94380008
5459,0.000097,1.094700e+02,3.42087268
5460,0.000097,1.094648e+02,6.24533395
5461,0.000106,1.094545e+02,5.01106777
5462,0.000098,1.094459e+02,4.14284754
5463,0.000114,1.094383e+02,3.55195832
5464,0.000095,1.094345e+02,6.69842760
5465,0.000101,1.094235e+02,5.33481063
5466,0.000101,1.094145e+02,4.36741960
5467,0.000096,1.094066e+02,3.70208295
5468,0.000102,1.094045e+02,7.19761026
5469,0.000098,1.093927e+02,5.69429967
5470,0.000098,1.093833e+02,4.61950475
5471,0.000102,1.093751e+02,3.87289675
5472,0.000099,1.093749e+02,7.74640745
5473,0.000109,1.093621e+02,6.09223604
5474,0.000104,1.093521e+02,4.90125948
5475,0.000111,1.093437e+02,4.06618656
5476,0.000105,1.093361e+02,3.50015079
5477,0.000107,1.093318e+02,6.53156233
5478,0.000104,1.093211e+02,5.21502195
5479,0.000102,1.093123e+02,4.28388429
5480,0.000101,1.093045e+02,3.64601635
5481,0.000112,1.093017e+02,7.01555162
5482,0.001535,1.092903e+02,5.56332493
5483,0.000080,1.092810e+02,4.52804248
5484,0.000089,1.092729e+02,3.81164784
5485,0.000091,1.092720e+02,7.54767677
5486,0.000098,1.092596e+02,5.94886122
5487,0.000093,1.092497e+02,4.80083647
5488,0.000106,1.092414e+02,3.99885992
5489,0.000099,1.092338e+02,3.45774165
5490,0.000094,1.092290e+02,6.37454546
5491,0.000094,1.092185e+02,5.10460275
5492,0.000099,1.092098e+02,4.20959433
5493,0.000100,1.092020e+02,3.59924170
5494,0.000092,1.091986e+02,6.84359825
5495,0.000099,1.091874e+02,5.44185470
5496,0.000095,1.091782e+02,4.44590181
5497,0.000095,1.091702e+02,3.75976275
5498,0.000113,1.091684e+02,7.35942999
5499,0.000097,1.091563e+02,5.81525378
5500,0.000096,1.091466e+02,4.70994582
5501,0.000105,1.091383e+02,3.94111301
5502,0.000098,1.091307e+02,3.42506573
5503,0.000106,1.091253e+02,6.22766881
5504,0.000141,1.091149e+02,5.00403935
5505,0.000176,1.091062e+02,4.14522014
5506,0.000136,1.090985e+02,3.56259240
5507,0.000104,1.090943e+02,6.68225654
5508,0.000105,1.090832e+02,5.33066206
5509,0.000100,1.090741e+02,4.37411677
5510,0.000127,1.090661e+02,3.71851257
5511,0.000133,1.090634e+02,7.18235765
5512,0.000103,1.090515e+02,5.69243486
5513,0.000102,1.090418e+02,4.62994357
5514,0.000149,1.090335e+02,3.89461648
5515,0.000102,1.090326e+02,7.73160933
5516,0.000147,1.090197e+02,6.09217889
5517,0.000112,1.090094e+02,4.91497488
5518,0.000100,1.090007e+02,4.09279844
5519,0.000095,1.089928e+02,3.53846041
5520,0.001492,1.089878e+02,6.53293089
5521,0.000081,1.089768e+02,5.23164292
5522,0.000080,1.089677e+02,4.31507574
5523,0.000098,1.089595e+02,3.69073721
5524,0.000096,1.089559e+02,7.01803895
5525,0.000102,1.089441e+02,5.58255848
5526,0.000096,1.089344e+02,4.56357290
5527,0.000097,1.089259e+02,3.86266743
5528,0.000102,1.089239e+02,7.55103957
5529,0.000095,1.089111e+02,5.97048162
5530,0.000096,1.089008e+02,4.84052808
5531,0.000102,1.088919e+02,4.05611913
5532,0.000102,1.088918e+02,8.13578674
5533,0.000102,1.088778e+02,6.39838863
5534,0.000100,1.088668e+02,5.14832283
5535,0.000104,1.088575e+02,4.27306631
5536,0.000095,1.088491e+02,3.68141447
5537,0.000096,1.088443e+02,6.86948720
5538,0.000099,1.088325e+02,5.48950987
5539,0.000099,1.088226e+02,4.51561244
5540,0.000094,1.088139e+02,3.85087010
5541,0.000102,1.088105e+02,7.38732497
5542,0.000174,1.087977e+02,5.86683465
5543,0.000102,1.087872e+02,4.78597094
5544,0.000101,1.087780e+02,4.04142127
5545,0.000097,1.087764e+02,7.95564071
5546,0.000096,1.087623e+02,6.28319847
5547,0.000103,1.087511e+02,5.08647264
5548,0.000103,1.087415e+02,4.25499981
5549,0.000101,1.087327e+02,3.69842927
5550,0.000102,1.087264e+02,6.74172850
5551,0.000095,1.087143e+02,5.41961024
5552,0.000096,1.087041e+02,4.49365598
5553,0.000093,1.086950e+02,3.86792944
5554,0.000114,1.086899e+02,7.24587410
5555,0.000098,1.086768e+02,5.78805609
5556,0.000099,1.086659e+02,4.75953854
5557,0.000101,1.086562e+02,4.05819692
5558,0.001612,1.086526e+02,7.79926746
5559,0.000085,1.086383e+02,6.19462407
5560,0.000080,1.086266e+02,5.05489532
5561,0.000103,1.086164e+02,4.27107058
5562,0.000187,1.086144e+02,8.40585682
5563,0.000122,1.085987e+02,6.64233508
5564,0.000096,1.085861e+02,5.38209817
5565,0.000092,1.085752e+02,4.50845985
5566,0.000107,1.085654e+02,3.92577119
5567,0.000095,1.085580e+02,7.13442425
5568,0.000097,1.085443e+02,5.74366230
5569,0.000098,1.085327e+02,4.77235787
5570,0.000090,1.085222e+02,4.11878179
5571,0.000092,1.085160e+02,7.67445083
5572,0.000095,1.085010e+02,6.14226031
5573,0.000093,1.084885e+02,5.06480896
5574,0.000102,1.084774e+02,4.33366255
5575,0.000097,1.084725e+02,8.26612670
5576,0.000091,1.084561e+02,6.58066829
5577,0.000096,1.084426e+02,5.38789946
5578,0.000097,1.084307e+02,4.57196842
5579,0.000092,1.084274e+02,8.91346292
5580,0.000092,1.084093e+02,7.06183147
5581,0.000098,1.083946e+02,5.74377495
5582,0.000093,1.083818e+02,4.83522427
5583,0.000093,1.083806e+02,9.62077867
5584,0.000092,1.083604e+02,7.58886956
5585,0.000101,1.083444e+02,6.13463715
5586,0.000101,1.083306e+02,5.12490818
5587,0.000104,1.083181e+02,4.45073884
5588,0.000105,1.083094e+02,8.16508437
5589,0.000095,1.082918e+02,6.56277208
5590,0.000102,1.082769e+02,5.44247521
5591,0.000102,1.082635e+02,4.68802409
5592,0.000096,1.082560e+02,8.79412033
5593,0.000095,1.082366e+02,7.03057175
5594,0.000100,1.082205e+02,5.78931816
5595,0.000094,1.082061e+02,4.94627351
5596,0.001443,1.082002e+02,9.47971883
5597,0.000077,1.081788e+02,7.54048022
5598,0.000072,1.081613e+02,6.16679972
5599,0.000085,1.081458e+02,5.22590389
5600,0.000086,1.081421e+02,10.22596689
5601,0.000091,1.081184e+02,8.09513930
5602,0.000090,1.080993e+02,6.57635108
5603,0.000088,1.080827e+02,5.52728014
5604,0.000092,1.080817e+02,11.03736203
5605,0.000089,1.080555e+02,8.69747671
5606,0.000090,1.080346e+02,7.01958486
5607,0.000097,1.080169e+02,5.85085231
5608,0.000092,1.080008e+02,5.06658041
5609,0.000092,1.079903e+02,9.35083178
5610,0.000091,1.079676e+02,7.49850137
5611,0.000099,1.079486e+02,6.19741504
5612,0.000123,1.079316e+02,5.31480776
5613,0.000100,1.079233e+02,10.05933651
5614,0.000111,1.078987e+02,8.01571454
5615,0.000100,1.078783e+02,6.56831152
5616,0.000091,1.078605e+02,5.57559322
5617,0.000098,1.078553e+02,10.82768856
5618,0.000092,1.078284e+02,8.57457210
5619,0.000093,1.078068e+02,6.96575856
5620,0.000099,1.077881e+02,5.85010180
5621,0.000099,1.077869e+02,11.66163140
5622,0.000095,1.077578e+02,9.17951830
5623,0.000100,1.077349e+02,7.39319511
5624,0.000097,1.077154e+02,6.14088160
5625,0.000108,1.076980e+02,5.29133345
5626,0.000139,1.076878e+02,9.83622928
5627,0.000115,1.076635e+02,7.85552548
5628,0.000099,1.076433e+02,6.45220241
5629,0.000093,1.076257e+02,5.48729443
5630,0.000098,1.076195e+02,10.55189840
5631,0.000096,1.075937e+02,8.35917170
5632,0.000233,1.075729e+02,6.79005168
5633,0.000156,1.075551e+02,5.69697813
5634,0.001658,1.075539e+02,11.33458349
5635,0.000085,1.075266e+02,8.91170852
5636,0.000082,1.075052e+02,7.16189489
5637,0.000093,1.074872e+02,5.92782969
5638,0.000094,1.074713e+02,5.08266067
5639,0.000101,1.074630e+02,9.52157683
5640,0.000100,1.074409e+02,7.57622768
5641,0.000094,1.074228e+02,6.18860065
5642,0.000091,1.074072e+02,5.22490289
5643,0.000093,1.074038e+02,10.19778471
5644,0.000100,1.073807e+02,8.04189192
5645,0.000098,1.073625e+02,6.48842871
5646,0.000099,1.073472e+02,5.39551833
5647,0.000100,1.073335e+02,4.64837966
5648,0.000094,1.073251e+02,8.56716255
5649,0.000095,1.073066e+02,6.83589155
5650,0.000100,1.072914e+02,5.60359622
5651,0.000095,1.072782e+02,4.74967225
5652,0.000106,1.072741e+02,9.15959987
5653,0.000102,1.072550e+02,7.23840657
5654,0.000094,1.072398e+02,5.85688326
5655,0.000094,1.072270e+02,4.88749506
5656,0.000098,1.072154e+02,4.22679250
5657,0.000095,1.072076e+02,7.70175065
5658,0.000096,1.071923e+02,6.16123643
5659,0.000100,1.071796e+02,5.06804705
5660,0.000095,1.071685e+02,4.31358406
5661,0.000096,1.071641e+02,8.23045390
5662,0.000094,1.071483e+02,6.52073130
5663,0.000099,1.071356e+02,5.29543009
5664,0.000093,1.071247e+02,4.43980285
5665,0.000094,1.071241e+02,8.82793938
5666,0.000099,1.071075e+02,6.93796811
5667,0.000095,1.070946e+02,5.57194301
5668,0.000097,1.070838e+02,4.60775627
5669,0.000099,1.070743e+02,3.94716080
5670,0.000099,1.070694e+02,7.41477064
5671,0.000095,1.070561e+02,5.89876634
5672,0.000107,1.070452e+02,4.81838853
5673,0.000093,1.070357e+02,4.06984930
5674,0.000297,1.070337e+02,7.95292000
5675,0.000354,1.070196e+02,6.27666304
5676,0.000316,1.070085e+02,5.07193831
5677,0.001875,1.069990e+02,4.22841958
5678,0.000117,1.069905e+02,3.65650029
5679,0.000140,1.069849e+02,6.70642790
5680,0.000108,1.069733e+02,5.36851737
5681,0.000110,1.069636e+02,4.42263683
5682,0.000103,1.069551e+02,3.77417543
5683,0.000098,1.069515e+02,7.18941582
5684,0.000101,1.069393e+02,5.70857374
5685,0.000211,1.069294e+02,4.65243972
5686,0.000098,1.069207e+02,3.92063071
5687,0.000097,1.069194e+02,7.72754419
5688,0.000105,1.069063e+02,6.09304897
5689,0.000114,1.068960e+02,4.91817128
5690,0.000113,1.068872e+02,4.09586594
5691,0.000110,1.068793e+02,3.53918010
5692,0.000107,1.068743e+02,6.52351099
5693,0.000149,1.068633e+02,5.22071523
5694,0.000118,1.068543e+02,4.30035424
5695,0.000098,1.068462e+02,3.67039915
5696,0.000102,1.068429e+02,7.00222855
5697,0.000095,1.068313e+02,5.56151505
5698,0.000101,1.068219e+02,4.53503613
5699,0.000098,1.068137e+02,3.82499431
5700,0.000104,1.068123e+02,7.53198236
5701,0.000105,1.067998e+02,5.94248787
5702,0.000094,1.067899e+02,4.80127823
5703,0.000096,1.067814e+02,4.00397842
5704,0.000098,1.067738e+02,3.46563356
5705,0.000098,1.067688e+02,6.36602195
5706,0.000092,1.067583e+02,5.10085306
5707,0.000100,1.067495e+02,4.20872721
5708,0.000093,1.067418e+02,3.59967734
5709,0.000094,1.067383e+02,6.83500115
5710,0.000093,1.067271e+02,5.43589875
5711,0.000100,1.067179e+02,4.44090767
5712,0.000097,1.067099e+02,3.75441158
5713,0.000096,1.067082e+02,7.35264107
5714,0.000101,1.066961e+02,5.80884030
5715,0.000102,1.066865e+02,4.70243222
5716,0.001483,1.066782e+02,3.93139643
5717,0.000077,1.066708e+02,3.41245616
5718,0.000075,1.066655e+02,6.22241026
5719,0.000098,1.066553e+02,4.99545789
5720,0.000099,1.066467e+02,4.13240221
5721,0.000091,1.066391e+02,3.54506710
5722,0.000092,1.066352e+02,6.67970151
5723,0.000099,1.066243e+02,5.32237673
5724,0.000092,1.066154e+02,4.35936832
5725,0.000092,1.066075e+02,3.69700876
5726,0.000098,1.066053e+02,7.18404786
5727,0.000095,1.065936e+02,5.68577283
5728,0.000093,1.065841e+02,4.61438755
5729,0.000097,1.065760e+02,3.87002218
5730,0.000094,1.065757e+02,7.73912276
5731,0.000095,1.065630e+02,6.08846842
5732,0.000096,1.065530e+02,4.89971895
5733,0.000109,1.065445e+02,4.06598260
5734,0.000131,1.065370e+02,3.50068637
5735,0.000140,1.065327e+02,6.53353293
5736,0.000124,1.065220e+02,5.21780499
5737,0.000105,1.065132e+02,4.28691032
5738,0.000107,1.065054e+02,3.64895277
5739,0.000117,1.065026e+02,7.02437225
5740,0.000118,1.064911e+02,5.57128670
5741,0.000129,1.064818e+02,4.53494875
5742,0.000127,1.064738e+02,3.81746797
5743,0.000130,1.064728e+02,7.56460683
5744,0.000105,1.064604e+02,5.96297369
5745,0.000112,1.064505e+02,4.81236882
5746,0.000101,1.064422e+02,4.00812691
5747,0.000097,1.064346e+02,3.46512368
5748,0.000136,1.064298e+02,6.39590700
5749,0.000142,1.064193e+02,5.12160837
5750,0.000102,1.064105e+02,4.22295542
5751,0.000093,1.064028e+02,3.60965873
5752,0.000106,1.063994e+02,6.87344341
5753,0.000112,1.063881e+02,5.46528917
5754,0.001537,1.063789e+02,4.46409333
5755,0.000087,1.063708e+02,3.77377373
5756,0.000094,1.063692e+02,7.39914538
5757,0.000095,1.063569e+02,5.84619128
5758,0.000097,1.063472e+02,4.73379964
5759,0.000095,1.063388e+02,3.95935641
5760,0.000092,1.063312e+02,3.43902156
5761,0.000091,1.063258e+02,6.26731339
5762,0.000096,1.063154e+02,5.03449025
5763,0.000093,1.063067e+02,4.16841913
5764,0.000097,1.062989e+02,3.58023692
5765,0.000100,1.062948e+02,6.73195394
5766,0.000095,1.062836e+02,5.36875600
5767,0.000093,1.062744e+02,4.40308490
5768,0.000099,1.062663e+02,3.74047296
5769,0.000099,1.062638e+02,7.24361138
5770,0.000094,1.062518e+02,5.73933981
5771,0.000100,1.062420e+02,4.66559175
5772,0.000093,1.062336e+02,3.92160078
5773,0.000094,1.062329e+02,7.80609747
5774,0.000099,1.062198e+02,6.14919662
5775,0.000095,1.062095e+02,4.95831925
5776,0.000095,1.062006e+02,4.12560092
5777,0.000101,1.061927e+02,3.56338295
5778,0.000097,1.061878e+02,6.60151105
5779,0.000101,1.061767e+02,5.28381443
5780,0.000097,1.061674e+02,4.35458321
5781,0.000098,1.061592e+02,3.72072279
5782,0.000096,1.061557e+02,7.09979436
5783,0.000101,1.061437e+02,5.64481332
5784,0.000099,1.061339e+02,4.61077136
5785,0.000095,1.061253e+02,3.89849111
5786,0.000096,1.061235e+02,7.64776404
5787,0.000103,1.061105e+02,6.04421369
5788,0.000095,1.061000e+02,4.89651080
5789,0.000101,1.060910e+02,4.09864323
5790,0.000104,1.060829e+02,3.56387895
5791,0.000094,1.060770e+02,6.48514011
5792,0.001604,1.060658e+02,5.21431018
5793,0.000084,1.060563e+02,4.32326026
5794,0.000082,1.060478e+02,3.71994836
5795,0.000115,1.060432e+02,6.97103202
5796,0.000101,1.060311e+02,5.56686082
5797,0.000101,1.060210e+02,4.57453471
5798,0.000102,1.060122e+02,3.89611011
5799,0.000098,1.060090e+02,7.50553120
5800,0.000097,1.059959e+02,5.95700977
5801,0.000100,1.059852e+02,4.85477493
5802,0.000097,1.059759e+02,4.09428485
5803,0.000098,1.059745e+02,8.09260350
5804,0.000103,1.059601e+02,6.38782300
5805,0.000106,1.059487e+02,5.16643250
5806,0.000097,1.059388e+02,4.31649585
5807,0.000098,1.059299e+02,3.74656835
5808,0.000102,1.059237e+02,6.86260059
5809,0.000107,1.059113e+02,5.51212731
5810,0.000097,1.059009e+02,4.56488803
5811,0.000108,1.058915e+02,3.92366155
5812,0.000096,1.058866e+02,7.38498024
5813,0.000096,1.058731e+02,5.89466791
5814,0.000109,1.058620e+02,4.84170807
5815,0.000099,1.058521e+02,4.12246702
5816,0.000099,1.058487e+02,7.95879842
5817,0.000102,1.058340e+02,6.31701492
5818,0.000097,1.058219e+02,5.14930642
5819,0.000095,1.058115e+02,4.34489342
5820,0.000096,1.058099e+02,8.58822786
5821,0.000104,1.057936e+02,6.78234865
5822,0.000097,1.057806e+02,5.49016293
5823,0.000094,1.057695e+02,4.59291830
5824,0.000099,1.057593e+02,3.99339464
5825,0.000093,1.057520e+02,7.29407793
5826,0.000096,1.057379e+02,5.86690786
5827,0.000098,1.057259e+02,4.86860216
5828,0.000096,1.057151e+02,4.19562706
5829,0.000098,1.057090e+02,7.85595310
5830,0.001500,1.056935e+02,6.28233528
5831,0.000081,1.056806e+02,5.17405334
5832,0.000075,1.056691e+02,4.42059981
5833,0.000099,1.056645e+02,8.47189019
5834,0.000095,1.056474e+02,6.73934899
5835,0.000097,1.056334e+02,5.51142027
5836,0.000094,1.056211e+02,4.66987279
5837,0.000099,1.056182e+02,9.14612414
5838,0.000098,1.055993e+02,7.24103200
5839,0.000092,1.055840e+02,5.88291113
5840,0.000094,1.055708e+02,4.94496614
5841,0.000099,1.055700e+02,9.88322084
5842,0.000095,1.055490e+02,7.79065522
5843,0.000094,1.055323e+02,6.29079458
5844,0.000095,1.055180e+02,5.24734798
5845,0.000098,1.055050e+02,4.54900532
5846,0.000095,1.054964e+02,8.39169170
5847,0.000103,1.054781e+02,6.73743760
5848,0.000104,1.054626e+02,5.57846995
5849,0.000100,1.054487e+02,4.79596298
5850,0.000095,1.054415e+02,9.04799204
5851,0.000100,1.054213e+02,7.22533734
5852,0.000098,1.054044e+02,5.93973866
5853,0.000095,1.053895e+02,5.06412716
5854,0.000114,1.053841e+02,9.76353858
5855,0.000252,1.053618e+02,7.75708161
5856,0.000165,1.053435e+02,6.33257252
5857,0.000141,1.053275e+02,5.35388527
5858,0.000125,1.053245e+02,10.54272235
5859,0.000123,1.052997e+02,8.33552254
5860,0.000129,1.052798e+02,6.75853272
5861,0.000134,1.052626e+02,5.66565615
5862,0.000136,1.052470e+02,4.93692103
5863,0.000132,1.052353e+02,8.96388405
5864,0.000138,1.052136e+02,7.21950213
5865,0.000143,1.051952e+02,6.00011477
5866,0.000143,1.051786e+02,5.17800630
5867,0.000144,1.051688e+02,9.64609520
5868,0.000142,1.051453e+02,7.71789551
5869,0.001483,1.051256e+02,6.35838882
5870,0.000073,1.051082e+02,5.43147589
5871,0.000071,1.051010e+02,10.38663374
5872,0.000092,1.050754e+02,8.25679913
5873,0.000085,1.050544e+02,6.74237707
5874,0.000085,1.050362e+02,5.69811466
5875,0.000091,1.050326e+02,11.19096645
5876,0.000087,1.050047e+02,8.84032646
5877,0.000088,1.049825e+02,7.15510864
5878,0.000093,1.049635e+02,5.97996505
5879,0.000089,1.049463e+02,5.18800322
5880,0.000089,1.049343e+02,9.47379576
5881,0.000095,1.049108e+02,7.60103028
5882,0.000090,1.048910e+02,6.28071575
5883,0.000090,1.048735e+02,5.37855996
5884,0.000097,1.048652e+02,10.16403203
5885,0.000092,1.048402e+02,8.08613295
5886,0.000092,1.048198e+02,6.60580805
5887,0.000095,1.048021e+02,5.58061153
5888,0.000096,1.047984e+02,10.91886194
5889,0.000091,1.047719e+02,8.61770230
5890,0.000091,1.047509e+02,6.96231558
5891,0.000097,1.047331e+02,5.80106126
5892,0.000090,1.047172e+02,5.01078940
5893,0.000121,1.047069e+02,9.20407950
5894,0.000101,1.046853e+02,7.35858192
5895,0.000093,1.046673e+02,6.04839840
5896,0.000095,1.046517e+02,5.14381011
5897,0.000099,1.046459e+02,9.85435311
5898,0.000096,1.046235e+02,7.80357726
5899,0.000094,1.046054e+02,6.33186598
5900,0.000094,1.045900e+02,5.30192876
5901,0.000091,1.045896e+02,10.57738223
5902,0.000092,1.045661e+02,8.30599541
5903,0.000097,1.045478e+02,6.66047919
5904,0.000093,1.045326e+02,5.49463388
5905,0.000092,1.045193e+02,4.69115449
5906,0.000099,1.045133e+02,8.87375342
5907,0.000098,1.044946e+02,7.04226602
5908,0.000093,1.044795e+02,5.73040076
5909,0.001596,1.044665e+02,4.81439394
5910,0.000079,1.044651e+02,9.51389368
5911,0.000075,1.044456e+02,7.48383011
5912,0.000093,1.044305e+02,6.01596741
5913,0.000125,1.044177e+02,4.97878855
5914,0.000103,1.044065e+02,4.26645360
5915,0.000097,1.044007e+02,7.99015007
5916,0.000096,1.043852e+02,6.35612214
5917,0.000119,1.043725e+02,5.18931209
5918,0.000122,1.043616e+02,4.37812910
5919,0.000108,1.043594e+02,8.56520958
5920,0.000114,1.043432e+02,6.75409215
5921,0.000096,1.043305e+02,5.44898768
5922,0.000092,1.043197e+02,4.53139863
5923,0.000094,1.043101e+02,3.90544012
5924,0.000091,1.043042e+02,7.21199219
5925,0.000091,1.042911e+02,5.75941211
5926,0.000098,1.042803e+02,4.72771942
5927,0.000089,1.042708e+02,4.01578757
5928,0.000098,1.042676e+02,7.73167991
5929,0.000097,1.042539e+02,6.12151823
5930,0.000096,1.042429e+02,4.96758949
5931,0.000093,1.042334e+02,4.16257648
5932,0.000099,1.042331e+02,8.31506689
5933,0.000092,1.042185e+02,6.53610502
5934,0.000094,1.042071e+02,5.25116740
5935,0.000092,1.041976e+02,4.34566090
5936,0.000097,1.041891e+02,3.72720827
5937,0.000091,1.041847e+02,7.00433745
5938,0.000092,1.041727e+02,5.57880642
5939,0.000096,1.041629e+02,4.56494831
5940,0.000089,1.041543e+02,3.86486739
5941,0.000091,1.041522e+02,7.52808743
5942,0.000095,1.041394e+02,5.95136205
5943,0.000091,1.041292e+02,4.82069338
5944,0.000092,1.041205e+02,4.03180132
5945,0.000098,1.041126e+02,3.49961825
5946,0.000094,1.041071e+02,6.37025273
5947,0.001396,1.040963e+02,5.11364937
5948,0.000081,1.040874e+02,4.22836923
5949,0.000076,1.040794e+02,3.62443325
5950,0.000084,1.040755e+02,6.83761699
5951,0.000087,1.040641e+02,5.44514350
5952,0.000085,1.040548e+02,4.45540923
5953,0.000087,1.040467e+02,3.77286383
5954,0.000089,1.040446e+02,7.35614640
5955,0.000092,1.040324e+02,5.81700620
5956,0.000089,1.040227e+02,4.71420904
5957,0.000093,1.040143e+02,3.94584647
5958,0.000092,1.040067e+02,3.42866133
5959,0.000089,1.040013e+02,6.23156664
5960,0.000091,1.039910e+02,5.00648645
5961,0.000096,1.039823e+02,4.14470492
5962,0.000090,1.039746e+02,3.55808093
5963,0.000091,1.039706e+02,6.69166880
5964,0.000096,1.039596e+02,5.33434723
5965,0.000104,1.039506e+02,4.37107913
5966,0.000156,1.039427e+02,3.70822976
5967,0.000102,1.039404e+02,7.20051814
5968,0.000091,1.039286e+02,5.70020695
5969,0.000092,1.039191e+02,4.62687508
5970,0.000096,1.039109e+02,3.88065862
5971,0.000092,1.039107e+02,7.76174865
5972,0.000096,1.038979e+02,6.10680680
5973,0.000095,1.038879e+02,4.91424849
5974,0.000097,1.038794e+02,4.07713203
5975,0.000092,1.038718e+02,3.50887518
5976,0.000099,1.038676e+02,6.55720035
5977,0.000111,1.038568e+02,5.23559950
5978,0.000102,1.038480e+02,4.29961656
5979,0.000115,1.038402e+02,3.65730198
5980,0.000112,1.038375e+02,7.05482611
5981,0.000095,1.038260e+02,5.59357194
5982,0.000094,1.038167e+02,4.55024324
5983,0.000097,1.038087e+02,3.82682613
5984,0.000142,1.038079e+02,7.60337782
5985,0.001590,1.037954e+02,5.99101349
5986,0.000082,1.037856e+02,4.83130100
5987,0.000074,1.037772e+02,4.01935136
5988,0.000093,1.037697e+02,3.46997177
5989,0.000086,1.037651e+02,6.43103157
5990,0.000090,1.037546e+02,5.14526922
5991,0.000088,1.037458e+02,4.23693250
5992,0.000085,1.037381e+02,3.61559489
5993,0.000093,1.037350e+02,6.91707319
5994,0.000089,1.037237e+02,5.49483042
5995,0.000089,1.037145e+02,4.48175387
5996,0.000093,1.037065e+02,3.78152501
5997,0.000089,1.037052e+02,7.45281478
5998,0.000091,1.036930e+02,5.88284348
5999,0.000096,1.036832e+02,4.75613223
6000,0.000091,1.036749e+02,3.96969675
6001,0.000089,1.036674e+02,3.43958754
6002,0.000097,1.036624e+02,6.31240338
6003,0.000092,1.036520e+02,5.06255383
6004,0.000096,1.036433e+02,4.18217883
6005,0.000094,1.036356e+02,3.58222509
6006,0.000090,1.036320e+02,6.78692175
6007,0.000092,1.036208e+02,5.40369162
6008,0.000093,1.036117e+02,4.42115854
6009,0.000096,1.036037e+02,3.74454716
6010,0.000093,1.036018e+02,7.31002887
6011,0.000093,1.035897e+02,5.78238364
6012,0.000098,1.035801e+02,4.68894674
6013,0.000092,1.035718e+02,3.92848547
6014,0.000091,1.035642e+02,3.41814470
6015,0.000097,1.035587e+02,6.20169139
6016,0.000091,1.035484e+02,4.98801399
6017,0.000089,1.035397e+02,4.13609955
6018,0.000097,1.035319e+02,3.55810657
6019,0.000093,1.035277e+02,6.66497824
6020,0.000090,1.035167e+02,5.32100902
6021,0.000101,1.035075e+02,4.36956407
6022,0.000091,1.034995e+02,3.71723958
6023,0.000098,1.034968e+02,7.17581993
6024,0.000117,1.034849e+02,5.69073940
6025,0.000106,1.034752e+02,4.63117327
6026,0.000092,1.034668e+02,3.89746179
6027,0.000092,1.034660e+02,7.73811341
6028,0.000099,1.034530e+02,6.10022991
6029,0.001648,1.034427e+02,4.92336679
6030,0.000106,1.034340e+02,4.10080486
6031,0.000075,1.034261e+02,3.54571469
6032,0.000101,1.034211e+02,6.55274211
6033,0.000096,1.034101e+02,5.24875576
6034,0.000108,1.034009e+02,4.32943323
6035,0.000102,1.033927e+02,3.70252663
6036,0.000091,1.033892e+02,7.05186830
6037,0.000093,1.033773e+02,5.61014475
6038,0.000097,1.033675e+02,4.58562999
6039,0.000173,1.033590e+02,3.88000790
6040,0.000167,1.033571e+02,7.60142163
6041,0.000097,1.033442e+02,6.01050854
6042,0.000110,1.033338e+02,4.87180526
6043,0.000142,1.033249e+02,4.08016806
6044,0.000103,1.033168e+02,3.54952724
6045,0.000102,1.033109e+02,6.45305612
6046,0.000121,1.032998e+02,5.19053704
6047,0.000137,1.032904e+02,4.30514655
6048,0.000102,1.032820e+02,3.70550304
6049,0.000093,1.032773e+02,6.94131702
6050,0.000095,1.032653e+02,5.54459140
6051,0.000097,1.032554e+02,4.55719948
6052,0.000091,1.032466e+02,3.88184960
6053,0.000094,1.032435e+02,7.47903748
6054,0.000106,1.032304e+02,5.93689895
6055,0.000102,1.032198e+02,4.83870491
6056,0.000102,1.032106e+02,4.08054611
6057,0.000096,1.032093e+02,8.07029938
6058,0.000102,1.031950e+02,6.37061758
6059,0.000097,1.031836e+02,5.15219045
6060,0.000092,1.031738e+02,4.30368030
6061,0.000094,1.031650e+02,3.73415431
6062,0.000089,1.031590e+02,6.84915009
6063,0.000092,1.031466e+02,5.50035953
6064,0.000097,1.031363e+02,4.55346805
6065,0.000091,1.031270e+02,3.91174229
6066,0.000090,1.031223e+02,7.37624595
6067,0.000102,1.031089e+02,5.88611259
6068,0.000091,1.030978e+02,4.83223498
6069,0.001421,1.030880e+02,4.11142896
6070,0.000073,1.030848e+02,7.95587136
6071,0.000071,1.030702e+02,6.31251485
6072,0.000092,1.030583e+02,5.14242054
6073,0.000086,1.030479e+02,4.33520196
6074,0.000086,1.030466e+02,8.59234472
6075,0.000092,1.030304e+02,6.78286415
6076,0.000088,1.030175e+02,5.48660480
6077,0.000088,1.030065e+02,4.58512926
6078,0.000093,1.029964e+02,3.98159127
6079,0.000091,1.029895e+02,7.30070311
6080,0.000089,1.029754e+02,5.86753202
6081,0.000090,1.029636e+02,4.86337527
6082,0.000094,1.029529e+02,4.18502572
6083,0.000091,1.029472e+02,7.86993158
6084,0.000093,1.029318e+02,6.28812573
6085,0.000097,1.029190e+02,5.17216832
6086,0.000089,1.029077e+02,4.41180930
6087,0.000089,1.029035e+02,8.49463907
6088,0.000101,1.028865e+02,6.75143933
6089,0.000092,1.028726e+02,5.51379585
6090,0.000091,1.028605e+02,4.66363956
6091,0.000097,1.028581e+02,9.17925708
6092,0.000094,1.028393e+02,7.26072639
6093,0.000092,1.028242e+02,5.89062557
6094,0.000097,1.028111e+02,4.94219658
6095,0.000094,1.028110e+02,9.92857356
6096,0.000091,1.027901e+02,7.81945121
6097,0.000097,1.027735e+02,6.30510745
6098,0.000093,1.027593e+02,5.24913130
6099,0.000090,1.027465e+02,4.54037224
6100,0.000093,1.027386e+02,8.43130442
6101,0.000107,1.027204e+02,6.75981142
6102,0.000122,1.027050e+02,5.58609937
6103,0.000134,1.026913e+02,4.79138954
6104,0.000164,1.026848e+02,9.10037335
6105,0.000162,1.026647e+02,7.25745401
6106,0.000133,1.026480e+02,5.95472615
6107,0.001635,1.026333e+02,5.06501627
6108,0.000080,1.026287e+02,9.83089612
6109,0.000075,1.026064e+02,7.80085339
6110,0.000098,1.025882e+02,6.35665352
6111,0.000083,1.025724e+02,5.36187052
6112,0.000086,1.025703e+02,10.62752866
6113,0.000094,1.025455e+02,8.39309045
6114,0.000089,1.025257e+02,6.79365418
6115,0.000096,1.025086e+02,5.68258118
6116,0.000094,1.024932e+02,4.93972707
6117,0.000089,1.024822e+02,9.03760240
6118,0.000090,1.024606e+02,7.26779079
6119,0.000095,1.024423e+02,6.02798624
6120,0.000089,1.024258e+02,5.19009801
6121,0.000090,1.024168e+02,9.73849754
6122,0.000097,1.023932e+02,7.78160120
6123,0.000091,1.023735e+02,6.39929741
6124,0.000089,1.023562e+02,5.45485423
6125,0.000095,1.023498e+02,10.50038660
6126,0.000109,1.023240e+02,8.33822099
6127,0.000092,1.023030e+02,6.79839511
6128,0.000089,1.022847e+02,5.73471158
6129,0.000097,1.022820e+02,11.32881953
6130,0.000092,1.022539e+02,8.94173372
6131,0.000092,1.022314e+02,7.22817919
6132,0.000098,1.022123e+02,6.03150228
6133,0.000092,1.021950e+02,5.22391338
6134,0.000093,1.021836e+02,9.59736665
6135,0.000098,1.021597e+02,7.69287734
6136,0.000102,1.021397e+02,6.34858516
6137,0.000095,1.021221e+02,5.42899174
6138,0.000096,1.021142e+02,10.31183095
6139,0.000092,1.020888e+02,8.19821787
6140,0.000089,1.020681e+02,6.69100512
6141,0.000097,1.020501e+02,5.64619122
6142,0.000093,1.020469e+02,11.09287785
6143,0.000094,1.020198e+02,8.75126139
6144,0.000098,1.019984e+02,7.06547156
6145,0.000097,1.019802e+02,5.88193177
6146,0.001464,1.019639e+02,5.07598033
6147,0.000077,1.019538e+02,9.36025146
6148,0.000080,1.019316e+02,7.48010592
6149,0.000085,1.019132e+02,6.14436917
6150,0.000088,1.018971e+02,5.22151696
6151,0.000087,1.018916e+02,10.03437236
6152,0.000087,1.018685e+02,7.94387922
6153,0.000087,1.018499e+02,6.44266203
6154,0.000104,1.018341e+02,5.39130777
6155,0.000091,1.018340e+02,10.78279215
6156,0.000099,1.018097e+02,8.46574248
6157,0.000279,1.017908e+02,6.78603934
6158,0.000157,1.017752e+02,5.59501742
6159,0.000114,1.017614e+02,4.77344581
6160,0.000107,1.017555e+02,9.05409375
6161,0.000097,1.017361e+02,7.18300668
6162,0.000100,1.017205e+02,5.84159995
6163,0.000100,1.017071e+02,4.90393560
6164,0.000123,1.017059e+02,9.71659776
6165,0.000103,1.016858e+02,7.64080601
6166,0.000120,1.016701e+02,6.13846065
6167,0.000096,1.016570e+02,5.07558199
6168,0.000096,1.016454e+02,4.34444584
6169,0.000105,1.016397e+02,8.16509294
6170,0.000099,1.016236e+02,6.49110356
6171,0.000124,1.016106e+02,5.29412146
6172,0.000116,1.015993e+02,4.46046839
6173,0.000097,1.015974e+02,8.76047637
6174,0.000101,1.015807e+02,6.90339969
6175,0.000095,1.015675e+02,5.56325992
6176,0.000096,1.015564e+02,4.61921241
6177,0.000090,1.015465e+02,3.97363686
6178,0.000090,1.015408e+02,7.37797097
6179,0.000098,1.015272e+02,5.88511621
6180,0.000091,1.015161e+02,4.82268980
6181,0.000091,1.015064e+02,4.08764689
6182,0.000106,1.015036e+02,7.91704954
6183,0.000091,1.014894e+02,6.26097495
6184,0.000091,1.014781e+02,5.07175433
6185,0.000098,1.014684e+02,4.23990355
6186,0.001440,1.014597e+02,3.67629060
6187,0.000075,1.014536e+02,6.69184409
6188,0.000088,1.014419e+02,5.36676362
6189,0.000091,1.014321e+02,4.43046437
6190,0.000089,1.014234e+02,3.78884325
6191,0.000086,1.014195e+02,7.17910787
6192,0.000086,1.014071e+02,5.70818182
6193,0.000088,1.013971e+02,4.65930022
6194,0.000091,1.013884e+02,3.93259973
6195,0.000089,1.013868e+02,7.72466017
6196,0.000094,1.013736e+02,6.09687150
6197,0.000094,1.013632e+02,4.92665740
6198,0.000091,1.013543e+02,4.10746447
6199,0.000088,1.013463e+02,3.55265236
6200,0.000108,1.013411e+02,6.53431771
6201,0.000093,1.013301e+02,5.23329400
6202,0.000094,1.013210e+02,4.31377006
6203,0.000095,1.013129e+02,3.68398036
6204,0.000089,1.013095e+02,7.02275165
6205,0.000092,1.012978e+02,5.58056025
6206,0.000096,1.012883e+02,4.55233637
6207,0.000091,1.012800e+02,3.84046462
6208,0.000093,1.012786e+02,7.56499524
6209,0.000099,1.012661e+02,5.97034461
6210,0.000105,1.012561e+02,4.82446107
6211,0.000097,1.012476e+02,4.02302942
6212,0.000092,1.012399e+02,3.48115197
6213,0.000098,1.012349e+02,6.40507759
6214,0.000090,1.012243e+02,5.13190915
6215,0.000096,1.012155e+02,4.23301620
6216,0.000095,1.012077e+02,3.61838038
6217,0.000092,1.012043e+02,6.88775090
6218,0.000092,1.011930e+02,5.47687100
6219,0.000098,1.011837e+02,4.47211143
6220,0.000090,1.011757e+02,3.77765889
6221,0.000112,1.011742e+02,7.42175445
6222,0.000114,1.011620e+02,5.86188054
6223,0.000099,1.011523e+02,4.74229539
6224,0.000106,1.011440e+02,3.96059196
6225,0.001708,1.011365e+02,3.43326468
6226,0.000083,1.011314e+02,6.28982850
6227,0.000076,1.011211e+02,5.04583450
6228,0.000096,1.011124e+02,4.16903040
6229,0.000092,1.011047e+02,3.57086194
6230,0.000090,1.011011e+02,6.76400831
6231,0.000089,1.010901e+02,5.38526567
6232,0.000095,1.010810e+02,4.40502390
6233,0.000088,1.010731e+02,3.72904416
6234,0.000088,1.010713e+02,7.28799813
6235,0.000095,1.010594e+02,5.76335177
6236,0.000091,1.010498e+02,4.67080160
6237,0.000091,1.010416e+02,3.90966336
6238,0.000094,1.010342e+02,3.39763267
6239,0.000092,1.010289e+02,6.18312286
6240,0.000094,1.010187e+02,4.96879145
6241,0.000097,1.010102e+02,4.11473607
6242,0.000091,1.010026e+02,3.53369555
6243,0.000097,1.009987e+02,6.64794267
6244,0.000091,1.009878e+02,5.30162787
6245,0.000097,1.009789e+02,4.34641974
6246,0.000091,1.009710e+02,3.68949966
6247,0.000093,1.009688e+02,7.16141668
6248,0.000098,1.009571e+02,5.67212731
6249,0.000093,1.009476e+02,4.60701020
6250,0.000092,1.009395e+02,3.86696326
6251,0.000099,1.009392e+02,7.72749495
6252,0.000093,1.009265e+02,6.08334197
6253,0.000093,1.009165e+02,4.89896291
6254,0.000098,1.009080e+02,4.06813109
6255,0.000093,1.009004e+02,3.50473535
6256,0.000094,1.008961e+02,6.53857838
6257,0.000098,1.008854e+02,5.22491715
6258,0.000092,1.008765e+02,4.29519056
6259,0.000093,1.008687e+02,3.65786193
6260,0.000100,1.008659e+02,7.04148838
6261,0.000106,1.008543e+02,5.58771629
6262,0.000100,1.008450e+02,4.55045536
6263,0.000091,1.008369e+02,3.83205080
6264,0.000100,1.008359e+02,7.59596333
6265,0.001471,1.008234e+02,5.99038633
6266,0.000080,1.008134e+02,4.83637412
6267,0.000071,1.008050e+02,4.02934589
6268,0.000083,1.007974e+02,3.48420502
6269,0.000083,1.007925e+02,6.43620079
6270,0.000090,1.007819e+02,5.15557193
6271,0.000090,1.007730e+02,4.25192807
6272,0.000087,1.007652e+02,3.63486869
6273,0.000092,1.007618e+02,6.92876589
6274,0.000092,1.007504e+02,5.51087014
6275,0.000112,1.007410e+02,4.50210102
6276,0.000097,1.007328e+02,3.80609966
6277,0.000096,1.007312e+02,7.47192177
6278,0.000096,1.007188e+02,5.90526653
6279,0.000100,1.007089e+02,4.78229902
6280,0.000094,1.007003e+02,3.99993086
6281,0.000093,1.006926e+02,3.47391614
6282,0.000112,1.006872e+02,6.34199752
6283,0.000104,1.006766e+02,5.09512644
6284,0.000122,1.006677e+02,4.21852872
6285,0.000114,1.006597e+02,3.62276064
6286,0.000101,1.006556e+02,6.82462053
6287,0.000105,1.006442e+02,5.44337781
6288,0.000092,1.006348e+02,4.46418094
6289,0.000108,1.006265e+02,3.79177566
6290,0.000097,1.006240e+02,7.35692235
6291,0.000098,1.006116e+02,5.83001953
6292,0.000100,1.006016e+02,4.73930306
6293,0.000100,1.005929e+02,3.98297829
6294,0.000100,1.005924e+02,7.94303342
6295,0.000104,1.005789e+02,6.25825159
6296,0.000097,1.005682e+02,5.04646665
6297,0.000092,1.005591e+02,4.19850443
6298,0.000095,1.005509e+02,3.62563422
6299,0.000092,1.005459e+02,6.73152910
6300,0.000092,1.005344e+02,5.38842800
6301,0.000100,1.005248e+02,4.44063029
6302,0.000090,1.005163e+02,3.79372285
6303,0.000098,1.005128e+02,7.25366133
6304,0.001415,1.005003e+02,5.76815148
6305,0.000076,1.004901e+02,4.71175790
6306,0.000070,1.004812e+02,3.98370009
6307,0.000087,1.004794e+02,7.82869644
6308,0.000084,1.004658e+02,6.18878574
6309,0.000092,1.004549e+02,5.01442506
6310,0.000090,1.004455e+02,4.19767298
6311,0.000088,1.004370e+02,3.65017985
6312,0.000092,1.004308e+02,6.65373137
6313,0.000089,1.004191e+02,5.35134886
6314,0.000091,1.004091e+02,4.43788240
6315,0.000094,1.004002e+02,3.81938138
6316,0.000094,1.003954e+02,7.16673157
6317,0.000091,1.003826e+02,5.72544616
6318,0.000092,1.003720e+02,4.70668817
6319,0.000097,1.003626e+02,4.01027529
6320,0.000092,1.003593e+02,7.73176148
6321,0.000094,1.003454e+02,6.13980813
6322,0.000108,1.003340e+02,5.00657408
6323,0.000096,1.003241e+02,4.22490682
6324,0.000092,1.003226e+02,8.35315303
6325,0.000098,1.003073e+02,6.59776505
6326,0.000092,1.002950e+02,5.34017521
6327,0.000092,1.002845e+02,4.46541971
6328,0.000096,1.002750e+02,3.87945172
6329,0.000092,1.002683e+02,7.10290284
6330,0.000093,1.002550e+02,5.71030338
6331,0.000099,1.002437e+02,4.73407377
6332,0.000093,1.002336e+02,4.07400745
6333,0.000094,1.002282e+02,7.65916878
6334,0.000099,1.002136e+02,6.11996552
6335,0.000094,1.002015e+02,5.03321987
6336,0.000091,1.001908e+02,4.29188970
6337,0.000091,1.001869e+02,8.27072864
6338,0.000103,1.001709e+02,6.57232481
6339,0.000094,1.001578e+02,5.36529918
6340,0.000210,1.001463e+02,4.53499845
6341,0.000140,1.001443e+02,8.94210795
6342,0.001669,1.001265e+02,7.07076818
6343,0.000086,1.001123e+02,5.73286562
6344,0.000151,1.000999e+02,4.80526225
6345,0.000111,1.000887e+02,4.18687897
6346,0.000099,1.000804e+02,7.61891504
6347,0.000117,1.000648e+02,6.13860609
6348,0.000112,1.000515e+02,5.10464947
6349,0.000097,1.000396e+02,4.40918339
6350,0.000112,1.000324e+02,8.22073482
6351,0.000092,1.000152e+02,6.58535226
6352,0.000094,1.000009e+02,5.43512851
6353,0.000089,9.998802e+01,4.65472859
6354,0.000091,9.998234e+01,8.88036692
6355,0.000097,9.996337e+01,7.07602997
6356,0.000092,9.994771e+01,5.79866773
6357,0.000089,9.993391e+01,4.92468897
6358,0.000092,9.993011e+01,9.60229178
6359,0.000096,9.990905e+01,7.61374514
6360,0.000090,9.989195e+01,6.19727343
6361,0.000094,9.987707e+01,5.22014966
6362,0.000099,9.987565e+01,10.39136280
6363,0.000092,9.985220e+01,8.20181869
6364,0.000091,9.983347e+01,6.63302554
6365,0.000099,9.981740e+01,5.54213933
6366,0.000092,9.980281e+01,4.81225062
6367,0.000093,9.979282e+01,8.84384499
6368,0.000098,9.977227e+01,7.10817685
6369,0.000093,9.975491e+01,5.89174532
6370,0.000092,9.973932e+01,5.06968625
6371,0.000098,9.973104e+01,9.54393864
6372,0.000093,9.970846e+01,7.62526472
6373,0.000092,9.968970e+01,6.27018621
6374,0.000097,9.967308e+01,5.34514831
6375,0.000091,9.966714e+01,10.30654639
6376,0.000095,9.964231e+01,8.18717361
6377,0.000095,9.962206e+01,6.67901273
6378,0.000099,9.960439e+01,5.63897105
6379,0.000092,9.960159e+01,11.13682899
6380,0.000101,9.957429e+01,8.79743209
6381,0.000099,9.955245e+01,7.12039474
6382,0.000094,9.953373e+01,5.95210067
6383,0.000092,9.951677e+01,5.16689382
6384,0.001466,9.950504e+01,9.46042182
6385,0.000074,9.948154e+01,7.59743893
6386,0.000081,9.946178e+01,6.28650451
6387,0.000082,9.944417e+01,5.39404000
6388,0.000085,9.943542e+01,10.18178084
6389,0.000095,9.941017e+01,8.11446536
6390,0.000090,9.938941e+01,6.64545685
6391,0.000087,9.937123e+01,5.63251585
6392,0.000093,9.936648e+01,10.96816530
6393,0.000093,9.933934e+01,8.67707462
6394,0.000104,9.931759e+01,7.03379264
6395,0.000104,9.929895e+01,5.88645255
6396,0.000104,9.928213e+01,5.11098586
6397,0.000098,9.927014e+01,9.29227949
6398,0.000096,9.924738e+01,7.45801905
6399,0.000099,9.922835e+01,6.16196676
6400,0.000092,9.921150e+01,5.27306539
6401,0.000093,9.920362e+01,9.96851825
6402,0.000096,9.917979e+01,7.92611052
6403,0.000101,9.916040e+01,6.46688642
6404,0.000097,9.914362e+01,5.45195468
6405,0.000102,9.914078e+01,10.71490893
6406,0.000096,9.911572e+01,8.44689425
6407,0.000097,9.909594e+01,6.81015575
6408,0.000128,9.907926e+01,5.65677702
6409,0.000148,9.906442e+01,4.86712097
6410,0.000129,9.905584e+01,9.02951089
6411,0.000114,9.903555e+01,7.20108280
6412,0.000110,9.901893e+01,5.89723199
6413,0.000109,9.900448e+01,4.99182357
6414,0.000107,9.900060e+01,9.68299394
6415,0.000112,9.897959e+01,7.64854368
6416,0.000112,9.896291e+01,6.18253046
6417,0.000122,9.894877e+01,5.15113852
6418,0.000169,9.893617e+01,4.44594176
6419,0.000137,9.892814e+01,8.16021682
6420,0.000116,9.891120e+01,6.52052899
6421,0.000125,9.889725e+01,5.35336174
6422,0.000117,9.888508e+01,4.54463372
6423,0.001609,9.888106e+01,8.74263687
6424,0.000078,9.886361e+01,6.91741611
6425,0.000075,9.884966e+01,5.60484971
6426,0.000100,9.883778e+01,4.68407703
6427,0.000088,9.882714e+01,4.05690259
6428,0.000109,9.881978e+01,7.37766169
6429,0.000105,9.880561e+01,5.90990998
6430,0.000096,9.879385e+01,4.86873442
6431,0.000097,9.878352e+01,4.15079306
6432,0.000097,9.877930e+01,7.90468499
6433,0.000097,9.876464e+01,6.27128220
6434,0.000275,9.875281e+01,5.10117236
6435,0.000187,9.874263e+01,4.28488382
6436,0.000153,9.874174e+01,8.50123967
6437,0.000181,9.872630e+01,6.69070069
6438,0.000141,9.871419e+01,5.38264180
6439,0.000151,9.870401e+01,4.46027875
6440,0.000134,9.869498e+01,3.82939391
6441,0.000127,9.869018e+01,7.16962629
6442,0.000134,9.867757e+01,5.71382881
6443,0.000145,9.866723e+01,4.67730413
6444,0.000150,9.865822e+01,3.96026962
6445,0.000127,9.865593e+01,7.70987014
6446,0.000141,9.864259e+01,6.09546628
6447,0.000145,9.863193e+01,4.93609860
6448,0.000126,9.862283e+01,4.12545892
6449,0.000284,9.861463e+01,3.57693558
6450,0.000129,9.860896e+01,6.52865882
6451,0.000115,9.859782e+01,5.23704352
6452,0.000109,9.858851e+01,4.32494688
6453,0.000107,9.858026e+01,3.70072033
6454,0.000120,9.857648e+01,7.01522997
6455,0.000124,9.856468e+01,5.58105046
6456,0.000141,9.855505e+01,4.55911594
6457,0.000113,9.854666e+01,3.85200086
6458,0.000102,9.854500e+01,7.55765426
6459,0.000113,9.853236e+01,5.96960981
6460,0.000128,9.852228e+01,4.82884669
6461,0.000170,9.851368e+01,4.03128733
6462,0.000144,9.850593e+01,3.49214463
6463,0.002076,9.850074e+01,6.40484183
6464,0.000095,9.849010e+01,5.13556367
6465,0.000089,9.848120e+01,4.23957372
6466,0.000112,9.847331e+01,3.62698059
6467,0.000108,9.846977e+01,6.88952572
6468,0.000126,9.845841e+01,5.48121086
6469,0.000105,9.844913e+01,4.47828652
6470,0.000100,9.844104e+01,3.78506922
6471,0.000103,9.843942e+01,7.42693226
6472,0.000100,9.842719e+01,5.86816550
6473,0.000098,9.841742e+01,4.74923046
6474,0.000106,9.840907e+01,3.96783393
6475,0.000099,9.840154e+01,3.44053845
6476,0.000100,9.839639e+01,6.29923688
6477,0.000108,9.838603e+01,5.05456791
6478,0.000115,9.837735e+01,4.17701230
6479,0.000103,9.836964e+01,3.57806233
6480,0.000111,9.836602e+01,6.77769595
6481,0.000104,9.835494e+01,5.39678907
6482,0.000112,9.834585e+01,4.41459525
6483,0.000111,9.833792e+01,3.73688640
6484,0.000111,9.833608e+01,7.30714752
6485,0.000106,9.832413e+01,5.77865529
6486,0.000109,9.831456e+01,4.68279463
6487,0.000124,9.830635e+01,3.91883787
6488,0.000107,9.829892e+01,3.40446622
6489,0.000106,9.829363e+01,6.20322969
6490,0.000111,9.828346e+01,4.98405223
6491,0.000109,9.827491e+01,4.12593718
6492,0.000110,9.826729e+01,3.54156531
6493,0.000109,9.826343e+01,6.67393592
6494,0.000107,9.825255e+01,5.32104029
6495,0.000107,9.824359e+01,4.36036718
6496,0.000121,9.823574e+01,3.69897892
6497,0.000111,9.823357e+01,7.19446409
6498,0.000138,9.822183e+01,5.69663325
6499,0.000160,9.821238e+01,4.62446571
6500,0.000135,9.820425e+01,3.87865832
6501,0.000143,9.820408e+01,7.76886994
6502,0.000142,9.819132e+01,6.11395829
6503,0.000134,9.818128e+01,4.92074367
6504,0.001944,9.817280e+01,4.08269268
6505,0.000087,9.816522e+01,3.51353264
6506,0.000082,9.816104e+01,6.57641323
6507,0.000116,9.815029e+01,5.25190798
6508,0.000102,9.814141e+01,4.31332314
6509,0.000098,9.813358e+01,3.66888092
6510,0.000101,9.813100e+01,7.08775636
6511,0.000117,9.811942e+01,5.62088102
6512,0.000102,9.811004e+01,4.57292540
6513,0.000098,9.810193e+01,3.84588923
6514,0.000123,9.810126e+01,7.65200283
6515,0.000122,9.808867e+01,6.03078016
6516,0.000097,9.807871e+01,4.86401840
6517,0.000102,9.807025e+01,4.04665968
6518,0.000094,9.806265e+01,3.49335469
6519,0.000095,9.805806e+01,6.48498338
6520,0.000102,9.804740e+01,5.18930647
6521,0.000095,9.803853e+01,4.27343741
6522,0.000092,9.803069e+01,3.64663009
6523,0.000104,9.802761e+01,6.98721512
6524,0.000100,9.801612e+01,5.55169954
6525,0.000107,9.800676e+01,4.52859618
6526,0.000100,9.799862e+01,3.82107851
6527,0.000096,9.799735e+01,7.54144937
6528,0.000102,9.798488e+01,5.95429486
6529,0.000105,9.797494e+01,4.81464726
6530,0.000095,9.796645e+01,4.01879687
6531,0.000095,9.795878e+01,3.48217516
6532,0.000098,9.795368e+01,6.40044094
6533,0.000104,9.794304e+01,5.13428026
6534,0.000108,9.793413e+01,4.24202097
6535,0.000102,9.792621e+01,3.63379669
6536,0.000102,9.792253e+01,6.89382108
6537,0.000097,9.791107e+01,5.49038391
6538,0.000095,9.790166e+01,4.49311298
6539,0.000103,9.789343e+01,3.80619735
6540,0.000099,9.789145e+01,7.43836325
6541,0.000097,9.787901e+01,5.88602943
6542,0.000112,9.786902e+01,4.77456961
6543,0.000105,9.786042e+01,4.00146179
6544,0.001755,9.785261e+01,3.48273824
6545,0.000102,9.784686e+01,6.32453182
6546,0.000090,9.783617e+01,5.08906091
6547,0.000106,9.782714e+01,4.22181085
6548,0.000101,9.781905e+01,3.63359611
6549,0.000097,9.781461e+01,6.80953119
6550,0.000098,9.780309e+01,5.43945120
6551,0.000101,9.779355e+01,4.46959073
6552,0.000103,9.778513e+01,3.80494098
6553,0.000094,9.778226e+01,7.34490810
6554,0.000101,9.776976e+01,5.82878324
6555,0.000100,9.775961e+01,4.74727969
6556,0.000093,9.775080e+01,3.99884040
6557,0.000106,9.774981e+01,7.93489534
6558,0.000105,9.773614e+01,6.26033913
6559,0.000095,9.772527e+01,5.05751591
6560,0.000098,9.771600e+01,4.21748338
6561,0.000099,9.770763e+01,3.65145325
6562,0.000095,9.770221e+01,6.73766309
6563,0.000103,9.769049e+01,5.40312609
6564,0.000171,9.768067e+01,4.46320093
6565,0.000144,9.767193e+01,3.82337164
6566,0.000113,9.766792e+01,7.26465893
6567,0.000107,9.765520e+01,5.78714931
6568,0.000101,9.764474e+01,4.73845257
6569,0.000100,9.763556e+01,4.01764626
6570,0.000174,9.763324e+01,7.84548130
6571,0.000140,9.761933e+01,6.21281504
6572,0.000111,9.760811e+01,5.04583557
6573,0.000150,9.759842e+01,4.23642456
6574,0.000131,9.759813e+01,8.48466609
6575,0.000124,9.758281e+01,6.68361241
6576,0.000140,9.757070e+01,5.38811620
6577,0.000104,9.756040e+01,4.48196979
6578,0.000094,9.755113e+01,3.87068826
6579,0.000097,9.754556e+01,7.20331101
6580,0.000100,9.753239e+01,5.76826054
6581,0.000094,9.752139e+01,4.75668439
6582,0.000092,9.751161e+01,4.06778950
6583,0.001483,9.750749e+01,7.77607214
6584,0.000079,9.749308e+01,6.18945633
6585,0.000077,9.748125e+01,5.06308797
6586,0.000100,9.747087e+01,4.28913186
6587,0.000092,9.746851e+01,8.40630541
6588,0.000091,9.745263e+01,6.65507825
6589,0.000098,9.743983e+01,5.40382339
6590,0.000091,9.742875e+01,4.53682680
6591,0.000093,9.742852e+01,9.09881867
6592,0.000094,9.741091e+01,7.16876259
6593,0.000097,9.739696e+01,5.78168608
6594,0.000093,9.738508e+01,4.81306013
6595,0.000093,9.737435e+01,4.16147989
6596,0.000099,9.736775e+01,7.73442159
6597,0.000095,9.735247e+01,6.19965170
6598,0.000095,9.733965e+01,5.12011166
6599,0.000098,9.732820e+01,4.38744405
6600,0.000095,9.732303e+01,8.35636742
6601,0.000103,9.730618e+01,6.66089022
6602,0.000181,9.729227e+01,5.46031616
6603,0.000104,9.728001e+01,4.63856922
6604,0.000102,9.727658e+01,9.03912514
6605,0.000111,9.725790e+01,7.16871381
6606,0.000100,9.724274e+01,5.83606361
6607,0.000110,9.722954e+01,4.91651623
6608,0.000114,9.722828e+01,9.78760758
6609,0.000098,9.720748e+01,7.72666030
6610,0.000099,9.719087e+01,6.24982960
6611,0.000105,9.717661e+01,5.22291158
6612,0.000105,9.716364e+01,4.53605707
6613,0.000105,9.715477e+01,8.33850972
6614,0.000096,9.713649e+01,6.70421408
6615,0.000101,9.712103e+01,5.55938347
6616,0.000096,9.710714e+01,4.78658148
6617,0.000098,9.709968e+01,9.00844588
6618,0.000101,9.707951e+01,7.20197635
6619,0.000098,9.706271e+01,5.92754357
6620,0.000099,9.704779e+01,5.05937119
6621,0.001736,9.704220e+01,9.74085407
6622,0.000087,9.701988e+01,7.74601535
6623,0.000092,9.700159e+01,6.32905263
6624,0.000108,9.698556e+01,5.35499925
6625,0.000096,9.698245e+01,10.54058216
6626,0.000091,9.695769e+01,8.33954105
6627,0.000094,9.693776e+01,6.76575668
6628,0.000090,9.692055e+01,5.67411062
6629,0.000088,9.690486e+01,4.94537111
6630,0.000091,9.689316e+01,8.98619495
6631,0.000094,9.687144e+01,7.23987529
6632,0.000090,9.685300e+01,6.01765590
6633,0.000089,9.683640e+01,5.19240087
6634,0.000096,9.682672e+01,9.69037218
6635,0.000093,9.680305e+01,7.75421542
6636,0.000092,9.678332e+01,6.38709907
6637,0.000107,9.676583e+01,5.45329652
6638,0.000093,9.675896e+01,10.45710420
6639,0.000092,9.673318e+01,8.31232743
6640,0.000102,9.671214e+01,6.78474246
6641,0.000090,9.669380e+01,5.72919811
6642,0.000092,9.669071e+01,11.29247794
6643,0.000099,9.666264e+01,8.91884911
6644,0.000092,9.664026e+01,7.21407933
6645,0.000094,9.662113e+01,6.02257024
6646,0.000099,9.660388e+01,5.21736214
6647,0.000093,9.659240e+01,9.57967932
6648,0.000095,9.656863e+01,7.68006941
6649,0.000093,9.654878e+01,6.33757635
6650,0.000097,9.653120e+01,5.41755082
6651,0.000093,9.652355e+01,10.30224806
6652,0.000093,9.649831e+01,8.18923803
6653,0.000097,9.647778e+01,6.68015713
6654,0.000091,9.645999e+01,5.63181947
6655,0.000095,9.645721e+01,11.09502377
6656,0.000101,9.643037e+01,8.74941167
6657,0.000094,9.640915e+01,7.05787706
6658,0.000094,9.639121e+01,5.86754556
6659,0.001541,9.637521e+01,5.05453340
6660,0.000079,9.636577e+01,9.36945465
6661,0.000076,9.634380e+01,7.47952759
6662,0.000095,9.632573e+01,6.13364139
6663,0.000089,9.630997e+01,5.20094187
6664,0.000091,9.630532e+01,10.05894255
6665,0.000095,9.628243e+01,7.95446036
6666,0.000091,9.626419e+01,6.43968485
6667,0.000090,9.624867e+01,5.37566426
6668,0.000089,9.623478e+01,4.64953793
6669,0.000095,9.622551e+01,8.49168663
6670,0.000091,9.620694e+01,6.79495034
6671,0.000090,9.619160e+01,5.58843210
6672,0.000095,9.617816e+01,4.75337023
6673,0.000093,9.617324e+01,9.09959749
6674,0.000103,9.615413e+01,7.20769938
6675,0.000100,9.613881e+01,5.84784761
6676,0.000090,9.612573e+01,4.89427582
6677,0.000092,9.612560e+01,9.78538685
6678,0.000102,9.610562e+01,7.68463056
6679,0.000096,9.609012e+01,6.16069258
6680,0.000102,9.607724e+01,5.07938800
6681,0.000097,9.606593e+01,4.33314807
6682,0.000093,9.606114e+01,8.23099549
6683,0.000098,9.604520e+01,6.53187275
6684,0.000123,9.603233e+01,5.31371510
6685,0.000110,9.602128e+01,4.46267861
6686,0.000118,9.602032e+01,8.85113497
6687,0.000108,9.600362e+01,6.96480088
6688,0.000100,9.599054e+01,5.60035122
6689,0.000093,9.597958e+01,4.63638914
6690,0.000094,9.596988e+01,3.97512411
6691,0.000229,9.596493e+01,7.46189292
6692,0.000111,9.595140e+01,5.94105707
6693,0.000099,9.594036e+01,4.85582198
6694,0.000128,9.593077e+01,4.10266887
6695,0.000120,9.592873e+01,8.02542667
6696,0.000096,9.591448e+01,6.33703421
6697,0.001483,9.590316e+01,5.12164021
6698,0.000083,9.589354e+01,4.26892764
6699,0.000080,9.588493e+01,3.68931646
6700,0.000084,9.587941e+01,6.78944772
6701,0.000087,9.586762e+01,5.43426479
6702,0.000086,9.585784e+01,4.47395197
6703,0.000087,9.584922e+01,3.81369858
6704,0.000088,9.584589e+01,7.30000071
6705,0.000092,9.583343e+01,5.79440042
6706,0.000089,9.582333e+01,4.71788980
6707,0.000093,9.581461e+01,3.96958327
6708,0.000096,9.581370e+01,7.87100584
6709,0.000091,9.580035e+01,6.20325794
6710,0.000092,9.578980e+01,5.00127708
6711,0.000096,9.578088e+01,4.15712314
6712,0.000092,9.577289e+01,3.58329180
6713,0.000092,9.576821e+01,6.66272317
6714,0.000096,9.575707e+01,5.32521534
6715,0.000092,9.574784e+01,4.37695159
6716,0.000091,9.573972e+01,3.72503565
6717,0.000144,9.573691e+01,7.17544706
6718,0.000110,9.572501e+01,5.69141342
6719,0.000101,9.571537e+01,4.63020139
6720,0.000102,9.570705e+01,3.89274002
6721,0.000098,9.570639e+01,7.74467886
6722,0.000095,9.569354e+01,6.10211895
6723,0.000094,9.568338e+01,4.91847832
6724,0.000099,9.567479e+01,4.08760351
6725,0.000093,9.566709e+01,3.52340582
6726,0.000098,9.566261e+01,6.56012031
6727,0.000102,9.565181e+01,5.24384684
6728,0.000097,9.564287e+01,4.31122763
6729,0.000100,9.563498e+01,3.67077245
6730,0.000101,9.563221e+01,7.06877037
6731,0.000094,9.562063e+01,5.60879009
6732,0.000093,9.561124e+01,4.56554457
6733,0.000098,9.560312e+01,3.84140262
6734,0.000091,9.560235e+01,7.63183018
6735,0.000093,9.558981e+01,6.01613575
6736,0.001424,9.557988e+01,4.85277348
6737,0.000074,9.557146e+01,4.03710649
6738,0.000072,9.556390e+01,3.48415857
6739,0.000097,9.555936e+01,6.46907920
6740,0.000104,9.554878e+01,5.17542160
6741,0.000106,9.553999e+01,4.25993542
6742,0.000108,9.553222e+01,3.63229676
6743,0.000092,9.552929e+01,6.97123825
6744,0.000096,9.551792e+01,5.53627509
6745,0.000092,9.550868e+01,4.51213885
6746,0.000092,9.550066e+01,3.80245012
6747,0.000110,9.549963e+01,7.52653887
6748,0.000098,9.548732e+01,5.93836087
6749,0.000097,9.547753e+01,4.79615204
6750,0.000099,9.546921e+01,3.99664376
6751,0.000174,9.546171e+01,3.45580599
6752,0.000113,9.545698e+01,6.38499607
6753,0.000103,9.544654e+01,5.11462267
6754,0.000098,9.543784e+01,4.21707304
6755,0.000097,9.543013e+01,3.60304432
6756,0.000099,9.542693e+01,6.87986147
6757,0.000097,9.541571e+01,5.47042258
6758,0.000094,9.540656e+01,4.46608168
6759,0.000093,9.539859e+01,3.77158403
6760,0.000103,9.539720e+01,7.42690931
6761,0.000097,9.538505e+01,5.86662692
6762,0.000096,9.537536e+01,4.74616424
6763,0.000103,9.536707e+01,3.96350914
6764,0.000119,9.535959e+01,3.43545275
6765,0.000100,9.535457e+01,6.30657236
6766,0.000106,9.534423e+01,5.06000148
6767,0.000099,9.533557e+01,4.18105109
6768,0.000092,9.532787e+01,3.58131893
6769,0.000096,9.532430e+01,6.79393525
6770,0.000093,9.531319e+01,5.41047889
6771,0.000094,9.530407e+01,4.42657464
6772,0.000096,9.529610e+01,3.74797711
6773,0.000093,9.529427e+01,7.33264955
6774,0.000098,9.528223e+01,5.80067180
6775,0.001512,9.527258e+01,4.70258409
6776,0.000086,9.526429e+01,3.93752138
6777,0.000085,9.525677e+01,3.42297424
6778,0.000086,9.525138e+01,6.23390441
6779,0.000094,9.524108e+01,5.01175986
6780,0.000092,9.523241e+01,4.15218587
6781,0.000092,9.522466e+01,3.56755476
6782,0.000098,9.522064e+01,6.71382761
6783,0.000091,9.520958e+01,5.35697868
6784,0.000092,9.520044e+01,4.39433349
6785,0.000090,9.519242e+01,3.73252808
6786,0.000096,9.519005e+01,7.24434304
6787,0.000091,9.517807e+01,5.74130080
6788,0.000091,9.516839e+01,4.66646244
6789,0.000096,9.516003e+01,3.91998275
6790,0.000093,9.515962e+01,7.82971084
6791,0.000093,9.514655e+01,6.16802958
6792,0.000095,9.513623e+01,4.97123344
6793,0.000091,9.512748e+01,4.13213345
6794,0.000098,9.511962e+01,3.56371863
6795,0.000096,9.511504e+01,6.64073655
6796,0.000093,9.510394e+01,5.31149909
6797,0.000094,9.509473e+01,4.37134127
6798,0.000098,9.508657e+01,3.72761700
6799,0.000093,9.508353e+01,7.16335592
6800,0.000093,9.507153e+01,5.69032823
6801,0.000100,9.506175e+01,4.64010142
6802,0.000093,9.505325e+01,3.91368286
6803,0.000091,9.505205e+01,7.74008653
6804,0.000094,9.503896e+01,6.11098933
6805,0.000099,9.502853e+01,4.94105496
6806,0.000093,9.501961e+01,4.12411580
6807,0.000090,9.501156e+01,3.57357449
6808,0.000102,9.500623e+01,6.57701813
6809,0.000105,9.499501e+01,5.27703301
6810,0.000159,9.498561e+01,4.36126037
6811,0.000141,9.497723e+01,3.73754653
6812,0.001651,9.497332e+01,7.09230613
6813,0.000084,9.496118e+01,5.65107923
6814,0.000076,9.495120e+01,4.62759418
6815,0.000104,9.494244e+01,3.92347084
6816,0.000089,9.494023e+01,7.66100593
6817,0.000092,9.492699e+01,6.06643282
6818,0.000089,9.491632e+01,4.92573749
6819,0.000088,9.490711e+01,4.13352606
6820,0.000093,9.490694e+01,8.28765375
6821,0.000090,9.489239e+01,6.52659526
6822,0.000093,9.488090e+01,5.25848437
6823,0.000098,9.487116e+01,4.37001692
6824,0.000091,9.486241e+01,3.76919317
6825,0.000092,9.485734e+01,7.03535466
6826,0.000102,9.484489e+01,5.62883503
6827,0.000092,9.483452e+01,4.63539853
6828,0.000091,9.482533e+01,3.95691263
6829,0.000098,9.482178e+01,7.59689205
6830,0.000092,9.480819e+01,6.04002038
6831,0.000097,9.479709e+01,4.93226004
6832,0.000096,9.478739e+01,4.16860554
6833,0.000093,9.478566e+01,8.21565767
6834,0.000093,9.477073e+01,6.49547654
6835,0.000092,9.475875e+01,5.26333546
6836,0.000113,9.474845e+01,4.40650771
6837,0.000109,9.473909e+01,3.83265955
6838,0.000100,9.473239e+01,6.99891689
6839,0.000106,9.471939e+01,5.63154958
6840,0.000103,9.470839e+01,4.67298359
6841,0.000095,9.469850e+01,4.02478407
6842,0.000098,9.469308e+01,7.55442808
6843,0.000094,9.467887e+01,6.04003643
6844,0.000092,9.466704e+01,4.97050519
6845,0.000101,9.465655e+01,4.24061770
6846,0.000107,9.465268e+01,8.16634704
6847,0.000102,9.463704e+01,6.49210848
6848,0.000101,9.462425e+01,5.30165370
6849,0.000092,9.461306e+01,4.48219679
6850,0.000098,9.461108e+01,8.83939375
6851,0.000100,9.459376e+01,6.99132243
6852,0.001431,9.457984e+01,5.66914312
6853,0.000078,9.456783e+01,4.75160934
6854,0.000080,9.455688e+01,4.13920597
6855,0.000084,9.454885e+01,7.54149304
6856,0.000088,9.453361e+01,6.07584298
6857,0.000086,9.452066e+01,5.05100744
6858,0.000086,9.450898e+01,4.36070801
6859,0.000092,9.450216e+01,8.14680459
6860,0.000089,9.448538e+01,6.52479162
6861,0.000090,9.447135e+01,5.38257158
6862,0.000094,9.445883e+01,4.60639268
6863,0.000090,9.445353e+01,8.81165147
6864,0.000100,9.443498e+01,7.01915279
6865,0.000113,9.441969e+01,5.74851053
6866,0.000265,9.440623e+01,4.87769005
6867,0.000125,9.440286e+01,9.54079754
6868,0.000120,9.438223e+01,7.56229481
6869,0.000098,9.436552e+01,6.15109378
6870,0.000097,9.435099e+01,5.17596521
6871,0.000108,9.435005e+01,10.33940716
6872,0.000112,9.432704e+01,8.15782112
6873,0.000101,9.430870e+01,6.59267887
6874,0.000112,9.429299e+01,5.50253835
6875,0.000107,9.427874e+01,4.77177606
6876,0.000104,9.426935e+01,8.80962072
6877,0.000101,9.424918e+01,7.07579487
6878,0.000106,9.423216e+01,5.85877728
6879,0.000113,9.421691e+01,5.03489041
6880,0.000095,9.420925e+01,9.52208864
6881,0.000100,9.418700e+01,7.60323100
6882,0.000093,9.416856e+01,6.24614291
6883,0.000094,9.415224e+01,5.31831006
6884,0.000098,9.414692e+01,10.29994195
6885,0.000096,9.412237e+01,8.17808057
6886,0.000095,9.410237e+01,6.66635519
6887,0.000098,9.408495e+01,5.62251817
6888,0.000098,9.408276e+01,11.14856955
6889,0.000095,9.405563e+01,8.80400657
6890,0.000100,9.403397e+01,7.12164337
6891,0.001653,9.401542e+01,5.94846513
6892,0.000082,9.399862e+01,5.15937473
6893,0.000101,9.398734e+01,9.48543808
6894,0.000100,9.396391e+01,7.61504184
6895,0.000106,9.394422e+01,6.29794611
6896,0.000096,9.392667e+01,5.40087638
6897,0.000097,9.391827e+01,10.22796399
6898,0.000101,9.389294e+01,8.15066581
6899,0.000093,9.387212e+01,6.67388654
6900,0.000092,9.385389e+01,5.65539446
6901,0.000094,9.384938e+01,11.03814966
6902,0.000098,9.382200e+01,8.73382911
6903,0.000095,9.380005e+01,7.08064765
6904,0.000099,9.378122e+01,5.92642043
6905,0.000098,9.376420e+01,5.14673040
6906,0.000095,9.375214e+01,9.37125514
6907,0.000097,9.372903e+01,7.52423862
6908,0.000100,9.370968e+01,6.21937856
6909,0.000091,9.369252e+01,5.32497010
6910,0.000101,9.368448e+01,10.07118654
6911,0.000100,9.366013e+01,8.01224305
6912,0.000093,9.364029e+01,6.54151275
6913,0.000093,9.362309e+01,5.51915299
6914,0.000110,9.362006e+01,10.84276439
6915,0.000110,9.359433e+01,8.55335065
6916,0.000099,9.357399e+01,6.90146784
6917,0.000103,9.355680e+01,5.73794487
6918,0.000098,9.354147e+01,4.94196282
6919,0.000098,9.353245e+01,9.15690138
6920,0.000095,9.351150e+01,7.30865050
6921,0.000099,9.349430e+01,5.99103626
6922,0.000095,9.347931e+01,5.07650693
6923,0.000105,9.347508e+01,9.83245901
6924,0.000101,9.345333e+01,7.77244085
6925,0.000094,9.343602e+01,6.28810824
6926,0.000097,9.342133e+01,5.24399423
6927,0.000100,9.340822e+01,4.53020959
6928,0.000106,9.339972e+01,8.30133979
6929,0.001712,9.338212e+01,6.63787205
6930,0.000083,9.336762e+01,5.45359040
6931,0.000097,9.335494e+01,4.63278397
6932,0.000093,9.335065e+01,8.90285256
6933,0.000094,9.333252e+01,7.04755876
6934,0.000100,9.331802e+01,5.71276493
6935,0.000094,9.330566e+01,4.77579376
6936,0.000091,9.329460e+01,4.13694774
6937,0.000096,9.328693e+01,7.52266953
6938,0.000092,9.327222e+01,6.02694283
6939,0.000093,9.326001e+01,4.96489594
6940,0.000096,9.324929e+01,4.23155309
6941,0.000093,9.324500e+01,8.06749931
6942,0.000094,9.322979e+01,6.39980234
6943,0.000100,9.321754e+01,5.20367381
6944,0.000094,9.320701e+01,4.36782915
6945,0.000093,9.320631e+01,8.68547341
6946,0.000096,9.319030e+01,6.83376096
6947,0.000101,9.317777e+01,5.49410644
6948,0.000100,9.316727e+01,4.54766301
6949,0.000105,9.315797e+01,3.89867972
6950,0.000114,9.315330e+01,7.33072798
6951,0.000102,9.314026e+01,5.83732386
6952,0.000107,9.312962e+01,4.77185000
6953,0.000108,9.312036e+01,4.03279789
6954,0.000100,9.311841e+01,7.89280297
6955,0.000098,9.310462e+01,6.23429425
6956,0.000105,9.309366e+01,5.04074935
6957,0.000097,9.308433e+01,4.20386506
6958,0.000100,9.307595e+01,3.63560935
6959,0.000109,9.307053e+01,6.68624485
6960,0.000101,9.305906e+01,5.35481435
6961,0.000096,9.304953e+01,4.41192268
6962,0.000098,9.304111e+01,3.76430030
6963,0.000095,9.303775e+01,7.19509416
6964,0.000096,9.302559e+01,5.71497268
6965,0.000095,9.301572e+01,4.65732867
6966,0.000098,9.300717e+01,3.92284007
6967,0.000110,9.300611e+01,7.76343764
6968,0.000097,9.299305e+01,6.12273976
6969,0.000102,9.298271e+01,4.94092884
6970,0.001515,9.297394e+01,4.11167850
6971,0.000081,9.296608e+01,3.54866672
6972,0.000075,9.296132e+01,6.58030912
6973,0.000092,9.295037e+01,5.26414722
6974,0.000093,9.294129e+01,4.33176989
6975,0.000090,9.293327e+01,3.69149171
6976,0.000096,9.293032e+01,7.09059934
6977,0.000094,9.291860e+01,5.62898120
6978,0.000091,9.290911e+01,4.58454227
6979,0.000099,9.290088e+01,3.85947066
6980,0.000093,9.290001e+01,7.65708701
6981,0.000094,9.288735e+01,6.03792091
6982,0.000106,9.287733e+01,4.87185148
6983,0.000121,9.286883e+01,4.05404747
6984,0.000115,9.286119e+01,3.49936340
6985,0.000126,9.285659e+01,6.49394891
6986,0.000102,9.284592e+01,5.19596235
6987,0.000099,9.283706e+01,4.27702215
6988,0.000100,9.282924e+01,3.64661687
6989,0.000150,9.282630e+01,7.00056842
6990,0.000172,9.281485e+01,5.55951518
6991,0.000112,9.280555e+01,4.53048473
6992,0.000107,9.279749e+01,3.81687182
6993,0.000113,9.279651e+01,7.56166697
6994,0.000101,9.278411e+01,5.96546467
6995,0.000111,9.277428e+01,4.81678050
6996,0.000100,9.276591e+01,4.01205810
6997,0.000095,9.275839e+01,3.46708079
6998,0.000103,9.275371e+01,6.41711079
6999,0.000095,9.274323e+01,5.13851858
7000,0.000095,9.273449e+01,4.23432362
7001,0.000097,9.272676e+01,3.61498929
7002,0.000097,9.272367e+01,6.91815872
7003,0.000094,9.271240e+01,5.49857051
7004,0.000098,9.270321e+01,4.48599939
7005,0.000094,9.269523e+01,3.78488799
7006,0.000097,9.269402e+01,7.47261893
7007,0.000100,9.268180e+01,5.90004093
7008,0.000102,9.267207e+01,4.76959300
7009,0.001604,9.266378e+01,3.97886677
7010,0.000079,9.265630e+01,3.44442927
7011,0.000077,9.265145e+01,6.34631999
7012,0.000104,9.264107e+01,5.08781823
7013,0.000093,9.263240e+01,4.19918001
7014,0.000091,9.262471e+01,3.59171452
7015,0.000096,9.262136e+01,6.84115806
7016,0.000094,9.261021e+01,5.44361009
7017,0.000092,9.260109e+01,4.44822849
7018,0.000091,9.259313e+01,3.76038941
7019,0.000098,9.259158e+01,7.38858269
7020,0.000092,9.257950e+01,5.84010854
7021,0.000094,9.256983e+01,4.72856375
7022,0.000098,9.256156e+01,3.95258676
7023,0.000092,9.255408e+01,3.42941174
7024,0.000093,9.254895e+01,6.28071715
7025,0.000101,9.253864e+01,5.04292409
7026,0.000095,9.252998e+01,4.17058729
7027,0.000091,9.252228e+01,3.57574820
7028,0.000105,9.251859e+01,6.76918081
7029,0.000094,9.250751e+01,5.39425427
7030,0.000093,9.249840e+01,4.41680724
7031,0.000100,9.249042e+01,3.74304018
7032,0.000099,9.248846e+01,7.30951061
7033,0.000097,9.247644e+01,5.78569361
7034,0.000099,9.246679e+01,4.69380532
7035,0.000095,9.245849e+01,3.93342735
7036,0.000098,9.245095e+01,3.42234127
7037,0.000142,9.244546e+01,6.22063479
7038,0.000113,9.243516e+01,5.00431915
7039,0.000111,9.242647e+01,4.14919181
7040,0.000101,9.241869e+01,3.56790192
7041,0.000117,9.241457e+01,6.70280124
7042,0.000113,9.240349e+01,5.35128628
7043,0.000111,9.239434e+01,4.39274798
7044,0.000132,9.238628e+01,3.73408445
7045,0.000180,9.238380e+01,7.23617663
7046,0.000194,9.237180e+01,5.73783356
7047,0.000220,9.236209e+01,4.66664948
7048,0.001801,9.235370e+01,3.92302333
7049,0.000091,9.235317e+01,7.82511127
7050,0.000108,9.234007e+01,6.16733659
7051,0.000099,9.232971e+01,4.97361648
7052,0.000099,9.232091e+01,4.13698257
7053,0.000100,9.231301e+01,3.57052969
7054,0.000098,9.230831e+01,6.64344613
7055,0.000098,9.229717e+01,5.31656553
7056,0.000111,9.228790e+01,4.37837584
7057,0.000151,9.227969e+01,3.73630470
7058,0.000160,9.227653e+01,7.17018195
7059,0.000118,9.226446e+01,5.69863461
7060,0.000107,9.225462e+01,4.64975525
7061,0.000103,9.224605e+01,3.92458842
7062,0.000115,9.224474e+01,7.75184016
7063,0.000130,9.223156e+01,6.12316877
7064,0.000109,9.222105e+01,4.95382350
7065,0.000149,9.221205e+01,4.13763063
7066,0.000172,9.220392e+01,3.58791532
7067,0.000164,9.219846e+01,6.59378772
7068,0.000157,9.218714e+01,5.29347805
7069,0.000140,9.217764e+01,4.37782915
7070,0.000119,9.216916e+01,3.75455935
7071,0.000111,9.216512e+01,7.11447410
7072,0.000121,9.215286e+01,5.67183442
7073,0.000103,9.214275e+01,4.64771876
7074,0.000102,9.213388e+01,3.94356315
7075,0.000111,9.213154e+01,7.68948319
7076,0.000104,9.211815e+01,6.09221083
7077,0.000100,9.210734e+01,4.94998105
7078,0.000103,9.209799e+01,4.15715303
7079,0.000101,9.209769e+01,8.32346446
7080,0.000100,9.208296e+01,6.55819492
7081,0.000103,9.207131e+01,5.28747561
7082,0.000101,9.206141e+01,4.39768317
7083,0.000098,9.205251e+01,3.79646244
7084,0.000103,9.204724e+01,7.07366921
7085,0.000108,9.203459e+01,5.66327269
7086,0.000106,9.202404e+01,4.66765944
7087,0.000104,9.201468e+01,3.98826407
7088,0.000123,9.201092e+01,7.64291688
7089,0.000144,9.199710e+01,6.08067780
7090,0.000119,9.198578e+01,4.96972308
7091,0.002270,9.197587e+01,4.20452977
7092,0.000148,9.197393e+01,8.27050157
7093,0.000130,9.195872e+01,6.54320753
7094,0.000178,9.194649e+01,5.30666129
7095,0.000191,9.193595e+01,4.44752519
7096,0.000132,9.192636e+01,3.87284300
7097,0.000126,9.191935e+01,7.05466097
7098,0.000134,9.190605e+01,5.68145219
7099,0.000139,9.189477e+01,4.71963954
7100,0.000127,9.188462e+01,4.07006319
7101,0.000159,9.187886e+01,7.61921522
7102,0.000317,9.186430e+01,6.09728266
7103,0.000219,9.185216e+01,5.02336327
7104,0.000210,9.184137e+01,4.29140670
7105,0.000296,9.183714e+01,8.24130413
7106,0.000437,9.182110e+01,6.55751759
7107,0.000157,9.180794e+01,5.36128832
7108,0.000175,9.179640e+01,4.53888071
7109,0.000149,9.179405e+01,8.92575047
7110,0.000154,9.177626e+01,7.06576480
7111,0.000154,9.176192e+01,5.73613064
7112,0.000148,9.174952e+01,4.81452639
7113,0.000149,9.174947e+01,9.67778998
7114,0.000132,9.172963e+01,7.62589272
7115,0.000110,9.171391e+01,6.15073680
7116,0.000110,9.170052e+01,5.12040970
7117,0.000131,9.168841e+01,4.42744395
7118,0.000108,9.168105e+01,8.24205215
7119,0.000102,9.166373e+01,6.60811953
7120,0.000102,9.164919e+01,5.45864815
7121,0.000116,9.163620e+01,4.67857299
7122,0.000131,9.163037e+01,8.91882003
7123,0.000101,9.161120e+01,7.11147774
7124,0.000107,9.159536e+01,5.83137368
7125,0.000100,9.158138e+01,4.95502904
7126,0.000097,9.157750e+01,9.66099910
7127,0.000106,9.155619e+01,7.66415534
7128,0.000106,9.153887e+01,6.24075911
7129,0.000131,9.152380e+01,5.25799873
7130,0.000129,9.152243e+01,10.47383668
7131,0.000142,9.149865e+01,8.26976478
7132,0.000156,9.147967e+01,6.68909358
7133,0.002226,9.146338e+01,5.58864878
7134,0.000128,9.144859e+01,4.85125383
7135,0.000149,9.143861e+01,8.93225358
7136,0.000103,9.141776e+01,7.17889349
7137,0.000103,9.140015e+01,5.94825691
7138,0.000149,9.138435e+01,5.11502026
7139,0.000109,9.137624e+01,9.65615228
7140,0.000094,9.135330e+01,7.71302798
7141,0.000099,9.133427e+01,6.33830644
7142,0.000101,9.131743e+01,5.39773704
7143,0.000130,9.131188e+01,10.44642088
7144,0.000144,9.128662e+01,8.29480604
7145,0.000175,9.126607e+01,6.76071028
7146,0.000171,9.124817e+01,5.70004883
7147,0.000138,9.124605e+01,11.30882951
7148,0.000155,9.121823e+01,8.92828084
7149,0.000172,9.119606e+01,7.21811204
7150,0.000167,9.117711e+01,6.02334088
7151,0.000118,9.116000e+01,5.21743955
7152,0.000104,9.114884e+01,9.61846587
7153,0.000100,9.112496e+01,7.71420871
7154,0.000105,9.110498e+01,6.37015533
7155,0.000097,9.108722e+01,5.45158310
7156,0.000105,9.107937e+01,10.37171810
7157,0.000098,9.105368e+01,8.25400765
7158,0.000125,9.103268e+01,6.74445778
7159,0.000111,9.101437e+01,5.69931846
7160,0.000106,9.101089e+01,11.19548798
7161,0.000099,9.098324e+01,8.84386063
7162,0.000103,9.096122e+01,7.15184285
7163,0.000111,9.094246e+01,5.96557163
7164,0.000097,9.092561e+01,5.15977031
7165,0.000096,9.091473e+01,9.49153735
7166,0.000103,9.089165e+01,7.59956976
7167,0.000096,9.087249e+01,6.25725354
7168,0.000102,9.085564e+01,5.33195986
7169,0.000110,9.084922e+01,10.20617399
7170,0.000102,9.082498e+01,8.09627013
7171,0.000099,9.080543e+01,6.58287366
7172,0.000101,9.078864e+01,5.52500925
7173,0.001638,9.078765e+01,10.99749437
7174,0.000091,9.076205e+01,8.65127464
7175,0.000084,9.074205e+01,6.95185368
7176,0.000109,9.072533e+01,5.74856116
7177,0.000100,9.071055e+01,4.92010453
7178,0.000096,9.070350e+01,9.27406348
7179,0.000100,9.068288e+01,7.37374275
7180,0.000097,9.066616e+01,6.01254375
7181,0.000097,9.065174e+01,5.06213828
7182,0.000115,9.064969e+01,9.97388772
7183,0.000143,9.062821e+01,7.85745807
7184,0.000116,9.061134e+01,6.32611796
7185,0.000117,9.059719e+01,5.24315530
7186,0.000129,9.058466e+01,4.49835524
7187,0.000108,9.057806e+01,8.41063157
7188,0.000105,9.056082e+01,6.69692586
7189,0.000171,9.054678e+01,5.47116585
7190,0.000151,9.053463e+01,4.61693942
7191,0.000115,9.053227e+01,9.03979022
7192,0.000108,9.051436e+01,7.13092399
7193,0.000121,9.050022e+01,5.75214991
7194,0.000144,9.048830e+01,4.77957778
7195,0.000113,9.047770e+01,4.11307533
7196,0.000113,9.047158e+01,7.63247768
7197,0.000144,9.045710e+01,6.09011977
7198,0.000130,9.044522e+01,4.99033433
7199,0.000104,9.043487e+01,4.22733047
7200,0.000104,9.043207e+01,8.20510980
7201,0.000109,9.041696e+01,6.48770968
7202,0.000111,9.040491e+01,5.25152386
7203,0.000099,9.039466e+01,4.38397696
7204,0.000099,9.038547e+01,3.79358645
7205,0.000110,9.037936e+01,6.94677456
7206,0.000110,9.036693e+01,5.56437182
7207,0.000109,9.035660e+01,4.58400366
7208,0.000130,9.034751e+01,3.90895060
7209,0.000108,9.034392e+01,7.46919670
7210,0.000117,9.033086e+01,5.92976875
7211,0.000117,9.032030e+01,4.82780468
7212,0.002088,9.031118e+01,4.06043157
7213,0.000148,9.031030e+01,8.05719833
7214,0.000146,9.029638e+01,6.34875896
7215,0.000146,9.028540e+01,5.11573668
7216,0.000129,9.027613e+01,4.24803154
7217,0.000097,9.026786e+01,3.65652372
7218,0.000096,9.026321e+01,6.82293816
7219,0.000114,9.025165e+01,5.44854373
7220,0.000094,9.024211e+01,4.47201383
7221,0.000092,9.023374e+01,3.79869202
7222,0.000093,9.023118e+01,7.35469473
7223,0.000102,9.021884e+01,5.82757042
7224,0.000100,9.020891e+01,4.73310011
7225,0.000093,9.020036e+01,3.97022879
7226,0.000102,9.020017e+01,7.94711597
7227,0.000106,9.018685e+01,6.25478474
7228,0.000105,9.017638e+01,5.03254707
7229,0.000118,9.016757e+01,4.17196006
7230,0.000093,9.015971e+01,3.58534041
7231,0.000101,9.015557e+01,6.73281920
7232,0.000099,9.014443e+01,5.37218014
7233,0.000103,9.013526e+01,4.40520861
7234,0.000098,9.012722e+01,3.73858490
7235,0.000129,9.012496e+01,7.26500063
7236,0.000127,9.011299e+01,5.75436290
7237,0.000273,9.010336e+01,4.67173356
7238,0.000208,9.009508e+01,3.91734361
7239,0.000156,9.009501e+01,7.85517787
7240,0.000142,9.008202e+01,6.18191262
7241,0.000138,9.007182e+01,4.97368043
7242,0.000154,9.006323e+01,4.12332464
7243,0.000195,9.005555e+01,3.54416888
7244,0.000153,9.005151e+01,6.65811018
7245,0.000159,9.004061e+01,5.31357032
7246,0.000188,9.003163e+01,4.35855457
7247,0.000153,9.002374e+01,3.70075498
7248,0.000166,9.002147e+01,7.18674231
7249,0.000144,9.000972e+01,5.69427614
7250,0.001959,9.000026e+01,4.62531974
7251,0.000168,8.999211e+01,3.88115166
7252,0.000181,8.999192e+01,7.77197020
7253,0.000181,8.997915e+01,6.11897148
7254,0.000193,8.996911e+01,4.92614326
7255,0.000142,8.996063e+01,4.08744264
7256,0.000102,8.995304e+01,3.51699505
7257,0.000112,8.994892e+01,6.59117421
7258,0.000107,8.993817e+01,5.26380550
7259,0.000101,8.992929e+01,4.32191735
7260,0.000098,8.992147e+01,3.67404846
7261,0.000120,8.991904e+01,7.11481752
7262,0.000112,8.990744e+01,5.64135019
7263,0.000101,8.989807e+01,4.58704148
7264,0.000107,8.988998e+01,3.85408544
7265,0.000110,8.988956e+01,7.69414899
7266,0.000130,8.987694e+01,6.06205985
7267,0.000148,8.986699e+01,4.88545765
7268,0.000147,8.985856e+01,4.05930767
7269,0.000189,8.985101e+01,3.49840804
7270,0.000200,8.984669e+01,6.52951606
7271,0.000194,8.983604e+01,5.22002252
7272,0.000152,8.982720e+01,4.29208270
7273,0.000154,8.981941e+01,3.65496705
7274,0.000151,8.981672e+01,7.04768141
7275,0.000111,8.980522e+01,5.59382517
7276,0.000101,8.979589e+01,4.55492740
7277,0.000118,8.978781e+01,3.83399610
7278,0.000113,8.978706e+01,7.62081177
7279,0.000110,8.977455e+01,6.01017245
7280,0.000171,8.976463e+01,4.85051660
7281,0.000155,8.975621e+01,4.03772842
7282,0.000145,8.974864e+01,3.48716767
7283,0.000143,8.974404e+01,6.47265328
7284,0.000140,8.973343e+01,5.18172432
7285,0.000197,8.972459e+01,4.26855086
7286,0.000142,8.971677e+01,3.64302752
7287,0.000132,8.971373e+01,6.98522254
7288,0.000216,8.970228e+01,5.55164573
7289,0.000171,8.969294e+01,4.52899171
7290,0.000288,8.968483e+01,3.82098002
7291,0.002443,8.968365e+01,7.55211965
7292,0.000134,8.967119e+01,5.96358545
7293,0.000124,8.966127e+01,4.82173090
7294,0.000135,8.965279e+01,4.02326332
7295,0.000144,8.964515e+01,3.48398375
7296,0.000098,8.964018e+01,6.42112182
7297,0.000117,8.962955e+01,5.14964121
7298,0.000128,8.962065e+01,4.25226505
7299,0.000093,8.961275e+01,3.63938857
7300,0.000093,8.960926e+01,6.92818987
7301,0.000108,8.959779e+01,5.51581101
7302,0.000116,8.958839e+01,4.51051186
7303,0.000131,8.958018e+01,3.81659959
7304,0.000118,8.957846e+01,7.48900428
7305,0.000099,8.956599e+01,5.92353380
7306,0.000099,8.955599e+01,4.80067938
7307,0.000095,8.954740e+01,4.01785057
7308,0.000099,8.953962e+01,3.49113780
7309,0.000096,8.953414e+01,6.37637092
7310,0.000134,8.952342e+01,5.12563230
7311,0.000150,8.951440e+01,4.24552273
7312,0.000133,8.950633e+01,3.64677514
7313,0.000166,8.950225e+01,6.87823333
7314,0.000191,8.949068e+01,5.48844728
7315,0.000202,8.948113e+01,4.50213540
7316,0.000138,8.947273e+01,3.82402293
7317,0.000154,8.947032e+01,7.43330790
7318,0.000154,8.945774e+01,5.89240288
7319,0.000126,8.944757e+01,4.79035515
7320,0.000116,8.943878e+01,4.02510516
7321,0.000135,8.943838e+01,8.04616939
7322,0.000210,8.942458e+01,6.34104230
7323,0.000210,8.941367e+01,5.11302552
7324,0.000113,8.940441e+01,4.25237953
7325,0.000101,8.939608e+01,3.66993754
7326,0.000104,8.939118e+01,6.83820124
7327,0.000249,8.937940e+01,5.47319911
7328,0.000167,8.936958e+01,4.50835995
7329,0.000152,8.936088e+01,3.84857566
7330,0.000173,8.935753e+01,7.38810686
7331,0.000199,8.934470e+01,5.87416400
7332,0.000143,8.933422e+01,4.79570500
7333,0.000117,8.932508e+01,4.05094044
7334,0.000164,8.932359e+01,7.99527865
7335,0.000149,8.930952e+01,6.31942796
7336,0.000352,8.929826e+01,5.11723108
7337,0.000318,8.928860e+01,4.27936048
7338,0.000320,8.927985e+01,3.71640707
7339,0.000385,8.927380e+01,6.81278884
7340,0.000530,8.926162e+01,5.47595838
7341,0.000522,8.925135e+01,4.53631261
7342,0.003269,8.924216e+01,3.89852798
7343,0.000154,8.923748e+01,7.35842672
7344,0.000148,8.922421e+01,5.87513379
7345,0.000152,8.921321e+01,4.82440851
7346,0.000126,8.920351e+01,4.10432038
7347,0.000123,8.920050e+01,7.96080524
7348,0.000096,8.918592e+01,6.31821209
7349,0.000104,8.917408e+01,5.14640257
7350,0.000102,8.916378e+01,4.33603129
7351,0.000101,8.916276e+01,8.62479805
7352,0.000103,8.914665e+01,6.80892298
7353,0.000123,8.913380e+01,5.50522103
7354,0.000199,8.912281e+01,4.59601376
7355,0.000120,8.911285e+01,3.98518087
7356,0.000106,8.910628e+01,7.35129359
7357,0.000104,8.909225e+01,5.90399134
7358,0.000157,8.908043e+01,4.88674590
7359,0.000160,8.906986e+01,4.19685202
7360,0.000161,8.906467e+01,7.94975624
7361,0.000119,8.904925e+01,6.34606171
7362,0.000099,8.903648e+01,5.21080554
7363,0.000137,8.902519e+01,4.43394841
7364,0.000144,8.902171e+01,8.60901369
7365,0.000145,8.900465e+01,6.83496786
7366,0.000115,8.899075e+01,5.57087299
7367,0.000105,8.897864e+01,4.69849868
7368,0.000105,8.897725e+01,9.33418536
7369,0.000230,8.895826e+01,7.37450488
7370,0.000165,8.894307e+01,5.96975697
7371,0.000103,8.893001e+01,4.99255630
7372,0.000107,8.891813e+01,4.33856819
7373,0.000101,8.890994e+01,7.96874452
7374,0.000100,8.889323e+01,6.41042348
7375,0.000100,8.887908e+01,5.31821895
7376,0.000099,8.886636e+01,4.58049108
7377,0.000096,8.885952e+01,8.62216205
7378,0.000097,8.884106e+01,6.89601465
7379,0.000104,8.882567e+01,5.67759582
7380,0.000101,8.881199e+01,4.84719014
7381,0.000098,8.880692e+01,9.33946721
7382,0.000102,8.878643e+01,7.42981504
7383,0.000096,8.876963e+01,6.07282924
7384,0.000095,8.875489e+01,5.13984455
7385,0.000101,8.875208e+01,10.12579835
7386,0.000097,8.872926e+01,8.01536242
7387,0.001572,8.871086e+01,6.50616245
7388,0.000078,8.869495e+01,5.45959793
7389,0.000074,8.868043e+01,4.76168211
7390,0.000094,8.866955e+01,8.65651261
7391,0.000096,8.864937e+01,6.98004170
7392,0.000092,8.863219e+01,5.80767612
7393,0.000093,8.861668e+01,5.01755543
7394,0.000107,8.860746e+01,9.35766514
7395,0.000094,8.858529e+01,7.49723643
7396,0.000096,8.856673e+01,6.18548098
7397,0.000101,8.855020e+01,5.29193561
7398,0.000094,8.854329e+01,10.12364640
7399,0.000095,8.851889e+01,8.06093345
7400,0.000102,8.849886e+01,6.59480555
7401,0.000095,8.848130e+01,5.58534436
7402,0.000097,8.847751e+01,10.96006148
7403,0.000102,8.845067e+01,8.67502735
7404,0.000101,8.842908e+01,7.03812774
7405,0.000103,8.841049e+01,5.89898389
7406,0.000208,8.839359e+01,5.13423850
7407,0.000228,8.838130e+01,9.34434284
7408,0.000185,8.835807e+01,7.51893406
7409,0.000173,8.833845e+01,6.23515165
7410,0.000135,8.832091e+01,5.36171635
7411,0.000144,8.831165e+01,10.07500750
7412,0.000131,8.828668e+01,8.04199304
7413,0.000322,8.826607e+01,6.59753586
7414,0.000193,8.824799e+01,5.60167958
7415,0.000107,8.824277e+01,10.87427026
7416,0.000103,8.821593e+01,8.61343270
7417,0.000094,8.819434e+01,6.99145806
7418,0.000103,8.817580e+01,5.85870844
7419,0.000104,8.815904e+01,5.09277675
7420,0.000105,8.814690e+01,9.24083598
7421,0.000096,8.812431e+01,7.42394916
7422,0.000098,8.810539e+01,6.13941188
7423,0.000111,8.808862e+01,5.25773665
7424,0.000099,8.808068e+01,9.93320145
7425,0.000115,8.805700e+01,7.90350447
7426,0.001599,8.803771e+01,6.45211648
7427,0.000082,8.802101e+01,5.44157978
7428,0.000091,8.801823e+01,10.70022808
7429,0.000088,8.799328e+01,8.43945336
7430,0.000092,8.797359e+01,6.80622816
7431,0.000090,8.795698e+01,5.65386663
7432,0.000102,8.794221e+01,4.86371260
7433,0.000094,8.793383e+01,9.04139066
7434,0.000095,8.791359e+01,7.21144244
7435,0.000095,8.789702e+01,5.90465220
7436,0.000095,8.788263e+01,4.99566112
7437,0.000098,8.787907e+01,9.71874031
7438,0.000184,8.785806e+01,7.67694078
7439,0.000149,8.784140e+01,6.20340683
7440,0.000201,8.782730e+01,5.16482085
7441,0.000187,8.781474e+01,4.45321972
7442,0.000104,8.780705e+01,8.21067333
7443,0.000099,8.779009e+01,6.55817343
7444,0.000103,8.777615e+01,5.37963253
7445,0.000108,8.776400e+01,4.56118366
7446,0.000119,8.776043e+01,8.81943234
7447,0.000100,8.774288e+01,6.97529139
7448,0.000099,8.772891e+01,5.64654160
7449,0.000105,8.771703e+01,4.71221104
7450,0.000097,8.770641e+01,4.07412191
7451,0.000111,8.769944e+01,7.45941953
7452,0.000097,8.768518e+01,5.96995010
7453,0.000102,8.767338e+01,4.91081057
7454,0.000098,8.766305e+01,4.17841028
7455,0.000141,8.765933e+01,8.01423064
7456,0.000123,8.764451e+01,6.35274160
7457,0.000095,8.763260e+01,5.15962559
7458,0.000093,8.762239e+01,4.32481744
7459,0.000132,8.762214e+01,8.64284312
7460,0.000270,8.760646e+01,6.79688568
7461,0.000193,8.759422e+01,5.46005423
7462,0.000151,8.758397e+01,4.51454683
7463,0.000107,8.757491e+01,3.86554099
7464,0.002257,8.757062e+01,7.30417765
7465,0.000177,8.755781e+01,5.81301375
7466,0.000173,8.754737e+01,4.74809211
7467,0.000193,8.753830e+01,4.00868433
7468,0.000181,8.753666e+01,7.87684972
7469,0.000153,8.752304e+01,6.21954667
7470,0.000177,8.751223e+01,5.02582525
7471,0.000194,8.750304e+01,4.18800876
7472,0.000176,8.749480e+01,3.61861850
7473,0.000178,8.748963e+01,6.68114394
7474,0.000190,8.747827e+01,5.34842264
7475,0.000177,8.746884e+01,4.40373818
7476,0.000182,8.746052e+01,3.75425620
7477,0.000193,8.745738e+01,7.20007383
7478,0.000176,8.744529e+01,5.71713845
7479,0.000175,8.743549e+01,4.65652987
7480,0.000181,8.742701e+01,3.91923171
7481,0.000188,8.742617e+01,7.77931578
7482,0.000167,8.741314e+01,6.13385071
7483,0.000170,8.740284e+01,4.94757057
7484,0.000172,8.739412e+01,4.11431265
7485,0.000158,8.738630e+01,3.54793950
7486,0.000156,8.738172e+01,6.60110974
7487,0.000174,8.737079e+01,5.27861965
7488,0.000161,8.736172e+01,4.34076783
7489,0.000156,8.735374e+01,3.69594183
7490,0.000166,8.735097e+01,7.12216655
7491,0.000151,8.733925e+01,5.65198359
7492,0.000162,8.732975e+01,4.60031392
7493,0.000176,8.732153e+01,3.86928668
7494,0.000126,8.732089e+01,7.70081312
7495,0.000161,8.730818e+01,6.07043574
7496,0.000175,8.729814e+01,4.89506532
7497,0.000151,8.728963e+01,4.06965620
7498,0.000140,8.728200e+01,3.50896694
7499,0.000147,8.727758e+01,6.53722118
7500,0.000150,8.726687e+01,5.22751914
7501,0.000143,8.725799e+01,4.29906008
7502,0.001899,8.725016e+01,3.66111377
7503,0.000087,8.724744e+01,7.05609238
7504,0.000097,8.723592e+01,5.60052960
7505,0.000094,8.722658e+01,4.55977658
7506,0.000092,8.721849e+01,3.83685822
7507,0.000093,8.721779e+01,7.63118764
7508,0.000096,8.720528e+01,6.01725832
7509,0.000092,8.719539e+01,4.85432657
7510,0.000092,8.718698e+01,4.03828415
7511,0.000109,8.717945e+01,3.48457637
7512,0.000099,8.717498e+01,6.48121319
7513,0.000102,8.716441e+01,5.18548977
7514,0.000132,8.715562e+01,4.26768488
7515,0.000106,8.714786e+01,3.63778226
7516,0.000107,8.714504e+01,6.99631434
7517,0.000115,8.713364e+01,5.55630974
7518,0.000128,8.712439e+01,4.52753395
7519,0.000102,8.711636e+01,3.81377415
7520,0.000106,8.711548e+01,7.56680351
7521,0.000106,8.710310e+01,5.97007171
7522,0.000101,8.709328e+01,4.82048411
7523,0.000104,8.708493e+01,4.01476448
7524,0.000096,8.707742e+01,3.46891640
7525,0.000097,8.707281e+01,6.43035965
7526,0.000098,8.706231e+01,5.14940134
7527,0.000113,8.705356e+01,4.24313289
7528,0.000114,8.704582e+01,3.62213821
7529,0.000096,8.704279e+01,6.94113456
7530,0.000104,8.703147e+01,5.51738332
7531,0.000105,8.702225e+01,4.50141063
7532,0.000097,8.701423e+01,3.79766618
7533,0.000128,8.701308e+01,7.50665666
7534,0.000113,8.700078e+01,5.92774736
7535,0.000100,8.699099e+01,4.79228823
7536,0.000105,8.698263e+01,3.99774853
7537,0.000095,8.697510e+01,3.46058156
7538,0.000109,8.697025e+01,6.38409245
7539,0.000104,8.695978e+01,5.11865450
7540,0.000102,8.695102e+01,4.22478804
7541,0.000096,8.694325e+01,3.61357261
7542,0.001810,8.693992e+01,6.89037998
7543,0.000103,8.692863e+01,5.48361865
7544,0.000117,8.691939e+01,4.48133089
7545,0.000166,8.691133e+01,3.78853003
7546,0.000209,8.690981e+01,7.45086179
7547,0.000136,8.689754e+01,5.89050142
7548,0.000131,8.688772e+01,4.77007627
7549,0.000136,8.687932e+01,3.98770942
7550,0.000146,8.687172e+01,3.46018735
7551,0.000135,8.686653e+01,6.34289725
7552,0.000143,8.685603e+01,5.09391575
7553,0.000155,8.684721e+01,4.21351687
7554,0.000111,8.683935e+01,3.61315648
7555,0.000098,8.683561e+01,6.84475486
7556,0.000106,8.682429e+01,5.45595634
7557,0.000124,8.681497e+01,4.46849965
7558,0.000140,8.680681e+01,3.78784269
7559,0.000152,8.680481e+01,7.40030858
7560,0.000124,8.679251e+01,5.85951255
7561,0.000128,8.678261e+01,4.75535568
7562,0.000138,8.677408e+01,3.98649919
7563,0.000126,8.676634e+01,3.46991628
7564,0.000130,8.676068e+01,6.30816759
7565,0.000137,8.675008e+01,5.07697212
7566,0.000127,8.674113e+01,4.21152799
7567,0.000127,8.673311e+01,3.62351064
7568,0.000125,8.672883e+01,6.80585269
7569,0.000144,8.671739e+01,5.43644851
7570,0.000131,8.670792e+01,4.46547160
7571,0.000142,8.669958e+01,3.79866167
7572,0.000140,8.669694e+01,7.35678133
7573,0.000127,8.668450e+01,5.83708915
7574,0.000105,8.667443e+01,4.75102182
7575,0.000102,8.666569e+01,3.99761483
7576,0.000097,8.666503e+01,7.96555741
7577,0.000099,8.665141e+01,6.28246440
7578,0.000120,8.664061e+01,5.07104878
7579,0.000100,8.663141e+01,4.22275180
7580,0.001800,8.662313e+01,3.64923996
7581,0.000250,8.661808e+01,6.77643957
7582,0.000162,8.660642e+01,5.42863263
7583,0.000116,8.659668e+01,4.47661181
7584,0.000186,8.658803e+01,3.82615693
7585,0.000135,8.658451e+01,7.32327122
7586,0.000126,8.657182e+01,5.82709043
7587,0.000214,8.656143e+01,4.76188157
7588,0.000153,8.655235e+01,4.02680422
7589,0.000165,8.655067e+01,7.92751682
7590,0.000149,8.653675e+01,6.26996331
7591,0.000118,8.652560e+01,5.08140841
7592,0.000163,8.651601e+01,4.25353778
7593,0.000196,8.650731e+01,3.69767896
7594,0.000159,8.650117e+01,6.76108564
7595,0.000163,8.648910e+01,5.43824527
7596,0.000237,8.647891e+01,4.50886401
7597,0.000149,8.646978e+01,3.87839421
7598,0.000136,8.646500e+01,7.30467494
7599,0.000181,8.645186e+01,5.83567417
7600,0.000131,8.644096e+01,4.79542776
7601,0.000130,8.643133e+01,4.08282440
7602,0.000117,8.642819e+01,7.90524149
7603,0.000112,8.641376e+01,6.27719040
7604,0.000119,8.640202e+01,5.11602065
7605,0.000103,8.639180e+01,4.31325027
7606,0.000106,8.639067e+01,8.56771126
7607,0.000111,8.637472e+01,6.76656860
7608,0.000109,8.636198e+01,5.47361012
7609,0.000108,8.635108e+01,4.57206336
7610,0.000122,8.634119e+01,3.96649203
7611,0.000118,8.633459e+01,7.30788677
7612,0.000102,8.632070e+01,5.87136909
7613,0.000118,8.630898e+01,4.86178476
7614,0.000101,8.629849e+01,4.17714042
7615,0.000103,8.629328e+01,7.90563190
7616,0.000112,8.627800e+01,6.31269666
7617,0.000105,8.626534e+01,5.18504197
7618,0.001925,8.625414e+01,4.41336703
7619,0.000100,8.625064e+01,8.56457411
7620,0.000088,8.623374e+01,6.80118831
7621,0.000112,8.621997e+01,5.54457245
7622,0.000124,8.620796e+01,4.67725751
7623,0.000097,8.620655e+01,9.28990924
7624,0.000094,8.618773e+01,7.34070676
7625,0.000108,8.617267e+01,5.94324973
7626,0.000124,8.615973e+01,4.97093104
7627,0.000102,8.614796e+01,4.32004244
7628,0.000113,8.613983e+01,7.93540101
7629,0.000162,8.612327e+01,6.38411258
7630,0.000148,8.610925e+01,5.29655923
7631,0.000099,8.609663e+01,4.56173759
7632,0.000104,8.608989e+01,8.58982971
7633,0.000101,8.607158e+01,6.87038379
7634,0.000107,8.605632e+01,5.65633427
7635,0.000109,8.604276e+01,4.82860531
7636,0.000140,8.603778e+01,9.30880065
7637,0.000137,8.601745e+01,7.40543841
7638,0.000231,8.600079e+01,6.05248896
7639,0.000230,8.598618e+01,5.12192023
7640,0.000123,8.598347e+01,10.09755844
7641,0.000110,8.596081e+01,7.99291024
7642,0.000104,8.594256e+01,6.48736022
7643,0.000171,8.592677e+01,5.44292343
7644,0.000140,8.591236e+01,4.74613619
7645,0.000119,8.590165e+01,8.63675375
7646,0.000135,8.588160e+01,6.96348547
7647,0.000111,8.586454e+01,5.79293192
7648,0.000108,8.584914e+01,5.00373118
7649,0.000226,8.584008e+01,9.34146066
7650,0.000147,8.581803e+01,7.48371512
7651,0.000108,8.579958e+01,6.17342337
7652,0.000099,8.578316e+01,5.28058205
7653,0.000100,8.577639e+01,10.11194586
7654,0.000106,8.575210e+01,8.05130097
7655,0.000138,8.573217e+01,6.58623968
7656,0.000114,8.571469e+01,5.57724960
7657,0.000112,8.571103e+01,10.95388845
7658,0.000120,8.568427e+01,8.67017679
7659,0.000108,8.566274e+01,7.03386937
7660,0.001879,8.564421e+01,5.89492473
7661,0.000097,8.562736e+01,5.13025739
7662,0.000113,8.561516e+01,9.34517837
7663,0.000118,8.559196e+01,7.51976613
7664,0.000126,8.557237e+01,6.23583502
7665,0.000102,8.555485e+01,5.36230132
7666,0.000103,8.554564e+01,10.08241490
7667,0.000099,8.552066e+01,8.04862554
7668,0.000095,8.550003e+01,6.60354469
7669,0.000101,8.548193e+01,5.60732371
7670,0.000097,8.547673e+01,10.88911121
7671,0.000095,8.544982e+01,8.62648403
7672,0.000108,8.542817e+01,7.00321929
7673,0.000098,8.540957e+01,5.86969113
7674,0.000097,8.539275e+01,5.10345524
7675,0.000106,8.538054e+01,9.26084316
7676,0.000112,8.535784e+01,7.44173863
7677,0.000129,8.533881e+01,6.15579602
7678,0.000113,8.532194e+01,5.27340047
7679,0.000120,8.531390e+01,9.96066231
7680,0.000108,8.529007e+01,7.92749680
7681,0.000106,8.527064e+01,6.47380153
7682,0.000130,8.525380e+01,5.46190155
7683,0.000111,8.525092e+01,10.73568437
7684,0.000107,8.522577e+01,8.46981759
7685,0.000140,8.520590e+01,6.83305810
7686,0.000119,8.518913e+01,5.67841344
7687,0.000105,8.517420e+01,4.88691520
7688,0.000107,8.516566e+01,9.07840557
7689,0.000097,8.514522e+01,7.24334235
7690,0.000101,8.512847e+01,5.93304066
7691,0.000107,8.511390e+01,5.02175900
7692,0.000131,8.511021e+01,9.76289821
7693,0.000139,8.508897e+01,7.71404519
7694,0.000124,8.507212e+01,6.23545669
7695,0.000107,8.505785e+01,5.19336116
7696,0.000109,8.504513e+01,4.47938269
7697,0.000126,8.503728e+01,8.25341815
7698,0.000130,8.502012e+01,6.59401880
7699,0.000115,8.500601e+01,5.41048466
7700,0.000125,8.499371e+01,4.58848353
7701,0.001813,8.499005e+01,8.86858681
7702,0.000105,8.497229e+01,7.01542295
7703,0.000111,8.495814e+01,5.67995571
7704,0.000108,8.494612e+01,4.74068667
7705,0.000122,8.493536e+01,4.09900070
7706,0.000143,8.492831e+01,7.50466502
7707,0.000107,8.491388e+01,6.00653900
7708,0.000105,8.490195e+01,4.94088790
7709,0.000097,8.489149e+01,4.20363818
7710,0.000097,8.488776e+01,8.06569516
7711,0.000095,8.487277e+01,6.39341089
7712,0.000104,8.486073e+01,5.19204581
7713,0.000109,8.485041e+01,4.35098869
7714,0.000103,8.485024e+01,8.70184360
7715,0.000103,8.483438e+01,6.84274938
7716,0.000103,8.482200e+01,5.49577633
7717,0.000106,8.481166e+01,4.54248830
7718,0.000112,8.480251e+01,3.88759449
7719,0.000101,8.479828e+01,7.35648756
7720,0.000106,8.478533e+01,5.85312689
7721,0.000107,8.477479e+01,4.77876469
7722,0.000120,8.476565e+01,4.03213396
7723,0.000103,8.476413e+01,7.93695184
7724,0.000102,8.475037e+01,6.26521132
7725,0.000101,8.473946e+01,5.06025195
7726,0.000098,8.473019e+01,4.21376162
7727,0.000105,8.472190e+01,3.63781365
7728,0.000105,8.471682e+01,6.73356524
7729,0.000102,8.470536e+01,5.38765002
7730,0.000098,8.469585e+01,4.43271660
7731,0.000105,8.468748e+01,3.77540832
7732,0.000130,8.468449e+01,7.26049987
7733,0.000122,8.467228e+01,5.76222639
7734,0.000117,8.466240e+01,4.68965313
7735,0.000106,8.465387e+01,3.94314115
7736,0.000112,8.465323e+01,7.84905235
7737,0.000121,8.464007e+01,6.18588135
7738,0.000228,8.462968e+01,4.98575742
7739,0.000142,8.462090e+01,4.14176854
7740,0.002175,8.461304e+01,3.56727004
7741,0.000120,8.460862e+01,6.66120702
7742,0.000126,8.459758e+01,5.32280302
7743,0.000116,8.458845e+01,4.37255811
7744,0.000110,8.458042e+01,3.71825652
7745,0.000120,8.457787e+01,7.19152002
7746,0.000118,8.456601e+01,5.70313041
7747,0.000146,8.455644e+01,4.63724075
7748,0.000133,8.454818e+01,3.89525443
7749,0.000142,8.454780e+01,7.78070217
7750,0.000117,8.453495e+01,6.12956808
7751,0.000119,8.452482e+01,4.93796246
7752,0.000102,8.451625e+01,4.09996515
7753,0.000105,8.450859e+01,3.52975099
7754,0.000101,8.450436e+01,6.60543736
7755,0.000102,8.449354e+01,5.27726959
7756,0.000113,8.448459e+01,4.33443166
7757,0.000108,8.447673e+01,3.68549836
7758,0.000123,8.447426e+01,7.13458742
7759,0.000146,8.446260e+01,5.65808201
7760,0.000104,8.445318e+01,4.60097803
7761,0.000101,8.444505e+01,3.86546651
7762,0.000105,8.444467e+01,7.72127207
7763,0.000100,8.443199e+01,6.08364262
7764,0.000100,8.442200e+01,4.90218292
7765,0.000103,8.441354e+01,4.07178438
7766,0.000097,8.440597e+01,3.50722766
7767,0.000151,8.440173e+01,6.55755629
7768,0.000177,8.439104e+01,5.24089588
7769,0.000169,8.438218e+01,4.30679890
7770,0.000160,8.437439e+01,3.66446148
7771,0.000168,8.437185e+01,7.08385664
7772,0.000164,8.436031e+01,5.62024215
7773,0.000146,8.435097e+01,4.57304486
7774,0.000099,8.434289e+01,3.84511166
7775,0.000109,8.434237e+01,7.66691418
7776,0.000132,8.432981e+01,6.04360058
7777,0.000132,8.431989e+01,4.87324441
7778,0.000251,8.431148e+01,4.05144699
7779,0.000166,8.430393e+01,3.49346734
7780,0.000115,8.429958e+01,6.51466220
7781,0.000109,8.428895e+01,5.21034249
7782,0.002883,8.428013e+01,4.28590921
7783,0.000171,8.427235e+01,3.65106906
7784,0.000157,8.426964e+01,7.03751027
7785,0.000182,8.425816e+01,5.58752581
7786,0.000160,8.424885e+01,4.55109733
7787,0.000145,8.424079e+01,3.83163257
7788,0.000157,8.424003e+01,7.61654162
7789,0.000171,8.422754e+01,6.00821159
7790,0.000166,8.421764e+01,4.84977658
7791,0.000148,8.420922e+01,4.03746723
7792,0.000145,8.420166e+01,3.48691538
7793,0.000149,8.419709e+01,6.47611172
7794,0.000150,8.418648e+01,5.18491930
7795,0.000179,8.417765e+01,4.27104194
7796,0.000176,8.416984e+01,3.64459704
7797,0.000158,8.416686e+01,6.99531588
7798,0.000150,8.415540e+01,5.55972818
7799,0.000179,8.414607e+01,4.53497413
7800,0.000193,8.413796e+01,3.82492961
7801,0.000177,8.413687e+01,7.57021843
7802,0.000168,8.412440e+01,5.97762811
7803,0.000160,8.411447e+01,4.83204086
7804,0.000158,8.410600e+01,4.03023255
7805,0.000151,8.409836e+01,3.48809547
7806,0.000155,8.409349e+01,6.44233099
7807,0.000139,8.408284e+01,5.16522053
7808,0.000229,8.407394e+01,4.26298072
7809,0.000196,8.406605e+01,3.64602658
7810,0.000224,8.406269e+01,6.95791879
7811,0.000166,8.405119e+01,5.53771697
7812,0.000141,8.404178e+01,4.52579509
7813,0.000254,8.403357e+01,3.82638632
7814,0.000143,8.403204e+01,7.52877360
7815,0.000149,8.401952e+01,5.95295241
7816,0.000161,8.400950e+01,4.82145400
7817,0.000102,8.400091e+01,4.03149381
7818,0.000100,8.399314e+01,3.49908336
7819,0.000093,8.398782e+01,6.41463142
7820,0.002385,8.397708e+01,5.15293416
7821,0.000187,8.396804e+01,4.26382194
7822,0.000170,8.395999e+01,3.65785869
7823,0.000171,8.395612e+01,6.92682317
7824,0.000174,8.394450e+01,5.52343504
7825,0.000146,8.393493e+01,4.52598919
7826,0.000143,8.392654e+01,3.83892420
7827,0.000135,8.392441e+01,7.49389380
7828,0.000148,8.391175e+01,5.93637204
7829,0.000146,8.390155e+01,4.82077023
7830,0.000146,8.389275e+01,4.04459318
7831,0.000159,8.389271e+01,8.12061886
7832,0.000171,8.387882e+01,6.39544058
7833,0.000177,8.386786e+01,5.15112697
7834,0.000187,8.385859e+01,4.27731973
7835,0.000175,8.385027e+01,3.68451386
7836,0.000173,8.384568e+01,6.90464694
7837,0.000213,8.383383e+01,5.52024285
7838,0.000171,8.382399e+01,4.53972244
7839,0.000172,8.381530e+01,3.86750321
7840,0.000183,8.381233e+01,7.46840822
7841,0.000176,8.379941e+01,5.93155085
7842,0.000196,8.378890e+01,4.83457420
7843,0.000192,8.377977e+01,4.07504186
7844,0.000184,8.377875e+01,8.09145870
7845,0.000178,8.376456e+01,6.38872125
7846,0.000183,8.375325e+01,5.16481766
7847,0.000194,8.374359e+01,4.30956146
7848,0.000175,8.373486e+01,3.73306229
7849,0.000181,8.372922e+01,6.89573443
7850,0.000184,8.371697e+01,5.53361351
7851,0.000178,8.370669e+01,4.57365216
7852,0.000168,8.369752e+01,3.91989922
7853,0.000186,8.369335e+01,7.45697493
7854,0.000170,8.367997e+01,5.94436539
7855,0.000178,8.366895e+01,4.87005062
7856,0.000180,8.365927e+01,4.13128493
7857,0.000171,8.365687e+01,8.07713720
7858,0.000182,8.364216e+01,6.40070455
7859,0.000183,8.363028e+01,5.20165096
7860,0.000178,8.361999e+01,4.36958353
7861,0.000192,8.361974e+01,8.76135480
7862,0.000195,8.360344e+01,6.90655992
7863,0.000184,8.359053e+01,5.57153663
7864,0.002823,8.357954e+01,4.63727950
7865,0.000163,8.356963e+01,4.00692929
7866,0.000154,8.356371e+01,7.46618450
7867,0.000180,8.354958e+01,5.98301380
7868,0.000174,8.353776e+01,4.93700035
7869,0.000178,8.352723e+01,4.22450961
7870,0.000172,8.352283e+01,8.08426651
7871,0.000180,8.350728e+01,6.43963347
7872,0.000111,8.349448e+01,5.27149347
7873,0.000104,8.348324e+01,4.46863727
7874,0.000102,8.348071e+01,8.76579779
7875,0.000108,8.346346e+01,6.94516222
7876,0.000103,8.344952e+01,5.64363317
7877,0.000097,8.343745e+01,4.74151590
7878,0.000148,8.343721e+01,9.51622482
7879,0.000122,8.341797e+01,7.50365809
7880,0.000118,8.340269e+01,6.05645038
7881,0.000110,8.338966e+01,5.04540061
7882,0.000126,8.337788e+01,4.36516956
7883,0.000102,8.337064e+01,8.11949200
7884,0.000101,8.335381e+01,6.51316571
7885,0.000094,8.333967e+01,5.38262131
7886,0.000095,8.332703e+01,4.61497502
7887,0.000098,8.332134e+01,8.79747801
7888,0.000100,8.330269e+01,7.01720904
7889,0.000096,8.328728e+01,5.75554907
7890,0.000158,8.327368e+01,4.89123569
7891,0.000127,8.326996e+01,9.54270189
7892,0.000098,8.324920e+01,7.57218500
7893,0.000098,8.323233e+01,6.16661718
7894,0.000101,8.321765e+01,5.19541376
7895,0.000096,8.321644e+01,10.36071760
7896,0.000098,8.319324e+01,8.18198230
7897,0.000102,8.317472e+01,6.61838397
7898,0.000097,8.315883e+01,5.52895613
7899,0.000111,8.314440e+01,4.79833857
7900,0.000109,8.313480e+01,8.85083285
7901,0.000108,8.311440e+01,7.11362661
7902,0.000106,8.309718e+01,5.89340021
7903,0.000107,8.308174e+01,5.06659423
7904,0.000115,8.307398e+01,9.58352982
7905,0.000188,8.305148e+01,7.65544432
7906,0.000161,8.303281e+01,6.29044354
7907,0.002210,8.301629e+01,5.35595156
7908,0.000183,8.301104e+01,10.38528944
7909,0.000241,8.298618e+01,8.24733141
7910,0.000426,8.296594e+01,6.72213425
7911,0.004798,8.294832e+01,5.66715918
7912,0.002566,8.294643e+01,11.26209643
7913,0.002559,8.291892e+01,8.89345173
7914,0.000186,8.289699e+01,7.19113980
7915,0.000242,8.287824e+01,6.00155778
7916,0.006823,8.286129e+01,5.19924956
7917,0.000727,8.285032e+01,9.59884955
7918,0.000276,8.282659e+01,7.70105543
7919,0.000186,8.280671e+01,6.36147361
7920,0.000184,8.278902e+01,5.44624972
7921,0.000191,8.278122e+01,10.36982745
7922,0.000180,8.275555e+01,8.25667305
7923,0.000179,8.273452e+01,6.75050254
7924,0.000185,8.271618e+01,5.70820385
7925,0.000184,8.271262e+01,11.21377278
7926,0.000182,8.268484e+01,8.86408171
7927,0.000184,8.266267e+01,7.17378273
7928,0.000168,8.264374e+01,5.98940397
7929,0.000178,8.262671e+01,5.18580514
7930,0.000191,8.261554e+01,9.53082432
7931,0.000190,8.259218e+01,7.63813929
7932,0.000154,8.257274e+01,6.29612811
7933,0.000173,8.255558e+01,5.37205448
7934,0.000174,8.254878e+01,10.26593592
7935,0.000164,8.252412e+01,8.15192316
7936,0.000190,8.250417e+01,6.63642017
7937,0.000186,8.248699e+01,5.57810871
7938,0.000180,8.248558e+01,11.07928855
7939,0.000159,8.245943e+01,8.72447134
7940,0.000176,8.243893e+01,7.01956303
7941,0.000206,8.242174e+01,5.81332081
7942,0.000215,8.240651e+01,4.98375188
7943,0.000858,8.239889e+01,9.36560853
7944,0.000331,8.237769e+01,7.45537093
7945,0.000181,8.236045e+01,6.08779318
7946,0.001077,8.234554e+01,5.13366352
7947,0.003552,8.234301e+01,10.08522927
7948,0.000149,8.232089e+01,7.95340036
7949,0.000166,8.230346e+01,6.41131428
7950,0.000200,8.228880e+01,5.32119276
7951,0.000279,8.227580e+01,4.57178159
7952,0.000216,8.226868e+01,8.52218664
7953,0.000171,8.225087e+01,6.79247477
7954,0.000173,8.223632e+01,5.55532793
7955,0.000185,8.222371e+01,4.69315902
7956,0.000174,8.222103e+01,9.16924406
7957,0.000170,8.220252e+01,7.23829346
7958,0.000157,8.218789e+01,5.84319037
7959,0.000172,8.217554e+01,4.85870948
7960,0.000173,8.216455e+01,4.18357068
7961,0.000187,8.215813e+01,7.75413286
7962,0.000181,8.214316e+01,6.18986994
7963,0.000162,8.213087e+01,5.07365266
7964,0.000138,8.212017e+01,4.29842030
7965,0.000153,8.211730e+01,8.34433129
7966,0.000179,8.210170e+01,6.59886483
7967,0.000176,8.208926e+01,5.34123809
7968,0.000175,8.207869e+01,4.45743310
7969,0.000175,8.206923e+01,3.85484188
7970,0.000712,8.206306e+01,7.07264304
7971,0.000232,8.205025e+01,5.66333298
7972,0.000181,8.203963e+01,4.66228600
7973,0.000182,8.203029e+01,3.97152118
7974,0.000179,8.202683e+01,7.61348939
7975,0.000221,8.201339e+01,6.04120915
7976,0.000193,8.200254e+01,4.91376722
7977,0.000154,8.199320e+01,4.12682871
7978,0.000177,8.199266e+01,8.22390476
7979,0.000172,8.197832e+01,6.47611993
7980,0.000180,8.196705e+01,5.21241400
7981,0.000211,8.195757e+01,4.32094821
7982,0.000183,8.194914e+01,3.71137718
7983,0.000179,8.194475e+01,6.96979296
7984,0.000192,8.193288e+01,5.55903860
7985,0.000226,8.192312e+01,4.55418520
7986,0.000132,8.191460e+01,3.85913151
7987,0.001935,8.191247e+01,7.52474545
7988,0.000160,8.189978e+01,5.95502562
7989,0.000185,8.188961e+01,4.82725126
7990,0.000167,8.188091e+01,4.03862909
7991,0.000170,8.187305e+01,3.50525022
7992,0.000185,8.186760e+01,6.40240888
7993,0.000185,8.185688e+01,5.14141032
7994,0.000170,8.184789e+01,4.25067231
7995,0.000175,8.183991e+01,3.64109607
7996,0.000168,8.183623e+01,6.90399812
7997,0.000169,8.182479e+01,5.49854111
7998,0.000187,8.181543e+01,4.49657253
7999,0.000171,8.180726e+01,3.80306616
8000,0.000172,8.180561e+01,7.46324744
8001,0.000181,8.179328e+01,5.90108098
8002,0.000174,8.178343e+01,4.77812246
8003,0.000174,8.177501e+01,3.99253253
8004,0.000170,8.176741e+01,3.46123119
8005,0.000180,8.176231e+01,6.35202204
8006,0.000172,8.175184e+01,5.09757694
8007,0.000097,8.174308e+01,4.21127389
8008,0.000096,8.173531e+01,3.60477582
8009,0.000094,8.173185e+01,6.85492606
8010,0.000094,8.172063e+01,5.45761539
8011,0.000104,8.171145e+01,4.46140853
8012,0.000096,8.170345e+01,3.77199680
8013,0.000098,8.170192e+01,7.41380374
8014,0.000103,8.168978e+01,5.86128129
8015,0.000096,8.168008e+01,4.74535190
8016,0.000095,8.167179e+01,3.96487698
8017,0.000097,8.166430e+01,3.43733015
8018,0.000094,8.165929e+01,6.31200183
8019,0.000091,8.164896e+01,5.06581480
8020,0.000105,8.164031e+01,4.18564775
8021,0.000097,8.163262e+01,3.58370762
8022,0.000093,8.162918e+01,6.81363675
8023,0.000092,8.161808e+01,5.42579726
8024,0.000097,8.160899e+01,4.43675090
8025,0.000098,8.160106e+01,3.75273936
8026,0.001447,8.159949e+01,7.37039548
8027,0.000078,8.158746e+01,5.82856247
8028,0.000086,8.157784e+01,4.72082763
8029,0.000084,8.156960e+01,3.94662718
8030,0.000089,8.156216e+01,3.42384165
8031,0.000086,8.155710e+01,6.27768380
8032,0.000088,8.154684e+01,5.04074298
8033,0.000087,8.153823e+01,4.16775356
8034,0.000092,8.153057e+01,3.57134100
8035,0.000091,8.152704e+01,6.77711426
8036,0.000105,8.151600e+01,5.39960053
8037,0.000106,8.150694e+01,4.41866412
8038,0.000101,8.149903e+01,3.74099168
8039,0.000098,8.149730e+01,7.33112140
8040,0.000137,8.148533e+01,5.80073215
8041,0.000426,8.147574e+01,4.70207121
8042,0.000158,8.146751e+01,3.93506217
8043,0.000151,8.146006e+01,3.41788451
8044,0.000184,8.145486e+01,6.24775502
8045,0.000209,8.144461e+01,5.02088803
8046,0.000165,8.143600e+01,4.15598083
8047,0.000105,8.142832e+01,3.56597650
8048,0.000125,8.142460e+01,6.74464703
8049,0.000131,8.141357e+01,5.37825004
8050,0.000119,8.140450e+01,4.40632528
8051,0.000119,8.139656e+01,3.73591190
8052,0.000152,8.139459e+01,7.29568841
8053,0.000159,8.138263e+01,5.77750965
8054,0.000139,8.137301e+01,4.68883031
8055,0.000146,8.136474e+01,3.92997846
8056,0.000142,8.135723e+01,3.41932645
8057,0.000141,8.135179e+01,6.22229523
8058,0.000142,8.134152e+01,5.00642402
8059,0.000167,8.133285e+01,4.15061767
8060,0.000107,8.132511e+01,3.56803068
8061,0.000116,8.132109e+01,6.71658769
8062,0.002000,8.131002e+01,5.36225109
8063,0.000154,8.130089e+01,4.40041667
8064,0.000170,8.129286e+01,3.73837241
8065,0.000156,8.129054e+01,7.26466486
8066,0.000180,8.127853e+01,5.75966868
8067,0.000171,8.126884e+01,4.68211679
8068,0.000180,8.126046e+01,3.93264324
8069,0.000177,8.126019e+01,7.87120584
8070,0.000180,8.124705e+01,6.20230672
8071,0.000175,8.123668e+01,4.99864194
8072,0.000189,8.122790e+01,4.15327655
8073,0.000176,8.122002e+01,3.57943947
8074,0.000177,8.121559e+01,6.69409943
8075,0.000189,8.120442e+01,5.35313114
8076,0.000187,8.119514e+01,4.40286810
8077,0.000201,8.118696e+01,3.75071006
8078,0.000205,8.118415e+01,7.23937888
8079,0.000184,8.117202e+01,5.74896633
8080,0.000195,8.116217e+01,4.68416759
8081,0.000180,8.115362e+01,3.94578804
8082,0.000184,8.115277e+01,7.84279716
8083,0.000175,8.113950e+01,6.18976540
8084,0.000182,8.112895e+01,5.00009373
8085,0.000174,8.111996e+01,4.16710135
8086,0.000178,8.111186e+01,3.60390907
8087,0.000179,8.110683e+01,6.67945211
8088,0.000189,8.109545e+01,5.35378062
8089,0.000180,8.108595e+01,4.41724011
8090,0.000180,8.107750e+01,3.77714580
8091,0.000186,8.107401e+01,7.22234550
8092,0.000176,8.106165e+01,5.74860409
8093,0.000165,8.105152e+01,4.69894809
8094,0.000184,8.104268e+01,3.97415204
8095,0.000181,8.104103e+01,7.82308223
8096,0.000176,8.102749e+01,6.18817343
8097,0.000185,8.101664e+01,5.01513619
8098,0.000184,8.100731e+01,4.19734306
8099,0.002375,8.099886e+01,3.64753060
8100,0.000144,8.099295e+01,6.67639941
8101,0.000168,8.098123e+01,5.36892682
8102,0.000165,8.097134e+01,4.44929183
8103,0.000177,8.096249e+01,3.82442399
8104,0.000171,8.095798e+01,7.21758191
8105,0.000177,8.094523e+01,5.76367926
8106,0.000143,8.093467e+01,4.73272008
8107,0.000172,8.092535e+01,4.02512950
8108,0.000171,8.092255e+01,7.81633304
8109,0.000174,8.090855e+01,6.20297994
8110,0.000193,8.089720e+01,5.05050897
8111,0.000198,8.088734e+01,4.25201890
8112,0.000196,8.088659e+01,8.47769638
8113,0.000167,8.087113e+01,6.69070867
8114,0.000184,8.085884e+01,5.40573006
8115,0.000149,8.084834e+01,4.50759344
8116,0.000181,8.083885e+01,3.90237701
8117,0.000156,8.083287e+01,7.23106740
8118,0.000152,8.081946e+01,5.80167825
8119,0.000188,8.080820e+01,4.79450542
8120,0.000171,8.079816e+01,4.10912280
8121,0.000171,8.079366e+01,7.82868432
8122,0.000190,8.077893e+01,6.24189637
8123,0.000179,8.076679e+01,5.11554109
8124,0.000181,8.075610e+01,4.34191420
8125,0.000192,8.075341e+01,8.48850405
8126,0.000173,8.073711e+01,6.73015384
8127,0.000167,8.072393e+01,5.47362927
8128,0.000172,8.071249e+01,4.60305837
8129,0.000195,8.071200e+01,9.21592680
8130,0.000168,8.069386e+01,7.27051877
8131,0.000184,8.067944e+01,5.87187086
8132,0.000184,8.066713e+01,4.89494162
8133,0.000177,8.065598e+01,4.23772005
8134,0.000140,8.064902e+01,7.86738133
8135,0.000196,8.063316e+01,6.31357048
8136,0.000178,8.061983e+01,5.22004966
8137,0.002474,8.060790e+01,4.47753052
8138,0.000154,8.060244e+01,8.52557246
8139,0.000160,8.058489e+01,6.80225487
8140,0.000169,8.057038e+01,5.58093578
8141,0.000163,8.055756e+01,4.74422741
8142,0.000171,8.055399e+01,9.25021240
8143,0.000172,8.053447e+01,7.34163892
8144,0.000207,8.051859e+01,5.98023112
8145,0.000156,8.050477e+01,5.03956839
8146,0.000130,8.050358e+01,10.04688209
8147,0.000106,8.048175e+01,7.93571528
8148,0.000103,8.046431e+01,6.42068690
8149,0.000147,8.044934e+01,5.36529538
8150,0.000110,8.043574e+01,4.65780214
8151,0.000125,8.042664e+01,8.58879342
8152,0.000106,8.040741e+01,6.90523597
8153,0.000101,8.039115e+01,5.72319638
8154,0.000092,8.037656e+01,4.92292630
8155,0.000092,8.036913e+01,9.30567450
8156,0.000102,8.034786e+01,7.43705514
8157,0.000096,8.033018e+01,6.11512515
8158,0.000093,8.031451e+01,5.21130430
8159,0.000099,8.030932e+01,10.09150418
8160,0.000094,8.028573e+01,8.01959459
8161,0.000096,8.026647e+01,6.54312028
8162,0.000101,8.024966e+01,5.52372715
8163,0.000094,8.024745e+01,10.95205855
8164,0.000095,8.022124e+01,8.65679036
8165,0.000101,8.020026e+01,7.00959892
8166,0.000094,8.018224e+01,5.86127565
8167,0.000091,8.016590e+01,5.08963800
8168,0.000094,8.015478e+01,9.35323637
8169,0.000099,8.013192e+01,7.51760743
8170,0.000092,8.011266e+01,6.22563366
8171,0.000093,8.009544e+01,5.34676166
8172,0.000101,8.008696e+01,10.11453400
8173,0.000097,8.006207e+01,8.07107572
8174,0.000095,8.004153e+01,6.61935354
8175,0.001487,8.002347e+01,5.61962667
8176,0.000078,8.001860e+01,10.94719855
8177,0.000076,7.999148e+01,8.67498777
8178,0.000096,7.996963e+01,7.04619726
8179,0.000118,7.995080e+01,5.91088098
8180,0.000093,7.995069e+01,11.85904101
8181,0.000093,7.992113e+01,9.33567456
8182,0.000098,7.989792e+01,7.51142618
8183,0.000091,7.987838e+01,6.22488537
8184,0.000092,7.986096e+01,5.34546817
8185,0.000097,7.985210e+01,10.06088022
8186,0.000094,7.982746e+01,8.02193132
8187,0.000094,7.980724e+01,6.56791462
8188,0.000099,7.978960e+01,5.55982537
8189,0.000099,7.978553e+01,10.85987111
8190,0.000102,7.975930e+01,8.58610999
8191,0.000096,7.973840e+01,6.94795426
8192,0.000100,7.972062e+01,5.79681403
8193,0.000092,7.970468e+01,5.01182500
8194,0.000098,7.969444e+01,9.21335632
8195,0.000100,7.967280e+01,7.37425285
8196,0.000094,7.965488e+01,6.06572570
8197,0.000094,7.963918e+01,5.15993449
8198,0.000101,7.963371e+01,9.91381742
8199,0.000095,7.961115e+01,7.85668595
8200,0.000096,7.959305e+01,6.37661355
8201,0.000102,7.957758e+01,5.33765149
8202,0.000097,7.956370e+01,4.62908125
8203,0.000094,7.955394e+01,8.40485997
8204,0.000102,7.953552e+01,6.73929185
8205,0.000099,7.952022e+01,5.55519337
8206,0.000094,7.950678e+01,4.73586162
8207,0.000100,7.950142e+01,9.02775426
8208,0.000092,7.948243e+01,7.16257480
8209,0.000095,7.946715e+01,5.82169165
8210,0.000095,7.945406e+01,4.88129822
8211,0.001503,7.945357e+01,9.73319440
8212,0.000079,7.943369e+01,7.65372055
8213,0.000097,7.941822e+01,6.14445787
8214,0.000094,7.940533e+01,5.07303145
8215,0.000096,7.939398e+01,4.33315555
8216,0.000107,7.938904e+01,8.21852605
8217,0.000095,7.937310e+01,6.52889167
8218,0.000098,7.936021e+01,5.31654475
8219,0.000091,7.934912e+01,4.46875682
8220,0.000092,7.934811e+01,8.86185125
8221,0.000093,7.933138e+01,6.97885816
8222,0.000098,7.931826e+01,5.61535799
8223,0.000094,7.930726e+01,4.65084166
8224,0.000093,7.929751e+01,3.98818089
8225,0.000100,7.929262e+01,7.49722593
8226,0.000096,7.927902e+01,5.97161878
8227,0.000095,7.926791e+01,4.88131179
8228,0.000097,7.925827e+01,4.12323293
8229,0.000095,7.925641e+01,8.08672520
8230,0.000102,7.924204e+01,6.38689421
8231,0.000100,7.923064e+01,5.16115078
8232,0.000097,7.922096e+01,4.29934124
8233,0.000095,7.921230e+01,3.71206165
8234,0.000103,7.920697e+01,6.86274085
8235,0.000099,7.919506e+01,5.49109223
8236,0.000095,7.918520e+01,4.51682897
8237,0.000103,7.917653e+01,3.84507353
8238,0.000095,7.917351e+01,7.40128598
8239,0.000096,7.916088e+01,5.87216711
8240,0.000094,7.915068e+01,4.77611246
8241,0.000101,7.914188e+01,4.01185296
8242,0.000094,7.914144e+01,8.00534071
8243,0.000094,7.912785e+01,6.30595714
8244,0.000102,7.911716e+01,5.07801659
8245,0.001416,7.910814e+01,4.21279401
8246,0.000081,7.910009e+01,3.62232946
8247,0.000091,7.909581e+01,6.79477480
8248,0.000093,7.908446e+01,5.42396621
8249,0.000099,7.907511e+01,4.44879040
8250,0.000090,7.906692e+01,3.77556867
8251,0.000093,7.906466e+01,7.34175569
8252,0.000092,7.905248e+01,5.81603629
8253,0.000098,7.904268e+01,4.72126368
8254,0.000183,7.903426e+01,3.95716867
8255,0.000116,7.902663e+01,3.44171333
8256,0.000098,7.902112e+01,6.25689475
8257,0.000093,7.901075e+01,5.03215283
8258,0.000095,7.900202e+01,4.16860481
8259,0.000099,7.899424e+01,3.57909193
8260,0.000095,7.899035e+01,6.74985564
8261,0.000094,7.897926e+01,5.38389637
8262,0.000098,7.897014e+01,4.41176491
8263,0.000096,7.896216e+01,3.74049201
8264,0.000100,7.896015e+01,7.29874967
8265,0.000100,7.894819e+01,5.77936130
8266,0.000094,7.893858e+01,4.68889618
8267,0.000096,7.893032e+01,3.92773417
8268,0.000106,7.892285e+01,3.41438123
8269,0.000103,7.891752e+01,6.22184629
8270,0.000105,7.890731e+01,5.00258852
8271,0.000097,7.889871e+01,4.14293537
8272,0.000098,7.889106e+01,3.55623854
8273,0.000096,7.888727e+01,6.71511456
8274,0.000101,7.887631e+01,5.35575579
8275,0.000100,7.886730e+01,4.38845976
8276,0.000092,7.885941e+01,3.72074817
8277,0.000094,7.885745e+01,7.26330745
8278,0.000101,7.884560e+01,5.75160094
8279,0.001424,7.883608e+01,4.66689648
8280,0.000085,7.882790e+01,3.91006271
8281,0.000095,7.882049e+01,3.39997263
8282,0.000092,7.881518e+01,6.19365306
8283,0.000098,7.880504e+01,4.98107437
8284,0.000093,7.879650e+01,4.12653293
8285,0.000091,7.878889e+01,3.54374332
8286,0.000092,7.878507e+01,6.68582851
8287,0.000096,7.877418e+01,5.33407100
8288,0.000092,7.876522e+01,4.37268546
8289,0.000096,7.875735e+01,3.70956428
8290,0.000096,7.875531e+01,7.23236929
8291,0.000108,7.874352e+01,5.72920051
8292,0.000100,7.873404e+01,4.65122185
8293,0.000100,7.872587e+01,3.89969437
8294,0.000090,7.871846e+01,3.39374299
8295,0.000097,7.871307e+01,6.17006625
8296,0.000100,7.870296e+01,4.96504837
8297,0.000093,7.869443e+01,4.11655795
8298,0.000092,7.868680e+01,3.53856763
8299,0.000098,7.868286e+01,6.66063234
8300,0.000094,7.867199e+01,5.31729578
8301,0.000095,7.866302e+01,4.36273343
8302,0.000101,7.865513e+01,3.70511486
8303,0.000095,7.865292e+01,7.20517095
8304,0.000094,7.864114e+01,5.71131480
8305,0.000094,7.863164e+01,4.64095930
8306,0.000099,7.862344e+01,3.89567625
8307,0.000096,7.862329e+01,7.80836286
8308,0.000098,7.861042e+01,6.15073410
8309,0.000099,7.860028e+01,4.95416054
8310,0.000094,7.859171e+01,4.11268982
8311,0.000091,7.858404e+01,3.54044863
8312,0.000105,7.857987e+01,6.63949202
8313,0.000097,7.856896e+01,5.30548007
8314,0.001412,7.855994e+01,4.35875875
8315,0.000077,7.855199e+01,3.70767779
8316,0.000089,7.854950e+01,7.18192768
8317,0.000092,7.853767e+01,5.69830634
8318,0.000095,7.852811e+01,4.63664264
8319,0.000094,7.851983e+01,3.89872959
8320,0.000091,7.851935e+01,7.78270887
8321,0.000092,7.850643e+01,6.13626825
8322,0.000096,7.849621e+01,4.94927246
8323,0.000093,7.848754e+01,4.11604752
8324,0.000090,7.847975e+01,3.55075869
8325,0.000098,7.847525e+01,6.62330459
8326,0.000097,7.846425e+01,5.29979633
8327,0.000107,7.845511e+01,4.36223934
8328,0.000109,7.844703e+01,3.71904438
8329,0.000105,7.844414e+01,7.16375198
8330,0.000124,7.843221e+01,5.69160619
8331,0.000111,7.842251e+01,4.64006879
8332,0.000103,7.841408e+01,3.91103665
8333,0.000107,7.841313e+01,7.76227317
8334,0.000103,7.840009e+01,6.12833231
8335,0.000106,7.838972e+01,4.95246991
8336,0.000102,7.838087e+01,4.12917932
8337,0.000105,7.837289e+01,3.57250251
8338,0.000151,7.836789e+01,6.61391180
8339,0.000115,7.835672e+01,5.30259213
8340,0.000110,7.834737e+01,4.37607941
8341,0.000108,7.833908e+01,3.74267571
8342,0.000099,7.833561e+01,7.15267590
8343,0.000097,7.832348e+01,5.69382693
8344,0.000100,7.831355e+01,4.65449959
8345,0.000092,7.830487e+01,3.93652246
8346,0.000097,7.830326e+01,7.74927961
8347,0.000103,7.828998e+01,6.12980221
8348,0.001425,7.827934e+01,4.96737169
8349,0.000077,7.827021e+01,4.15647991
8350,0.000087,7.826193e+01,3.61080923
8351,0.000090,7.825620e+01,6.61444937
8352,0.000095,7.824472e+01,5.31784050
8353,0.000091,7.823505e+01,4.40514583
8354,0.000089,7.822640e+01,3.78430319
8355,0.000096,7.822209e+01,7.15208963
8356,0.000097,7.820962e+01,5.70928993
8357,0.000092,7.819931e+01,4.68527103
8358,0.000091,7.819023e+01,3.98152551
8359,0.000098,7.818765e+01,7.74736420
8360,0.000093,7.817398e+01,6.14533630
8361,0.000093,7.816291e+01,4.99977103
8362,0.000100,7.815333e+01,4.20488687
8363,0.000096,7.815283e+01,8.40535130
8364,0.000096,7.813774e+01,6.62989461
8365,0.000100,7.812578e+01,5.35175792
8366,0.000094,7.811558e+01,4.45693664
8367,0.000099,7.810639e+01,3.85260717
8368,0.000098,7.810083e+01,7.16720967
8369,0.000095,7.808780e+01,5.74457495
8370,0.000097,7.807689e+01,4.74038602
8371,0.000101,7.806719e+01,4.05537506
8372,0.000094,7.806317e+01,7.76195932
8373,0.000096,7.804886e+01,6.18182349
8374,0.000096,7.803712e+01,5.05809446
8375,0.000100,7.802681e+01,4.28427380
8376,0.000093,7.802467e+01,8.41915375
8377,0.000095,7.800886e+01,6.66734664
8378,0.000100,7.799612e+01,5.41308158
8379,0.000095,7.798511e+01,4.54172474
8380,0.000095,7.797508e+01,3.95911293
8381,0.000101,7.796766e+01,7.20530082
8382,0.001397,7.795374e+01,5.80857190
8383,0.000087,7.794191e+01,4.83027203
8384,0.000127,7.793125e+01,4.16973386
8385,0.000181,7.792512e+01,7.80024949
8386,0.000188,7.790982e+01,6.24801356
8387,0.000154,7.789703e+01,5.15256082
8388,0.000114,7.788565e+01,4.40599152
8389,0.000102,7.788111e+01,8.45705792
8390,0.000103,7.786418e+01,6.73505472
8391,0.000097,7.785027e+01,5.51133945
8392,0.000100,7.783805e+01,4.66993593
8393,0.000097,7.783550e+01,9.18102400
8394,0.000093,7.781666e+01,7.27360976
8395,0.000096,7.780144e+01,5.90948410
8396,0.000111,7.778826e+01,4.96363504
8397,0.000097,7.778817e+01,9.97791118
8398,0.000095,7.776708e+01,7.86788475
8399,0.000099,7.775034e+01,6.35001266
8400,0.000092,7.773607e+01,5.28917262
8401,0.000092,7.772315e+01,4.57518772
8402,0.000100,7.771532e+01,8.52241232
8403,0.000094,7.769683e+01,6.83613390
8404,0.000094,7.768130e+01,5.64869019
8405,0.000098,7.766742e+01,4.84188107
8406,0.000108,7.766129e+01,9.24220707
8407,0.000099,7.764077e+01,7.37128577
8408,0.000095,7.762383e+01,6.04437445
8409,0.000107,7.760889e+01,5.13438020
8410,0.000100,7.760498e+01,10.03260023
8411,0.000099,7.758214e+01,7.95913012
8412,0.000101,7.756361e+01,6.47852556
8413,0.000095,7.754750e+01,5.45381368
8414,0.000094,7.754651e+01,10.89948675
8415,0.000103,7.752100e+01,8.60371634
8416,0.000111,7.750069e+01,6.95368677
8417,0.001418,7.748331e+01,5.80142746
8418,0.000076,7.746758e+01,5.02604484
8419,0.000076,7.745756e+01,9.30960345
8420,0.000096,7.743527e+01,7.47282602
8421,0.000091,7.741654e+01,6.17880644
8422,0.000092,7.739982e+01,5.29808526
8423,0.000104,7.739219e+01,10.08216175
8424,0.000096,7.736773e+01,8.03953147
8425,0.000092,7.734757e+01,6.58806171
8426,0.000095,7.732986e+01,5.58886667
8427,0.000091,7.732551e+01,10.92747171
8428,0.000091,7.729863e+01,8.65816333
8429,0.000099,7.727697e+01,7.03213912
8430,0.000093,7.725828e+01,5.90005590
8431,0.000091,7.724129e+01,5.13930570
8432,0.000100,7.722876e+01,9.33417999
8433,0.000094,7.720551e+01,7.51518209
8434,0.000105,7.718588e+01,6.23463866
8435,0.000101,7.716832e+01,5.36203452
8436,0.000101,7.715906e+01,10.07446607
8437,0.000095,7.713414e+01,8.04277386
8438,0.000099,7.711359e+01,6.59719086
8439,0.000093,7.709558e+01,5.59850107
8440,0.000095,7.709065e+01,10.88713150
8441,0.000096,7.706391e+01,8.62195419
8442,0.000102,7.704245e+01,6.99403510
8443,0.000097,7.702407e+01,5.85437974
8444,0.000105,7.700749e+01,5.08127908
8445,0.000102,7.699591e+01,9.26120249
8446,0.000097,7.697350e+01,7.43317907
8447,0.000094,7.695480e+01,6.13736524
8448,0.000099,7.693828e+01,5.24489254
8449,0.000098,7.693118e+01,9.97027506
8450,0.000095,7.690771e+01,7.92392294
8451,0.000108,7.688869e+01,6.45668315
8452,0.001563,7.687229e+01,5.43153154
8453,0.000080,7.687060e+01,10.75943937
8454,0.000090,7.684585e+01,8.47612435
8455,0.000092,7.682643e+01,6.82229502
8456,0.000096,7.681014e+01,5.65138929
8457,0.000089,7.679572e+01,4.84521416
8458,0.000091,7.678847e+01,9.09959439
8459,0.000097,7.676848e+01,7.24404478
8460,0.000092,7.675222e+01,5.91467670
8461,0.000093,7.673817e+01,4.98631123
8462,0.000096,7.673589e+01,9.80371523
8463,0.000110,7.671505e+01,7.73091459
8464,0.000094,7.669864e+01,6.23058010
8465,0.000093,7.668485e+01,5.16916439
8466,0.000097,7.667263e+01,4.43889076
8467,0.000097,7.666609e+01,8.29048192
8468,0.000096,7.664930e+01,6.60658979
8469,0.000100,7.663561e+01,5.40156902
8470,0.000098,7.662375e+01,4.56139152
8471,0.000098,7.662138e+01,8.92917166
8472,0.000101,7.660390e+01,7.04844836
8473,0.000107,7.659009e+01,5.68920911
8474,0.000097,7.657842e+01,4.72986435
8475,0.000101,7.656805e+01,4.07206946
8476,0.000094,7.656206e+01,7.56038738
8477,0.000096,7.654786e+01,6.03585426
8478,0.000102,7.653621e+01,4.94805364
8479,0.000095,7.652605e+01,4.19287017
8480,0.000095,7.652335e+01,8.14592187
8481,0.000096,7.650848e+01,6.44402996
8482,0.000101,7.649662e+01,5.21808868
8483,0.000115,7.648652e+01,4.35706103
8484,0.000098,7.647746e+01,3.77066837
8485,0.000100,7.647151e+01,6.91566622
8486,0.000097,7.645923e+01,5.54118790
8487,0.000095,7.644902e+01,4.56556477
8488,0.001439,7.644003e+01,3.89314677
8489,0.000077,7.643658e+01,7.45286918
8490,0.000084,7.642363e+01,5.91839520
8491,0.000098,7.641316e+01,4.81887586
8492,0.000096,7.640411e+01,4.05234699
8493,0.000092,7.640339e+01,8.05822482
8494,0.000092,7.638953e+01,6.35104184
8495,0.000097,7.637861e+01,5.11758287
8496,0.000091,7.636939e+01,4.24846246
8497,0.000090,7.636117e+01,3.65514904
8498,0.000090,7.635669e+01,6.84109861
8499,0.000096,7.634514e+01,5.46274569
8500,0.000103,7.633563e+01,4.48203028
8501,0.000097,7.632729e+01,3.80471468
8502,0.000100,7.632494e+01,7.39137756
8503,0.000096,7.631258e+01,5.85607134
8504,0.000095,7.630264e+01,4.75409086
8505,0.000099,7.629409e+01,3.98459051
8506,0.000092,7.628636e+01,3.46508280
8507,0.000101,7.628079e+01,6.29992114
8508,0.000109,7.627029e+01,5.06624949
8509,0.000133,7.626146e+01,4.19591524
8510,0.000221,7.625359e+01,3.60128760
8511,0.000119,7.624970e+01,6.79738860
8512,0.000098,7.623849e+01,5.42068987
8513,0.000099,7.622928e+01,4.44030983
8514,0.000105,7.622121e+01,3.76276306
8515,0.000103,7.621929e+01,7.35216906
8516,0.000095,7.620719e+01,5.82010614
8517,0.000094,7.619749e+01,4.71983023
8518,0.000103,7.618917e+01,3.95113622
8519,0.000093,7.618164e+01,3.43211167
8520,0.000094,7.617637e+01,6.26769730
8521,0.000101,7.616606e+01,5.03694397
8522,0.000098,7.615740e+01,4.16839420
8523,0.004475,7.614969e+01,3.57492951
8524,0.000088,7.614601e+01,6.76718701
8525,0.000076,7.613496e+01,5.39449954
8526,0.000236,7.612588e+01,4.41682377
8527,0.000296,7.611794e+01,3.74113806
8528,0.000306,7.611614e+01,7.32272451
8529,0.000338,7.610418e+01,5.79567941
8530,0.000311,7.609459e+01,4.69897778
8531,0.000287,7.608636e+01,3.93284850
8532,0.000333,7.607892e+01,3.41573037
8533,0.000302,7.607374e+01,6.24402746
8534,0.000286,7.606352e+01,5.01768048
8535,0.000316,7.605494e+01,4.15239851
8536,0.000275,7.604729e+01,3.56139443
8537,0.000284,7.604365e+01,6.74350322
8538,0.000301,7.603267e+01,5.37602955
8539,0.000230,7.602365e+01,4.40232256
8540,0.000239,7.601576e+01,3.72968231
8541,0.000269,7.601394e+01,7.29841487
8542,0.000251,7.600205e+01,5.77737907
8543,0.000270,7.599250e+01,4.68534636
8544,0.000199,7.598430e+01,3.92287036
8545,0.000299,7.597688e+01,3.40861232
8546,0.000277,7.597167e+01,6.22538967
8547,0.000276,7.596148e+01,5.00441401
8548,0.000305,7.595292e+01,4.14341115
8549,0.000276,7.594528e+01,3.55581244
8550,0.000280,7.594156e+01,6.72409882
8551,0.000318,7.593061e+01,5.36270614
8552,0.000276,7.592160e+01,4.39391970
8553,0.000297,7.591370e+01,3.72526446
8554,0.000311,7.591177e+01,7.27786685
8555,0.000300,7.589989e+01,5.76363478
8556,0.000348,7.589033e+01,4.67717904
8557,0.000261,7.588212e+01,3.91929680
8558,0.003803,7.587467e+01,3.40876902
8559,0.000084,7.586933e+01,6.21090067
8560,0.000180,7.585913e+01,4.99617454
8561,0.000289,7.585054e+01,4.14039946
8562,0.000333,7.584286e+01,3.55712777
8563,0.000327,7.583898e+01,6.70856824
8564,0.000279,7.582800e+01,5.35411687
8565,0.000300,7.581894e+01,4.39121548
8566,0.000314,7.581099e+01,3.72752374
8567,0.000286,7.580885e+01,7.26101587
8568,0.000318,7.579694e+01,5.75444020
8569,0.000307,7.578733e+01,4.67454940
8570,0.000283,7.577905e+01,3.92230278
8571,0.000275,7.577900e+01,7.87303856
8572,0.000309,7.576596e+01,6.20086215
8573,0.000272,7.575569e+01,4.99339553
8574,0.000273,7.574702e+01,4.14395853
8575,0.000297,7.573925e+01,3.56611324
8576,0.000275,7.573509e+01,6.69741731
8577,0.000276,7.572403e+01,5.35097118
8578,0.000307,7.571488e+01,4.39515247
8579,0.000290,7.570682e+01,3.73764912
8580,0.000296,7.570436e+01,7.24855001
8581,0.000316,7.569235e+01,5.75074544
8582,0.000319,7.568263e+01,4.67870644
8583,0.000346,7.567422e+01,3.93345427
8584,0.000285,7.567379e+01,7.85904338
8585,0.000334,7.566064e+01,6.19643550
8586,0.000285,7.565024e+01,4.99761879
8587,0.000324,7.564141e+01,4.15602511
8588,0.000331,7.563349e+01,3.58509007
8589,0.000304,7.562892e+01,6.69207733
8590,0.000309,7.561770e+01,5.35511150
8591,0.000336,7.560838e+01,4.40802618
8592,0.000313,7.560014e+01,3.75839529
8593,0.001625,7.559720e+01,7.24211529
8594,0.000086,7.558501e+01,5.75465787
8595,0.000093,7.557509e+01,4.69228269
8596,0.000100,7.556647e+01,3.95593114
8597,0.000095,7.556549e+01,7.85133084
8598,0.000101,7.555213e+01,6.19997783
8599,0.000094,7.554151e+01,5.01179575
8600,0.000196,7.553243e+01,4.18019270
8601,0.000097,7.552425e+01,3.61827701
8602,0.000097,7.551907e+01,6.69510770
8603,0.000096,7.550759e+01,5.36978860
8604,0.000103,7.549799e+01,4.43384174
8605,0.000091,7.548945e+01,3.79451428
8606,0.000098,7.548580e+01,7.24448898
8607,0.000105,7.547331e+01,5.76973396
8608,0.000107,7.546307e+01,4.71969961
8609,0.000096,7.545411e+01,3.99502928
8610,0.000099,7.545232e+01,7.85289764
8611,0.000108,7.543862e+01,6.21534875
8612,0.000102,7.542763e+01,5.04076120
8613,0.000094,7.541816e+01,4.22230293
8614,0.000099,7.540957e+01,3.67245387
8615,0.000103,7.540347e+01,6.71066187
8616,0.000099,7.539158e+01,5.40023915
8617,0.000165,7.538152e+01,4.47897694
8618,0.000129,7.537251e+01,3.85346731
8619,0.000124,7.536781e+01,7.26010172
8620,0.000184,7.535484e+01,5.80159013
8621,0.000126,7.534409e+01,4.76784568
8622,0.000111,7.533459e+01,4.05886655
8623,0.000117,7.533159e+01,7.86842482
8624,0.000107,7.531734e+01,6.24850711
8625,0.000103,7.530576e+01,5.09186682
8626,0.001572,7.529569e+01,4.29107521
8627,0.000088,7.529474e+01,8.54083383
8628,0.000103,7.527898e+01,6.74498529
8629,0.000095,7.526641e+01,5.45419191
8630,0.000097,7.525566e+01,4.55264475
8631,0.000104,7.524593e+01,3.94577444
8632,0.000094,7.523964e+01,7.29535212
8633,0.000093,7.522591e+01,5.85819931
8634,0.000098,7.521437e+01,4.84627488
8635,0.000092,7.520404e+01,4.15838687
8636,0.000095,7.519923e+01,7.90437018
8637,0.000111,7.518412e+01,6.30751851
8638,0.000097,7.517164e+01,5.17479598
8639,0.000101,7.516063e+01,4.39760357
8640,0.000101,7.515762e+01,8.57713251
8641,0.000114,7.514088e+01,6.80601042
8642,0.000101,7.512729e+01,5.54117718
8643,0.000109,7.511548e+01,4.66572405
8644,0.000111,7.511470e+01,9.31920052
8645,0.000115,7.509603e+01,7.35783887
8646,0.000106,7.508116e+01,5.94855527
8647,0.000107,7.506842e+01,4.96511296
8648,0.000102,7.505687e+01,4.30435738
8649,0.000106,7.504942e+01,7.96749592
8650,0.000119,7.503303e+01,6.40026755
8651,0.000108,7.501922e+01,5.29822095
8652,0.000113,7.500684e+01,4.55077266
8653,0.000136,7.500090e+01,8.63992176
8654,0.000123,7.498275e+01,6.89987264
8655,0.000102,7.496770e+01,5.66755617
8656,0.000105,7.495438e+01,4.82412904
8657,0.000105,7.495036e+01,9.38036201
8658,0.000107,7.493015e+01,7.45112438
8659,0.000148,7.491367e+01,6.07570292
8660,0.000118,7.489930e+01,5.12604874
8661,0.001756,7.489773e+01,10.19454568
8662,0.000132,7.487512e+01,8.05807131
8663,0.000133,7.485702e+01,6.52537769
8664,0.000135,7.484146e+01,5.45814436
8665,0.000110,7.482730e+01,4.74300946
8666,0.000136,7.481764e+01,8.72511369
8667,0.000102,7.479769e+01,7.01951365
8668,0.000135,7.478081e+01,5.82211019
8669,0.000212,7.476564e+01,5.01139244
8670,0.000102,7.475776e+01,9.45720019
8671,0.000106,7.473572e+01,7.56135301
8672,0.000113,7.471739e+01,6.21978187
8673,0.000117,7.470114e+01,5.30200110
8674,0.000121,7.469569e+01,10.25971308
8675,0.000118,7.467129e+01,8.15451717
8676,0.000139,7.465139e+01,6.65330821
8677,0.000159,7.463402e+01,5.61566840
8678,0.000112,7.463182e+01,11.13878465
8679,0.000096,7.460478e+01,8.80326001
8680,0.000129,7.458317e+01,7.12539918
8681,0.000120,7.456464e+01,5.95373960
8682,0.000122,7.454786e+01,5.16438880
8683,0.000114,7.453673e+01,9.51267434
8684,0.000108,7.451328e+01,7.63962202
8685,0.000127,7.449357e+01,6.31844672
8686,0.000143,7.447601e+01,5.41681448
8687,0.000124,7.446792e+01,10.28905616
8688,0.000120,7.444248e+01,8.20067262
8689,0.000118,7.442158e+01,6.71319996
8690,0.000107,7.440330e+01,5.68500035
8691,0.000097,7.439931e+01,11.13978707
8692,0.000096,7.437170e+01,8.81451342
8693,0.000101,7.434960e+01,7.14289170
8694,0.000096,7.433067e+01,5.97287947
8695,0.000095,7.431358e+01,5.18026563
8696,0.000096,7.430201e+01,9.48856961
8697,0.001528,7.427864e+01,7.61409637
8698,0.000133,7.425913e+01,6.28634806
8699,0.000082,7.424186e+01,5.37343248
8700,0.000103,7.423452e+01,10.23181306
8701,0.000100,7.420980e+01,8.13498690
8702,0.000105,7.418972e+01,6.63314699
8703,0.000097,7.417236e+01,5.58575443
8704,0.000099,7.417033e+01,11.05420129
8705,0.000116,7.414406e+01,8.71488607
8706,0.000111,7.412338e+01,7.02243917
8707,0.000097,7.410596e+01,5.82634893
8708,0.000105,7.409050e+01,5.00494779
8709,0.000100,7.408227e+01,9.36380832
8710,0.000099,7.406086e+01,7.46416309
8711,0.000106,7.404336e+01,6.10536409
8712,0.000095,7.402818e+01,5.15847074
8713,0.000100,7.402506e+01,10.09202674
8714,0.000107,7.400269e+01,7.96824475
8715,0.000096,7.398500e+01,6.43293632
8716,0.000100,7.397006e+01,5.34855741
8717,0.000129,7.395678e+01,4.60382968
8718,0.000246,7.394913e+01,8.54378508
8719,0.000095,7.393104e+01,6.81824217
8720,0.000095,7.391622e+01,5.58478431
8721,0.000105,7.390335e+01,4.72576317
8722,0.000235,7.390021e+01,9.19894126
8723,0.000179,7.388144e+01,7.26899672
8724,0.000162,7.386654e+01,5.87501753
8725,0.000116,7.385394e+01,4.89168156
8726,0.000108,7.384271e+01,4.21749756
8727,0.000157,7.383593e+01,7.79125016
8728,0.000131,7.382071e+01,6.22509325
8729,0.000108,7.380820e+01,5.10759955
8730,0.000115,7.379729e+01,4.33146034
8731,0.000099,7.379417e+01,8.38992205
8732,0.001511,7.377833e+01,6.63913826
8733,0.000084,7.376569e+01,5.37745192
8734,0.000077,7.375493e+01,4.49054163
8735,0.000097,7.374529e+01,3.88550588
8736,0.000093,7.373895e+01,7.12008910
8737,0.000093,7.372594e+01,5.70360702
8738,0.000097,7.371515e+01,4.69695741
8739,0.000092,7.370567e+01,4.00181113
8740,0.000092,7.370215e+01,7.67054745
8741,0.000098,7.368851e+01,6.08765476
8742,0.000092,7.367751e+01,4.95183488
8743,0.000096,7.366804e+01,4.15831857
8744,0.000099,7.366756e+01,8.29323832
8745,0.000094,7.365302e+01,6.53103596
8746,0.000094,7.364160e+01,5.25589058
8747,0.000102,7.363200e+01,4.35539852
8748,0.000101,7.362347e+01,3.73880299
8749,0.000093,7.361915e+01,7.03559804
8750,0.000099,7.360711e+01,5.61002116
8751,0.000107,7.359724e+01,4.59342979
8752,0.000095,7.358863e+01,3.88919919
8753,0.000100,7.358667e+01,7.60396271
8754,0.000100,7.357380e+01,6.01566153
8755,0.000096,7.356351e+01,4.87314602
8756,0.000099,7.355472e+01,4.07294340
8757,0.000100,7.354680e+01,3.53067887
8758,0.000098,7.354148e+01,6.47490801
8759,0.000110,7.353062e+01,5.19582889
8760,0.000112,7.352154e+01,4.29083426
8761,0.000103,7.351350e+01,3.67023594
8762,0.000110,7.351003e+01,6.99066700
8763,0.000107,7.349844e+01,5.56339884
8764,0.000105,7.348897e+01,4.54419349
8765,0.000130,7.348074e+01,3.83726889
8766,0.000112,7.347940e+01,7.56653930
8767,0.000099,7.346688e+01,5.97837474
8768,0.001478,7.345691e+01,4.83485401
8769,0.000081,7.344840e+01,4.03316901
8770,0.000073,7.344075e+01,3.48959642
8771,0.000098,7.343589e+01,6.44387465
8772,0.000102,7.342528e+01,5.16514667
8773,0.000104,7.341643e+01,4.25976287
8774,0.000134,7.340860e+01,3.63858110
8775,0.000138,7.340547e+01,6.96362997
8776,0.000103,7.339407e+01,5.53786335
8777,0.000098,7.338478e+01,4.51924581
8778,0.000095,7.337670e+01,3.81245456
8779,0.000103,7.337561e+01,7.54186622
8780,0.000170,7.336324e+01,5.95619650
8781,0.000189,7.335341e+01,4.81413874
8782,0.000110,7.334503e+01,4.01328132
8783,0.000100,7.333750e+01,3.47025745
8784,0.000094,7.333281e+01,6.42375759
8785,0.000100,7.332231e+01,5.14728507
8786,0.000113,7.331356e+01,4.24339501
8787,0.000100,7.330581e+01,3.62326143
8788,0.000101,7.330279e+01,6.94462497
8789,0.000100,7.329148e+01,5.52184368
8790,0.000097,7.328227e+01,4.50535839
8791,0.000100,7.327426e+01,3.80013279
8792,0.000096,7.327321e+01,7.52326279
8793,0.000094,7.326092e+01,5.94126380
8794,0.000093,7.325115e+01,4.80195258
8795,0.000099,7.324282e+01,4.00318758
8796,0.000093,7.323533e+01,3.46180729
8797,0.000091,7.323066e+01,6.40933349
8798,0.000097,7.322021e+01,5.13620259
8799,0.000098,7.321149e+01,4.23493570
8800,0.000093,7.320377e+01,3.61689705
8801,0.000099,7.320073e+01,6.93025086
8802,0.000096,7.318945e+01,5.51139329
8803,0.000098,7.318025e+01,4.49806336
8804,0.001378,7.317226e+01,3.79540882
8805,0.000075,7.317116e+01,7.50856159
8806,0.000087,7.315888e+01,5.93106177
8807,0.000087,7.314912e+01,4.79543882
8808,0.000086,7.314079e+01,3.99973967
8809,0.000143,7.313328e+01,3.46090174
8810,0.000102,7.312854e+01,6.39905764
8811,0.000095,7.311808e+01,5.13014941
8812,0.000102,7.310934e+01,4.23245732
8813,0.000095,7.310160e+01,3.61743952
8814,0.000094,7.309844e+01,6.91962182
8815,0.000098,7.308715e+01,5.50552530
8816,0.000099,7.307793e+01,4.49629056
8817,0.000094,7.306989e+01,3.79716436
8818,0.000100,7.306864e+01,7.49733039
8819,0.000102,7.305634e+01,5.92513726
8820,0.000097,7.304653e+01,4.79414002
8821,0.000096,7.303815e+01,4.00250093
8822,0.000095,7.303058e+01,3.46715537
8823,0.000100,7.302567e+01,6.39285993
8824,0.000094,7.301516e+01,5.12911815
8825,0.000099,7.300635e+01,4.23603830
8826,0.000098,7.299853e+01,3.62507463
8827,0.000094,7.299517e+01,6.91295247
8828,0.000099,7.298381e+01,5.50457509
8829,0.000119,7.297450e+01,4.50052281
8830,0.000095,7.296638e+01,3.80604927
8831,0.000099,7.296487e+01,7.49000443
8832,0.000093,7.295249e+01,5.92409776
8833,0.000094,7.294258e+01,4.79886994
8834,0.000099,7.293409e+01,4.01251466
8835,0.000106,7.292641e+01,3.48184678
8836,0.000107,7.292122e+01,6.39157346
8837,0.000101,7.291058e+01,5.13420485
8838,0.000091,7.290166e+01,4.24706895
8839,0.001636,7.289370e+01,3.64149530
8840,0.000083,7.289000e+01,6.91127081
8841,0.000100,7.287851e+01,5.50988868
8842,0.000089,7.286905e+01,4.51246700
8843,0.000092,7.286077e+01,3.82414713
8844,0.000089,7.285887e+01,7.48778651
8845,0.000090,7.284634e+01,5.92951789
8846,0.000096,7.283626e+01,4.81163235
8847,0.000089,7.282759e+01,4.03224131
8848,0.000089,7.281972e+01,3.50788006
8849,0.000095,7.281408e+01,6.39698742
8850,0.000093,7.280325e+01,5.14769735
8851,0.000092,7.279411e+01,4.26837907
8852,0.000103,7.278594e+01,3.67006892
8853,0.000093,7.278173e+01,6.91657141
8854,0.000095,7.277000e+01,5.52402967
8855,0.000101,7.276031e+01,4.53531837
8856,0.000094,7.275178e+01,3.85529390
8857,0.000092,7.274929e+01,7.49287039
8858,0.000098,7.273649e+01,5.94423121
8859,0.000098,7.272614e+01,4.83598532
8860,0.000092,7.271717e+01,4.06599089
8861,0.000093,7.271676e+01,8.13091995
8862,0.000107,7.270269e+01,6.41220164
8863,0.000096,7.269154e+01,5.17350540
8864,0.000093,7.268207e+01,4.30474545
8865,0.000096,7.267355e+01,3.71640959
8866,0.000096,7.266856e+01,6.93217284
8867,0.000095,7.265648e+01,5.55123869
8868,0.000097,7.264640e+01,4.57431559
8869,0.000091,7.263747e+01,3.90570812
8870,0.000095,7.263409e+01,7.50880673
8871,0.000101,7.262088e+01,5.97280988
8872,0.000100,7.261009e+01,4.87762440
8873,0.000093,7.260066e+01,4.12058298
8874,0.001512,7.259923e+01,8.14711688
8875,0.000080,7.258468e+01,6.44210186
8876,0.000076,7.257304e+01,5.21777610
8877,0.000094,7.256304e+01,4.36358604
8878,0.000092,7.255397e+01,3.78909155
8879,0.000094,7.254782e+01,6.96332769
8880,0.000091,7.253516e+01,5.59810333
8881,0.000089,7.252448e+01,4.63743031
8882,0.000094,7.251493e+01,3.98464597
8883,0.000090,7.251020e+01,7.54112279
8884,0.000092,7.249634e+01,6.02219297
8885,0.000095,7.248486e+01,4.94497898
8886,0.000092,7.247473e+01,4.20584837
8887,0.000093,7.247176e+01,8.18046319
8888,0.000099,7.245646e+01,6.49387503
8889,0.000102,7.244404e+01,5.28925559
8890,0.000099,7.243323e+01,4.45513136
8891,0.000101,7.243240e+01,8.88679059
8892,0.000094,7.241540e+01,7.01729070
8893,0.000098,7.240186e+01,5.67347411
8894,0.000100,7.239026e+01,4.73503614
8895,0.000093,7.237976e+01,4.10371747
8896,0.000214,7.237303e+01,7.59692090
8897,0.000143,7.235816e+01,6.10107142
8898,0.000354,7.234564e+01,5.04823193
8899,0.000176,7.233444e+01,4.33313219
8900,0.000202,7.232919e+01,8.23769429
8901,0.000192,7.231276e+01,6.57572895
8902,0.000200,7.229917e+01,5.39749212
8903,0.000164,7.228716e+01,4.58988778
8904,0.000194,7.228377e+01,8.94486814
8905,0.000190,7.226550e+01,7.10134814
8906,0.000182,7.225065e+01,5.78570202
8907,0.000190,7.223771e+01,4.87607572
8908,0.000182,7.223663e+01,9.72417763
8909,0.002624,7.221621e+01,7.68212766
8910,0.000158,7.219990e+01,6.21589128
8911,0.000153,7.218590e+01,5.19380623
8912,0.000186,7.217318e+01,4.50811631
8913,0.000174,7.216475e+01,8.32259457
8914,0.000172,7.214674e+01,6.69127729
8915,0.000173,7.213153e+01,5.54524351
8916,0.000171,7.211787e+01,4.76891354
8917,0.000169,7.211103e+01,9.02774487
8918,0.000181,7.209107e+01,7.21530205
8919,0.000176,7.207448e+01,5.93259600
8920,0.000166,7.205978e+01,5.05538219
8921,0.000186,7.205502e+01,9.80290533
8922,0.000169,7.203281e+01,7.79163284
8923,0.000179,7.201467e+01,6.35817971
8924,0.000177,7.199883e+01,5.36867569
8925,0.000182,7.199681e+01,10.65395929
8926,0.000172,7.197202e+01,8.42431449
8927,0.000195,7.195215e+01,6.82453997
8928,0.000220,7.193507e+01,5.71004721
8929,0.000166,7.191954e+01,4.96231350
8930,0.000191,7.190888e+01,9.11788970
8931,0.000206,7.188709e+01,7.33462500
8932,0.000195,7.186868e+01,6.08105881
8933,0.000200,7.185216e+01,5.23027551
8934,0.000190,7.184375e+01,9.87768212
8935,0.000185,7.181983e+01,7.89197734
8936,0.000194,7.180001e+01,6.48376853
8937,0.000176,7.178251e+01,5.51691838
8938,0.000180,7.177718e+01,10.70972949
8939,0.000156,7.175091e+01,8.50089509
8940,0.000187,7.172961e+01,6.92103568
8941,0.000178,7.171114e+01,5.82379426
8942,0.000170,7.170995e+01,11.62116804
8943,0.000194,7.168108e+01,9.16675645
8944,0.000168,7.165822e+01,7.39685839
8945,0.000174,7.163881e+01,6.15369356
8946,0.000219,7.162138e+01,5.30895379
8947,0.000543,7.161127e+01,9.89621782
8948,0.000515,7.158676e+01,7.91666576
8949,0.000511,7.156643e+01,6.51103223
8950,0.002834,7.154853e+01,5.54248942
8951,0.000171,7.154256e+01,10.69749272
8952,0.000156,7.151627e+01,8.48745116
8953,0.000209,7.149504e+01,6.90197622
8954,0.000183,7.147676e+01,5.79468587
8955,0.000110,7.147612e+01,11.57997736
8956,0.000107,7.144785e+01,9.11760313
8957,0.000102,7.142568e+01,7.33437612
8958,0.000102,7.140708e+01,6.07301009
8959,0.000111,7.139057e+01,5.20652722
8960,0.000109,7.138253e+01,9.81672087
8961,0.000112,7.135933e+01,7.81746399
8962,0.000106,7.134041e+01,6.38661470
8963,0.000109,7.132402e+01,5.38923396
8964,0.000111,7.132125e+01,10.59533866
8965,0.000105,7.129681e+01,8.36125819
8966,0.000115,7.127751e+01,6.74554880
8967,0.000115,7.126124e+01,5.60397414
8968,0.000100,7.124677e+01,4.81986030
8969,0.000104,7.123871e+01,8.97573261
8970,0.000096,7.121887e+01,7.15984398
8971,0.000095,7.120264e+01,5.86113464
8972,0.000099,7.118855e+01,4.95610779
8973,0.000232,7.118538e+01,9.67050251
8974,0.000138,7.116473e+01,7.63877297
8975,0.000102,7.114839e+01,6.17022321
8976,0.000101,7.113458e+01,5.13319945
8977,0.000096,7.112229e+01,4.42115884
8978,0.000097,7.111509e+01,8.19024399
8979,0.000100,7.109840e+01,6.53911428
8980,0.000096,7.108471e+01,5.35933808
8981,0.000094,7.107281e+01,4.53826171
8982,0.000099,7.106976e+01,8.82097182
8983,0.000096,7.105242e+01,6.97391067
8984,0.000095,7.103864e+01,5.64062334
8985,0.000138,7.102696e+01,4.70107162
8986,0.000118,7.101653e+01,4.05793289
8987,0.000106,7.101006e+01,7.47912962
8988,0.000119,7.099594e+01,5.98116765
8989,0.000107,7.098429e+01,4.91371370
8990,0.000108,7.097410e+01,4.17378544
8991,0.001594,7.097090e+01,8.05846585
8992,0.000079,7.095615e+01,6.38372714
8993,0.000105,7.094432e+01,5.17859475
8994,0.000089,7.093422e+01,4.33329977
8995,0.000094,7.092513e+01,3.75841946
8996,0.000101,7.091884e+01,6.85035970
8997,0.000093,7.090662e+01,5.49709533
8998,0.000093,7.089643e+01,4.53758661
8999,0.000096,7.088743e+01,3.87711549
9000,0.000102,7.088363e+01,7.38321769
9001,0.000092,7.087078e+01,5.87032757
9002,0.000099,7.086034e+01,4.78723236
9003,0.000093,7.085130e+01,4.03299259
9004,0.000094,7.085022e+01,7.98489872
9005,0.000095,7.083648e+01,6.29963687
9006,0.000103,7.082561e+01,5.08285215
9007,0.000096,7.081641e+01,4.22628011
9008,0.000101,7.080818e+01,3.64214855
9009,0.000101,7.080347e+01,6.78698542
9010,0.000107,7.079200e+01,5.42549869
9011,0.000097,7.078251e+01,4.45751354
9012,0.000098,7.077418e+01,3.78960737
9013,0.000096,7.077159e+01,7.33517427
9014,0.000119,7.075932e+01,5.81686415
9015,0.000219,7.074942e+01,4.72772049
9016,0.000216,7.074089e+01,3.96777323
9017,0.000177,7.074073e+01,7.94777438
9018,0.000169,7.072744e+01,6.25930846
9019,0.000187,7.071699e+01,5.03849088
9020,0.000164,7.070818e+01,4.17776477
9021,0.000192,7.070032e+01,3.59013488
9022,0.000176,7.069628e+01,6.75589417
9023,0.000174,7.068513e+01,5.39200457
9024,0.000171,7.067594e+01,4.42120991
9025,0.000178,7.066789e+01,3.75069505
9026,0.000167,7.066580e+01,7.31041038
9027,0.000174,7.065378e+01,5.79100216
9028,0.000182,7.064411e+01,4.70018759
9029,0.003035,7.063580e+01,3.93846456
9030,0.000144,7.062828e+01,3.42441627
9031,0.000169,7.062291e+01,6.23871236
9032,0.000168,7.061264e+01,5.01718938
9033,0.000162,7.060400e+01,4.15545009
9034,0.000161,7.059631e+01,3.56688186
9035,0.000178,7.059252e+01,6.73890717
9036,0.000165,7.058152e+01,5.37510306
9037,0.000173,7.057246e+01,4.40397163
9038,0.000174,7.056453e+01,3.73300749
9039,0.000173,7.056263e+01,7.29580377
9040,0.000159,7.055072e+01,5.77716424
9041,0.000182,7.054115e+01,4.68662610
9042,0.000168,7.053294e+01,3.92494067
9043,0.000166,7.052550e+01,3.41092116
9044,0.000187,7.052027e+01,6.22698145
9045,0.000174,7.051007e+01,5.00629046
9046,0.000184,7.050150e+01,4.14506334
9047,0.000220,7.049387e+01,3.55688127
9048,0.000185,7.049017e+01,6.72858801
9049,0.000239,7.047922e+01,5.36612307
9050,0.000170,7.047021e+01,4.39596170
9051,0.000135,7.046233e+01,3.72576208
9052,0.000133,7.046047e+01,7.28638050
9053,0.000163,7.044860e+01,5.76954825
9054,0.000121,7.043907e+01,4.68041996
9055,0.000098,7.043088e+01,3.91988934
9056,0.000094,7.042346e+01,3.40686978
9057,0.000105,7.041823e+01,6.22030568
9058,0.000092,7.040806e+01,5.00144667
9059,0.000089,7.039950e+01,4.14176992
9060,0.000094,7.039187e+01,3.55493720
9061,0.000092,7.038815e+01,6.72251996
9062,0.000091,7.037720e+01,5.36229329
9063,0.000098,7.036819e+01,4.39407864
9064,0.000091,7.036030e+01,3.72560145
9065,0.000093,7.035838e+01,7.28065229
9066,0.000098,7.034650e+01,5.76645134
9067,0.000098,7.033695e+01,4.67966396
9068,0.000092,7.032874e+01,3.92124621
9069,0.001576,7.032129e+01,3.41010985
9070,0.000080,7.031598e+01,6.21770986
9071,0.000074,7.030577e+01,5.00158222
9072,0.000088,7.029718e+01,4.14442084
9073,0.000085,7.028950e+01,3.55987201
9074,0.000093,7.028567e+01,6.72023018
9075,0.000088,7.027467e+01,5.36312158
9076,0.000089,7.026561e+01,4.39783279
9077,0.000092,7.025766e+01,3.73206839
9078,0.000088,7.025559e+01,7.27850166
9079,0.000090,7.024365e+01,5.76780262
9080,0.000095,7.023404e+01,4.68435662
9081,0.000092,7.022575e+01,3.92910365
9082,0.000091,7.021823e+01,3.42084891
9083,0.000098,7.021273e+01,6.21943772
9084,0.000098,7.020245e+01,5.00707032
9085,0.000093,7.019376e+01,4.15354413
9086,0.000097,7.018599e+01,3.57238491
9087,0.000093,7.018193e+01,6.72220722
9088,0.000099,7.017084e+01,5.36928068
9089,0.000096,7.016167e+01,4.40811213
9090,0.000090,7.015361e+01,3.74628336
9091,0.000092,7.015127e+01,7.28061622
9092,0.000092,7.013922e+01,5.77452458
9093,0.000098,7.012947e+01,4.69569564
9094,0.000103,7.012106e+01,3.94495759
9095,0.000099,7.012080e+01,7.89959698
9096,0.000100,7.010759e+01,6.22662975
9097,0.000096,7.009715e+01,5.01937778
9098,0.000095,7.008831e+01,4.17097241
9099,0.000097,7.008038e+01,3.59467988
9100,0.000094,7.007596e+01,6.72975030
9101,0.000093,7.006470e+01,5.38247094
9102,0.000097,7.005535e+01,4.42706476
9103,0.000091,7.004710e+01,3.77085272
9104,0.000100,7.004435e+01,7.28845967
9105,0.000102,7.003209e+01,5.78854727
9106,0.001566,7.002214e+01,4.71613819
9107,0.000080,7.001350e+01,3.97181478
9108,0.000077,7.001277e+01,7.90768571
9109,0.000107,6.999933e+01,6.24143746
9110,0.000096,6.998865e+01,5.04127982
9111,0.000093,6.997956e+01,4.20013122
9112,0.000100,6.997137e+01,3.63080850
9113,0.000093,6.996639e+01,6.74530178
9114,0.000090,6.995485e+01,5.40580778
9115,0.000090,6.994522e+01,4.45853975
9116,0.000094,6.993667e+01,3.81035621
9117,0.000090,6.993327e+01,7.30471997
9118,0.000094,6.992070e+01,5.81330013
9119,0.000099,6.991042e+01,4.74994465
9120,0.000090,6.990144e+01,4.01478499
9121,0.000092,6.989996e+01,7.92462472
9122,0.000112,6.988616e+01,6.26759203
9123,0.000103,6.987511e+01,5.07743232
9124,0.000104,6.986562e+01,4.24665021
9125,0.000105,6.985703e+01,3.68732269
9126,0.000101,6.985118e+01,6.77284534
9127,0.000097,6.983921e+01,5.44431711
9128,0.000103,6.982913e+01,4.50867495
9129,0.000095,6.982012e+01,3.87200173
9130,0.000095,6.981573e+01,7.33363723
9131,0.000100,6.980267e+01,5.85416901
9132,0.000094,6.979187e+01,4.80374303
9133,0.000093,6.978236e+01,4.08171246
9134,0.000098,6.977975e+01,7.95489261
9135,0.000101,6.976538e+01,6.31080855
9136,0.000097,6.975374e+01,5.13491159
9137,0.000090,6.974365e+01,4.31896026
9138,0.000097,6.974319e+01,8.64200372
9139,0.000092,6.972726e+01,6.81837468
9140,0.000094,6.971462e+01,5.50544348
9141,0.000097,6.970384e+01,4.58638720
9142,0.001362,6.969411e+01,3.96602624
9143,0.000074,6.968822e+01,7.38135732
9144,0.000088,6.967439e+01,5.91884264
9145,0.000086,6.966280e+01,4.88679452
9146,0.000084,6.965247e+01,4.18326925
9147,0.000087,6.964814e+01,8.00470249
9148,0.000093,6.963290e+01,6.37888042
9149,0.000087,6.962035e+01,5.22312676
9150,0.000089,6.960934e+01,4.42791364
9151,0.000094,6.960692e+01,8.69371062
9152,0.000090,6.959001e+01,6.88957867
9153,0.000090,6.957634e+01,5.59848246
9154,0.000097,6.956451e+01,4.70236945
9155,0.000091,6.956446e+01,9.45417727
9156,0.000093,6.954556e+01,7.45528387
9157,0.000100,6.953058e+01,6.01614572
9158,0.000094,6.951781e+01,5.00912728
9159,0.000092,6.950627e+01,4.33023871
9160,0.000098,6.949941e+01,8.08069565
9161,0.000099,6.948287e+01,6.47962205
9162,0.000093,6.946901e+01,5.35078200
9163,0.000096,6.945664e+01,4.58257739
9164,0.000093,6.945141e+01,8.77098905
9165,0.000091,6.943306e+01,6.99266075
9166,0.000093,6.941793e+01,5.73000513
9167,0.000147,6.940461e+01,4.86294128
9168,0.000158,6.940145e+01,9.53167309
9169,0.000143,6.938098e+01,7.55923034
9170,0.000139,6.936440e+01,6.14956524
9171,0.000097,6.934999e+01,5.17312105
9172,0.000096,6.934947e+01,10.36877135
9173,0.000098,6.932653e+01,8.18361934
9174,0.000094,6.930827e+01,6.61238391
9175,0.000107,6.929265e+01,5.51491598
9176,0.000123,6.927851e+01,4.77674126
9177,0.001587,6.926965e+01,8.87049296
9178,0.000094,6.924948e+01,7.12161907
9179,0.000101,6.923252e+01,5.89022286
9180,0.000096,6.921734e+01,5.05344701
9181,0.000117,6.921041e+01,9.62508890
9182,0.000102,6.918808e+01,7.68075232
9183,0.000093,6.916961e+01,6.30108753
9184,0.000109,6.915333e+01,5.35396957
9185,0.000099,6.914900e+01,10.45309463
9186,0.000093,6.912421e+01,8.29365142
9187,0.000095,6.910411e+01,6.74986770
9188,0.000098,6.908666e+01,5.67933012
9189,0.000094,6.908580e+01,11.36096214
9190,0.000093,6.905823e+01,8.96481706
9191,0.000092,6.903634e+01,7.23947026
9192,0.000097,6.901768e+01,6.03104067
9193,0.000091,6.900084e+01,5.21407161
9194,0.000101,6.899067e+01,9.69958304
9195,0.000096,6.896684e+01,7.77363843
9196,0.000099,6.894693e+01,6.41146633
9197,0.000090,6.892925e+01,5.47883877
9198,0.000097,6.892227e+01,10.50447888
9199,0.000093,6.889632e+01,8.35721488
9200,0.000093,6.887514e+01,6.82410357
9201,0.000097,6.885668e+01,5.76120734
9202,0.000095,6.885399e+01,11.38710886
9203,0.000096,6.882572e+01,8.99628112
9204,0.000099,6.880322e+01,7.27388677
9205,0.000093,6.878405e+01,6.06510235
9206,0.000090,6.876681e+01,5.24379655
9207,0.000097,6.875608e+01,9.69837248
9208,0.000090,6.873221e+01,7.76740684
9209,0.000094,6.871236e+01,6.39637354
9210,0.000094,6.869488e+01,5.45109147
9211,0.000099,6.868855e+01,10.47259173
9212,0.000094,6.866317e+01,8.31285607
9213,0.000095,6.864267e+01,6.76270393
9214,0.000099,6.862503e+01,5.67885851
9215,0.000098,6.862421e+01,11.32907373
9216,0.000093,6.859713e+01,8.91961862
9217,0.001441,6.857593e+01,7.17323345
9218,0.000075,6.855816e+01,5.93614612
9219,0.000070,6.854244e+01,5.08437590
9220,0.000094,6.853498e+01,9.59785533
9221,0.000087,6.851293e+01,7.63795924
9222,0.000100,6.849502e+01,6.23311082
9223,0.000133,6.847954e+01,5.25165716
9224,0.000119,6.847739e+01,10.35809797
9225,0.000100,6.845426e+01,8.16697370
9226,0.000107,6.843607e+01,6.57999897
9227,0.000101,6.842079e+01,5.45644074
9228,0.000099,6.840726e+01,4.68272717
9229,0.000101,6.840022e+01,8.76965636
9230,0.000126,6.838155e+01,6.98620856
9231,0.000161,6.836635e+01,5.70850582
9232,0.000141,6.835319e+01,4.81625727
9233,0.000104,6.835088e+01,9.45454387
9234,0.000117,6.833144e+01,7.45976751
9235,0.000101,6.831611e+01,6.01599963
9236,0.000106,6.830320e+01,4.99484427
9237,0.000092,6.829175e+01,4.29260604
9238,0.000123,6.828550e+01,8.00709563
9239,0.000112,6.826979e+01,6.38508401
9240,0.000093,6.825694e+01,5.22482188
9241,0.000098,6.824580e+01,4.41648732
9242,0.000102,6.824342e+01,8.63351243
9243,0.000098,6.822700e+01,6.82022163
9244,0.000096,6.821399e+01,5.51042994
9245,0.000100,6.820298e+01,4.58690852
9246,0.000091,6.819316e+01,3.95468841
9247,0.000106,6.818731e+01,7.32467340
9248,0.000096,6.817389e+01,5.85430906
9249,0.000105,6.816283e+01,4.80634176
9250,0.000095,6.815315e+01,4.08009705
9251,0.000099,6.815030e+01,7.90135595
9252,0.000099,6.813618e+01,6.25828900
9253,0.001407,6.812487e+01,5.07611109
9254,0.000078,6.811519e+01,4.24734460
9255,0.000088,6.810648e+01,3.68438086
9256,0.000090,6.810048e+01,6.72402607
9257,0.000089,6.808871e+01,5.39709649
9258,0.000087,6.807888e+01,4.45693978
9259,0.000086,6.807019e+01,3.81063016
9260,0.000089,6.806646e+01,7.25364195
9261,0.000095,6.805401e+01,5.77034955
9262,0.000091,6.804388e+01,4.70935166
9263,0.000094,6.803509e+01,3.97152057
9264,0.000097,6.803389e+01,7.84992317
9265,0.000092,6.802052e+01,6.19742238
9266,0.000090,6.800993e+01,5.00538864
9267,0.000105,6.800094e+01,4.16743951
9268,0.000092,6.799287e+01,3.59717203
9269,0.000092,6.798806e+01,6.68059313
9270,0.000097,6.797684e+01,5.34643796
9271,0.000092,6.796753e+01,4.39924711
9272,0.000091,6.795932e+01,3.74701147
9273,0.000098,6.795650e+01,7.22298032
9274,0.000092,6.794446e+01,5.73454904
9275,0.000094,6.793471e+01,4.66833949
9276,0.000097,6.792629e+01,3.92588141
9277,0.000100,6.792576e+01,7.82843054
9278,0.000095,6.791271e+01,6.17240038
9279,0.000094,6.790240e+01,4.97664710
9280,0.000098,6.789368e+01,4.13523889
9281,0.000092,6.788586e+01,3.56227206
9282,0.000099,6.788152e+01,6.66330597
9283,0.000097,6.787051e+01,5.32662759
9284,0.000095,6.786139e+01,4.37699595
9285,0.000093,6.785337e+01,3.72276657
9286,0.000098,6.785088e+01,7.21123382
9287,0.000098,6.783900e+01,5.72123060
9288,0.000094,6.782939e+01,4.65345366
9289,0.001644,6.782110e+01,3.90968536
9290,0.000090,6.782080e+01,7.82068053
9291,0.000096,6.780785e+01,6.16383648
9292,0.000138,6.779763e+01,4.96726105
9293,0.000095,6.778899e+01,4.12519031
9294,0.000099,6.778126e+01,3.55188453
9295,0.000093,6.777705e+01,6.65827817
9296,0.000095,6.776609e+01,5.32141557
9297,0.000099,6.775702e+01,4.37172855
9298,0.000091,6.774904e+01,3.71767344
9299,0.000091,6.774661e+01,7.20889360
9300,0.000097,6.773475e+01,5.71925733
9301,0.000092,6.772516e+01,4.65199250
9302,0.000098,6.771688e+01,3.90893263
9303,0.000095,6.771657e+01,7.82043827
9304,0.000101,6.770361e+01,6.16444366
9305,0.000099,6.769339e+01,4.96891172
9306,0.000096,6.768473e+01,4.12809603
9307,0.000104,6.767697e+01,3.55621857
9308,0.000096,6.767268e+01,6.66100235
9309,0.000090,6.766168e+01,5.32568320
9310,0.000098,6.765257e+01,4.37780506
9311,0.000092,6.764453e+01,3.72574904
9312,0.000092,6.764197e+01,7.21340886
9313,0.000104,6.763004e+01,5.72579011
9314,0.000092,6.762037e+01,4.66089243
9315,0.000092,6.761200e+01,3.92045003
9316,0.000098,6.761151e+01,7.82651777
9317,0.000094,6.759845e+01,6.17299453
9318,0.000093,6.758811e+01,4.98039161
9319,0.000100,6.757934e+01,4.14285438
9320,0.000093,6.757146e+01,3.57437707
9321,0.000098,6.756691e+01,6.67140354
9322,0.000094,6.755577e+01,5.33957981
9323,0.000107,6.754650e+01,4.39568044
9324,0.000094,6.753831e+01,3.74782800
9325,0.001373,6.753542e+01,7.22555546
9326,0.000074,6.752331e+01,5.74200585
9327,0.000084,6.751345e+01,4.68182543
9328,0.000084,6.750489e+01,3.94647604
9329,0.000087,6.750399e+01,7.84035737
9330,0.000092,6.749071e+01,6.19148874
9331,0.000093,6.748014e+01,5.00438087
9332,0.000089,6.747113e+01,4.17291247
9333,0.000093,6.746300e+01,3.61060241
9334,0.000090,6.745793e+01,6.69218785
9335,0.000092,6.744651e+01,5.36667986
9336,0.000096,6.743696e+01,4.42991392
9337,0.000090,6.742847e+01,3.78949626
9338,0.000093,6.742495e+01,7.24869274
9339,0.000099,6.741251e+01,5.77232934
9340,0.000095,6.740231e+01,4.72044133
9341,0.000099,6.739338e+01,3.99395728
9342,0.000092,6.739173e+01,7.86596317
9343,0.000097,6.737805e+01,6.22521104
9344,0.000100,6.736707e+01,5.04765843
9345,0.000093,6.735763e+01,4.22666160
9346,0.000096,6.734905e+01,3.67487566
9347,0.000093,6.734305e+01,6.72955434
9348,0.000100,6.733114e+01,5.41498281
9349,0.000167,6.732107e+01,4.49048772
9350,0.000208,6.731205e+01,3.86273129
9351,0.000182,6.730742e+01,7.29003064
9352,0.000189,6.729438e+01,5.82612442
9353,0.000184,6.728356e+01,4.78852440
9354,0.000173,6.727400e+01,4.07716667
9355,0.000199,6.727101e+01,7.91169693
9356,0.000175,6.725662e+01,6.28509109
9357,0.000187,6.724490e+01,5.12409592
9358,0.000168,6.723469e+01,4.32106414
9359,0.000176,6.723367e+01,8.60012355
9360,0.002414,6.721765e+01,6.79627098
9361,0.000151,6.720485e+01,5.50081590
9362,0.000162,6.719386e+01,4.59755615
9363,0.000157,6.718388e+01,3.99142169
9364,0.000183,6.717723e+01,7.36448397
9365,0.000167,6.716312e+01,5.92264797
9366,0.000169,6.715118e+01,4.91008227
9367,0.000161,6.714046e+01,4.22483287
9368,0.000172,6.713503e+01,7.99511488
9369,0.000170,6.711933e+01,6.39397505
9370,0.000179,6.710625e+01,5.26243243
9371,0.000177,6.709462e+01,4.49082576
9372,0.000170,6.709062e+01,8.69404919
9373,0.000170,6.707300e+01,6.91962883
9374,0.000183,6.705853e+01,5.65881992
9375,0.000170,6.704580e+01,4.79332107
9376,0.000168,6.704349e+01,9.46786055
9377,0.000182,6.702353e+01,7.50503336
9378,0.000173,6.700736e+01,6.10401010
9379,0.000169,6.699327e+01,5.13681275
9380,0.000184,6.699291e+01,10.32391760
9381,0.000171,6.697011e+01,8.15633109
9382,0.000174,6.695184e+01,6.60347121
9383,0.000191,6.693607e+01,5.52654776
9384,0.000176,6.692163e+01,4.81158458
9385,0.000101,6.691167e+01,8.88055099
9386,0.000095,6.689082e+01,7.16360561
9387,0.000100,6.687295e+01,5.96881115
9388,0.000115,6.685666e+01,5.17296166
9389,0.000108,6.684677e+01,9.68598081
9390,0.000102,6.682269e+01,7.79208428
9391,0.000098,6.680217e+01,6.47130821
9392,0.000117,6.678352e+01,5.59007995
9393,0.000121,6.677342e+01,10.58228523
9394,0.000114,6.674528e+01,8.49823674
9395,0.000125,6.672138e+01,7.04376485
9396,0.000105,6.669966e+01,6.07362957
9397,0.000107,6.668881e+01,11.58124426
9398,0.000099,6.665550e+01,9.29389386
9399,0.000101,6.662720e+01,7.69896502
9400,0.000091,6.660145e+01,6.63804140
9401,0.001459,6.658890e+01,12.69767538
9402,0.000075,6.654888e+01,10.19465386
9403,0.000083,6.651477e+01,8.45443038
9404,0.000084,6.648358e+01,7.30361591
9405,0.000091,6.646763e+01,13.95104341
9406,0.000087,6.641875e+01,11.22209651
9407,0.000088,6.637676e+01,9.33535574
9408,0.000091,6.633803e+01,8.10023056
9409,0.000121,6.631570e+01,15.36838342
9410,0.000092,6.625477e+01,12.40781837
9411,0.000096,6.620173e+01,10.37994249
9412,0.000089,6.615217e+01,9.07402897
9413,0.000092,6.611810e+01,16.98987058
9414,0.000099,6.604016e+01,13.80111746
9415,0.000092,6.597099e+01,11.64947244
9416,0.000096,6.590518e+01,10.29990518
9417,0.000098,6.584939e+01,18.87996395
9418,0.000092,6.574625e+01,15.48425336
9419,0.000091,6.565225e+01,13.24800221
9420,0.000098,6.562862e+01,26.35019823
9421,0.000096,6.546376e+01,21.15089004
9422,0.000093,6.532082e+01,17.60383082
9423,0.000092,6.518593e+01,15.36189016
9424,0.000098,6.510506e+01,29.46465067
9425,0.000095,6.487312e+01,24.01174686
9426,0.000093,6.466202e+01,20.43604724
9427,0.000101,6.464585e+01,41.60116896
9428,0.000092,6.424538e+01,33.39667088
9429,0.000096,6.389372e+01,27.87924166
9430,0.000097,6.355427e+01,24.51975426
9431,0.000091,6.332402e+01,47.09043671
9432,0.000092,6.270257e+01,38.77560387
9433,0.000095,6.211348e+01,33.58696945
9434,0.000094,6.189185e+01,67.02052414
9435,0.000144,6.073621e+01,54.67574469
9436,0.000112,5.965732e+01,46.83922968
9437,0.000096,5.952615e+01,95.89426602
9438,0.001491,5.730201e+01,77.67567789
9439,0.000095,5.526064e+01,65.88174110
9440,0.000076,5.319949e+01,59.23375432
9441,0.000100,5.120449e+01,110.20786103
9442,0.000091,4.740869e+01,92.01361271
9443,0.000088,4.373097e+01,80.70412553
9444,0.000101,4.143239e+01,154.33012424
9445,0.000099,3.510951e+01,124.84647618
9446,0.000216,2.960508e+01,104.03864756
9447,0.000136,2.462686e+01,89.32789866
9448,0.000108,2.209203e+01,164.95072867
9449,0.000201,1.586084e+01,129.08409279
9450,0.000176,1.130468e+01,101.74421518
9451,0.000189,7.959483e+00,80.68734906
9452,0.000171,5.521019e+00,64.25358271
9453,0.000171,3.769734e+00,51.26626567
9454,0.000180,2.535231e+00,40.90713859
9455,0.000175,2.396673e+00,74.98583007
9456,0.000169,1.450444e+00,57.10401399
9457,0.000189,8.778252e-01,43.49512463
9458,0.000166,5.314634e-01,33.13909560
9459,0.000172,3.219805e-01,25.25759964
9460,0.000187,1.952539e-01,19.25813817
9461,0.000161,1.185482e-01,14.69011209
9462,0.000181,7.207960e-02,11.21095026
9463,0.000180,4.389699e-02,8.56022131
9464,0.000165,2.678125e-02,6.53992205
9465,0.000176,1.637031e-02,4.99949247
9466,0.000171,1.002672e-02,3.82442955
9467,0.000190,6.154273e-03,2.92763665
9468,0.000173,3.785719e-03,2.24285076
9469,0.000176,2.334090e-03,1.71964808
9470,0.000182,1.442595e-03,1.31964856
9471,0.000178,8.939647e-04,1.01363124
9472,0.000166,5.556387e-04,0.77934169
9473,0.000195,3.465760e-04,0.59982534
9474,0.002449,2.171302e-04,0.46216039
9475,0.000152,1.368242e-04,0.35649443
9476,0.000156,8.690884e-05,0.27531181
9477,0.000169,5.582610e-05,0.21287650
9478,0.000175,3.643615e-05,0.16480822
9479,0.000168,2.431956e-05,0.12775996
9480,0.000175,1.673540e-05,0.09917254
9481,0.000176,1.198052e-05,0.07708780
9482,0.000179,1.164355e-05,0.14019755
9483,0.000182,8.515110e-06,0.10663802
9484,0.000165,6.657308e-06,0.08114023
9485,0.000183,5.550876e-06,0.06176489
9486,0.000174,4.889720e-06,0.04704030
9487,0.000173,4.493041e-06,0.03584958
9488,0.000187,4.253826e-06,0.02734523
9489,0.000176,4.108591e-06,0.02088427
9490,0.000178,4.019591e-06,0.01597905
9491,0.000159,3.964329e-06,0.01225999
9492,0.000172,3.929361e-06,0.00944721
9493,0.000168,3.906635e-06,0.00732901
9494,0.000188,3.891315e-06,0.00574531
9495,0.000167,3.880488e-06,0.00457472
9496,0.000176,3.872395e-06,0.00372422
9497,0.000183,3.865970e-06,0.00312078
9498,0.000152,3.863381e-06,0.00580573
9499,0.000169,3.855760e-06,0.00458823
9500,0.000100,3.849756e-06,0.00370953
9501,0.000104,3.844693e-06,0.00309163
9502,0.000090,3.840178e-06,0.00267113
9503,0.000097,3.837337e-06,0.00492574
9504,0.000097,3.831165e-06,0.00394765
9505,0.000093,3.826027e-06,0.00325406
9506,0.000090,3.821487e-06,0.00277730
9507,0.000099,3.819769e-06,0.00533161
9508,0.000091,3.813141e-06,0.00423908
9509,0.000100,3.807749e-06,0.00345727
9510,0.000100,3.803071e-06,0.00291369
9511,0.000092,3.802587e-06,0.00578624
9512,0.000093,3.795380e-06,0.00456837
9513,0.000098,3.789664e-06,0.00368965
9514,0.000095,3.784807e-06,0.00307201
9515,0.001433,3.780445e-06,0.00265198
9516,0.000078,3.777881e-06,0.00493719
9517,0.000084,3.771768e-06,0.00395258
9518,0.000087,3.766689e-06,0.00325355
9519,0.000090,3.762208e-06,0.00277235
9520,0.000089,3.760675e-06,0.00534897
9521,0.000089,3.754078e-06,0.00424880
9522,0.000094,3.748729e-06,0.00346059
9523,0.000088,3.744100e-06,0.00291171
9524,0.000089,3.743804e-06,0.00580759
9525,0.000093,3.736619e-06,0.00458135
9526,0.000133,3.730940e-06,0.00369562
9527,0.000192,3.726128e-06,0.00307215
9528,0.000146,3.721817e-06,0.00264742
9529,0.000118,3.719420e-06,0.00495354
9530,0.000111,3.713337e-06,0.00396132
9531,0.000112,3.708301e-06,0.00325593
9532,0.000131,3.703869e-06,0.00276954
9533,0.000135,3.702514e-06,0.00536897
9534,0.000311,3.695942e-06,0.00426052
9535,0.000161,3.690631e-06,0.00346540
9536,0.000135,3.686048e-06,0.00291082
9537,0.000130,3.685945e-06,0.00583159
9538,0.000145,3.678777e-06,0.00459632
9539,0.000132,3.673132e-06,0.00370309
9540,0.000139,3.668363e-06,0.00307340
9541,0.000139,3.664101e-06,0.00264367
9542,0.000138,3.661873e-06,0.00497204
9543,0.000105,3.655819e-06,0.00397166
9544,0.000095,3.650823e-06,0.00325950
9545,0.000099,3.646437e-06,0.00276761
9546,0.000094,3.645264e-06,0.00539131
9547,0.000092,3.638713e-06,0.00427400
9548,0.000099,3.633439e-06,0.00347152
9549,0.000094,3.628900e-06,0.00291091
9550,0.000092,3.624786e-06,0.00253238
9551,0.001466,3.621839e-06,0.00461320
9552,0.000080,3.616225e-06,0.00371198
9553,0.000076,3.611498e-06,0.00307571
9554,0.000099,3.607283e-06,0.00264069
9555,0.000099,3.605227e-06,0.00499262
9556,0.000093,3.599198e-06,0.00398357
9557,0.000098,3.594239e-06,0.00326425
9558,0.000099,3.589899e-06,0.00276654
9559,0.000097,3.588912e-06,0.00541592
9560,0.000100,3.582378e-06,0.00428919
9561,0.000104,3.577137e-06,0.00347893
9562,0.000095,3.572641e-06,0.00291195
9563,0.000096,3.568575e-06,0.00252839
9564,0.000103,3.565792e-06,0.00463195
9565,0.000101,3.560205e-06,0.00372229
9566,0.000100,3.555517e-06,0.00307907
9567,0.000097,3.551348e-06,0.00263849
9568,0.000106,3.549468e-06,0.00501523
9569,0.000098,3.543460e-06,0.00399703
9570,0.000112,3.538537e-06,0.00327016
9571,0.000103,3.534240e-06,0.00276632
9572,0.000100,3.533443e-06,0.00544274
9573,0.000099,3.526923e-06,0.00430606
9574,0.000103,3.521713e-06,0.00348761
9575,0.000099,3.517257e-06,0.00291394
9576,0.000099,3.513238e-06,0.00252509
9577,0.000102,3.510620e-06,0.00465253
9578,0.000094,3.505059e-06,0.00373398
9579,0.000093,3.500408e-06,0.00308347
9580,0.000104,3.496283e-06,0.00263706
9581,0.000095,3.494581e-06,0.00503985
9582,0.000092,3.488592e-06,0.00401200
9583,0.000098,3.483703e-06,0.00327721
9584,0.000090,3.479447e-06,0.00276697
9585,0.000104,3.478844e-06,0.00547175
9586,0.000106,3.472335e-06,0.00432459
9587,0.002166,3.467153e-06,0.00349755
9588,0.000129,3.462736e-06,0.00291687
9589,0.000129,3.458761e-06,0.00252249
9590,0.000133,3.456312e-06,0.00467492
9591,0.000099,3.450773e-06,0.00374705
9592,0.000096,3.446158e-06,0.00308892
9593,0.000097,3.442075e-06,0.00263640
9594,0.000094,3.440555e-06,0.00506644
9595,0.000095,3.434581e-06,0.00402848
9596,0.000098,3.429722e-06,0.00328540
9597,0.000091,3.425507e-06,0.00276846
9598,0.000124,3.425102e-06,0.00550291
9599,0.000106,3.418599e-06,0.00434476
9600,0.000096,3.413443e-06,0.00350873
9601,0.000098,3.409063e-06,0.00292074
9602,0.000100,3.405132e-06,0.00252059
9603,0.000096,3.402853e-06,0.00469911
9604,0.000096,3.397333e-06,0.00376149
9605,0.000103,3.392751e-06,0.00309540
9606,0.000102,3.388710e-06,0.00263651
9607,0.000094,3.387375e-06,0.00509499
9608,0.000105,3.381413e-06,0.00404645
9609,0.000105,3.376583e-06,0.00329473
9610,0.000105,3.372406e-06,0.00277081
9611,0.000099,3.372203e-06,0.00553620
9612,0.000102,3.365703e-06,0.00436657
9613,0.000100,3.360570e-06,0.00352116
9614,0.000096,3.356225e-06,0.00292555
9615,0.000103,3.352336e-06,0.00251939
9616,0.000096,3.350230e-06,0.00472507
9617,0.000096,3.344727e-06,0.00377729
9618,0.000116,3.340177e-06,0.00310291
9619,0.000093,3.336176e-06,0.00263740
9620,0.000097,3.335028e-06,0.00512547
9621,0.000101,3.329074e-06,0.00406590
9622,0.000096,3.324271e-06,0.00330519
9623,0.000099,3.320131e-06,0.00277402
9624,0.001487,3.316375e-06,0.00241559
9625,0.000079,3.313633e-06,0.00438999
9626,0.000075,3.308521e-06,0.00353483
9627,0.000098,3.304210e-06,0.00293131
9628,0.000096,3.300362e-06,0.00251890
9629,0.000093,3.298431e-06,0.00475281
9630,0.000105,3.292942e-06,0.00379445
9631,0.000105,3.288421e-06,0.00311146
9632,0.000100,3.284458e-06,0.00263908
9633,0.000102,3.283501e-06,0.00515789
9634,0.000117,3.277553e-06,0.00408684
9635,0.000131,3.272774e-06,0.00331679
9636,0.000236,3.268670e-06,0.00277809
9637,0.000142,3.264955e-06,0.00241379
9638,0.000170,3.262377e-06,0.00441503
9639,0.000133,3.257284e-06,0.00354974
9640,0.000101,3.253004e-06,0.00293802
9641,0.000102,3.249195e-06,0.00251911
9642,0.000101,3.247443e-06,0.00478230
9643,0.000143,3.241965e-06,0.00381296
9644,0.000105,3.237471e-06,0.00312105
9645,0.000096,3.233545e-06,0.00264154
9646,0.000098,3.232783e-06,0.00519223
9647,0.000103,3.226837e-06,0.00410926
9648,0.000141,3.222080e-06,0.00332952
9649,0.000104,3.218009e-06,0.00278303
9650,0.000104,3.214335e-06,0.00241264
9651,0.000122,3.211923e-06,0.00444169
9652,0.000142,3.206845e-06,0.00356590
9653,0.000103,3.202596e-06,0.00294568
9654,0.000096,3.198825e-06,0.00252005
9655,0.000096,3.197253e-06,0.00481356
9656,0.000102,3.191783e-06,0.00383283
9657,0.000098,3.187314e-06,0.00313169
9658,0.000097,3.183424e-06,0.00264479
9659,0.000097,3.182860e-06,0.00522849
9660,0.000105,3.176912e-06,0.00413316
9661,0.001452,3.172175e-06,0.00334340
9662,0.000080,3.168137e-06,0.00278884
9663,0.000095,3.164501e-06,0.00241215
9664,0.000094,3.162258e-06,0.00446996
9665,0.000094,3.157193e-06,0.00358330
9666,0.000092,3.152972e-06,0.00295429
9667,0.000096,3.149238e-06,0.00252171
9668,0.000121,3.147849e-06,0.00484658
9669,0.000095,3.142384e-06,0.00385406
9670,0.000098,3.137939e-06,0.00314337
9671,0.000093,3.134082e-06,0.00264884
9672,0.000094,3.133720e-06,0.00526666
9673,0.000101,3.127768e-06,0.00415854
9674,0.000099,3.123049e-06,0.00335843
9675,0.000096,3.119041e-06,0.00279553
9676,0.000101,3.115443e-06,0.00241232
9677,0.000101,3.113370e-06,0.00449985
9678,0.000103,3.108315e-06,0.00360196
9679,0.000102,3.104121e-06,0.00296387
9680,0.000102,3.100422e-06,0.00252411
9681,0.000099,3.099219e-06,0.00488135
9682,0.000102,3.093756e-06,0.00387666
9683,0.000097,3.089333e-06,0.00315611
9684,0.000095,3.085508e-06,0.00265370
9685,0.000097,3.085351e-06,0.00530675
9686,0.000106,3.079391e-06,0.00418541
9687,0.000097,3.074688e-06,0.00337460
9688,0.000099,3.070708e-06,0.00280310
9689,0.000102,3.067147e-06,0.00241316
9690,0.000098,3.065246e-06,0.00453135
9691,0.000108,3.060200e-06,0.00362187
9692,0.000115,3.056030e-06,0.00297443
9693,0.000104,3.052366e-06,0.00252724
9694,0.000105,3.051351e-06,0.00491789
9695,0.000107,3.045888e-06,0.00390062
9696,0.000100,3.041483e-06,0.00316991
9697,0.001607,3.037690e-06,0.00265938
9698,0.000087,3.034250e-06,0.00231462
9699,0.000098,3.031771e-06,0.00421377
9700,0.000110,3.027080e-06,0.00339194
9701,0.000099,3.023128e-06,0.00281158
9702,0.000089,3.019603e-06,0.00241468
9703,0.000090,3.017876e-06,0.00456448
9704,0.000096,3.012836e-06,0.00364305
9705,0.000090,3.008688e-06,0.00298596
9706,0.000089,3.005056e-06,0.00253113
9707,0.000095,3.004234e-06,0.00495620
9708,0.000091,2.998767e-06,0.00392596
9709,0.000092,2.994380e-06,0.00318479
9710,0.000097,2.990616e-06,0.00266588
9711,0.000091,2.987212e-06,0.00231463
9712,0.000095,2.984895e-06,0.00424363
9713,0.000097,2.980215e-06,0.00341045
9714,0.000093,2.976289e-06,0.00282095
9715,0.000090,2.972798e-06,0.00241689
9716,0.000097,2.971248e-06,0.00459924
9717,0.000097,2.966210e-06,0.00366550
9718,0.000093,2.962084e-06,0.00299848
9719,0.000092,2.958483e-06,0.00253577
9720,0.000098,2.957856e-06,0.00499629
9721,0.000094,2.952382e-06,0.00395269
9722,0.000094,2.948010e-06,0.00320074
9723,0.000098,2.944274e-06,0.00267322
9724,0.000093,2.940906e-06,0.00231528
9725,0.000095,2.938753e-06,0.00427499
9726,0.000098,2.934081e-06,0.00343013
9727,0.000091,2.930179e-06,0.00283124
9728,0.000093,2.926720e-06,0.00241979
9729,0.000097,2.925350e-06,0.00463564
9730,0.000093,2.920312e-06,0.00368922
9731,0.000092,2.916205e-06,0.00301201
9732,0.000097,2.912634e-06,0.00254119
9733,0.001388,2.912205e-06,0.00503815
9734,0.000079,2.906722e-06,0.00398080
9735,0.000090,2.902363e-06,0.00321778
9736,0.000085,2.898654e-06,0.00268140
9737,0.000088,2.895319e-06,0.00231658
9738,0.000087,2.893332e-06,0.00430787
9739,0.000098,2.888667e-06,0.00345099
9740,0.000094,2.884786e-06,0.00284246
9741,0.000095,2.881359e-06,0.00242341
9742,0.000090,2.880171e-06,0.00467368
9743,0.000095,2.875131e-06,0.00371424
9744,0.000098,2.871041e-06,0.00302654
9745,0.000102,2.867498e-06,0.00254738
9746,0.000100,2.867272e-06,0.00508181
9747,0.000103,2.861775e-06,0.00401032
9748,0.000101,2.857427e-06,0.00323592
9749,0.000101,2.853743e-06,0.00269043
9750,0.000099,2.850442e-06,0.00231852
9751,0.000122,2.848622e-06,0.00434227
9752,0.000110,2.843960e-06,0.00347305
9753,0.000100,2.840100e-06,0.00285461
9754,0.000094,2.836704e-06,0.00242775
9755,0.000103,2.835700e-06,0.00471338
9756,0.000104,2.830655e-06,0.00374055
9757,0.000128,2.826580e-06,0.00304208
9758,0.000107,2.823065e-06,0.00255437
9759,0.000112,2.823044e-06,0.00512727
9760,0.000102,2.817531e-06,0.00404125
9761,0.000095,2.813192e-06,0.00325517
9762,0.000099,2.809531e-06,0.00270033
9763,0.000105,2.806262e-06,0.00232113
9764,0.000302,2.804612e-06,0.00437820
9765,0.000104,2.799951e-06,0.00349632
9766,0.000103,2.796110e-06,0.00286770
9767,0.000131,2.792743e-06,0.00243281
9768,0.000105,2.791927e-06,0.00475475
9769,0.000104,2.786873e-06,0.00376818
9770,0.001372,2.782812e-06,0.00305866
9771,0.000074,2.779323e-06,0.00256215
9772,0.000087,2.776165e-06,0.00222625
9773,0.000083,2.773979e-06,0.00407360
9774,0.000086,2.769647e-06,0.00327553
9775,0.000087,2.766008e-06,0.00271110
9776,0.000091,2.762769e-06,0.00232440
9777,0.000089,2.761291e-06,0.00441568
9778,0.000090,2.756629e-06,0.00352080
9779,0.000095,2.752805e-06,0.00288175
9780,0.000090,2.749466e-06,0.00243861
9781,0.000092,2.748841e-06,0.00479780
9782,0.000098,2.743776e-06,0.00379712
9783,0.000091,2.739726e-06,0.00307627
9784,0.000093,2.736261e-06,0.00257074
9785,0.000098,2.733135e-06,0.00222787
9786,0.000093,2.731108e-06,0.00410738
9787,0.000093,2.726780e-06,0.00329703
9788,0.000102,2.723161e-06,0.00272276
9789,0.000091,2.719952e-06,0.00232836
9790,0.000093,2.718649e-06,0.00445472
9791,0.000098,2.713983e-06,0.00354651
9792,0.000094,2.710175e-06,0.00289676
9793,0.000091,2.706862e-06,0.00244517
9794,0.000093,2.706431e-06,0.00484254
9795,0.000100,2.701352e-06,0.00382740
9796,0.000093,2.697311e-06,0.00309494
9797,0.000095,2.693869e-06,0.00258016
9798,0.000099,2.690774e-06,0.00223013
9799,0.000094,2.688907e-06,0.00414261
9800,0.000091,2.684582e-06,0.00331967
9801,0.000098,2.680982e-06,0.00273532
9802,0.000092,2.677801e-06,0.00233302
9803,0.000095,2.676675e-06,0.00449533
9804,0.000099,2.672003e-06,0.00357345
9805,0.000093,2.668208e-06,0.00291275
9806,0.001504,2.664920e-06,0.00245249
9807,0.000080,2.664687e-06,0.00488899
9808,0.000093,2.659591e-06,0.00385902
9809,0.000092,2.655557e-06,0.00311467
9810,0.000090,2.652137e-06,0.00259041
9811,0.000090,2.649071e-06,0.00223302
9812,0.000099,2.647368e-06,0.00417931
9813,0.000137,2.643042e-06,0.00334346
9814,0.000112,2.639460e-06,0.00274879
9815,0.000107,2.636305e-06,0.00233838
9816,0.000094,2.635360e-06,0.00453752
9817,0.000094,2.630678e-06,0.00360165
9818,0.000096,2.626895e-06,0.00292973
9819,0.000110,2.623631e-06,0.00246058
9820,0.000101,2.623599e-06,0.00493717
9821,0.000102,2.618483e-06,0.00389200
9822,0.000105,2.614455e-06,0.00313548
9823,0.000109,2.611055e-06,0.00260151
9824,0.000178,2.608018e-06,0.00223657
9825,0.000126,2.606478e-06,0.00421747
9826,0.000100,2.602151e-06,0.00336842
9827,0.000100,2.598583e-06,0.00276318
9828,0.000098,2.595455e-06,0.00234446
9829,0.000091,2.594692e-06,0.00458131
9830,0.000094,2.589999e-06,0.00363112
9831,0.000099,2.586226e-06,0.00294772
9832,0.000093,2.582984e-06,0.00246945
9833,0.000099,2.580050e-06,0.00214587
9834,0.000106,2.578018e-06,0.00392635
9835,0.000098,2.573993e-06,0.00315737
9836,0.000095,2.570612e-06,0.00261346
9837,0.000097,2.567602e-06,0.00224078
9838,0.000103,2.566230e-06,0.00425712
9839,0.000104,2.561897e-06,0.00339455
9840,0.000154,2.558344e-06,0.00277850
9841,0.000114,2.555240e-06,0.00235126
9842,0.001396,2.554663e-06,0.00462672
9843,0.000074,2.549955e-06,0.00366186
9844,0.000083,2.546190e-06,0.00296671
9845,0.000084,2.542970e-06,0.00247913
9846,0.000088,2.540064e-06,0.00214836
9847,0.000087,2.538185e-06,0.00396208
9848,0.000088,2.534162e-06,0.00318036
9849,0.000093,2.530798e-06,0.00262629
9850,0.000087,2.527814e-06,0.00224567
9851,0.000089,2.526612e-06,0.00429828
9852,0.000094,2.522272e-06,0.00342188
9853,0.000090,2.518731e-06,0.00279477
9854,0.000090,2.515651e-06,0.00235881
9855,0.000097,2.515263e-06,0.00467376
9856,0.000092,2.510537e-06,0.00369389
9857,0.000094,2.506779e-06,0.00298674
9858,0.000097,2.503578e-06,0.00248961
9859,0.000092,2.500701e-06,0.00215147
9860,0.000091,2.498977e-06,0.00399922
9861,0.000098,2.494952e-06,0.00320447
9862,0.000101,2.491604e-06,0.00263999
9863,0.000103,2.488646e-06,0.00225124
9864,0.000105,2.487615e-06,0.00434095
9865,0.000105,2.483266e-06,0.00345042
9866,0.000104,2.479735e-06,0.00281200
9867,0.000098,2.476677e-06,0.00236711
9868,0.000099,2.476481e-06,0.00472246
9869,0.000096,2.471736e-06,0.00372723
9870,0.000098,2.467982e-06,0.00300780
9871,0.000099,2.464800e-06,0.00250091
9872,0.000093,2.461949e-06,0.00215522
9873,0.000099,2.460382e-06,0.00403777
9874,0.000100,2.456355e-06,0.00322970
9875,0.000093,2.453020e-06,0.00265459
9876,0.000090,2.450086e-06,0.00225751
9877,0.000099,2.449230e-06,0.00438516
9878,0.000096,2.444869e-06,0.00348018
9879,0.001696,2.441347e-06,0.00283020
9880,0.000090,2.438310e-06,0.00237617
9881,0.000097,2.435553e-06,0.00206963
9882,0.000143,2.433541e-06,0.00376190
9883,0.000094,2.429789e-06,0.00302992
9884,0.000090,2.426624e-06,0.00251305
9885,0.000093,2.423799e-06,0.00215961
9886,0.000091,2.422392e-06,0.00407776
9887,0.000090,2.418359e-06,0.00325608
9888,0.000094,2.415037e-06,0.00267010
9889,0.000088,2.412126e-06,0.00226448
9890,0.000089,2.411448e-06,0.00443093
9891,0.000097,2.407071e-06,0.00351117
9892,0.000096,2.403557e-06,0.00284939
9893,0.000096,2.400539e-06,0.00238601
9894,0.000102,2.397809e-06,0.00207230
9895,0.000096,2.395943e-06,0.00379790
9896,0.000092,2.392192e-06,0.00305311
9897,0.000096,2.389043e-06,0.00252603
9898,0.000096,2.386243e-06,0.00216466
9899,0.000094,2.384997e-06,0.00411919
9900,0.000092,2.380956e-06,0.00328360
9901,0.000096,2.377646e-06,0.00268653
9902,0.000092,2.374757e-06,0.00227218
9903,0.000099,2.374258e-06,0.00447826
9904,0.000100,2.369865e-06,0.00354341
9905,0.000092,2.366355e-06,0.00286957
9906,0.000095,2.363356e-06,0.00239663
9907,0.000098,2.360652e-06,0.00207557
9908,0.000091,2.358934e-06,0.00383525
9909,0.000092,2.355182e-06,0.00307737
9910,0.000097,2.352047e-06,0.00253988
9911,0.000092,2.349270e-06,0.00217038
9912,0.000091,2.348188e-06,0.00416209
9913,0.000105,2.344138e-06,0.00331230
9914,0.000113,2.340837e-06,0.00270389
9915,0.000098,2.337968e-06,0.00228062
9916,0.001431,2.337653e-06,0.00452719
9917,0.000080,2.333239e-06,0.00357692
9918,0.000087,2.329734e-06,0.00289076
9919,0.000090,2.326752e-06,0.00240806
9920,0.000093,2.324073e-06,0.00207947
9921,0.000090,2.322505e-06,0.00387397
9922,0.000095,2.318748e-06,0.00310273
9923,0.000093,2.315627e-06,0.00255459
9924,0.000092,2.312872e-06,0.00217678
9925,0.000100,2.311957e-06,0.00420648
9926,0.000096,2.307894e-06,0.00334218
9927,0.000093,2.304601e-06,0.00272219
9928,0.000096,2.301752e-06,0.00228980
9929,0.000092,2.301624e-06,0.00457772
9930,0.000098,2.297187e-06,0.00361170
9931,0.000099,2.293683e-06,0.00291298
9932,0.000093,2.290717e-06,0.00242030
9933,0.000091,2.288062e-06,0.00208400
9934,0.000096,2.286646e-06,0.00391408
9935,0.000097,2.282884e-06,0.00312920
9936,0.000093,2.279774e-06,0.00257019
9937,0.000102,2.277041e-06,0.00218388
9938,0.000115,2.276295e-06,0.00425236
9939,0.000157,2.272217e-06,0.00337327
9940,0.000150,2.268930e-06,0.00274146
9941,0.000147,2.266099e-06,0.00229974
9942,0.000128,2.263532e-06,0.00200121
9943,0.000125,2.261699e-06,0.00364779
9944,0.000133,2.258194e-06,0.00293624
9945,0.000127,2.255243e-06,0.00243337
9946,0.000130,2.252611e-06,0.00208917
9947,0.000149,2.251349e-06,0.00395559
9948,0.000130,2.247579e-06,0.00315679
9949,0.000135,2.244479e-06,0.00258669
9950,0.000139,2.241766e-06,0.00219168
9951,0.000132,2.241192e-06,0.00429977
9952,0.001524,2.237097e-06,0.00340556
9953,0.000082,2.233814e-06,0.00276170
9954,0.000089,2.231001e-06,0.00231045
9955,0.000084,2.228458e-06,0.00200461
9956,0.000092,2.226766e-06,0.00368518
9957,0.000087,2.223259e-06,0.00296055
9958,0.000090,2.220321e-06,0.00244728
9959,0.000087,2.217711e-06,0.00209499
9960,0.000095,2.216605e-06,0.00399853
9961,0.000095,2.212825e-06,0.00318552
9962,0.000096,2.209734e-06,0.00260410
9963,0.000099,2.207040e-06,0.00220020
9964,0.000096,2.206641e-06,0.00434872
9965,0.000092,2.202526e-06,0.00343909
9966,0.000098,2.199246e-06,0.00278293
9967,0.000092,2.196449e-06,0.00232194
9968,0.000092,2.193930e-06,0.00200862
9969,0.000098,2.192380e-06,0.00372391
9970,0.000093,2.188869e-06,0.00298593
9971,0.000092,2.185943e-06,0.00246204
9972,0.000101,2.183354e-06,0.00210149
9973,0.000093,2.182407e-06,0.00404290
9974,0.000095,2.178614e-06,0.00321541
9975,0.000099,2.175530e-06,0.00262244
9976,0.000093,2.172854e-06,0.00220945
9977,0.000105,2.172633e-06,0.00439922
9978,0.000109,2.168496e-06,0.00347386
9979,0.000108,2.165217e-06,0.00280516
9980,0.000100,2.162434e-06,0.00233423
9981,0.000106,2.159938e-06,0.00201325
9982,0.000101,2.158532e-06,0.00376399
9983,0.000096,2.155016e-06,0.00301239
9984,0.000093,2.152100e-06,0.00247767
9985,0.000100,2.149531e-06,0.00210866
9986,0.000096,2.148745e-06,0.00408873
9987,0.000098,2.144937e-06,0.00324646
9988,0.000103,2.141858e-06,0.00264171
9989,0.000092,2.139200e-06,0.00221944
9990,0.000092,2.139161e-06,0.00445131
9991,0.000109,2.134998e-06,0.00350989
9992,0.000096,2.131718e-06,0.00282840
9993,0.001686,2.128949e-06,0.00234733
9994,0.000088,2.126474e-06,0.00201851
9995,0.000103,2.125215e-06,0.00380543
9996,0.000099,2.121690e-06,0.00303994
9997,0.000103,2.118784e-06,0.00249418
9998,0.000143,2.116234e-06,0.00211653
9999,0.000104,2.115612e-06,0.00413604
10000,0.000101,2.111787e-06,0.00327870
10001,0.000099,2.108712e-06,0.00266193
10002,0.000100,2.106069e-06,0.00223019
10003,0.000096,2.103677e-06,0.00193799
10004,0.000104,2.102024e-06,0.00354721
10005,0.000096,2.098742e-06,0.00285267
10006,0.000169,2.095985e-06,0.00236126
10007,0.000118,2.093531e-06,0.00202442
10008,0.000105,2.092420e-06,0.00384825
10009,0.000099,2.088885e-06,0.00306861
10010,0.000161,2.085986e-06,0.00251158
10011,0.000109,2.083455e-06,0.00212510
10012,0.000100,2.082999e-06,0.00418485
10013,0.000102,2.079155e-06,0.00331213
10014,0.000097,2.076082e-06,0.00268313
10015,0.000096,2.073454e-06,0.00224171
10016,0.000100,2.071084e-06,0.00194209
10017,0.000097,2.069566e-06,0.00358582
10018,0.000101,2.066280e-06,0.00287799
10019,0.000101,2.063534e-06,0.00237602
10020,0.000098,2.061099e-06,0.00203097
10021,0.000095,2.060140e-06,0.00389248
10022,0.000097,2.056593e-06,0.00309840
10023,0.000101,2.053700e-06,0.00252989
10024,0.000095,2.051185e-06,0.00213439
10025,0.000095,2.050899e-06,0.00423518
10026,0.000101,2.047033e-06,0.00334679
10027,0.000101,2.043960e-06,0.00270530
10028,0.000097,2.041346e-06,0.00225401
10029,0.000103,2.038997e-06,0.00194680
10030,0.001586,2.037617e-06,0.00362575
10031,0.000083,2.034325e-06,0.00290436
10032,0.000079,2.031588e-06,0.00239163
10033,0.000112,2.029172e-06,0.00203820
10034,0.000110,2.028366e-06,0.00393813
10035,0.000155,2.024804e-06,0.00312934
10036,0.000115,2.021916e-06,0.00254911
10037,0.000093,2.019418e-06,0.00214441
10038,0.000092,2.019304e-06,0.00428705
10039,0.000092,2.015413e-06,0.00338267
10040,0.000100,2.012340e-06,0.00272846
10041,0.000096,2.009738e-06,0.00226711
10042,0.000092,2.007409e-06,0.00195213
10043,0.000102,2.006169e-06,0.00366701
10044,0.000094,2.002868e-06,0.00293181
10045,0.000098,2.000139e-06,0.00240810
10046,0.000100,1.997741e-06,0.00204611
10047,0.000100,1.997092e-06,0.00398522
10048,0.000096,1.993513e-06,0.00316144
10049,0.000105,1.990628e-06,0.00256927
10050,0.000096,1.988144e-06,0.00215517
10051,0.000095,1.985892e-06,0.00187523
10052,0.000149,1.984289e-06,0.00341981
10053,0.000157,1.981212e-06,0.00275264
10054,0.000153,1.978622e-06,0.00228102
10055,0.000154,1.976312e-06,0.00195809
10056,0.000103,1.975213e-06,0.00370962
10057,0.000104,1.971902e-06,0.00296035
10058,0.000171,1.969181e-06,0.00242545
10059,0.000138,1.966799e-06,0.00205471
10060,0.000125,1.966308e-06,0.00403377
10061,0.000134,1.962710e-06,0.00319471
10062,0.000140,1.959827e-06,0.00259038
10063,0.000107,1.957357e-06,0.00216668
10064,0.000101,1.955125e-06,0.00187941
10065,0.000163,1.953651e-06,0.00345822
10066,0.000125,1.950570e-06,0.00277784
10067,0.001468,1.947990e-06,0.00229574
10068,0.000083,1.945699e-06,0.00196470
10069,0.000088,1.944744e-06,0.00375360
10070,0.000093,1.941420e-06,0.00298999
10071,0.000097,1.938704e-06,0.00244369
10072,0.000094,1.936339e-06,0.00206401
10073,0.000094,1.936009e-06,0.00408381
10074,0.000096,1.932390e-06,0.00322917
10075,0.000097,1.929507e-06,0.00261245
10076,0.000094,1.927049e-06,0.00217897
10077,0.000098,1.924837e-06,0.00188418
10078,0.000102,1.923494e-06,0.00349791
10079,0.000097,1.920406e-06,0.00280407
10080,0.000095,1.917835e-06,0.00231130
10081,0.000099,1.915561e-06,0.00197196
10082,0.000096,1.914752e-06,0.00379897
10083,0.000096,1.911414e-06,0.00302075
10084,0.000106,1.908702e-06,0.00246283
10085,0.000113,1.906351e-06,0.00207403
10086,0.000103,1.906187e-06,0.00413535
10087,0.000113,1.902543e-06,0.00326484
10088,0.000103,1.899659e-06,0.00263549
10089,0.000099,1.897212e-06,0.00219203
10090,0.000106,1.895020e-06,0.00188957
10091,0.000097,1.893809e-06,0.00353891
10092,0.000100,1.890713e-06,0.00283136
10093,0.000106,1.888149e-06,0.00232771
10094,0.000109,1.885892e-06,0.00197989
10095,0.000101,1.885231e-06,0.00384574
10096,0.000101,1.881877e-06,0.00305264
10097,0.000102,1.879168e-06,0.00248289
10098,0.000096,1.876831e-06,0.00208478
10099,0.000095,1.874709e-06,0.00181592
10100,0.000134,1.873164e-06,0.00330173
10101,0.000101,1.870276e-06,0.00265953
10102,0.000100,1.867840e-06,0.00220590
10103,0.000102,1.865665e-06,0.00189557
10104,0.001593,1.864590e-06,0.00358122
10105,0.000086,1.861484e-06,0.00285972
10106,0.000079,1.858926e-06,0.00234498
10107,0.000101,1.856684e-06,0.00198850
10108,0.000157,1.856175e-06,0.00389395
10109,0.000116,1.852802e-06,0.00308569
10110,0.000103,1.850093e-06,0.00250388
10111,0.000105,1.847769e-06,0.00209628
10112,0.000155,1.845667e-06,0.00182016
10113,0.000109,1.844244e-06,0.00333987
10114,0.000134,1.841352e-06,0.00268457
10115,0.000141,1.838925e-06,0.00222056
10116,0.000101,1.836768e-06,0.00190221
10117,0.000121,1.835828e-06,0.00362488
10118,0.000110,1.832710e-06,0.00288915
10119,0.000103,1.830157e-06,0.00236312
10120,0.000101,1.827931e-06,0.00199780
10121,0.000105,1.827575e-06,0.00394361
10122,0.000105,1.824181e-06,0.00311990
10123,0.000100,1.821472e-06,0.00252581
10124,0.000103,1.819160e-06,0.00210853
10125,0.000097,1.817076e-06,0.00182499
10126,0.000103,1.815778e-06,0.00337926
10127,0.000104,1.812879e-06,0.00271063
10128,0.000098,1.810460e-06,0.00223605
10129,0.000099,1.808319e-06,0.00190949
10130,0.000099,1.807519e-06,0.00366990
10131,0.000106,1.804387e-06,0.00291969
10132,0.000108,1.801837e-06,0.00238215
10133,0.000112,1.799624e-06,0.00200781
10134,0.000109,1.799425e-06,0.00399474
10135,0.000102,1.796008e-06,0.00315530
10136,0.000103,1.793298e-06,0.00254870
10137,0.000104,1.790996e-06,0.00212154
10138,0.000098,1.788930e-06,0.00183042
10139,0.000101,1.787758e-06,0.00341993
10140,0.000112,1.784850e-06,0.00273772
10141,0.001621,1.782438e-06,0.00225237
10142,0.000084,1.780313e-06,0.00191744
10143,0.000081,1.779654e-06,0.00371630
10144,0.000102,1.776505e-06,0.00295134
10145,0.000098,1.773958e-06,0.00240208
10146,0.000095,1.771758e-06,0.00201854
10147,0.000095,1.771719e-06,0.00404737
10148,0.000098,1.768276e-06,0.00319190
10149,0.000094,1.765562e-06,0.00257257
10150,0.000095,1.763270e-06,0.00213534
10151,0.000096,1.761221e-06,0.00183646
10152,0.000115,1.760177e-06,0.00346190
10153,0.000110,1.757259e-06,0.00276586
10154,0.000109,1.754853e-06,0.00226954
10155,0.000095,1.752742e-06,0.00192605
10156,0.000100,1.752227e-06,0.00376410
10157,0.000104,1.749060e-06,0.00298412
10158,0.000096,1.746513e-06,0.00242293
10159,0.000098,1.744325e-06,0.00203000
10160,0.000103,1.742344e-06,0.00176401
10161,0.000100,1.740978e-06,0.00322972
10162,0.000098,1.738259e-06,0.00259742
10163,0.000097,1.735975e-06,0.00214994
10164,0.000100,1.733942e-06,0.00184312
10165,0.000108,1.733028e-06,0.00350519
10166,0.000152,1.730099e-06,0.00279506
10167,0.000178,1.727697e-06,0.00228757
10168,0.000111,1.725600e-06,0.00193534
10169,0.000103,1.725231e-06,0.00381332
10170,0.000105,1.722044e-06,0.00301805
10171,0.000110,1.719497e-06,0.00244470
10172,0.000152,1.717319e-06,0.00204221
10173,0.000120,1.715355e-06,0.00176889
10174,0.000110,1.714108e-06,0.00326877
10175,0.000124,1.711382e-06,0.00262327
10176,0.000138,1.709105e-06,0.00216534
10177,0.000103,1.707088e-06,0.00185042
10178,0.000102,1.706306e-06,0.00354980
10179,0.001832,1.703363e-06,0.00282534
10180,0.000090,1.700964e-06,0.00230647
10181,0.000100,1.698879e-06,0.00194533
10182,0.000095,1.698661e-06,0.00386399
10183,0.000098,1.695450e-06,0.00305314
10184,0.000094,1.692901e-06,0.00246742
10185,0.000092,1.690733e-06,0.00205517
10186,0.000096,1.688786e-06,0.00177436
10187,0.000094,1.687658e-06,0.00330908
10188,0.000092,1.684925e-06,0.00265014
10189,0.000098,1.682654e-06,0.00218156
10190,0.000109,1.680651e-06,0.00185837
10191,0.000101,1.680004e-06,0.00359578
10192,0.000102,1.677045e-06,0.00285672
10193,0.000108,1.674647e-06,0.00232626
10194,0.000099,1.672575e-06,0.00195603
10195,0.000098,1.672508e-06,0.00391612
10196,0.000107,1.669273e-06,0.00308941
10197,0.000097,1.666720e-06,0.00249109
10198,0.000102,1.664561e-06,0.00206890
10199,0.000106,1.662630e-06,0.00178043
10200,0.000102,1.661624e-06,0.00335066
10201,0.000101,1.658880e-06,0.00267804
10202,0.000103,1.656615e-06,0.00219862
10203,0.000097,1.654625e-06,0.00186698
10204,0.000098,1.654115e-06,0.00364312
10205,0.000105,1.651138e-06,0.00288921
10206,0.000098,1.648741e-06,0.00234695
10207,0.000098,1.646679e-06,0.00196745
10208,0.000094,1.644812e-06,0.00171068
10209,0.000101,1.643506e-06,0.00312688
10210,0.000094,1.640947e-06,0.00251574
10211,0.000097,1.638796e-06,0.00208341
10212,0.000101,1.636880e-06,0.00178712
10213,0.000100,1.635998e-06,0.00339353
10214,0.000097,1.633242e-06,0.00270699
10215,0.000100,1.630981e-06,0.00221652
10216,0.000098,1.629004e-06,0.00187626
10217,0.000106,1.628634e-06,0.00369187
10218,0.000106,1.625636e-06,0.00292282
10219,0.000098,1.623238e-06,0.00236855
10220,0.001782,1.621187e-06,0.00197960
10221,0.000094,1.619335e-06,0.00171561
10222,0.000100,1.618142e-06,0.00316556
10223,0.000113,1.615577e-06,0.00254137
10224,0.000131,1.613432e-06,0.00209871
10225,0.000107,1.611530e-06,0.00179443
10226,0.000102,1.610775e-06,0.00343771
10227,0.000105,1.608005e-06,0.00273700
10228,0.000159,1.605746e-06,0.00223528
10229,0.000097,1.603781e-06,0.00188623
10230,0.000100,1.603553e-06,0.00374202
10231,0.000094,1.600534e-06,0.00295758
10232,0.000095,1.598133e-06,0.00239108
10233,0.000102,1.596091e-06,0.00199249
10234,0.000094,1.594255e-06,0.00172111
10235,0.000096,1.593176e-06,0.00320547
10236,0.000098,1.590602e-06,0.00256800
10237,0.000107,1.588463e-06,0.00211483
10238,0.000110,1.586575e-06,0.00180238
10239,0.000102,1.585947e-06,0.00348322
10240,0.000100,1.583162e-06,0.00276808
10241,0.000097,1.580904e-06,0.00225492
10242,0.000095,1.578951e-06,0.00189689
10243,0.000102,1.578868e-06,0.00379362
10244,0.000096,1.575824e-06,0.00299350
10245,0.000096,1.573420e-06,0.00241455
10246,0.000105,1.571385e-06,0.00200615
10247,0.000097,1.569564e-06,0.00172721
10248,0.000113,1.568601e-06,0.00324664
10249,0.000103,1.566018e-06,0.00259565
10250,0.000102,1.563883e-06,0.00213176
10251,0.000111,1.562007e-06,0.00181099
10252,0.000109,1.561510e-06,0.00353008
10253,0.000109,1.558708e-06,0.00280026
10254,0.000105,1.556450e-06,0.00227544
10255,0.000100,1.554506e-06,0.00190826
10256,0.000105,1.552744e-06,0.00165992
10257,0.000110,1.551501e-06,0.00303059
10258,0.000107,1.549092e-06,0.00243898
10259,0.001521,1.547064e-06,0.00202057
10260,0.000078,1.545257e-06,0.00173392
10261,0.000079,1.544412e-06,0.00328907
10262,0.000102,1.541817e-06,0.00262432
10263,0.000129,1.539686e-06,0.00214953
10264,0.000106,1.537822e-06,0.00182025
10265,0.000103,1.537458e-06,0.00357831
10266,0.000100,1.534636e-06,0.00283354
10267,0.000095,1.532376e-06,0.00229686
10268,0.000096,1.530442e-06,0.00192036
10269,0.000094,1.528696e-06,0.00166489
10270,0.000099,1.527559e-06,0.00306888
10271,0.000095,1.525143e-06,0.00246438
10272,0.000094,1.523121e-06,0.00203578
10273,0.000114,1.521328e-06,0.00174124
10274,0.000120,1.520603e-06,0.00333279
10275,0.000104,1.517994e-06,0.00265404
10276,0.000109,1.515865e-06,0.00216815
10277,0.000141,1.514012e-06,0.00183019
10278,0.000152,1.513784e-06,0.00362794
10279,0.000148,1.510940e-06,0.00286795
10280,0.000173,1.508678e-06,0.00231920
10281,0.000150,1.506752e-06,0.00193318
10282,0.000109,1.505020e-06,0.00167043
10283,0.000105,1.503993e-06,0.00310838
10284,0.000100,1.501568e-06,0.00249076
10285,0.000109,1.499552e-06,0.00205178
10286,0.000099,1.497770e-06,0.00174920
10287,0.000110,1.497168e-06,0.00337782
10288,0.000103,1.494544e-06,0.00268482
10289,0.000106,1.492415e-06,0.00218763
10290,0.000114,1.490573e-06,0.00184081
10291,0.000107,1.490483e-06,0.00367897
10292,0.000106,1.487616e-06,0.00290350
10293,0.000105,1.485350e-06,0.00234246
10294,0.000127,1.483431e-06,0.00194676
10295,0.000118,1.481713e-06,0.00167656
10296,0.001511,1.480796e-06,0.00314911
10297,0.000087,1.478362e-06,0.00251814
10298,0.000079,1.476349e-06,0.00206859
10299,0.000102,1.474579e-06,0.00175779
10300,0.000117,1.474101e-06,0.00342417
10301,0.000097,1.471460e-06,0.00271667
10302,0.000097,1.469331e-06,0.00220798
10303,0.000107,1.467498e-06,0.00185214
10304,0.000116,1.465836e-06,0.00161151
10305,0.000100,1.464656e-06,0.00294020
10306,0.000106,1.462385e-06,0.00236666
10307,0.000101,1.460473e-06,0.00196109
10308,0.000096,1.458768e-06,0.00168329
10309,0.000102,1.457963e-06,0.00319108
10310,0.000109,1.455517e-06,0.00254654
10311,0.000097,1.453507e-06,0.00208623
10312,0.000097,1.451749e-06,0.00176704
10313,0.000101,1.451397e-06,0.00347187
10314,0.000095,1.448738e-06,0.00274961
10315,0.000102,1.446607e-06,0.00222921
10316,0.000099,1.444782e-06,0.00186417
10317,0.000095,1.443134e-06,0.00161653
10318,0.000096,1.442057e-06,0.00297809
10319,0.000105,1.439779e-06,0.00239182
10320,0.000111,1.437872e-06,0.00197620
10321,0.000097,1.436179e-06,0.00169062
10322,0.000104,1.435489e-06,0.00323433
10323,0.000101,1.433030e-06,0.00257596
10324,0.000096,1.431021e-06,0.00210470
10325,0.000098,1.429273e-06,0.00177695
10326,0.000097,1.429051e-06,0.00352094
10327,0.000096,1.426370e-06,0.00278366
10328,0.000101,1.424237e-06,0.00225135
10329,0.000098,1.422420e-06,0.00187693
10330,0.000112,1.420786e-06,0.00162211
10331,0.000100,1.419812e-06,0.00301716
10332,0.000101,1.417525e-06,0.00241795
10333,0.001668,1.415622e-06,0.00199209
10334,0.000106,1.413942e-06,0.00169858
10335,0.000126,1.413368e-06,0.00327885
10336,0.000107,1.410894e-06,0.00260642
10337,0.000106,1.408886e-06,0.00212401
10338,0.000101,1.407147e-06,0.00178754
10339,0.000144,1.407057e-06,0.00357140
10340,0.000104,1.404353e-06,0.00281884
10341,0.000151,1.402216e-06,0.00227440
10342,0.000104,1.400405e-06,0.00189043
10343,0.000101,1.398784e-06,0.00162827
10344,0.000100,1.397915e-06,0.00305744
10345,0.000100,1.395619e-06,0.00244506
10346,0.000098,1.393720e-06,0.00200878
10347,0.000102,1.392050e-06,0.00170716
10348,0.000096,1.391595e-06,0.00332469
10349,0.000102,1.389104e-06,0.00263794
10350,0.000103,1.387095e-06,0.00214419
10351,0.000097,1.385365e-06,0.00179881
10352,0.000096,1.383797e-06,0.00156528
10353,0.000102,1.382681e-06,0.00285515
10354,0.000095,1.380538e-06,0.00229837
10355,0.000097,1.378733e-06,0.00190467
10356,0.000104,1.377124e-06,0.00163501
10357,0.000098,1.376363e-06,0.00309895
10358,0.000109,1.374055e-06,0.00247317
10359,0.000111,1.372158e-06,0.00202627
10360,0.000115,1.370499e-06,0.00171639
10361,0.000106,1.370165e-06,0.00337185
10362,0.000110,1.367655e-06,0.00267054
10363,0.000104,1.365644e-06,0.00216524
10364,0.000100,1.363922e-06,0.00181079
10365,0.000097,1.362367e-06,0.00157034
10366,0.000107,1.361349e-06,0.00289261
10367,0.000102,1.359199e-06,0.00232329
10368,0.000113,1.357399e-06,0.00191968
10369,0.000110,1.355801e-06,0.00164236
10370,0.001709,1.355149e-06,0.00314171
10371,0.000088,1.352828e-06,0.00250229
10372,0.000095,1.350932e-06,0.00204459
10373,0.000095,1.349282e-06,0.00172628
10374,0.000104,1.349072e-06,0.00342035
10375,0.000104,1.346541e-06,0.00270422
10376,0.000100,1.344528e-06,0.00218717
10377,0.000101,1.342813e-06,0.00182349
10378,0.000102,1.341270e-06,0.00157596
10379,0.000100,1.340350e-06,0.00293125
10380,0.000109,1.338192e-06,0.00234916
10381,0.000105,1.336396e-06,0.00193546
10382,0.000095,1.334810e-06,0.00165031
10383,0.000093,1.334268e-06,0.00318573
10384,0.000111,1.331933e-06,0.00253244
10385,0.000160,1.330037e-06,0.00206375
10386,0.000167,1.328396e-06,0.00173683
10387,0.000179,1.328311e-06,0.00347022
10388,0.000229,1.325759e-06,0.00273901
10389,0.000165,1.323741e-06,0.00221001
10390,0.000148,1.322032e-06,0.00183690
10391,0.000132,1.320501e-06,0.00158215
10392,0.000142,1.319682e-06,0.00297108
10393,0.000140,1.317514e-06,0.00237600
10394,0.000207,1.315721e-06,0.00195202
10395,0.000157,1.314144e-06,0.00165889
10396,0.000144,1.313716e-06,0.00323103
10397,0.000132,1.311364e-06,0.00256363
10398,0.000200,1.309467e-06,0.00208375
10399,0.000145,1.307834e-06,0.00174806
10400,0.000161,1.306353e-06,0.00152106
10401,0.000209,1.305301e-06,0.00277492
10402,0.000111,1.303278e-06,0.00223375
10403,0.000121,1.301574e-06,0.00185106
10404,0.000102,1.300055e-06,0.00158891
10405,0.000102,1.299338e-06,0.00301212
10406,0.000108,1.297158e-06,0.00240382
10407,0.002286,1.295367e-06,0.00196938
10408,0.000137,1.293800e-06,0.00166811
10409,0.000124,1.293487e-06,0.00327764
10410,0.000144,1.291117e-06,0.00259587
10411,0.000146,1.289218e-06,0.00210461
10412,0.000143,1.287592e-06,0.00175999
10413,0.000139,1.286124e-06,0.00152616
10414,0.000137,1.285165e-06,0.00281197
10415,0.000136,1.283134e-06,0.00225843
10416,0.000137,1.281434e-06,0.00186597
10417,0.000161,1.279926e-06,0.00159627
10418,0.000155,1.279313e-06,0.00305438
10419,0.000142,1.277121e-06,0.00243264
10420,0.000149,1.275330e-06,0.00198755
10421,0.000137,1.273772e-06,0.00167797
10422,0.000133,1.273577e-06,0.00332557
10423,0.000139,1.271187e-06,0.00262919
10424,0.000147,1.269285e-06,0.00212635
10425,0.000146,1.267665e-06,0.00177261
10426,0.000150,1.266209e-06,0.00153182
10427,0.000153,1.265344e-06,0.00285018
10428,0.000148,1.263305e-06,0.00228404
10429,0.000250,1.261609e-06,0.00188163
10430,0.000224,1.260110e-06,0.00160423
10431,0.000136,1.259603e-06,0.00309789
10432,0.000138,1.257396e-06,0.00246247
10433,0.000140,1.255606e-06,0.00200655
10434,0.000414,1.254056e-06,0.00168849
10435,0.000139,1.253981e-06,0.00337485
10436,0.000183,1.251569e-06,0.00266360
10437,0.000144,1.249663e-06,0.00214897
10438,0.000136,1.248049e-06,0.00178596
10439,0.000172,1.246603e-06,0.00153804
10440,0.000158,1.245834e-06,0.00288955
10441,0.000134,1.243785e-06,0.00231061
10442,0.000140,1.242091e-06,0.00189807
10443,0.000143,1.240603e-06,0.00161281
10444,0.000146,1.240204e-06,0.00314267
10445,0.000233,1.237981e-06,0.00249333
10446,0.002019,1.236189e-06,0.00202638
10447,0.000093,1.234646e-06,0.00169968
10448,0.000102,1.233248e-06,0.00147870
10449,0.000102,1.232259e-06,0.00269911
10450,0.000098,1.230346e-06,0.00217249
10451,0.000103,1.228737e-06,0.00180002
10452,0.000096,1.227302e-06,0.00154483
10453,0.000101,1.226630e-06,0.00293012
10454,0.000104,1.224570e-06,0.00233815
10455,0.000101,1.222878e-06,0.00191530
10456,0.000097,1.221398e-06,0.00162201
10457,0.000106,1.221109e-06,0.00318872
10458,0.000105,1.218869e-06,0.00252522
10459,0.000099,1.217075e-06,0.00204706
10460,0.000108,1.215538e-06,0.00171155
10461,0.000101,1.214152e-06,0.00148386
10462,0.000105,1.213251e-06,0.00273574
10463,0.000100,1.211332e-06,0.00219692
10464,0.000113,1.209726e-06,0.00181483
10465,0.000107,1.208301e-06,0.00155221
10466,0.000103,1.207728e-06,0.00297189
10467,0.000104,1.205656e-06,0.00236667
10468,0.000136,1.203964e-06,0.00193333
10469,0.000110,1.202492e-06,0.00163185
10470,0.000148,1.202316e-06,0.00323608
10471,0.000128,1.200056e-06,0.00255818
10472,0.000122,1.198258e-06,0.00206859
10473,0.000113,1.196728e-06,0.00172411
10474,0.000108,1.195352e-06,0.00148956
10475,0.000174,1.194541e-06,0.00277350
10476,0.000278,1.192614e-06,0.00222229
10477,0.000189,1.191011e-06,0.00183039
10478,0.000154,1.189596e-06,0.00156017
10479,0.000115,1.189124e-06,0.00301488
10480,0.000132,1.187037e-06,0.00239618
10481,0.000151,1.185345e-06,0.00195217
10482,0.000152,1.183881e-06,0.00164234
10483,0.000160,1.183819e-06,0.00328476
10484,0.003624,1.181537e-06,0.00259220
10485,0.000187,1.179735e-06,0.00209101
10486,0.000145,1.178210e-06,0.00173738
10487,0.000238,1.176845e-06,0.00149581
10488,0.000144,1.176125e-06,0.00281243
10489,0.000134,1.174188e-06,0.00224859
10490,0.000132,1.172587e-06,0.00184671
10491,0.000153,1.171181e-06,0.00156875
10492,0.000144,1.170812e-06,0.00305913
10493,0.000458,1.168709e-06,0.00242671
10494,0.000207,1.167016e-06,0.00197183
10495,0.000143,1.165558e-06,0.00165349
10496,0.000143,1.164237e-06,0.00143810
10497,0.000165,1.163309e-06,0.00262731
10498,0.000271,1.161501e-06,0.00211430
10499,0.000161,1.159980e-06,0.00175137
10500,0.000154,1.158625e-06,0.00150263
10501,0.000139,1.157998e-06,0.00285252
10502,0.000175,1.156050e-06,0.00227584
10503,0.000195,1.154450e-06,0.00186381
10504,0.000146,1.153052e-06,0.00157794
10505,0.000133,1.152788e-06,0.00310463
10506,0.000192,1.150669e-06,0.00245826
10507,0.000267,1.148972e-06,0.00199232
10508,0.000376,1.147521e-06,0.00166531
10509,0.000132,1.146211e-06,0.00144330
10510,0.000133,1.145367e-06,0.00266353
10511,0.000142,1.143552e-06,0.00213850
10512,0.000183,1.142034e-06,0.00176608
10513,0.000150,1.140688e-06,0.00151002
10514,0.000209,1.140156e-06,0.00289380
10515,0.000257,1.138195e-06,0.00230406
10516,0.000293,1.136596e-06,0.00188170
10517,0.000178,1.135205e-06,0.00158776
10518,0.000141,1.135049e-06,0.00315142
10519,0.000142,1.132910e-06,0.00249085
10520,0.000147,1.131210e-06,0.00201367
10521,0.000145,1.129764e-06,0.00167781
10522,0.000142,1.128464e-06,0.00144904
10523,0.000147,1.127706e-06,0.00270086
10524,0.000138,1.125883e-06,0.00216361
10525,0.002066,1.124367e-06,0.00178154
10526,0.000115,1.123030e-06,0.00151799
10527,0.000113,1.122594e-06,0.00293629
10528,0.000145,1.120620e-06,0.00233326
10529,0.000136,1.119020e-06,0.00190038
10530,0.000134,1.117636e-06,0.00159822
10531,0.000136,1.117590e-06,0.00319951
10532,0.000134,1.115430e-06,0.00252449
10533,0.000135,1.113725e-06,0.00203587
10534,0.000138,1.112283e-06,0.00169101
10535,0.000131,1.110993e-06,0.00145533
10536,0.000140,1.110322e-06,0.00273933
10537,0.000139,1.108489e-06,0.00218965
10538,0.000136,1.106976e-06,0.00179774
10539,0.000134,1.105647e-06,0.00152657
10540,0.000145,1.105309e-06,0.00298000
10541,0.000144,1.103319e-06,0.00236346
10542,0.000174,1.101717e-06,0.00191988
10543,0.000235,1.100340e-06,0.00160933
10544,0.000171,1.099092e-06,0.00139912
10545,0.000140,1.098223e-06,0.00255921
10546,0.000134,1.096513e-06,0.00205895
10547,0.000142,1.095075e-06,0.00170491
10548,0.000146,1.093794e-06,0.00146217
10549,0.000157,1.093212e-06,0.00277896
10550,0.000153,1.091368e-06,0.00221662
10551,0.000149,1.089855e-06,0.00181471
10552,0.000182,1.088533e-06,0.00153575
10553,0.000160,1.088297e-06,0.00302496
10554,0.000136,1.086290e-06,0.00239466
10555,0.000177,1.084685e-06,0.00194019
10556,0.000162,1.083312e-06,0.00162110
10557,0.000135,1.082075e-06,0.00140438
10558,0.000138,1.081287e-06,0.00259501
10559,0.000144,1.079569e-06,0.00208291
10560,0.000162,1.078134e-06,0.00171954
10561,0.000145,1.076862e-06,0.00146958
10562,0.000148,1.076370e-06,0.00281975
10563,0.000146,1.074514e-06,0.00224455
10564,0.000134,1.073001e-06,0.00183246
10565,0.002172,1.071686e-06,0.00154555
10566,0.000123,1.071552e-06,0.00307118
10567,0.000116,1.069526e-06,0.00242690
10568,0.000147,1.067918e-06,0.00196135
10569,0.000149,1.066550e-06,0.00163355
10570,0.000145,1.065322e-06,0.00141016
10571,0.000110,1.064616e-06,0.00263191
10572,0.000109,1.062890e-06,0.00210778
10573,0.000115,1.061457e-06,0.00173489
10574,0.000143,1.060193e-06,0.00147757
10575,0.000160,1.059793e-06,0.00286173
10576,0.000116,1.057923e-06,0.00227344
10577,0.000105,1.056409e-06,0.00185099
10578,0.000151,1.055101e-06,0.00155599
10579,0.000149,1.055072e-06,0.00311868
10580,0.000152,1.053026e-06,0.00246017
10581,0.000153,1.051412e-06,0.00198335
10582,0.000157,1.050049e-06,0.00164668
10583,0.000131,1.048830e-06,0.00141649
10584,0.000251,1.048207e-06,0.00266994
10585,0.000195,1.046471e-06,0.00213355
10586,0.000138,1.045039e-06,0.00175099
10587,0.000134,1.043783e-06,0.00148615
10588,0.000142,1.043478e-06,0.00290492
10589,0.000208,1.041592e-06,0.00230331
10590,0.000158,1.040076e-06,0.00187033
10591,0.000164,1.038774e-06,0.00156706
10592,0.000269,1.037594e-06,0.00136168
10593,0.000162,1.036784e-06,0.00249449
10594,0.000229,1.035165e-06,0.00200621
10595,0.000139,1.033804e-06,0.00166051
10596,0.000138,1.032594e-06,0.00142336
10597,0.000143,1.032056e-06,0.00270910
10598,0.000184,1.030309e-06,0.00216025
10599,0.000149,1.028878e-06,0.00176783
10600,0.000142,1.027628e-06,0.00149532
10601,0.000145,1.027419e-06,0.00294933
10602,0.000136,1.025517e-06,0.00233418
10603,0.000131,1.023998e-06,0.00189047
10604,0.000112,1.022700e-06,0.00157879
10605,0.000101,1.021530e-06,0.00136699
10606,0.001632,1.020797e-06,0.00252988
10607,0.000084,1.019170e-06,0.00202994
10608,0.000083,1.017812e-06,0.00167504
10609,0.000095,1.016610e-06,0.00143079
10610,0.000104,1.016158e-06,0.00274941
10611,0.000095,1.014400e-06,0.00218789
10612,0.000098,1.012968e-06,0.00178544
10613,0.000100,1.011725e-06,0.00150511
10614,0.000121,1.011614e-06,0.00299499
10615,0.000115,1.009694e-06,0.00236606
10616,0.000118,1.008171e-06,0.00191144
10617,0.000102,1.006877e-06,0.00159118
10618,0.000097,1.005716e-06,0.00137282
10619,0.000108,1.005060e-06,0.00256636
10620,0.000105,1.003426e-06,0.00205456
10621,0.000101,1.002069e-06,0.00169030
10622,0.000106,1.000874e-06,0.00143879
10623,0.000102,1.000511e-06,0.00279089
10624,0.000103,9.987389e-07,0.00221648
10625,0.000109,9.973057e-07,0.00180383
10626,0.000106,9.960683e-07,0.00151552
10627,0.000102,9.960576e-07,0.00304191
10628,0.000103,9.941178e-07,0.00239896
10629,0.000106,9.925898e-07,0.00193324
10630,0.000105,9.912997e-07,0.00160425
10631,0.000103,9.901472e-07,0.00137918
10632,0.000112,9.895712e-07,0.00260395
10633,0.000109,9.879269e-07,0.00208008
10634,0.000280,9.865717e-07,0.00170628
10635,0.000183,9.853837e-07,0.00144737
10636,0.000166,9.851101e-07,0.00283356
10637,0.000144,9.833232e-07,0.00224603
10638,0.000111,9.818878e-07,0.00182301
10639,0.000103,9.806554e-07,0.00152656
10640,0.000104,9.795406e-07,0.00132567
10641,0.000474,9.787862e-07,0.00243290
10642,0.000189,9.772522e-07,0.00195589
10643,0.000218,9.759650e-07,0.00161800
10644,0.002125,9.748204e-07,0.00138608
10645,0.000115,9.743254e-07,0.00264265
10646,0.000104,9.726704e-07,0.00210651
10647,0.000107,9.713153e-07,0.00172301
10648,0.000088,9.701337e-07,0.00145654
10649,0.000089,9.699520e-07,0.00287743
10650,0.000100,9.681487e-07,0.00227656
10651,0.000098,9.667102e-07,0.00184298
10652,0.000099,9.654823e-07,0.00153825
10653,0.000103,9.643763e-07,0.00133104
10654,0.000096,9.636952e-07,0.00246789
10655,0.000096,9.621540e-07,0.00197940
10656,0.000099,9.608689e-07,0.00163245
10657,0.000102,9.597318e-07,0.00139353
10658,0.000100,9.593194e-07,0.00268248
10659,0.000106,9.576524e-07,0.00213386
10660,0.000106,9.562966e-07,0.00174049
10661,0.000102,9.551207e-07,0.00146631
10662,0.000099,9.550330e-07,0.00292254
10663,0.000105,9.532119e-07,0.00230809
10664,0.000098,9.517693e-07,0.00186376
10665,0.000098,9.505452e-07,0.00155059
10666,0.000100,9.494475e-07,0.00133691
10667,0.000098,9.488410e-07,0.00250395
10668,0.000103,9.472916e-07,0.00200378
10669,0.000103,9.460078e-07,0.00164761
10670,0.000098,9.448777e-07,0.00140154
10671,0.000157,9.445495e-07,0.00272347
10672,0.000111,9.428692e-07,0.00216215
10673,0.000103,9.415119e-07,0.00175873
10674,0.000096,9.403413e-07,0.00147670
10675,0.000099,9.392786e-07,0.00128611
10676,0.000104,9.385092e-07,0.00234063
10677,0.000099,9.370614e-07,0.00188537
10678,0.000093,9.358405e-07,0.00156359
10679,0.000104,9.347507e-07,0.00134331
10680,0.000101,9.342201e-07,0.00254109
10681,0.000101,9.326613e-07,0.00202905
10682,0.000115,9.313782e-07,0.00166349
10683,0.000100,9.302544e-07,0.00141013
10684,0.000102,9.300123e-07,0.00276562
10685,0.002449,9.283174e-07,0.00219139
10686,0.000129,9.269577e-07,0.00177775
10687,0.000146,9.257916e-07,0.00148771
10688,0.000124,9.247376e-07,0.00129103
10689,0.000123,9.240370e-07,0.00237418
10690,0.000131,9.225831e-07,0.00190781
10691,0.000128,9.213646e-07,0.00157728
10692,0.000122,9.202823e-07,0.00135024
10693,0.000131,9.198291e-07,0.00257934
10694,0.000125,9.182596e-07,0.00205521
10695,0.000125,9.169764e-07,0.00168010
10696,0.000130,9.158585e-07,0.00141930
10697,0.000129,9.157043e-07,0.00280897
10698,0.000129,9.139934e-07,0.00222160
10699,0.000136,9.126303e-07,0.00179756
10700,0.000130,9.114683e-07,0.00149936
10701,0.000128,9.104225e-07,0.00129644
10702,0.000129,9.097919e-07,0.00240878
10703,0.000136,9.083308e-07,0.00193110
10704,0.000138,9.071141e-07,0.00159165
10705,0.000132,9.060386e-07,0.00135772
10706,0.000140,9.056644e-07,0.00261870
10707,0.000132,9.040831e-07,0.00208228
10708,0.000132,9.027989e-07,0.00169746
10709,0.000105,9.016864e-07,0.00142906
10710,0.000098,9.016222e-07,0.00285352
10711,0.000099,8.998937e-07,0.00225278
10712,0.000103,8.985264e-07,0.00181817
10713,0.000098,8.973678e-07,0.00151165
10714,0.000097,8.963298e-07,0.00130236
10715,0.000103,8.957704e-07,0.00244443
10716,0.000106,8.943011e-07,0.00195525
10717,0.000138,8.930854e-07,0.00160671
10718,0.000140,8.920163e-07,0.00136574
10719,0.000138,8.917227e-07,0.00265920
10720,0.000136,8.901284e-07,0.00211028
10721,0.000135,8.888424e-07,0.00171556
10722,0.000210,8.877346e-07,0.00143943
10723,0.002097,8.867299e-07,0.00125268
10724,0.000118,8.860150e-07,0.00228496
10725,0.000141,8.846426e-07,0.00183958
10726,0.000245,8.834866e-07,0.00152460
10727,0.000162,8.824560e-07,0.00130880
10728,0.000141,8.819692e-07,0.00248114
10729,0.000143,8.804905e-07,0.00198027
10730,0.000157,8.792752e-07,0.00162249
10731,0.000135,8.782120e-07,0.00137434
10732,0.000131,8.780008e-07,0.00270085
10733,0.000149,8.763920e-07,0.00213921
10734,0.000109,8.751034e-07,0.00173443
10735,0.000103,8.739998e-07,0.00145041
10736,0.000110,8.730031e-07,0.00125766
10737,0.000108,8.723540e-07,0.00231814
10738,0.000106,8.709754e-07,0.00186182
10739,0.000107,8.698215e-07,0.00153821
10740,0.000107,8.687977e-07,0.00131577
10741,0.000114,8.683850e-07,0.00251894
10742,0.000136,8.668958e-07,0.00200617
10743,0.000118,8.656801e-07,0.00163899
10744,0.000105,8.646222e-07,0.00138351
10745,0.000106,8.644952e-07,0.00274367
10746,0.000116,8.628708e-07,0.00216909
10747,0.000110,8.615787e-07,0.00175407
10748,0.000120,8.604786e-07,0.00146202
10749,0.000112,8.594896e-07,0.00126313
10750,0.000103,8.589074e-07,0.00235234
10751,0.000105,8.575216e-07,0.00188489
10752,0.000111,8.563691e-07,0.00155250
10753,0.000102,8.553517e-07,0.00132326
10754,0.000100,8.550145e-07,0.00255784
10755,0.000117,8.535137e-07,0.00203297
10756,0.000104,8.522967e-07,0.00165622
10757,0.000102,8.512438e-07,0.00139326
10758,0.000109,8.512029e-07,0.00278768
10759,0.000119,8.495613e-07,0.00219993
10760,0.000107,8.482649e-07,0.00177451
10761,0.000112,8.471678e-07,0.00147427
10762,0.000116,8.461860e-07,0.00126910
10763,0.000110,8.456719e-07,0.00238758
10764,0.001733,8.442779e-07,0.00190881
10765,0.000090,8.431262e-07,0.00156748
10766,0.000084,8.421146e-07,0.00133131
10767,0.000107,8.418546e-07,0.00259786
10768,0.000107,8.403409e-07,0.00206067
10769,0.000108,8.391220e-07,0.00167418
10770,0.000102,8.380733e-07,0.00140361
10771,0.000100,8.371232e-07,0.00122047
10772,0.000115,8.364605e-07,0.00223176
10773,0.000283,8.351588e-07,0.00179574
10774,0.000469,8.340641e-07,0.00148716
10775,0.000228,8.330891e-07,0.00127558
10776,0.000307,8.326444e-07,0.00242388
10777,0.000166,8.312411e-07,0.00193359
10778,0.000220,8.300895e-07,0.00158316
10779,0.000143,8.290833e-07,0.00133991
10780,0.000138,8.289022e-07,0.00263901
10781,0.000135,8.273744e-07,0.00208930
10782,0.000141,8.261526e-07,0.00169291
10783,0.000142,8.251077e-07,0.00141457
10784,0.000136,8.241650e-07,0.00122551
10785,0.000140,8.235652e-07,0.00226457
10786,0.000133,8.222573e-07,0.00181777
10787,0.000134,8.211643e-07,0.00150070
10788,0.000138,8.201956e-07,0.00128257
10789,0.000131,8.198218e-07,0.00246124
10790,0.000132,8.184081e-07,0.00195923
10791,0.000158,8.172558e-07,0.00159954
10792,0.000139,8.162545e-07,0.00134908
10793,0.000141,8.161541e-07,0.00268131
10794,0.000144,8.146108e-07,0.00211886
10795,0.000142,8.133854e-07,0.00171239
10796,0.000140,8.123437e-07,0.00142614
10797,0.000138,8.114082e-07,0.00123104
10798,0.000161,8.108723e-07,0.00229839
10799,0.000136,8.095572e-07,0.00184063
10800,0.000138,8.084653e-07,0.00151492
10801,0.000139,8.075025e-07,0.00129010
10802,0.002295,8.072010e-07,0.00249968
10803,0.000134,8.057758e-07,0.00198576
10804,0.000151,8.046221e-07,0.00161665
10805,0.000141,8.036252e-07,0.00135883
10806,0.000147,8.036073e-07,0.00272479
10807,0.000131,8.020473e-07,0.00214938
10808,0.000140,8.008174e-07,0.00173265
10809,0.000153,7.997783e-07,0.00143834
10810,0.000419,7.988495e-07,0.00123705
10811,0.000142,7.983788e-07,0.00233323
10812,0.000321,7.970555e-07,0.00186433
10813,0.000178,7.959640e-07,0.00152981
10814,0.000268,7.950067e-07,0.00129816
10815,0.000168,7.947791e-07,0.00253922
10816,0.000134,7.933412e-07,0.00201318
10817,0.000108,7.921853e-07,0.00163449
10818,0.000101,7.911923e-07,0.00136916
10819,0.000103,7.902936e-07,0.00118941
10820,0.000098,7.896808e-07,0.00218085
10821,0.000101,7.884455e-07,0.00175370
10822,0.000117,7.874084e-07,0.00145118
10823,0.000099,7.864859e-07,0.00124357
10824,0.000102,7.860817e-07,0.00236910
10825,0.000107,7.847491e-07,0.00188886
10826,0.000104,7.836575e-07,0.00154539
10827,0.000095,7.827050e-07,0.00130677
10828,0.000098,7.825530e-07,0.00257988
10829,0.000107,7.811012e-07,0.00204151
10830,0.000106,7.799424e-07,0.00165306
10831,0.000119,7.789527e-07,0.00138009
10832,0.000106,7.780610e-07,0.00119451
10833,0.000099,7.775082e-07,0.00221330
10834,0.000100,7.762668e-07,0.00177554
10835,0.000107,7.752311e-07,0.00146466
10836,0.000102,7.743144e-07,0.00125060
10837,0.000105,7.739780e-07,0.00240603
10838,0.000107,7.726352e-07,0.00191425
10839,0.000101,7.715426e-07,0.00156167
10840,0.000102,7.705946e-07,0.00131595
10841,0.000123,7.705199e-07,0.00262167
10842,0.000100,7.690530e-07,0.00207076
10843,0.001762,7.678904e-07,0.00167239
10844,0.000100,7.669036e-07,0.00139163
10845,0.000101,7.660185e-07,0.00120009
10846,0.000105,7.655268e-07,0.00224674
10847,0.000108,7.642782e-07,0.00179819
10848,0.000103,7.632433e-07,0.00147880
10849,0.000098,7.623320e-07,0.00125815
10850,0.000101,7.620649e-07,0.00244402
10851,0.000105,7.607107e-07,0.00194052
10852,0.000102,7.596165e-07,0.00157866
10853,0.000118,7.586725e-07,0.00132568
10854,0.000116,7.578155e-07,0.00115474
10855,0.000203,7.571936e-07,0.00210094
10856,0.000142,7.560264e-07,0.00169248
10857,0.000146,7.550418e-07,0.00140379
10858,0.000242,7.541629e-07,0.00120615
10859,0.000158,7.537337e-07,0.00228118
10860,0.000194,7.524769e-07,0.00182166
10861,0.000239,7.514422e-07,0.00149361
10862,0.000286,7.505358e-07,0.00126623
10863,0.000154,7.503395e-07,0.00248309
10864,0.000116,7.489728e-07,0.00196766
10865,0.000155,7.478763e-07,0.00159636
10866,0.000109,7.469358e-07,0.00133600
10867,0.000105,7.460856e-07,0.00115944
10868,0.000109,7.455201e-07,0.00213207
10869,0.000108,7.443475e-07,0.00171335
10870,0.000115,7.433647e-07,0.00141657
10871,0.000114,7.424916e-07,0.00121271
10872,0.000125,7.421260e-07,0.00231664
10873,0.000112,7.408600e-07,0.00184596
10874,0.000107,7.398248e-07,0.00150909
10875,0.000110,7.389230e-07,0.00127485
10876,0.000111,7.387991e-07,0.00252327
10877,0.000111,7.374188e-07,0.00199569
10878,0.000111,7.363191e-07,0.00161480
10879,0.000114,7.353816e-07,0.00134691
10880,0.000104,7.345379e-07,0.00116460
10881,0.000145,7.340299e-07,0.00216416
10882,0.000145,7.328510e-07,0.00173500
10883,0.000112,7.318693e-07,0.00142999
10884,0.001841,7.310016e-07,0.00121977
10885,0.000093,7.307009e-07,0.00235314
10886,0.000082,7.294248e-07,0.00187111
10887,0.000103,7.283885e-07,0.00152526
10888,0.000105,7.274907e-07,0.00128402
10889,0.000099,7.274409e-07,0.00256456
10890,0.000100,7.260457e-07,0.00202463
10891,0.000104,7.249422e-07,0.00163397
10892,0.000100,7.240071e-07,0.00135841
10893,0.000115,7.231696e-07,0.00117023
10894,0.000107,7.227201e-07,0.00219723
10895,0.000134,7.215340e-07,0.00175745
10896,0.000243,7.205528e-07,0.00144406
10897,0.000135,7.196901e-07,0.00122735
10898,0.000105,7.194558e-07,0.00239069
10899,0.000106,7.181684e-07,0.00189711
10900,0.000114,7.171303e-07,0.00154213
10901,0.000112,7.162362e-07,0.00129376
10902,0.000102,7.154254e-07,0.00112574
10903,0.000107,7.148509e-07,0.00205449
10904,0.000107,7.137427e-07,0.00165390
10905,0.000106,7.128096e-07,0.00137053
10906,0.000127,7.119778e-07,0.00117634
10907,0.000234,7.115881e-07,0.00223128
10908,0.000177,7.103938e-07,0.00178070
10909,0.000226,7.094126e-07,0.00145878
10910,0.000160,7.085544e-07,0.00123545
10911,0.000340,7.083880e-07,0.00242930
10912,0.000168,7.070883e-07,0.00192397
10913,0.000234,7.060477e-07,0.00155971
10914,0.000127,7.051567e-07,0.00130406
10915,0.000108,7.043523e-07,0.00113051
10916,0.000107,7.038318e-07,0.00208529
10917,0.000103,7.027181e-07,0.00167459
10918,0.000104,7.017864e-07,0.00138326
10919,0.000099,7.009599e-07,0.00118294
10920,0.000109,7.006311e-07,0.00226634
10921,0.000107,6.994278e-07,0.00180477
10922,0.000118,6.984459e-07,0.00147417
10923,0.001784,6.975918e-07,0.00124408
10924,0.000096,6.974948e-07,0.00246900
10925,0.000120,6.961817e-07,0.00195172
10926,0.000134,6.951378e-07,0.00157801
10927,0.000113,6.942494e-07,0.00131494
10928,0.000102,6.934511e-07,0.00113573
10929,0.000102,6.929856e-07,0.00211702
10930,0.000139,6.918656e-07,0.00169605
10931,0.000139,6.909347e-07,0.00139662
10932,0.000137,6.901132e-07,0.00119003
10933,0.000129,6.898466e-07,0.00230242
10934,0.000109,6.886333e-07,0.00182967
10935,0.000101,6.876500e-07,0.00149024
10936,0.000098,6.867996e-07,0.00125325
10937,0.000112,6.867737e-07,0.00250979
10938,0.000105,6.854460e-07,0.00198036
10939,0.000107,6.843981e-07,0.00159703
10940,0.000112,6.835119e-07,0.00132642
10941,0.000105,6.827192e-07,0.00114142
10942,0.000116,6.823098e-07,0.00214972
10943,0.000110,6.811826e-07,0.00171829
10944,0.000109,6.802520e-07,0.00141061
10945,0.000106,6.794351e-07,0.00119764
10946,0.000111,6.792321e-07,0.00233953
10947,0.000106,6.780077e-07,0.00185541
10948,0.000110,6.770224e-07,0.00150700
10949,0.000108,6.761753e-07,0.00126298
10950,0.000109,6.754081e-07,0.00109773
10951,0.000126,6.748786e-07,0.00200990
10952,0.000111,6.738260e-07,0.00161680
10953,0.000111,6.729414e-07,0.00133849
10954,0.000109,6.721540e-07,0.00114757
10955,0.000173,6.718018e-07,0.00218339
10956,0.000253,6.706665e-07,0.00174133
10957,0.000173,6.697356e-07,0.00142525
10958,0.000404,6.689229e-07,0.00120575
10959,0.000162,6.687849e-07,0.00237768
10960,0.002145,6.675484e-07,0.00188200
10961,0.000098,6.665604e-07,0.00152445
10962,0.000089,6.657161e-07,0.00127327
10963,0.000119,6.649549e-07,0.00110257
10964,0.000101,6.644770e-07,0.00204035
10965,0.000099,6.634189e-07,0.00163731
10966,0.000101,6.625354e-07,0.00135117
10967,0.000097,6.617530e-07,0.00115421
10968,0.000094,6.614591e-07,0.00221805
10969,0.000097,6.603149e-07,0.00176517
10970,0.000104,6.593831e-07,0.00144055
10971,0.000099,6.585740e-07,0.00121440
10972,0.000101,6.585027e-07,0.00241691
10973,0.000123,6.572529e-07,0.00190946
10974,0.000117,6.562616e-07,0.00154261
10975,0.000112,6.554196e-07,0.00128413
10976,0.000113,6.546639e-07,0.00110785
10977,0.000110,6.542388e-07,0.00207174
10978,0.000112,6.531743e-07,0.00165858
10979,0.000120,6.522914e-07,0.00136446
10980,0.000105,6.515135e-07,0.00116133
10981,0.000107,6.512793e-07,0.00225371
10982,0.000170,6.501251e-07,0.00178983
10983,0.000140,6.491918e-07,0.00145652
10984,0.000144,6.483861e-07,0.00122357
10985,0.000159,6.483830e-07,0.00245721
10986,0.000144,6.471189e-07,0.00193780
10987,0.000149,6.461235e-07,0.00156148
10988,0.000158,6.452833e-07,0.00129557
10989,0.000157,6.445329e-07,0.00111358
10990,0.000139,6.441614e-07,0.00210408
10991,0.000139,6.430898e-07,0.00168063
10992,0.000148,6.422069e-07,0.00137839
10993,0.000145,6.414332e-07,0.00116896
10994,0.000152,6.412600e-07,0.00229038
10995,0.000168,6.400949e-07,0.00181532
10996,0.000148,6.391594e-07,0.00147316
10997,0.000149,6.383566e-07,0.00123329
10998,0.000243,6.376306e-07,0.00107067
10999,0.000191,6.371437e-07,0.00196703
11000,0.000162,6.361435e-07,0.00158109
11001,0.000161,6.353047e-07,0.00130760
11002,0.000398,6.345592e-07,0.00111978
11003,0.000800,6.342425e-07,0.00213737
11004,0.002053,6.331628e-07,0.00170345
11005,0.000104,6.322795e-07,0.00139295
11006,0.000106,6.315095e-07,0.00117709
11007,0.000106,6.313987e-07,0.00232809
11008,0.000100,6.302217e-07,0.00184164
11009,0.000105,6.292834e-07,0.00149049
11010,0.000108,6.284830e-07,0.00124357
11011,0.000100,6.277625e-07,0.00107557
11012,0.000100,6.273252e-07,0.00199716
11013,0.000106,6.263194e-07,0.00160143
11014,0.000187,6.254814e-07,0.00132023
11015,0.000136,6.247404e-07,0.00112646
11016,0.000111,6.244798e-07,0.00217163
11017,0.000107,6.233911e-07,0.00172707
11018,0.000105,6.225066e-07,0.00140816
11019,0.000108,6.217401e-07,0.00118575
11020,0.000128,6.216932e-07,0.00236685
11021,0.000123,6.205031e-07,0.00186882
11022,0.000136,6.195614e-07,0.00150851
11023,0.000120,6.187631e-07,0.00125440
11024,0.000119,6.180477e-07,0.00108090
11025,0.000123,6.176608e-07,0.00202820
11026,0.000112,6.166487e-07,0.00162252
11027,0.000109,6.158110e-07,0.00133347
11028,0.000108,6.150742e-07,0.00113362
11029,0.000115,6.148708e-07,0.00220688
11030,0.000122,6.137723e-07,0.00175149
11031,0.000110,6.128861e-07,0.00142402
11032,0.000116,6.121226e-07,0.00119493
11033,0.000103,6.114300e-07,0.00103998
11034,0.000106,6.109370e-07,0.00189686
11035,0.000112,6.099910e-07,0.00152724
11036,0.000111,6.091943e-07,0.00126581
11037,0.000103,6.084838e-07,0.00108669
11038,0.000113,6.081483e-07,0.00206018
11039,0.000157,6.071290e-07,0.00164437
11040,0.000241,6.062912e-07,0.00134732
11041,0.000168,6.055582e-07,0.00114127
11042,0.003509,6.054133e-07,0.00224313
11043,0.000150,6.043040e-07,0.00177673
11044,0.000153,6.034155e-07,0.00144055
11045,0.000186,6.026546e-07,0.00120464
11046,0.000365,6.019674e-07,0.00104451
11047,0.000160,6.015209e-07,0.00192578
11048,0.000160,6.005701e-07,0.00154669
11049,0.000159,5.997744e-07,0.00127780
11050,0.000148,5.990684e-07,0.00109294
11051,0.000146,5.987855e-07,0.00209309
11052,0.000151,5.977582e-07,0.00166698
11053,0.000143,5.969196e-07,0.00136180
11054,0.000153,5.961901e-07,0.00114942
11055,0.000169,5.961051e-07,0.00228039
11056,0.000181,5.949841e-07,0.00180279
11057,0.000163,5.940926e-07,0.00145776
11058,0.000165,5.933338e-07,0.00121490
11059,0.000156,5.926518e-07,0.00104947
11060,0.000157,5.922526e-07,0.00195558
11061,0.000186,5.912962e-07,0.00156686
11062,0.000197,5.905012e-07,0.00129038
11063,0.000155,5.897994e-07,0.00109965
11064,0.000162,5.895701e-07,0.00212697
11065,0.000519,5.885340e-07,0.00169038
11066,0.000162,5.876941e-07,0.00137692
11067,0.000159,5.869677e-07,0.00115808
11068,0.000154,5.869439e-07,0.00231869
11069,0.000153,5.858101e-07,0.00182969
11070,0.000150,5.849151e-07,0.00147565
11071,0.000449,5.841581e-07,0.00122571
11072,0.000149,5.834808e-07,0.00105486
11073,0.000156,5.831300e-07,0.00198629
11074,0.000160,5.821672e-07,0.00158777
11075,0.000295,5.813723e-07,0.00130356
11076,0.000156,5.806743e-07,0.00110684
11077,0.000153,5.804999e-07,0.00216181
11078,0.000150,5.794541e-07,0.00171456
11079,0.000160,5.786123e-07,0.00139269
11080,0.000190,5.778886e-07,0.00116726
11081,0.000177,5.772331e-07,0.00101461
11082,0.000170,5.767801e-07,0.00185744
11083,0.002441,5.758808e-07,0.00149423
11084,0.000142,5.751250e-07,0.00123709
11085,0.000130,5.744522e-07,0.00106070
11086,0.000168,5.741508e-07,0.00201791
11087,0.000151,5.731809e-07,0.00160942
11088,0.000153,5.723855e-07,0.00131735
11089,0.000160,5.716910e-07,0.00111451
11090,0.000152,5.715728e-07,0.00219764
11091,0.000146,5.705163e-07,0.00173955
11092,0.000154,5.696721e-07,0.00140911
11093,0.000151,5.689506e-07,0.00117697
11094,0.000149,5.683002e-07,0.00101920
11095,0.000171,5.678917e-07,0.00188605
11096,0.000159,5.669876e-07,0.00151352
11097,0.000165,5.662326e-07,0.00124904
11098,0.000163,5.655639e-07,0.00106698
11099,0.000157,5.653129e-07,0.00205046
11100,0.000150,5.643350e-07,0.00163183
11101,0.000171,5.635387e-07,0.00133175
11102,0.000156,5.628474e-07,0.00112268
11103,0.000159,5.627866e-07,0.00223446
11104,0.000151,5.617186e-07,0.00176535
11105,0.000165,5.608713e-07,0.00142619
11106,0.000178,5.601517e-07,0.00118721
11107,0.000165,5.595060e-07,0.00102422
11108,0.000162,5.591429e-07,0.00191553
11109,0.000150,5.582331e-07,0.00153352
11110,0.000153,5.574786e-07,0.00126157
11111,0.000157,5.568137e-07,0.00107373
11112,0.000161,5.566141e-07,0.00208394
11113,0.000162,5.556276e-07,0.00165500
11114,0.000159,5.548298e-07,0.00134678
11115,0.000166,5.541412e-07,0.00113135
11116,0.000198,5.541394e-07,0.00227231
11117,0.000164,5.530587e-07,0.00179197
11118,0.000145,5.522078e-07,0.00144395
11119,0.000151,5.514897e-07,0.00119800
11120,0.000155,5.508483e-07,0.00102967
11121,0.000148,5.505317e-07,0.00194590
11122,0.000149,5.496155e-07,0.00155425
11123,0.000148,5.488608e-07,0.00127469
11124,0.000155,5.481995e-07,0.00108095
11125,0.002489,5.480526e-07,0.00211839
11126,0.000152,5.470564e-07,0.00167896
11127,0.000138,5.462566e-07,0.00136244
11128,0.000150,5.455704e-07,0.00114053
11129,0.000157,5.449499e-07,0.00099006
11130,0.000145,5.445347e-07,0.00181943
11131,0.000148,5.436795e-07,0.00146239
11132,0.000172,5.429624e-07,0.00120935
11133,0.000159,5.423252e-07,0.00103555
11134,0.000149,5.420558e-07,0.00197717
11135,0.000158,5.411326e-07,0.00157571
11136,0.000149,5.403773e-07,0.00128840
11137,0.000207,5.397191e-07,0.00108864
11138,0.000115,5.396261e-07,0.00215380
11139,0.000120,5.386194e-07,0.00170370
11140,0.000170,5.378171e-07,0.00137875
11141,0.000111,5.371329e-07,0.00115023
11142,0.000111,5.365170e-07,0.00099472
11143,0.000106,5.361445e-07,0.00184774
11144,0.000109,5.352844e-07,0.00148152
11145,0.000110,5.345679e-07,0.00122125
11146,0.000102,5.339344e-07,0.00104188
11147,0.000103,5.337134e-07,0.00200935
11148,0.000128,5.327823e-07,0.00159791
11149,0.000152,5.320259e-07,0.00130273
11150,0.000135,5.313705e-07,0.00109683
11151,0.000119,5.313327e-07,0.00219019
11152,0.000121,5.303146e-07,0.00172924
11153,0.000253,5.295091e-07,0.00139571
11154,0.000196,5.288265e-07,0.00116046
11155,0.000156,5.282150e-07,0.00099980
11156,0.000113,5.278861e-07,0.00187691
11157,0.000116,5.270203e-07,0.00150135
11158,0.000109,5.263040e-07,0.00123373
11159,0.000105,5.256740e-07,0.00104867
11160,0.000109,5.255024e-07,0.00204246
11161,0.000119,5.245626e-07,0.00162087
11162,0.000108,5.238046e-07,0.00131767
11163,0.000110,5.231518e-07,0.00110550
11164,0.000112,5.225597e-07,0.00096198
11165,0.000103,5.221400e-07,0.00175559
11166,0.000111,5.213308e-07,0.00141334
11167,0.001736,5.206495e-07,0.00117122
11168,0.000083,5.200420e-07,0.00100530
11169,0.000099,5.197575e-07,0.00190694
11170,0.000097,5.188854e-07,0.00152190
11171,0.000097,5.181687e-07,0.00124679
11172,0.000104,5.175420e-07,0.00105591
11173,0.000104,5.174209e-07,0.00207651
11174,0.000114,5.164716e-07,0.00164460
11175,0.000167,5.157115e-07,0.00133323
11176,0.000107,5.150607e-07,0.00111468
11177,0.000101,5.144732e-07,0.00096630
11178,0.000105,5.140937e-07,0.00178276
11179,0.000104,5.132802e-07,0.00143164
11180,0.000108,5.125996e-07,0.00118253
11181,0.000153,5.119959e-07,0.00101123
11182,0.000268,5.117568e-07,0.00193787
11183,0.000164,5.108776e-07,0.00154317
11184,0.000166,5.101602e-07,0.00126044
11185,0.000125,5.095363e-07,0.00106363
11186,0.000170,5.094670e-07,0.00211151
11187,0.000158,5.085074e-07,0.00166909
11188,0.000177,5.077446e-07,0.00134943
11189,0.000251,5.070956e-07,0.00112438
11190,0.000172,5.065124e-07,0.00097103
11191,0.000185,5.061738e-07,0.00181077
11192,0.000147,5.053552e-07,0.00145061
11193,0.000140,5.046750e-07,0.00119440
11194,0.000149,5.040749e-07,0.00101760
11195,0.000142,5.038821e-07,0.00196969
11196,0.000171,5.029951e-07,0.00156517
11197,0.000176,5.022764e-07,0.00127468
11198,0.000110,5.016551e-07,0.00107182
11199,0.000104,5.016388e-07,0.00214747
11200,0.000132,5.006679e-07,0.00169438
11201,0.000229,4.999019e-07,0.00136627
11202,0.000155,4.992543e-07,0.00113459
11203,0.000140,4.986751e-07,0.00097616
11204,0.000113,4.983783e-07,0.00183962
11205,0.001672,4.975540e-07,0.00147028
11206,0.000083,4.968738e-07,0.00120683
11207,0.000096,4.962769e-07,0.00102441
11208,0.000107,4.961315e-07,0.00200242
11209,0.000107,4.952359e-07,0.00158791
11210,0.000103,4.945155e-07,0.00128954
11211,0.000101,4.938964e-07,0.00108051
11212,0.000106,4.933359e-07,0.00093891
11213,0.000100,4.929515e-07,0.00172046
11214,0.000114,4.921816e-07,0.00138377
11215,0.000110,4.915350e-07,0.00114533
11216,0.000103,4.909595e-07,0.00098171
11217,0.000105,4.907053e-07,0.00186933
11218,0.000109,4.898748e-07,0.00149065
11219,0.000104,4.891941e-07,0.00121983
11220,0.000104,4.886000e-07,0.00103169
11221,0.000111,4.885033e-07,0.00203607
11222,0.000104,4.875983e-07,0.00161141
11223,0.000117,4.868756e-07,0.00130500
11224,0.000115,4.862583e-07,0.00108968
11225,0.000111,4.857020e-07,0.00094330
11226,0.000105,4.853561e-07,0.00174735
11227,0.000171,4.845819e-07,0.00140192
11228,0.000276,4.839358e-07,0.00115661
11229,0.000155,4.833638e-07,0.00098768
11230,0.000165,4.831532e-07,0.00189991
11231,0.000123,4.823156e-07,0.00151173
11232,0.000168,4.816340e-07,0.00123340
11233,0.000152,4.810425e-07,0.00103942
11234,0.000156,4.809954e-07,0.00207067
11235,0.000154,4.800803e-07,0.00163567
11236,0.000174,4.793548e-07,0.00132109
11237,0.000146,4.787391e-07,0.00109937
11238,0.000108,4.781867e-07,0.00094808
11239,0.000103,4.778800e-07,0.00177506
11240,0.000111,4.771008e-07,0.00142075
11241,0.000124,4.764549e-07,0.00116843
11242,0.001856,4.758861e-07,0.00099409
11243,0.000112,4.757200e-07,0.00193138
11244,0.000104,4.748747e-07,0.00153353
11245,0.000102,4.741916e-07,0.00124757
11246,0.000103,4.736024e-07,0.00104763
11247,0.000099,4.730675e-07,0.00091249
11248,0.000151,4.726801e-07,0.00166070
11249,0.000189,4.719514e-07,0.00133781
11250,0.000146,4.713367e-07,0.00110956
11251,0.000138,4.707881e-07,0.00095327
11252,0.000136,4.705215e-07,0.00180360
11253,0.000145,4.697365e-07,0.00144025
11254,0.000146,4.690904e-07,0.00118081
11255,0.000153,4.685246e-07,0.00100094
11256,0.000141,4.684040e-07,0.00196373
11257,0.000146,4.675502e-07,0.00155606
11258,0.000136,4.668653e-07,0.00126233
11259,0.000148,4.662780e-07,0.00105632
11260,0.000139,4.657473e-07,0.00091657
11261,0.000147,4.653961e-07,0.00168651
11262,0.000147,4.646634e-07,0.00135518
11263,0.000136,4.640496e-07,0.00112028
11264,0.000139,4.635044e-07,0.00095887
11265,0.000146,4.632787e-07,0.00183299
11266,0.000143,4.624874e-07,0.00146044
11267,0.000132,4.618407e-07,0.00119374
11268,0.000152,4.612775e-07,0.00100824
11269,0.000154,4.612035e-07,0.00199700
11270,0.000155,4.603404e-07,0.00157933
11271,0.000259,4.596532e-07,0.00127770
11272,0.000168,4.590675e-07,0.00106549
11273,0.000143,4.585407e-07,0.00092102
11274,0.000153,4.582264e-07,0.00171312
11275,0.000178,4.574893e-07,0.00137319
11276,0.000158,4.568758e-07,0.00113152
11277,0.000152,4.563338e-07,0.00096489
11278,0.000153,4.561499e-07,0.00186323
11279,0.003015,4.553517e-07,0.00148134
11280,0.000150,4.547039e-07,0.00120725
11281,0.000161,4.541430e-07,0.00101599
11282,0.000165,4.541168e-07,0.00203119
11283,0.000145,4.532437e-07,0.00160335
11284,0.000144,4.525536e-07,0.00129368
11285,0.000151,4.519692e-07,0.00107516
11286,0.000138,4.514460e-07,0.00092586
11287,0.000139,4.511693e-07,0.00174054
11288,0.000151,4.504272e-07,0.00139186
11289,0.000143,4.498137e-07,0.00114330
11290,0.000137,4.492747e-07,0.00097133
11291,0.000136,4.491335e-07,0.00189434
11292,0.000143,4.483276e-07,0.00150293
11293,0.000138,4.476783e-07,0.00122134
11294,0.000144,4.471194e-07,0.00102421
11295,0.000154,4.466129e-07,0.00089078
11296,0.000139,4.462582e-07,0.00162812
11297,0.000139,4.455647e-07,0.00131028
11298,0.000151,4.449812e-07,0.00108534
11299,0.000132,4.444615e-07,0.00093110
11300,0.000138,4.442232e-07,0.00176877
11301,0.000145,4.434755e-07,0.00141120
11302,0.000150,4.428616e-07,0.00115562
11303,0.000141,4.423252e-07,0.00097821
11304,0.000185,4.422278e-07,0.00192633
11305,0.000187,4.414135e-07,0.00152525
11306,0.000149,4.407621e-07,0.00123601
11307,0.000155,4.402050e-07,0.00103290
11308,0.000159,4.397023e-07,0.00089492
11309,0.000178,4.393823e-07,0.00165367
11310,0.000149,4.386849e-07,0.00132751
11311,0.000160,4.381020e-07,0.00109603
11312,0.000142,4.375854e-07,0.00093675
11313,0.000108,4.373864e-07,0.00179783
11314,0.000104,4.366324e-07,0.00143122
11315,0.000116,4.360178e-07,0.00116850
11316,0.000104,4.354837e-07,0.00098553
11317,0.000114,4.354311e-07,0.00195921
11318,0.000105,4.346077e-07,0.00154829
11319,0.000100,4.339539e-07,0.00125128
11320,0.000107,4.333981e-07,0.00104207
11321,0.000101,4.328991e-07,0.00089943
11322,0.000104,4.326145e-07,0.00168000
11323,0.000150,4.319125e-07,0.00134539
11324,0.000317,4.313299e-07,0.00110723
11325,0.000353,4.308162e-07,0.00094280
11326,0.000373,4.306573e-07,0.00182774
11327,0.000322,4.298964e-07,0.00145192
11328,0.000572,4.292805e-07,0.00118194
11329,0.000452,4.287485e-07,0.00099329
11330,0.000490,4.287419e-07,0.00199300
11331,0.000392,4.279085e-07,0.00157207
11332,0.000354,4.272518e-07,0.00126715
11333,0.000340,4.266971e-07,0.00105173
11334,0.000324,4.262014e-07,0.00090433
11335,0.000296,4.259529e-07,0.00170713
11336,0.000398,4.252460e-07,0.00136391
11337,0.000457,4.246632e-07,0.00111897
11338,0.000478,4.241521e-07,0.00094928
11339,0.001019,4.240343e-07,0.00185850
11340,0.000467,4.232658e-07,0.00147332
11341,0.000411,4.226483e-07,0.00119594
11342,0.000360,4.221181e-07,0.00100152
11343,0.000308,4.216384e-07,0.00086974
11344,0.000316,4.213145e-07,0.00159660
11345,0.000417,4.206543e-07,0.00128363
11346,0.000319,4.201004e-07,0.00106188
11347,0.000562,4.196078e-07,0.00090962
11348,0.000481,4.193962e-07,0.00173506
11349,0.000507,4.186836e-07,0.00138308
11350,0.000443,4.181003e-07,0.00113124
11351,0.000441,4.175916e-07,0.00095619
11352,0.000495,4.175159e-07,0.00189012
11353,0.000422,4.167390e-07,0.00149543
11354,0.000458,4.161194e-07,0.00121053
11355,0.000554,4.155907e-07,0.00101021
11356,0.000449,4.151146e-07,0.00087394
11357,0.000356,4.148240e-07,0.00162189
11358,0.000382,4.141598e-07,0.00130073
11359,0.003847,4.136062e-07,0.00107254
11360,0.000120,4.131166e-07,0.00091531
11361,0.000117,4.129427e-07,0.00176380
11362,0.000096,4.122239e-07,0.00140292
11363,0.000097,4.116396e-07,0.00114405
11364,0.000093,4.111331e-07,0.00096353
11365,0.000097,4.111004e-07,0.00192263
11366,0.000107,4.103145e-07,0.00151824
11367,0.000093,4.096924e-07,0.00122569
11368,0.000098,4.091649e-07,0.00101938
11369,0.000097,4.086921e-07,0.00087852
11370,0.000107,4.084354e-07,0.00164794
11371,0.000102,4.077667e-07,0.00131846
11372,0.000103,4.072132e-07,0.00108371
11373,0.000102,4.067263e-07,0.00092141
11374,0.000101,4.065909e-07,0.00179337
11375,0.000104,4.058652e-07,0.00142344
11376,0.000106,4.052795e-07,0.00115742
11377,0.000107,4.047749e-07,0.00097131
11378,0.000102,4.043171e-07,0.00084543
11379,0.000102,4.039907e-07,0.00154179
11380,0.000100,4.033656e-07,0.00124145
11381,0.000120,4.028390e-07,0.00102902
11382,0.000305,4.023693e-07,0.00088347
11383,0.000264,4.021472e-07,0.00167478
11384,0.000155,4.014735e-07,0.00133683
11385,0.000266,4.009197e-07,0.00109540
11386,0.000198,4.004352e-07,0.00092792
11387,0.000149,4.003393e-07,0.00182378
11388,0.000139,3.996060e-07,0.00144464
11389,0.000148,3.990186e-07,0.00117134
11390,0.000143,3.985156e-07,0.00097954
11391,0.000139,3.980613e-07,0.00084934
11392,0.000140,3.977662e-07,0.00156607
11393,0.000134,3.971376e-07,0.00125782
11394,0.000180,3.966115e-07,0.00103915
11395,0.000151,3.961447e-07,0.00088881
11396,0.000146,3.959581e-07,0.00170240
11397,0.000160,3.952787e-07,0.00135584
11398,0.000165,3.947242e-07,0.00110762
11399,0.000145,3.942418e-07,0.00093484
11400,0.000147,3.941864e-07,0.00185505
11401,0.000144,3.934449e-07,0.00146654
11402,0.000133,3.928553e-07,0.00118584
11403,0.000151,3.923536e-07,0.00098823
11404,0.000158,3.919025e-07,0.00085360
11405,0.003218,3.916394e-07,0.00159109
11406,0.000216,3.910068e-07,0.00127479
11407,0.000157,3.904809e-07,0.00104978
11408,0.000127,3.900168e-07,0.00089454
11409,0.000235,3.898664e-07,0.00173083
11410,0.000277,3.891808e-07,0.00137551
11411,0.000873,3.886252e-07,0.00112037
11412,0.000150,3.881448e-07,0.00094220
11413,0.000149,3.881307e-07,0.00188718
11414,0.000134,3.873804e-07,0.00148913
11415,0.000142,3.867882e-07,0.00120090
11416,0.000149,3.862874e-07,0.00099739
11417,0.000146,3.858394e-07,0.00085824
11418,0.000142,3.856089e-07,0.00161687
11419,0.000150,3.849717e-07,0.00129238
11420,0.000141,3.844458e-07,0.00106092
11421,0.000144,3.839841e-07,0.00090067
11422,0.000168,3.838707e-07,0.00176007
11423,0.000144,3.831783e-07,0.00139584
11424,0.000139,3.826213e-07,0.00113366
11425,0.000153,3.821425e-07,0.00095000
11426,0.000140,3.817089e-07,0.00082559
11427,0.000140,3.814109e-07,0.00151244
11428,0.000153,3.808157e-07,0.00121655
11429,0.000140,3.803156e-07,0.00100702
11430,0.000135,3.798705e-07,0.00086324
11431,0.000132,3.796732e-07,0.00164342
11432,0.000587,3.790310e-07,0.00131059
11433,0.000157,3.785046e-07,0.00107256
11434,0.000134,3.780451e-07,0.00090720
11435,0.000178,3.779696e-07,0.00179014
11436,0.000130,3.772698e-07,0.00141684
11437,0.000126,3.767109e-07,0.00114750
11438,0.000293,3.762335e-07,0.00095823
11439,0.000152,3.758031e-07,0.00082956
11440,0.000144,3.755352e-07,0.00153647
11441,0.000171,3.749364e-07,0.00123279
11442,0.000188,3.744367e-07,0.00101713
11443,0.000151,3.739943e-07,0.00086862
11444,0.000160,3.738310e-07,0.00167075
11445,0.000142,3.731832e-07,0.00132944
11446,0.000184,3.726559e-07,0.00108472
11447,0.000197,3.721984e-07,0.00091416
11448,0.002457,3.721618e-07,0.00182105
11449,0.000134,3.714539e-07,0.00143853
11450,0.000164,3.708927e-07,0.00116190
11451,0.000140,3.704164e-07,0.00096692
11452,0.000164,3.699891e-07,0.00083389
11453,0.000180,3.697518e-07,0.00156124
11454,0.000367,3.691489e-07,0.00124964
11455,0.000253,3.686493e-07,0.00102772
11456,0.000396,3.682093e-07,0.00087439
11457,0.000243,3.680808e-07,0.00169886
11458,0.000224,3.674268e-07,0.00134893
11459,0.000319,3.668984e-07,0.00109740
11460,0.000288,3.664425e-07,0.00092153
11461,0.000215,3.660287e-07,0.00080265
11462,0.000178,3.657291e-07,0.00146091
11463,0.000317,3.651653e-07,0.00117687
11464,0.000159,3.646897e-07,0.00097607
11465,0.000195,3.642653e-07,0.00083857
11466,0.000153,3.640593e-07,0.00158675
11467,0.001710,3.634519e-07,0.00126708
11468,0.000175,3.629520e-07,0.00103882
11469,0.000146,3.625142e-07,0.00088055
11470,0.000128,3.624213e-07,0.00172778
11471,0.000160,3.617606e-07,0.00136908
11472,0.000316,3.612306e-07,0.00111062
11473,0.000162,3.607762e-07,0.00092933
11474,0.000264,3.603655e-07,0.00080635
11475,0.000143,3.600942e-07,0.00148398
11476,0.000189,3.595272e-07,0.00119241
11477,0.000140,3.590522e-07,0.00098568
11478,0.000125,3.586304e-07,0.00084362
11479,0.000107,3.584563e-07,0.00161301
11480,0.000097,3.578439e-07,0.00128515
11481,0.000097,3.573434e-07,0.00105041
11482,0.000100,3.569076e-07,0.00088712
11483,0.000097,3.568512e-07,0.00175750
11484,0.000098,3.561831e-07,0.00138989
11485,0.000100,3.556511e-07,0.00112438
11486,0.000101,3.551979e-07,0.00093757
11487,0.000102,3.547902e-07,0.00081038
11488,0.002144,3.545477e-07,0.00150777
11489,0.000136,3.539772e-07,0.00120853
11490,0.000144,3.535024e-07,0.00099577
11491,0.000132,3.530830e-07,0.00084905
11492,0.000142,3.529416e-07,0.00164004
11493,0.000132,3.523236e-07,0.00130383
11494,0.000132,3.518222e-07,0.00106251
11495,0.000138,3.513881e-07,0.00089409
11496,0.000133,3.513691e-07,0.00178805
11497,0.000136,3.506930e-07,0.00141136
11498,0.000135,3.501587e-07,0.00113869
11499,0.000145,3.497064e-07,0.00094626
11500,0.000189,3.493015e-07,0.00081476
11501,0.000141,3.490884e-07,0.00153228
11502,0.000138,3.485138e-07,0.00122524
11503,0.000121,3.480390e-07,0.00100633
11504,0.000120,3.476217e-07,0.00085485
11505,0.000132,3.475138e-07,0.00166784
11506,0.000119,3.468897e-07,0.00132315
11507,0.000124,3.463870e-07,0.00107513
11508,0.000130,3.459544e-07,0.00090148
11509,0.000125,3.455624e-07,0.00078392
11510,0.000135,3.452890e-07,0.00143352
11511,0.000141,3.447520e-07,0.00115356
11512,0.000136,3.443003e-07,0.00095539
11513,0.000286,3.438980e-07,0.00081949
11514,0.000266,3.437150e-07,0.00155752
11515,0.000141,3.431358e-07,0.00124255
11516,0.000270,3.426606e-07,0.00101738
11517,0.000235,3.422454e-07,0.00086105
11518,0.000142,3.421716e-07,0.00169643
11519,0.000128,3.415408e-07,0.00134311
11520,0.000128,3.410365e-07,0.00108828
11521,0.000167,3.406052e-07,0.00090929
11522,0.000133,3.402161e-07,0.00078768
11523,0.000131,3.399698e-07,0.00145636
11524,0.000142,3.394296e-07,0.00116899
11525,0.000135,3.389783e-07,0.00096498
11526,0.000136,3.385784e-07,0.00082459
11527,0.000135,3.384261e-07,0.00158349
11528,0.000204,3.378419e-07,0.00126046
11529,0.002074,3.373660e-07,0.00102892
11530,0.000127,3.369525e-07,0.00086764
11531,0.000158,3.369139e-07,0.00172582
11532,0.000143,3.362758e-07,0.00136372
11533,0.000154,3.357694e-07,0.00110196
11534,0.000144,3.353391e-07,0.00091753
11535,0.000227,3.349528e-07,0.00079177
11536,0.000146,3.347342e-07,0.00147991
11537,0.000147,3.341904e-07,0.00118498
11538,0.000222,3.337392e-07,0.00097504
11539,0.000359,3.333415e-07,0.00083005
11540,0.000189,3.332205e-07,0.00161023
11541,0.000222,3.326308e-07,0.00127898
11542,0.000160,3.321538e-07,0.00104097
11543,0.000159,3.317419e-07,0.00087463
11544,0.000195,3.317392e-07,0.00175602
11545,0.000151,3.310933e-07,0.00138499
11546,0.000112,3.305845e-07,0.00111617
11547,0.000120,3.301550e-07,0.00092621
11548,0.000282,3.297712e-07,0.00079620
11549,0.000284,3.295808e-07,0.00150416
11550,0.000365,3.290330e-07,0.00120156
11551,0.000138,3.285815e-07,0.00098557
11552,0.000221,3.281859e-07,0.00083590
11553,0.000144,3.280970e-07,0.00163772
11554,0.000167,3.275013e-07,0.00129813
11555,0.000138,3.270229e-07,0.00105352
11556,0.000233,3.266123e-07,0.00088203
11557,0.000181,3.262410e-07,0.00076575
11558,0.000223,3.259921e-07,0.00140693
11559,0.000181,3.254805e-07,0.00113093
11560,0.000137,3.250514e-07,0.00093533
11561,0.000141,3.246701e-07,0.00080098
11562,0.000120,3.245085e-07,0.00152913
11563,0.000141,3.239562e-07,0.00121873
11564,0.000145,3.235042e-07,0.00099658
11565,0.000170,3.231104e-07,0.00084212
11566,0.000218,3.230545e-07,0.00166599
11567,0.000205,3.224521e-07,0.00131790
11568,0.002507,3.219720e-07,0.00106659
11569,0.000165,3.215625e-07,0.00088984
11570,0.000132,3.211939e-07,0.00076956
11571,0.000168,3.209710e-07,0.00142954
11572,0.000173,3.204562e-07,0.00114625
11573,0.000146,3.200273e-07,0.00094490
11574,0.000141,3.196482e-07,0.00080612
11575,0.000183,3.195161e-07,0.00155483
11576,0.000175,3.189588e-07,0.00123649
11577,0.000152,3.185060e-07,0.00100807
11578,0.000273,3.181137e-07,0.00084873
11579,0.000150,3.180916e-07,0.00169504
11580,0.000132,3.174820e-07,0.00133832
11581,0.000186,3.169998e-07,0.00108018
11582,0.000157,3.165912e-07,0.00089808
11583,0.000132,3.162251e-07,0.00077371
11584,0.000130,3.160287e-07,0.00145284
11585,0.000136,3.155103e-07,0.00116212
11586,0.000129,3.150814e-07,0.00095493
11587,0.000131,3.147043e-07,0.00081163
11588,0.000131,3.146024e-07,0.00158126
11589,0.000126,3.140395e-07,0.00125485
11590,0.000122,3.135856e-07,0.00102006
11591,0.000122,3.131947e-07,0.00085574
11592,0.000131,3.128403e-07,0.00074456
11593,0.000130,3.125899e-07,0.00135938
11594,0.000127,3.121052e-07,0.00109430
11595,0.000141,3.116972e-07,0.00090675
11596,0.000129,3.113335e-07,0.00077819
11597,0.000131,3.111642e-07,0.00147684
11598,0.000129,3.106417e-07,0.00117857
11599,0.000145,3.102125e-07,0.00096542
11600,0.000136,3.098372e-07,0.00081750
11601,0.000148,3.097662e-07,0.00160845
11602,0.000135,3.091973e-07,0.00127382
11603,0.000137,3.087420e-07,0.00103254
11604,0.000143,3.083522e-07,0.00086315
11605,0.000134,3.080004e-07,0.00074811
11606,0.000143,3.077745e-07,0.00138110
11607,0.000144,3.072870e-07,0.00110896
11608,0.000141,3.068793e-07,0.00091586
11609,0.002040,3.065178e-07,0.00078302
11610,0.000125,3.063763e-07,0.00150154
11611,0.000173,3.058493e-07,0.00119559
11612,0.000131,3.054194e-07,0.00097638
11613,0.000124,3.050457e-07,0.00082375
11614,0.000127,3.050064e-07,0.00163640
11615,0.000133,3.044310e-07,0.00129341
11616,0.000131,3.039738e-07,0.00104553
11617,0.000127,3.035850e-07,0.00087097
11618,0.000137,3.032357e-07,0.00075198
11619,0.000129,3.030347e-07,0.00140348
11620,0.000126,3.025440e-07,0.00112416
11621,0.000213,3.021364e-07,0.00092540
11622,0.000194,3.017769e-07,0.00078820
11623,0.000146,3.016637e-07,0.00152696
11624,0.000213,3.011317e-07,0.00121320
11625,0.000156,3.007010e-07,0.00098782
11626,0.000135,3.003287e-07,0.00083038
11627,0.000144,3.003219e-07,0.00166512
11628,0.000143,2.997393e-07,0.00131363
11629,0.000135,2.992800e-07,0.00105904
11630,0.000143,2.988919e-07,0.00087920
11631,0.000140,2.985449e-07,0.00075618
11632,0.000141,2.983695e-07,0.00142654
11633,0.000138,2.978751e-07,0.00113992
11634,0.000144,2.974673e-07,0.00093540
11635,0.000137,2.971096e-07,0.00079374
11636,0.000442,2.970255e-07,0.00155311
11637,0.000167,2.964881e-07,0.00123140
11638,0.000170,2.960561e-07,0.00099975
11639,0.000168,2.956850e-07,0.00083740
11640,0.000147,2.953492e-07,0.00072738
11641,0.000135,2.951213e-07,0.00133449
11642,0.000138,2.946595e-07,0.00107306
11643,0.000145,2.942718e-07,0.00088786
11644,0.000135,2.939270e-07,0.00076071
11645,0.000132,2.937776e-07,0.00145028
11646,0.000143,2.932791e-07,0.00115623
11647,0.000143,2.928709e-07,0.00094585
11648,0.002142,2.925149e-07,0.00079964
11649,0.000130,2.924605e-07,0.00157999
11650,0.000151,2.919171e-07,0.00125020
11651,0.000144,2.914835e-07,0.00101216
11652,0.000146,2.911135e-07,0.00084482
11653,0.000144,2.907802e-07,0.00073099
11654,0.000154,2.905757e-07,0.00135599
11655,0.000136,2.901110e-07,0.00108762
11656,0.000200,2.897236e-07,0.00089695
11657,0.000107,2.893808e-07,0.00076559
11658,0.000182,2.892580e-07,0.00147472
11659,0.000187,2.887551e-07,0.00117311
11660,0.000153,2.883461e-07,0.00095677
11661,0.000141,2.879915e-07,0.00080591
11662,0.000227,2.879676e-07,0.00160762
11663,0.000106,2.874178e-07,0.00126960
11664,0.000103,2.869823e-07,0.00102508
11665,0.000120,2.866131e-07,0.00085264
11666,0.000100,2.862820e-07,0.00073492
11667,0.000130,2.861016e-07,0.00137814
11668,0.000128,2.856336e-07,0.00110271
11669,0.000131,2.852461e-07,0.00090647
11670,0.000126,2.849052e-07,0.00077080
11671,0.000115,2.848097e-07,0.00149986
11672,0.000105,2.843018e-07,0.00119057
11673,0.000098,2.838918e-07,0.00096815
11674,0.000101,2.835385e-07,0.00081256
11675,0.000104,2.832179e-07,0.00070733
11676,0.000112,2.829890e-07,0.00128963
11677,0.000108,2.825513e-07,0.00103849
11678,0.000111,2.821826e-07,0.00086087
11679,0.000110,2.818537e-07,0.00073917
11680,0.000110,2.816978e-07,0.00140096
11681,0.000107,2.812262e-07,0.00111834
11682,0.000095,2.808384e-07,0.00091643
11683,0.000099,2.804991e-07,0.00077637
11684,0.000104,2.804315e-07,0.00152572
11685,0.000105,2.799182e-07,0.00120860
11686,0.001842,2.795069e-07,0.00098002
11687,0.000091,2.791547e-07,0.00081959
11688,0.000104,2.788365e-07,0.00071070
11689,0.000094,2.786297e-07,0.00131028
11690,0.000093,2.781895e-07,0.00105242
11691,0.000098,2.778211e-07,0.00086951
11692,0.000092,2.774942e-07,0.00074374
11693,0.000098,2.773633e-07,0.00142445
11694,0.000102,2.768876e-07,0.00113452
11695,0.000100,2.764993e-07,0.00092685
11696,0.000112,2.761615e-07,0.00078230
11697,0.000156,2.761225e-07,0.00155230
11698,0.000144,2.756033e-07,0.00122723
11699,0.000130,2.751904e-07,0.00099236
11700,0.000097,2.748390e-07,0.00082702
11701,0.000100,2.745231e-07,0.00071437
11702,0.000098,2.743388e-07,0.00133156
11703,0.000093,2.738957e-07,0.00106687
11704,0.000110,2.735274e-07,0.00087858
11705,0.000099,2.732024e-07,0.00074865
11706,0.000094,2.730971e-07,0.00144862
11707,0.000097,2.726169e-07,0.00115125
11708,0.000094,2.722278e-07,0.00093771
11709,0.000093,2.718913e-07,0.00078859
11710,0.000103,2.718816e-07,0.00157961
11711,0.000096,2.713560e-07,0.00124645
11712,0.000226,2.709412e-07,0.00100519
11713,0.000225,2.705904e-07,0.00083483
11714,0.000141,2.702766e-07,0.00071834
11715,0.000134,2.701154e-07,0.00135349
11716,0.000148,2.696690e-07,0.00108184
11717,0.000196,2.693006e-07,0.00088807
11718,0.000142,2.689772e-07,0.00075391
11719,0.000191,2.688981e-07,0.00147349
11720,0.000159,2.684131e-07,0.00116855
11721,0.000167,2.680228e-07,0.00094904
11722,0.002122,2.676874e-07,0.00079526
11723,0.000125,2.673837e-07,0.00069108
11724,0.000131,2.671753e-07,0.00126628
11725,0.000137,2.667583e-07,0.00101852
11726,0.000144,2.664079e-07,0.00084306
11727,0.000138,2.660961e-07,0.00072264
11728,0.000138,2.659584e-07,0.00137607
11729,0.000137,2.655084e-07,0.00109735
11730,0.000145,2.651396e-07,0.00089800
11731,0.000138,2.648177e-07,0.00075951
11732,0.000146,2.647654e-07,0.00149905
11733,0.000146,2.642750e-07,0.00118643
11734,0.000143,2.638834e-07,0.00096084
11735,0.000139,2.635489e-07,0.00080230
11736,0.000147,2.632474e-07,0.00069450
11737,0.000142,2.630603e-07,0.00128672
11738,0.000143,2.626406e-07,0.00103235
11739,0.000150,2.622905e-07,0.00085168
11740,0.000133,2.619805e-07,0.00072726
11741,0.000106,2.618669e-07,0.00139931
11742,0.000185,2.614128e-07,0.00111340
11743,0.000195,2.610433e-07,0.00090837
11744,0.000131,2.607228e-07,0.00076546
11745,0.000104,2.606980e-07,0.00152534
11746,0.000106,2.602018e-07,0.00120488
11747,0.000134,2.598085e-07,0.00097311
11748,0.000133,2.594747e-07,0.00080972
11749,0.000130,2.591753e-07,0.00069822
11750,0.000135,2.590099e-07,0.00130779
11751,0.000122,2.585873e-07,0.00104670
11752,0.000110,2.582371e-07,0.00086073
11753,0.000129,2.579288e-07,0.00073221
11754,0.000191,2.578398e-07,0.00142322
11755,0.000307,2.573813e-07,0.00112999
11756,0.000169,2.570109e-07,0.00091919
11757,0.000149,2.566915e-07,0.00077177
11758,0.000214,2.564015e-07,0.00067210
11759,0.000160,2.561925e-07,0.00122392
11760,0.002767,2.557972e-07,0.00098586
11761,0.000204,2.554639e-07,0.00081754
11762,0.000201,2.551665e-07,0.00070225
11763,0.000180,2.550231e-07,0.00132949
11764,0.000195,2.545973e-07,0.00106155
11765,0.000195,2.542469e-07,0.00087019
11766,0.000221,2.539401e-07,0.00073749
11767,0.000157,2.538763e-07,0.00144781
11768,0.000141,2.534129e-07,0.00114714
11769,0.000190,2.530413e-07,0.00093046
11770,0.000193,2.527229e-07,0.00077844
11771,0.000197,2.524351e-07,0.00067529
11772,0.000144,2.522460e-07,0.00124355
11773,0.000179,2.518484e-07,0.00099910
11774,0.000196,2.515155e-07,0.00082575
11775,0.000210,2.512199e-07,0.00070659
11776,0.000153,2.510991e-07,0.00135183
11777,0.000164,2.506696e-07,0.00107694
11778,0.000187,2.503187e-07,0.00088009
11779,0.000216,2.500133e-07,0.00074312
11780,0.000161,2.499753e-07,0.00147309
11781,0.000147,2.495066e-07,0.00116485
11782,0.000189,2.491336e-07,0.00094219
11783,0.000184,2.488159e-07,0.00078549
11784,0.000349,2.485302e-07,0.00067877
11785,0.000152,2.483615e-07,0.00126379
11786,0.000149,2.479614e-07,0.00101283
11787,0.000164,2.476285e-07,0.00083436
11788,0.000135,2.473345e-07,0.00071125
11789,0.000142,2.472370e-07,0.00137482
11790,0.000135,2.468034e-07,0.00109285
11791,0.000144,2.464518e-07,0.00089041
11792,0.000139,2.461475e-07,0.00074909
11793,0.000133,2.461360e-07,0.00149907
11794,0.000138,2.456616e-07,0.00118313
11795,0.000136,2.452869e-07,0.00095439
11796,0.000140,2.449698e-07,0.00079292
11797,0.000137,2.446860e-07,0.00068254
11798,0.000154,2.445381e-07,0.00128465
11799,0.000146,2.441350e-07,0.00102707
11800,0.000139,2.438020e-07,0.00084338
11801,0.000137,2.435095e-07,0.00071624
11802,0.001994,2.434357e-07,0.00139847
11803,0.000090,2.429977e-07,0.00110930
11804,0.000084,2.426451e-07,0.00090118
11805,0.000111,2.423418e-07,0.00075542
11806,0.000095,2.420671e-07,0.00065672
11807,0.000093,2.418769e-07,0.00120198
11808,0.000239,2.415001e-07,0.00096706
11809,0.000119,2.411834e-07,0.00080072
11810,0.000103,2.409014e-07,0.00068662
11811,0.000096,2.407748e-07,0.00130612
11812,0.000096,2.403684e-07,0.00104181
11813,0.000103,2.400351e-07,0.00085281
11814,0.000095,2.397440e-07,0.00072155
11815,0.000102,2.396943e-07,0.00142279
11816,0.000138,2.392515e-07,0.00112629
11817,0.000126,2.388977e-07,0.00091239
11818,0.000104,2.385953e-07,0.00076211
11819,0.000103,2.383226e-07,0.00065996
11820,0.000099,2.381515e-07,0.00122142
11821,0.000104,2.377724e-07,0.00098020
11822,0.000101,2.374559e-07,0.00080892
11823,0.000095,2.371756e-07,0.00069100
11824,0.000101,2.370707e-07,0.00132822
11825,0.000102,2.366607e-07,0.00105706
11826,0.000098,2.363268e-07,0.00086267
11827,0.000097,2.360369e-07,0.00072720
11828,0.000096,2.360121e-07,0.00144778
11829,0.000108,2.355641e-07,0.00114384
11830,0.000102,2.352087e-07,0.00092405
11831,0.000098,2.349070e-07,0.00076916
11832,0.000105,2.346362e-07,0.00066349
11833,0.000097,2.344847e-07,0.00124146
11834,0.000098,2.341030e-07,0.00099384
11835,0.000107,2.337865e-07,0.00081751
11836,0.000098,2.335077e-07,0.00069570
11837,0.000108,2.334251e-07,0.00135096
11838,0.000113,2.330110e-07,0.00107284
11839,0.000097,2.326763e-07,0.00087295
11840,0.000107,2.323874e-07,0.00073319
11841,0.000111,2.321251e-07,0.00063874
11842,0.001830,2.319344e-07,0.00116194
11843,0.000099,2.315773e-07,0.00093617
11844,0.000089,2.312760e-07,0.00077658
11845,0.000141,2.310070e-07,0.00066731
11846,0.000135,2.308755e-07,0.00126210
11847,0.000125,2.304909e-07,0.00100796
11848,0.000124,2.301741e-07,0.00082651
11849,0.000113,2.298967e-07,0.00070071
11850,0.000149,2.298369e-07,0.00137435
11851,0.000331,2.294184e-07,0.00108915
11852,0.000165,2.290826e-07,0.00088366
11853,0.000153,2.287947e-07,0.00073953
11854,0.000103,2.285344e-07,0.00064177
11855,0.000102,2.283618e-07,0.00118062
11856,0.000097,2.280026e-07,0.00094876
11857,0.000098,2.277015e-07,0.00078438
11858,0.000134,2.274342e-07,0.00067143
11859,0.000130,2.273232e-07,0.00128334
11860,0.000111,2.269352e-07,0.00102259
11861,0.000117,2.266180e-07,0.00083591
11862,0.000110,2.263418e-07,0.00070606
11863,0.000119,2.263053e-07,0.00139840
11864,0.000107,2.258821e-07,0.00110599
11865,0.000116,2.255450e-07,0.00089481
11866,0.000151,2.252578e-07,0.00074623
11867,0.000115,2.249993e-07,0.00064507
11868,0.000121,2.248452e-07,0.00119986
11869,0.000111,2.244836e-07,0.00096181
11870,0.000113,2.241827e-07,0.00079256
11871,0.000108,2.239168e-07,0.00067585
11872,0.000105,2.238267e-07,0.00130521
11873,0.000110,2.234351e-07,0.00103772
11874,0.000103,2.231173e-07,0.00084572
11875,0.000094,2.228421e-07,0.00071173
11876,0.000100,2.228296e-07,0.00142311
11877,0.000109,2.224012e-07,0.00112337
11878,0.000148,2.220626e-07,0.00090640
11879,0.002086,2.217759e-07,0.00075328
11880,0.000151,2.215192e-07,0.00064864
11881,0.000176,2.213838e-07,0.00121969
11882,0.000160,2.210196e-07,0.00097535
11883,0.000145,2.207186e-07,0.00080113
11884,0.000180,2.204541e-07,0.00068058
11885,0.000181,2.203854e-07,0.00132770
11886,0.000148,2.199898e-07,0.00105336
11887,0.000299,2.196711e-07,0.00085595
11888,0.000147,2.193969e-07,0.00071774
11889,0.000140,2.191484e-07,0.00062417
11890,0.000147,2.189749e-07,0.00114130
11891,0.000157,2.186344e-07,0.00091844
11892,0.000147,2.183481e-07,0.00076070
11893,0.000143,2.180930e-07,0.00065251
11894,0.000164,2.179769e-07,0.00124012
11895,0.000158,2.176097e-07,0.00098936
11896,0.000146,2.173084e-07,0.00081010
11897,0.000153,2.170451e-07,0.00068563
11898,0.000151,2.169984e-07,0.00135083
11899,0.000140,2.165984e-07,0.00106952
11900,0.000151,2.162786e-07,0.00086661
11901,0.000141,2.160052e-07,0.00072409
11902,0.000141,2.157585e-07,0.00062724
11903,0.000154,2.156024e-07,0.00115979
11904,0.000153,2.152598e-07,0.00093094
11905,0.000147,2.149737e-07,0.00076848
11906,0.000147,2.147201e-07,0.00065667
11907,0.000150,2.146236e-07,0.00126114
11908,0.000145,2.142532e-07,0.00100387
11909,0.000148,2.139513e-07,0.00081946
11910,0.000161,2.136892e-07,0.00069099
11911,0.000147,2.136649e-07,0.00137461
11912,0.000143,2.132602e-07,0.00108620
11913,0.000149,2.129391e-07,0.00087769
11914,0.000146,2.126662e-07,0.00073078
11915,0.002451,2.124212e-07,0.00063059
11916,0.000146,2.122828e-07,0.00117885
11917,0.000139,2.119379e-07,0.00094391
11918,0.000176,2.116517e-07,0.00077665
11919,0.000502,2.113995e-07,0.00066113
11920,0.000153,2.113232e-07,0.00128277
11921,0.000178,2.109491e-07,0.00101887
11922,0.000173,2.106465e-07,0.00082923
11923,0.000156,2.103853e-07,0.00069669
11924,0.000189,2.103841e-07,0.00139905
11925,0.000182,2.099743e-07,0.00110342
11926,0.000153,2.096515e-07,0.00088922
11927,0.000137,2.093791e-07,0.00073784
11928,0.000145,2.091357e-07,0.00063422
11929,0.000157,2.090154e-07,0.00119847
11930,0.000156,2.086678e-07,0.00095734
11931,0.000143,2.083815e-07,0.00078520
11932,0.000172,2.081305e-07,0.00066589
11933,0.000177,2.080748e-07,0.00130502
11934,0.000187,2.076967e-07,0.00103437
11935,0.000155,2.073932e-07,0.00083941
11936,0.000195,2.071328e-07,0.00070271
11937,0.000218,2.068973e-07,0.00061000
11938,0.000231,2.067399e-07,0.00112118
11939,0.000159,2.064153e-07,0.00090118
11940,0.000120,2.061431e-07,0.00074525
11941,0.000119,2.059013e-07,0.00063813
11942,0.000119,2.057994e-07,0.00121868
11943,0.000116,2.054489e-07,0.00097124
11944,0.000108,2.051622e-07,0.00079413
11945,0.000100,2.049123e-07,0.00067096
11946,0.000107,2.048777e-07,0.00132789
11947,0.000121,2.044953e-07,0.00105039
11948,0.000119,2.041907e-07,0.00085001
11949,0.000122,2.039309e-07,0.00070907
11950,0.000127,2.036971e-07,0.00061313
11951,0.000140,2.035564e-07,0.00113949
11952,0.000149,2.032296e-07,0.00091360
11953,0.000323,2.029575e-07,0.00075302
11954,0.002269,2.027170e-07,0.00064233
11955,0.000155,2.026341e-07,0.00123948
11956,0.000159,2.022803e-07,0.00098563
11957,0.000145,2.019930e-07,0.00080346
11958,0.000158,2.017441e-07,0.00067635
11959,0.000167,2.017311e-07,0.00135140
11960,0.000173,2.013441e-07,0.00106692
11961,0.000167,2.010380e-07,0.00086103
11962,0.000162,2.007787e-07,0.00071577
11963,0.000144,2.005465e-07,0.00061653
11964,0.000154,2.004228e-07,0.00115835
11965,0.000157,2.000937e-07,0.00092646
11966,0.000170,1.998215e-07,0.00076117
11967,0.000166,1.995822e-07,0.00064682
11968,0.000224,1.995187e-07,0.00126088
11969,0.000149,1.991612e-07,0.00100050
11970,0.000156,1.988731e-07,0.00081318
11971,0.000186,1.986251e-07,0.00068206
11972,0.000151,1.984003e-07,0.00059332
11973,0.000159,1.982422e-07,0.00108398
11974,0.000154,1.979345e-07,0.00087249
11975,0.000148,1.976756e-07,0.00072282
11976,0.000143,1.974448e-07,0.00062020
11977,0.000165,1.973385e-07,0.00117778
11978,0.000164,1.970067e-07,0.00093979
11979,0.000157,1.967343e-07,0.00076969
11980,0.000149,1.964961e-07,0.00065161
11981,0.000161,1.964524e-07,0.00128288
11982,0.000171,1.960910e-07,0.00101587
11983,0.000183,1.958019e-07,0.00082331
11984,0.000192,1.955546e-07,0.00068809
11985,0.000154,1.953314e-07,0.00059624
11986,0.000158,1.951891e-07,0.00110156
11987,0.000180,1.948795e-07,0.00088437
11988,0.000271,1.946207e-07,0.00073022
11989,0.000482,1.943913e-07,0.00062415
11990,0.000147,1.943028e-07,0.00119777
11991,0.000142,1.939680e-07,0.00095358
11992,0.000154,1.936951e-07,0.00077859
11993,0.000192,1.934580e-07,0.00065671
11994,0.000154,1.934345e-07,0.00130550
11995,0.004079,1.930689e-07,0.00103174
11996,0.000156,1.927786e-07,0.00083385
11997,0.000177,1.925318e-07,0.00069446
11998,0.000168,1.923102e-07,0.00059941
11999,0.000161,1.921839e-07,0.00111969
12000,0.000157,1.918721e-07,0.00089669
12001,0.000174,1.916134e-07,0.00073798
12002,0.000178,1.913852e-07,0.00062838
12003,0.000172,1.913149e-07,0.00121835
12004,0.000156,1.909769e-07,0.00096785
12005,0.000150,1.907033e-07,0.00078788
12006,0.000148,1.904670e-07,0.00066211
12007,0.000155,1.904644e-07,0.00132874
12008,0.000153,1.900942e-07,0.00104812
12009,0.000156,1.898024e-07,0.00084481
12010,0.000265,1.895560e-07,0.00070116
12011,0.000168,1.893359e-07,0.00060286
12012,0.000157,1.892259e-07,0.00113835
12013,0.000160,1.889118e-07,0.00090947
12014,0.000181,1.886528e-07,0.00074610
12015,0.000198,1.884258e-07,0.00063290
12016,0.000178,1.883741e-07,0.00123951
12017,0.000160,1.880325e-07,0.00098260
12018,0.000169,1.877581e-07,0.00079756
12019,0.000166,1.875225e-07,0.00066783
12020,0.000182,1.873095e-07,0.00057989
12021,0.000144,1.871661e-07,0.00106501
12022,0.000113,1.868727e-07,0.00085619
12023,0.000121,1.866265e-07,0.00070820
12024,0.000148,1.864077e-07,0.00060657
12025,0.000285,1.863144e-07,0.00115758
12026,0.000161,1.859976e-07,0.00092269
12027,0.000147,1.857384e-07,0.00075459
12028,0.000174,1.855124e-07,0.00063772
12029,0.000187,1.854797e-07,0.00126127
12030,0.000143,1.851342e-07,0.00099783
12031,0.000146,1.848588e-07,0.00080763
12032,0.000146,1.846238e-07,0.00067388
12033,0.000150,1.844123e-07,0.00058286
12034,0.000154,1.842840e-07,0.00108242
12035,0.002090,1.839887e-07,0.00086799
12036,0.000124,1.837426e-07,0.00071559
12037,0.000113,1.835250e-07,0.00061056
12038,0.000145,1.834489e-07,0.00117736
12039,0.000130,1.831291e-07,0.00093637
12040,0.000129,1.828693e-07,0.00076346
12041,0.000142,1.826442e-07,0.00064284
12042,0.000131,1.826311e-07,0.00128363
12043,0.000136,1.822814e-07,0.00101355
12044,0.000138,1.820047e-07,0.00081811
12045,0.000128,1.817702e-07,0.00068024
12046,0.000135,1.815601e-07,0.00058608
12047,0.000137,1.814472e-07,0.00110036
12048,0.000131,1.811497e-07,0.00088022
12049,0.000155,1.809036e-07,0.00072333
12050,0.000144,1.806871e-07,0.00061482
12051,0.000141,1.806284e-07,0.00119771
12052,0.000137,1.803054e-07,0.00095052
12053,0.000149,1.800449e-07,0.00077271
12054,0.000145,1.798206e-07,0.00064826
12055,0.000147,1.796171e-07,0.00056406
12056,0.000143,1.794733e-07,0.00102977
12057,0.000140,1.791951e-07,0.00082900
12058,0.000137,1.789609e-07,0.00068694
12059,0.000136,1.787521e-07,0.00058957
12060,0.000148,1.786550e-07,0.00111884
12061,0.000139,1.783551e-07,0.00089290
12062,0.000140,1.781087e-07,0.00073143
12063,0.000164,1.778933e-07,0.00061937
12064,0.000134,1.778525e-07,0.00121865
12065,0.000144,1.775260e-07,0.00096513
12066,0.000216,1.772646e-07,0.00078234
12067,0.000205,1.770408e-07,0.00065400
12068,0.000148,1.768389e-07,0.00056683
12069,0.000159,1.767092e-07,0.00104650
12070,0.000145,1.764294e-07,0.00084030
12071,0.000155,1.761953e-07,0.00069398
12072,0.000201,1.759878e-07,0.00059332
12073,0.000251,1.759067e-07,0.00113786
12074,0.000192,1.756041e-07,0.00090602
12075,0.002115,1.753573e-07,0.00073989
12076,0.000115,1.751428e-07,0.00062422
12077,0.000110,1.751204e-07,0.00124016
12078,0.000170,1.747900e-07,0.00098023
12079,0.000186,1.745275e-07,0.00079236
12080,0.000179,1.743043e-07,0.00066004
12081,0.000179,1.741038e-07,0.00056985
12082,0.000169,1.739886e-07,0.00106374
12083,0.000501,1.737068e-07,0.00085202
12084,0.000194,1.734728e-07,0.00070135
12085,0.000170,1.732664e-07,0.00059734
12086,0.000170,1.732017e-07,0.00115743
12087,0.000165,1.728962e-07,0.00091958
12088,0.000173,1.726488e-07,0.00074872
12089,0.000167,1.724351e-07,0.00062935
12090,0.000166,1.724316e-07,0.00126227
12091,0.000193,1.720970e-07,0.00099580
12092,0.000170,1.718332e-07,0.00080278
12093,0.000191,1.716103e-07,0.00066641
12094,0.000229,1.714111e-07,0.00057312
12095,0.000194,1.713107e-07,0.00108150
12096,0.000140,1.710268e-07,0.00086417
12097,0.000193,1.707926e-07,0.00070908
12098,0.000146,1.705872e-07,0.00060164
12099,0.000143,1.705394e-07,0.00117756
12100,0.000213,1.702306e-07,0.00093361
12101,0.000262,1.699825e-07,0.00075793
12102,0.000143,1.697694e-07,0.00063479
12103,0.000162,1.695766e-07,0.00055132
12104,0.000544,1.694462e-07,0.00101187
12105,0.000195,1.691809e-07,0.00081359
12106,0.000162,1.689582e-07,0.00067311
12107,0.000144,1.687603e-07,0.00057665
12108,0.000170,1.686750e-07,0.00109978
12109,0.000164,1.683886e-07,0.00087674
12110,0.000192,1.681541e-07,0.00071715
12111,0.000171,1.679497e-07,0.00060621
12112,0.000188,1.679191e-07,0.00119826
12113,0.000211,1.676068e-07,0.00094810
12114,0.000193,1.673578e-07,0.00076751
12115,0.000191,1.671452e-07,0.00064053
12116,0.002636,1.669538e-07,0.00055414
12117,0.000099,1.668370e-07,0.00102843
12118,0.000086,1.665700e-07,0.00082482
12119,0.000113,1.663474e-07,0.00068013
12120,0.000129,1.661506e-07,0.00058043
12121,0.000098,1.660807e-07,0.00111860
12122,0.000089,1.657917e-07,0.00088975
12123,0.000097,1.655568e-07,0.00072558
12124,0.000091,1.653531e-07,0.00061108
12125,0.000092,1.653402e-07,0.00121954
12126,0.000097,1.650241e-07,0.00096305
12127,0.000090,1.647739e-07,0.00077747
12128,0.000092,1.645618e-07,0.00064658
12129,0.000097,1.643717e-07,0.00055721
12130,0.000108,1.642688e-07,0.00104550
12131,0.000095,1.639998e-07,0.00083645
12132,0.000093,1.637772e-07,0.00068749
12133,0.000097,1.635814e-07,0.00058449
12134,0.000095,1.635274e-07,0.00113796
12135,0.000100,1.632354e-07,0.00090321
12136,0.000098,1.629998e-07,0.00073437
12137,0.000094,1.627969e-07,0.00061623
12138,0.000095,1.626128e-07,0.00053631
12139,0.000285,1.624819e-07,0.00097848
12140,0.000144,1.622304e-07,0.00078783
12141,0.000124,1.620186e-07,0.00065295
12142,0.000109,1.618297e-07,0.00056052
12143,0.000098,1.617410e-07,0.00106307
12144,0.000103,1.614698e-07,0.00084851
12145,0.000112,1.612470e-07,0.00069519
12146,0.000110,1.610521e-07,0.00058881
12147,0.000174,1.610143e-07,0.00115788
12148,0.000151,1.607191e-07,0.00091711
12149,0.000153,1.604827e-07,0.00074353
12150,0.000116,1.602803e-07,0.00062168
12151,0.000103,1.600976e-07,0.00053894
12152,0.000129,1.599796e-07,0.00099439
12153,0.000104,1.597266e-07,0.00079857
12154,0.000109,1.595149e-07,0.00065964
12155,0.000105,1.593271e-07,0.00056408
12156,0.000102,1.592529e-07,0.00108117
12157,0.001881,1.589794e-07,0.00086098
12158,0.000100,1.587562e-07,0.00070324
12159,0.000092,1.585621e-07,0.00059341
12160,0.000237,1.585409e-07,0.00117834
12161,0.000264,1.582423e-07,0.00093147
12162,0.000145,1.580049e-07,0.00075306
12163,0.000135,1.578030e-07,0.00062743
12164,0.000133,1.576215e-07,0.00054181
12165,0.000143,1.575166e-07,0.00101079
12166,0.000142,1.572618e-07,0.00080972
12167,0.000128,1.570501e-07,0.00066665
12168,0.000134,1.568634e-07,0.00056790
12169,0.000134,1.568041e-07,0.00109979
12170,0.000137,1.565279e-07,0.00087389
12171,0.000138,1.563042e-07,0.00071163
12172,0.000140,1.561108e-07,0.00059829
12173,0.000131,1.561067e-07,0.00119938
12174,0.000129,1.558042e-07,0.00094628
12175,0.000137,1.555657e-07,0.00076297
12176,0.000138,1.553641e-07,0.00063348
12177,0.000128,1.551838e-07,0.00054491
12178,0.000135,1.550923e-07,0.00102768
12179,0.000130,1.548356e-07,0.00082127
12180,0.000132,1.546237e-07,0.00067399
12181,0.000143,1.544379e-07,0.00057198
12182,0.000136,1.543938e-07,0.00111894
12183,0.000130,1.541147e-07,0.00088723
12184,0.000137,1.538903e-07,0.00072039
12185,0.000132,1.536976e-07,0.00060346
12186,0.000127,1.535231e-07,0.00052422
12187,0.000146,1.534044e-07,0.00096157
12188,0.000143,1.531645e-07,0.00077325
12189,0.000189,1.529631e-07,0.00063985
12190,0.000168,1.527840e-07,0.00054826
12191,0.000221,1.527061e-07,0.00104508
12192,0.000187,1.524472e-07,0.00083323
12193,0.000185,1.522351e-07,0.00068167
12194,0.005657,1.520501e-07,0.00057633
12195,0.000100,1.520217e-07,0.00113863
12196,0.000169,1.517394e-07,0.00090101
12197,0.000302,1.515141e-07,0.00072950
12198,0.000317,1.513218e-07,0.00060892
12199,0.000274,1.511486e-07,0.00052690
12200,0.000277,1.510423e-07,0.00097732
12201,0.000480,1.508008e-07,0.00078393
12202,0.000439,1.505995e-07,0.00064652
12203,0.000403,1.504214e-07,0.00055186
12204,0.000291,1.503575e-07,0.00106298
12205,0.000338,1.500962e-07,0.00084561
12206,0.000299,1.498837e-07,0.00068969
12207,0.000374,1.496994e-07,0.00058096
12208,0.000438,1.496870e-07,0.00115887
12209,0.000315,1.494012e-07,0.00091523
12210,0.000282,1.491750e-07,0.00073897
12211,0.000233,1.489830e-07,0.00061467
12212,0.000291,1.488110e-07,0.00052981
12213,0.000406,1.487173e-07,0.00099356
12214,0.000309,1.484741e-07,0.00079500
12215,0.000299,1.482727e-07,0.00065352
12216,0.000282,1.480955e-07,0.00055571
12217,0.000324,1.480459e-07,0.00108140
12218,0.000302,1.477820e-07,0.00085841
12219,0.000287,1.475689e-07,0.00069805
12220,0.000333,1.473852e-07,0.00058585
12221,0.000289,1.472186e-07,0.00050997
12222,0.000384,1.470997e-07,0.00092991
12223,0.000384,1.468723e-07,0.00074882
12224,0.000599,1.466806e-07,0.00062073
12225,0.000543,1.465097e-07,0.00053296
12226,0.000444,1.464288e-07,0.00101028
12227,0.000456,1.461836e-07,0.00080646
12228,0.000411,1.459821e-07,0.00066084
12229,0.000398,1.458057e-07,0.00055982
12230,0.000438,1.457708e-07,0.00110034
12231,0.000403,1.455039e-07,0.00087163
12232,0.002332,1.452901e-07,0.00070675
12233,0.000160,1.451070e-07,0.00059103
12234,0.000132,1.449417e-07,0.00051247
12235,0.000145,1.448344e-07,0.00094504
12236,0.000146,1.446055e-07,0.00075904
12237,0.000140,1.444140e-07,0.00062708
12238,0.000144,1.442441e-07,0.00053634
12239,0.000139,1.441764e-07,0.00102749
12240,0.000142,1.439290e-07,0.00081833
12241,0.000152,1.437271e-07,0.00066849
12242,0.000153,1.435515e-07,0.00056419
12243,0.000167,1.435316e-07,0.00111982
12244,0.000157,1.432616e-07,0.00088528
12245,0.000154,1.430469e-07,0.00071582
12246,0.000153,1.428642e-07,0.00059650
12247,0.000149,1.427000e-07,0.00051519
12248,0.000154,1.426046e-07,0.00096064
12249,0.000149,1.423741e-07,0.00076964
12250,0.000146,1.421827e-07,0.00063375
12251,0.000160,1.420137e-07,0.00053997
12252,0.000161,1.419594e-07,0.00104520
12253,0.000174,1.417096e-07,0.00083060
12254,0.000425,1.415073e-07,0.00067648
12255,0.000123,1.413323e-07,0.00056883
12256,0.000119,1.413279e-07,0.00113983
12257,0.000167,1.410544e-07,0.00089938
12258,0.000104,1.408387e-07,0.00072524
12259,0.000115,1.406563e-07,0.00060225
12260,0.000100,1.404932e-07,0.00051814
12261,0.000107,1.404098e-07,0.00097671
12262,0.000099,1.401776e-07,0.00078063
12263,0.000099,1.399860e-07,0.00064073
12264,0.000105,1.398179e-07,0.00054385
12265,0.000102,1.397774e-07,0.00106342
12266,0.000100,1.395250e-07,0.00084329
12267,0.000107,1.393220e-07,0.00068480
12268,0.000115,1.391476e-07,0.00057375
12269,0.000103,1.389897e-07,0.00049850
12270,0.001696,1.388819e-07,0.00091392
12271,0.000105,1.386649e-07,0.00073502
12272,0.000116,1.384827e-07,0.00060830
12273,0.000097,1.383206e-07,0.00052133
12274,0.000101,1.382496e-07,0.00099326
12275,0.000095,1.380154e-07,0.00079200
12276,0.000096,1.378236e-07,0.00064803
12277,0.000106,1.376562e-07,0.00054799
12278,0.000102,1.376298e-07,0.00108216
12279,0.000096,1.373745e-07,0.00085640
12280,0.000098,1.371708e-07,0.00069347
12281,0.000102,1.369968e-07,0.00057894
12282,0.000111,1.368401e-07,0.00050104
12283,0.000127,1.367434e-07,0.00092890
12284,0.000141,1.365250e-07,0.00074518
12285,0.000107,1.363429e-07,0.00061465
12286,0.000100,1.361817e-07,0.00052475
12287,0.000112,1.361234e-07,0.00101029
12288,0.000098,1.358870e-07,0.00080378
12289,0.000107,1.356948e-07,0.00065565
12290,0.000100,1.355281e-07,0.00055238
12291,0.000197,1.355161e-07,0.00110141
12292,0.000186,1.352578e-07,0.00086993
12293,0.000160,1.350531e-07,0.00070248
12294,0.000149,1.348795e-07,0.00058441
12295,0.000149,1.347238e-07,0.00050381
12296,0.000149,1.346385e-07,0.00094435
12297,0.000144,1.344186e-07,0.00075570
12298,0.000145,1.342364e-07,0.00062131
12299,0.000140,1.340760e-07,0.00052841
12300,0.000147,1.340306e-07,0.00102782
12301,0.000135,1.337919e-07,0.00081595
12302,0.000142,1.335992e-07,0.00066360
12303,0.000183,1.334330e-07,0.00055704
12304,0.000172,1.332822e-07,0.00048497
12305,0.002098,1.331742e-07,0.00088389
12306,0.000149,1.329685e-07,0.00071184
12307,0.000136,1.327951e-07,0.00059016
12308,0.000136,1.326404e-07,0.00050680
12309,0.000175,1.325667e-07,0.00096025
12310,0.000158,1.323450e-07,0.00076661
12311,0.000104,1.321627e-07,0.00062827
12312,0.000098,1.320031e-07,0.00053231
12313,0.000106,1.319709e-07,0.00104584
12314,0.000118,1.317296e-07,0.00082853
12315,0.000137,1.315362e-07,0.00067189
12316,0.000126,1.313705e-07,0.00056196
12317,0.000125,1.312209e-07,0.00048734
12318,0.000122,1.311234e-07,0.00089829
12319,0.000118,1.309164e-07,0.00072156
12320,0.000106,1.307431e-07,0.00059621
12321,0.000103,1.305893e-07,0.00051001
12322,0.000112,1.305275e-07,0.00097663
12323,0.000107,1.303038e-07,0.00077789
12324,0.000114,1.301212e-07,0.00063555
12325,0.000110,1.299623e-07,0.00053647
12326,0.000102,1.299438e-07,0.00106437
12327,0.000102,1.296996e-07,0.00084152
12328,0.000104,1.295054e-07,0.00068051
12329,0.000108,1.293401e-07,0.00056716
12330,0.000102,1.291915e-07,0.00048993
12331,0.000106,1.291047e-07,0.00091313
12332,0.000106,1.288963e-07,0.00073165
12333,0.000100,1.287230e-07,0.00060255
12334,0.000098,1.285701e-07,0.00051346
12335,0.000108,1.285205e-07,0.00099348
12336,0.000103,1.282946e-07,0.00078957
12337,0.000115,1.281116e-07,0.00064314
12338,0.000103,1.279532e-07,0.00054088
12339,0.000100,1.279486e-07,0.00108340
12340,0.000099,1.277014e-07,0.00085492
12341,0.000117,1.275062e-07,0.00068947
12342,0.000157,1.273412e-07,0.00057263
12343,0.000112,1.271936e-07,0.00049273
12344,0.000113,1.271177e-07,0.00092842
12345,0.000241,1.269077e-07,0.00074210
12346,0.001982,1.267344e-07,0.00060918
12347,0.000155,1.265822e-07,0.00051715
12348,0.000217,1.265451e-07,0.00101081
12349,0.000106,1.263168e-07,0.00080164
12350,0.000104,1.261332e-07,0.00065105
12351,0.000101,1.259754e-07,0.00054555
12352,0.000096,1.258325e-07,0.00047408
12353,0.000189,1.257345e-07,0.00086875
12354,0.000098,1.255383e-07,0.00069877
12355,0.000097,1.253734e-07,0.00057838
12356,0.000102,1.252267e-07,0.00049576
12357,0.000114,1.251620e-07,0.00094416
12358,0.000101,1.249502e-07,0.00075292
12359,0.000097,1.247767e-07,0.00061613
12360,0.000102,1.246252e-07,0.00052108
12361,0.000105,1.246008e-07,0.00102864
12362,0.000100,1.243700e-07,0.00081411
12363,0.000108,1.241857e-07,0.00065929
12364,0.000100,1.240283e-07,0.00055048
12365,0.000102,1.238864e-07,0.00047649
12366,0.000175,1.237985e-07,0.00088301
12367,0.000147,1.236010e-07,0.00070843
12368,0.000160,1.234362e-07,0.00058442
12369,0.000179,1.232904e-07,0.00049901
12370,0.000108,1.232371e-07,0.00096036
12371,0.000107,1.230234e-07,0.00076412
12372,0.000160,1.228495e-07,0.00062338
12373,0.000110,1.226986e-07,0.00052526
12374,0.000106,1.226873e-07,0.00104696
12375,0.000107,1.224537e-07,0.00082698
12376,0.000162,1.222685e-07,0.00066787
12377,0.000149,1.221114e-07,0.00055569
12378,0.000132,1.219705e-07,0.00047912
12379,0.000117,1.218929e-07,0.00089770
12380,0.000123,1.216940e-07,0.00071844
12381,0.000109,1.215292e-07,0.00059075
12382,0.001536,1.213841e-07,0.00050249
12383,0.000098,1.213425e-07,0.00097703
12384,0.000096,1.211266e-07,0.00077569
12385,0.000093,1.209523e-07,0.00063094
12386,0.000099,1.208019e-07,0.00052969
12387,0.000092,1.206655e-07,0.00046123
12388,0.000094,1.205674e-07,0.00084026
12389,0.000100,1.203813e-07,0.00067677
12390,0.000094,1.202244e-07,0.00056116
12391,0.000092,1.200844e-07,0.00048196
12392,0.000095,1.200173e-07,0.00091284
12393,0.000100,1.198168e-07,0.00072882
12394,0.000095,1.196518e-07,0.00059737
12395,0.000094,1.195074e-07,0.00050620
12396,0.000103,1.194779e-07,0.00099418
12397,0.000111,1.192596e-07,0.00078766
12398,0.000142,1.190846e-07,0.00063881
12399,0.000149,1.189347e-07,0.00053437
12400,0.000115,1.187993e-07,0.00046348
12401,0.000140,1.187107e-07,0.00085396
12402,0.000169,1.185234e-07,0.00068602
12403,0.000233,1.183667e-07,0.00056691
12404,0.000173,1.182275e-07,0.00048502
12405,0.000168,1.181712e-07,0.00092842
12406,0.000112,1.179689e-07,0.00073955
12407,0.000106,1.178036e-07,0.00060429
12408,0.000105,1.176598e-07,0.00051015
12409,0.000130,1.176426e-07,0.00101180
12410,0.000099,1.174218e-07,0.00080002
12411,0.000099,1.172461e-07,0.00064701
12412,0.000110,1.170965e-07,0.00053931
12413,0.000147,1.169620e-07,0.00046594
12414,0.000107,1.168831e-07,0.00086808
12415,0.000103,1.166946e-07,0.00069561
12416,0.001498,1.165379e-07,0.00057294
12417,0.000080,1.163995e-07,0.00048830
12418,0.000088,1.163542e-07,0.00094445
12419,0.000092,1.161499e-07,0.00075066
12420,0.000099,1.159843e-07,0.00061151
12421,0.000089,1.158410e-07,0.00051435
12422,0.000093,1.158364e-07,0.00102992
12423,0.000097,1.156128e-07,0.00081277
12424,0.000091,1.154362e-07,0.00065553
12425,0.000095,1.152869e-07,0.00054451
12426,0.000095,1.151533e-07,0.00046860
12427,0.000094,1.150843e-07,0.00088262
12428,0.000094,1.148943e-07,0.00070555
12429,0.000101,1.147375e-07,0.00057925
12430,0.000092,1.145998e-07,0.00049181
12431,0.000096,1.145658e-07,0.00096094
12432,0.000102,1.143594e-07,0.00076214
12433,0.000096,1.141932e-07,0.00061904
12434,0.000096,1.140504e-07,0.00051879
12435,0.000098,1.139211e-07,0.00045088
12436,0.000100,1.138321e-07,0.00082593
12437,0.000095,1.136546e-07,0.00066439
12438,0.000095,1.135054e-07,0.00054998
12439,0.000102,1.133726e-07,0.00047148
12440,0.000099,1.133138e-07,0.00089760
12441,0.000100,1.131222e-07,0.00071585
12442,0.000111,1.129652e-07,0.00058585
12443,0.000105,1.128281e-07,0.00049554
12444,0.000101,1.128056e-07,0.00097790
12445,0.000111,1.125968e-07,0.00077400
12446,0.000102,1.124301e-07,0.00062688
12447,0.000101,1.122877e-07,0.00052348
12448,0.000106,1.121593e-07,0.00045318
12449,0.000122,1.120794e-07,0.00083949
12450,0.001810,1.119008e-07,0.00067357
12451,0.000133,1.117516e-07,0.00055573
12452,0.000132,1.116196e-07,0.00047457
12453,0.000147,1.115711e-07,0.00091301
12454,0.000113,1.113778e-07,0.00072650
12455,0.000112,1.112204e-07,0.00059275
12456,0.000142,1.110839e-07,0.00049951
12457,0.000117,1.110733e-07,0.00099533
12458,0.000107,1.108620e-07,0.00078625
12459,0.000108,1.106945e-07,0.00063503
12460,0.000101,1.105523e-07,0.00052842
12461,0.000101,1.104248e-07,0.00045567
12462,0.000190,1.103543e-07,0.00085347
12463,0.000119,1.101743e-07,0.00068310
12464,0.000103,1.100252e-07,0.00056174
12465,0.000102,1.098938e-07,0.00047788
12466,0.000099,1.098559e-07,0.00092887
12467,0.000099,1.096606e-07,0.00073751
12468,0.000104,1.095029e-07,0.00059994
12469,0.000105,1.093668e-07,0.00050372
12470,0.000106,1.092433e-07,0.00043867
12471,0.000113,1.091543e-07,0.00079888
12472,0.000116,1.089859e-07,0.00064350
12473,0.000104,1.088439e-07,0.00053363
12474,0.000101,1.087172e-07,0.00045837
12475,0.000109,1.086562e-07,0.00086787
12476,0.000108,1.084748e-07,0.00069296
12477,0.000108,1.083255e-07,0.00056804
12478,0.000112,1.081948e-07,0.00048141
12479,0.000106,1.081678e-07,0.00094519
12480,0.000111,1.079703e-07,0.00074890
12481,0.000118,1.078120e-07,0.00060743
12482,0.000107,1.076764e-07,0.00050817
12483,0.000097,1.075538e-07,0.00044082
12484,0.000112,1.074734e-07,0.00081191
12485,0.000109,1.073040e-07,0.00065230
12486,0.001658,1.071621e-07,0.00053910
12487,0.000094,1.070362e-07,0.00046128
12488,0.000095,1.069849e-07,0.00088269
12489,0.000120,1.068019e-07,0.00070318
12490,0.000101,1.066524e-07,0.00057462
12491,0.000095,1.065222e-07,0.00048516
12492,0.000101,1.065063e-07,0.00096196
12493,0.000097,1.063065e-07,0.00076065
12494,0.000097,1.061476e-07,0.00061523
12495,0.000102,1.060122e-07,0.00051287
12496,0.000098,1.058905e-07,0.00044315
12497,0.000102,1.058188e-07,0.00082534
12498,0.000097,1.056483e-07,0.00066142
12499,0.000102,1.055064e-07,0.00054483
12500,0.000097,1.053812e-07,0.00046440
12501,0.000099,1.053399e-07,0.00089794
12502,0.000104,1.051551e-07,0.00071374
12503,0.000100,1.050052e-07,0.00058149
12504,0.000100,1.048756e-07,0.00048915
12505,0.000116,1.048711e-07,0.00097919
12506,0.000150,1.046688e-07,0.00077279
12507,0.000150,1.045091e-07,0.00062333
12508,0.000116,1.043739e-07,0.00051782
12509,0.000116,1.042530e-07,0.00044569
12510,0.000121,1.041903e-07,0.00083918
12511,0.000148,1.040185e-07,0.00067088
12512,0.000175,1.038765e-07,0.00055083
12513,0.000133,1.037519e-07,0.00046773
12514,0.000137,1.037208e-07,0.00091363
12515,0.000115,1.035341e-07,0.00072467
12516,0.000106,1.033838e-07,0.00058865
12517,0.000106,1.032545e-07,0.00049338
12518,0.000107,1.031375e-07,0.00042884
12519,0.000101,1.030567e-07,0.00078530
12520,0.000192,1.028961e-07,0.00063176
12521,0.001742,1.027611e-07,0.00052302
12522,0.000095,1.026410e-07,0.00044842
12523,0.000087,1.025874e-07,0.00085343
12524,0.000125,1.024141e-07,0.00068067
12525,0.000102,1.022720e-07,0.00055711
12526,0.000100,1.021480e-07,0.00047129
12527,0.000104,1.021273e-07,0.00092976
12528,0.000106,1.019385e-07,0.00073595
12529,0.000111,1.017876e-07,0.00059611
12530,0.000152,1.016587e-07,0.00049784
12531,0.000107,1.015425e-07,0.00043103
12532,0.000142,1.014700e-07,0.00079821
12533,0.000130,1.013083e-07,0.00064049
12534,0.000099,1.011734e-07,0.00052849
12535,0.000095,1.010539e-07,0.00045136
12536,0.000101,1.010098e-07,0.00086810
12537,0.000096,1.008348e-07,0.00069080
12538,0.000097,1.006925e-07,0.00056367
12539,0.000100,1.005689e-07,0.00047506
12540,0.000102,1.005590e-07,0.00094635
12541,0.000099,1.003678e-07,0.00074760
12542,0.000104,1.002163e-07,0.00060386
12543,0.000102,1.000876e-07,0.00050254
12544,0.000096,9.997221e-08,0.00043340
12545,0.000095,9.990816e-08,0.00081150
12546,0.000103,9.974533e-08,0.00064955
12547,0.000099,9.961037e-08,0.00053421
12548,0.000096,9.949152e-08,0.00045450
12549,0.000102,9.945694e-08,0.00088319
12550,0.000096,9.928026e-08,0.00070128
12551,0.000097,9.913751e-08,0.00057051
12552,0.000105,9.901437e-08,0.00047906
12553,0.000096,9.890258e-08,0.00041724
12554,0.000101,9.882180e-08,0.00075962
12555,0.000106,9.866946e-08,0.00061192
12556,0.001962,9.854098e-08,0.00050749
12557,0.000109,9.842631e-08,0.00043597
12558,0.000121,9.837088e-08,0.00082520
12559,0.000172,9.820675e-08,0.00065894
12560,0.000179,9.807166e-08,0.00054020
12561,0.000156,9.795338e-08,0.00045786
12562,0.000128,9.792862e-08,0.00089871
12563,0.000110,9.775001e-08,0.00071211
12564,0.000124,9.760678e-08,0.00057764
12565,0.000138,9.748399e-08,0.00048330
12566,0.000104,9.737304e-08,0.00041928
12567,0.000105,9.730004e-08,0.00077202
12568,0.000100,9.714677e-08,0.00062029
12569,0.000100,9.701839e-08,0.00051269
12570,0.000106,9.690441e-08,0.00043873
12571,0.000103,9.685779e-08,0.00083930
12572,0.000101,9.669220e-08,0.00066866
12573,0.000106,9.655691e-08,0.00054646
12574,0.000103,9.643913e-08,0.00046143
12575,0.000111,9.642444e-08,0.00091466
12576,0.000107,9.624373e-08,0.00072329
12577,0.000098,9.609990e-08,0.00058506
12578,0.000097,9.597740e-08,0.00048777
12579,0.000106,9.586723e-08,0.00042150
12580,0.000113,9.580217e-08,0.00078480
12581,0.000099,9.564786e-08,0.00062897
12582,0.000100,9.551949e-08,0.00051814
12583,0.000101,9.540613e-08,0.00044170
12584,0.000099,9.536853e-08,0.00085381
12585,0.000103,9.520134e-08,0.00067871
12586,0.000103,9.506573e-08,0.00055299
12587,0.000095,9.494839e-08,0.00046522
12588,0.000099,9.494403e-08,0.00093106
12589,0.000105,9.476104e-08,0.00073484
12590,0.000097,9.461652e-08,0.00059277
12591,0.001450,9.449422e-08,0.00049247
12592,0.000097,9.438478e-08,0.00042391
12593,0.000133,9.432783e-08,0.00079796
12594,0.000096,9.417234e-08,0.00063796
12595,0.000097,9.404391e-08,0.00052385
12596,0.000092,9.393112e-08,0.00044487
12597,0.000092,9.390275e-08,0.00086874
12598,0.000096,9.373380e-08,0.00068910
12599,0.000100,9.359779e-08,0.00055980
12600,0.000095,9.348081e-08,0.00046924
12601,0.000092,9.337486e-08,0.00040791
12602,0.000099,9.330161e-08,0.00074675
12603,0.000098,9.315627e-08,0.00060078
12604,0.000101,9.303411e-08,0.00049742
12605,0.000107,9.292535e-08,0.00042651
12606,0.000096,9.287668e-08,0.00081152
12607,0.000095,9.271988e-08,0.00064728
12608,0.000112,9.259129e-08,0.00052983
12609,0.000098,9.247901e-08,0.00044825
12610,0.000105,9.246010e-08,0.00088409
12611,0.000116,9.228923e-08,0.00069983
12612,0.000132,9.215271e-08,0.00056689
12613,0.000127,9.203604e-08,0.00047348
12614,0.000157,9.193086e-08,0.00040998
12615,0.000183,9.186509e-08,0.00075902
12616,0.000138,9.171881e-08,0.00060909
12617,0.000154,9.159670e-08,0.00050262
12618,0.000169,9.148856e-08,0.00042930
12619,0.000110,9.144838e-08,0.00082547
12620,0.000100,9.129012e-08,0.00065692
12621,0.000114,9.116128e-08,0.00053606
12622,0.000137,9.104945e-08,0.00045184
12623,0.000118,9.104024e-08,0.00089987
12624,0.000148,9.086729e-08,0.00071092
12625,0.001473,9.073016e-08,0.00057427
12626,0.000085,9.061372e-08,0.00047796
12627,0.000088,9.050926e-08,0.00041224
12628,0.000093,9.045112e-08,0.00077167
12629,0.000097,9.030379e-08,0.00061771
12630,0.000093,9.018165e-08,0.00050806
12631,0.000091,9.007408e-08,0.00043229
12632,0.000093,9.004257e-08,0.00083983
12633,0.000098,8.988272e-08,0.00066689
12634,0.000096,8.975354e-08,0.00054257
12635,0.000098,8.964209e-08,0.00045564
12636,0.000100,8.954091e-08,0.00039688
12637,0.000097,8.946764e-08,0.00072235
12638,0.000094,8.932979e-08,0.00058194
12639,0.000101,8.921352e-08,0.00048266
12640,0.000097,8.910973e-08,0.00041468
12641,0.000098,8.905938e-08,0.00078471
12642,0.000102,8.891087e-08,0.00062664
12643,0.000096,8.878862e-08,0.00051376
12644,0.000095,8.868157e-08,0.00043549
12645,0.000100,8.865895e-08,0.00085459
12646,0.000096,8.849735e-08,0.00067719
12647,0.000096,8.836774e-08,0.00054935
12648,0.000101,8.825661e-08,0.00045967
12649,0.000097,8.815618e-08,0.00039882
12650,0.000099,8.808995e-08,0.00073415
12651,0.000099,8.795127e-08,0.00058990
12652,0.000107,8.783508e-08,0.00048761
12653,0.000098,8.773191e-08,0.00041731
12654,0.000104,8.768954e-08,0.00079812
12655,0.000105,8.753971e-08,0.00063588
12656,0.000099,8.741727e-08,0.00051971
12657,0.000095,8.731067e-08,0.00043889
12658,0.000105,8.729716e-08,0.00086978
12659,0.000100,8.713367e-08,0.00068783
12660,0.001545,8.700352e-08,0.00055641
12661,0.000088,8.689265e-08,0.00046392
12662,0.000116,8.679293e-08,0.00040093
12663,0.000148,8.673389e-08,0.00074631
12664,0.000115,8.659426e-08,0.00059815
12665,0.000130,8.647809e-08,0.00049280
12666,0.000164,8.637548e-08,0.00042013
12667,0.000129,8.634127e-08,0.00081193
12668,0.000141,8.618999e-08,0.00064545
12669,0.000168,8.606727e-08,0.00052593
12670,0.000108,8.596107e-08,0.00044249
12671,0.000101,8.595691e-08,0.00088538
12672,0.000096,8.579136e-08,0.00069881
12673,0.000101,8.566058e-08,0.00056374
12674,0.000097,8.554989e-08,0.00046840
12675,0.000097,8.545084e-08,0.00040322
12676,0.000100,8.539913e-08,0.00075883
12677,0.000096,8.525843e-08,0.00060671
12678,0.000106,8.514220e-08,0.00049823
12679,0.000106,8.504011e-08,0.00042314
12680,0.000096,8.501425e-08,0.00082613
12681,0.000098,8.486139e-08,0.00065533
12682,0.000102,8.473830e-08,0.00053241
12683,0.000097,8.463244e-08,0.00044631
12684,0.000095,8.453653e-08,0.00038801
12685,0.000104,8.447009e-08,0.00071014
12686,0.000101,8.433858e-08,0.00057136
12687,0.000100,8.422801e-08,0.00047310
12688,0.000105,8.412957e-08,0.00040569
12689,0.000097,8.408536e-08,0.00077173
12690,0.000094,8.394348e-08,0.00061557
12691,0.000098,8.382711e-08,0.00050391
12692,0.000116,8.372548e-08,0.00042635
12693,0.000102,8.370818e-08,0.00084074
12694,0.001478,8.355358e-08,0.00066554
12695,0.000083,8.343004e-08,0.00053915
12696,0.000225,8.332444e-08,0.00045035
12697,0.000107,8.322924e-08,0.00038998
12698,0.000095,8.316956e-08,0.00072182
12699,0.000093,8.303720e-08,0.00057927
12700,0.000099,8.292669e-08,0.00047804
12701,0.000092,8.282881e-08,0.00040835
12702,0.000093,8.279227e-08,0.00078501
12703,0.000095,8.264908e-08,0.00062475
12704,0.000098,8.253248e-08,0.00050984
12705,0.000095,8.243126e-08,0.00042977
12706,0.000095,8.242274e-08,0.00085575
12707,0.000101,8.226626e-08,0.00067609
12708,0.000097,8.214216e-08,0.00054617
12709,0.000095,8.203678e-08,0.00045460
12710,0.000101,8.194223e-08,0.00039213
12711,0.000098,8.188946e-08,0.00073386
12712,0.000097,8.175614e-08,0.00058747
12713,0.000105,8.164560e-08,0.00048322
12714,0.000095,8.154824e-08,0.00041119
12715,0.000097,8.151956e-08,0.00079867
12716,0.000103,8.137492e-08,0.00063423
12717,0.000096,8.125802e-08,0.00051603
12718,0.000100,8.115715e-08,0.00043339
12719,0.000102,8.106555e-08,0.00037753
12720,0.000099,8.099912e-08,0.00068697
12721,0.000096,8.087437e-08,0.00055346
12722,0.000099,8.076913e-08,0.00045908
12723,0.000101,8.067519e-08,0.00039445
12724,0.000101,8.062948e-08,0.00074626
12725,0.000101,8.049509e-08,0.00059597
12726,0.000120,8.038446e-08,0.00048864
12727,0.000141,8.028756e-08,0.00041423
12728,0.000128,8.026692e-08,0.00081271
12729,0.001752,8.012070e-08,0.00064403
12730,0.000091,8.000341e-08,0.00052248
12731,0.000086,7.990282e-08,0.00043722
12732,0.000099,7.981192e-08,0.00037937
12733,0.000101,7.975185e-08,0.00069819
12734,0.000095,7.962635e-08,0.00056104
12735,0.000097,7.952120e-08,0.00046378
12736,0.000102,7.942782e-08,0.00039695
12737,0.000092,7.938932e-08,0.00075902
12738,0.000095,7.925374e-08,0.00060476
12739,0.000098,7.914293e-08,0.00049431
12740,0.000094,7.904645e-08,0.00041746
12741,0.000096,7.903406e-08,0.00082716
12742,0.000100,7.888612e-08,0.00065415
12743,0.000097,7.876834e-08,0.00052920
12744,0.000095,7.866800e-08,0.00044126
12745,0.000095,7.857773e-08,0.00038138
12746,0.000100,7.852416e-08,0.00070976
12747,0.000097,7.839781e-08,0.00056889
12748,0.000102,7.829267e-08,0.00046872
12749,0.000101,7.819980e-08,0.00039963
12750,0.000098,7.816869e-08,0.00077216
12751,0.000097,7.803180e-08,0.00061386
12752,0.000101,7.792074e-08,0.00050022
12753,0.000098,7.782462e-08,0.00042089
12754,0.000100,7.782068e-08,0.00084200
12755,0.000104,7.767089e-08,0.00066460
12756,0.000101,7.755254e-08,0.00053617
12757,0.000100,7.745236e-08,0.00044552
12758,0.000104,7.736270e-08,0.00038356
12759,0.000099,7.731577e-08,0.00072168
12760,0.000096,7.718845e-08,0.00057703
12761,0.000105,7.708326e-08,0.00047389
12762,0.000097,7.699085e-08,0.00040250
12763,0.000110,7.696730e-08,0.00078567
12764,0.000100,7.682898e-08,0.00062326
12765,0.000102,7.671759e-08,0.00050638
12766,0.001576,7.662176e-08,0.00042452
12767,0.000084,7.653495e-08,0.00036910
12768,0.000077,7.647471e-08,0.00067538
12769,0.000097,7.635569e-08,0.00054342
12770,0.000095,7.625562e-08,0.00045000
12771,0.000090,7.616651e-08,0.00038591
12772,0.000100,7.612637e-08,0.00073395
12773,0.000094,7.599798e-08,0.00058546
12774,0.000094,7.589266e-08,0.00047929
12775,0.000099,7.580068e-08,0.00040555
12776,0.000093,7.578487e-08,0.00079957
12777,0.000100,7.564498e-08,0.00063298
12778,0.000116,7.553317e-08,0.00051280
12779,0.000166,7.543760e-08,0.00042836
12780,0.000189,7.535142e-08,0.00037097
12781,0.000198,7.529730e-08,0.00068650
12782,0.000193,7.517752e-08,0.00055095
12783,0.000167,7.507749e-08,0.00045470
12784,0.000153,7.498890e-08,0.00038844
12785,0.000155,7.495570e-08,0.00074658
12786,0.000142,7.482612e-08,0.00059419
12787,0.000140,7.472060e-08,0.00048493
12788,0.000145,7.462898e-08,0.00040880
12789,0.000139,7.462112e-08,0.00081385
12790,0.000137,7.447953e-08,0.00064301
12791,0.000147,7.436722e-08,0.00051948
12792,0.000138,7.427184e-08,0.00043241
12793,0.000137,7.418625e-08,0.00037301
12794,0.000145,7.413838e-08,0.00069795
12795,0.000140,7.401773e-08,0.00055875
12796,0.000136,7.391769e-08,0.00045962
12797,0.000147,7.382956e-08,0.00039114
12798,0.000137,7.380347e-08,0.00075958
12799,0.000138,7.367259e-08,0.00060321
12800,0.000185,7.356679e-08,0.00049082
12801,0.000142,7.347549e-08,0.00041224
12802,0.001853,7.339258e-08,0.00035914
12803,0.000115,7.333234e-08,0.00065336
12804,0.000133,7.321945e-08,0.00052641
12805,0.000134,7.312420e-08,0.00043667
12806,0.000132,7.303917e-08,0.00037522
12807,0.000132,7.299768e-08,0.00070974
12808,0.000136,7.287606e-08,0.00056683
12809,0.000133,7.277593e-08,0.00046478
12810,0.000131,7.268823e-08,0.00039403
12811,0.000137,7.266942e-08,0.00077294
12812,0.000133,7.253710e-08,0.00061254
12813,0.000135,7.243095e-08,0.00049696
12814,0.000144,7.233991e-08,0.00041589
12815,0.000133,7.225762e-08,0.00036089
12816,0.000135,7.220315e-08,0.00066404
12817,0.000143,7.208958e-08,0.00053362
12818,0.000135,7.199441e-08,0.00044114
12819,0.000137,7.190988e-08,0.00037760
12820,0.000147,7.187492e-08,0.00072189
12821,0.000143,7.175223e-08,0.00057520
12822,0.000139,7.165195e-08,0.00047017
12823,0.000193,7.156461e-08,0.00039710
12824,0.000185,7.155327e-08,0.00078669
12825,0.000178,7.141940e-08,0.00062217
12826,0.000202,7.131281e-08,0.00050334
12827,0.000164,7.122198e-08,0.00041973
12828,0.000108,7.114027e-08,0.00036280
12829,0.000104,7.109169e-08,0.00067505
12830,0.000106,7.097734e-08,0.00054109
12831,0.000099,7.088218e-08,0.00044584
12832,0.000099,7.079812e-08,0.00038015
12833,0.000102,7.076984e-08,0.00073439
12834,0.000098,7.064597e-08,0.00058385
12835,0.000098,7.054546e-08,0.00047579
12836,0.000101,7.045845e-08,0.00040036
12837,0.000097,7.045476e-08,0.00080081
12838,0.000097,7.031921e-08,0.00063211
12839,0.000103,7.021210e-08,0.00050998
12840,0.001511,7.012143e-08,0.00042378
12841,0.000080,7.004026e-08,0.00036487
12842,0.000077,6.999769e-08,0.00068638
12843,0.000088,6.988247e-08,0.00054884
12844,0.000099,6.978726e-08,0.00045075
12845,0.000090,6.970362e-08,0.00038287
12846,0.000093,6.968218e-08,0.00074725
12847,0.000097,6.955701e-08,0.00059280
12848,0.000093,6.945620e-08,0.00048165
12849,0.000094,6.936947e-08,0.00040382
12850,0.000101,6.929089e-08,0.00035112
12851,0.000139,6.923627e-08,0.00064237
12852,0.000101,6.912855e-08,0.00051688
12853,0.000102,6.903798e-08,0.00042804
12854,0.000097,6.895732e-08,0.00036710
12855,0.000107,6.892089e-08,0.00069806
12856,0.000102,6.880470e-08,0.00055686
12857,0.000099,6.870938e-08,0.00045590
12858,0.000095,6.862611e-08,0.00038578
12859,0.000101,6.861169e-08,0.00076047
12860,0.000102,6.848510e-08,0.00060205
12861,0.000096,6.838391e-08,0.00048776
12862,0.000097,6.829741e-08,0.00040747
12863,0.000101,6.821940e-08,0.00035290
12864,0.000105,6.817032e-08,0.00065294
12865,0.000105,6.806191e-08,0.00052404
12866,0.000104,6.797138e-08,0.00043251
12867,0.000096,6.789119e-08,0.00036951
12868,0.000095,6.786104e-08,0.00071008
12869,0.000109,6.774378e-08,0.00056516
12870,0.000099,6.764827e-08,0.00046127
12871,0.000095,6.756534e-08,0.00038887
12872,0.000103,6.755811e-08,0.00077406
12873,0.000096,6.742998e-08,0.00061159
12874,0.000100,6.732834e-08,0.00049411
12875,0.000104,6.724201e-08,0.00041132
12876,0.001600,6.716453e-08,0.00035484
12877,0.000103,6.712111e-08,0.00066384
12878,0.000121,6.701192e-08,0.00053146
12879,0.000260,6.692138e-08,0.00043720
12880,0.000152,6.684160e-08,0.00037208
12881,0.000150,6.681789e-08,0.00072244
12882,0.000145,6.669944e-08,0.00057374
12883,0.000136,6.660369e-08,0.00046687
12884,0.000133,6.652104e-08,0.00039215
12885,0.000140,6.644599e-08,0.00034165
12886,0.000138,6.639139e-08,0.00062144
12887,0.000134,6.628922e-08,0.00050071
12888,0.000141,6.620301e-08,0.00041537
12889,0.000134,6.612603e-08,0.00035694
12890,0.000135,6.608839e-08,0.00067506
12891,0.000144,6.597833e-08,0.00053915
12892,0.000136,6.588770e-08,0.00044210
12893,0.000133,6.580831e-08,0.00037483
12894,0.000145,6.579119e-08,0.00073516
12895,0.000143,6.567145e-08,0.00058262
12896,0.000135,6.557537e-08,0.00047270
12897,0.000142,6.549297e-08,0.00039561
12898,0.000136,6.541848e-08,0.00034332
12899,0.000133,6.536910e-08,0.00063160
12900,0.000141,6.526631e-08,0.00050757
12901,0.000146,6.518017e-08,0.00041963
12902,0.000138,6.510365e-08,0.00035920
12903,0.000134,6.507192e-08,0.00068661
12904,0.000147,6.496089e-08,0.00054711
12905,0.000137,6.487012e-08,0.00044723
12906,0.000136,6.479107e-08,0.00037775
12907,0.000143,6.478070e-08,0.00074824
12908,0.000139,6.465955e-08,0.00059178
12909,0.000133,6.456308e-08,0.00047878
12910,0.000143,6.448087e-08,0.00039927
12911,0.001783,6.440691e-08,0.00034513
12912,0.000081,6.436285e-08,0.00064207
12913,0.000088,6.425936e-08,0.00051468
12914,0.000100,6.417323e-08,0.00042410
12915,0.000092,6.409714e-08,0.00036163
12916,0.000102,6.407146e-08,0.00069851
12917,0.000101,6.395935e-08,0.00055534
12918,0.000095,6.386838e-08,0.00045258
12919,0.000095,6.378962e-08,0.00038085
12920,0.000092,6.378618e-08,0.00076168
12921,0.000093,6.366351e-08,0.00060124
12922,0.000101,6.356657e-08,0.00048510
12923,0.000102,6.348450e-08,0.00040312
12924,0.000119,6.341103e-08,0.00034710
12925,0.000120,6.337241e-08,0.00065286
12926,0.000117,6.326814e-08,0.00052205
12927,0.000122,6.318196e-08,0.00042877
12928,0.000123,6.310625e-08,0.00036422
12929,0.000140,6.308676e-08,0.00071074
12930,0.000277,6.297348e-08,0.00056386
12931,0.000120,6.288224e-08,0.00045816
12932,0.000113,6.280373e-08,0.00038414
12933,0.000098,6.273259e-08,0.00033402
12934,0.000095,6.268309e-08,0.00061100
12935,0.000100,6.258560e-08,0.00049166
12936,0.000096,6.250362e-08,0.00040717
12937,0.000096,6.243061e-08,0.00034923
12938,0.000105,6.239755e-08,0.00066397
12939,0.000095,6.229240e-08,0.00052968
12940,0.000098,6.220612e-08,0.00043366
12941,0.000108,6.213075e-08,0.00036699
12942,0.000098,6.211760e-08,0.00072332
12943,0.000096,6.200304e-08,0.00057265
12944,0.000099,6.191146e-08,0.00046397
12945,0.000103,6.183315e-08,0.00038761
12946,0.000096,6.176254e-08,0.00033572
12947,0.000095,6.171804e-08,0.00062106
12948,0.000100,6.161993e-08,0.00049847
12949,0.001499,6.153799e-08,0.00041143
12950,0.000080,6.146540e-08,0.00035151
12951,0.000093,6.143803e-08,0.00067540
12952,0.000094,6.133190e-08,0.00053758
12953,0.000095,6.124546e-08,0.00043877
12954,0.000093,6.117039e-08,0.00036993
12955,0.000100,6.116376e-08,0.00073625
12956,0.000095,6.104780e-08,0.00058173
12957,0.000114,6.095581e-08,0.00047001
12958,0.000101,6.087766e-08,0.00039128
12959,0.000094,6.080753e-08,0.00033757
12960,0.000094,6.076816e-08,0.00063142
12961,0.000101,6.066934e-08,0.00050553
12962,0.000096,6.058738e-08,0.00041589
12963,0.000094,6.051517e-08,0.00035396
12964,0.000101,6.049363e-08,0.00068717
12965,0.000097,6.038643e-08,0.00054574
12966,0.000094,6.029976e-08,0.00044410
12967,0.000115,6.022495e-08,0.00037304
12968,0.000102,6.015701e-08,0.00032502
12969,0.000096,6.010753e-08,0.00059111
12970,0.000102,6.001506e-08,0.00047629
12971,0.000095,5.993702e-08,0.00039513
12972,0.000095,5.986734e-08,0.00033956
12973,0.000096,5.983320e-08,0.00064210
12974,0.000103,5.973359e-08,0.00051284
12975,0.000099,5.965156e-08,0.00042055
12976,0.000101,5.957970e-08,0.00035657
12977,0.000116,5.956412e-08,0.00069927
12978,0.000098,5.945575e-08,0.00055419
12979,0.000096,5.936879e-08,0.00044965
12980,0.000103,5.929420e-08,0.00037634
12981,0.000094,5.922677e-08,0.00032661
12982,0.000095,5.918201e-08,0.00060077
12983,0.000107,5.908898e-08,0.00048281
12984,0.000100,5.901101e-08,0.00039918
12985,0.030114,5.894175e-08,0.00034172
12986,0.000093,5.891295e-08,0.00065310
12987,0.000107,5.881246e-08,0.00052042
12988,0.000178,5.873031e-08,0.00042543
12989,0.000165,5.865875e-08,0.00035935
12990,0.000111,5.864928e-08,0.00071171
12991,0.000102,5.853964e-08,0.00056290
12992,0.000104,5.845233e-08,0.00045543
12993,0.000098,5.837791e-08,0.00037982
12994,0.000092,5.831096e-08,0.00032833
12995,0.000096,5.827102e-08,0.00061073
12996,0.000100,5.817736e-08,0.00048957
12997,0.000101,5.809939e-08,0.00040343
12998,0.000098,5.803051e-08,0.00034402
12999,0.000102,5.800719e-08,0.00066441
13000,0.000093,5.790573e-08,0.00052825
13001,0.000096,5.782339e-08,0.00043052
13002,0.000095,5.775210e-08,0.00036231
13003,0.000101,5.774891e-08,0.00072450
13004,0.000101,5.763789e-08,0.00057190
13005,0.000093,5.755015e-08,0.00046144
13006,0.000101,5.747586e-08,0.00038348
13007,0.000095,5.740935e-08,0.00033021
13008,0.000095,5.737434e-08,0.00062100
13009,0.000102,5.727996e-08,0.00049659
13010,0.000099,5.720196e-08,0.00040788
13011,0.000097,5.713342e-08,0.00034649
13012,0.000101,5.711571e-08,0.00067605
13013,0.000097,5.701319e-08,0.00053635
13014,0.000097,5.693060e-08,0.00043582
13015,0.000102,5.685954e-08,0.00036543
13016,0.000096,5.679514e-08,0.00031777
13017,0.000097,5.675027e-08,0.00058119
13018,0.000102,5.666204e-08,0.00046769
13019,0.000097,5.658783e-08,0.00038734
13020,0.198169,5.652174e-08,0.00033223
13021,0.000099,5.649176e-08,0.00063157
13022,0.000092,5.639659e-08,0.00050385
13023,0.000107,5.631849e-08,0.00041253
13024,0.000098,5.625027e-08,0.00034912
13025,0.000095,5.623830e-08,0.00068802
13026,0.000100,5.613461e-08,0.00054472
13027,0.000095,5.605172e-08,0.00044135
13028,0.000093,5.598084e-08,0.00036874
13029,0.000091,5.591692e-08,0.00031939
13030,0.000098,5.587659e-08,0.00059076
13031,0.000096,5.578779e-08,0.00047417
13032,0.000097,5.571361e-08,0.00039138
13033,0.000100,5.564790e-08,0.00033440
13034,0.000095,5.562307e-08,0.00064245
13035,0.000098,5.552702e-08,0.00051136
13036,0.000101,5.544877e-08,0.00041739
13037,0.000098,5.538082e-08,0.00035192
13038,0.000099,5.537474e-08,0.00070033
13039,0.000107,5.526980e-08,0.00055336
13040,0.000102,5.518653e-08,0.00044710
13041,0.000119,5.511580e-08,0.00037222
13042,0.000187,5.505231e-08,0.00032114
13043,0.000184,5.501662e-08,0.00060062
13044,0.000186,5.492718e-08,0.00048088
13045,0.000251,5.485299e-08,0.00039563
13046,0.000196,5.478763e-08,0.00033673
13047,0.000116,5.476806e-08,0.00065364
13048,0.000104,5.467104e-08,0.00051913
13049,0.000110,5.459259e-08,0.00042246
13050,0.000103,5.452488e-08,0.00035488
13051,0.000106,5.452485e-08,0.00071297
13052,0.000104,5.441854e-08,0.00056228
13053,0.000096,5.433484e-08,0.00045308
13054,0.000097,5.426420e-08,0.00037589
13055,0.000104,5.420112e-08,0.00032304
13056,0.000096,5.417016e-08,0.00061078
13057,0.000096,5.408001e-08,0.00048784
13058,0.000107,5.400576e-08,0.00040006
13059,0.000096,5.394070e-08,0.00033922
13060,0.000098,5.392654e-08,0.00066516
13061,0.000220,5.382846e-08,0.00052716
13062,0.000274,5.374975e-08,0.00042774
13063,0.000271,5.368223e-08,0.00035802
13064,0.000300,5.362119e-08,0.00031072
13065,0.000277,5.358063e-08,0.00057147
13066,0.000276,5.349642e-08,0.00045928
13067,0.000271,5.342584e-08,0.00037974
13068,0.000315,5.336314e-08,0.00032509
13069,0.000276,5.333703e-08,0.00062125
13070,0.000293,5.324608e-08,0.00049505
13071,0.000312,5.317171e-08,0.00040470
13072,0.000336,5.310693e-08,0.00034186
13073,0.000436,5.309830e-08,0.00067700
13074,0.000548,5.299907e-08,0.00053546
13075,0.000334,5.292004e-08,0.00043324
13076,0.000282,5.285268e-08,0.00036133
13077,0.000344,5.279207e-08,0.00031236
13078,0.000276,5.275587e-08,0.00058095
13079,0.000351,5.267109e-08,0.00046572
13080,0.000357,5.260052e-08,0.00038378
13081,0.000331,5.253817e-08,0.00032728
13082,0.000339,5.251701e-08,0.00063201
13083,0.000335,5.242518e-08,0.00050250
13084,0.000273,5.235065e-08,0.00040955
13085,0.000271,5.228611e-08,0.00034467
13086,0.000273,5.228316e-08,0.00068916
13087,0.000297,5.218268e-08,0.00054402
13088,0.000271,5.210326e-08,0.00043896
13089,0.000271,5.203602e-08,0.00036481
13090,0.000300,5.197581e-08,0.00031414
13091,0.000275,5.194407e-08,0.00059072
13092,0.000271,5.185865e-08,0.00047239
13093,0.000306,5.178804e-08,0.00038801
13094,0.000272,5.172600e-08,0.00032963
13095,0.000278,5.170991e-08,0.00064309
13096,0.000329,5.161712e-08,0.00051021
13097,0.000272,5.154237e-08,0.00041460
13098,0.000296,5.147804e-08,0.00034765
13099,0.000307,5.141974e-08,0.00030232
13100,0.000310,5.137909e-08,0.00055286
13101,0.000281,5.129922e-08,0.00044490
13102,0.000463,5.123205e-08,0.00036848
13103,0.000404,5.117222e-08,0.00031607
13104,0.000292,5.114503e-08,0.00060078
13105,0.000346,5.105889e-08,0.00047929
13106,0.000387,5.098820e-08,0.00039244
13107,0.000321,5.092644e-08,0.00033213
13108,0.000652,5.091555e-08,0.00065448
13109,0.000318,5.082171e-08,0.00051817
13110,0.000285,5.074668e-08,0.00041985
13111,0.000280,5.068252e-08,0.00035079
13112,0.000313,5.062465e-08,0.00030385
13113,0.000276,5.058810e-08,0.00056196
13114,0.000283,5.050773e-08,0.00045106
13115,0.000342,5.044059e-08,0.00037233
13116,0.000274,5.038110e-08,0.00031813
13117,0.000288,5.035857e-08,0.00061113
13118,0.000315,5.027163e-08,0.00048644
13119,0.000284,5.020081e-08,0.00039707
13120,0.000278,5.013930e-08,0.00033479
13121,0.000317,5.013374e-08,0.00066618
13122,0.000285,5.003876e-08,0.00052639
13123,0.000287,4.996339e-08,0.00042532
13124,0.000286,4.989936e-08,0.00035410
13125,0.000301,4.984189e-08,0.00030552
13126,0.000290,4.980954e-08,0.00057135
13127,0.000278,4.972858e-08,0.00045746
13128,0.000326,4.966143e-08,0.00037636
13129,0.000293,4.960226e-08,0.00032035
13130,0.000294,4.958450e-08,0.00062178
13131,0.000489,4.949669e-08,0.00049384
13132,0.000515,4.942568e-08,0.00040189
13133,0.000527,4.936438e-08,0.00033761
13134,0.000563,4.936430e-08,0.00067821
13135,0.000291,4.926808e-08,0.00053488
13136,0.000299,4.919232e-08,0.00043101
13137,0.000323,4.912838e-08,0.00035759
13138,0.000297,4.907127e-08,0.00030733
13139,0.000278,4.904321e-08,0.00058102
13140,0.000322,4.896161e-08,0.00046408
13141,0.000290,4.889440e-08,0.00038059
13142,0.000284,4.883551e-08,0.00032271
13143,0.000297,4.882263e-08,0.00063274
13144,0.000315,4.873387e-08,0.00050148
13145,0.000305,4.866262e-08,0.00040692
13146,0.000287,4.860150e-08,0.00034059
13147,0.007004,4.854624e-08,0.00029561
13148,0.000098,4.850948e-08,0.00054363
13149,0.000133,4.843327e-08,0.00043691
13150,0.000087,4.836938e-08,0.00036126
13151,0.000089,4.831262e-08,0.00030928
13152,0.000087,4.828893e-08,0.00059097
13153,0.000089,4.820661e-08,0.00047093
13154,0.000088,4.813930e-08,0.00038500
13155,0.000092,4.808066e-08,0.00032523
13156,0.000091,4.807280e-08,0.00064400
13157,0.000096,4.798299e-08,0.00050937
13158,0.000100,4.791145e-08,0.00041215
13159,0.000092,4.785047e-08,0.00034374
13160,0.000091,4.779560e-08,0.00029717
13161,0.000097,4.776280e-08,0.00055265
13162,0.000091,4.768606e-08,0.00044303
13163,0.000092,4.762218e-08,0.00036510
13164,0.000101,4.756573e-08,0.00031136
13165,0.000093,4.754654e-08,0.00060121
13166,0.000093,4.746342e-08,0.00047803
13167,0.000100,4.739595e-08,0.00038961
13168,0.000091,4.733753e-08,0.00032790
13169,0.000093,4.733481e-08,0.00065558
13170,0.000099,4.724387e-08,0.00051752
13171,0.000094,4.717199e-08,0.00041759
13172,0.000093,4.711111e-08,0.00034706
13173,0.000093,4.705661e-08,0.00029887
13174,0.000099,4.702784e-08,0.00056194
13175,0.000094,4.695052e-08,0.00044938
13176,0.000097,4.688661e-08,0.00036913
13177,0.000097,4.683045e-08,0.00031360
13178,0.000094,4.681584e-08,0.00061175
13179,0.000094,4.673185e-08,0.00048536
13180,0.000099,4.666418e-08,0.00039441
13181,0.000092,4.660595e-08,0.00033073
13182,0.000092,4.655318e-08,0.00028762
13183,0.000099,4.651634e-08,0.00052592
13184,0.000093,4.644405e-08,0.00042324
13185,0.000094,4.638325e-08,0.00035055
13186,0.000097,4.632909e-08,0.00030070
13187,0.000095,4.630444e-08,0.00057151
13188,0.000091,4.622647e-08,0.00045595
13189,0.000100,4.616248e-08,0.00037334
13190,0.000093,4.610657e-08,0.00031598
13191,0.000129,4.609667e-08,0.00062259
13192,0.000103,4.601173e-08,0.00049294
13193,0.000133,4.594382e-08,0.00039942
13194,0.000122,4.588574e-08,0.00033372
13195,0.000115,4.583335e-08,0.00028908
13196,0.000121,4.580023e-08,0.00053459
13197,0.000117,4.572748e-08,0.00042910
13198,0.000119,4.566670e-08,0.00035421
13199,0.000117,4.561285e-08,0.00030266
13200,0.000198,4.559242e-08,0.00058136
13201,0.000176,4.551373e-08,0.00046276
13202,0.000139,4.544962e-08,0.00037774
13203,0.000125,4.539394e-08,0.00031851
13204,0.000097,4.538886e-08,0.00063373
13205,0.000100,4.530289e-08,0.00050076
13206,0.000100,4.523467e-08,0.00040462
13207,0.000098,4.517671e-08,0.00033688
13208,0.000098,4.512468e-08,0.00029067
13209,0.000094,4.509536e-08,0.00054352
13210,0.000093,4.502209e-08,0.00043518
13211,0.000195,4.496130e-08,0.00035805
13212,0.000317,4.490773e-08,0.00030477
13213,0.000282,4.489162e-08,0.00059149
13214,0.000316,4.481214e-08,0.00046979
13215,0.000317,4.474786e-08,0.00038233
13216,0.000276,4.469237e-08,0.00032119
13217,0.000288,4.469225e-08,0.00064517
13218,0.000308,4.460516e-08,0.00050883
13219,0.000281,4.453658e-08,0.00041003
13220,0.000438,4.447870e-08,0.00034020
13221,0.000315,4.442701e-08,0.00029239
13222,0.000302,4.440157e-08,0.00055272
13223,0.000296,4.432771e-08,0.00044149
13224,0.000382,4.426687e-08,0.00036207
13225,0.000369,4.421356e-08,0.00030702
13226,0.000290,4.420187e-08,0.00060192
13227,0.000338,4.412152e-08,0.00047706
13228,0.000273,4.405703e-08,0.00038711
13229,0.000292,4.400170e-08,0.00032403
13230,0.000282,4.395168e-08,0.00028124
13231,0.000376,4.391837e-08,0.00051716
13232,0.000330,4.384938e-08,0.00041564
13233,0.000360,4.379155e-08,0.00034368
13234,0.000341,4.374017e-08,0.00029424
13235,0.000306,4.371869e-08,0.00056219
13236,0.000300,4.364418e-08,0.00044801
13237,0.000318,4.358325e-08,0.00036627
13238,0.000285,4.353016e-08,0.00030942
13239,0.000360,4.352301e-08,0.00061264
13240,0.000371,4.344172e-08,0.00048457
13241,0.000298,4.337696e-08,0.00039209
13242,0.000285,4.332176e-08,0.00032702
13243,0.000322,4.327209e-08,0.00028273
13244,0.000288,4.324237e-08,0.00052574
13245,0.000291,4.317291e-08,0.00042147
13246,0.000336,4.311508e-08,0.00034734
13247,0.000282,4.306398e-08,0.00029623
13248,0.000303,4.304657e-08,0.00057194
13249,0.000283,4.297134e-08,0.00045476
13250,0.000337,4.291027e-08,0.00037065
13251,0.000324,4.285738e-08,0.00031196
13252,0.000333,4.285488e-08,0.00062365
13253,0.000337,4.277257e-08,0.00049233
13254,0.000416,4.270750e-08,0.00039727
13255,0.000326,4.265239e-08,0.00033018
13256,0.000378,4.260305e-08,0.00028434
13257,0.000330,4.257698e-08,0.00053458
13258,0.000433,4.250699e-08,0.00042751
13259,0.000348,4.244913e-08,0.00035117
13260,0.000311,4.239829e-08,0.00029835
13261,0.000295,4.238504e-08,0.00058196
13262,0.000347,4.230902e-08,0.00046173
13263,0.000298,4.224776e-08,0.00037522
13264,0.000313,4.219505e-08,0.00031465
13265,0.000329,4.214727e-08,0.00027364
13266,0.000296,4.211390e-08,0.00050032
13267,0.000314,4.204847e-08,0.00040264
13268,0.000310,4.199342e-08,0.00033350
13269,0.000452,4.194439e-08,0.00028608
13270,0.000302,4.192205e-08,0.00054368
13271,0.000343,4.185147e-08,0.00043376
13272,0.000345,4.179355e-08,0.00035518
13273,0.000299,4.174294e-08,0.00030062
13274,0.000316,4.173394e-08,0.00059228
13275,0.000340,4.165706e-08,0.00046894
13276,0.000339,4.159558e-08,0.00037998
13277,0.000304,4.154300e-08,0.00031749
13278,0.000337,4.149558e-08,0.00027503
13279,0.000316,4.146557e-08,0.00050857
13280,0.000387,4.139972e-08,0.00040822
13281,0.000521,4.134470e-08,0.00033698
13282,0.000450,4.129595e-08,0.00028795
13283,0.000411,4.127743e-08,0.00055306
13284,0.000414,4.120620e-08,0.00044024
13285,0.000310,4.114817e-08,0.00035937
13286,0.007465,4.109776e-08,0.00030302
13287,0.000174,4.109313e-08,0.00060287
13288,0.000117,4.101532e-08,0.00047639
13289,0.000151,4.095356e-08,0.00038493
13290,0.000133,4.090109e-08,0.00032050
13291,0.000135,4.085399e-08,0.00027654
13292,0.000130,4.082742e-08,0.00051706
13293,0.000128,4.076110e-08,0.00041401
13294,0.000135,4.070607e-08,0.00034064
13295,0.000127,4.065758e-08,0.00028996
13296,0.000129,4.064296e-08,0.00056270
13297,0.000136,4.057102e-08,0.00044693
13298,0.000146,4.051283e-08,0.00036373
13299,0.000138,4.046260e-08,0.00030558
13300,0.000143,4.046246e-08,0.00061377
13301,0.000132,4.038363e-08,0.00048407
13302,0.000132,4.032155e-08,0.00039008
13303,0.000137,4.026916e-08,0.00032365
13304,0.000138,4.022236e-08,0.00027818
13305,0.000147,4.019931e-08,0.00052582
13306,0.000137,4.013245e-08,0.00042000
13307,0.000132,4.007737e-08,0.00034446
13308,0.000129,4.002911e-08,0.00029210
13309,0.000131,4.001850e-08,0.00057262
13310,0.000138,3.994577e-08,0.00045385
13311,0.000132,3.988739e-08,0.00036828
13312,0.000134,3.983730e-08,0.00030828
13313,0.000140,3.979202e-08,0.00026758
13314,0.000132,3.976185e-08,0.00049199
13315,0.000132,3.969940e-08,0.00039542
13316,0.000140,3.964704e-08,0.00032697
13317,0.000130,3.960053e-08,0.00027994
13318,0.000133,3.958107e-08,0.00053483
13319,0.000139,3.951362e-08,0.00042621
13320,0.000148,3.945846e-08,0.00034846
13321,0.000135,3.941040e-08,0.00029438
13322,0.000139,3.940390e-08,0.00058282
13323,0.000137,3.933031e-08,0.00046099
13324,0.000139,3.927170e-08,0.00037302
13325,0.000193,3.922173e-08,0.00031113
13326,0.000162,3.917676e-08,0.00026899
13327,0.000103,3.914983e-08,0.00050015
13328,0.000096,3.908695e-08,0.00040097
13329,0.000102,3.903461e-08,0.00033045
13330,0.000096,3.898835e-08,0.00028183
13331,0.000097,3.897256e-08,0.00054410
13332,0.000102,3.890446e-08,0.00043263
13333,0.000095,3.884918e-08,0.00035263
13334,0.000095,3.880130e-08,0.00029679
13335,0.000101,3.879901e-08,0.00059330
13336,0.000096,3.872450e-08,0.00046837
13337,0.000096,3.866560e-08,0.00037794
13338,0.000100,3.861571e-08,0.00031413
13339,0.000094,3.857105e-08,0.00027052
13340,0.000098,3.854742e-08,0.00050857
13341,0.000112,3.848407e-08,0.00040671
13342,0.000135,3.843169e-08,0.00033410
13343,0.000183,3.838567e-08,0.00028385
13344,0.000197,3.837364e-08,0.00055364
13345,0.000248,3.830483e-08,0.00043927
13346,0.000142,3.824938e-08,0.00035697
13347,0.000142,3.820166e-08,0.00029936
13348,0.000118,3.815841e-08,0.00026035
13349,0.000115,3.812818e-08,0.00047598
13350,0.000102,3.806895e-08,0.00038306
13351,0.000109,3.801912e-08,0.00031729
13352,0.000093,3.797473e-08,0.00027218
13353,0.000096,3.795448e-08,0.00051723
13354,0.000100,3.789060e-08,0.00041266
13355,0.000165,3.783816e-08,0.00033791
13356,0.000299,3.779235e-08,0.00028601
13357,0.000331,3.778418e-08,0.00056345
13358,0.000305,3.771459e-08,0.00044613
13359,0.000299,3.765893e-08,0.00036150
13360,0.000357,3.761134e-08,0.00030206
13361,0.000334,3.756840e-08,0.00026167
13362,0.000306,3.754122e-08,0.00048382
13363,0.000346,3.748161e-08,0.00038837
13364,0.000301,3.743180e-08,0.00032060
13365,0.000320,3.738767e-08,0.00027396
13366,0.000300,3.737088e-08,0.00052615
13367,0.000344,3.730640e-08,0.00041882
13368,0.000299,3.725387e-08,0.00034189
13369,0.000312,3.720823e-08,0.00028830
13370,0.000339,3.720402e-08,0.00057354
13371,0.000303,3.713358e-08,0.00045321
13372,0.000313,3.707768e-08,0.00036622
13373,0.000337,3.703018e-08,0.00030492
13374,0.000307,3.698754e-08,0.00026311
13375,0.000351,3.696347e-08,0.00049191
13376,0.000538,3.690343e-08,0.00039387
13377,0.000389,3.685362e-08,0.00032408
13378,0.000314,3.680972e-08,0.00027587
13379,0.000355,3.679647e-08,0.00053532
13380,0.000340,3.673134e-08,0.00042519
13381,0.000332,3.667867e-08,0.00034605
13382,0.000370,3.663320e-08,0.00029072
13383,0.000429,3.663304e-08,0.00058390
13384,0.000471,3.656169e-08,0.00046052
13385,0.000311,3.650549e-08,0.00037111
13386,0.000348,3.645806e-08,0.00030792
13387,0.000314,3.641570e-08,0.00026466
13388,0.000318,3.639481e-08,0.00050024
13389,0.000376,3.633429e-08,0.00039958
13390,0.000315,3.628443e-08,0.00032771
13391,0.000314,3.624074e-08,0.00027790
13392,0.000349,3.623111e-08,0.00054476
13393,0.000317,3.616528e-08,0.00043177
13394,0.000314,3.611243e-08,0.00035038
13395,0.000360,3.606709e-08,0.00029329
13396,0.000309,3.602609e-08,0.00025458
13397,0.000318,3.599876e-08,0.00046806
13398,0.000349,3.594223e-08,0.00037620
13399,0.000510,3.589483e-08,0.00031108
13400,0.000467,3.585272e-08,0.00026634
13401,0.000368,3.583509e-08,0.00050881
13402,0.000329,3.577403e-08,0.00040548
13403,0.000405,3.572410e-08,0.00033152
13404,0.000321,3.568059e-08,0.00028007
13405,0.000343,3.567468e-08,0.00055446
13406,0.000312,3.560808e-08,0.00043857
13407,0.000314,3.555501e-08,0.00035488
13408,0.000347,3.550978e-08,0.00029601
13409,0.000317,3.546907e-08,0.00025592
13410,0.000312,3.544467e-08,0.00047583
13411,0.000370,3.538775e-08,0.00038147
13412,0.000360,3.534037e-08,0.00031439
13413,0.000422,3.529849e-08,0.00026814
13414,0.000451,3.528418e-08,0.00051764
13415,0.000326,3.522253e-08,0.00041159
13416,0.000316,3.517249e-08,0.00033548
13417,0.000346,3.512915e-08,0.00028237
13418,0.000345,3.512705e-08,0.00056444
13419,0.000316,3.505960e-08,0.00044559
13420,0.000356,3.500628e-08,0.00035957
13421,0.000321,3.496112e-08,0.00029886
13422,0.000432,3.492069e-08,0.00025738
13423,0.000507,3.489928e-08,0.00048383
13424,0.000394,3.484193e-08,0.00038694
13425,0.000328,3.479452e-08,0.00031786
13426,0.000322,3.475285e-08,0.00027006
13427,0.007323,3.474195e-08,0.00052671
13428,0.000110,3.467966e-08,0.00041791
13429,0.000119,3.462946e-08,0.00033962
13430,0.000115,3.458626e-08,0.00028481
13431,0.000115,3.454711e-08,0.00024770
13432,0.000099,3.451973e-08,0.00045283
13433,0.000098,3.446611e-08,0.00036444
13434,0.000104,3.442100e-08,0.00030187
13435,0.000094,3.438081e-08,0.00025896
13436,0.000096,3.436247e-08,0.00049207
13437,0.000096,3.430464e-08,0.00039260
13438,0.000106,3.425717e-08,0.00032149
13439,0.000102,3.421569e-08,0.00027211
13440,0.000101,3.420828e-08,0.00053605
13441,0.000100,3.414528e-08,0.00042444
13442,0.000102,3.409490e-08,0.00034393
13443,0.000101,3.405181e-08,0.00028738
13444,0.000105,3.401294e-08,0.00024896
13445,0.000108,3.398832e-08,0.00046030
13446,0.000104,3.393436e-08,0.00036949
13447,0.000102,3.388927e-08,0.00030502
13448,0.000095,3.384932e-08,0.00026065
13449,0.000095,3.383410e-08,0.00050056
13450,0.000102,3.377574e-08,0.00039846
13451,0.000101,3.372818e-08,0.00032527
13452,0.000102,3.368687e-08,0.00027429
13453,0.000102,3.368304e-08,0.00054564
13454,0.000099,3.361927e-08,0.00043117
13455,0.000097,3.356867e-08,0.00034841
13456,0.000098,3.352567e-08,0.00029010
13457,0.000100,3.348707e-08,0.00025033
13458,0.000099,3.346526e-08,0.00046799
13459,0.000097,3.341091e-08,0.00037473
13460,0.000103,3.336581e-08,0.00030833
13461,0.000097,3.332607e-08,0.00026247
13462,0.000097,3.331406e-08,0.00050929
13463,0.000103,3.325511e-08,0.00040452
13464,0.000227,3.320742e-08,0.00032923
13465,0.000164,3.316626e-08,0.00027660
13466,0.000154,3.316610e-08,0.00055551
13467,0.000147,3.310151e-08,0.00043813
13468,0.000142,3.305064e-08,0.00035307
13469,0.000147,3.300770e-08,0.00029296
13470,0.000139,3.296935e-08,0.00025181
13471,0.000141,3.295042e-08,0.00047591
13472,0.000150,3.289563e-08,0.00038015
13473,0.000144,3.285050e-08,0.00031179
13474,0.000139,3.281095e-08,0.00026440
13475,0.000139,3.280221e-08,0.00051827
13476,0.000149,3.274262e-08,0.00041078
13477,0.000136,3.269478e-08,0.00033335
13478,0.000141,3.265373e-08,0.00027904
13479,0.000148,3.261662e-08,0.00024221
13480,0.000138,3.259186e-08,0.00044530
13481,0.000139,3.254069e-08,0.00035791
13482,0.000148,3.249778e-08,0.00029596
13483,0.000156,3.245966e-08,0.00025340
13484,0.000155,3.244368e-08,0.00048407
13485,0.000158,3.238841e-08,0.00038577
13486,0.000140,3.234320e-08,0.00031541
13487,0.000142,3.230382e-08,0.00026647
13488,0.000180,3.229845e-08,0.00052750
13489,0.000179,3.223816e-08,0.00041725
13490,0.000177,3.219012e-08,0.00033763
13491,0.000232,3.214917e-08,0.00028162
13492,0.000132,3.211232e-08,0.00024349
13493,0.000116,3.209022e-08,0.00045269
13494,0.000113,3.203869e-08,0.00036293
13495,0.000181,3.199579e-08,0.00029911
13496,0.000407,3.195788e-08,0.00025511
13497,0.000317,3.194491e-08,0.00049247
13498,0.000347,3.188911e-08,0.00039159
13499,0.000309,3.184380e-08,0.00031918
13500,0.000318,3.180457e-08,0.00026865
13501,0.000341,3.180265e-08,0.00053699
13502,0.000316,3.174160e-08,0.00042393
13503,0.000352,3.169333e-08,0.00034209
13504,0.000352,3.165245e-08,0.00028434
13505,0.000315,3.161584e-08,0.00024488
13506,0.000314,3.159645e-08,0.00046031
13507,0.000349,3.154453e-08,0.00036813
13508,0.000325,3.150161e-08,0.00030241
13509,0.000320,3.146389e-08,0.00025694
13510,0.000346,3.145401e-08,0.00050111
13511,0.000336,3.139762e-08,0.00039760
13512,0.000316,3.135218e-08,0.00032312
13513,0.000316,3.131307e-08,0.00027097
13514,0.000349,3.127762e-08,0.00023567
13515,0.000321,3.125282e-08,0.00043082
13516,0.000335,3.120428e-08,0.00034672
13517,0.000440,3.116345e-08,0.00028720
13518,0.000439,3.112707e-08,0.00024638
13519,0.000472,3.111044e-08,0.00046815
13520,0.000491,3.105809e-08,0.00037352
13521,0.000437,3.101512e-08,0.00030586
13522,0.000472,3.097757e-08,0.00025889
13523,0.000756,3.097085e-08,0.00050999
13524,0.000615,3.091382e-08,0.00040381
13525,0.000457,3.086821e-08,0.00032722
13526,0.000490,3.082920e-08,0.00027342
13527,0.000434,3.079402e-08,0.00023687
13528,0.000437,3.077171e-08,0.00043792
13529,0.000488,3.072286e-08,0.00035153
13530,0.000428,3.068205e-08,0.00029020
13531,0.000431,3.064588e-08,0.00024799
13532,0.000431,3.063209e-08,0.00047623
13533,0.000481,3.057925e-08,0.00037909
13534,0.000475,3.053620e-08,0.00030947
13535,0.000482,3.049880e-08,0.00026097
13536,0.000485,3.049532e-08,0.00051912
13537,0.000441,3.043760e-08,0.00041022
13538,0.000436,3.039179e-08,0.00033148
13539,0.000480,3.035286e-08,0.00027601
13540,0.000431,3.031791e-08,0.00023817
13541,0.000481,3.029816e-08,0.00044524
13542,0.000483,3.024896e-08,0.00035651
13543,0.000437,3.020814e-08,0.00029335
13544,0.000447,3.017216e-08,0.00024972
13545,0.000487,3.016127e-08,0.00048453
13546,0.000449,3.010790e-08,0.00038486
13547,0.000435,3.006474e-08,0.00031323
13548,0.000488,3.002747e-08,0.00026316
13549,0.000433,3.002731e-08,0.00052850
13550,0.000438,2.996884e-08,0.00041683
13551,0.000444,2.992279e-08,0.00033592
13552,0.000633,2.988392e-08,0.00027873
13553,0.000719,2.984920e-08,0.00023958
13554,0.000528,2.983205e-08,0.00045278
13555,0.000382,2.978245e-08,0.00036168
13556,0.000316,2.974159e-08,0.00029664
13557,0.000313,2.970579e-08,0.00025156
13558,0.000357,2.969787e-08,0.00049308
13559,0.000318,2.964392e-08,0.00039082
13560,0.000348,2.960061e-08,0.00031715
13561,0.000349,2.956345e-08,0.00026549
13562,0.000309,2.952985e-08,0.00023045
13563,0.000313,2.950743e-08,0.00042366
13564,0.000356,2.946110e-08,0.00034052
13565,0.000319,2.942226e-08,0.00028159
13566,0.000318,2.938775e-08,0.00024110
13567,0.009179,2.937327e-08,0.00046054
13568,0.000123,2.932324e-08,0.00036703
13569,0.000135,2.928231e-08,0.00030008
13570,0.000135,2.924666e-08,0.00025352
13571,0.000131,2.924179e-08,0.00050186
13572,0.000140,2.918721e-08,0.00039697
13573,0.000131,2.914372e-08,0.00032123
13574,0.000133,2.910665e-08,0.00026794
13575,0.000137,2.907328e-08,0.00023167
13576,0.000138,2.905326e-08,0.00043069
13577,0.000130,2.900662e-08,0.00034529
13578,0.000149,2.896779e-08,0.00028458
13579,0.000140,2.893347e-08,0.00024272
13580,0.000162,2.892171e-08,0.00046853
13581,0.000162,2.887119e-08,0.00037256
13582,0.000162,2.883018e-08,0.00030367
13583,0.000155,2.879466e-08,0.00025561
13584,0.000163,2.879291e-08,0.00051089
13585,0.000181,2.873765e-08,0.00040333
13586,0.000158,2.869395e-08,0.00032547
13587,0.000214,2.865694e-08,0.00027053
13588,0.000207,2.862380e-08,0.00023299
13589,0.000113,2.860623e-08,0.00043794
13590,0.000117,2.855924e-08,0.00035024
13591,0.000103,2.852038e-08,0.00028772
13592,0.000094,2.848623e-08,0.00024447
13593,0.000101,2.847727e-08,0.00047675
13594,0.000102,2.842622e-08,0.00037828
13595,0.000094,2.838509e-08,0.00030742
13596,0.000094,2.834968e-08,0.00025781
13597,0.000111,2.831759e-08,0.00022423
13598,0.000093,2.829513e-08,0.00040988
13599,0.000140,2.825119e-08,0.00032988
13600,0.000104,2.821422e-08,0.00027325
13601,0.000123,2.818129e-08,0.00023442
13602,0.000101,2.816623e-08,0.00044540
13603,0.000102,2.811884e-08,0.00035537
13604,0.000097,2.807993e-08,0.00029101
13605,0.000096,2.804594e-08,0.00024632
13606,0.000094,2.803984e-08,0.00048520
13607,0.000098,2.798822e-08,0.00038418
13608,0.000092,2.794693e-08,0.00031132
13609,0.000090,2.791162e-08,0.00026014
13610,0.000097,2.787976e-08,0.00022537
13611,0.000094,2.785956e-08,0.00041664
13612,0.000094,2.781534e-08,0.00033445
13613,0.000096,2.777839e-08,0.00027611
13614,0.000093,2.774564e-08,0.00023595
13615,0.000095,2.773315e-08,0.00045308
13616,0.000096,2.768532e-08,0.00036067
13617,0.000094,2.764634e-08,0.00029444
13618,0.000091,2.761248e-08,0.00024829
13619,0.000094,2.760932e-08,0.00049389
13620,0.000100,2.755707e-08,0.00039028
13621,0.000095,2.751560e-08,0.00031538
13622,0.000096,2.748035e-08,0.00026260
13623,0.000107,2.744872e-08,0.00022661
13624,0.000095,2.743083e-08,0.00042361
13625,0.000103,2.738629e-08,0.00033919
13626,0.000107,2.734933e-08,0.00027910
13627,0.000096,2.731676e-08,0.00023759
13628,0.000096,2.730689e-08,0.00046099
13629,0.000101,2.725858e-08,0.00036616
13630,0.000094,2.721950e-08,0.00029802
13631,0.000092,2.718576e-08,0.00025038
13632,0.000101,2.718561e-08,0.00050282
13633,0.000103,2.713268e-08,0.00039658
13634,0.000105,2.709099e-08,0.00031960
13635,0.000110,2.705580e-08,0.00026519
13636,0.000164,2.702436e-08,0.00022795
13637,0.000315,2.700883e-08,0.00043078
13638,0.000321,2.696393e-08,0.00034411
13639,0.000345,2.692694e-08,0.00028223
13640,0.000310,2.689453e-08,0.00023935
13641,0.000309,2.688735e-08,0.00046912
13642,0.000456,2.683851e-08,0.00037183
13643,0.000398,2.679931e-08,0.00030175
13644,0.000357,2.676566e-08,0.00025260
13645,0.000364,2.673524e-08,0.00021927
13646,0.000320,2.671494e-08,0.00040307
13647,0.000317,2.667300e-08,0.00032398
13648,0.000356,2.663784e-08,0.00026791
13649,0.000314,2.660659e-08,0.00022939
13650,0.000319,2.659347e-08,0.00043817
13651,0.000351,2.654818e-08,0.00034920
13652,0.000317,2.651113e-08,0.00028551
13653,0.000312,2.647886e-08,0.00024121
13654,0.000352,2.647443e-08,0.00047748
13655,0.000320,2.642502e-08,0.00037769
13656,0.000314,2.638566e-08,0.00030563
13657,0.000318,2.635209e-08,0.00025493
13658,0.000353,2.632189e-08,0.00022042
13659,0.000326,2.630376e-08,0.00040977
13660,0.000334,2.626154e-08,0.00032852
13661,0.000405,2.622638e-08,0.00027076
13662,0.000323,2.619530e-08,0.00023094
13663,0.000320,2.618465e-08,0.00044577
13664,0.000572,2.613892e-08,0.00035446
13665,0.000524,2.610179e-08,0.00028893
13666,0.000572,2.606964e-08,0.00024320
13667,0.000734,2.606804e-08,0.00048607
13668,0.000474,2.601801e-08,0.00038373
13669,0.000449,2.597846e-08,0.00030966
13670,0.000375,2.594495e-08,0.00025739
13671,0.000320,2.591495e-08,0.00022168
13672,0.000320,2.589904e-08,0.00041666
13673,0.000364,2.585649e-08,0.00033323
13674,0.000322,2.582132e-08,0.00027375
13675,0.000333,2.579040e-08,0.00023260
13676,0.000320,2.578228e-08,0.00045359
13677,0.000350,2.573607e-08,0.00035990
13678,0.000320,2.569883e-08,0.00029249
13679,0.000350,2.566677e-08,0.00024530
13680,0.000406,2.563772e-08,0.00021335
13681,0.000323,2.561738e-08,0.00038997
13682,0.000331,2.557760e-08,0.00031386
13683,0.000362,2.554413e-08,0.00025998
13684,0.000321,2.551432e-08,0.00022304
13685,0.000332,2.550068e-08,0.00042376
13686,0.000386,2.545777e-08,0.00033811
13687,0.000418,2.542256e-08,0.00027687
13688,0.000339,2.539178e-08,0.00023436
13689,0.000608,2.538625e-08,0.00046163
13690,0.000399,2.533952e-08,0.00036552
13691,0.000329,2.530214e-08,0.00029620
13692,0.000362,2.527017e-08,0.00024751
13693,0.000402,2.524133e-08,0.00021443
13694,0.000529,2.522304e-08,0.00039640
13695,0.000413,2.518300e-08,0.00031821
13696,0.000360,2.514955e-08,0.00026270
13697,0.000319,2.511990e-08,0.00022450
13698,0.000314,2.510859e-08,0.00043107
13699,0.000441,2.506529e-08,0.00034316
13700,0.000334,2.503000e-08,0.00028014
13701,0.000324,2.499935e-08,0.00023624
13702,0.000366,2.499648e-08,0.00046990
13703,0.000328,2.494918e-08,0.00037133
13704,0.000323,2.491163e-08,0.00030006
13705,0.000360,2.487973e-08,0.00024985
13706,0.000319,2.485108e-08,0.00021561
13707,0.010025,2.483488e-08,0.00040303
13708,0.000153,2.479456e-08,0.00032272
13709,0.000177,2.476110e-08,0.00026555
13710,0.000134,2.473161e-08,0.00022606
13711,0.000142,2.472267e-08,0.00043859
13712,0.000133,2.467894e-08,0.00034838
13713,0.000132,2.464356e-08,0.00028354
13714,0.000127,2.461301e-08,0.00023823
13715,0.000136,2.461287e-08,0.00047839
13716,0.000129,2.456495e-08,0.00037732
13717,0.000145,2.452721e-08,0.00030408
13718,0.000137,2.449535e-08,0.00025231
13719,0.000131,2.446689e-08,0.00021688
13720,0.000131,2.445283e-08,0.00040985
13721,0.000141,2.441218e-08,0.00032740
13722,0.000133,2.437869e-08,0.00026853
13723,0.000129,2.434935e-08,0.00022773
13724,0.000143,2.434284e-08,0.00044633
13725,0.000134,2.429863e-08,0.00035377
13726,0.000132,2.426314e-08,0.00028709
13727,0.000136,2.423268e-08,0.00024033
13728,0.000130,2.420514e-08,0.00020862
13729,0.000131,2.418675e-08,0.00038349
13730,0.000139,2.414878e-08,0.00030824
13731,0.000131,2.411695e-08,0.00025490
13732,0.000142,2.408866e-08,0.00021826
13733,0.000144,2.407678e-08,0.00041688
13734,0.000156,2.403578e-08,0.00033224
13735,0.000137,2.400224e-08,0.00027164
13736,0.000141,2.397302e-08,0.00022950
13737,0.000141,2.396901e-08,0.00045428
13738,0.000134,2.392428e-08,0.00035934
13739,0.000134,2.388864e-08,0.00029079
13740,0.000143,2.385825e-08,0.00024256
13741,0.000133,2.383091e-08,0.00020973
13742,0.000133,2.381449e-08,0.00038986
13743,0.000139,2.377626e-08,0.00031257
13744,0.000130,2.374443e-08,0.00025762
13745,0.000132,2.371630e-08,0.00021973
13746,0.000137,2.370665e-08,0.00042412
13747,0.000132,2.366525e-08,0.00033724
13748,0.000130,2.363164e-08,0.00027490
13749,0.000139,2.360253e-08,0.00023139
13750,0.000134,2.360108e-08,0.00046246
13751,0.000131,2.355579e-08,0.00036510
13752,0.000134,2.351997e-08,0.00029463
13753,0.000142,2.348964e-08,0.00024490
13754,0.000190,2.346248e-08,0.00021092
13755,0.000116,2.344807e-08,0.00039642
13756,0.000100,2.340955e-08,0.00031705
13757,0.000094,2.337771e-08,0.00026046
13758,0.000092,2.334972e-08,0.00022131
13759,0.000106,2.334236e-08,0.00043156
13760,0.000106,2.330053e-08,0.00034242
13761,0.000132,2.326681e-08,0.00027829
13762,0.000156,2.323780e-08,0.00023339
13763,0.000119,2.321149e-08,0.00020299
13764,0.000121,2.319307e-08,0.00037103
13765,0.000121,2.315706e-08,0.00029862
13766,0.000104,2.312676e-08,0.00024736
13767,0.000103,2.309977e-08,0.00021221
13768,0.000189,2.308741e-08,0.00040318
13769,0.000339,2.304857e-08,0.00032169
13770,0.000175,2.301669e-08,0.00026343
13771,0.000146,2.298883e-08,0.00022299
13772,0.000170,2.298381e-08,0.00043921
13773,0.000150,2.294151e-08,0.00034777
13774,0.000155,2.290767e-08,0.00028182
13775,0.000163,2.287873e-08,0.00023550
13776,0.000142,2.285262e-08,0.00020402
13777,0.000141,2.283605e-08,0.00037715
13778,0.000482,2.279981e-08,0.00030276
13779,0.000433,2.276952e-08,0.00024995
13780,0.000431,2.274268e-08,0.00021360
13781,0.000492,2.273243e-08,0.00041014
13782,0.000442,2.269323e-08,0.00032649
13783,0.000460,2.266129e-08,0.00026654
13784,0.000489,2.263354e-08,0.00022477
13785,0.000442,2.263093e-08,0.00044708
13786,0.000424,2.258811e-08,0.00035329
13787,0.000476,2.255412e-08,0.00028549
13788,0.000420,2.252524e-08,0.00023772
13789,0.000440,2.249931e-08,0.00020514
13790,0.000479,2.248463e-08,0.00038346
13791,0.000560,2.244813e-08,0.00030705
13792,0.000491,2.241784e-08,0.00025266
13793,0.000505,2.239114e-08,0.00021509
13794,0.000478,2.238304e-08,0.00041729
13795,0.000432,2.234345e-08,0.00033146
13796,0.000435,2.231142e-08,0.00026978
13797,0.000479,2.228377e-08,0.00022666
13798,0.000433,2.228363e-08,0.00045516
13799,0.000438,2.224025e-08,0.00035899
13800,0.000489,2.220608e-08,0.00028931
13801,0.000425,2.217724e-08,0.00024007
13802,0.000424,2.215148e-08,0.00020636
13803,0.000474,2.213874e-08,0.00038995
13804,0.000482,2.210194e-08,0.00031150
13805,0.000450,2.207162e-08,0.00025549
13806,0.000707,2.204506e-08,0.00021667
13807,0.000558,2.203916e-08,0.00042466
13808,0.000534,2.199914e-08,0.00033659
13809,0.000589,2.196700e-08,0.00027315
13810,0.000394,2.193943e-08,0.00022867
13811,0.000319,2.191450e-08,0.00019850
13812,0.000359,2.189784e-08,0.00036487
13813,0.000354,2.186347e-08,0.00029328
13814,0.000321,2.183465e-08,0.00024253
13815,0.000312,2.180904e-08,0.00020766
13816,0.000362,2.179828e-08,0.00039664
13817,0.000325,2.176116e-08,0.00031610
13818,0.000331,2.173080e-08,0.00025846
13819,0.000353,2.170434e-08,0.00021836
13820,0.000315,2.170071e-08,0.00043222
13821,0.000321,2.166021e-08,0.00034190
13822,0.000352,2.162795e-08,0.00027667
13823,0.000326,2.160044e-08,0.00023078
13824,0.000325,2.157568e-08,0.00019955
13825,0.000362,2.156081e-08,0.00037093
13826,0.000322,2.152621e-08,0.00029739
13827,0.000320,2.149739e-08,0.00024511
13828,0.000322,2.147193e-08,0.00020907
13829,0.006151,2.146318e-08,0.00040352
13830,0.000110,2.142571e-08,0.00032087
13831,0.000091,2.139528e-08,0.00026155
13832,0.000108,2.136892e-08,0.00022016
13833,0.000101,2.136760e-08,0.00044000
13834,0.000095,2.132660e-08,0.00034737
13835,0.000103,2.129418e-08,0.00028032
13836,0.000100,2.126672e-08,0.00023301
13837,0.000092,2.124213e-08,0.00020069
13838,0.000099,2.122908e-08,0.00037718
13839,0.000097,2.119421e-08,0.00030165
13840,0.000098,2.116538e-08,0.00024782
13841,0.000100,2.114004e-08,0.00021056
13842,0.000097,2.113337e-08,0.00041060
13843,0.000096,2.109550e-08,0.00032580
13844,0.000102,2.106498e-08,0.00026478
13845,0.000096,2.103871e-08,0.00022206
13846,0.000105,2.101489e-08,0.00019314
13847,0.000103,2.099821e-08,0.00035302
13848,0.000102,2.096561e-08,0.00028412
13849,0.000098,2.093818e-08,0.00023535
13850,0.000096,2.091374e-08,0.00020191
13851,0.000101,2.090255e-08,0.00038361
13852,0.000097,2.086739e-08,0.00030607
13853,0.000097,2.083853e-08,0.00025064
13854,0.000099,2.081330e-08,0.00021216
13855,0.000103,2.080876e-08,0.00041788
13856,0.000126,2.077046e-08,0.00033089
13857,0.000182,2.073982e-08,0.00026814
13858,0.000149,2.071362e-08,0.00022407
13859,0.000121,2.068998e-08,0.00019412
13860,0.000125,2.067498e-08,0.00035884
13861,0.000117,2.064217e-08,0.00028806
13862,0.000130,2.061475e-08,0.00023781
13863,0.000153,2.059045e-08,0.00020323
13864,0.000227,2.058117e-08,0.00039022
13865,0.000241,2.054568e-08,0.00031064
13866,0.000173,2.051676e-08,0.00025360
13867,0.000113,2.049164e-08,0.00021386
13868,0.000106,2.048927e-08,0.00042537
13869,0.000109,2.045051e-08,0.00033614
13870,0.000104,2.041974e-08,0.00027163
13871,0.000099,2.039359e-08,0.00022619
13872,0.000099,2.037011e-08,0.00019519
13873,0.000113,2.035682e-08,0.00036484
13874,0.000100,2.032378e-08,0.00029214
13875,0.000095,2.029635e-08,0.00024039
13876,0.000099,2.027218e-08,0.00020465
13877,0.000105,2.026484e-08,0.00039703
13878,0.000104,2.022900e-08,0.00031537
13879,0.000109,2.020001e-08,0.00025668
13880,0.000100,2.017497e-08,0.00021566
13881,0.000105,2.017484e-08,0.00043306
13882,0.000104,2.013557e-08,0.00034157
13883,0.000100,2.010464e-08,0.00027527
13884,0.000101,2.007853e-08,0.00022841
13885,0.000111,2.005520e-08,0.00019634
13886,0.000100,2.004366e-08,0.00037102
13887,0.000107,2.001035e-08,0.00029638
13888,0.000104,1.998291e-08,0.00024309
13889,0.000110,1.995885e-08,0.00020616
13890,0.000100,1.995351e-08,0.00040404
13891,0.000098,1.991728e-08,0.00032025
13892,0.000104,1.988819e-08,0.00025989
13893,0.000096,1.986322e-08,0.00021757
13894,0.000097,1.984065e-08,0.00018887
13895,0.000103,1.982557e-08,0.00034716
13896,0.000098,1.979445e-08,0.00027904
13897,0.000098,1.976836e-08,0.00023076
13898,0.000102,1.974518e-08,0.00019759
13899,0.000100,1.973543e-08,0.00037738
13900,0.000101,1.970182e-08,0.00030076
13901,0.000114,1.967434e-08,0.00024591
13902,0.000166,1.965039e-08,0.00020777
13903,0.000320,1.964709e-08,0.00041124
13904,0.000389,1.961043e-08,0.00032530
13905,0.000332,1.958122e-08,0.00026324
13906,0.000319,1.955632e-08,0.00021958
13907,0.000334,1.953390e-08,0.00018986
13908,0.000370,1.952044e-08,0.00035292
13909,0.000328,1.948911e-08,0.00028295
13910,0.000321,1.946302e-08,0.00023321
13911,0.000436,1.943997e-08,0.00019892
13912,0.000358,1.943205e-08,0.00038393
13913,0.000422,1.939812e-08,0.00030529
13914,0.000747,1.937057e-08,0.00024886
13915,0.000443,1.934671e-08,0.00020947
13916,0.000434,1.934551e-08,0.00041864
13917,0.004264,1.930839e-08,0.00033051
13918,0.000093,1.927904e-08,0.00026672
13919,0.000085,1.925418e-08,0.00022170
13920,0.000107,1.923191e-08,0.00019095
13921,0.000099,1.922010e-08,0.00035887
13922,0.000104,1.918853e-08,0.00028701
13923,0.000112,1.916243e-08,0.00023579
13924,0.000102,1.913949e-08,0.00020035
13925,0.000112,1.913345e-08,0.00039067
13926,0.000103,1.909916e-08,0.00030998
13927,0.000095,1.907153e-08,0.00025193
13928,0.000111,1.904775e-08,0.00021128
13929,0.000110,1.902619e-08,0.00018377
13930,0.000143,1.901108e-08,0.00033588
13931,0.000179,1.898157e-08,0.00027033
13932,0.000176,1.895674e-08,0.00022393
13933,0.000152,1.893461e-08,0.00019212
13934,0.000221,1.892448e-08,0.00036498
13935,0.000345,1.889264e-08,0.00029121
13936,0.000168,1.886651e-08,0.00023848
13937,0.000128,1.884368e-08,0.00020187
13938,0.000111,1.883956e-08,0.00039760
13939,0.000103,1.880488e-08,0.00031482
13940,0.000099,1.877715e-08,0.00025512
13941,0.000115,1.875343e-08,0.00021319
13942,0.000098,1.873203e-08,0.00018470
13943,0.000097,1.871844e-08,0.00034142
13944,0.000117,1.868874e-08,0.00027408
13945,0.000110,1.866392e-08,0.00022627
13946,0.000106,1.864192e-08,0.00019337
13947,0.000112,1.863351e-08,0.00037128
13948,0.000101,1.860138e-08,0.00029556
13949,0.000101,1.857520e-08,0.00024129
13950,0.000130,1.855246e-08,0.00020348
13951,0.000115,1.855031e-08,0.00040472
13952,0.000153,1.851521e-08,0.00031983
13953,0.000164,1.848736e-08,0.00025845
13954,0.000144,1.846368e-08,0.00021521
13955,0.000104,1.844243e-08,0.00018572
13956,0.000098,1.843040e-08,0.00034713
13957,0.000103,1.840048e-08,0.00027796
13958,0.000106,1.837565e-08,0.00022873
13959,0.000097,1.835377e-08,0.00019472
13960,0.000104,1.834712e-08,0.00037776
13961,0.000098,1.831467e-08,0.00030006
13962,0.000097,1.828842e-08,0.00024422
13963,0.000102,1.826576e-08,0.00020520
13964,0.000097,1.826563e-08,0.00041204
13965,0.000099,1.823008e-08,0.00032499
13966,0.000106,1.820208e-08,0.00026191
13967,0.000098,1.817844e-08,0.00021733
13968,0.000100,1.815732e-08,0.00018682
13969,0.000116,1.814687e-08,0.00035301
13970,0.000105,1.811672e-08,0.00028199
13971,0.000098,1.809187e-08,0.00023129
13972,0.000097,1.807009e-08,0.00019616
13973,0.000110,1.806525e-08,0.00038442
13974,0.000097,1.803245e-08,0.00030471
13975,0.000099,1.800611e-08,0.00024728
13976,0.000105,1.798351e-08,0.00020701
13977,0.000105,1.796308e-08,0.00017970
13978,0.000100,1.794942e-08,0.00033031
13979,0.000107,1.792125e-08,0.00026550
13980,0.000097,1.789763e-08,0.00021956
13981,0.000097,1.787664e-08,0.00018800
13982,0.000105,1.786781e-08,0.00035906
13983,0.000098,1.783739e-08,0.00028616
13984,0.000098,1.781250e-08,0.00023398
13985,0.000105,1.779082e-08,0.00019769
13986,0.000099,1.778783e-08,0.00039128
13987,0.002953,1.775464e-08,0.00030951
13988,0.000149,1.772820e-08,0.00025046
13989,0.000160,1.770565e-08,0.00020893
13990,0.000135,1.768536e-08,0.00018065
13991,0.000114,1.767317e-08,0.00033579
13992,0.000111,1.764481e-08,0.00026922
13993,0.000109,1.762119e-08,0.00022190
13994,0.000104,1.760031e-08,0.00018927
13995,0.000101,1.759314e-08,0.00036530
13996,0.000110,1.756243e-08,0.00029048
13997,0.000110,1.753749e-08,0.00023678
13998,0.000105,1.751588e-08,0.00019931
13999,0.000104,1.751479e-08,0.00039832
14000,0.000110,1.748119e-08,0.00031446
14001,0.000102,1.745462e-08,0.00025377
14002,0.000099,1.743211e-08,0.00021094
14003,0.000101,1.741195e-08,0.00018168
14004,0.000098,1.740125e-08,0.00034145
14005,0.000109,1.737267e-08,0.00027308
14006,0.000119,1.734904e-08,0.00022435
14007,0.000104,1.732827e-08,0.00019063
14008,0.000097,1.732280e-08,0.00037171
14009,0.000097,1.729176e-08,0.00029494
14010,0.000100,1.726675e-08,0.00023970
14011,0.000098,1.724522e-08,0.00020103
14012,0.000097,1.722570e-08,0.00017486
14013,0.000101,1.721202e-08,0.00031958
14014,0.000096,1.718530e-08,0.00025721
14015,0.000096,1.716282e-08,0.00021307
14016,0.000121,1.714279e-08,0.00018279
14017,0.000105,1.713361e-08,0.00034727
14018,0.000099,1.710479e-08,0.00027708
14019,0.000107,1.708113e-08,0.00022691
14020,0.000097,1.706046e-08,0.00019207
14021,0.000097,1.705673e-08,0.00037830
14022,0.000104,1.702534e-08,0.00029954
14023,0.000097,1.700023e-08,0.00024274
14024,0.000108,1.697875e-08,0.00020285
14025,0.000117,1.695938e-08,0.00017574
14026,0.000122,1.694708e-08,0.00032485
14027,0.000108,1.692018e-08,0.00026078
14028,0.000097,1.689771e-08,0.00021529
14029,0.000102,1.687780e-08,0.00018399
14030,0.000100,1.687018e-08,0.00035326
14031,0.000098,1.684109e-08,0.00028122
14032,0.000107,1.681739e-08,0.00022958
14033,0.000103,1.679680e-08,0.00019361
14034,0.000114,1.679485e-08,0.00038508
14035,0.000262,1.676308e-08,0.00030430
14036,0.000106,1.673786e-08,0.00024591
14037,0.000100,1.671643e-08,0.00020477
14038,0.000102,1.669719e-08,0.00017671
14039,0.000101,1.668629e-08,0.00033028
14040,0.000096,1.665920e-08,0.00026447
14041,0.000105,1.663673e-08,0.00021763
14042,0.000119,1.661692e-08,0.00018527
14043,0.000101,1.661090e-08,0.00035943
14044,0.000108,1.658152e-08,0.00028550
14045,0.002148,1.655776e-08,0.00023237
14046,0.000091,1.653724e-08,0.00019524
14047,0.000120,1.653712e-08,0.00039204
14048,0.000105,1.650493e-08,0.00030921
14049,0.000105,1.647958e-08,0.00024920
14050,0.000097,1.645818e-08,0.00020678
14051,0.000108,1.643906e-08,0.00017775
14052,0.000102,1.642960e-08,0.00033588
14053,0.000096,1.640230e-08,0.00026831
14054,0.000097,1.637980e-08,0.00022007
14055,0.000100,1.636009e-08,0.00018664
14056,0.000106,1.635570e-08,0.00036577
14057,0.000098,1.632601e-08,0.00028992
14058,0.000098,1.630216e-08,0.00023528
14059,0.000101,1.628170e-08,0.00019697
14060,0.000094,1.626320e-08,0.00017098
14061,0.000112,1.625084e-08,0.00031428
14062,0.000104,1.622533e-08,0.00025261
14063,0.000097,1.620395e-08,0.00020890
14064,0.000100,1.618494e-08,0.00017888
14065,0.000102,1.617695e-08,0.00034164
14066,0.000097,1.614941e-08,0.00027227
14067,0.000096,1.612688e-08,0.00022262
14068,0.000099,1.610725e-08,0.00018809
14069,0.000098,1.610454e-08,0.00037229
14070,0.000097,1.607449e-08,0.00029449
14071,0.000114,1.605055e-08,0.00023831
14072,0.000105,1.603014e-08,0.00019879
14073,0.000104,1.601177e-08,0.00017189
14074,0.000101,1.600073e-08,0.00031950
14075,0.000103,1.597505e-08,0.00025616
14076,0.000100,1.595367e-08,0.00021113
14077,0.000096,1.593477e-08,0.00018009
14078,0.000104,1.592827e-08,0.00034757
14079,0.000098,1.590047e-08,0.00027638
14080,0.000098,1.587789e-08,0.00022529
14081,0.000125,1.585833e-08,0.00018964
14082,0.000097,1.585734e-08,0.00037899
14083,0.000102,1.582692e-08,0.00029920
14084,0.000105,1.580286e-08,0.00024146
14085,0.000097,1.578248e-08,0.00020071
14086,0.000097,1.576423e-08,0.00017287
14087,0.000106,1.575454e-08,0.00032488
14088,0.000098,1.572867e-08,0.00025983
14089,0.000100,1.570728e-08,0.00021346
14090,0.000115,1.568848e-08,0.00018138
14091,0.000100,1.568352e-08,0.00035367
14092,0.001651,1.565542e-08,0.00028062
14093,0.000086,1.563277e-08,0.00022807
14094,0.000094,1.561328e-08,0.00019128
14095,0.000148,1.559561e-08,0.00016637
14096,0.000171,1.558322e-08,0.00030407
14097,0.000144,1.555903e-08,0.00024473
14098,0.000157,1.553868e-08,0.00020273
14099,0.000115,1.552054e-08,0.00017393
14100,0.000104,1.551223e-08,0.00033042
14101,0.000103,1.548614e-08,0.00026363
14102,0.000148,1.546472e-08,0.00021590
14103,0.000134,1.544601e-08,0.00018275
14104,0.000122,1.544262e-08,0.00035994
14105,0.000113,1.541421e-08,0.00028501
14106,0.000113,1.539148e-08,0.00023096
14107,0.000122,1.537203e-08,0.00019301
14108,0.000111,1.535449e-08,0.00016722
14109,0.000106,1.534335e-08,0.00030908
14110,0.000115,1.531901e-08,0.00024812
14111,0.000100,1.529866e-08,0.00020485
14112,0.000102,1.528063e-08,0.00017506
14113,0.000096,1.527373e-08,0.00033612
14114,0.000100,1.524740e-08,0.00026757
14115,0.000103,1.522594e-08,0.00021844
14116,0.000102,1.520730e-08,0.00018422
14117,0.000100,1.520553e-08,0.00036639
14118,0.000098,1.517677e-08,0.00028954
14119,0.000101,1.515394e-08,0.00023398
14120,0.000120,1.513453e-08,0.00019483
14121,0.000105,1.511711e-08,0.00016814
14122,0.000104,1.510725e-08,0.00031425
14123,0.000102,1.508272e-08,0.00025164
14124,0.000098,1.506238e-08,0.00020707
14125,0.000101,1.504444e-08,0.00017628
14126,0.000095,1.503899e-08,0.00034198
14127,0.000097,1.501239e-08,0.00027164
14128,0.000106,1.499088e-08,0.00022110
14129,0.000106,1.497230e-08,0.00018577
14130,0.000101,1.497219e-08,0.00037301
14131,0.000103,1.494306e-08,0.00029421
14132,0.000099,1.492010e-08,0.00023711
14133,0.001575,1.490073e-08,0.00019675
14134,0.000083,1.488342e-08,0.00016913
14135,0.000167,1.487485e-08,0.00031958
14136,0.000151,1.485013e-08,0.00025529
14137,0.000108,1.482977e-08,0.00020939
14138,0.000095,1.481192e-08,0.00017758
14139,0.000093,1.480795e-08,0.00034802
14140,0.000098,1.478106e-08,0.00027585
14141,0.000093,1.475947e-08,0.00022387
14142,0.000094,1.474095e-08,0.00018741
14143,0.000111,1.472420e-08,0.00016269
14144,0.000094,1.471300e-08,0.00029903
14145,0.000096,1.468992e-08,0.00024036
14146,0.000100,1.467055e-08,0.00019877
14147,0.000093,1.465335e-08,0.00017020
14148,0.000100,1.464611e-08,0.00032506
14149,0.000102,1.462117e-08,0.00025906
14150,0.000101,1.460078e-08,0.00021182
14151,0.000092,1.458300e-08,0.00017897
14152,0.000103,1.458055e-08,0.00035422
14153,0.000113,1.455335e-08,0.00028020
14154,0.000095,1.453167e-08,0.00022675
14155,0.000098,1.451319e-08,0.00018915
14156,0.000101,1.449656e-08,0.00016355
14157,0.000103,1.448656e-08,0.00030399
14158,0.000123,1.446332e-08,0.00024373
14159,0.000130,1.444396e-08,0.00020089
14160,0.000116,1.442685e-08,0.00017135
14161,0.000110,1.442097e-08,0.00033070
14162,0.000120,1.439579e-08,0.00026297
14163,0.000104,1.437535e-08,0.00021436
14164,0.000102,1.435764e-08,0.00018044
14165,0.000122,1.435675e-08,0.00036060
14166,0.000207,1.432920e-08,0.00028469
14167,0.000150,1.430743e-08,0.00022974
14168,0.000128,1.428898e-08,0.00019097
14169,0.000111,1.427246e-08,0.00016448
14170,0.001593,1.426368e-08,0.00030911
14171,0.000081,1.424026e-08,0.00024722
14172,0.000079,1.422089e-08,0.00020310
14173,0.000099,1.420387e-08,0.00017258
14174,0.000098,1.419938e-08,0.00033651
14175,0.000116,1.417394e-08,0.00026701
14176,0.000094,1.415343e-08,0.00021700
14177,0.000099,1.413578e-08,0.00018200
14178,0.000092,1.411979e-08,0.00015830
14179,0.000092,1.410857e-08,0.00028931
14180,0.000097,1.408667e-08,0.00023285
14181,0.000095,1.406824e-08,0.00019289
14182,0.000094,1.405183e-08,0.00016549
14183,0.000098,1.404430e-08,0.00031438
14184,0.000096,1.402068e-08,0.00025084
14185,0.000104,1.400129e-08,0.00020542
14186,0.000101,1.398434e-08,0.00017389
14187,0.000096,1.398128e-08,0.00034248
14188,0.000098,1.395555e-08,0.00027118
14189,0.000102,1.393497e-08,0.00021976
14190,0.000100,1.391737e-08,0.00018364
14191,0.000096,1.390149e-08,0.00015911
14192,0.000097,1.389140e-08,0.00029409
14193,0.000101,1.386936e-08,0.00023608
14194,0.000098,1.385094e-08,0.00019491
14195,0.000103,1.383462e-08,0.00016657
14196,0.000103,1.382837e-08,0.00031981
14197,0.000099,1.380453e-08,0.00025459
14198,0.000096,1.378511e-08,0.00020784
14199,0.000104,1.376823e-08,0.00017528
14200,0.000097,1.376663e-08,0.00034861
14201,0.000099,1.374059e-08,0.00027549
14202,0.000104,1.371992e-08,0.00022262
14203,0.000099,1.370235e-08,0.00018538
14204,0.000097,1.368658e-08,0.00015998
14205,0.000125,1.367764e-08,0.00029901
14206,0.001523,1.365544e-08,0.00023943
14207,0.000081,1.363702e-08,0.00019702
14208,0.000081,1.362078e-08,0.00016773
14209,0.000141,1.361584e-08,0.00032539
14210,0.000127,1.359177e-08,0.00025846
14211,0.000115,1.357229e-08,0.00021037
14212,0.000108,1.355547e-08,0.00017676
14213,0.000110,1.355537e-08,0.00035492
14214,0.000108,1.352899e-08,0.00027993
14215,0.000109,1.350821e-08,0.00022560
14216,0.000106,1.349067e-08,0.00018721
14217,0.000415,1.347500e-08,0.00016093
14218,0.000126,1.346724e-08,0.00030407
14219,0.000110,1.344486e-08,0.00024290
14220,0.000124,1.342642e-08,0.00019923
14221,0.000102,1.341026e-08,0.00016897
14222,0.000104,1.340667e-08,0.00033113
14223,0.000100,1.338233e-08,0.00026247
14224,0.000095,1.336278e-08,0.00021301
14225,0.000108,1.334601e-08,0.00017832
14226,0.000107,1.333085e-08,0.00015480
14227,0.000098,1.332071e-08,0.00028452
14228,0.000099,1.329981e-08,0.00022870
14229,0.000094,1.328228e-08,0.00018913
14230,0.000096,1.326670e-08,0.00016194
14231,0.000102,1.326015e-08,0.00030929
14232,0.000097,1.323757e-08,0.00024649
14233,0.000097,1.321910e-08,0.00020155
14234,0.000099,1.320301e-08,0.00017029
14235,0.000097,1.320079e-08,0.00033704
14236,0.000111,1.317617e-08,0.00026660
14237,0.000101,1.315654e-08,0.00021575
14238,0.000114,1.313981e-08,0.00017997
14239,0.000100,1.312475e-08,0.00015562
14240,0.001505,1.311570e-08,0.00028925
14241,0.000138,1.309465e-08,0.00023190
14242,0.000172,1.307713e-08,0.00019114
14243,0.000104,1.306164e-08,0.00016304
14244,0.000094,1.305631e-08,0.00031466
14245,0.000099,1.303352e-08,0.00025021
14246,0.000095,1.301501e-08,0.00020396
14247,0.000092,1.299898e-08,0.00017169
14248,0.000098,1.299817e-08,0.00034310
14249,0.000094,1.297323e-08,0.00027087
14250,0.000107,1.295352e-08,0.00021860
14251,0.000101,1.293681e-08,0.00018171
14252,0.000095,1.292186e-08,0.00015650
14253,0.000097,1.291391e-08,0.00029412
14254,0.000101,1.289270e-08,0.00023523
14255,0.000095,1.287517e-08,0.00019325
14256,0.000092,1.285976e-08,0.00016421
14257,0.000096,1.285569e-08,0.00032018
14258,0.000103,1.283266e-08,0.00025405
14259,0.000102,1.281410e-08,0.00020648
14260,0.000107,1.279812e-08,0.00017317
14261,0.000100,1.278363e-08,0.00015062
14262,0.000097,1.277348e-08,0.00027528
14263,0.000098,1.275365e-08,0.00022156
14264,0.000106,1.273697e-08,0.00018353
14265,0.000094,1.272211e-08,0.00015746
14266,0.000095,1.271529e-08,0.00029913
14267,0.000105,1.269391e-08,0.00023867
14268,0.000100,1.267635e-08,0.00019546
14269,0.000098,1.266101e-08,0.00016545
14270,0.000134,1.265824e-08,0.00032586
14271,0.000189,1.263494e-08,0.00025802
14272,0.000197,1.261631e-08,0.00020910
14273,0.001983,1.260037e-08,0.00017474
14274,0.000105,1.258600e-08,0.00015139
14275,0.000132,1.257686e-08,0.00027982
14276,0.000118,1.255691e-08,0.00022463
14277,0.000141,1.254023e-08,0.00018545
14278,0.000137,1.252545e-08,0.00015849
14279,0.000144,1.251980e-08,0.00030429
14280,0.000122,1.249822e-08,0.00024224
14281,0.000121,1.248063e-08,0.00019776
14282,0.000108,1.246535e-08,0.00016678
14283,0.000108,1.246390e-08,0.00033170
14284,0.000130,1.244032e-08,0.00026212
14285,0.000168,1.242161e-08,0.00021182
14286,0.000132,1.240570e-08,0.00017639
14287,0.000116,1.239142e-08,0.00015222
14288,0.000132,1.238333e-08,0.00028450
14289,0.000165,1.236323e-08,0.00022782
14290,0.000169,1.234656e-08,0.00018746
14291,0.000155,1.233185e-08,0.00015960
14292,0.000149,1.232738e-08,0.00030960
14293,0.000107,1.230558e-08,0.00024593
14294,0.000102,1.228795e-08,0.00020017
14295,0.000102,1.227272e-08,0.00016818
14296,0.000164,1.227263e-08,0.00033770
14297,0.000157,1.224875e-08,0.00026635
14298,0.000157,1.222994e-08,0.00021466
14299,0.000160,1.221405e-08,0.00017813
14300,0.000150,1.219987e-08,0.00015312
14301,0.000148,1.219284e-08,0.00028932
14302,0.000150,1.217258e-08,0.00023112
14303,0.000150,1.215589e-08,0.00018957
14304,0.000153,1.214126e-08,0.00016077
14305,0.000150,1.213800e-08,0.00031507
14306,0.000172,1.211597e-08,0.00024974
14307,0.000158,1.209827e-08,0.00020267
14308,0.000165,1.208309e-08,0.00016967
14309,0.000173,1.206936e-08,0.00014729
14310,0.000159,1.206018e-08,0.00027072
14311,0.002417,1.204126e-08,0.00021760
14312,0.000104,1.202539e-08,0.00017995
14313,0.000122,1.201128e-08,0.00015409
14314,0.000113,1.200535e-08,0.00029428
14315,0.000116,1.198491e-08,0.00023454
14316,0.000106,1.196819e-08,0.00019177
14317,0.000101,1.195362e-08,0.00016203
14318,0.000125,1.195161e-08,0.00032069
14319,0.000112,1.192931e-08,0.00025367
14320,0.000102,1.191155e-08,0.00020528
14321,0.000098,1.189640e-08,0.00017124
14322,0.000106,1.188277e-08,0.00014807
14323,0.000114,1.187457e-08,0.00027521
14324,0.000104,1.185552e-08,0.00022065
14325,0.000109,1.183965e-08,0.00018187
14326,0.000100,1.182563e-08,0.00015513
14327,0.000112,1.182080e-08,0.00029939
14328,0.000107,1.180017e-08,0.00023807
14329,0.000099,1.178341e-08,0.00019407
14330,0.000105,1.176890e-08,0.00016336
14331,0.000105,1.176816e-08,0.00032646
14332,0.000100,1.174559e-08,0.00025773
14333,0.000097,1.172774e-08,0.00020799
14334,0.000102,1.171261e-08,0.00017289
14335,0.000100,1.169907e-08,0.00014891
14336,0.000102,1.169188e-08,0.00027985
14337,0.000207,1.167268e-08,0.00022382
14338,0.000127,1.165680e-08,0.00018388
14339,0.000103,1.164285e-08,0.00015624
14340,0.000108,1.163917e-08,0.00030465
14341,0.000112,1.161832e-08,0.00024173
14342,0.000100,1.160151e-08,0.00019646
14343,0.000101,1.158705e-08,0.00016477
14344,0.000102,1.157393e-08,0.00014332
14345,0.000110,1.156474e-08,0.00026192
14346,0.000102,1.154679e-08,0.00021081
14347,0.000105,1.153168e-08,0.00017463
14348,0.001538,1.151823e-08,0.00014982
14349,0.000082,1.151206e-08,0.00028462
14350,0.000077,1.149270e-08,0.00022710
14351,0.000110,1.147680e-08,0.00018598
14352,0.000101,1.146291e-08,0.00015743
14353,0.000094,1.146040e-08,0.00031005
14354,0.000094,1.143931e-08,0.00024551
14355,0.000098,1.142244e-08,0.00019896
14356,0.000094,1.140801e-08,0.00016626
14357,0.000094,1.139500e-08,0.00014405
14358,0.000106,1.138673e-08,0.00026625
14359,0.000111,1.136866e-08,0.00021373
14360,0.000173,1.135357e-08,0.00017646
14361,0.000121,1.134018e-08,0.00015080
14362,0.000127,1.133506e-08,0.00028953
14363,0.000099,1.131552e-08,0.00023049
14364,0.000097,1.129960e-08,0.00018817
14365,0.000100,1.128577e-08,0.00015869
14366,0.000097,1.128445e-08,0.00031561
14367,0.000104,1.126311e-08,0.00024941
14368,0.000102,1.124617e-08,0.00020155
14369,0.000098,1.123177e-08,0.00016783
14370,0.000107,1.121884e-08,0.00014484
14371,0.000103,1.121151e-08,0.00027070
14372,0.000100,1.119332e-08,0.00021677
14373,0.000097,1.117822e-08,0.00017837
14374,0.000101,1.116491e-08,0.00015185
14375,0.000097,1.116086e-08,0.00029459
14376,0.000100,1.114112e-08,0.00023400
14377,0.000107,1.112516e-08,0.00019046
14378,0.000103,1.111137e-08,0.00016003
14379,0.000110,1.111129e-08,0.00032131
14380,0.000106,1.108967e-08,0.00025343
14381,0.000100,1.107263e-08,0.00020425
14382,0.001464,1.105826e-08,0.00016949
14383,0.000083,1.104541e-08,0.00014569
14384,0.000101,1.103905e-08,0.00027529
14385,0.000097,1.102071e-08,0.00021991
14386,0.000110,1.100559e-08,0.00018037
14387,0.000101,1.099235e-08,0.00015298
14388,0.000100,1.098940e-08,0.00029978
14389,0.000096,1.096945e-08,0.00023762
14390,0.000098,1.095343e-08,0.00019284
14391,0.000098,1.093968e-08,0.00016144
14392,0.000098,1.092725e-08,0.00014015
14393,0.000101,1.091894e-08,0.00025758
14394,0.000097,1.090181e-08,0.00020705
14395,0.000109,1.088744e-08,0.00017122
14396,0.000101,1.087467e-08,0.00014662
14397,0.000097,1.086930e-08,0.00028001
14398,0.000097,1.085079e-08,0.00022316
14399,0.000101,1.083566e-08,0.00018247
14400,0.000096,1.082247e-08,0.00015417
14401,0.000097,1.082065e-08,0.00030513
14402,0.000101,1.080046e-08,0.00024137
14403,0.000096,1.078438e-08,0.00019532
14404,0.000097,1.077066e-08,0.00016293
14405,0.000109,1.075832e-08,0.00014089
14406,0.000101,1.075090e-08,0.00026186
14407,0.000097,1.073365e-08,0.00020995
14408,0.000098,1.071928e-08,0.00017305
14409,0.000113,1.070659e-08,0.00014761
14410,0.000100,1.070222e-08,0.00028487
14411,0.000105,1.068354e-08,0.00022653
14412,0.000104,1.066837e-08,0.00018465
14413,0.000100,1.065523e-08,0.00015544
14414,0.000098,1.065456e-08,0.00031062
14415,0.001562,1.063412e-08,0.00024523
14416,0.000086,1.061796e-08,0.00019790
14417,0.000103,1.060427e-08,0.00016451
14418,0.000093,1.059201e-08,0.00014169
14419,0.000099,1.058549e-08,0.00026627
14420,0.000095,1.056811e-08,0.00021296
14421,0.000103,1.055374e-08,0.00017496
14422,0.000093,1.054111e-08,0.00014866
14423,0.000100,1.053777e-08,0.00028987
14424,0.000095,1.051890e-08,0.00023000
14425,0.000098,1.050368e-08,0.00018693
14426,0.000108,1.049058e-08,0.00015678
14427,0.000097,1.047871e-08,0.00013637
14428,0.000097,1.047039e-08,0.00024922
14429,0.000102,1.045414e-08,0.00020058
14430,0.000095,1.044046e-08,0.00016616
14431,0.000105,1.042828e-08,0.00014256
14432,0.000103,1.042269e-08,0.00027081
14433,0.000096,1.040516e-08,0.00021608
14434,0.000098,1.039077e-08,0.00017696
14435,0.000102,1.037820e-08,0.00014979
14436,0.000098,1.037592e-08,0.00029501
14437,0.000096,1.035683e-08,0.00023360
14438,0.000104,1.034156e-08,0.00018931
14439,0.000097,1.032850e-08,0.00015820
14440,0.000141,1.031671e-08,0.00013706
14441,0.000154,1.030922e-08,0.00025333
14442,0.000111,1.029287e-08,0.00020337
14443,0.000099,1.027920e-08,0.00016790
14444,0.000106,1.026708e-08,0.00014349
14445,0.000107,1.026245e-08,0.00027549
14446,0.000101,1.024476e-08,0.00021931
14447,0.000098,1.023034e-08,0.00017904
14448,0.001491,1.021782e-08,0.00015099
14449,0.000080,1.021663e-08,0.00030030
14450,0.000079,1.019730e-08,0.00023731
14451,0.000098,1.018196e-08,0.00019177
14452,0.000100,1.016893e-08,0.00015969
14453,0.000093,1.015722e-08,0.00013781
14454,0.000094,1.015059e-08,0.00025757
14455,0.000100,1.013411e-08,0.00020625
14456,0.000107,1.012044e-08,0.00016972
14457,0.000100,1.010839e-08,0.00014449
14458,0.000101,1.010473e-08,0.00028030
14459,0.000094,1.008686e-08,0.00022265
14460,0.000097,1.007241e-08,0.00018122
14461,0.000100,1.005992e-08,0.00015226
14462,0.000097,1.005985e-08,0.00030573
14463,0.000098,1.004027e-08,0.00024114
14464,0.000094,1.002485e-08,0.00019434
14465,0.000109,1.001184e-08,0.00016127
14466,0.000103,1.000021e-08,0.00013863
14467,0.000103,9.994447e-09,0.00026193
14468,0.000102,9.977841e-09,0.00020924
14469,0.000100,9.964158e-09,0.00017163
14470,0.000094,9.952166e-09,0.00014556
14471,0.000099,9.949494e-09,0.00028524
14472,0.000099,9.931432e-09,0.00022610
14473,0.000098,9.916929e-09,0.00018349
14474,0.000103,9.904484e-09,0.00015361
14475,0.000102,9.893230e-09,0.00013335
14476,0.000097,9.885706e-09,0.00024509
14477,0.000105,9.870194e-09,0.00019700
14478,0.000101,9.857186e-09,0.00016292
14479,0.000107,9.845627e-09,0.00013950
14480,0.000121,9.840760e-09,0.00026643
14481,0.001473,9.824008e-09,0.00021234
14482,0.000085,9.810304e-09,0.00017362
14483,0.000101,9.798363e-09,0.00014669
14484,0.000093,9.796711e-09,0.00029033
14485,0.000099,9.778437e-09,0.00022966
14486,0.000095,9.763875e-09,0.00018585
14487,0.000094,9.751459e-09,0.00015503
14488,0.000094,9.740284e-09,0.00013405
14489,0.000101,9.733565e-09,0.00024916
14490,0.000096,9.717948e-09,0.00019977
14491,0.000109,9.704942e-09,0.00016465
14492,0.000100,9.693447e-09,0.00014045
14493,0.000098,9.689493e-09,0.00027105
14494,0.000095,9.672579e-09,0.00021554
14495,0.000104,9.658844e-09,0.00017570
14496,0.000094,9.646948e-09,0.00014790
14497,0.000096,9.646343e-09,0.00029556
14498,0.000103,9.627839e-09,0.00023334
14499,0.000096,9.613206e-09,0.00018831
14500,0.000099,9.600811e-09,0.00015653
14501,0.000112,9.589711e-09,0.00013482
14502,0.000097,9.583814e-09,0.00025336
14503,0.000097,9.568077e-09,0.00020263
14504,0.000102,9.555065e-09,0.00016647
14505,0.000097,9.543628e-09,0.00014145
14506,0.000098,9.540609e-09,0.00027581
14507,0.000097,9.523517e-09,0.00021885
14508,0.000101,9.509742e-09,0.00017787
14509,0.000112,9.497884e-09,0.00014917
14510,0.000105,9.487136e-09,0.00012975
14511,0.000116,9.479600e-09,0.00023713
14512,0.000099,9.464886e-09,0.00019086
14513,0.000103,9.452505e-09,0.00015810
14514,0.000101,9.441474e-09,0.00013564
14515,0.001477,9.436416e-09,0.00025768
14516,0.000086,9.420547e-09,0.00020560
14517,0.000116,9.407519e-09,0.00016837
14518,0.000095,9.396134e-09,0.00014253
14519,0.000100,9.394074e-09,0.00028070
14520,0.000095,9.376789e-09,0.00022227
14521,0.000099,9.362963e-09,0.00018012
14522,0.000096,9.351135e-09,0.00015052
14523,0.000098,9.340465e-09,0.00013041
14524,0.000097,9.333687e-09,0.00024104
14525,0.000098,9.318879e-09,0.00019350
14526,0.000101,9.306504e-09,0.00015976
14527,0.000106,9.295536e-09,0.00013653
14528,0.000104,9.291337e-09,0.00026213
14529,0.000107,9.275322e-09,0.00020867
14530,0.000096,9.262269e-09,0.00017036
14531,0.000094,9.250930e-09,0.00014367
14532,0.000102,9.249852e-09,0.00028573
14533,0.000098,9.232357e-09,0.00022580
14534,0.000105,9.218469e-09,0.00018247
14535,0.000117,9.206666e-09,0.00015195
14536,0.000110,9.196070e-09,0.00013113
14537,0.000117,9.190065e-09,0.00024508
14538,0.000106,9.175150e-09,0.00019625
14539,0.000118,9.162773e-09,0.00016149
14540,0.000107,9.151863e-09,0.00013748
14541,0.000100,9.148543e-09,0.00026670
14542,0.000105,9.132367e-09,0.00021185
14543,0.000102,9.119280e-09,0.00017243
14544,0.000104,9.107980e-09,0.00014488
14545,0.000105,9.107911e-09,0.00029090
14546,0.000108,9.090189e-09,0.00022945
14547,0.000101,9.076228e-09,0.00018491
14548,0.000104,9.064442e-09,0.00015344
14549,0.001721,9.053914e-09,0.00013190
14550,0.000092,9.048699e-09,0.00024923
14551,0.000101,9.033665e-09,0.00019909
14552,0.000096,9.021277e-09,0.00016330
14553,0.000100,9.010420e-09,0.00013850
14554,0.000096,9.008001e-09,0.00027141
14555,0.000093,8.991648e-09,0.00021513
14556,0.000097,8.978518e-09,0.00017459
14557,0.000093,8.967250e-09,0.00014616
14558,0.000093,8.957061e-09,0.00012688
14559,0.000093,8.950249e-09,0.00023320
14560,0.000099,8.936205e-09,0.00018745
14561,0.000102,8.924428e-09,0.00015502
14562,0.000093,8.913963e-09,0.00013274
14563,0.000101,8.909557e-09,0.00025351
14564,0.000096,8.894389e-09,0.00020204
14565,0.000097,8.881983e-09,0.00016520
14566,0.000102,8.871172e-09,0.00013958
14567,0.000095,8.869676e-09,0.00027625
14568,0.000105,8.853131e-09,0.00021852
14569,0.000109,8.839948e-09,0.00017684
14570,0.000116,8.828707e-09,0.00014751
14571,0.000125,8.818589e-09,0.00012755
14572,0.000109,8.812506e-09,0.00023708
14573,0.000103,8.798366e-09,0.00019008
14574,0.000106,8.786591e-09,0.00015667
14575,0.000103,8.776184e-09,0.00013364
14576,0.000097,8.772604e-09,0.00025791
14577,0.000099,8.757291e-09,0.00020509
14578,0.000099,8.744856e-09,0.00016718
14579,0.000103,8.734086e-09,0.00014072
14580,0.000105,8.733537e-09,0.00028122
14581,0.000096,8.716785e-09,0.00022202
14582,0.001448,8.703537e-09,0.00017917
14583,0.000079,8.692315e-09,0.00014894
14584,0.000076,8.682266e-09,0.00012828
14585,0.000105,8.676926e-09,0.00024107
14586,0.000117,8.662679e-09,0.00019281
14587,0.000107,8.650898e-09,0.00015840
14588,0.000102,8.640543e-09,0.00013459
14589,0.000105,8.637810e-09,0.00026243
14590,0.000126,8.622336e-09,0.00020824
14591,0.000110,8.609864e-09,0.00016924
14592,0.000121,8.599128e-09,0.00014194
14593,0.000162,8.589397e-09,0.00012346
14594,0.000172,8.582575e-09,0.00022563
14595,0.000133,8.569253e-09,0.00018160
14596,0.000105,8.558044e-09,0.00015044
14597,0.000116,8.548056e-09,0.00012907
14598,0.000148,8.543477e-09,0.00024518
14599,0.000129,8.529110e-09,0.00019563
14600,0.000127,8.517315e-09,0.00016021
14601,0.000126,8.507007e-09,0.00013562
14602,0.000111,8.505142e-09,0.00026709
14603,0.000097,8.489492e-09,0.00021149
14604,0.000094,8.476975e-09,0.00017139
14605,0.000103,8.466267e-09,0.00014322
14606,0.000093,8.456607e-09,0.00012409
14607,0.000096,8.450470e-09,0.00022935
14608,0.000101,8.437063e-09,0.00018412
14609,0.000097,8.425859e-09,0.00015201
14610,0.000098,8.415929e-09,0.00012991
14611,0.000101,8.412127e-09,0.00024941
14612,0.000105,8.397628e-09,0.00019855
14613,0.000099,8.385810e-09,0.00016210
14614,0.000105,8.375544e-09,0.00013670
14615,0.000095,8.374568e-09,0.00027188
14616,0.001478,8.358729e-09,0.00021485
14617,0.000080,8.346155e-09,0.00017362
14618,0.000101,8.335469e-09,0.00014458
14619,0.000092,8.325876e-09,0.00012477
14620,0.000098,8.320439e-09,0.00023319
14621,0.000094,8.306935e-09,0.00018673
14622,0.000095,8.295730e-09,0.00015366
14623,0.000096,8.285852e-09,0.00013081
14624,0.000096,8.282846e-09,0.00025377
14625,0.000092,8.268201e-09,0.00020157
14626,0.000096,8.256353e-09,0.00016407
14627,0.000100,8.246122e-09,0.00013785
14628,0.000099,8.246060e-09,0.00027679
14629,0.000103,8.230014e-09,0.00021832
14630,0.000101,8.217375e-09,0.00017595
14631,0.000096,8.206704e-09,0.00014600
14632,0.000093,8.197172e-09,0.00012551
14633,0.000101,8.192451e-09,0.00023714
14634,0.000108,8.178839e-09,0.00018944
14635,0.000103,8.167624e-09,0.00015538
14636,0.000102,8.157794e-09,0.00013178
14637,0.000098,8.155604e-09,0.00025825
14638,0.000102,8.140799e-09,0.00020470
14639,0.000103,8.128911e-09,0.00016612
14640,0.000099,8.118710e-09,0.00013907
14641,0.000095,8.109485e-09,0.00012073
14642,0.000103,8.103318e-09,0.00022189
14643,0.000096,8.090603e-09,0.00017836
14644,0.000100,8.079940e-09,0.00014750
14645,0.000098,8.070466e-09,0.00012630
14646,0.000104,8.066476e-09,0.00024121
14647,0.000097,8.052744e-09,0.00019224
14648,0.000103,8.041511e-09,0.00015719
14649,0.001722,8.031724e-09,0.00013281
14650,0.000086,8.030369e-09,0.00026285
14651,0.000082,8.015390e-09,0.00020792
14652,0.000103,8.003454e-09,0.00016826
14653,0.000102,7.993277e-09,0.00014036
14654,0.000092,7.984117e-09,0.00012137
14655,0.000091,7.978609e-09,0.00022558
14656,0.000100,7.965808e-09,0.00018086
14657,0.000094,7.955147e-09,0.00014907
14658,0.000092,7.945725e-09,0.00012715
14659,0.000100,7.942484e-09,0.00024540
14660,0.000094,7.928619e-09,0.00019514
14661,0.000096,7.917362e-09,0.00015907
14662,0.000109,7.907610e-09,0.00013390
14663,0.000103,7.907114e-09,0.00026758
14664,0.000097,7.891946e-09,0.00021125
14665,0.000096,7.879953e-09,0.00017048
14666,0.000102,7.869793e-09,0.00014171
14667,0.000094,7.860694e-09,0.00012206
14668,0.000105,7.855860e-09,0.00022938
14669,0.000102,7.842961e-09,0.00018346
14670,0.000097,7.832295e-09,0.00015072
14671,0.000097,7.822920e-09,0.00012807
14672,0.000110,7.820445e-09,0.00024971
14673,0.000100,7.806436e-09,0.00019814
14674,0.000098,7.795144e-09,0.00016103
14675,0.000103,7.785424e-09,0.00013506
14676,0.000099,7.776614e-09,0.00011747
14677,0.000100,7.770437e-09,0.00021469
14678,0.000106,7.758376e-09,0.00017279
14679,0.000099,7.748227e-09,0.00014314
14680,0.000098,7.739185e-09,0.00012281
14681,0.000107,7.735039e-09,0.00023329
14682,0.000106,7.722032e-09,0.00018614
14683,0.001460,7.711353e-09,0.00015244
14684,0.000080,7.702021e-09,0.00012904
14685,0.000078,7.700332e-09,0.00025414
14686,0.000102,7.686163e-09,0.00020123
14687,0.000094,7.674830e-09,0.00016308
14688,0.000092,7.665136e-09,0.00013628
14689,0.000101,7.656390e-09,0.00011807
14690,0.000093,7.650834e-09,0.00021823
14691,0.000094,7.638695e-09,0.00017519
14692,0.000099,7.628552e-09,0.00014464
14693,0.000093,7.619562e-09,0.00012361
14694,0.000094,7.616120e-09,0.00023732
14695,0.000102,7.602992e-09,0.00018892
14696,0.000097,7.592293e-09,0.00015424
14697,0.000096,7.582998e-09,0.00013007
14698,0.000101,7.582115e-09,0.00025869
14699,0.000105,7.567774e-09,0.00020443
14700,0.000097,7.556391e-09,0.00016520
14701,0.000103,7.546716e-09,0.00013757
14702,0.000103,7.538030e-09,0.00011872
14703,0.000097,7.533108e-09,0.00022188
14704,0.000098,7.520882e-09,0.00017768
14705,0.000112,7.510737e-09,0.00014621
14706,0.000147,7.501794e-09,0.00012447
14707,0.000130,7.499073e-09,0.00024146
14708,0.000122,7.485813e-09,0.00019180
14709,0.000098,7.475087e-09,0.00015611
14710,0.000096,7.465824e-09,0.00013117
14711,0.000106,7.465767e-09,0.00026337
14712,0.000102,7.451240e-09,0.00020773
14713,0.000098,7.439797e-09,0.00016741
14714,0.000103,7.430136e-09,0.00013892
14715,0.000099,7.421506e-09,0.00011942
14716,0.000099,7.417232e-09,0.00022564
14717,0.001576,7.404908e-09,0.00018025
14718,0.000089,7.394754e-09,0.00014785
14719,0.000079,7.385855e-09,0.00012539
14720,0.000106,7.383871e-09,0.00024572
14721,0.000097,7.370467e-09,0.00019477
14722,0.000096,7.359705e-09,0.00015807
14723,0.000106,7.350469e-09,0.00013233
14724,0.000099,7.342117e-09,0.00011487
14725,0.000100,7.336533e-09,0.00021113
14726,0.000107,7.325022e-09,0.00016971
14727,0.000100,7.315368e-09,0.00014035
14728,0.000101,7.306790e-09,0.00012018
14729,0.000107,7.303178e-09,0.00022951
14730,0.000101,7.290746e-09,0.00018292
14731,0.000100,7.280576e-09,0.00014956
14732,0.000108,7.271714e-09,0.00012637
14733,0.000108,7.270488e-09,0.00025010
14734,0.000097,7.256927e-09,0.00019784
14735,0.000101,7.246120e-09,0.00016010
14736,0.000104,7.236906e-09,0.00013355
14737,0.000100,7.228613e-09,0.00011548
14738,0.000109,7.223626e-09,0.00021464
14739,0.000111,7.212036e-09,0.00017209
14740,0.000105,7.202385e-09,0.00014184
14741,0.000100,7.193854e-09,0.00012099
14742,0.000121,7.190919e-09,0.00023350
14743,0.000105,7.178367e-09,0.00018568
14744,0.000101,7.168174e-09,0.00015136
14745,0.000104,7.159346e-09,0.00012741
14746,0.000099,7.158896e-09,0.00025461
14747,0.000099,7.145164e-09,0.00020101
14748,0.000105,7.134306e-09,0.00016222
14749,0.000100,7.125107e-09,0.00013484
14750,0.000099,7.116870e-09,0.00011614
14751,0.000102,7.112492e-09,0.00021826
14752,0.001474,7.100814e-09,0.00017456
14753,0.000082,7.091158e-09,0.00014341
14754,0.000076,7.082670e-09,0.00012186
14755,0.000096,7.080429e-09,0.00023760
14756,0.000094,7.067746e-09,0.00018853
14757,0.000102,7.057523e-09,0.00015322
14758,0.000197,7.048723e-09,0.00012851
14759,0.000205,7.040746e-09,0.00011178
14760,0.000138,7.035154e-09,0.00020428
14761,0.000097,7.024234e-09,0.00016441
14762,0.000096,7.015046e-09,0.00013620
14763,0.000099,7.006860e-09,0.00011685
14764,0.000096,7.003105e-09,0.00022198
14765,0.000096,6.991329e-09,0.00017712
14766,0.000097,6.981661e-09,0.00014505
14767,0.000113,6.973212e-09,0.00012278
14768,0.000097,6.971682e-09,0.00024181
14769,0.000095,6.958855e-09,0.00019147
14770,0.000109,6.948594e-09,0.00015517
14771,0.000097,6.939817e-09,0.00012967
14772,0.000097,6.931899e-09,0.00011234
14773,0.000100,6.926869e-09,0.00020765
14774,0.000099,6.915879e-09,0.00016669
14775,0.000098,6.906695e-09,0.00013762
14776,0.000102,6.898556e-09,0.00011762
14777,0.000123,6.895439e-09,0.00022581
14778,0.000098,6.883554e-09,0.00017976
14779,0.000103,6.873868e-09,0.00014676
14780,0.000096,6.865452e-09,0.00012377
14781,0.000100,6.864653e-09,0.00024615
14782,0.000115,6.851669e-09,0.00019452
14783,0.000112,6.841363e-09,0.00015719
14784,0.000104,6.832604e-09,0.00013090
14785,0.000101,6.824740e-09,0.00011296
14786,0.001523,6.820283e-09,0.00021112
14787,0.000083,6.809215e-09,0.00016906
14788,0.000078,6.800029e-09,0.00013912
14789,0.000078,6.791933e-09,0.00011844
14790,0.000105,6.789469e-09,0.00022975
14791,0.000095,6.777464e-09,0.00018250
14792,0.000096,6.767753e-09,0.00014854
14793,0.000115,6.759366e-09,0.00012481
14794,0.000095,6.759315e-09,0.00025060
14795,0.000094,6.746163e-09,0.00019766
14796,0.000099,6.735803e-09,0.00015930
14797,0.000094,6.727056e-09,0.00013219
14798,0.000094,6.719243e-09,0.00011363
14799,0.000101,6.715373e-09,0.00021470
14800,0.000097,6.704215e-09,0.00017151
14801,0.000103,6.695022e-09,0.00014068
14802,0.000111,6.686965e-09,0.00011931
14803,0.000114,6.685169e-09,0.00023381
14804,0.000097,6.673034e-09,0.00018533
14805,0.000101,6.663290e-09,0.00015040
14806,0.000106,6.654928e-09,0.00012591
14807,0.000098,6.647366e-09,0.00010930
14808,0.000098,6.642311e-09,0.00020090
14809,0.000102,6.631888e-09,0.00016148
14810,0.000099,6.623149e-09,0.00013354
14811,0.000096,6.615382e-09,0.00011435
14812,0.000114,6.612112e-09,0.00021838
14813,0.000101,6.600856e-09,0.00017405
14814,0.000098,6.591649e-09,0.00014231
14815,0.000104,6.583626e-09,0.00012024
14816,0.000102,6.582516e-09,0.00023798
14817,0.000100,6.570237e-09,0.00018825
14818,0.000105,6.560454e-09,0.00015234
14819,0.000102,6.552111e-09,0.00012708
14820,0.000097,6.544603e-09,0.00010988
14821,0.000100,6.540088e-09,0.00020423
14822,0.001546,6.529595e-09,0.00016375
14823,0.000081,6.520857e-09,0.00013496
14824,0.000100,6.513133e-09,0.00011512
14825,0.000096,6.510476e-09,0.00022218
14826,0.000098,6.499112e-09,0.00017667
14827,0.000100,6.489884e-09,0.00014402
14828,0.000107,6.481891e-09,0.00012123
14829,0.000097,6.481484e-09,0.00024226
14830,0.000099,6.469051e-09,0.00019126
14831,0.000093,6.459220e-09,0.00015435
14832,0.000097,6.450892e-09,0.00012830
14833,0.000100,6.443434e-09,0.00011051
14834,0.000096,6.439471e-09,0.00020767
14835,0.000098,6.428898e-09,0.00016609
14836,0.000105,6.420155e-09,0.00013645
14837,0.000098,6.412471e-09,0.00011595
14838,0.000110,6.410442e-09,0.00022608
14839,0.000101,6.398959e-09,0.00017939
14840,0.000110,6.389703e-09,0.00014579
14841,0.000113,6.381736e-09,0.00012228
14842,0.000098,6.374514e-09,0.00010636
14843,0.000103,6.369451e-09,0.00019437
14844,0.000102,6.359565e-09,0.00015644
14845,0.000101,6.351246e-09,0.00012959
14846,0.000105,6.343834e-09,0.00011119
14847,0.000110,6.340436e-09,0.00021121
14848,0.000102,6.329774e-09,0.00016853
14849,0.000107,6.321020e-09,0.00013801
14850,0.000100,6.313371e-09,0.00011683
14851,0.000103,6.311986e-09,0.00023009
14852,0.000121,6.300373e-09,0.00018219
14853,0.000113,6.291083e-09,0.00014764
14854,0.000109,6.283136e-09,0.00012338
14855,0.000107,6.275967e-09,0.00010690
14856,0.000127,6.271413e-09,0.00019758
14857,0.000137,6.261463e-09,0.00015861
14858,0.001721,6.253149e-09,0.00013095
14859,0.000088,6.245780e-09,0.00011191
14860,0.000104,6.242958e-09,0.00021486
14861,0.000104,6.232198e-09,0.00017104
14862,0.000100,6.223428e-09,0.00013964
14863,0.000095,6.215809e-09,0.00011776
14864,0.000101,6.215085e-09,0.00023421
14865,0.000092,6.203330e-09,0.00018509
14866,0.000096,6.193999e-09,0.00014957
14867,0.000102,6.186068e-09,0.00012455
14868,0.000099,6.178949e-09,0.00010748
14869,0.000099,6.174914e-09,0.00020089
14870,0.000096,6.164893e-09,0.00016086
14871,0.000104,6.156577e-09,0.00013237
14872,0.000095,6.149247e-09,0.00011269
14873,0.000100,6.147016e-09,0.00021861
14874,0.000117,6.136147e-09,0.00017365
14875,0.000146,6.127354e-09,0.00014134
14876,0.000121,6.119762e-09,0.00011876
14877,0.000257,6.119715e-09,0.00023845
14878,0.000157,6.107808e-09,0.00018807
14879,0.000149,6.098428e-09,0.00015157
14880,0.000152,6.090509e-09,0.00012578
14881,0.000140,6.083435e-09,0.00010812
14882,0.000158,6.079931e-09,0.00020429
14883,0.000149,6.069830e-09,0.00016319
14884,0.000190,6.061506e-09,0.00013386
14885,0.000176,6.054211e-09,0.00011352
14886,0.000156,6.052586e-09,0.00022247
14887,0.000111,6.041599e-09,0.00017634
14888,0.000099,6.032777e-09,0.00014311
14889,0.000098,6.025206e-09,0.00011981
14890,0.000107,6.018360e-09,0.00010400
14891,0.000108,6.013783e-09,0.00019115
14892,0.000107,6.004347e-09,0.00015365
14893,0.000104,5.996434e-09,0.00012707
14894,0.001524,5.989403e-09,0.00010880
14895,0.000085,5.986442e-09,0.00020780
14896,0.000098,5.976251e-09,0.00016561
14897,0.000095,5.967915e-09,0.00013541
14898,0.000099,5.960651e-09,0.00011441
14899,0.000092,5.959646e-09,0.00022644
14900,0.000095,5.948530e-09,0.00017912
14901,0.000094,5.939672e-09,0.00014495
14902,0.000099,5.932119e-09,0.00012091
14903,0.000093,5.925321e-09,0.00010455
14904,0.000102,5.921234e-09,0.00019433
14905,0.000101,5.911734e-09,0.00015581
14906,0.000097,5.903822e-09,0.00012842
14907,0.000097,5.896829e-09,0.00010954
14908,0.000103,5.894424e-09,0.00021140
14909,0.000098,5.884135e-09,0.00016811
14910,0.000098,5.875780e-09,0.00013703
14911,0.000106,5.868544e-09,0.00011535
14912,0.000097,5.868175e-09,0.00023051
14913,0.000100,5.856919e-09,0.00018199
14914,0.000106,5.848018e-09,0.00014687
14915,0.000100,5.840478e-09,0.00012208
14916,0.000096,5.833726e-09,0.00010515
14917,0.000100,5.830138e-09,0.00019760
14918,0.000106,5.820566e-09,0.00015804
14919,0.000103,5.812650e-09,0.00012984
14920,0.000101,5.805693e-09,0.00011033
14921,0.000111,5.803856e-09,0.00021511
14922,0.000103,5.793459e-09,0.00017069
14923,0.000115,5.785080e-09,0.00013872
14924,0.000110,5.777866e-09,0.00011635
14925,0.000106,5.771328e-09,0.00010120
14926,0.000106,5.766744e-09,0.00018495
14927,0.000110,5.757793e-09,0.00014886
14928,0.000102,5.750262e-09,0.00012331
14929,0.000101,5.743551e-09,0.00010579
14930,0.001819,5.740474e-09,0.00020097
14931,0.000148,5.730821e-09,0.00016036
14932,0.000138,5.722896e-09,0.00013132
14933,0.000111,5.715970e-09,0.00011116
14934,0.000111,5.714717e-09,0.00021893
14935,0.000101,5.704202e-09,0.00017336
14936,0.000098,5.695792e-09,0.00014049
14937,0.000102,5.688597e-09,0.00011740
14938,0.000100,5.682107e-09,0.00010171
14939,0.000102,5.677983e-09,0.00018800
14940,0.000101,5.668975e-09,0.00015092
14941,0.000096,5.661447e-09,0.00012460
14942,0.000097,5.654776e-09,0.00010649
14943,0.000102,5.652221e-09,0.00020444
14944,0.000099,5.642479e-09,0.00016275
14945,0.000098,5.634539e-09,0.00013287
14946,0.000101,5.627641e-09,0.00011205
14947,0.000098,5.626985e-09,0.00022285
14948,0.000100,5.616343e-09,0.00017611
14949,0.000102,5.607895e-09,0.00014232
14950,0.000104,5.600715e-09,0.00011851
14951,0.000096,5.594269e-09,0.00010227
14952,0.000098,5.590616e-09,0.00019114
14953,0.000103,5.581543e-09,0.00015306
14954,0.000099,5.574014e-09,0.00012595
14955,0.000096,5.567377e-09,0.00010723
14956,0.000103,5.565358e-09,0.00020801
14957,0.000107,5.555517e-09,0.00016523
14958,0.000114,5.547557e-09,0.00013449
14959,0.000131,5.540683e-09,0.00011300
14960,0.000112,5.540641e-09,0.00022689
14961,0.000115,5.529860e-09,0.00017895
14962,0.000127,5.521368e-09,0.00014422
14963,0.000107,5.514198e-09,0.00011968
14964,0.000105,5.507793e-09,0.00010288
14965,0.001657,5.504621e-09,0.00019438
14966,0.000092,5.495476e-09,0.00015528
14967,0.000107,5.487940e-09,0.00012737
14968,0.000100,5.481335e-09,0.00010802
14969,0.000104,5.479864e-09,0.00021168
14970,0.000098,5.469916e-09,0.00016779
14971,0.000093,5.461929e-09,0.00013617
14972,0.000094,5.455075e-09,0.00011400
14973,0.000099,5.448876e-09,0.00009896
14974,0.000094,5.444733e-09,0.00018189
14975,0.000100,5.436190e-09,0.00014620
14976,0.000100,5.429026e-09,0.00012091
14977,0.000095,5.422659e-09,0.00010353
14978,0.000098,5.419979e-09,0.00019772
14979,0.000102,5.410752e-09,0.00015758
14980,0.000096,5.403205e-09,0.00012884
14981,0.000098,5.396629e-09,0.00010886
14982,0.000130,5.395719e-09,0.00021546
14983,0.000362,5.385655e-09,0.00017043
14984,0.000242,5.377635e-09,0.00013792
14985,0.000211,5.370797e-09,0.00011505
14986,0.000192,5.364642e-09,0.00009948
14987,0.000188,5.360941e-09,0.00018491
14988,0.000234,5.352340e-09,0.00014825
14989,0.000183,5.345177e-09,0.00012219
14990,0.000131,5.338846e-09,0.00010423
14991,0.000104,5.336669e-09,0.00020115
14992,0.000132,5.327353e-09,0.00015995
14993,0.000168,5.319789e-09,0.00013039
14994,0.000135,5.313237e-09,0.00010976
14995,0.000113,5.312904e-09,0.00021934
14996,0.000113,5.302713e-09,0.00017316
14997,0.000115,5.294654e-09,0.00013974
14998,0.000151,5.287828e-09,0.00011616
14999,0.000137,5.281714e-09,0.00010005
15000,0.000111,5.278466e-09,0.00018802
15001,0.001652,5.269799e-09,0.00015038
15002,0.000112,5.262633e-09,0.00012354
15003,0.000146,5.256334e-09,0.00010498
15004,0.000129,5.254671e-09,0.00020468
15005,0.000103,5.245258e-09,0.00016241
15006,0.000100,5.237672e-09,0.00013200
15007,0.000097,5.231141e-09,0.00011071
15008,0.000100,5.225221e-09,0.00009629
15009,0.000098,5.221071e-09,0.00017598
15010,0.000105,5.212967e-09,0.00014164
15011,0.000103,5.206148e-09,0.00011733
15012,0.000098,5.200073e-09,0.00010066
15013,0.000112,5.197287e-09,0.00019123
15014,0.000106,5.188547e-09,0.00015258
15015,0.000101,5.181372e-09,0.00012495
15016,0.000102,5.175102e-09,0.00010577
15017,0.000143,5.173967e-09,0.00020832
15018,0.000111,5.164447e-09,0.00016495
15019,0.000155,5.156833e-09,0.00013367
15020,0.000115,5.150319e-09,0.00011171
15021,0.000108,5.144443e-09,0.00009678
15022,0.000102,5.140709e-09,0.00017888
15023,0.000108,5.132554e-09,0.00014360
15024,0.000101,5.125738e-09,0.00011856
15025,0.000114,5.119698e-09,0.00010132
15026,0.000102,5.117385e-09,0.00019453
15027,0.000107,5.108565e-09,0.00015486
15028,0.000108,5.101376e-09,0.00012643
15029,0.000108,5.095131e-09,0.00010662
15030,0.000110,5.094537e-09,0.00021205
15031,0.000115,5.084902e-09,0.00016757
15032,0.000111,5.077253e-09,0.00013542
15033,0.000175,5.070753e-09,0.00011276
15034,0.000173,5.064917e-09,0.00009731
15035,0.000160,5.061610e-09,0.00018188
15036,0.001803,5.053395e-09,0.00014564
15037,0.000084,5.046578e-09,0.00011984
15038,0.000098,5.040570e-09,0.00010203
15039,0.000100,5.038741e-09,0.00019793
15040,0.000095,5.029832e-09,0.00015722
15041,0.000098,5.022625e-09,0.00012796
15042,0.000097,5.016401e-09,0.00010752
15043,0.000094,5.016363e-09,0.00021588
15044,0.000101,5.006603e-09,0.00017028
15045,0.000093,4.998914e-09,0.00013723
15046,0.000093,4.992423e-09,0.00011387
15047,0.000100,4.986624e-09,0.00009789
15048,0.000105,4.983752e-09,0.00018496
15049,0.000101,4.975472e-09,0.00014775
15050,0.000105,4.968650e-09,0.00012119
15051,0.000095,4.962670e-09,0.00010278
15052,0.000096,4.961338e-09,0.00020142
15053,0.000098,4.952331e-09,0.00015965
15054,0.000111,4.945100e-09,0.00012957
15055,0.000111,4.938894e-09,0.00010847
15056,0.000107,4.933283e-09,0.00009416
15057,0.000122,4.929531e-09,0.00017307
15058,0.000140,4.921796e-09,0.00013911
15059,0.000120,4.915310e-09,0.00011504
15060,0.000121,4.909547e-09,0.00009851
15061,0.000104,4.907120e-09,0.00018813
15062,0.000102,4.898766e-09,0.00014994
15063,0.000111,4.891933e-09,0.00012260
15064,0.000104,4.885979e-09,0.00010358
15065,0.000104,4.885155e-09,0.00020501
15066,0.000111,4.876043e-09,0.00016217
15067,0.000113,4.868783e-09,0.00013123
15068,0.000110,4.862591e-09,0.00010947
15069,0.000112,4.857019e-09,0.00009466
15070,0.000102,4.853669e-09,0.00017594
15071,0.000106,4.845882e-09,0.00014106
15072,0.000103,4.839396e-09,0.00011627
15073,0.001634,4.833665e-09,0.00009917
15074,0.000082,4.831693e-09,0.00019140
15075,0.000101,4.823259e-09,0.00015220
15076,0.000102,4.816411e-09,0.00012407
15077,0.000096,4.810479e-09,0.00010444
15078,0.000096,4.810177e-09,0.00020870
15079,0.000104,4.800950e-09,0.00016477
15080,0.000157,4.793654e-09,0.00013297
15081,0.000163,4.787474e-09,0.00011053
15082,0.000138,4.781939e-09,0.00009520
15083,0.000125,4.778998e-09,0.00017890
15084,0.000130,4.771151e-09,0.00014309
15085,0.000140,4.764663e-09,0.00011755
15086,0.000142,4.758960e-09,0.00009989
15087,0.000137,4.757455e-09,0.00019476
15088,0.000135,4.748932e-09,0.00015454
15089,0.000140,4.742064e-09,0.00012560
15090,0.000133,4.736151e-09,0.00010534
15091,0.000136,4.730791e-09,0.00009162
15092,0.000149,4.727034e-09,0.00016745
15093,0.000133,4.719697e-09,0.00013477
15094,0.000132,4.713523e-09,0.00011164
15095,0.000140,4.708023e-09,0.00009578
15096,0.000135,4.705501e-09,0.00018196
15097,0.000134,4.697588e-09,0.00014518
15098,0.000143,4.691092e-09,0.00011889
15099,0.000134,4.685415e-09,0.00010064
15100,0.000133,4.684388e-09,0.00019822
15101,0.000142,4.675769e-09,0.00015695
15102,0.000147,4.668875e-09,0.00012719
15103,0.000149,4.662977e-09,0.00010629
15104,0.000140,4.657657e-09,0.00009209
15105,0.000152,4.654277e-09,0.00017021
15106,0.000143,4.646893e-09,0.00013664
15107,0.000137,4.640722e-09,0.00011281
15108,0.000143,4.635254e-09,0.00009641
15109,0.001932,4.633160e-09,0.00018510
15110,0.000116,4.625174e-09,0.00014735
15111,0.000112,4.618666e-09,0.00012030
15112,0.000141,4.613011e-09,0.00010145
15113,0.000136,4.612474e-09,0.00020177
15114,0.000132,4.603751e-09,0.00015945
15115,0.000135,4.596826e-09,0.00012885
15116,0.000129,4.590940e-09,0.00010730
15117,0.000130,4.585656e-09,0.00009260
15118,0.000137,4.582662e-09,0.00017306
15119,0.000132,4.575225e-09,0.00013858
15120,0.000130,4.569053e-09,0.00011403
15121,0.000135,4.563614e-09,0.00009708
15122,0.000132,4.561958e-09,0.00018833
15123,0.000134,4.553892e-09,0.00014959
15124,0.000140,4.547367e-09,0.00012176
15125,0.000131,4.541732e-09,0.00010231
15126,0.000145,4.541698e-09,0.00020542
15127,0.000161,4.532861e-09,0.00016202
15128,0.000173,4.525900e-09,0.00013058
15129,0.000145,4.520023e-09,0.00010835
15130,0.000134,4.514773e-09,0.00009314
15131,0.000143,4.512173e-09,0.00017599
15132,0.000147,4.504676e-09,0.00014059
15133,0.000167,4.498499e-09,0.00011531
15134,0.000147,4.493085e-09,0.00009780
15135,0.000140,4.491879e-09,0.00019165
15136,0.000159,4.483725e-09,0.00015191
15137,0.000154,4.477178e-09,0.00012328
15138,0.000145,4.471559e-09,0.00010321
15139,0.000138,4.466479e-09,0.00008960
15140,0.000150,4.463082e-09,0.00016468
15141,0.000142,4.456079e-09,0.00013237
15142,0.000142,4.450207e-09,0.00010946
15143,0.000148,4.444989e-09,0.00009373
15144,0.000138,4.442791e-09,0.00017901
15145,0.000144,4.435229e-09,0.00014267
15146,0.000153,4.429042e-09,0.00011665
15147,0.000152,4.423651e-09,0.00009856
15148,0.002173,4.422906e-09,0.00019507
15149,0.000131,4.414656e-09,0.00015431
15150,0.000131,4.408082e-09,0.00012487
15151,0.000164,4.402477e-09,0.00010417
15152,0.000154,4.397432e-09,0.00009007
15153,0.000165,4.394399e-09,0.00016741
15154,0.000166,4.387348e-09,0.00013422
15155,0.000178,4.381477e-09,0.00011063
15156,0.000197,4.376287e-09,0.00009437
15157,0.000168,4.374502e-09,0.00018212
15158,0.000165,4.366866e-09,0.00014482
15159,0.000162,4.360666e-09,0.00011805
15160,0.000159,4.355296e-09,0.00009937
15161,0.000156,4.355022e-09,0.00019858
15162,0.000169,4.346669e-09,0.00015678
15163,0.000170,4.340063e-09,0.00012652
15164,0.000156,4.334467e-09,0.00010517
15165,0.000168,4.329456e-09,0.00009058
15166,0.000173,4.326794e-09,0.00017023
15167,0.000201,4.319690e-09,0.00013615
15168,0.000190,4.313815e-09,0.00011185
15169,0.000181,4.308652e-09,0.00009504
15170,0.000188,4.307289e-09,0.00018532
15171,0.000199,4.299573e-09,0.00014704
15172,0.000209,4.293354e-09,0.00011951
15173,0.000159,4.288001e-09,0.00010023
15174,0.000161,4.283149e-09,0.00008718
15175,0.000172,4.279747e-09,0.00015933
15176,0.000163,4.273104e-09,0.00012824
15177,0.000150,4.267515e-09,0.00010623
15178,0.000165,4.262535e-09,0.00009114
15179,0.000164,4.260251e-09,0.00017313
15180,0.000167,4.253087e-09,0.00013814
15181,0.000183,4.247206e-09,0.00011313
15182,0.000169,4.242066e-09,0.00009576
15183,0.000167,4.241136e-09,0.00018860
15184,0.000171,4.233333e-09,0.00014934
15185,0.000159,4.227091e-09,0.00012103
15186,0.000181,4.221752e-09,0.00010114
15187,0.002041,4.216935e-09,0.00008762
15188,0.000108,4.213875e-09,0.00016196
15189,0.000107,4.207190e-09,0.00013002
15190,0.000134,4.201603e-09,0.00010734
15191,0.000122,4.196652e-09,0.00009174
15192,0.000122,4.194756e-09,0.00017612
15193,0.000126,4.187526e-09,0.00014021
15194,0.000121,4.181633e-09,0.00011446
15195,0.000129,4.176514e-09,0.00009653
15196,0.000129,4.176028e-09,0.00019198
15197,0.000121,4.168130e-09,0.00015172
15198,0.000121,4.161860e-09,0.00012260
15199,0.000121,4.156531e-09,0.00010209
15200,0.000129,4.151748e-09,0.00008811
15201,0.000124,4.149037e-09,0.00016467
15202,0.000131,4.142303e-09,0.00013186
15203,0.000178,4.136716e-09,0.00010850
15204,0.000157,4.131791e-09,0.00009237
15205,0.000136,4.130292e-09,0.00017920
15206,0.000136,4.122989e-09,0.00014234
15207,0.000132,4.117081e-09,0.00011586
15208,0.000163,4.111980e-09,0.00009735
15209,0.000197,4.111949e-09,0.00019546
15210,0.000165,4.103948e-09,0.00015417
15211,0.000168,4.097645e-09,0.00012424
15212,0.000148,4.092324e-09,0.00010310
15213,0.000133,4.087571e-09,0.00008863
15214,0.000143,4.085217e-09,0.00016746
15215,0.000149,4.078430e-09,0.00013377
15216,0.000158,4.072838e-09,0.00010972
15217,0.000152,4.067936e-09,0.00009306
15218,0.000145,4.066844e-09,0.00018236
15219,0.000153,4.059462e-09,0.00014455
15220,0.000138,4.053534e-09,0.00011731
15221,0.000157,4.048447e-09,0.00009821
15222,0.000181,4.043847e-09,0.00008525
15223,0.000140,4.040772e-09,0.00015669
15224,0.000175,4.034432e-09,0.00012595
15225,0.000164,4.029115e-09,0.00010416
15226,0.000129,4.024391e-09,0.00008919
15227,0.000134,4.022402e-09,0.00017033
15228,0.001968,4.015554e-09,0.00013575
15229,0.000111,4.009953e-09,0.00011100
15230,0.000125,4.005073e-09,0.00009378
15231,0.000122,4.004398e-09,0.00018561
15232,0.000118,3.996928e-09,0.00014683
15233,0.000117,3.990977e-09,0.00011882
15234,0.000125,3.985902e-09,0.00009911
15235,0.000121,3.981334e-09,0.00008570
15236,0.000152,3.978588e-09,0.00015929
15237,0.000164,3.972205e-09,0.00012772
15238,0.000155,3.966889e-09,0.00010527
15239,0.000155,3.962190e-09,0.00008979
15240,0.000167,3.960574e-09,0.00017329
15241,0.000162,3.953661e-09,0.00013780
15242,0.000158,3.948047e-09,0.00011233
15243,0.000163,3.943185e-09,0.00009455
15244,0.000159,3.942938e-09,0.00018896
15245,0.000160,3.935375e-09,0.00014918
15246,0.000175,3.929394e-09,0.00012039
15247,0.000159,3.924328e-09,0.00010007
15248,0.000159,3.919791e-09,0.00008619
15249,0.000166,3.917380e-09,0.00016198
15250,0.000205,3.910948e-09,0.00012955
15251,0.000215,3.905630e-09,0.00010643
15252,0.000191,3.900955e-09,0.00009043
15253,0.000197,3.899721e-09,0.00017633
15254,0.000180,3.892736e-09,0.00013992
15255,0.000204,3.887105e-09,0.00011371
15256,0.000218,3.882259e-09,0.00009537
15257,0.000182,3.877865e-09,0.00008295
15258,0.000185,3.874785e-09,0.00015160
15259,0.000198,3.868771e-09,0.00012202
15260,0.000249,3.863711e-09,0.00010108
15261,0.000161,3.859202e-09,0.00008672
15262,0.000160,3.857135e-09,0.00016474
15263,0.000111,3.850649e-09,0.00013145
15264,0.000117,3.845324e-09,0.00010764
15265,0.000124,3.840670e-09,0.00009112
15266,0.000107,3.839828e-09,0.00017946
15267,0.000114,3.832763e-09,0.00014210
15268,0.001755,3.827112e-09,0.00011516
15269,0.000086,3.822278e-09,0.00009623
15270,0.000080,3.817917e-09,0.00008338
15271,0.000104,3.815147e-09,0.00015411
15272,0.000103,3.809094e-09,0.00012371
15273,0.000101,3.804036e-09,0.00010214
15274,0.000098,3.799553e-09,0.00008729
15275,0.000098,3.797837e-09,0.00016758
15276,0.000104,3.791291e-09,0.00013341
15277,0.000096,3.785956e-09,0.00010891
15278,0.000099,3.781321e-09,0.00009185
15279,0.000103,3.780881e-09,0.00018268
15280,0.000101,3.773730e-09,0.00014436
15281,0.000108,3.768054e-09,0.00011666
15282,0.000106,3.763229e-09,0.00009714
15283,0.000100,3.758898e-09,0.00008383
15284,0.000098,3.756444e-09,0.00015668
15285,0.000112,3.750348e-09,0.00012547
15286,0.000105,3.745289e-09,0.00010324
15287,0.000111,3.740830e-09,0.00008790
15288,0.000100,3.739473e-09,0.00017051
15289,0.000107,3.732861e-09,0.00013544
15290,0.000103,3.727512e-09,0.00011024
15291,0.000103,3.722893e-09,0.00009263
15292,0.000107,3.722866e-09,0.00018598
15293,0.000101,3.715622e-09,0.00014669
15294,0.000101,3.709916e-09,0.00011822
15295,0.000106,3.705098e-09,0.00009810
15296,0.000100,3.700795e-09,0.00008433
15297,0.000103,3.698664e-09,0.00015934
15298,0.000107,3.692519e-09,0.00012729
15299,0.000105,3.687455e-09,0.00010440
15300,0.000115,3.683018e-09,0.00008854
15301,0.000112,3.682029e-09,0.00017352
15302,0.000102,3.675345e-09,0.00013754
15303,0.000165,3.669978e-09,0.00011162
15304,0.000192,3.665373e-09,0.00009344
15305,0.000189,3.661208e-09,0.00008112
15306,0.002029,3.658424e-09,0.00014909
15307,0.000090,3.652684e-09,0.00011984
15308,0.000087,3.647870e-09,0.00009911
15309,0.000118,3.643593e-09,0.00008486
15310,0.000109,3.641792e-09,0.00016207
15311,0.000095,3.635593e-09,0.00012917
15312,0.000103,3.630521e-09,0.00010562
15313,0.000092,3.626103e-09,0.00008924
15314,0.000096,3.625492e-09,0.00017661
15315,0.000098,3.618729e-09,0.00013971
15316,0.000095,3.613340e-09,0.00011306
15317,0.000096,3.608746e-09,0.00009431
15318,0.000101,3.604611e-09,0.00008155
15319,0.000100,3.602124e-09,0.00015157
15320,0.000110,3.596345e-09,0.00012152
15321,0.000102,3.591532e-09,0.00010016
15322,0.000102,3.587278e-09,0.00008544
15323,0.000101,3.585815e-09,0.00016489
15324,0.000114,3.579556e-09,0.00013112
15325,0.000105,3.574474e-09,0.00010688
15326,0.000097,3.570071e-09,0.00008997
15327,0.000097,3.569848e-09,0.00017979
15328,0.000102,3.563000e-09,0.00014195
15329,0.000113,3.557585e-09,0.00011455
15330,0.000104,3.552998e-09,0.00009522
15331,0.000102,3.548891e-09,0.00008201
15332,0.000098,3.546708e-09,0.00015412
15333,0.000098,3.540885e-09,0.00012327
15334,0.000109,3.536070e-09,0.00010127
15335,0.000103,3.531837e-09,0.00008605
15336,0.000099,3.530721e-09,0.00016778
15337,0.000105,3.524396e-09,0.00013313
15338,0.000100,3.519298e-09,0.00010820
15339,0.000112,3.514910e-09,0.00009075
15340,0.000111,3.510933e-09,0.00007893
15341,0.000117,3.508144e-09,0.00014425
15342,0.000115,3.502699e-09,0.00011610
15343,0.001815,3.498117e-09,0.00009618
15344,0.000088,3.494035e-09,0.00008252
15345,0.000092,3.492164e-09,0.00015675
15346,0.000187,3.486291e-09,0.00012507
15347,0.000157,3.481470e-09,0.00010243
15348,0.000163,3.477257e-09,0.00008670
15349,0.000142,3.476495e-09,0.00017076
15350,0.000133,3.470098e-09,0.00013521
15351,0.000141,3.464982e-09,0.00010957
15352,0.000144,3.460605e-09,0.00009157
15353,0.000186,3.456657e-09,0.00007933
15354,0.000204,3.454149e-09,0.00014663
15355,0.000143,3.448669e-09,0.00011771
15356,0.000124,3.444089e-09,0.00009718
15357,0.000168,3.440031e-09,0.00008306
15358,0.000170,3.438477e-09,0.00015946
15359,0.000189,3.432550e-09,0.00012694
15360,0.000162,3.427720e-09,0.00010363
15361,0.000137,3.423524e-09,0.00008740
15362,0.000145,3.423126e-09,0.00017382
15363,0.000142,3.416651e-09,0.00013736
15364,0.000139,3.411512e-09,0.00011100
15365,0.000136,3.407144e-09,0.00009243
15366,0.000133,3.403223e-09,0.00007977
15367,0.000147,3.401001e-09,0.00014909
15368,0.000139,3.395481e-09,0.00011938
15369,0.000218,3.390901e-09,0.00009824
15370,0.000291,3.386864e-09,0.00008363
15371,0.000305,3.385636e-09,0.00016224
15372,0.000313,3.379650e-09,0.00012887
15373,0.000308,3.374807e-09,0.00010489
15374,0.000314,3.370625e-09,0.00008813
15375,0.000273,3.370600e-09,0.00017696
15376,0.000170,3.364041e-09,0.00013958
15377,0.000167,3.358875e-09,0.00011249
15378,0.000169,3.354514e-09,0.00009334
15379,0.000167,3.350618e-09,0.00008024
15380,0.002486,3.348688e-09,0.00015161
15381,0.000111,3.343124e-09,0.00012111
15382,0.000123,3.338540e-09,0.00009934
15383,0.000170,3.334522e-09,0.00008425
15384,0.000269,3.333628e-09,0.00016511
15385,0.000211,3.327576e-09,0.00013087
15386,0.000196,3.322717e-09,0.00010621
15387,0.000177,3.318547e-09,0.00008891
15388,0.000211,3.314777e-09,0.00007719
15389,0.000177,3.312256e-09,0.00014187
15390,0.000228,3.307059e-09,0.00011403
15391,0.000169,3.302701e-09,0.00009430
15392,0.000157,3.298828e-09,0.00008075
15393,0.000161,3.297198e-09,0.00015422
15394,0.000179,3.291585e-09,0.00012291
15395,0.000166,3.286994e-09,0.00010050
15396,0.000159,3.282993e-09,0.00008491
15397,0.000169,3.282440e-09,0.00016805
15398,0.000153,3.276317e-09,0.00013293
15399,0.000151,3.271439e-09,0.00010758
15400,0.000174,3.267279e-09,0.00008974
15401,0.000158,3.263535e-09,0.00007759
15402,0.000162,3.261284e-09,0.00014422
15403,0.000175,3.256051e-09,0.00011563
15404,0.000123,3.251694e-09,0.00009531
15405,0.000113,3.247843e-09,0.00008129
15406,0.000164,3.246518e-09,0.00015689
15407,0.000124,3.240851e-09,0.00012476
15408,0.000115,3.236250e-09,0.00010170
15409,0.000169,3.232264e-09,0.00008561
15410,0.000166,3.232061e-09,0.00017108
15411,0.000151,3.225862e-09,0.00013506
15412,0.000133,3.220959e-09,0.00010900
15413,0.000135,3.216807e-09,0.00009060
15414,0.000111,3.213088e-09,0.00007804
15415,0.000122,3.211112e-09,0.00014665
15416,0.000114,3.205840e-09,0.00011729
15417,0.000106,3.201480e-09,0.00009636
15418,0.000101,3.197648e-09,0.00008188
15419,0.000105,3.196637e-09,0.00015965
15420,0.002012,3.190910e-09,0.00012668
15421,0.000132,3.186295e-09,0.00010295
15422,0.000130,3.182322e-09,0.00008635
15423,0.000122,3.178721e-09,0.00007510
15424,0.000116,3.176197e-09,0.00013726
15425,0.000128,3.171267e-09,0.00011047
15426,0.000125,3.167119e-09,0.00009152
15427,0.000124,3.163423e-09,0.00007851
15428,0.000141,3.161728e-09,0.00014915
15429,0.000143,3.156412e-09,0.00011901
15430,0.000116,3.152047e-09,0.00009746
15431,0.000121,3.148232e-09,0.00008250
15432,0.000112,3.147542e-09,0.00016248
15433,0.000105,3.141751e-09,0.00012866
15434,0.000113,3.137119e-09,0.00010426
15435,0.000103,3.133156e-09,0.00008713
15436,0.000103,3.129581e-09,0.00007549
15437,0.000111,3.127311e-09,0.00013953
15438,0.000112,3.122349e-09,0.00011201
15439,0.000125,3.118203e-09,0.00009247
15440,0.000127,3.114529e-09,0.00007903
15441,0.000107,3.113122e-09,0.00015173
15442,0.000104,3.107756e-09,0.00012079
15443,0.000114,3.103383e-09,0.00009861
15444,0.000100,3.099584e-09,0.00008316
15445,0.000104,3.099223e-09,0.00016539
15446,0.000105,3.093361e-09,0.00013070
15447,0.000113,3.088708e-09,0.00010562
15448,0.000110,3.084754e-09,0.00008795
15449,0.000114,3.081204e-09,0.00007590
15450,0.000138,3.079192e-09,0.00014186
15451,0.000104,3.074195e-09,0.00011360
15452,0.000103,3.070048e-09,0.00009348
15453,0.000105,3.066393e-09,0.00007958
15454,0.000099,3.065281e-09,0.00015438
15455,0.000109,3.059861e-09,0.00012263
15456,0.000105,3.055476e-09,0.00009981
15457,0.001600,3.051690e-09,0.00008386
15458,0.000084,3.051668e-09,0.00016839
15459,0.000078,3.045730e-09,0.00013281
15460,0.000096,3.041052e-09,0.00010704
15461,0.000097,3.037104e-09,0.00008882
15462,0.000100,3.033576e-09,0.00007635
15463,0.000095,3.031829e-09,0.00014426
15464,0.000101,3.026792e-09,0.00011524
15465,0.000100,3.022642e-09,0.00009453
15466,0.000094,3.019004e-09,0.00008017
15467,0.000095,3.018194e-09,0.00015710
15468,0.000102,3.012715e-09,0.00012453
15469,0.000096,3.008316e-09,0.00010106
15470,0.000098,3.004541e-09,0.00008460
15471,0.000101,3.001127e-09,0.00007344
15472,0.000101,2.998845e-09,0.00013499
15473,0.000100,2.994140e-09,0.00010850
15474,0.000263,2.990194e-09,0.00008973
15475,0.000157,2.986687e-09,0.00007683
15476,0.000118,2.985211e-09,0.00014674
15477,0.000179,2.980130e-09,0.00011695
15478,0.000156,2.975973e-09,0.00009562
15479,0.000110,2.972351e-09,0.00008079
15480,0.000105,2.971850e-09,0.00015990
15481,0.000109,2.966307e-09,0.00012649
15482,0.000101,2.961890e-09,0.00010236
15483,0.000102,2.958123e-09,0.00008539
15484,0.000135,2.954734e-09,0.00007383
15485,0.000109,2.952696e-09,0.00013723
15486,0.000106,2.947958e-09,0.00011003
15487,0.000118,2.944013e-09,0.00009069
15488,0.000111,2.940526e-09,0.00007735
15489,0.000109,2.939327e-09,0.00014929
15490,0.000110,2.934196e-09,0.00011871
15491,0.000103,2.930030e-09,0.00009677
15492,0.000102,2.926422e-09,0.00008146
15493,0.001621,2.926238e-09,0.00016278
15494,0.000094,2.920625e-09,0.00012852
15495,0.000094,2.916187e-09,0.00010371
15496,0.000101,2.912427e-09,0.00008621
15497,0.000100,2.909060e-09,0.00007425
15498,0.000099,2.907271e-09,0.00013954
15499,0.000097,2.902498e-09,0.00011160
15500,0.000097,2.898551e-09,0.00009169
15501,0.000104,2.895081e-09,0.00007791
15502,0.000096,2.894166e-09,0.00015191
15503,0.000103,2.888981e-09,0.00012054
15504,0.000111,2.884803e-09,0.00009796
15505,0.000098,2.881206e-09,0.00008216
15506,0.000100,2.877945e-09,0.00007146
15507,0.000106,2.875660e-09,0.00013061
15508,0.000100,2.871197e-09,0.00010512
15509,0.000102,2.867441e-09,0.00008708
15510,0.000107,2.864095e-09,0.00007471
15511,0.000102,2.862561e-09,0.00014192
15512,0.000100,2.857747e-09,0.00011324
15513,0.000116,2.853795e-09,0.00009273
15514,0.000103,2.850342e-09,0.00007850
15515,0.000101,2.849717e-09,0.00015460
15516,0.000107,2.844474e-09,0.00012242
15517,0.000105,2.840280e-09,0.00009921
15518,0.000100,2.836692e-09,0.00008290
15519,0.000102,2.833456e-09,0.00007183
15520,0.000109,2.831400e-09,0.00013276
15521,0.000105,2.826908e-09,0.00010658
15522,0.000112,2.823154e-09,0.00008799
15523,0.000114,2.819827e-09,0.00007520
15524,0.000104,2.818554e-09,0.00014437
15525,0.000108,2.813696e-09,0.00011493
15526,0.000115,2.809736e-09,0.00009383
15527,0.000106,2.806296e-09,0.00007913
15528,0.000106,2.805970e-09,0.00015738
15529,0.002118,2.800663e-09,0.00012437
15530,0.000118,2.796450e-09,0.00010050
15531,0.000096,2.792870e-09,0.00008369
15532,0.000143,2.789656e-09,0.00007222
15533,0.000131,2.787834e-09,0.00013498
15534,0.000125,2.783310e-09,0.00010809
15535,0.000115,2.779555e-09,0.00008894
15536,0.000097,2.776246e-09,0.00007572
15537,0.000102,2.775240e-09,0.00014689
15538,0.000102,2.770332e-09,0.00011668
15539,0.000107,2.766363e-09,0.00009497
15540,0.000099,2.762935e-09,0.00007980
15541,0.000109,2.762915e-09,0.00016022
15542,0.000106,2.757538e-09,0.00012637
15543,0.000101,2.753304e-09,0.00010185
15544,0.000114,2.749728e-09,0.00008451
15545,0.000112,2.746535e-09,0.00007265
15546,0.000100,2.744953e-09,0.00013727
15547,0.000102,2.740393e-09,0.00010966
15548,0.000119,2.736635e-09,0.00008994
15549,0.000107,2.733342e-09,0.00007628
15550,0.000113,2.732608e-09,0.00014949
15551,0.000116,2.727648e-09,0.00011849
15552,0.000104,2.723665e-09,0.00009616
15553,0.000106,2.720247e-09,0.00008050
15554,0.000110,2.717156e-09,0.00006988
15555,0.000105,2.715090e-09,0.00012844
15556,0.000110,2.710830e-09,0.00010324
15557,0.000108,2.707258e-09,0.00008538
15558,0.000110,2.704083e-09,0.00007311
15559,0.000116,2.702747e-09,0.00013963
15560,0.000108,2.698146e-09,0.00011128
15561,0.000116,2.694382e-09,0.00009099
15562,0.000109,2.691103e-09,0.00007688
15563,0.000112,2.690650e-09,0.00015215
15564,0.000116,2.685631e-09,0.00012036
15565,0.001651,2.681632e-09,0.00009740
15566,0.000086,2.678222e-09,0.00008125
15567,0.000079,2.675153e-09,0.00007025
15568,0.000107,2.673308e-09,0.00013058
15569,0.000102,2.669019e-09,0.00010469
15570,0.000103,2.665447e-09,0.00008629
15571,0.000098,2.662290e-09,0.00007360
15572,0.000098,2.661204e-09,0.00014205
15573,0.000115,2.656559e-09,0.00011296
15574,0.000113,2.652787e-09,0.00009208
15575,0.000108,2.649520e-09,0.00007751
15576,0.000103,2.649354e-09,0.00015489
15577,0.000104,2.644272e-09,0.00012229
15578,0.000117,2.640254e-09,0.00009868
15579,0.000128,2.636849e-09,0.00008203
15580,0.000113,2.633801e-09,0.00007065
15581,0.000122,2.632182e-09,0.00013278
15582,0.000206,2.627860e-09,0.00010619
15583,0.000265,2.624286e-09,0.00008724
15584,0.000172,2.621145e-09,0.00007413
15585,0.000170,2.620316e-09,0.00014454
15586,0.000177,2.615622e-09,0.00011469
15587,0.000170,2.611839e-09,0.00009321
15588,0.000196,2.608583e-09,0.00007818
15589,0.000186,2.605631e-09,0.00006800
15590,0.000142,2.603562e-09,0.00012427
15591,0.000105,2.599520e-09,0.00010002
15592,0.000108,2.596120e-09,0.00008286
15593,0.000101,2.593091e-09,0.00007109
15594,0.000100,2.591702e-09,0.00013504
15595,0.000109,2.587344e-09,0.00010775
15596,0.000115,2.583766e-09,0.00008824
15597,0.000102,2.580639e-09,0.00007469
15598,0.000107,2.580074e-09,0.00014711
15599,0.000100,2.575326e-09,0.00011649
15600,0.000101,2.571529e-09,0.00009440
15601,0.000110,2.568281e-09,0.00007888
15602,0.001791,2.565351e-09,0.00006834
15603,0.000096,2.563489e-09,0.00012632
15604,0.000087,2.559422e-09,0.00010141
15605,0.000107,2.556024e-09,0.00008372
15606,0.000100,2.553012e-09,0.00007155
15607,0.000095,2.551859e-09,0.00013737
15608,0.000094,2.547460e-09,0.00010936
15609,0.000105,2.543876e-09,0.00008928
15610,0.000100,2.540761e-09,0.00007529
15611,0.000093,2.540466e-09,0.00014975
15612,0.000097,2.535661e-09,0.00011834
15613,0.000100,2.531847e-09,0.00009563
15614,0.000099,2.528605e-09,0.00007963
15615,0.000094,2.525695e-09,0.00006872
15616,0.000104,2.524046e-09,0.00012844
15617,0.000097,2.519950e-09,0.00010285
15618,0.000098,2.516551e-09,0.00008463
15619,0.000113,2.513555e-09,0.00007205
15620,0.000102,2.512643e-09,0.00013977
15621,0.000110,2.508201e-09,0.00011102
15622,0.000104,2.504607e-09,0.00009037
15623,0.000099,2.501503e-09,0.00007593
15624,0.000097,2.501485e-09,0.00015245
15625,0.000105,2.496617e-09,0.00012025
15626,0.000101,2.492783e-09,0.00009691
15627,0.000103,2.489546e-09,0.00008042
15628,0.000114,2.486655e-09,0.00006913
15629,0.000120,2.485223e-09,0.00013062
15630,0.000124,2.481094e-09,0.00010434
15631,0.000172,2.477692e-09,0.00008558
15632,0.000121,2.474710e-09,0.00007258
15633,0.000112,2.474046e-09,0.00014224
15634,0.000108,2.469555e-09,0.00011274
15635,0.000111,2.465949e-09,0.00009150
15636,0.000332,2.462854e-09,0.00007660
15637,0.000166,2.460056e-09,0.00006649
15638,0.001944,2.458186e-09,0.00012222
15639,0.000116,2.454328e-09,0.00009824
15640,0.000125,2.451094e-09,0.00008124
15641,0.000134,2.448220e-09,0.00006956
15642,0.000127,2.447010e-09,0.00013286
15643,0.000128,2.442845e-09,0.00010588
15644,0.000136,2.439437e-09,0.00008658
15645,0.000126,2.436468e-09,0.00007315
15646,0.000127,2.436058e-09,0.00014478
15647,0.000132,2.431514e-09,0.00011452
15648,0.000132,2.427893e-09,0.00009268
15649,0.000130,2.424806e-09,0.00007731
15650,0.000132,2.422027e-09,0.00006685
15651,0.000129,2.420357e-09,0.00012425
15652,0.000130,2.416473e-09,0.00009962
15653,0.000136,2.413240e-09,0.00008211
15654,0.000127,2.410381e-09,0.00007003
15655,0.000128,2.409399e-09,0.00013516
15656,0.000151,2.405193e-09,0.00010748
15657,0.000132,2.401778e-09,0.00008761
15658,0.000131,2.398820e-09,0.00007375
15659,0.000137,2.398670e-09,0.00014738
15660,0.000131,2.394069e-09,0.00011636
15661,0.000130,2.390430e-09,0.00009390
15662,0.000131,2.387348e-09,0.00007805
15663,0.000144,2.384588e-09,0.00006723
15664,0.000131,2.383122e-09,0.00012634
15665,0.000133,2.379209e-09,0.00010105
15666,0.000149,2.375974e-09,0.00008301
15667,0.000130,2.373130e-09,0.00007054
15668,0.000131,2.372380e-09,0.00013754
15669,0.000141,2.368130e-09,0.00010913
15670,0.000142,2.364705e-09,0.00008869
15671,0.000139,2.361756e-09,0.00007439
15672,0.000138,2.359084e-09,0.00006470
15673,0.000132,2.357210e-09,0.00011825
15674,0.000141,2.353551e-09,0.00009517
15675,0.000160,2.350473e-09,0.00007884
15676,0.001995,2.347730e-09,0.00006764
15677,0.000119,2.346473e-09,0.00012850
15678,0.000122,2.342527e-09,0.00010253
15679,0.000098,2.339288e-09,0.00008396
15680,0.000098,2.336457e-09,0.00007107
15681,0.000094,2.335945e-09,0.00013998
15682,0.000093,2.331647e-09,0.00011084
15683,0.000095,2.328209e-09,0.00008982
15684,0.000106,2.325268e-09,0.00007506
15685,0.000093,2.322615e-09,0.00006503
15686,0.000100,2.320930e-09,0.00012020
15687,0.000097,2.317248e-09,0.00009649
15688,0.000106,2.314171e-09,0.00007966
15689,0.000094,2.311444e-09,0.00006808
15690,0.000101,2.310400e-09,0.00013071
15691,0.000096,2.306418e-09,0.00010406
15692,0.000094,2.303172e-09,0.00008495
15693,0.000100,2.300352e-09,0.00007164
15694,0.000094,2.300085e-09,0.00014249
15695,0.000095,2.295735e-09,0.00011260
15696,0.000101,2.292282e-09,0.00009099
15697,0.000095,2.289347e-09,0.00007577
15698,0.000104,2.286712e-09,0.00006539
15699,0.000103,2.285219e-09,0.00012221
15700,0.000098,2.281510e-09,0.00009786
15701,0.000097,2.278433e-09,0.00008053
15702,0.000096,2.275720e-09,0.00006856
15703,0.000102,2.274895e-09,0.00013300
15704,0.000097,2.270873e-09,0.00010564
15705,0.000105,2.267619e-09,0.00008599
15706,0.000104,2.264809e-09,0.00007225
15707,0.000095,2.264792e-09,0.00014506
15708,0.000113,2.260385e-09,0.00011442
15709,0.000107,2.256914e-09,0.00009221
15710,0.000098,2.253983e-09,0.00007652
15711,0.000095,2.251366e-09,0.00006577
15712,0.000102,2.250069e-09,0.00012428
15713,0.000098,2.246331e-09,0.00009928
15714,0.000097,2.243251e-09,0.00008143
15715,0.000106,2.240551e-09,0.00006906
15716,0.001562,2.239950e-09,0.00013534
15717,0.000078,2.235884e-09,0.00010728
15718,0.000093,2.232619e-09,0.00008706
15719,0.000101,2.229817e-09,0.00007289
15720,0.000105,2.227284e-09,0.00006327
15721,0.000109,2.225590e-09,0.00011629
15722,0.000100,2.222098e-09,0.00009348
15723,0.000167,2.219170e-09,0.00007730
15724,0.000151,2.216568e-09,0.00006619
15725,0.000097,2.215472e-09,0.00012642
15726,0.000107,2.211701e-09,0.00010075
15727,0.000108,2.208616e-09,0.00008238
15728,0.000097,2.205928e-09,0.00006960
15729,0.000102,2.205556e-09,0.00013776
15730,0.000111,2.201442e-09,0.00010897
15731,0.000104,2.198164e-09,0.00008818
15732,0.000104,2.195369e-09,0.00007356
15733,0.000103,2.192853e-09,0.00006361
15734,0.000114,2.191341e-09,0.00011822
15735,0.000194,2.187825e-09,0.00009479
15736,0.000152,2.184897e-09,0.00007813
15737,0.000111,2.182309e-09,0.00006664
15738,0.000148,2.181420e-09,0.00012861
15739,0.000101,2.177612e-09,0.00010227
15740,0.000101,2.174520e-09,0.00008337
15741,0.000093,2.171842e-09,0.00007017
15742,0.000096,2.171706e-09,0.00014024
15743,0.000290,2.167540e-09,0.00011072
15744,0.000157,2.164246e-09,0.00008935
15745,0.000161,2.161456e-09,0.00007427
15746,0.000153,2.158957e-09,0.00006397
15747,0.000162,2.157630e-09,0.00012022
15748,0.000182,2.154087e-09,0.00009615
15749,0.000182,2.151158e-09,0.00007899
15750,0.000151,2.148583e-09,0.00006712
15751,0.000163,2.147904e-09,0.00013087
15752,0.002222,2.144056e-09,0.00010384
15753,0.000152,2.140955e-09,0.00008439
15754,0.000180,2.138285e-09,0.00007078
15755,0.000176,2.135866e-09,0.00006156
15756,0.000148,2.134170e-09,0.00011252
15757,0.000148,2.130857e-09,0.00009056
15758,0.000154,2.128070e-09,0.00007502
15759,0.000159,2.125587e-09,0.00006436
15760,0.000166,2.124448e-09,0.00012227
15761,0.000160,2.120876e-09,0.00009756
15762,0.000153,2.117943e-09,0.00007989
15763,0.000155,2.115380e-09,0.00006763
15764,0.000150,2.114916e-09,0.00013319
15765,0.000144,2.111025e-09,0.00010546
15766,0.000168,2.107912e-09,0.00008547
15767,0.000146,2.105250e-09,0.00007142
15768,0.000141,2.102848e-09,0.00006188
15769,0.000152,2.101322e-09,0.00011437
15770,0.000135,2.097989e-09,0.00009182
15771,0.000135,2.095203e-09,0.00007580
15772,0.000143,2.092734e-09,0.00006478
15773,0.000150,2.091789e-09,0.00012438
15774,0.000157,2.088183e-09,0.00009901
15775,0.000160,2.085245e-09,0.00008083
15776,0.000141,2.082692e-09,0.00006817
15777,0.000137,2.082450e-09,0.00013558
15778,0.000136,2.078511e-09,0.00010714
15779,0.000142,2.075385e-09,0.00008658
15780,0.000151,2.072728e-09,0.00007210
15781,0.000105,2.070342e-09,0.00006222
15782,0.000110,2.068991e-09,0.00011629
15783,0.000097,2.065633e-09,0.00009312
15784,0.000099,2.062846e-09,0.00007662
15785,0.000101,2.060390e-09,0.00006523
15786,0.000097,2.059644e-09,0.00012655
15787,0.000095,2.056002e-09,0.00010052
15788,0.000102,2.053056e-09,0.00008182
15789,0.000097,2.050512e-09,0.00006874
15790,0.000099,2.050497e-09,0.00013803
15791,0.000101,2.046507e-09,0.00010887
15792,0.000106,2.043364e-09,0.00008774
15793,0.000100,2.040711e-09,0.00007281
15794,0.001579,2.038340e-09,0.00006259
15795,0.000078,2.037167e-09,0.00011826
15796,0.000089,2.033782e-09,0.00009447
15797,0.000136,2.030993e-09,0.00007749
15798,0.000116,2.028549e-09,0.00006571
15799,0.000099,2.028005e-09,0.00012878
15800,0.000096,2.024324e-09,0.00010208
15801,0.000101,2.021368e-09,0.00008284
15802,0.000097,2.018831e-09,0.00006935
15803,0.000099,2.016537e-09,0.00006020
15804,0.000110,2.015004e-09,0.00011065
15805,0.000116,2.011842e-09,0.00008894
15806,0.000110,2.009191e-09,0.00007355
15807,0.000097,2.006835e-09,0.00006298
15808,0.000129,2.005844e-09,0.00012029
15809,0.000104,2.002429e-09,0.00009587
15810,0.000100,1.999636e-09,0.00007838
15811,0.000112,1.997202e-09,0.00006623
15812,0.000110,1.996866e-09,0.00013108
15813,0.000106,1.993141e-09,0.00010369
15814,0.000105,1.990173e-09,0.00008391
15815,0.000126,1.987642e-09,0.00006999
15816,0.000113,1.985365e-09,0.00006052
15817,0.000118,1.983996e-09,0.00011249
15818,0.000109,1.980812e-09,0.00009019
15819,0.000106,1.978162e-09,0.00007434
15820,0.000109,1.975819e-09,0.00006341
15821,0.000103,1.975013e-09,0.00012238
15822,0.000101,1.971566e-09,0.00009731
15823,0.000107,1.968766e-09,0.00007932
15824,0.000268,1.966342e-09,0.00006677
15825,0.000156,1.966219e-09,0.00013344
15826,0.000136,1.962447e-09,0.00010535
15827,0.000155,1.959465e-09,0.00008502
15828,0.000126,1.956938e-09,0.00007067
15829,0.000103,1.954676e-09,0.00006087
15830,0.000106,1.953474e-09,0.00011439
15831,0.005497,1.950267e-09,0.00009149
15832,0.000151,1.947615e-09,0.00007516
15833,0.000137,1.945283e-09,0.00006386
15834,0.000164,1.944669e-09,0.00012453
15835,0.000160,1.941185e-09,0.00009881
15836,0.000162,1.938377e-09,0.00008030
15837,0.000146,1.935960e-09,0.00006735
15838,0.000136,1.933770e-09,0.00005858
15839,0.000134,1.932234e-09,0.00010706
15840,0.000139,1.929235e-09,0.00008617
15841,0.000133,1.926711e-09,0.00007138
15842,0.000503,1.924463e-09,0.00006124
15843,0.000144,1.923432e-09,0.00011634
15844,0.000134,1.920198e-09,0.00009283
15845,0.000136,1.917543e-09,0.00007602
15846,0.000199,1.915222e-09,0.00006435
15847,0.000146,1.914803e-09,0.00012673
15848,0.000154,1.911279e-09,0.00010035
15849,0.000363,1.908461e-09,0.00008132
15850,0.000168,1.906051e-09,0.00006796
15851,0.000148,1.903876e-09,0.00005888
15852,0.000152,1.902495e-09,0.00010883
15853,0.000153,1.899476e-09,0.00008736
15854,0.000336,1.896954e-09,0.00007213
15855,0.000146,1.894719e-09,0.00006164
15856,0.000158,1.893863e-09,0.00011835
15857,0.000140,1.890599e-09,0.00009421
15858,0.000146,1.887939e-09,0.00007691
15859,0.000146,1.885627e-09,0.00006486
15860,0.000156,1.885408e-09,0.00012901
15861,0.000148,1.881842e-09,0.00010195
15862,0.000152,1.879011e-09,0.00008238
15863,0.000144,1.876606e-09,0.00006860
15864,0.000147,1.874446e-09,0.00005920
15865,0.000154,1.873222e-09,0.00011065
15866,0.000369,1.870182e-09,0.00008860
15867,0.000737,1.867660e-09,0.00007291
15868,0.027949,1.865436e-09,0.00006207
15869,0.000226,1.864760e-09,0.00012041
15870,0.000163,1.861463e-09,0.00009565
15871,0.000698,1.858795e-09,0.00007785
15872,0.000197,1.856492e-09,0.00006541
15873,0.011541,1.856479e-09,0.00013134
15874,0.000141,1.852866e-09,0.00010359
15875,0.000134,1.850021e-09,0.00008349
15876,0.000625,1.847618e-09,0.00006928
15877,0.000500,1.845472e-09,0.00005955
15878,0.000544,1.844410e-09,0.00011253
15879,0.000468,1.841346e-09,0.00008989
15880,0.000434,1.838821e-09,0.00007373
15881,0.000420,1.836608e-09,0.00006253
15882,0.000467,1.836115e-09,0.00012254
15883,0.000446,1.832782e-09,0.00009713
15884,0.000413,1.830106e-09,0.00007882
15885,0.000496,1.827809e-09,0.00006599
15886,0.000608,1.825732e-09,0.00005728
15887,0.000550,1.824344e-09,0.00010529
15888,0.000709,1.821482e-09,0.00008463
15889,0.000415,1.819081e-09,0.00006999
15890,0.000446,1.816948e-09,0.00005993
15891,0.011968,1.816051e-09,0.00011446
15892,0.000650,1.812959e-09,0.00009122
15893,0.000449,1.810430e-09,0.00007458
15894,0.013364,1.808227e-09,0.00006302
15895,0.000553,1.807922e-09,0.00012473
15896,0.000399,1.804550e-09,0.00009866
15897,0.000405,1.801863e-09,0.00007984
15898,0.000436,1.799572e-09,0.00006660
15899,0.000413,1.797509e-09,0.00005759
15900,0.000405,1.796270e-09,0.00010704
15901,0.000456,1.793388e-09,0.00008582
15902,0.000584,1.790988e-09,0.00007073
15903,0.000671,1.788867e-09,0.00006033
15904,0.000454,1.788137e-09,0.00011644
15905,0.000805,1.785016e-09,0.00009259
15906,0.000450,1.782482e-09,0.00007548
15907,0.001553,1.780286e-09,0.00006353
15908,0.000423,1.780175e-09,0.00012697
15909,0.002232,1.776760e-09,0.00010024
15910,0.000162,1.774060e-09,0.00008090
15911,0.000124,1.771773e-09,0.00006724
15912,0.000146,1.769724e-09,0.00005792
15913,0.000127,1.768637e-09,0.00010884
15914,0.000269,1.765733e-09,0.00008705
15915,0.000131,1.763331e-09,0.00007152
15916,0.000132,1.761221e-09,0.00006077
15917,0.000143,1.760664e-09,0.00011849
15918,0.000140,1.757510e-09,0.00009402
15919,0.000132,1.754968e-09,0.00007641
15920,0.000149,1.752780e-09,0.00006408
15921,0.000137,1.750796e-09,0.00005574
15922,0.000185,1.749406e-09,0.00010187
15923,0.000294,1.746691e-09,0.00008199
15924,0.000153,1.744406e-09,0.00006792
15925,0.000152,1.742370e-09,0.00005827
15926,0.000181,1.741437e-09,0.00011070
15927,0.000148,1.738509e-09,0.00008833
15928,0.000217,1.736105e-09,0.00007233
15929,0.000148,1.734004e-09,0.00006123
15930,0.000140,1.733624e-09,0.00012059
15931,0.000147,1.730434e-09,0.00009549
15932,0.000173,1.727883e-09,0.00007738
15933,0.000153,1.725700e-09,0.00006466
15934,0.000910,1.723731e-09,0.00005602
15935,0.000167,1.722481e-09,0.00010355
15936,0.000179,1.719748e-09,0.00008313
15937,0.000135,1.717464e-09,0.00006863
15938,0.000130,1.715441e-09,0.00005865
15939,0.000137,1.714666e-09,0.00011261
15940,0.000143,1.711711e-09,0.00008965
15941,0.000134,1.709302e-09,0.00007319
15942,0.002008,1.707209e-09,0.00006172
15943,0.000098,1.707011e-09,0.00012275
15944,0.000127,1.703783e-09,0.00009700
15945,0.000123,1.701220e-09,0.00007839
15946,0.000103,1.699042e-09,0.00006528
15947,0.000094,1.697086e-09,0.00005633
15948,0.000100,1.695978e-09,0.00010529
15949,0.000107,1.693226e-09,0.00008431
15950,0.000096,1.690942e-09,0.00006937
15951,0.000100,1.688929e-09,0.00005906
15952,0.000093,1.688317e-09,0.00011458
15953,0.000094,1.685331e-09,0.00009101
15954,0.000102,1.682916e-09,0.00007408
15955,0.000093,1.680831e-09,0.00006224
15956,0.000105,1.680819e-09,0.00012497
15957,0.000117,1.677548e-09,0.00009857
15958,0.000105,1.674972e-09,0.00007944
15959,0.000122,1.672797e-09,0.00006592
15960,0.000111,1.670854e-09,0.00005666
15961,0.000102,1.669892e-09,0.00010707
15962,0.000096,1.667118e-09,0.00008553
15963,0.000101,1.664832e-09,0.00007015
15964,0.000095,1.662828e-09,0.00005950
15965,0.000094,1.662382e-09,0.00011660
15966,0.000122,1.659364e-09,0.00009242
15967,0.000162,1.656941e-09,0.00007500
15968,0.000129,1.654862e-09,0.00006279
15969,0.000130,1.652982e-09,0.00005451
15970,0.000141,1.651725e-09,0.00010019
15971,0.000115,1.649133e-09,0.00008053
15972,0.000106,1.646960e-09,0.00006660
15973,0.000110,1.645029e-09,0.00005702
15974,0.000173,1.644216e-09,0.00010891
15975,0.000342,1.641417e-09,0.00008680
15976,0.001678,1.639128e-09,0.00007097
15977,0.000082,1.637133e-09,0.00005996
15978,0.000084,1.636857e-09,0.00011868
15979,0.000113,1.633804e-09,0.00009388
15980,0.000111,1.631371e-09,0.00007597
15981,0.000103,1.629297e-09,0.00006337
15982,0.000100,1.627430e-09,0.00005480
15983,0.000098,1.626307e-09,0.00010185
15984,0.000099,1.623698e-09,0.00008166
15985,0.000105,1.621525e-09,0.00006731
15986,0.000096,1.619604e-09,0.00005741
15987,0.000094,1.618944e-09,0.00011080
15988,0.000114,1.616118e-09,0.00008811
15989,0.000111,1.613824e-09,0.00007182
15990,0.000104,1.611836e-09,0.00006045
15991,0.000099,1.611736e-09,0.00012082
15992,0.000100,1.608644e-09,0.00009538
15993,0.000099,1.606199e-09,0.00007697
15994,0.000095,1.604128e-09,0.00006398
15995,0.000107,1.602274e-09,0.00005511
15996,0.000098,1.601289e-09,0.00010357
15997,0.000096,1.598659e-09,0.00008283
15998,0.000133,1.596485e-09,0.00006805
15999,0.000160,1.594574e-09,0.00005782
16000,0.000098,1.594071e-09,0.00011274
16001,0.000098,1.591215e-09,0.00008946
16002,0.000100,1.588913e-09,0.00007271
16003,0.000113,1.586932e-09,0.00006098
16004,0.000111,1.585136e-09,0.00005304
16005,0.000106,1.583878e-09,0.00009693
16006,0.000099,1.581419e-09,0.00007802
16007,0.000103,1.579351e-09,0.00006463
16008,0.001513,1.577508e-09,0.00005545
16009,0.000084,1.576663e-09,0.00010533
16010,0.000093,1.574012e-09,0.00008404
16011,0.000098,1.571835e-09,0.00006883
16012,0.000131,1.569933e-09,0.00005826
16013,0.000147,1.569589e-09,0.00011475
16014,0.000127,1.566701e-09,0.00009086
16015,0.000114,1.564391e-09,0.00007363
16016,0.000109,1.562415e-09,0.00006153
16017,0.000097,1.560632e-09,0.00005331
16018,0.000100,1.559500e-09,0.00009853
16019,0.000102,1.557026e-09,0.00007910
16020,0.000102,1.554959e-09,0.00006530
16021,0.000097,1.553126e-09,0.00005581
16022,0.000108,1.552425e-09,0.00010715
16023,0.000141,1.549749e-09,0.00008530
16024,0.000129,1.547568e-09,0.00006964
16025,0.000112,1.545674e-09,0.00005873
16026,0.000103,1.545494e-09,0.00011680
16027,0.000099,1.542571e-09,0.00009230
16028,0.000104,1.540251e-09,0.00007459
16029,0.000099,1.538279e-09,0.00006211
16030,0.000103,1.536508e-09,0.00005360
16031,0.000117,1.535506e-09,0.00010018
16032,0.000433,1.533014e-09,0.00008022
16033,0.000141,1.530946e-09,0.00006601
16034,0.000123,1.529123e-09,0.00005620
16035,0.000141,1.528569e-09,0.00010902
16036,0.000139,1.525866e-09,0.00008660
16037,0.000140,1.523679e-09,0.00007048
16038,0.000136,1.521791e-09,0.00005922
16039,0.000131,1.521781e-09,0.00011891
16040,0.001726,1.518819e-09,0.00009379
16041,0.000128,1.516487e-09,0.00007559
16042,0.000089,1.514518e-09,0.00006272
16043,0.000098,1.512759e-09,0.00005392
16044,0.000096,1.511888e-09,0.00010188
16045,0.000093,1.509376e-09,0.00008138
16046,0.000091,1.507306e-09,0.00006675
16047,0.000099,1.505492e-09,0.00005661
16048,0.000100,1.505088e-09,0.00011095
16049,0.000094,1.502356e-09,0.00008794
16050,0.000097,1.500162e-09,0.00007137
16051,0.000114,1.498280e-09,0.00005975
16052,0.000099,1.496577e-09,0.00005186
16053,0.000116,1.495440e-09,0.00009533
16054,0.000107,1.493093e-09,0.00007663
16055,0.000106,1.491126e-09,0.00006337
16056,0.000099,1.489377e-09,0.00005426
16057,0.000111,1.488641e-09,0.00010363
16058,0.000101,1.486107e-09,0.00008259
16059,0.000106,1.484034e-09,0.00006753
16060,0.000102,1.482228e-09,0.00005705
16061,0.000176,1.481979e-09,0.00011293
16062,0.000110,1.479214e-09,0.00008933
16063,0.000104,1.477011e-09,0.00007229
16064,0.000097,1.475133e-09,0.00006030
16065,0.000092,1.473443e-09,0.00005214
16066,0.000099,1.472427e-09,0.00009691
16067,0.000095,1.470065e-09,0.00007770
16068,0.000095,1.468097e-09,0.00006404
16069,0.000105,1.466358e-09,0.00005463
16070,0.000204,1.465761e-09,0.00010543
16071,0.000157,1.463202e-09,0.00008383
16072,0.000109,1.461124e-09,0.00006834
16073,0.001783,1.459325e-09,0.00005752
16074,0.000100,1.459234e-09,0.00011496
16075,0.000105,1.456435e-09,0.00009076
16076,0.000095,1.454221e-09,0.00007324
16077,0.000099,1.452346e-09,0.00006088
16078,0.000092,1.450667e-09,0.00005244
16079,0.000095,1.449776e-09,0.00009855
16080,0.000114,1.447395e-09,0.00007882
16081,0.000108,1.445427e-09,0.00006475
16082,0.000103,1.443697e-09,0.00005502
16083,0.000102,1.443241e-09,0.00010728
16084,0.000107,1.440655e-09,0.00008512
16085,0.000100,1.438571e-09,0.00006918
16086,0.000097,1.436778e-09,0.00005802
16087,0.000100,1.435152e-09,0.00005047
16088,0.000098,1.434012e-09,0.00009223
16089,0.000111,1.431786e-09,0.00007423
16090,0.000106,1.429914e-09,0.00006149
16091,0.000094,1.428245e-09,0.00005276
16092,0.000098,1.427480e-09,0.00010023
16093,0.000101,1.425080e-09,0.00007997
16094,0.000095,1.423109e-09,0.00006549
16095,0.000092,1.421387e-09,0.00005544
16096,0.000100,1.421076e-09,0.00010918
16097,0.000097,1.418461e-09,0.00008645
16098,0.000097,1.416369e-09,0.00007006
16099,0.000108,1.414580e-09,0.00005855
16100,0.000104,1.412966e-09,0.00005072
16101,0.000097,1.411941e-09,0.00009376
16102,0.000118,1.409701e-09,0.00007526
16103,0.000122,1.407829e-09,0.00006214
16104,0.000110,1.406170e-09,0.00005310
16105,0.000102,1.405536e-09,0.00010196
16106,0.001477,1.403113e-09,0.00008116
16107,0.000086,1.401138e-09,0.00006626
16108,0.000075,1.399423e-09,0.00005588
16109,0.000091,1.399261e-09,0.00011114
16110,0.000094,1.396614e-09,0.00008783
16111,0.000101,1.394513e-09,0.00007097
16112,0.000121,1.392728e-09,0.00005910
16113,0.000103,1.391125e-09,0.00005100
16114,0.000102,1.390217e-09,0.00009533
16115,0.000123,1.387961e-09,0.00007633
16116,0.000108,1.386089e-09,0.00006281
16117,0.000132,1.384438e-09,0.00005347
16118,0.000271,1.383937e-09,0.00010374
16119,0.000117,1.381490e-09,0.00008240
16120,0.000104,1.379510e-09,0.00006707
16121,0.000157,1.377800e-09,0.00005635
16122,0.000103,1.377791e-09,0.00011315
16123,0.000110,1.375110e-09,0.00008925
16124,0.000102,1.372998e-09,0.00007192
16125,0.000104,1.371215e-09,0.00005968
16126,0.000107,1.369622e-09,0.00005130
16127,0.000099,1.368834e-09,0.00009694
16128,0.000119,1.366560e-09,0.00007744
16129,0.000115,1.364686e-09,0.00006352
16130,0.000123,1.363043e-09,0.00005387
16131,0.000306,1.362678e-09,0.00010557
16132,0.000120,1.360204e-09,0.00008368
16133,0.000107,1.358218e-09,0.00006791
16134,0.000183,1.356514e-09,0.00005685
16135,0.000107,1.354972e-09,0.00004935
16136,0.000104,1.353942e-09,0.00009071
16137,0.000098,1.351818e-09,0.00007291
16138,0.001526,1.350036e-09,0.00006029
16139,0.000086,1.348453e-09,0.00005163
16140,0.000089,1.347787e-09,0.00009861
16141,0.000096,1.345493e-09,0.00007859
16142,0.000101,1.343616e-09,0.00006425
16143,0.000096,1.341981e-09,0.00005429
16144,0.000096,1.341755e-09,0.00010745
16145,0.000111,1.339252e-09,0.00008500
16146,0.000102,1.337258e-09,0.00006878
16147,0.000096,1.335557e-09,0.00005738
16148,0.000096,1.334027e-09,0.00004961
16149,0.000100,1.333107e-09,0.00009222
16150,0.000100,1.330968e-09,0.00007393
16151,0.000095,1.329187e-09,0.00006094
16152,0.000101,1.327613e-09,0.00005198
16153,0.000095,1.327072e-09,0.00010032
16154,0.000096,1.324755e-09,0.00007977
16155,0.000118,1.322874e-09,0.00006502
16156,0.000102,1.321245e-09,0.00005474
16157,0.000098,1.321162e-09,0.00010939
16158,0.000109,1.318628e-09,0.00008636
16159,0.000110,1.316624e-09,0.00006969
16160,0.000123,1.314927e-09,0.00005793
16161,0.000120,1.313406e-09,0.00004989
16162,0.000102,1.312599e-09,0.00009377
16163,0.000103,1.310444e-09,0.00007499
16164,0.000118,1.308662e-09,0.00006161
16165,0.000109,1.307095e-09,0.00005235
16166,0.000101,1.306682e-09,0.00010208
16167,0.000101,1.304342e-09,0.00008100
16168,0.000101,1.302455e-09,0.00006583
16169,0.000098,1.300831e-09,0.00005521
16170,0.001720,1.299359e-09,0.00004802
16171,0.000095,1.298327e-09,0.00008776
16172,0.000098,1.296312e-09,0.00007064
16173,0.000128,1.294616e-09,0.00005851
16174,0.000106,1.293106e-09,0.00005020
16175,0.000116,1.292413e-09,0.00009537
16176,0.000143,1.290240e-09,0.00007609
16177,0.000106,1.288456e-09,0.00006231
16178,0.000097,1.286896e-09,0.00005275
16179,0.000093,1.286615e-09,0.00010389
16180,0.000099,1.284247e-09,0.00008226
16181,0.000094,1.282354e-09,0.00006666
16182,0.000095,1.280734e-09,0.00005571
16183,0.000107,1.279273e-09,0.00004826
16184,0.000098,1.278345e-09,0.00008921
16185,0.000094,1.276317e-09,0.00007162
16186,0.000100,1.274622e-09,0.00005912
16187,0.000107,1.273120e-09,0.00005053
16188,0.000098,1.272545e-09,0.00009701
16189,0.000109,1.270352e-09,0.00007723
16190,0.000096,1.268564e-09,0.00006305
16191,0.000106,1.267011e-09,0.00005317
16192,0.000108,1.266864e-09,0.00010575
16193,0.000106,1.264468e-09,0.00008357
16194,0.000097,1.262566e-09,0.00006753
16195,0.000107,1.260949e-09,0.00005623
16196,0.000115,1.259498e-09,0.00004853
16197,0.000108,1.258676e-09,0.00009070
16198,0.000100,1.256633e-09,0.00007263
16199,0.000103,1.254938e-09,0.00005977
16200,0.000097,1.253444e-09,0.00005088
16201,0.000095,1.252990e-09,0.00009871
16202,0.001459,1.250774e-09,0.00007841
16203,0.000088,1.248982e-09,0.00006382
16204,0.000093,1.247434e-09,0.00005362
16205,0.000093,1.247426e-09,0.00010767
16206,0.000102,1.244998e-09,0.00008492
16207,0.000098,1.243086e-09,0.00006844
16208,0.000097,1.241472e-09,0.00005679
16209,0.000095,1.240030e-09,0.00004882
16210,0.000100,1.239316e-09,0.00009224
16211,0.000098,1.237257e-09,0.00007369
16212,0.000100,1.235560e-09,0.00006044
16213,0.000129,1.234074e-09,0.00005126
16214,0.000098,1.233743e-09,0.00010045
16215,0.000095,1.231503e-09,0.00007962
16216,0.000102,1.229705e-09,0.00006462
16217,0.000096,1.228162e-09,0.00005409
16218,0.000100,1.226766e-09,0.00004696
16219,0.000101,1.225834e-09,0.00008631
16220,0.000097,1.223910e-09,0.00006938
16221,0.000102,1.222297e-09,0.00005737
16222,0.000111,1.220864e-09,0.00004913
16223,0.000114,1.220261e-09,0.00009383
16224,0.000103,1.218184e-09,0.00007478
16225,0.000116,1.216484e-09,0.00006114
16226,0.000164,1.215004e-09,0.00005166
16227,0.000166,1.214799e-09,0.00010224
16228,0.000171,1.212533e-09,0.00008088
16229,0.000192,1.210728e-09,0.00006545
16230,0.000154,1.209188e-09,0.00005459
16231,0.000175,1.207803e-09,0.00004721
16232,0.000164,1.206970e-09,0.00008775
16233,0.000151,1.205033e-09,0.00007035
16234,0.001964,1.203421e-09,0.00005798
16235,0.000116,1.201995e-09,0.00004946
16236,0.000137,1.201505e-09,0.00009545
16237,0.000128,1.199408e-09,0.00007590
16238,0.000149,1.197705e-09,0.00006187
16239,0.000136,1.196230e-09,0.00005208
16240,0.000133,1.196155e-09,0.00010408
16241,0.000128,1.193861e-09,0.00008217
16242,0.000135,1.192046e-09,0.00006631
16243,0.000132,1.190510e-09,0.00005512
16244,0.000137,1.189133e-09,0.00004748
16245,0.000136,1.188402e-09,0.00008922
16246,0.000130,1.186451e-09,0.00007136
16247,0.000129,1.184837e-09,0.00005862
16248,0.000141,1.183419e-09,0.00004981
16249,0.000132,1.183046e-09,0.00009713
16250,0.000133,1.180926e-09,0.00007707
16251,0.000145,1.179218e-09,0.00006264
16252,0.000131,1.177748e-09,0.00005253
16253,0.000148,1.176415e-09,0.00004569
16254,0.000135,1.175481e-09,0.00008351
16255,0.000129,1.173656e-09,0.00006721
16256,0.000129,1.172121e-09,0.00005568
16257,0.000139,1.170753e-09,0.00004777
16258,0.000151,1.170127e-09,0.00009074
16259,0.000135,1.168159e-09,0.00007240
16260,0.000131,1.166543e-09,0.00005929
16261,0.000137,1.165132e-09,0.00005019
16262,0.000134,1.164877e-09,0.00009885
16263,0.000131,1.162733e-09,0.00007827
16264,0.000140,1.161019e-09,0.00006343
16265,0.000152,1.159552e-09,0.00005301
16266,0.000144,1.158229e-09,0.00004592
16267,0.000156,1.157389e-09,0.00008489
16268,0.000133,1.155553e-09,0.00006814
16269,0.000339,1.154018e-09,0.00005626
16270,0.002132,1.152659e-09,0.00004808
16271,0.000133,1.152138e-09,0.00009231
16272,0.000102,1.150152e-09,0.00007349
16273,0.000121,1.148534e-09,0.00005999
16274,0.000106,1.147128e-09,0.00005059
16275,0.000097,1.146995e-09,0.00010063
16276,0.000107,1.144825e-09,0.00007952
16277,0.000101,1.143103e-09,0.00006426
16278,0.000102,1.141640e-09,0.00005351
16279,0.000099,1.140326e-09,0.00004618
16280,0.000112,1.139582e-09,0.00008631
16281,0.000100,1.137732e-09,0.00006911
16282,0.000104,1.136197e-09,0.00005687
16283,0.000125,1.134845e-09,0.00004841
16284,0.000139,1.134433e-09,0.00009392
16285,0.000124,1.132427e-09,0.00007461
16286,0.000146,1.130805e-09,0.00006072
16287,0.000113,1.129403e-09,0.00005102
16288,0.000110,1.129396e-09,0.00010245
16289,0.000118,1.127198e-09,0.00008080
16290,0.000103,1.125467e-09,0.00006512
16291,0.000115,1.124005e-09,0.00005404
16292,0.000112,1.122700e-09,0.00004645
16293,0.000107,1.122054e-09,0.00008777
16294,0.000157,1.120189e-09,0.00007011
16295,0.000120,1.118653e-09,0.00005751
16296,0.000106,1.117307e-09,0.00004877
16297,0.000124,1.117008e-09,0.00009558
16298,0.000106,1.114980e-09,0.00007576
16299,0.000111,1.113352e-09,0.00006148
16300,0.000115,1.111954e-09,0.00005147
16301,0.000098,1.110691e-09,0.00004468
16302,0.000143,1.109847e-09,0.00008213
16303,0.000136,1.108105e-09,0.00006601
16304,0.001482,1.106645e-09,0.00005459
16305,0.000087,1.105347e-09,0.00004674
16306,0.000096,1.104801e-09,0.00008928
16307,0.000110,1.102921e-09,0.00007115
16308,0.000106,1.101382e-09,0.00005818
16309,0.000102,1.100042e-09,0.00004915
16310,0.000094,1.099857e-09,0.00009729
16311,0.000106,1.097805e-09,0.00007696
16312,0.000099,1.096170e-09,0.00006227
16313,0.000098,1.094776e-09,0.00005195
16314,0.000099,1.093522e-09,0.00004492
16315,0.000105,1.092768e-09,0.00008349
16316,0.000116,1.091014e-09,0.00006694
16317,0.000174,1.089554e-09,0.00005517
16318,0.000169,1.088264e-09,0.00004706
16319,0.000144,1.087821e-09,0.00009083
16320,0.000133,1.085922e-09,0.00007222
16321,0.000101,1.084380e-09,0.00005887
16322,0.000095,1.083044e-09,0.00004956
16323,0.000103,1.082977e-09,0.00009904
16324,0.000098,1.080899e-09,0.00007819
16325,0.000093,1.079256e-09,0.00006310
16326,0.000095,1.077865e-09,0.00005245
16327,0.000098,1.076619e-09,0.00004517
16328,0.000095,1.075957e-09,0.00008490
16329,0.000093,1.074190e-09,0.00006790
16330,0.000099,1.072730e-09,0.00005578
16331,0.000110,1.071446e-09,0.00004740
16332,0.000097,1.071107e-09,0.00009242
16333,0.000101,1.069188e-09,0.00007333
16334,0.000096,1.067642e-09,0.00005960
16335,0.000097,1.066311e-09,0.00004998
16336,0.000101,1.065104e-09,0.00004348
16337,0.001545,1.064258e-09,0.00007946
16338,0.000084,1.062606e-09,0.00006395
16339,0.000092,1.061216e-09,0.00005298
16340,0.000090,1.059978e-09,0.00004545
16341,0.000098,1.059411e-09,0.00008635
16342,0.000095,1.057629e-09,0.00006889
16343,0.000093,1.056167e-09,0.00005642
16344,0.000095,1.054888e-09,0.00004776
16345,0.000104,1.054658e-09,0.00009406
16346,0.000111,1.052717e-09,0.00007448
16347,0.000104,1.051165e-09,0.00006036
16348,0.000105,1.049837e-09,0.00005044
16349,0.000094,1.048639e-09,0.00004370
16350,0.000097,1.047879e-09,0.00008077
16351,0.000102,1.046216e-09,0.00006484
16352,0.000098,1.044827e-09,0.00005353
16353,0.000096,1.043596e-09,0.00004575
16354,0.000099,1.043125e-09,0.00008784
16355,0.000099,1.041327e-09,0.00006992
16356,0.000110,1.039861e-09,0.00005708
16357,0.000109,1.038588e-09,0.00004814
16358,0.000095,1.038468e-09,0.00009575
16359,0.000097,1.036503e-09,0.00007566
16360,0.000106,1.034944e-09,0.00006114
16361,0.000095,1.033619e-09,0.00005091
16362,0.000094,1.032430e-09,0.00004394
16363,0.000098,1.031756e-09,0.00008212
16364,0.000117,1.030081e-09,0.00006576
16365,0.000114,1.028692e-09,0.00005411
16366,0.000114,1.027467e-09,0.00004607
16367,0.000102,1.027095e-09,0.00008937
16368,0.000106,1.025279e-09,0.00007099
16369,0.000111,1.023809e-09,0.00005778
16370,0.000120,1.022541e-09,0.00004855
16371,0.001876,1.022534e-09,0.00009748
16372,0.000096,1.020544e-09,0.00007689
16373,0.000103,1.018977e-09,0.00006196
16374,0.000095,1.017653e-09,0.00005142
16375,0.000103,1.016471e-09,0.00004420
16376,0.000100,1.015887e-09,0.00008352
16377,0.000103,1.014199e-09,0.00006671
16378,0.000097,1.012808e-09,0.00005472
16379,0.000104,1.011589e-09,0.00004641
16380,0.000106,1.011318e-09,0.00009095
16381,0.000107,1.009482e-09,0.00007209
16382,0.000103,1.008008e-09,0.00005850
16383,0.000097,1.006743e-09,0.00004898
16384,0.000097,1.005599e-09,0.00004251
16385,0.000103,1.004835e-09,0.00007815
16386,0.000096,1.003258e-09,0.00006281
16387,0.000099,1.001936e-09,0.00005194
16388,0.000101,1.000761e-09,0.00004448
16389,0.000098,1.000267e-09,0.00008495
16390,0.000101,9.985637e-10,0.00006770
16391,0.000103,9.971708e-10,0.00005536
16392,0.000096,9.959572e-10,0.00004677
16393,0.000099,9.957898e-10,0.00009257
16394,0.000100,9.939323e-10,0.00007323
16395,0.000099,9.924521e-10,0.00005926
16396,0.000097,9.911901e-10,0.00004943
16397,0.000100,9.900543e-10,0.00004274
16398,0.000101,9.893718e-10,0.00007944
16399,0.000101,9.877843e-10,0.00006369
16400,0.000127,9.864623e-10,0.00005250
16401,0.000111,9.852939e-10,0.00004478
16402,0.000103,9.848926e-10,0.00008642
16403,0.000105,9.831733e-10,0.00006872
16404,0.000122,9.817772e-10,0.00005602
16405,0.000124,9.805681e-10,0.00004715
16406,0.001544,9.805071e-10,0.00009424
16407,0.000080,9.786262e-10,0.00007440
16408,0.000092,9.771388e-10,0.00006004
16409,0.000093,9.758790e-10,0.00004991
16410,0.000093,9.747508e-10,0.00004298
16411,0.000098,9.741518e-10,0.00008078
16412,0.000092,9.725522e-10,0.00006461
16413,0.000094,9.712295e-10,0.00005308
16414,0.000105,9.700670e-10,0.00004510
16415,0.000107,9.697607e-10,0.00008794
16416,0.000102,9.680234e-10,0.00006978
16417,0.000121,9.666232e-10,0.00005671
16418,0.000117,9.654179e-10,0.00004756
16419,0.000109,9.643254e-10,0.00004137
16420,0.000116,9.635599e-10,0.00007561
16421,0.000104,9.620642e-10,0.00006085
16422,0.000105,9.608058e-10,0.00005041
16423,0.000125,9.596846e-10,0.00004325
16424,0.000197,9.591709e-10,0.00008216
16425,0.000114,9.575579e-10,0.00006555
16426,0.000107,9.562337e-10,0.00005368
16427,0.000106,9.550764e-10,0.00004544
16428,0.000098,9.548676e-10,0.00008950
16429,0.000108,9.531105e-10,0.00007087
16430,0.000113,9.517051e-10,0.00005743
16431,0.000115,9.505030e-10,0.00004799
16432,0.000103,9.494185e-10,0.00004158
16433,0.000108,9.487300e-10,0.00007686
16434,0.000095,9.472247e-10,0.00006170
16435,0.000097,9.459669e-10,0.00005094
16436,0.000104,9.448521e-10,0.00004353
16437,0.000096,9.444258e-10,0.00008358
16438,0.000098,9.427978e-10,0.00006653
16439,0.000104,9.414711e-10,0.00005432
16440,0.001482,9.403185e-10,0.00004581
16441,0.000079,9.402096e-10,0.00009111
16442,0.000079,9.384311e-10,0.00007200
16443,0.000104,9.370195e-10,0.00005818
16444,0.000096,9.358198e-10,0.00004845
16445,0.000092,9.347427e-10,0.00004181
16446,0.000098,9.341328e-10,0.00007814
16447,0.000093,9.326167e-10,0.00006257
16448,0.000099,9.313586e-10,0.00005149
16449,0.000097,9.302498e-10,0.00004383
16450,0.000094,9.299128e-10,0.00008504
16451,0.000093,9.282685e-10,0.00006755
16452,0.000097,9.269383e-10,0.00005498
16453,0.000102,9.257897e-10,0.00004619
16454,0.000102,9.257833e-10,0.00009275
16455,0.000098,9.239817e-10,0.00007316
16456,0.000103,9.225627e-10,0.00005896
16457,0.000102,9.213647e-10,0.00004892
16458,0.000153,9.202945e-10,0.00004206
16459,0.000112,9.197650e-10,0.00007947
16460,0.000112,9.182367e-10,0.00006348
16461,0.000107,9.169775e-10,0.00005207
16462,0.000099,9.158740e-10,0.00004416
16463,0.000096,9.156286e-10,0.00008654
16464,0.000095,9.139663e-10,0.00006859
16465,0.000105,9.126317e-10,0.00005567
16466,0.000098,9.114864e-10,0.00004660
16467,0.000102,9.104508e-10,0.00004045
16468,0.000106,9.097588e-10,0.00007436
16469,0.000099,9.083312e-10,0.00005977
16470,0.000099,9.071342e-10,0.00004943
16471,0.000107,9.060705e-10,0.00004232
16472,0.000200,9.056231e-10,0.00008083
16473,0.002376,9.040813e-10,0.00006442
16474,0.000128,9.028202e-10,0.00005267
16475,0.000138,9.017213e-10,0.00004450
16476,0.000271,9.015699e-10,0.00008808
16477,0.000132,8.998880e-10,0.00006968
16478,0.000142,8.985479e-10,0.00005638
16479,0.000108,8.974053e-10,0.00004703
16480,0.000111,8.963770e-10,0.00004067
16481,0.000102,8.957591e-10,0.00007559
16482,0.000110,8.943218e-10,0.00006061
16483,0.000113,8.931249e-10,0.00004995
16484,0.000106,8.920671e-10,0.00004261
16485,0.000104,8.917037e-10,0.00008223
16486,0.000106,8.901470e-10,0.00006539
16487,0.000187,8.888831e-10,0.00005330
16488,0.000114,8.877884e-10,0.00004487
16489,0.000099,8.877332e-10,0.00008967
16490,0.000099,8.860302e-10,0.00007079
16491,0.000103,8.846836e-10,0.00005713
16492,0.000116,8.835430e-10,0.00004749
16493,0.000101,8.825215e-10,0.00004090
16494,0.000101,8.819792e-10,0.00007687
16495,0.000106,8.805309e-10,0.00006148
16496,0.000106,8.793334e-10,0.00005050
16497,0.000104,8.782809e-10,0.00004291
16498,0.000151,8.780037e-10,0.00008368
16499,0.000102,8.764307e-10,0.00006640
16500,0.000098,8.751630e-10,0.00005396
16501,0.000112,8.740717e-10,0.00004526
16502,0.000097,8.730826e-10,0.00003936
16503,0.000107,8.723895e-10,0.00007194
16504,0.000111,8.710354e-10,0.00005790
16505,0.000131,8.698960e-10,0.00004797
16506,0.000104,8.688809e-10,0.00004115
16507,0.000113,8.684159e-10,0.00007818
16508,0.000098,8.669554e-10,0.00006238
16509,0.000099,8.657565e-10,0.00005108
16510,0.000122,8.647087e-10,0.00004324
16511,0.001552,8.645197e-10,0.00008516
16512,0.000082,8.629289e-10,0.00006743
16513,0.000098,8.616565e-10,0.00005465
16514,0.000142,8.605681e-10,0.00004567
16515,0.000121,8.595862e-10,0.00003956
16516,0.000111,8.589628e-10,0.00007313
16517,0.000109,8.576000e-10,0.00005871
16518,0.000106,8.564611e-10,0.00004847
16519,0.000106,8.554518e-10,0.00004142
16520,0.000135,8.550659e-10,0.00007953
16521,0.000129,8.535920e-10,0.00006331
16522,0.000107,8.523907e-10,0.00005168
16523,0.000124,8.513472e-10,0.00004359
16524,0.000124,8.512486e-10,0.00008669
16525,0.000106,8.496385e-10,0.00006851
16526,0.000115,8.483604e-10,0.00005536
16527,0.000116,8.472742e-10,0.00004610
16528,0.000103,8.462990e-10,0.00003978
16529,0.000120,8.457468e-10,0.00007435
16530,0.000116,8.443742e-10,0.00005954
16531,0.000108,8.432351e-10,0.00004899
16532,0.000247,8.422312e-10,0.00004171
16533,0.000158,8.419262e-10,0.00008092
16534,0.000121,8.404374e-10,0.00006427
16535,0.000130,8.392330e-10,0.00005231
16536,0.000113,8.381931e-10,0.00004395
16537,0.000106,8.381874e-10,0.00008826
16538,0.000108,8.365562e-10,0.00006961
16539,0.000110,8.352714e-10,0.00005610
16540,0.000113,8.341868e-10,0.00004655
16541,0.000099,8.332179e-10,0.00004002
16542,0.000096,8.327385e-10,0.00007561
16543,0.000105,8.313548e-10,0.00006040
16544,0.000096,8.302148e-10,0.00004954
16545,0.001582,8.292156e-10,0.00004202
16546,0.000090,8.289935e-10,0.00008234
16547,0.000096,8.274885e-10,0.00006527
16548,0.000101,8.262801e-10,0.00005297
16549,0.000099,8.252432e-10,0.00004434
16550,0.000093,8.243056e-10,0.00003849
16551,0.000095,8.236791e-10,0.00007075
16552,0.000099,8.223866e-10,0.00005687
16553,0.000101,8.213028e-10,0.00004703
16554,0.000096,8.203397e-10,0.00004027
16555,0.000112,8.199347e-10,0.00007691
16556,0.000107,8.185388e-10,0.00006130
16557,0.000097,8.173970e-10,0.00005012
16558,0.000095,8.164021e-10,0.00004234
16559,0.000102,8.162650e-10,0.00008381
16560,0.000096,8.147423e-10,0.00006630
16561,0.000100,8.135290e-10,0.00005365
16562,0.000109,8.124945e-10,0.00004475
16563,0.000101,8.115635e-10,0.00003870
16564,0.000195,8.110040e-10,0.00007193
16565,0.000121,8.097027e-10,0.00005767
16566,0.000102,8.086191e-10,0.00004753
16567,0.000103,8.076613e-10,0.00004054
16568,0.000109,8.073324e-10,0.00007825
16569,0.000103,8.059230e-10,0.00006222
16570,0.000121,8.047786e-10,0.00005072
16571,0.000201,8.037875e-10,0.00004269
16572,0.000168,8.037376e-10,0.00008532
16573,0.000246,8.021957e-10,0.00006736
16574,0.000132,8.009765e-10,0.00005436
16575,0.000121,7.999438e-10,0.00004519
16576,0.000140,7.990190e-10,0.00003892
16577,0.000110,7.985280e-10,0.00007314
16578,0.000115,7.972168e-10,0.00005850
16579,0.002288,7.961326e-10,0.00004806
16580,0.000173,7.951796e-10,0.00004083
16581,0.000191,7.949286e-10,0.00007962
16582,0.000181,7.935045e-10,0.00006318
16583,0.000167,7.923567e-10,0.00005135
16584,0.000157,7.913687e-10,0.00004306
16585,0.000166,7.904732e-10,0.00003745
16586,0.000183,7.898457e-10,0.00006846
16587,0.000207,7.886197e-10,0.00005510
16588,0.000239,7.875881e-10,0.00004564
16589,0.000317,7.866690e-10,0.00003916
16590,0.000241,7.862480e-10,0.00007439
16591,0.000192,7.849258e-10,0.00005935
16592,0.000153,7.838403e-10,0.00004861
16593,0.000155,7.828916e-10,0.00004114
16594,0.000152,7.827205e-10,0.00008104
16595,0.000155,7.812802e-10,0.00006417
16596,0.000158,7.801282e-10,0.00005200
16597,0.000147,7.791428e-10,0.00004345
16598,0.000143,7.782538e-10,0.00003765
16599,0.000152,7.776894e-10,0.00006959
16600,0.000143,7.764555e-10,0.00005586
16601,0.000141,7.754244e-10,0.00004612
16602,0.000152,7.745106e-10,0.00003941
16603,0.000143,7.741612e-10,0.00007567
16604,0.000153,7.728268e-10,0.00006024
16605,0.000158,7.717392e-10,0.00004918
16606,0.000163,7.707944e-10,0.00004147
16607,0.000150,7.707052e-10,0.00008249
16608,0.000172,7.692473e-10,0.00006519
16609,0.000174,7.680902e-10,0.00005268
16610,0.000150,7.671067e-10,0.00004386
16611,0.000167,7.662238e-10,0.00003785
16612,0.000165,7.657240e-10,0.00007075
16613,0.000154,7.644812e-10,0.00005665
16614,0.000148,7.634499e-10,0.00004662
16615,0.000149,7.625409e-10,0.00003969
16616,0.000148,7.622648e-10,0.00007699
16617,0.002301,7.609169e-10,0.00006116
16618,0.002727,7.598264e-10,0.00004978
16619,0.000116,7.588849e-10,0.00004182
16620,0.000164,7.588798e-10,0.00008398
16621,0.000128,7.574030e-10,0.00006624
16622,0.000135,7.562397e-10,0.00005338
16623,0.000156,7.552577e-10,0.00004430
16624,0.000175,7.543805e-10,0.00003808
16625,0.000187,7.539465e-10,0.00007195
16626,0.000153,7.526937e-10,0.00005747
16627,0.000112,7.516615e-10,0.00004714
16628,0.000116,7.507569e-10,0.00003998
16629,0.000103,7.505559e-10,0.00007835
16630,0.000099,7.491932e-10,0.00006210
16631,0.000104,7.480992e-10,0.00005040
16632,0.000100,7.471604e-10,0.00004219
16633,0.000112,7.463114e-10,0.00003663
16634,0.000110,7.457443e-10,0.00006732
16635,0.000113,7.445740e-10,0.00005411
16636,0.000107,7.435928e-10,0.00004475
16637,0.000103,7.427208e-10,0.00003832
16638,0.000098,7.423541e-10,0.00007318
16639,0.000098,7.410903e-10,0.00005833
16640,0.000096,7.400565e-10,0.00004769
16641,0.000122,7.391558e-10,0.00004029
16642,0.000111,7.390317e-10,0.00007975
16643,0.000103,7.376531e-10,0.00006308
16644,0.000103,7.365545e-10,0.00005105
16645,0.000101,7.356179e-10,0.00004258
16646,0.000099,7.347750e-10,0.00003682
16647,0.000160,7.342685e-10,0.00006844
16648,0.000246,7.330903e-10,0.00005487
16649,0.000191,7.321092e-10,0.00004523
16650,0.000190,7.312421e-10,0.00003858
16651,0.000351,7.309443e-10,0.00007446
16652,0.000170,7.296682e-10,0.00005921
16653,0.000221,7.286321e-10,0.00004826
16654,0.000140,7.277348e-10,0.00004062
16655,0.002024,7.276896e-10,0.00008119
16656,0.000098,7.262936e-10,0.00006409
16657,0.000097,7.251898e-10,0.00005172
16658,0.000164,7.242547e-10,0.00004299
16659,0.000175,7.234174e-10,0.00003703
16660,0.000182,7.229729e-10,0.00006959
16661,0.000275,7.217858e-10,0.00005566
16662,0.000235,7.208042e-10,0.00004573
16663,0.000316,7.199414e-10,0.00003885
16664,0.000222,7.197142e-10,0.00007576
16665,0.000550,7.184247e-10,0.00006011
16666,0.000217,7.173856e-10,0.00004886
16667,0.000205,7.164910e-10,0.00004097
16668,0.000355,7.156802e-10,0.00003564
16669,0.000152,7.151122e-10,0.00006514
16670,0.000215,7.140021e-10,0.00005243
16671,0.004327,7.130682e-10,0.00004343
16672,0.000356,7.122360e-10,0.00003726
16673,0.000267,7.118549e-10,0.00007078
16674,0.000153,7.106577e-10,0.00005648
16675,0.000135,7.096749e-10,0.00004625
16676,0.000133,7.088161e-10,0.00003915
16677,0.000142,7.086612e-10,0.00007711
16678,0.000137,7.073571e-10,0.00006105
16679,0.000145,7.063141e-10,0.00004948
16680,0.000145,7.054219e-10,0.00004135
16681,0.000135,7.046170e-10,0.00003582
16682,0.000144,7.041061e-10,0.00006621
16683,0.000583,7.029890e-10,0.00005315
16684,0.000172,7.020554e-10,0.00004388
16685,0.000140,7.012281e-10,0.00003750
16686,0.000318,7.009118e-10,0.00007200
16687,0.000160,6.997035e-10,0.00005732
16688,0.000892,6.987189e-10,0.00004679
16689,0.000211,6.978635e-10,0.00003946
16690,0.000183,6.977827e-10,0.00007849
16691,0.000191,6.964628e-10,0.00006203
16692,0.003716,6.954151e-10,0.00005012
16693,0.000096,6.945247e-10,0.00004174
16694,0.000087,6.937254e-10,0.00003602
16695,0.000118,6.932728e-10,0.00006732
16696,0.000096,6.921476e-10,0.00005391
16697,0.000112,6.912139e-10,0.00004436
16698,0.000103,6.903909e-10,0.00003776
16699,0.000100,6.901410e-10,0.00007326
16700,0.000107,6.889206e-10,0.00005819
16701,0.000142,6.879333e-10,0.00004736
16702,0.000131,6.870809e-10,0.00003980
16703,0.000111,6.870762e-10,0.00007991
16704,0.000114,6.857391e-10,0.00006303
16705,0.000133,6.846860e-10,0.00005079
16706,0.000260,6.837968e-10,0.00004215
16707,0.000192,6.830026e-10,0.00003623
16708,0.000202,6.826097e-10,0.00006846
16709,0.000168,6.814755e-10,0.00005469
16710,0.000306,6.805409e-10,0.00004486
16711,0.000164,6.797219e-10,0.00003804
16712,0.000194,6.795399e-10,0.00007455
16713,0.000149,6.783062e-10,0.00005909
16714,0.000144,6.773157e-10,0.00004796
16715,0.000135,6.764657e-10,0.00004015
16716,0.000135,6.756971e-10,0.00003485
16717,0.000143,6.751836e-10,0.00006406
16718,0.000137,6.741241e-10,0.00005149
16719,0.000147,6.732357e-10,0.00004258
16720,0.000143,6.724462e-10,0.00003646
16721,0.000166,6.721142e-10,0.00006964
16722,0.000154,6.709700e-10,0.00005550
16723,0.000150,6.700340e-10,0.00004538
16724,0.000159,6.692185e-10,0.00003834
16725,0.000158,6.691062e-10,0.00007588
16726,0.000159,6.678580e-10,0.00006003
16727,0.000167,6.668634e-10,0.00004857
16728,0.000233,6.660154e-10,0.00004052
16729,0.000121,6.652522e-10,0.00003504
16730,0.002065,6.647937e-10,0.00006512
16731,0.000140,6.637269e-10,0.00005221
16732,0.000139,6.628387e-10,0.00004303
16733,0.000110,6.620536e-10,0.00003671
16734,0.000107,6.617840e-10,0.00007085
16735,0.000108,6.606287e-10,0.00005634
16736,0.000106,6.596906e-10,0.00004592
16737,0.000104,6.588781e-10,0.00003865
16738,0.000101,6.588373e-10,0.00007725
16739,0.000105,6.575733e-10,0.00006099
16740,0.000106,6.565739e-10,0.00004922
16741,0.000101,6.557274e-10,0.00004091
16742,0.000098,6.549693e-10,0.00003524
16743,0.000106,6.545669e-10,0.00006622
16744,0.000098,6.534920e-10,0.00005296
16745,0.000100,6.526033e-10,0.00004351
16746,0.000102,6.518222e-10,0.00003697
16747,0.000122,6.516165e-10,0.00007209
16748,0.000110,6.504490e-10,0.00005720
16749,0.000113,6.495082e-10,0.00004649
16750,0.000109,6.486983e-10,0.00003899
16751,0.000105,6.479642e-10,0.00003391
16752,0.000104,6.474499e-10,0.00006198
16753,0.000111,6.464449e-10,0.00004988
16754,0.000108,6.455993e-10,0.00004132
16755,0.000109,6.448459e-10,0.00003545
16756,0.000111,6.445008e-10,0.00006735
16757,0.000112,6.434169e-10,0.00005374
16758,0.000105,6.425271e-10,0.00004401
16759,0.000105,6.417495e-10,0.00003725
16760,0.000101,6.416093e-10,0.00007337
16761,0.000104,6.404286e-10,0.00005810
16762,0.000107,6.394843e-10,0.00004708
16763,0.000102,6.386765e-10,0.00003934
16764,0.000103,6.379478e-10,0.00003408
16765,0.001724,6.374852e-10,0.00006300
16766,0.000087,6.364738e-10,0.00005058
16767,0.000104,6.356285e-10,0.00004175
16768,0.000101,6.348795e-10,0.00003568
16769,0.000100,6.345931e-10,0.00006851
16770,0.000099,6.334992e-10,0.00005454
16771,0.000098,6.326077e-10,0.00004453
16772,0.000092,6.318332e-10,0.00003755
16773,0.000095,6.317602e-10,0.00007468
16774,0.000102,6.305651e-10,0.00005902
16775,0.000145,6.296165e-10,0.00004769
16776,0.000163,6.288104e-10,0.00003971
16777,0.000151,6.280867e-10,0.00003427
16778,0.000152,6.276770e-10,0.00006406
16779,0.000157,6.266582e-10,0.00005129
16780,0.000161,6.258128e-10,0.00004221
16781,0.000148,6.250677e-10,0.00003593
16782,0.000124,6.248414e-10,0.00006971
16783,0.000119,6.237365e-10,0.00005537
16784,0.000110,6.228427e-10,0.00004507
16785,0.000100,6.220709e-10,0.00003787
16786,0.000108,6.220667e-10,0.00007604
16787,0.000098,6.208561e-10,0.00005997
16788,0.000094,6.199026e-10,0.00004833
16789,0.000095,6.190976e-10,0.00004010
16790,0.000116,6.183785e-10,0.00003447
16791,0.000096,6.180228e-10,0.00006514
16792,0.000096,6.169959e-10,0.00005204
16793,0.000102,6.161498e-10,0.00004268
16794,0.000098,6.154082e-10,0.00003620
16795,0.000098,6.152435e-10,0.00007094
16796,0.000101,6.141265e-10,0.00005623
16797,0.000097,6.132297e-10,0.00004563
16798,0.000098,6.124601e-10,0.00003820
16799,0.001781,6.117642e-10,0.00003316
16800,0.000147,6.112993e-10,0.00006095
16801,0.000115,6.103401e-10,0.00004899
16802,0.000105,6.095357e-10,0.00004052
16803,0.000101,6.088210e-10,0.00003469
16804,0.000095,6.085204e-10,0.00006626
16805,0.000096,6.074844e-10,0.00005281
16806,0.000102,6.066370e-10,0.00004318
16807,0.000096,6.058986e-10,0.00003648
16808,0.000097,6.057970e-10,0.00007221
16809,0.000106,6.046668e-10,0.00005712
16810,0.000107,6.037664e-10,0.00004622
16811,0.000097,6.029986e-10,0.00003855
16812,0.000096,6.023076e-10,0.00003334
16813,0.000102,6.018925e-10,0.00006197
16814,0.000098,6.009267e-10,0.00004968
16815,0.000096,6.001224e-10,0.00004095
16816,0.000101,5.994116e-10,0.00003493
16817,0.000098,5.991676e-10,0.00006741
16818,0.000107,5.981216e-10,0.00005360
16819,0.000121,5.972723e-10,0.00004369
16820,0.000102,5.965366e-10,0.00003678
16821,0.000103,5.964997e-10,0.00007351
16822,0.000408,5.953554e-10,0.00005803
16823,0.000170,5.944505e-10,0.00004683
16824,0.000158,5.936840e-10,0.00003893
16825,0.000182,5.929977e-10,0.00003353
16826,0.000161,5.926334e-10,0.00006301
16827,0.000161,5.916602e-10,0.00005039
16828,0.000114,5.908555e-10,0.00004140
16829,0.000174,5.901483e-10,0.00003518
16830,0.000146,5.899621e-10,0.00006860
16831,0.000135,5.889051e-10,0.00005443
16832,0.001884,5.880533e-10,0.00004423
16833,0.000093,5.873200e-10,0.00003710
16834,0.000099,5.866554e-10,0.00003227
16835,0.000098,5.861898e-10,0.00005898
16836,0.000103,5.852798e-10,0.00004747
16837,0.000168,5.845142e-10,0.00003932
16838,0.000158,5.838321e-10,0.00003373
16839,0.000167,5.835198e-10,0.00006409
16840,0.000134,5.825384e-10,0.00005113
16841,0.000111,5.817328e-10,0.00004187
16842,0.000149,5.810287e-10,0.00003544
16843,0.000155,5.809018e-10,0.00006981
16844,0.000107,5.798329e-10,0.00005528
16845,0.000105,5.789779e-10,0.00004480
16846,0.000114,5.782465e-10,0.00003743
16847,0.000113,5.775867e-10,0.00003243
16848,0.000109,5.771680e-10,0.00005995
16849,0.000102,5.762522e-10,0.00004812
16850,0.000101,5.754869e-10,0.00003973
16851,0.000111,5.748088e-10,0.00003395
16852,0.000107,5.745495e-10,0.00006519
16853,0.000105,5.735591e-10,0.00005190
16854,0.000101,5.727519e-10,0.00004237
16855,0.000101,5.720507e-10,0.00003573
16856,0.000098,5.719846e-10,0.00007106
16857,0.000100,5.709026e-10,0.00005616
16858,0.000098,5.700438e-10,0.00004538
16859,0.000105,5.693139e-10,0.00003779
16860,0.000100,5.686587e-10,0.00003261
16861,0.000103,5.682877e-10,0.00006095
16862,0.000105,5.673654e-10,0.00004881
16863,0.000124,5.666000e-10,0.00004016
16864,0.000106,5.659254e-10,0.00003419
16865,0.000104,5.657205e-10,0.00006633
16866,0.000102,5.647201e-10,0.00005269
16867,0.000098,5.639109e-10,0.00004288
16868,0.000105,5.632121e-10,0.00003603
16869,0.000107,5.632083e-10,0.00007235
16870,0.000103,5.621123e-10,0.00005706
16871,0.000104,5.612490e-10,0.00004599
16872,0.001639,5.605201e-10,0.00003816
16873,0.000107,5.598691e-10,0.00003280
16874,0.000087,5.595470e-10,0.00006199
16875,0.000128,5.586173e-10,0.00004951
16876,0.000112,5.578512e-10,0.00004061
16877,0.000118,5.571798e-10,0.00003444
16878,0.000115,5.570307e-10,0.00006750
16879,0.000139,5.560194e-10,0.00005350
16880,0.000114,5.552074e-10,0.00004342
16881,0.000132,5.545107e-10,0.00003635
16882,0.000105,5.538806e-10,0.00003155
16883,0.000100,5.534598e-10,0.00005800
16884,0.000112,5.525912e-10,0.00004662
16885,0.000119,5.518630e-10,0.00003855
16886,0.000094,5.512159e-10,0.00003301
16887,0.000101,5.509438e-10,0.00006305
16888,0.000095,5.500058e-10,0.00005025
16889,0.000092,5.492385e-10,0.00004108
16890,0.000098,5.485700e-10,0.00003471
16891,0.000105,5.484780e-10,0.00006871
16892,0.000098,5.474548e-10,0.00005435
16893,0.000100,5.466395e-10,0.00004398
16894,0.000101,5.459444e-10,0.00003669
16895,0.000108,5.453188e-10,0.00003172
16896,0.000101,5.449430e-10,0.00005896
16897,0.000118,5.440685e-10,0.00004727
16898,0.000104,5.433404e-10,0.00003896
16899,0.000111,5.426968e-10,0.00003323
16900,0.000110,5.424759e-10,0.00006414
16901,0.000117,5.415288e-10,0.00005101
16902,0.000125,5.407599e-10,0.00004158
16903,0.000110,5.400939e-10,0.00003500
16904,0.000127,5.400605e-10,0.00006994
16905,0.000106,5.390244e-10,0.00005522
16906,0.000114,5.382051e-10,0.00004456
16907,0.000108,5.375112e-10,0.00003704
16908,0.000105,5.368898e-10,0.00003190
16909,0.001809,5.365599e-10,0.00005996
16910,0.000095,5.356789e-10,0.00004795
16911,0.000119,5.349503e-10,0.00003939
16912,0.000106,5.343100e-10,0.00003347
16913,0.000138,5.341414e-10,0.00006527
16914,0.000136,5.331845e-10,0.00005179
16915,0.000132,5.324132e-10,0.00004209
16916,0.000104,5.317493e-10,0.00003530
16917,0.000099,5.311476e-10,0.00003070
16918,0.000097,5.307260e-10,0.00005612
16919,0.000097,5.299022e-10,0.00004516
16920,0.000102,5.292090e-10,0.00003741
16921,0.000095,5.285914e-10,0.00003210
16922,0.000098,5.283086e-10,0.00006098
16923,0.000103,5.274201e-10,0.00004865
16924,0.000122,5.266907e-10,0.00003984
16925,0.000105,5.260533e-10,0.00003373
16926,0.000106,5.259384e-10,0.00006643
16927,0.000096,5.249706e-10,0.00005260
16928,0.000107,5.241965e-10,0.00004262
16929,0.000108,5.235343e-10,0.00003562
16930,0.000102,5.229370e-10,0.00003086
16931,0.000100,5.225579e-10,0.00005704
16932,0.000161,5.217287e-10,0.00004579
16933,0.000169,5.210359e-10,0.00003780
16934,0.000126,5.204219e-10,0.00003231
16935,0.000113,5.201872e-10,0.00006203
16936,0.000130,5.192904e-10,0.00004938
16937,0.000123,5.185596e-10,0.00004031
16938,0.000109,5.179248e-10,0.00003400
16939,0.000130,5.178649e-10,0.00006762
16940,0.000227,5.168853e-10,0.00005344
16941,0.000174,5.161078e-10,0.00004318
16942,0.000167,5.154469e-10,0.00003596
16943,0.000147,5.148537e-10,0.00003103
16944,0.001763,5.145179e-10,0.00005800
16945,0.000089,5.136828e-10,0.00004644
16946,0.000102,5.129898e-10,0.00003821
16947,0.000098,5.123790e-10,0.00003253
16948,0.000096,5.121936e-10,0.00006312
16949,0.000103,5.112878e-10,0.00005013
16950,0.000114,5.105551e-10,0.00004080
16951,0.000125,5.099224e-10,0.00003428
16952,0.000107,5.099191e-10,0.00006884
16953,0.000100,5.089267e-10,0.00005430
16954,0.000095,5.081451e-10,0.00004376
16955,0.000099,5.074852e-10,0.00003631
16956,0.000094,5.068958e-10,0.00003121
16957,0.000095,5.066042e-10,0.00005898
16958,0.000100,5.057624e-10,0.00004711
16959,0.000097,5.050688e-10,0.00003864
16960,0.000093,5.044610e-10,0.00003277
16961,0.000112,5.043260e-10,0.00006423
16962,0.000104,5.034103e-10,0.00005091
16963,0.000102,5.026752e-10,0.00004132
16964,0.000097,5.020444e-10,0.00003459
16965,0.000102,5.014739e-10,0.00003002
16966,0.000095,5.010929e-10,0.00005519
16967,0.000096,5.003065e-10,0.00004436
16968,0.000103,4.996472e-10,0.00003668
16969,0.000095,4.990613e-10,0.00003141
16970,0.000095,4.988150e-10,0.00005999
16971,0.000121,4.979657e-10,0.00004781
16972,0.000100,4.972711e-10,0.00003909
16973,0.000097,4.966658e-10,0.00003303
16974,0.000101,4.965825e-10,0.00006538
16975,0.000097,4.956561e-10,0.00005171
16976,0.000096,4.949180e-10,0.00004185
16977,0.000103,4.942886e-10,0.00003491
16978,0.000094,4.937222e-10,0.00003018
16979,0.000100,4.933820e-10,0.00005611
16980,0.000114,4.925903e-10,0.00004498
16981,0.000117,4.919310e-10,0.00003707
16982,0.001706,4.913483e-10,0.00003162
16983,0.000112,4.911483e-10,0.00006103
16984,0.000119,4.902909e-10,0.00004853
16985,0.000156,4.895947e-10,0.00003956
16986,0.000112,4.889917e-10,0.00003330
16987,0.000131,4.889614e-10,0.00006655
16988,0.000146,4.880234e-10,0.00005254
16989,0.000110,4.872816e-10,0.00004240
16990,0.000101,4.866533e-10,0.00003524
16991,0.000102,4.860907e-10,0.00003036
16992,0.000119,4.857921e-10,0.00005705
16993,0.000102,4.849944e-10,0.00004563
16994,0.000106,4.843348e-10,0.00003748
16995,0.000108,4.837551e-10,0.00003185
16996,0.000107,4.836025e-10,0.00006211
16997,0.000110,4.827360e-10,0.00004928
16998,0.000107,4.820377e-10,0.00004005
16999,0.000103,4.814367e-10,0.00003359
17000,0.000099,4.808919e-10,0.00002921
17001,0.000136,4.805102e-10,0.00005340
17002,0.000108,4.797643e-10,0.00004298
17003,0.000112,4.791367e-10,0.00003560
17004,0.000109,4.785776e-10,0.00003054
17005,0.000099,4.783216e-10,0.00005802
17006,0.000096,4.775171e-10,0.00004630
17007,0.000103,4.768567e-10,0.00003791
17008,0.000099,4.762796e-10,0.00003209
17009,0.000104,4.761756e-10,0.00006321
17010,0.000126,4.752993e-10,0.00005005
17011,0.000104,4.745985e-10,0.00004056
17012,0.000101,4.739990e-10,0.00003389
17013,0.000100,4.734581e-10,0.00002936
17014,0.000107,4.731149e-10,0.00005428
17015,0.000106,4.723642e-10,0.00004357
17016,0.000102,4.717369e-10,0.00003597
17017,0.001607,4.711810e-10,0.00003074
17018,0.000082,4.709685e-10,0.00005903
17019,0.000078,4.701566e-10,0.00004699
17020,0.000097,4.694950e-10,0.00003836
17021,0.000098,4.689202e-10,0.00003235
17022,0.000093,4.688660e-10,0.00006434
17023,0.000092,4.679791e-10,0.00005084
17024,0.000098,4.672751e-10,0.00004109
17025,0.000122,4.666768e-10,0.00003421
17026,0.000098,4.661397e-10,0.00002952
17027,0.000098,4.658356e-10,0.00005519
17028,0.000093,4.650795e-10,0.00004419
17029,0.000096,4.644521e-10,0.00003636
17030,0.000096,4.638991e-10,0.00003096
17031,0.000098,4.637313e-10,0.00006006
17032,0.000094,4.629112e-10,0.00004770
17033,0.000095,4.622478e-10,0.00003883
17034,0.000099,4.616750e-10,0.00003262
17035,0.000119,4.616720e-10,0.00006551
17036,0.000098,4.607735e-10,0.00005167
17037,0.000100,4.600658e-10,0.00004164
17038,0.000101,4.594684e-10,0.00003455
17039,0.000112,4.589347e-10,0.00002970
17040,0.000131,4.586708e-10,0.00005612
17041,0.000126,4.579086e-10,0.00004483
17042,0.000115,4.572806e-10,0.00003677
17043,0.000113,4.567303e-10,0.00003118
17044,0.000218,4.566081e-10,0.00006112
17045,0.000171,4.557791e-10,0.00004844
17046,0.000132,4.551135e-10,0.00003931
17047,0.000112,4.545423e-10,0.00003291
17048,0.000113,4.540259e-10,0.00002857
17049,0.000115,4.536809e-10,0.00005251
17050,0.000190,4.529690e-10,0.00004221
17051,0.000197,4.523720e-10,0.00003490
17052,0.001998,4.518415e-10,0.00002989
17053,0.000128,4.516185e-10,0.00005708
17054,0.000135,4.508496e-10,0.00004549
17055,0.000136,4.502207e-10,0.00003720
17056,0.000138,4.496727e-10,0.00003143
17057,0.000136,4.495973e-10,0.00006221
17058,0.000132,4.487586e-10,0.00004921
17059,0.000140,4.480902e-10,0.00003982
17060,0.000142,4.475204e-10,0.00003321
17061,0.000132,4.470076e-10,0.00002872
17062,0.000140,4.466996e-10,0.00005339
17063,0.000135,4.459828e-10,0.00004280
17064,0.000138,4.453859e-10,0.00003528
17065,0.000143,4.448584e-10,0.00003009
17066,0.000133,4.446773e-10,0.00005808
17067,0.000141,4.439010e-10,0.00004618
17068,0.000176,4.432706e-10,0.00003764
17069,0.000119,4.427247e-10,0.00003169
17070,0.000101,4.426973e-10,0.00006333
17071,0.000108,4.418480e-10,0.00004999
17072,0.000134,4.411764e-10,0.00004035
17073,0.000116,4.406076e-10,0.00003354
17074,0.000100,4.400982e-10,0.00002888
17075,0.000098,4.398279e-10,0.00005428
17076,0.000094,4.391056e-10,0.00004342
17077,0.000094,4.385084e-10,0.00003567
17078,0.000099,4.379835e-10,0.00003031
17079,0.000096,4.378454e-10,0.00005910
17080,0.000095,4.370609e-10,0.00004689
17081,0.000101,4.364287e-10,0.00003811
17082,0.000095,4.358845e-10,0.00003196
17083,0.000093,4.353913e-10,0.00002780
17084,0.000101,4.350457e-10,0.00005081
17085,0.000096,4.343704e-10,0.00004089
17086,0.000097,4.338022e-10,0.00003387
17087,0.000105,4.332960e-10,0.00002906
17088,0.000095,4.330642e-10,0.00005521
17089,0.002067,4.323358e-10,0.00004405
17090,0.000118,4.317379e-10,0.00003607
17091,0.000107,4.312154e-10,0.00003054
17092,0.000147,4.311213e-10,0.00006014
17093,0.000109,4.303279e-10,0.00004762
17094,0.000140,4.296933e-10,0.00003859
17095,0.000163,4.291506e-10,0.00003225
17096,0.000132,4.286609e-10,0.00002794
17097,0.000100,4.283501e-10,0.00005165
17098,0.000097,4.276705e-10,0.00004146
17099,0.000102,4.271025e-10,0.00003423
17100,0.000099,4.265992e-10,0.00002925
17101,0.000118,4.264069e-10,0.00005616
17102,0.000107,4.256718e-10,0.00004471
17103,0.000096,4.250727e-10,0.00003650
17104,0.000095,4.245523e-10,0.00003078
17105,0.000108,4.245033e-10,0.00006122
17106,0.000100,4.237003e-10,0.00004838
17107,0.000097,4.230629e-10,0.00003910
17108,0.000109,4.225212e-10,0.00003255
17109,0.000102,4.220349e-10,0.00002809
17110,0.000118,4.217597e-10,0.00005251
17111,0.000109,4.210751e-10,0.00004205
17112,0.000096,4.205070e-10,0.00003460
17113,0.000099,4.200064e-10,0.00002945
17114,0.000105,4.198544e-10,0.00005714
17115,0.000104,4.191119e-10,0.00004539
17116,0.000102,4.185113e-10,0.00003694
17117,0.000099,4.179927e-10,0.00003104
17118,0.000106,4.179900e-10,0.00006233
17119,0.000097,4.171765e-10,0.00004916
17120,0.000113,4.165358e-10,0.00003962
17121,0.000106,4.159948e-10,0.00003288
17122,0.000099,4.155117e-10,0.00002826
17123,0.000101,4.152727e-10,0.00005340
17124,0.000109,4.145826e-10,0.00004266
17125,0.001531,4.140141e-10,0.00003499
17126,0.000123,4.135158e-10,0.00002967
17127,0.000113,4.134052e-10,0.00005815
17128,0.000145,4.126546e-10,0.00004609
17129,0.000137,4.120520e-10,0.00003741
17130,0.000142,4.115349e-10,0.00003131
17131,0.000161,4.110673e-10,0.00002718
17132,0.000142,4.107550e-10,0.00004997
17133,0.000147,4.101104e-10,0.00004016
17134,0.000148,4.095699e-10,0.00003321
17135,0.000152,4.090896e-10,0.00002844
17136,0.000152,4.088877e-10,0.00005432
17137,0.000157,4.081916e-10,0.00004329
17138,0.000177,4.076222e-10,0.00003539
17139,0.000184,4.071260e-10,0.00002990
17140,0.000181,4.070578e-10,0.00005919
17141,0.000128,4.062984e-10,0.00004682
17142,0.000108,4.056933e-10,0.00003789
17143,0.000112,4.051774e-10,0.00003160
17144,0.000116,4.047131e-10,0.00002733
17145,0.000099,4.044342e-10,0.00005080
17146,0.000100,4.037852e-10,0.00004073
17147,0.000103,4.032448e-10,0.00003357
17148,0.000098,4.027672e-10,0.00002863
17149,0.000117,4.026033e-10,0.00005526
17150,0.000207,4.019004e-10,0.00004394
17151,0.000153,4.013297e-10,0.00003582
17152,0.000128,4.008354e-10,0.00003015
17153,0.000102,4.008106e-10,0.00006026
17154,0.000104,4.000417e-10,0.00004757
17155,0.000113,3.994337e-10,0.00003839
17156,0.000143,3.989186e-10,0.00003191
17157,0.000142,3.984574e-10,0.00002748
17158,0.000134,3.982127e-10,0.00005165
17159,0.000138,3.975588e-10,0.00004131
17160,0.000146,3.970181e-10,0.00003394
17161,0.002085,3.965429e-10,0.00002884
17162,0.000094,3.964178e-10,0.00005623
17163,0.000156,3.957075e-10,0.00004462
17164,0.000136,3.951351e-10,0.00003626
17165,0.000138,3.946424e-10,0.00003041
17166,0.000131,3.941958e-10,0.00002645
17167,0.000130,3.938830e-10,0.00004834
17168,0.000143,3.932716e-10,0.00003891
17169,0.000135,3.927571e-10,0.00003223
17170,0.000134,3.922988e-10,0.00002765
17171,0.000138,3.920890e-10,0.00005253
17172,0.000119,3.914295e-10,0.00004192
17173,0.000113,3.908882e-10,0.00003433
17174,0.000109,3.904151e-10,0.00002906
17175,0.000108,3.903299e-10,0.00005723
17176,0.000100,3.896116e-10,0.00004531
17177,0.000100,3.890371e-10,0.00003672
17178,0.000108,3.885456e-10,0.00003069
17179,0.000100,3.881023e-10,0.00002658
17180,0.000107,3.878210e-10,0.00004914
17181,0.000113,3.872056e-10,0.00003945
17182,0.000156,3.866914e-10,0.00003257
17183,0.000121,3.862357e-10,0.00002783
17184,0.000115,3.860616e-10,0.00005344
17185,0.000141,3.853960e-10,0.00004254
17186,0.000139,3.848537e-10,0.00003473
17187,0.000130,3.843825e-10,0.00002929
17188,0.000107,3.843381e-10,0.00005825
17189,0.000116,3.836111e-10,0.00004603
17190,0.000120,3.830340e-10,0.00003720
17191,0.000127,3.825435e-10,0.00003098
17192,0.000117,3.821033e-10,0.00002673
17193,0.000107,3.818541e-10,0.00004997
17194,0.000109,3.812343e-10,0.00004001
17195,0.000104,3.807200e-10,0.00003292
17196,0.000106,3.802667e-10,0.00002803
17197,0.000111,3.801291e-10,0.00005437
17198,0.001564,3.794568e-10,0.00004319
17199,0.000081,3.789130e-10,0.00003515
17200,0.000098,3.784435e-10,0.00002954
17201,0.000091,3.784411e-10,0.00005931
17202,0.000095,3.777045e-10,0.00004678
17203,0.000093,3.771244e-10,0.00003770
17204,0.000093,3.766347e-10,0.00003128
17205,0.000094,3.761972e-10,0.00002689
17206,0.000092,3.759809e-10,0.00005081
17207,0.000094,3.753561e-10,0.00004059
17208,0.000092,3.748414e-10,0.00003329
17209,0.000096,3.743902e-10,0.00002823
17210,0.000095,3.742901e-10,0.00005533
17211,0.000094,3.736105e-10,0.00004386
17212,0.000099,3.730649e-10,0.00003559
17213,0.000094,3.725967e-10,0.00002980
17214,0.000096,3.721734e-10,0.00002587
17215,0.000099,3.718906e-10,0.00004754
17216,0.000096,3.713070e-10,0.00003822
17217,0.000100,3.708177e-10,0.00003160
17218,0.000099,3.703828e-10,0.00002706
17219,0.000096,3.702001e-10,0.00005168
17220,0.000096,3.695698e-10,0.00004119
17221,0.000101,3.690542e-10,0.00003368
17222,0.000092,3.686050e-10,0.00002845
17223,0.000095,3.685433e-10,0.00005632
17224,0.000102,3.678557e-10,0.00004455
17225,0.000098,3.673079e-10,0.00003605
17226,0.000095,3.668408e-10,0.00003007
17227,0.000096,3.664204e-10,0.00002600
17228,0.000105,3.661679e-10,0.00004834
17229,0.000103,3.655803e-10,0.00003875
17230,0.000096,3.650911e-10,0.00003194
17231,0.000159,3.646586e-10,0.00002724
17232,0.000101,3.645102e-10,0.00005258
17233,0.000098,3.638738e-10,0.00004181
17234,0.001903,3.633571e-10,0.00003408
17235,0.000146,3.629096e-10,0.00002869
17236,0.000199,3.628872e-10,0.00005734
17237,0.000283,3.621910e-10,0.00004527
17238,0.000172,3.616405e-10,0.00003653
17239,0.000295,3.611742e-10,0.00003036
17240,0.000174,3.607566e-10,0.00002615
17241,0.000183,3.605351e-10,0.00004915
17242,0.000234,3.599430e-10,0.00003931
17243,0.000148,3.594535e-10,0.00003229
17244,0.000128,3.590232e-10,0.00002744
17245,0.000136,3.589100e-10,0.00005351
17246,0.000158,3.582670e-10,0.00004245
17247,0.000158,3.577487e-10,0.00003450
17248,0.000154,3.573026e-10,0.00002894
17249,0.000153,3.568983e-10,0.00002517
17250,0.000154,3.566151e-10,0.00004600
17251,0.000156,3.560615e-10,0.00003702
17252,0.000153,3.555957e-10,0.00003067
17253,0.000161,3.551807e-10,0.00002631
17254,0.000162,3.549908e-10,0.00004999
17255,0.000151,3.543937e-10,0.00003988
17256,0.000147,3.539036e-10,0.00003266
17257,0.000147,3.534753e-10,0.00002765
17258,0.000159,3.533981e-10,0.00005445
17259,0.000179,3.527478e-10,0.00004312
17260,0.000108,3.522276e-10,0.00003494
17261,0.000101,3.517827e-10,0.00002920
17262,0.000103,3.513813e-10,0.00002530
17263,0.000109,3.511266e-10,0.00004676
17264,0.000103,3.505694e-10,0.00003754
17265,0.000097,3.501039e-10,0.00003099
17266,0.000111,3.496913e-10,0.00002648
17267,0.000106,3.495337e-10,0.00005085
17268,0.000101,3.489311e-10,0.00004048
17269,0.001528,3.484400e-10,0.00003305
17270,0.000080,3.480134e-10,0.00002787
17271,0.000079,3.479733e-10,0.00005543
17272,0.000104,3.473150e-10,0.00004380
17273,0.000092,3.467925e-10,0.00003540
17274,0.000093,3.463485e-10,0.00002947
17275,0.000095,3.459499e-10,0.00002544
17276,0.000093,3.457243e-10,0.00004754
17277,0.000290,3.451631e-10,0.00003807
17278,0.000252,3.446975e-10,0.00003133
17279,0.000163,3.442870e-10,0.00002667
17280,0.000231,3.441625e-10,0.00005174
17281,0.000200,3.435539e-10,0.00004110
17282,0.000298,3.430615e-10,0.00003345
17283,0.000169,3.426364e-10,0.00002810
17284,0.000122,3.426342e-10,0.00005643
17285,0.000152,3.419674e-10,0.00004451
17286,0.000153,3.414421e-10,0.00003587
17287,0.000110,3.409987e-10,0.00002977
17288,0.000145,3.406027e-10,0.00002559
17289,0.000147,3.404068e-10,0.00004835
17290,0.000135,3.398411e-10,0.00003862
17291,0.000108,3.393751e-10,0.00003168
17292,0.000093,3.389666e-10,0.00002687
17293,0.000094,3.388760e-10,0.00005265
17294,0.000102,3.382607e-10,0.00004173
17295,0.000097,3.377667e-10,0.00003387
17296,0.000095,3.373428e-10,0.00002835
17297,0.000099,3.369595e-10,0.00002461
17298,0.000096,3.367035e-10,0.00004524
17299,0.000097,3.361752e-10,0.00003636
17300,0.000100,3.357321e-10,0.00003007
17301,0.000093,3.353384e-10,0.00002575
17302,0.000095,3.351729e-10,0.00004918
17303,0.000103,3.346023e-10,0.00003919
17304,0.001425,3.341355e-10,0.00003205
17305,0.000075,3.337288e-10,0.00002707
17306,0.000091,3.336729e-10,0.00005359
17307,0.000092,3.330504e-10,0.00004239
17308,0.000097,3.325544e-10,0.00003430
17309,0.000094,3.321315e-10,0.00002861
17310,0.000090,3.317509e-10,0.00002474
17311,0.000098,3.315223e-10,0.00004599
17312,0.000093,3.309903e-10,0.00003687
17313,0.000093,3.305473e-10,0.00003039
17314,0.000097,3.301558e-10,0.00002592
17315,0.000097,3.300215e-10,0.00005003
17316,0.000094,3.294453e-10,0.00003978
17317,0.000099,3.289775e-10,0.00003243
17318,0.000093,3.285723e-10,0.00002730
17319,0.000094,3.285520e-10,0.00005456
17320,0.000103,3.279217e-10,0.00004307
17321,0.000100,3.274233e-10,0.00003476
17322,0.000096,3.270011e-10,0.00002889
17323,0.000102,3.266230e-10,0.00002488
17324,0.000099,3.264224e-10,0.00004677
17325,0.000095,3.258864e-10,0.00003740
17326,0.000093,3.254432e-10,0.00003073
17327,0.000101,3.250536e-10,0.00002611
17328,0.000097,3.249511e-10,0.00005091
17329,0.000096,3.243689e-10,0.00004040
17330,0.000100,3.238997e-10,0.00003283
17331,0.000098,3.234958e-10,0.00002753
17332,0.000098,3.231297e-10,0.00002395
17333,0.000103,3.228733e-10,0.00004377
17334,0.000100,3.223721e-10,0.00003523
17335,0.000115,3.219504e-10,0.00002918
17336,0.000121,3.215747e-10,0.00002504
17337,0.000169,3.214027e-10,0.00004756
17338,0.002288,3.208622e-10,0.00003795
17339,0.000112,3.204184e-10,0.00003108
17340,0.000115,3.200306e-10,0.00002631
17341,0.000102,3.199608e-10,0.00005182
17342,0.000104,3.193720e-10,0.00004103
17343,0.000099,3.189010e-10,0.00003325
17344,0.000099,3.184982e-10,0.00002778
17345,0.000097,3.181348e-10,0.00002407
17346,0.000103,3.179042e-10,0.00004449
17347,0.000098,3.173997e-10,0.00003572
17348,0.000106,3.169782e-10,0.00002949
17349,0.000102,3.166047e-10,0.00002520
17350,0.000100,3.164619e-10,0.00004839
17351,0.000103,3.159164e-10,0.00003852
17352,0.000103,3.154718e-10,0.00003144
17353,0.000097,3.150856e-10,0.00002652
17354,0.000099,3.150492e-10,0.00005274
17355,0.000104,3.144532e-10,0.00004168
17356,0.000100,3.139802e-10,0.00003368
17357,0.000097,3.135782e-10,0.00002805
17358,0.000110,3.132172e-10,0.00002420
17359,0.000099,3.130130e-10,0.00004524
17360,0.000095,3.125049e-10,0.00003622
17361,0.000101,3.120833e-10,0.00002981
17362,0.000094,3.117118e-10,0.00002538
17363,0.000099,3.115990e-10,0.00004923
17364,0.000098,3.110479e-10,0.00003910
17365,0.000115,3.106022e-10,0.00003183
17366,0.000097,3.102173e-10,0.00002674
17367,0.000116,3.102153e-10,0.00005370
17368,0.000103,3.096116e-10,0.00004235
17369,0.000099,3.091360e-10,0.00003413
17370,0.000099,3.087346e-10,0.00002832
17371,0.000103,3.083760e-10,0.00002435
17372,0.000097,3.081986e-10,0.00004601
17373,0.000097,3.076865e-10,0.00003675
17374,0.000105,3.072646e-10,0.00003014
17375,0.000100,3.068948e-10,0.00002556
17376,0.000098,3.068127e-10,0.00005010
17377,0.000111,3.062556e-10,0.00003971
17378,0.001591,3.058084e-10,0.00003223
17379,0.000107,3.054246e-10,0.00002698
17380,0.000083,3.050775e-10,0.00002342
17381,0.000109,3.048458e-10,0.00004305
17382,0.000144,3.043674e-10,0.00003460
17383,0.000160,3.039663e-10,0.00002861
17384,0.000139,3.036098e-10,0.00002450
17385,0.000179,3.034600e-10,0.00004680
17386,0.000165,3.029433e-10,0.00003729
17387,0.000173,3.025207e-10,0.00003049
17388,0.000160,3.021525e-10,0.00002576
17389,0.000164,3.021019e-10,0.00005099
17390,0.000160,3.015383e-10,0.00004034
17391,0.000135,3.010892e-10,0.00003264
17392,0.000111,3.007063e-10,0.00002723
17393,0.000098,3.003617e-10,0.00002354
17394,0.000100,3.001548e-10,0.00004376
17395,0.000115,2.996731e-10,0.00003509
17396,0.000131,2.992721e-10,0.00002892
17397,0.000104,2.989176e-10,0.00002467
17398,0.000108,2.987960e-10,0.00004761
17399,0.000103,2.982743e-10,0.00003786
17400,0.000114,2.978507e-10,0.00003086
17401,0.000105,2.974839e-10,0.00002597
17402,0.000101,2.974656e-10,0.00005191
17403,0.000101,2.968948e-10,0.00004098
17404,0.000112,2.964436e-10,0.00003307
17405,0.000113,2.960614e-10,0.00002749
17406,0.000102,2.957191e-10,0.00002368
17407,0.000113,2.955375e-10,0.00004450
17408,0.000098,2.950521e-10,0.00003559
17409,0.000097,2.946508e-10,0.00002924
17410,0.000101,2.942982e-10,0.00002484
17411,0.000096,2.942054e-10,0.00004844
17412,0.000097,2.936782e-10,0.00003844
17413,0.000102,2.932534e-10,0.00003124
17414,0.001507,2.928877e-10,0.00002620
17415,0.000081,2.925563e-10,0.00002279
17416,0.000077,2.923242e-10,0.00004165
17417,0.000091,2.918704e-10,0.00003352
17418,0.000096,2.914886e-10,0.00002777
17419,0.000092,2.911484e-10,0.00002382
17420,0.000093,2.909927e-10,0.00004526
17421,0.000096,2.905033e-10,0.00003611
17422,0.000100,2.901015e-10,0.00002957
17423,0.000092,2.897504e-10,0.00002503
17424,0.000097,2.896872e-10,0.00004930
17425,0.000092,2.891541e-10,0.00003904
17426,0.000094,2.887277e-10,0.00003164
17427,0.000100,2.883630e-10,0.00002644
17428,0.000095,2.880339e-10,0.00002290
17429,0.000092,2.878252e-10,0.00004234
17430,0.000096,2.873685e-10,0.00003399
17431,0.000101,2.869868e-10,0.00002806
17432,0.000101,2.866486e-10,0.00002398
17433,0.000102,2.865194e-10,0.00004604
17434,0.000108,2.860255e-10,0.00003665
17435,0.000115,2.856229e-10,0.00002992
17436,0.000103,2.852732e-10,0.00002523
17437,0.000109,2.852404e-10,0.00005019
17438,0.000103,2.847008e-10,0.00003966
17439,0.000102,2.842725e-10,0.00003205
17440,0.000105,2.839085e-10,0.00002669
17441,0.000098,2.835817e-10,0.00002303
17442,0.000241,2.833968e-10,0.00004305
17443,0.000228,2.829368e-10,0.00003447
17444,0.000196,2.825551e-10,0.00002836
17445,0.000178,2.822187e-10,0.00002415
17446,0.000183,2.821166e-10,0.00004684
17447,0.000185,2.816177e-10,0.00003721
17448,0.000169,2.812141e-10,0.00003028
17449,0.000161,2.808656e-10,0.00002544
17450,0.002080,2.808638e-10,0.00005110
17451,0.000135,2.803172e-10,0.00004030
17452,0.000134,2.798866e-10,0.00003248
17453,0.000140,2.795232e-10,0.00002695
17454,0.000149,2.791985e-10,0.00002317
17455,0.000145,2.790380e-10,0.00004378
17456,0.000139,2.785743e-10,0.00003497
17457,0.000140,2.781922e-10,0.00002868
17458,0.000150,2.778574e-10,0.00002432
17459,0.000139,2.777831e-10,0.00004767
17460,0.000163,2.772788e-10,0.00003779
17461,0.000150,2.768738e-10,0.00003066
17462,0.000143,2.765264e-10,0.00002567
17463,0.000147,2.762122e-10,0.00002228
17464,0.000151,2.760023e-10,0.00004096
17465,0.000144,2.755692e-10,0.00003292
17466,0.000165,2.752060e-10,0.00002723
17467,0.000166,2.748833e-10,0.00002331
17468,0.000156,2.747477e-10,0.00004453
17469,0.000157,2.742799e-10,0.00003549
17470,0.000157,2.738973e-10,0.00002901
17471,0.000140,2.735639e-10,0.00002451
17472,0.000161,2.735181e-10,0.00004852
17473,0.000166,2.730078e-10,0.00003838
17474,0.000158,2.726012e-10,0.00003106
17475,0.000149,2.722545e-10,0.00002591
17476,0.000144,2.719426e-10,0.00002240
17477,0.000147,2.717552e-10,0.00004164
17478,0.000137,2.713191e-10,0.00003339
17479,0.000150,2.709560e-10,0.00002752
17480,0.000152,2.706350e-10,0.00002347
17481,0.000138,2.705249e-10,0.00004530
17482,0.000136,2.700526e-10,0.00003602
17483,0.000149,2.696691e-10,0.00002936
17484,0.000157,2.693370e-10,0.00002472
17485,0.000159,2.693204e-10,0.00004940
17486,0.000182,2.688037e-10,0.00003900
17487,0.000168,2.683951e-10,0.00003147
17488,0.000167,2.680491e-10,0.00002616
17489,0.000183,2.677392e-10,0.00002253
17490,0.002173,2.675747e-10,0.00004234
17491,0.000128,2.671353e-10,0.00003386
17492,0.000147,2.667720e-10,0.00002782
17493,0.000108,2.664527e-10,0.00002364
17494,0.000100,2.663687e-10,0.00004610
17495,0.000094,2.658914e-10,0.00003657
17496,0.000092,2.655068e-10,0.00002972
17497,0.000096,2.651757e-10,0.00002493
17498,0.000091,2.648756e-10,0.00002168
17499,0.000093,2.646655e-10,0.00003963
17500,0.000093,2.642546e-10,0.00003190
17501,0.000096,2.639089e-10,0.00002642
17502,0.000092,2.636010e-10,0.00002267
17503,0.000092,2.634600e-10,0.00004307
17504,0.000099,2.630169e-10,0.00003436
17505,0.000093,2.626531e-10,0.00002814
17506,0.000093,2.623352e-10,0.00002382
17507,0.000101,2.622780e-10,0.00004691
17508,0.000094,2.617953e-10,0.00003715
17509,0.000100,2.614093e-10,0.00003010
17510,0.000102,2.610791e-10,0.00002515
17511,0.000091,2.607812e-10,0.00002179
17512,0.000094,2.605922e-10,0.00004028
17513,0.000101,2.601787e-10,0.00003234
17514,0.000094,2.598331e-10,0.00002670
17515,0.000095,2.595269e-10,0.00002282
17516,0.000100,2.594100e-10,0.00004381
17517,0.000096,2.589628e-10,0.00003487
17518,0.000097,2.585983e-10,0.00002847
17519,0.000093,2.582817e-10,0.00002401
17520,0.000103,2.582519e-10,0.00004775
17521,0.000095,2.577634e-10,0.00003774
17522,0.000119,2.573756e-10,0.00003049
17523,0.000120,2.570461e-10,0.00002539
17524,0.000118,2.567502e-10,0.00002191
17525,0.000108,2.565828e-10,0.00004096
17526,0.000117,2.561663e-10,0.00003280
17527,0.000103,2.558207e-10,0.00002699
17528,0.000109,2.555161e-10,0.00002297
17529,0.000163,2.554237e-10,0.00004457
17530,0.000300,2.549720e-10,0.00003541
17531,0.002317,2.546066e-10,0.00002882
17532,0.000102,2.542911e-10,0.00002421
17533,0.000100,2.542895e-10,0.00004862
17534,0.000138,2.537946e-10,0.00003835
17535,0.000120,2.534048e-10,0.00003090
17536,0.000104,2.530757e-10,0.00002564
17537,0.000095,2.527817e-10,0.00002204
17538,0.000101,2.526364e-10,0.00004165
17539,0.000094,2.522166e-10,0.00003327
17540,0.000097,2.518707e-10,0.00002729
17541,0.000102,2.515676e-10,0.00002314
17542,0.000095,2.515003e-10,0.00004536
17543,0.000097,2.510437e-10,0.00003595
17544,0.000099,2.506770e-10,0.00002918
17545,0.000097,2.503624e-10,0.00002443
17546,0.000094,2.500780e-10,0.00002120
17547,0.000101,2.498880e-10,0.00003897
17548,0.000098,2.494958e-10,0.00003133
17549,0.000108,2.491670e-10,0.00002591
17550,0.000101,2.488748e-10,0.00002218
17551,0.000104,2.487521e-10,0.00004237
17552,0.000095,2.483285e-10,0.00003377
17553,0.000095,2.479821e-10,0.00002761
17554,0.000100,2.476803e-10,0.00002333
17555,0.000095,2.476388e-10,0.00004617
17556,0.000095,2.471768e-10,0.00003652
17557,0.000102,2.468087e-10,0.00002955
17558,0.000099,2.464948e-10,0.00002465
17559,0.000098,2.462123e-10,0.00002132
17560,0.000101,2.460427e-10,0.00003962
17561,0.000095,2.456479e-10,0.00003177
17562,0.000097,2.453191e-10,0.00002618
17563,0.000101,2.450285e-10,0.00002233
17564,0.000104,2.449288e-10,0.00004310
17565,0.000100,2.445012e-10,0.00003428
17566,0.000103,2.441540e-10,0.00002794
17567,0.000096,2.438533e-10,0.00002352
17568,0.000096,2.438383e-10,0.00004700
17569,0.001627,2.433705e-10,0.00003711
17570,0.000080,2.430006e-10,0.00002994
17571,0.000102,2.426872e-10,0.00002489
17572,0.000104,2.424066e-10,0.00002144
17573,0.000106,2.422578e-10,0.00004029
17574,0.000095,2.418600e-10,0.00003222
17575,0.000096,2.415310e-10,0.00002647
17576,0.000096,2.412419e-10,0.00002249
17577,0.000095,2.411659e-10,0.00004386
17578,0.000093,2.407338e-10,0.00003480
17579,0.000095,2.403855e-10,0.00002828
17580,0.000244,2.400858e-10,0.00002372
17581,0.000218,2.398141e-10,0.00002063
17582,0.000178,2.396238e-10,0.00003771
17583,0.000123,2.392518e-10,0.00003035
17584,0.000110,2.389388e-10,0.00002514
17585,0.000109,2.386600e-10,0.00002157
17586,0.000130,2.385324e-10,0.00004098
17587,0.000176,2.381312e-10,0.00003269
17588,0.000173,2.378018e-10,0.00002677
17589,0.000146,2.375140e-10,0.00002266
17590,0.000113,2.374622e-10,0.00004464
17591,0.000106,2.370252e-10,0.00003535
17592,0.000108,2.366757e-10,0.00002864
17593,0.000121,2.363767e-10,0.00002393
17594,0.000139,2.361070e-10,0.00002074
17595,0.000109,2.359359e-10,0.00003833
17596,0.000101,2.355615e-10,0.00003077
17597,0.000099,2.352487e-10,0.00002540
17598,0.000102,2.349714e-10,0.00002171
17599,0.000167,2.348655e-10,0.00004169
17600,0.000146,2.344606e-10,0.00003318
17601,0.000151,2.341307e-10,0.00002709
17602,0.000147,2.338440e-10,0.00002284
17603,0.000102,2.338171e-10,0.00004544
17604,0.001466,2.333748e-10,0.00003591
17605,0.000083,2.330237e-10,0.00002902
17606,0.000095,2.327253e-10,0.00002416
17607,0.000092,2.324574e-10,0.00002085
17608,0.000098,2.323059e-10,0.00003897
17609,0.000120,2.319288e-10,0.00003121
17610,0.000106,2.316159e-10,0.00002568
17611,0.000098,2.313401e-10,0.00002186
17612,0.000098,2.312565e-10,0.00004241
17613,0.000093,2.308475e-10,0.00003369
17614,0.000099,2.305167e-10,0.00002742
17615,0.000099,2.302310e-10,0.00002304
17616,0.000095,2.302296e-10,0.00004626
17617,0.000095,2.297815e-10,0.00003649
17618,0.000101,2.294285e-10,0.00002941
17619,0.000112,2.291306e-10,0.00002440
17620,0.000102,2.288645e-10,0.00002097
17621,0.000112,2.287329e-10,0.00003963
17622,0.000106,2.283528e-10,0.00003166
17623,0.000102,2.280396e-10,0.00002597
17624,0.000102,2.277652e-10,0.00002202
17625,0.000100,2.277043e-10,0.00004316
17626,0.000099,2.272908e-10,0.00003421
17627,0.000109,2.269589e-10,0.00002776
17628,0.000104,2.266741e-10,0.00002324
17629,0.000097,2.264165e-10,0.00002017
17630,0.000096,2.262445e-10,0.00003709
17631,0.000102,2.258895e-10,0.00002981
17632,0.000101,2.255918e-10,0.00002465
17633,0.000101,2.253272e-10,0.00002111
17634,0.000103,2.252161e-10,0.00004031
17635,0.000097,2.248326e-10,0.00003213
17636,0.000097,2.245190e-10,0.00002627
17637,0.000102,2.242457e-10,0.00002219
17638,0.000096,2.242081e-10,0.00004393
17639,0.000096,2.237898e-10,0.00003475
17640,0.001875,2.234565e-10,0.00002812
17641,0.000095,2.231724e-10,0.00002346
17642,0.000112,2.229166e-10,0.00002028
17643,0.000110,2.227631e-10,0.00003770
17644,0.000100,2.224056e-10,0.00003023
17645,0.000098,2.221079e-10,0.00002491
17646,0.000098,2.218448e-10,0.00002125
17647,0.000090,2.217546e-10,0.00004101
17648,0.000091,2.213674e-10,0.00003261
17649,0.000097,2.210531e-10,0.00002658
17650,0.000089,2.207808e-10,0.00002238
17651,0.000090,2.207672e-10,0.00004472
17652,0.000092,2.203437e-10,0.00003531
17653,0.000097,2.200087e-10,0.00002849
17654,0.000093,2.197251e-10,0.00002368
17655,0.000089,2.194710e-10,0.00002040
17656,0.000097,2.193363e-10,0.00003834
17657,0.000093,2.189761e-10,0.00003066
17658,0.000093,2.186782e-10,0.00002519
17659,0.000102,2.184165e-10,0.00002140
17660,0.000091,2.183477e-10,0.00004173
17661,0.000093,2.179564e-10,0.00003311
17662,0.000097,2.176411e-10,0.00002691
17663,0.000091,2.173697e-10,0.00002257
17664,0.000090,2.171238e-10,0.00001963
17665,0.000098,2.169515e-10,0.00003588
17666,0.000095,2.166147e-10,0.00002888
17667,0.000094,2.163313e-10,0.00002392
17668,0.000097,2.160789e-10,0.00002052
17669,0.000095,2.159633e-10,0.00003899
17670,0.000096,2.156001e-10,0.00003111
17671,0.000093,2.153019e-10,0.00002548
17672,0.000098,2.150413e-10,0.00002156
17673,0.000094,2.149945e-10,0.00004248
17674,0.000105,2.145988e-10,0.00003363
17675,0.000099,2.142823e-10,0.00002725
17676,0.001406,2.140116e-10,0.00002277
17677,0.000076,2.137675e-10,0.00001973
17678,0.000088,2.136125e-10,0.00003647
17679,0.000089,2.132736e-10,0.00002928
17680,0.000090,2.129903e-10,0.00002417
17681,0.000115,2.127393e-10,0.00002066
17682,0.000094,2.126435e-10,0.00003966
17683,0.000091,2.122769e-10,0.00003157
17684,0.000090,2.119781e-10,0.00002578
17685,0.000092,2.117186e-10,0.00002174
17686,0.000091,2.116942e-10,0.00004324
17687,0.000089,2.112937e-10,0.00003417
17688,0.000099,2.109758e-10,0.00002761
17689,0.000092,2.107057e-10,0.00002299
17690,0.000093,2.104632e-10,0.00001984
17691,0.000098,2.103260e-10,0.00003708
17692,0.000092,2.099846e-10,0.00002969
17693,0.000092,2.097013e-10,0.00002443
17694,0.000099,2.094516e-10,0.00002080
17695,0.000110,2.093759e-10,0.00004036
17696,0.000121,2.090056e-10,0.00003206
17697,0.000167,2.087060e-10,0.00002609
17698,0.000158,2.084474e-10,0.00002192
17699,0.000120,2.084461e-10,0.00004402
17700,0.000113,2.080404e-10,0.00003472
17701,0.000108,2.077209e-10,0.00002798
17702,0.000108,2.074511e-10,0.00002322
17703,0.000112,2.072102e-10,0.00001996
17704,0.000155,2.070910e-10,0.00003771
17705,0.000147,2.067469e-10,0.00003013
17706,0.000167,2.064634e-10,0.00002471
17707,0.000127,2.062149e-10,0.00002095
17708,0.000100,2.061598e-10,0.00004107
17709,0.000097,2.057854e-10,0.00003255
17710,0.000102,2.054849e-10,0.00002642
17711,0.001527,2.052270e-10,0.00002211
17712,0.000086,2.049938e-10,0.00001920
17713,0.000078,2.048381e-10,0.00003529
17714,0.000090,2.045167e-10,0.00002836
17715,0.000088,2.042471e-10,0.00002346
17716,0.000093,2.040076e-10,0.00002008
17717,0.000088,2.039070e-10,0.00003836
17718,0.000090,2.035598e-10,0.00003057
17719,0.000095,2.032758e-10,0.00002500
17720,0.000092,2.030284e-10,0.00002112
17721,0.000091,2.029944e-10,0.00004180
17722,0.000095,2.026157e-10,0.00003307
17723,0.000092,2.023139e-10,0.00002676
17724,0.000092,2.020566e-10,0.00002232
17725,0.000097,2.018251e-10,0.00001930
17726,0.000093,2.016861e-10,0.00003587
17727,0.000091,2.013624e-10,0.00002876
17728,0.000099,2.010929e-10,0.00002371
17729,0.000092,2.008547e-10,0.00002022
17730,0.000099,2.007730e-10,0.00003903
17731,0.000100,2.004225e-10,0.00003103
17732,0.000097,2.001379e-10,0.00002530
17733,0.000107,1.998914e-10,0.00002129
17734,0.000098,1.998791e-10,0.00004255
17735,0.000100,1.994956e-10,0.00003360
17736,0.000098,1.991924e-10,0.00002711
17737,0.000098,1.989355e-10,0.00002254
17738,0.000099,1.987055e-10,0.00001941
17739,0.000096,1.985835e-10,0.00003648
17740,0.000093,1.982574e-10,0.00002917
17741,0.000101,1.979877e-10,0.00002397
17742,0.000096,1.977508e-10,0.00002036
17743,0.000100,1.976884e-10,0.00003971
17744,0.000106,1.973342e-10,0.00003151
17745,0.000127,1.970488e-10,0.00002561
17746,0.000096,1.968030e-10,0.00002148
17747,0.001362,1.965803e-10,0.00001868
17748,0.000074,1.964244e-10,0.00003414
17749,0.000097,1.961194e-10,0.00002748
17750,0.000101,1.958629e-10,0.00002276
17751,0.000092,1.956343e-10,0.00001953
17752,0.000108,1.955297e-10,0.00003710
17753,0.000110,1.952008e-10,0.00002960
17754,0.000101,1.949309e-10,0.00002424
17755,0.000100,1.946950e-10,0.00002052
17756,0.000104,1.946525e-10,0.00004042
17757,0.000113,1.942943e-10,0.00003200
17758,0.000133,1.940078e-10,0.00002593
17759,0.000188,1.937627e-10,0.00002167
17760,0.000136,1.935416e-10,0.00001877
17761,0.000110,1.934013e-10,0.00003471
17762,0.000105,1.930944e-10,0.00002786
17763,0.000096,1.928380e-10,0.00002300
17764,0.000094,1.926108e-10,0.00001966
17765,0.000097,1.925240e-10,0.00003774
17766,0.000098,1.921920e-10,0.00003004
17767,0.000093,1.919216e-10,0.00002453
17768,0.000095,1.916866e-10,0.00002068
17769,0.000099,1.916645e-10,0.00004114
17770,0.000096,1.913019e-10,0.00003251
17771,0.000097,1.910141e-10,0.00002627
17772,0.000115,1.907695e-10,0.00002188
17773,0.000100,1.905500e-10,0.00001888
17774,0.000099,1.904257e-10,0.00003529
17775,0.000104,1.901166e-10,0.00002826
17776,0.000096,1.898602e-10,0.00002325
17777,0.000097,1.896341e-10,0.00001979
17778,0.000102,1.895655e-10,0.00003840
17779,0.000101,1.892303e-10,0.00003050
17780,0.000099,1.889591e-10,0.00002483
17781,0.000098,1.887249e-10,0.00002086
17782,0.001376,1.887238e-10,0.00004189
17783,0.000072,1.883564e-10,0.00003304
17784,0.000088,1.880671e-10,0.00002662
17785,0.000095,1.878229e-10,0.00002209
17786,0.000095,1.876047e-10,0.00001899
17787,0.000090,1.874969e-10,0.00003588
17788,0.000094,1.871853e-10,0.00002867
17789,0.000092,1.869286e-10,0.00002351
17790,0.000096,1.867036e-10,0.00001994
17791,0.000091,1.866537e-10,0.00003908
17792,0.000093,1.863148e-10,0.00003097
17793,0.000100,1.860427e-10,0.00002514
17794,0.000096,1.858092e-10,0.00002104
17795,0.000101,1.855981e-10,0.00001827
17796,0.000104,1.854571e-10,0.00003358
17797,0.000097,1.851661e-10,0.00002699
17798,0.000095,1.849220e-10,0.00002232
17799,0.000098,1.847052e-10,0.00001911
17800,0.000095,1.846141e-10,0.00003650
17801,0.000097,1.842998e-10,0.00002909
17802,0.000099,1.840427e-10,0.00002378
17803,0.000091,1.838186e-10,0.00002009
17804,0.000093,1.837879e-10,0.00003978
17805,0.000096,1.834450e-10,0.00003146
17806,0.000092,1.831718e-10,0.00002546
17807,0.000092,1.829388e-10,0.00002124
17808,0.000090,1.827292e-10,0.00001836
17809,0.000097,1.826033e-10,0.00003414
17810,0.000092,1.823103e-10,0.00002737
17811,0.000095,1.820663e-10,0.00002256
17812,0.000098,1.818506e-10,0.00001924
17813,0.000094,1.817767e-10,0.00003713
17814,0.000094,1.814593e-10,0.00002953
17815,0.000100,1.812016e-10,0.00002407
17816,0.000090,1.809784e-10,0.00002026
17817,0.000092,1.809673e-10,0.00004049
17818,0.001928,1.806201e-10,0.00003197
17819,0.000086,1.803456e-10,0.00002580
17820,0.000102,1.801130e-10,0.00002144
17821,0.000089,1.799048e-10,0.00001847
17822,0.000101,1.797943e-10,0.00003471
17823,0.000091,1.794991e-10,0.00002776
17824,0.000097,1.792549e-10,0.00002281
17825,0.000102,1.790404e-10,0.00001938
17826,0.000097,1.789839e-10,0.00003779
17827,0.000094,1.786632e-10,0.00002998
17828,0.000094,1.784048e-10,0.00002437
17829,0.000105,1.781823e-10,0.00002044
17830,0.000095,1.779807e-10,0.00001777
17831,0.000094,1.778395e-10,0.00003249
17832,0.000109,1.775634e-10,0.00002615
17833,0.000099,1.773311e-10,0.00002166
17834,0.000092,1.771242e-10,0.00001858
17835,0.000098,1.770295e-10,0.00003530
17836,0.000093,1.767317e-10,0.00002817
17837,0.000097,1.764873e-10,0.00002307
17838,0.000097,1.762737e-10,0.00001952
17839,0.000092,1.762353e-10,0.00003846
17840,0.000091,1.759109e-10,0.00003045
17841,0.000096,1.756515e-10,0.00002468
17842,0.000095,1.754296e-10,0.00002062
17843,0.000091,1.752295e-10,0.00001786
17844,0.000099,1.751025e-10,0.00003302
17845,0.000091,1.748246e-10,0.00002651
17846,0.000092,1.745924e-10,0.00002189
17847,0.000094,1.743867e-10,0.00001870
17848,0.000102,1.743081e-10,0.00003591
17849,0.000105,1.740076e-10,0.00002859
17850,0.000102,1.737627e-10,0.00002334
17851,0.000100,1.735500e-10,0.00001968
17852,0.000100,1.735300e-10,0.00003915
17853,0.000098,1.732017e-10,0.00003093
17854,0.001474,1.729411e-10,0.00002500
17855,0.000074,1.727197e-10,0.00002082
17856,0.000090,1.725209e-10,0.00001796
17857,0.000086,1.724084e-10,0.00003358
17858,0.000087,1.721286e-10,0.00002689
17859,0.000092,1.718963e-10,0.00002212
17860,0.000086,1.716917e-10,0.00001883
17861,0.000089,1.716296e-10,0.00003654
17862,0.000095,1.713261e-10,0.00002902
17863,0.000091,1.710805e-10,0.00002362
17864,0.000093,1.708685e-10,0.00001985
17865,0.000100,1.708675e-10,0.00003986
17866,0.000092,1.705349e-10,0.00003143
17867,0.000093,1.702730e-10,0.00002533
17868,0.000097,1.700518e-10,0.00002102
17869,0.000090,1.698543e-10,0.00001807
17870,0.000092,1.697567e-10,0.00003415
17871,0.000095,1.694746e-10,0.00002728
17872,0.000115,1.692422e-10,0.00002237
17873,0.000138,1.690385e-10,0.00001897
17874,0.000157,1.689933e-10,0.00003718
17875,0.000155,1.686865e-10,0.00002947
17876,0.000120,1.684401e-10,0.00002392
17877,0.000110,1.682287e-10,0.00002002
17878,0.000110,1.680375e-10,0.00001738
17879,0.000138,1.679099e-10,0.00003195
17880,0.000127,1.676464e-10,0.00002568
17881,0.000174,1.674255e-10,0.00002124
17882,0.000130,1.672291e-10,0.00001818
17883,0.000106,1.671466e-10,0.00003473
17884,0.000111,1.668621e-10,0.00002768
17885,0.000105,1.666293e-10,0.00002263
17886,0.000104,1.664264e-10,0.00001912
17887,0.000103,1.663986e-10,0.00003785
17888,0.000096,1.660882e-10,0.00002994
17889,0.000099,1.658408e-10,0.00002423
17890,0.001657,1.656299e-10,0.00002021
17891,0.000085,1.654401e-10,0.00001747
17892,0.000079,1.653261e-10,0.00003248
17893,0.000103,1.650608e-10,0.00002604
17894,0.000092,1.648399e-10,0.00002146
17895,0.000097,1.646446e-10,0.00001831
17896,0.000095,1.645777e-10,0.00003533
17897,0.000104,1.642903e-10,0.00002810
17898,0.000104,1.640570e-10,0.00002290
17899,0.000096,1.638550e-10,0.00001928
17900,0.000098,1.638449e-10,0.00003853
17901,0.000101,1.635305e-10,0.00003042
17902,0.000098,1.632820e-10,0.00002455
17903,0.000096,1.630714e-10,0.00002040
17904,0.000097,1.628829e-10,0.00001757
17905,0.000103,1.627829e-10,0.00003303
17906,0.000103,1.625156e-10,0.00002641
17907,0.000103,1.622945e-10,0.00002170
17908,0.000102,1.621003e-10,0.00001844
17909,0.000110,1.620492e-10,0.00003596
17910,0.000094,1.617588e-10,0.00002853
17911,0.000103,1.615248e-10,0.00002319
17912,0.000097,1.613234e-10,0.00001944
17913,0.000094,1.611409e-10,0.00001691
17914,0.000100,1.610130e-10,0.00003091
17915,0.000099,1.607631e-10,0.00002488
17916,0.000096,1.605528e-10,0.00002061
17917,0.000100,1.603654e-10,0.00001768
17918,0.000099,1.602797e-10,0.00003359
17919,0.000097,1.600101e-10,0.00002680
17920,0.000102,1.597888e-10,0.00002195
17921,0.000095,1.595954e-10,0.00001858
17922,0.000107,1.595606e-10,0.00003659
17923,0.000106,1.592669e-10,0.00002897
17924,0.000111,1.590321e-10,0.00002348
17925,0.000103,1.588312e-10,0.00001962
17926,0.000103,1.586499e-10,0.00001700
17927,0.002164,1.585350e-10,0.00003142
17928,0.000206,1.582834e-10,0.00002522
17929,0.000151,1.580732e-10,0.00002082
17930,0.000118,1.578869e-10,0.00001780
17931,0.000120,1.578158e-10,0.00003417
17932,0.000115,1.575437e-10,0.00002720
17933,0.000134,1.573220e-10,0.00002221
17934,0.000116,1.571294e-10,0.00001873
17935,0.000124,1.571113e-10,0.00003725
17936,0.000116,1.568141e-10,0.00002944
17937,0.000118,1.565781e-10,0.00002379
17938,0.000154,1.563776e-10,0.00001981
17939,0.000153,1.561977e-10,0.00001709
17940,0.000110,1.560958e-10,0.00003195
17941,0.000110,1.558424e-10,0.00002558
17942,0.000102,1.556322e-10,0.00002105
17943,0.000110,1.554469e-10,0.00001792
17944,0.000105,1.553907e-10,0.00003477
17945,0.000102,1.551159e-10,0.00002762
17946,0.000114,1.548936e-10,0.00002248
17947,0.000102,1.547016e-10,0.00001888
17948,0.000095,1.547007e-10,0.00003792
17949,0.000102,1.543996e-10,0.00002991
17950,0.000111,1.541624e-10,0.00002410
17951,0.000106,1.539622e-10,0.00002000
17952,0.000101,1.537834e-10,0.00001719
17953,0.000099,1.536950e-10,0.00003249
17954,0.000103,1.534396e-10,0.00002595
17955,0.000099,1.532292e-10,0.00002129
17956,0.000098,1.530447e-10,0.00001805
17957,0.000105,1.530038e-10,0.00003538
17958,0.000101,1.527260e-10,0.00002804
17959,0.000105,1.525030e-10,0.00002276
17960,0.000105,1.523116e-10,0.00001905
17961,0.000093,1.521385e-10,0.00001654
17962,0.000094,1.520230e-10,0.00003040
17963,0.000101,1.517844e-10,0.00002444
17964,0.001481,1.515843e-10,0.00002021
17965,0.000077,1.514066e-10,0.00001730
17966,0.000089,1.513319e-10,0.00003305
17967,0.000093,1.510742e-10,0.00002634
17968,0.000093,1.508635e-10,0.00002153
17969,0.000095,1.506799e-10,0.00001819
17970,0.000091,1.506547e-10,0.00003601
17971,0.000091,1.503736e-10,0.00002849
17972,0.000097,1.501496e-10,0.00002305
17973,0.000094,1.499587e-10,0.00001923
17974,0.000090,1.497868e-10,0.00001663
17975,0.000097,1.496837e-10,0.00003091
17976,0.000095,1.494434e-10,0.00002478
17977,0.000094,1.492434e-10,0.00002042
17978,0.000098,1.490666e-10,0.00001742
17979,0.000170,1.490060e-10,0.00003362
17980,0.000138,1.487459e-10,0.00002673
17981,0.000120,1.485346e-10,0.00002179
17982,0.000146,1.483517e-10,0.00001834
17983,0.000160,1.483426e-10,0.00003666
17984,0.000137,1.480580e-10,0.00002894
17985,0.000153,1.478329e-10,0.00002336
17986,0.000141,1.476423e-10,0.00001941
17987,0.000241,1.474716e-10,0.00001672
17988,0.000194,1.473811e-10,0.00003143
17989,0.000163,1.471390e-10,0.00002513
17990,0.000149,1.469389e-10,0.00002065
17991,0.000122,1.467630e-10,0.00001754
17992,0.000101,1.467168e-10,0.00003421
17993,0.000102,1.464539e-10,0.00002715
17994,0.000112,1.462420e-10,0.00002206
17995,0.000148,1.460597e-10,0.00001850
17996,0.000145,1.458944e-10,0.00001609
17997,0.000110,1.457786e-10,0.00002941
17998,0.000113,1.455523e-10,0.00002367
17999,0.000104,1.453619e-10,0.00001961
18000,0.000103,1.451923e-10,0.00001682
18001,0.001762,1.451147e-10,0.00003196
18002,0.000082,1.448706e-10,0.00002550
18003,0.000096,1.446702e-10,0.00002088
18004,0.000095,1.444951e-10,0.00001768
18005,0.000096,1.444636e-10,0.00003482
18006,0.000092,1.441978e-10,0.00002757
18007,0.000096,1.439851e-10,0.00002234
18008,0.000092,1.438032e-10,0.00001867
18009,0.000092,1.436391e-10,0.00001617
18010,0.000099,1.435351e-10,0.00002990
18011,0.000093,1.433073e-10,0.00002400
18012,0.000094,1.431170e-10,0.00001981
18013,0.000098,1.429483e-10,0.00001693
18014,0.000095,1.428839e-10,0.00003251
18015,0.000094,1.426376e-10,0.00002588
18016,0.000098,1.424368e-10,0.00002113
18017,0.000094,1.422624e-10,0.00001782
18018,0.000096,1.422461e-10,0.00003544
18019,0.000102,1.419770e-10,0.00002801
18020,0.000103,1.417634e-10,0.00002263
18021,0.000097,1.415818e-10,0.00001885
18022,0.000101,1.414189e-10,0.00001626
18023,0.000096,1.413267e-10,0.00003040
18024,0.000095,1.410973e-10,0.00002434
18025,0.000097,1.409069e-10,0.00002003
18026,0.000098,1.407391e-10,0.00001705
18027,0.000097,1.406883e-10,0.00003308
18028,0.000096,1.404395e-10,0.00002628
18029,0.000101,1.402382e-10,0.00002139
18030,0.000096,1.400644e-10,0.00001797
18031,0.000097,1.400636e-10,0.00003608
18032,0.000102,1.397909e-10,0.00002846
18033,0.000100,1.395762e-10,0.00002294
18034,0.000097,1.393950e-10,0.00001903
18035,0.000101,1.392330e-10,0.00001636
18036,0.000134,1.391530e-10,0.00003092
18037,0.001919,1.389218e-10,0.00002470
18038,0.000100,1.387312e-10,0.00002026
18039,0.000117,1.385643e-10,0.00001718
18040,0.000114,1.385273e-10,0.00003367
18041,0.000109,1.382757e-10,0.00002669
18042,0.000099,1.380738e-10,0.00002166
18043,0.000102,1.379005e-10,0.00001813
18044,0.000104,1.377438e-10,0.00001574
18045,0.000107,1.376392e-10,0.00002893
18046,0.000102,1.374232e-10,0.00002325
18047,0.000105,1.372421e-10,0.00001923
18048,0.000101,1.370811e-10,0.00001646
18049,0.000102,1.370135e-10,0.00003145
18050,0.000100,1.367802e-10,0.00002506
18051,0.000158,1.365894e-10,0.00002049
18052,0.000102,1.364232e-10,0.00001731
18053,0.000103,1.364003e-10,0.00003427
18054,0.000110,1.361459e-10,0.00002711
18055,0.000096,1.359431e-10,0.00002193
18056,0.000101,1.357702e-10,0.00001830
18057,0.000099,1.356146e-10,0.00001582
18058,0.000115,1.355212e-10,0.00002941
18059,0.000107,1.353037e-10,0.00002358
18060,0.000106,1.351226e-10,0.00001943
18061,0.000101,1.349626e-10,0.00001657
18062,0.000098,1.349077e-10,0.00003199
18063,0.000098,1.346721e-10,0.00002544
18064,0.000101,1.344809e-10,0.00002074
18065,0.000106,1.343153e-10,0.00001745
18066,0.000104,1.343070e-10,0.00003488
18067,0.000102,1.340493e-10,0.00002754
18068,0.000095,1.338456e-10,0.00002222
18069,0.000101,1.336730e-10,0.00001847
18070,0.000101,1.335184e-10,0.00001591
18071,0.000095,1.334365e-10,0.00002990
18072,0.000096,1.332173e-10,0.00002392
18073,0.000103,1.330361e-10,0.00001965
18074,0.000096,1.328769e-10,0.00001669
18075,0.000096,1.328351e-10,0.00003255
18076,0.000103,1.325970e-10,0.00002583
18077,0.001483,1.324052e-10,0.00002099
18078,0.000078,1.322401e-10,0.00001760
18079,0.000088,1.320905e-10,0.00001531
18080,0.000094,1.319857e-10,0.00002799
18081,0.000092,1.317808e-10,0.00002253
18082,0.000097,1.316084e-10,0.00001866
18083,0.000094,1.314548e-10,0.00001601
18084,0.000095,1.313845e-10,0.00003041
18085,0.000134,1.311635e-10,0.00002427
18086,0.000147,1.309821e-10,0.00001987
18087,0.000124,1.308236e-10,0.00001682
18088,0.000127,1.307951e-10,0.00003313
18089,0.000128,1.305544e-10,0.00002623
18090,0.000128,1.303618e-10,0.00002126
18091,0.000130,1.301972e-10,0.00001776
18092,0.000115,1.300486e-10,0.00001539
18093,0.000127,1.299544e-10,0.00002845
18094,0.000114,1.297482e-10,0.00002284
18095,0.000328,1.295758e-10,0.00001885
18096,0.000162,1.294231e-10,0.00001611
18097,0.000107,1.293648e-10,0.00003094
18098,0.000108,1.291418e-10,0.00002463
18099,0.000098,1.289600e-10,0.00002011
18100,0.000097,1.288022e-10,0.00001696
18101,0.000103,1.287873e-10,0.00003373
18102,0.000100,1.285437e-10,0.00002665
18103,0.000169,1.283503e-10,0.00002154
18104,0.000118,1.281860e-10,0.00001793
18105,0.000101,1.280384e-10,0.00001547
18106,0.000107,1.279550e-10,0.00002893
18107,0.000112,1.277472e-10,0.00002316
18108,0.000104,1.275749e-10,0.00001906
18109,0.000103,1.274230e-10,0.00001622
18110,0.000123,1.273769e-10,0.00003148
18111,0.000109,1.271517e-10,0.00002500
18112,0.000109,1.269694e-10,0.00002035
18113,0.000100,1.268121e-10,0.00001710
18114,0.001517,1.268113e-10,0.00003434
18115,0.000078,1.265645e-10,0.00002708
18116,0.000092,1.263701e-10,0.00002182
18117,0.000096,1.262060e-10,0.00001811
18118,0.000096,1.260594e-10,0.00001557
18119,0.000092,1.259869e-10,0.00002942
18120,0.000089,1.257776e-10,0.00002350
18121,0.000099,1.256051e-10,0.00001927
18122,0.000091,1.254539e-10,0.00001634
18123,0.000098,1.254204e-10,0.00003203
18124,0.000105,1.251927e-10,0.00002539
18125,0.000093,1.250098e-10,0.00002061
18126,0.000093,1.248529e-10,0.00001725
18127,0.000097,1.247111e-10,0.00001497
18128,0.000096,1.246164e-10,0.00002753
18129,0.000095,1.244208e-10,0.00002212
18130,0.000100,1.242568e-10,0.00001830
18131,0.000091,1.241111e-10,0.00001567
18132,0.000093,1.240499e-10,0.00002992
18133,0.000100,1.238387e-10,0.00002385
18134,0.000098,1.236659e-10,0.00001950
18135,0.000090,1.235154e-10,0.00001647
18136,0.000093,1.234947e-10,0.00003261
18137,0.000098,1.232643e-10,0.00002579
18138,0.000093,1.230807e-10,0.00002087
18139,0.000094,1.229242e-10,0.00001741
18140,0.000097,1.227833e-10,0.00001505
18141,0.000093,1.226988e-10,0.00002798
18142,0.000094,1.225019e-10,0.00002243
18143,0.000100,1.223379e-10,0.00001849
18144,0.000092,1.221930e-10,0.00001577
18145,0.000094,1.221433e-10,0.00003044
18146,0.000100,1.219300e-10,0.00002421
18147,0.000093,1.217569e-10,0.00001973
18148,0.000097,1.216069e-10,0.00001661
18149,0.000115,1.215995e-10,0.00003319
18150,0.000139,1.213662e-10,0.00002621
18151,0.002238,1.211817e-10,0.00002115
18152,0.000135,1.210254e-10,0.00001758
18153,0.000163,1.208855e-10,0.00001514
18154,0.000157,1.208113e-10,0.00002845
18155,0.000196,1.206129e-10,0.00002276
18156,0.000148,1.204488e-10,0.00001869
18157,0.000150,1.203047e-10,0.00001588
18158,0.000145,1.202668e-10,0.00003098
18159,0.000143,1.200513e-10,0.00002458
18160,0.000147,1.198776e-10,0.00001997
18161,0.000141,1.197281e-10,0.00001675
18162,0.000148,1.195926e-10,0.00001457
18163,0.000140,1.194977e-10,0.00002663
18164,0.000130,1.193122e-10,0.00002143
18165,0.000133,1.191561e-10,0.00001775
18166,0.000134,1.190171e-10,0.00001523
18167,0.000132,1.189535e-10,0.00002894
18168,0.000134,1.187534e-10,0.00002309
18169,0.000149,1.185891e-10,0.00001891
18170,0.000137,1.184456e-10,0.00001600
18171,0.000130,1.184198e-10,0.00003153
18172,0.000137,1.182019e-10,0.00002496
18173,0.000132,1.180276e-10,0.00002023
18174,0.000129,1.178785e-10,0.00001690
18175,0.000127,1.177440e-10,0.00001464
18176,0.000146,1.176586e-10,0.00002707
18177,0.000132,1.174719e-10,0.00002173
18178,0.000130,1.173159e-10,0.00001794
18179,0.000136,1.171777e-10,0.00001533
18180,0.000133,1.171249e-10,0.00002944
18181,0.000132,1.169230e-10,0.00002343
18182,0.000140,1.167584e-10,0.00001913
18183,0.000171,1.166154e-10,0.00001613
18184,0.000148,1.166020e-10,0.00003209
18185,0.000195,1.163814e-10,0.00002536
18186,0.000149,1.162063e-10,0.00002049
18187,0.000138,1.160575e-10,0.00001706
18188,0.000143,1.159240e-10,0.00001472
18189,0.000164,1.158484e-10,0.00002752
18190,0.000132,1.156603e-10,0.00002204
18191,0.000153,1.155043e-10,0.00001814
18192,0.001959,1.153668e-10,0.00001544
18193,0.000115,1.153251e-10,0.00002995
18194,0.000095,1.151211e-10,0.00002379
18195,0.000117,1.149561e-10,0.00001936
18196,0.000113,1.148137e-10,0.00001627
18197,0.000102,1.148130e-10,0.00003267
18198,0.000099,1.145895e-10,0.00002577
18199,0.000112,1.144135e-10,0.00002077
18200,0.000105,1.142649e-10,0.00001723
18201,0.000096,1.141322e-10,0.00001481
18202,0.000098,1.140666e-10,0.00002799
18203,0.000102,1.138770e-10,0.00002236
18204,0.000100,1.137209e-10,0.00001834
18205,0.000098,1.135840e-10,0.00001555
18206,0.000109,1.135537e-10,0.00003048
18207,0.000099,1.133475e-10,0.00002416
18208,0.000100,1.131819e-10,0.00001961
18209,0.000170,1.130399e-10,0.00001641
18210,0.000112,1.129114e-10,0.00001425
18211,0.000102,1.128257e-10,0.00002619
18212,0.000099,1.126486e-10,0.00002105
18213,0.000093,1.125001e-10,0.00001741
18214,0.000091,1.123682e-10,0.00001491
18215,0.000096,1.123128e-10,0.00002847
18216,0.000092,1.121216e-10,0.00002269
18217,0.000091,1.119652e-10,0.00001855
18218,0.000091,1.118289e-10,0.00001567
18219,0.000100,1.118102e-10,0.00003103
18220,0.000092,1.116016e-10,0.00002454
18221,0.000092,1.114354e-10,0.00001986
18222,0.000098,1.112936e-10,0.00001657
18223,0.000093,1.111661e-10,0.00001432
18224,0.000096,1.110895e-10,0.00002663
18225,0.000099,1.109113e-10,0.00002135
18226,0.000094,1.107628e-10,0.00001759
18227,0.000095,1.106316e-10,0.00001501
18228,0.000098,1.105866e-10,0.00002897
18229,0.000095,1.103935e-10,0.00002303
18230,0.000098,1.102368e-10,0.00001877
18231,0.000099,1.101010e-10,0.00001580
18232,0.000092,1.100943e-10,0.00003158
18233,0.000095,1.098830e-10,0.00002493
18234,0.000238,1.097160e-10,0.00002012
18235,0.000291,1.095745e-10,0.00001673
18236,0.001818,1.094478e-10,0.00001440
18237,0.000207,1.093806e-10,0.00002707
18238,0.000140,1.092010e-10,0.00002165
18239,0.000134,1.090525e-10,0.00001779
18240,0.000112,1.089219e-10,0.00001511
18241,0.000179,1.088876e-10,0.00002947
18242,0.000129,1.086925e-10,0.00002339
18243,0.000110,1.085353e-10,0.00001901
18244,0.000111,1.083999e-10,0.00001594
18245,0.000155,1.082773e-10,0.00001386
18246,0.000166,1.081914e-10,0.00002534
18247,0.000127,1.080234e-10,0.00002039
18248,0.000103,1.078821e-10,0.00001689
18249,0.000106,1.077562e-10,0.00001449
18250,0.000105,1.076986e-10,0.00002754
18251,0.000105,1.075175e-10,0.00002197
18252,0.000112,1.073688e-10,0.00001799
18253,0.000107,1.072388e-10,0.00001523
18254,0.000110,1.072155e-10,0.00003000
18255,0.000115,1.070181e-10,0.00002375
18256,0.000119,1.068603e-10,0.00001925
18257,0.000156,1.067253e-10,0.00001608
18258,0.000112,1.066035e-10,0.00001393
18259,0.000106,1.065263e-10,0.00002576
18260,0.000109,1.063573e-10,0.00002068
18261,0.000113,1.062160e-10,0.00001707
18262,0.000104,1.060908e-10,0.00001459
18263,0.000099,1.060430e-10,0.00002801
18264,0.000107,1.058602e-10,0.00002230
18265,0.000105,1.057112e-10,0.00001820
18266,0.000098,1.055818e-10,0.00001535
18267,0.000095,1.055697e-10,0.00003054
18268,0.000103,1.053699e-10,0.00002413
18269,0.000098,1.052114e-10,0.00001950
18270,0.000097,1.050767e-10,0.00001624
18271,0.000098,1.049557e-10,0.00001401
18272,0.000095,1.048873e-10,0.00002619
18273,0.000099,1.047171e-10,0.00002097
18274,0.000105,1.045758e-10,0.00001726
18275,0.001472,1.044513e-10,0.00001469
18276,0.000076,1.044135e-10,0.00002850
18277,0.000093,1.042289e-10,0.00002264
18278,0.000099,1.040795e-10,0.00001843
18279,0.000092,1.039505e-10,0.00001548
18280,0.000094,1.039499e-10,0.00003109
18281,0.000096,1.037476e-10,0.00002452
18282,0.000093,1.035882e-10,0.00001976
18283,0.000094,1.034537e-10,0.00001640
18284,0.000097,1.033335e-10,0.00001409
18285,0.000094,1.032741e-10,0.00002663
18286,0.000094,1.031025e-10,0.00002128
18287,0.000095,1.029611e-10,0.00001745
18288,0.000101,1.028372e-10,0.00001480
18289,0.000094,1.028097e-10,0.00002900
18290,0.000096,1.026230e-10,0.00002299
18291,0.000099,1.024731e-10,0.00001866
18292,0.000094,1.023445e-10,0.00001562
18293,0.000093,1.022282e-10,0.00001356
18294,0.000105,1.021506e-10,0.00002492
18295,0.000094,1.019903e-10,0.00002003
18296,0.000095,1.018559e-10,0.00001656
18297,0.000107,1.017364e-10,0.00001418
18298,0.000121,1.016863e-10,0.00002709
18299,0.000133,1.015131e-10,0.00002159
18300,0.000145,1.013715e-10,0.00001765
18301,0.000197,1.012481e-10,0.00001491
18302,0.000122,1.012312e-10,0.00002952
18303,0.000120,1.010423e-10,0.00002335
18304,0.000106,1.008918e-10,0.00001890
18305,0.000147,1.007635e-10,0.00001576
18306,0.000237,1.006480e-10,0.00001363
18307,0.000174,1.005787e-10,0.00002534
18308,0.000150,1.004173e-10,0.00002031
18309,0.000139,1.002829e-10,0.00001674
18310,0.000125,1.001641e-10,0.00001428
18311,0.001655,1.001234e-10,0.00002756
18312,0.000088,9.994859e-11,0.00002192
18313,0.000089,9.980665e-11,0.00001786
18314,0.000084,9.968372e-11,0.00001504
18315,0.000091,9.967763e-11,0.00003005
18316,0.000088,9.948637e-11,0.00002373
18317,0.000089,9.933514e-11,0.00001915
18318,0.000089,9.920705e-11,0.00001591
18319,0.000093,9.909235e-11,0.00001371
18320,0.000090,9.903153e-11,0.00002576
18321,0.000096,9.886889e-11,0.00002060
18322,0.000096,9.873441e-11,0.00001693
18323,0.000092,9.861623e-11,0.00001438
18324,0.000093,9.858518e-11,0.00002805
18325,0.000098,9.840852e-11,0.00002225
18326,0.000093,9.826616e-11,0.00001808
18327,0.000092,9.814362e-11,0.00001517
18328,0.000098,9.803255e-11,0.00001319
18329,0.000093,9.795480e-11,0.00002411
18330,0.000093,9.780272e-11,0.00001941
18331,0.000098,9.767477e-11,0.00001607
18332,0.000091,9.756079e-11,0.00001379
18333,0.000093,9.750865e-11,0.00002620
18334,0.000104,9.734463e-11,0.00002091
18335,0.000098,9.721000e-11,0.00001712
18336,0.000097,9.709234e-11,0.00001449
18337,0.000094,9.707120e-11,0.00002854
18338,0.000102,9.689254e-11,0.00002260
18339,0.000095,9.674965e-11,0.00001831
18340,0.000099,9.662743e-11,0.00001530
18341,0.000099,9.651717e-11,0.00001326
18342,0.000094,9.644725e-11,0.00002451
18343,0.000097,9.629420e-11,0.00001968
18344,0.000098,9.616631e-11,0.00001624
18345,0.000091,9.605298e-11,0.00001388
18346,0.000094,9.600972e-11,0.00002665
18347,0.000098,9.584419e-11,0.00002122
18348,0.000093,9.570929e-11,0.00001732
18349,0.001492,9.559211e-11,0.00001461
18350,0.000082,9.558113e-11,0.00002905
18351,0.000099,9.540030e-11,0.00002296
18352,0.000117,9.525676e-11,0.00001855
18353,0.000100,9.513479e-11,0.00001545
18354,0.000101,9.502529e-11,0.00001333
18355,0.000117,9.496336e-11,0.00002492
18356,0.000106,9.480920e-11,0.00001995
18357,0.000107,9.468129e-11,0.00001642
18358,0.000107,9.456856e-11,0.00001398
18359,0.000109,9.453439e-11,0.00002712
18360,0.000107,9.436719e-11,0.00002154
18361,0.000137,9.423194e-11,0.00001753
18362,0.000115,9.411516e-11,0.00001473
18363,0.000101,9.411462e-11,0.00002958
18364,0.000097,9.393143e-11,0.00002333
18365,0.000101,9.378714e-11,0.00001880
18366,0.000097,9.366534e-11,0.00001560
18367,0.000102,9.355655e-11,0.00001341
18368,0.000116,9.350278e-11,0.00002534
18369,0.000136,9.334739e-11,0.00002024
18370,0.000101,9.321937e-11,0.00001660
18371,0.000104,9.310717e-11,0.00001408
18372,0.000100,9.308232e-11,0.00002760
18373,0.000097,9.291329e-11,0.00002188
18374,0.000099,9.277759e-11,0.00001775
18375,0.000097,9.266115e-11,0.00001486
18376,0.000097,9.255586e-11,0.00001290
18377,0.000093,9.248558e-11,0.00002371
18378,0.000102,9.234043e-11,0.00001906
18379,0.000093,9.221872e-11,0.00001576
18380,0.000090,9.211058e-11,0.00001350
18381,0.000098,9.206517e-11,0.00002578
18382,0.000094,9.190840e-11,0.00002054
18383,0.000092,9.178018e-11,0.00001680
18384,0.000098,9.166847e-11,0.00001419
18385,0.000091,9.165316e-11,0.00002809
18386,0.001408,9.148215e-11,0.00002222
18387,0.000074,9.134589e-11,0.00001798
18388,0.000073,9.122972e-11,0.00001500
18389,0.000092,9.112518e-11,0.00001297
18390,0.000087,9.106242e-11,0.00002411
18391,0.000087,9.091628e-11,0.00001933
18392,0.000092,9.079459e-11,0.00001593
18393,0.000088,9.068705e-11,0.00001359
18394,0.000088,9.065019e-11,0.00002623
18395,0.000089,9.049190e-11,0.00002085
18396,0.000095,9.036339e-11,0.00001700
18397,0.000089,9.025209e-11,0.00001431
18398,0.000096,9.024658e-11,0.00002860
18399,0.000097,9.007341e-11,0.00002258
18400,0.000093,8.993649e-11,0.00001822
18401,0.000093,8.982052e-11,0.00001514
18402,0.000095,8.971668e-11,0.00001304
18403,0.000093,8.966161e-11,0.00002451
18404,0.000094,8.951436e-11,0.00001960
18405,0.000106,8.939260e-11,0.00001611
18406,0.000093,8.928560e-11,0.00001368
18407,0.000094,8.925749e-11,0.00002669
18408,0.000097,8.909755e-11,0.00002117
18409,0.000094,8.896865e-11,0.00001721
18410,0.000093,8.885771e-11,0.00001443
18411,0.000097,8.875715e-11,0.00001255
18412,0.000093,8.868675e-11,0.00002294
18413,0.000094,8.854906e-11,0.00001847
18414,0.000095,8.843322e-11,0.00001530
18415,0.000098,8.833002e-11,0.00001312
18416,0.000096,8.828282e-11,0.00002493
18417,0.000100,8.813432e-11,0.00001989
18418,0.000122,8.801242e-11,0.00001629
18419,0.000116,8.790590e-11,0.00001379
18420,0.000107,8.788676e-11,0.00002716
18421,0.000132,8.772501e-11,0.00002151
18422,0.000119,8.759563e-11,0.00001743
18423,0.001992,8.748497e-11,0.00001456
18424,0.000095,8.738515e-11,0.00001262
18425,0.000093,8.732184e-11,0.00002332
18426,0.000115,8.718327e-11,0.00001872
18427,0.000105,8.706748e-11,0.00001546
18428,0.000095,8.696487e-11,0.00001321
18429,0.000093,8.692571e-11,0.00002536
18430,0.000098,8.677584e-11,0.00002019
18431,0.000093,8.665371e-11,0.00001648
18432,0.000092,8.654761e-11,0.00001390
18433,0.000100,8.653768e-11,0.00002765
18434,0.000095,8.637395e-11,0.00002185
18435,0.000094,8.624400e-11,0.00001765
18436,0.000101,8.613356e-11,0.00001470
18437,0.000094,8.603442e-11,0.00001269
18438,0.000095,8.597835e-11,0.00002371
18439,0.000101,8.583878e-11,0.00001899
18440,0.000094,8.572297e-11,0.00001562
18441,0.000095,8.562090e-11,0.00001330
18442,0.000102,8.558997e-11,0.00002581
18443,0.000100,8.543859e-11,0.00002050
18444,0.000095,8.531614e-11,0.00001668
18445,0.000093,8.521041e-11,0.00001402
18446,0.000099,8.520992e-11,0.00002815
18447,0.000097,8.504406e-11,0.00002220
18448,0.000096,8.491342e-11,0.00001789
18449,0.000154,8.480315e-11,0.00001484
18450,0.000109,8.470465e-11,0.00001276
18451,0.000099,8.465597e-11,0.00002411
18452,0.000104,8.451528e-11,0.00001926
18453,0.000095,8.439937e-11,0.00001580
18454,0.000098,8.429779e-11,0.00001340
18455,0.000108,8.427529e-11,0.00002626
18456,0.000108,8.412225e-11,0.00002081
18457,0.000097,8.399939e-11,0.00001689
18458,0.000103,8.389397e-11,0.00001414
18459,0.000095,8.379864e-11,0.00001227
18460,0.000097,8.373501e-11,0.00002256
18461,0.000101,8.360359e-11,0.00001814
18462,0.001486,8.349340e-11,0.00001500
18463,0.000077,8.339549e-11,0.00001284
18464,0.000090,8.335438e-11,0.00002453
18465,0.000094,8.321245e-11,0.00001955
18466,0.000097,8.309636e-11,0.00001598
18467,0.000114,8.299521e-11,0.00001350
18468,0.000127,8.298135e-11,0.00002673
18469,0.000119,8.282652e-11,0.00002114
18470,0.000135,8.270315e-11,0.00001711
18471,0.000124,8.259797e-11,0.00001427
18472,0.000131,8.250332e-11,0.00001234
18473,0.000159,8.244651e-11,0.00002294
18474,0.000249,8.231419e-11,0.00001839
18475,0.000282,8.220402e-11,0.00001516
18476,0.000150,8.210665e-11,0.00001293
18477,0.000134,8.207328e-11,0.00002495
18478,0.000133,8.192997e-11,0.00001984
18479,0.000136,8.181362e-11,0.00001617
18480,0.000141,8.171285e-11,0.00001361
18481,0.000144,8.170786e-11,0.00002721
18482,0.000132,8.155107e-11,0.00002148
18483,0.000151,8.142711e-11,0.00001734
18484,0.000136,8.132211e-11,0.00001441
18485,0.000132,8.122809e-11,0.00001241
18486,0.000136,8.117824e-11,0.00002333
18487,0.000140,8.104491e-11,0.00001865
18488,0.000135,8.093468e-11,0.00001532
18489,0.000132,8.083780e-11,0.00001302
18490,0.000103,8.081235e-11,0.00002539
18491,0.000093,8.066754e-11,0.00002015
18492,0.000096,8.055084e-11,0.00001637
18493,0.000101,8.045039e-11,0.00001373
18494,0.000093,8.035935e-11,0.00001194
18495,0.000094,8.029561e-11,0.00002183
18496,0.000099,8.017095e-11,0.00001757
18497,0.000094,8.006607e-11,0.00001455
18498,0.000100,7.997263e-11,0.00001249
18499,0.001385,7.992990e-11,0.00002372
18500,0.000073,7.979545e-11,0.00001893
18501,0.000082,7.968508e-11,0.00001550
18502,0.000084,7.958864e-11,0.00001312
18503,0.000091,7.957132e-11,0.00002584
18504,0.000087,7.942486e-11,0.00002046
18505,0.000088,7.930773e-11,0.00001658
18506,0.000088,7.920754e-11,0.00001386
18507,0.000092,7.911716e-11,0.00001200
18508,0.000090,7.905985e-11,0.00002219
18509,0.000102,7.893438e-11,0.00001781
18510,0.000097,7.882955e-11,0.00001471
18511,0.000091,7.873665e-11,0.00001257
18512,0.000091,7.870119e-11,0.00002413
18513,0.000100,7.856550e-11,0.00001921
18514,0.000092,7.845493e-11,0.00001568
18515,0.000092,7.835887e-11,0.00001323
18516,0.000098,7.834988e-11,0.00002631
18517,0.000094,7.820164e-11,0.00002079
18518,0.000102,7.808398e-11,0.00001680
18519,0.000102,7.798400e-11,0.00001399
18520,0.000094,7.789424e-11,0.00001207
18521,0.000093,7.784347e-11,0.00002256
18522,0.000098,7.771711e-11,0.00001807
18523,0.000092,7.761225e-11,0.00001487
18524,0.000091,7.751984e-11,0.00001266
18525,0.000094,7.749184e-11,0.00002455
18526,0.000100,7.735478e-11,0.00001950
18527,0.000097,7.724391e-11,0.00001587
18528,0.000115,7.714819e-11,0.00001334
18529,0.000142,7.714775e-11,0.00002678
18530,0.000156,7.699758e-11,0.00002112
18531,0.000159,7.687930e-11,0.00001702
18532,0.000164,7.677946e-11,0.00001413
18533,0.000141,7.669028e-11,0.00001214
18534,0.000120,7.664621e-11,0.00002295
18535,0.000149,7.651883e-11,0.00001833
18536,0.002260,7.641389e-11,0.00001503
18537,0.000092,7.632192e-11,0.00001275
18538,0.000104,7.630155e-11,0.00002499
18539,0.000097,7.616299e-11,0.00001981
18540,0.000102,7.605175e-11,0.00001607
18541,0.000100,7.595630e-11,0.00001345
18542,0.000093,7.587000e-11,0.00001168
18543,0.000095,7.581239e-11,0.00002147
18544,0.000101,7.569340e-11,0.00001726
18545,0.000095,7.559364e-11,0.00001427
18546,0.000094,7.550499e-11,0.00001222
18547,0.000100,7.546777e-11,0.00002334
18548,0.000097,7.533926e-11,0.00001860
18549,0.000095,7.523416e-11,0.00001521
18550,0.000100,7.514258e-11,0.00001285
18551,0.000096,7.513004e-11,0.00002543
18552,0.000097,7.498985e-11,0.00002012
18553,0.000096,7.487816e-11,0.00001628
18554,0.000102,7.478293e-11,0.00001358
18555,0.000102,7.469723e-11,0.00001174
18556,0.000097,7.464580e-11,0.00002183
18557,0.000102,7.452600e-11,0.00001750
18558,0.000121,7.442625e-11,0.00001442
18559,0.000121,7.433809e-11,0.00001230
18560,0.000108,7.430788e-11,0.00002374
18561,0.000104,7.417813e-11,0.00001888
18562,0.000117,7.407279e-11,0.00001539
18563,0.000114,7.398155e-11,0.00001295
18564,0.000103,7.397704e-11,0.00002589
18565,0.000102,7.383508e-11,0.00002044
18566,0.000109,7.372285e-11,0.00001649
18567,0.000106,7.362778e-11,0.00001371
18568,0.000100,7.354266e-11,0.00001181
18569,0.000112,7.349753e-11,0.00002219
18570,0.000107,7.337682e-11,0.00001775
18571,0.000101,7.327701e-11,0.00001458
18572,0.000101,7.318930e-11,0.00001239
18573,0.000111,7.316626e-11,0.00002416
18574,0.000112,7.303515e-11,0.00001917
18575,0.000101,7.292949e-11,0.00001558
18576,0.000105,7.283854e-11,0.00001307
18577,0.000096,7.275611e-11,0.00001136
18578,0.000101,7.269841e-11,0.00002077
18579,0.000103,7.258554e-11,0.00001672
18580,0.000099,7.249059e-11,0.00001385
18581,0.000187,7.240599e-11,0.00001188
18582,0.000602,7.236730e-11,0.00002257
18583,0.000823,7.224557e-11,0.00001801
18584,0.000497,7.214565e-11,0.00001475
18585,0.000353,7.205833e-11,0.00001248
18586,0.000308,7.204265e-11,0.00002459
18587,0.002197,7.191005e-11,0.00001947
18588,0.000121,7.180400e-11,0.00001578
18589,0.000087,7.171329e-11,0.00001318
18590,0.000096,7.163146e-11,0.00001142
18591,0.000094,7.157957e-11,0.00002112
18592,0.000099,7.146598e-11,0.00001695
18593,0.000096,7.137106e-11,0.00001399
18594,0.000092,7.128695e-11,0.00001196
18595,0.000098,7.125485e-11,0.00002296
18596,0.000096,7.113200e-11,0.00001828
18597,0.000095,7.103188e-11,0.00001492
18598,0.000098,7.094491e-11,0.00001258
18599,0.000099,7.093677e-11,0.00002503
18600,0.000106,7.080256e-11,0.00001978
18601,0.000106,7.069603e-11,0.00001598
18602,0.000101,7.060551e-11,0.00001331
18603,0.000097,7.052424e-11,0.00001149
18604,0.000102,7.047828e-11,0.00002147
18605,0.000096,7.036387e-11,0.00001719
18606,0.000102,7.026894e-11,0.00001415
18607,0.000102,7.018527e-11,0.00001204
18608,0.000097,7.015992e-11,0.00002336
18609,0.000096,7.003583e-11,0.00001856
18610,0.000098,6.993545e-11,0.00001510
18611,0.000100,6.984878e-11,0.00001269
18612,0.000095,6.984838e-11,0.00002548
18613,0.000097,6.971242e-11,0.00002010
18614,0.000101,6.960534e-11,0.00001620
18615,0.000097,6.951494e-11,0.00001344
18616,0.000095,6.943420e-11,0.00001155
18617,0.000105,6.939430e-11,0.00002183
18618,0.000097,6.927897e-11,0.00001744
18619,0.000098,6.918396e-11,0.00001430
18620,0.000102,6.910069e-11,0.00001213
18621,0.000107,6.908225e-11,0.00002378
18622,0.000114,6.895680e-11,0.00001885
18623,0.000118,6.885609e-11,0.00001529
18624,0.000127,6.876967e-11,0.00001280
18625,0.000206,6.869153e-11,0.00001111
18626,0.000181,6.863937e-11,0.00002043
18627,0.000141,6.853164e-11,0.00001642
18628,0.001854,6.844132e-11,0.00001358
18629,0.000094,6.836106e-11,0.00001163
18630,0.000085,6.832736e-11,0.00002221
18631,0.000106,6.821101e-11,0.00001770
18632,0.000093,6.811585e-11,0.00001447
18633,0.000093,6.803294e-11,0.00001223
18634,0.000089,6.802158e-11,0.00002420
18635,0.000089,6.789466e-11,0.00001914
18636,0.000094,6.779353e-11,0.00001549
18637,0.000091,6.770732e-11,0.00001292
18638,0.000089,6.762973e-11,0.00001117
18639,0.000096,6.758316e-11,0.00002077
18640,0.000091,6.747470e-11,0.00001665
18641,0.000090,6.738438e-11,0.00001372
18642,0.000091,6.730456e-11,0.00001170
18643,0.000098,6.727721e-11,0.00002259
18644,0.000091,6.715974e-11,0.00001797
18645,0.000092,6.706436e-11,0.00001464
18646,0.000107,6.698176e-11,0.00001233
18647,0.000101,6.697767e-11,0.00002464
18648,0.000091,6.684915e-11,0.00001945
18649,0.000099,6.674753e-11,0.00001570
18650,0.000093,6.666146e-11,0.00001305
18651,0.000092,6.658439e-11,0.00001124
18652,0.000097,6.654353e-11,0.00002112
18653,0.000091,6.643424e-11,0.00001689
18654,0.000093,6.634388e-11,0.00001387
18655,0.000099,6.626446e-11,0.00001179
18656,0.000093,6.624361e-11,0.00002299
18657,0.000093,6.612490e-11,0.00001824
18658,0.000100,6.602924e-11,0.00001482
18659,0.000095,6.594690e-11,0.00001243
18660,0.000093,6.587227e-11,0.00001081
18661,0.000094,6.582003e-11,0.00001977
18662,0.000099,6.571784e-11,0.00001591
18663,0.000095,6.563186e-11,0.00001318
18664,0.000092,6.555527e-11,0.00001130
18665,0.000106,6.552024e-11,0.00002148
18666,0.000094,6.541003e-11,0.00001714
18667,0.000096,6.531956e-11,0.00001403
18668,0.001434,6.524050e-11,0.00001188
18669,0.000077,6.522631e-11,0.00002340
18670,0.000079,6.510625e-11,0.00001853
18671,0.000097,6.501024e-11,0.00001501
18672,0.000095,6.492811e-11,0.00001255
18673,0.000092,6.485402e-11,0.00001087
18674,0.000098,6.480704e-11,0.00002009
18675,0.000095,6.470420e-11,0.00001613
18676,0.000134,6.461826e-11,0.00001332
18677,0.000107,6.454211e-11,0.00001138
18678,0.000176,6.451305e-11,0.00002185
18679,0.000141,6.440182e-11,0.00001739
18680,0.000151,6.431117e-11,0.00001420
18681,0.000129,6.423243e-11,0.00001197
18682,0.000108,6.422507e-11,0.00002382
18683,0.000113,6.410355e-11,0.00001882
18684,0.000157,6.400710e-11,0.00001521
18685,0.000102,6.392514e-11,0.00001266
18686,0.000104,6.385157e-11,0.00001093
18687,0.000106,6.380996e-11,0.00002043
18688,0.000096,6.370637e-11,0.00001636
18689,0.000095,6.362042e-11,0.00001346
18690,0.000098,6.354467e-11,0.00001146
18691,0.000095,6.352172e-11,0.00002223
18692,0.000093,6.340936e-11,0.00001766
18693,0.000099,6.331848e-11,0.00001437
18694,0.000102,6.324001e-11,0.00001207
18695,0.000103,6.323966e-11,0.00002425
18696,0.000105,6.311656e-11,0.00001913
18697,0.000104,6.301960e-11,0.00001541
18698,0.000098,6.293776e-11,0.00001279
18699,0.000099,6.286465e-11,0.00001099
18700,0.000106,6.282854e-11,0.00002077
18701,0.000099,6.272412e-11,0.00001660
18702,0.000101,6.263809e-11,0.00001361
18703,0.000098,6.256270e-11,0.00001154
18704,0.000097,6.254601e-11,0.00002262
18705,0.000102,6.243243e-11,0.00001793
18706,0.001428,6.234124e-11,0.00001455
18707,0.000075,6.226300e-11,0.00001218
18708,0.000071,6.219225e-11,0.00001057
18709,0.000090,6.214504e-11,0.00001944
18710,0.000085,6.204750e-11,0.00001562
18711,0.000092,6.196572e-11,0.00001292
18712,0.000090,6.189305e-11,0.00001106
18713,0.000088,6.186255e-11,0.00002113
18714,0.000095,6.175720e-11,0.00001684
18715,0.000091,6.167105e-11,0.00001377
18716,0.000089,6.159598e-11,0.00001163
18717,0.000096,6.158570e-11,0.00002303
18718,0.000093,6.147078e-11,0.00001821
18719,0.000091,6.137923e-11,0.00001474
18720,0.000093,6.130117e-11,0.00001229
18721,0.000095,6.123092e-11,0.00001063
18722,0.000093,6.118876e-11,0.00001976
18723,0.000092,6.109056e-11,0.00001584
18724,0.000111,6.100879e-11,0.00001306
18725,0.000097,6.093652e-11,0.00001114
18726,0.000093,6.091176e-11,0.00002150
18727,0.000098,6.080540e-11,0.00001709
18728,0.000091,6.071904e-11,0.00001393
18729,0.000092,6.064426e-11,0.00001173
18730,0.000096,6.064056e-11,0.00002344
18731,0.000093,6.052420e-11,0.00001851
18732,0.000094,6.043219e-11,0.00001493
18733,0.000100,6.035427e-11,0.00001241
18734,0.000100,6.028449e-11,0.00001069
18735,0.000110,6.024750e-11,0.00002009
18736,0.000107,6.014854e-11,0.00001607
18737,0.000100,6.006673e-11,0.00001320
18738,0.000098,5.999483e-11,0.00001122
18739,0.000099,5.997595e-11,0.00002188
18740,0.000100,5.986847e-11,0.00001736
18741,0.000096,5.978186e-11,0.00001411
18742,0.000094,5.970731e-11,0.00001183
18743,0.001828,5.963974e-11,0.00001029
18744,0.000092,5.959245e-11,0.00001881
18745,0.000086,5.949992e-11,0.00001514
18746,0.000121,5.942208e-11,0.00001254
18747,0.000096,5.935274e-11,0.00001076
18748,0.000108,5.932103e-11,0.00002044
18749,0.000095,5.922124e-11,0.00001631
18750,0.000095,5.913933e-11,0.00001335
18751,0.000089,5.906775e-11,0.00001130
18752,0.000089,5.905490e-11,0.00002226
18753,0.000096,5.894621e-11,0.00001763
18754,0.000092,5.885927e-11,0.00001429
18755,0.000099,5.878492e-11,0.00001194
18756,0.000094,5.871784e-11,0.00001034
18757,0.000092,5.867531e-11,0.00001912
18758,0.000092,5.858219e-11,0.00001535
18759,0.000097,5.850439e-11,0.00001267
18760,0.000091,5.843544e-11,0.00001083
18761,0.000093,5.840913e-11,0.00002079
18762,0.000098,5.830842e-11,0.00001655
18763,0.000097,5.822635e-11,0.00001351
18764,0.000091,5.815506e-11,0.00001139
18765,0.000094,5.814840e-11,0.00002266
18766,0.000102,5.803838e-11,0.00001791
18767,0.000093,5.795105e-11,0.00001447
18768,0.000092,5.787685e-11,0.00001205
18769,0.000099,5.781023e-11,0.00001040
18770,0.000094,5.777256e-11,0.00001944
18771,0.000094,5.767877e-11,0.00001556
18772,0.000101,5.760095e-11,0.00001281
18773,0.000094,5.753237e-11,0.00001090
18774,0.000096,5.751159e-11,0.00002115
18775,0.000099,5.740987e-11,0.00001680
18776,0.000102,5.732759e-11,0.00001368
18777,0.000094,5.725654e-11,0.00001149
18778,0.000099,5.725622e-11,0.00002307
18779,0.000093,5.714477e-11,0.00001820
18780,0.001462,5.705699e-11,0.00001467
18781,0.000079,5.698288e-11,0.00001217
18782,0.000071,5.691670e-11,0.00001046
18783,0.000092,5.688400e-11,0.00001977
18784,0.000086,5.678946e-11,0.00001579
18785,0.000088,5.671157e-11,0.00001295
18786,0.000094,5.664331e-11,0.00001098
18787,0.000089,5.662820e-11,0.00002153
18788,0.000089,5.652537e-11,0.00001706
18789,0.000090,5.644281e-11,0.00001385
18790,0.000095,5.637197e-11,0.00001159
18791,0.000090,5.630792e-11,0.00001006
18792,0.000093,5.626517e-11,0.00001850
18793,0.000096,5.617686e-11,0.00001487
18794,0.000099,5.610281e-11,0.00001229
18795,0.000091,5.603702e-11,0.00001053
18796,0.000098,5.600941e-11,0.00002011
18797,0.000095,5.591403e-11,0.00001602
18798,0.000105,5.583602e-11,0.00001310
18799,0.000131,5.576806e-11,0.00001107
18800,0.000117,5.575875e-11,0.00002191
18801,0.000121,5.565471e-11,0.00001733
18802,0.000132,5.557181e-11,0.00001402
18803,0.000128,5.550114e-11,0.00001170
18804,0.000113,5.543754e-11,0.00001011
18805,0.000121,5.539937e-11,0.00001880
18806,0.000119,5.531046e-11,0.00001508
18807,0.000148,5.523642e-11,0.00001243
18808,0.000134,5.517099e-11,0.00001060
18809,0.000108,5.514858e-11,0.00002046
18810,0.000099,5.505228e-11,0.00001627
18811,0.000107,5.497410e-11,0.00001326
18812,0.000100,5.490638e-11,0.00001116
18813,0.000103,5.490304e-11,0.00002231
18814,0.000099,5.479769e-11,0.00001761
18815,0.000102,5.471439e-11,0.00001421
18816,0.000095,5.464383e-11,0.00001181
18817,0.001437,5.458065e-11,0.00001017
18818,0.000075,5.454716e-11,0.00001912
18819,0.000075,5.445757e-11,0.00001529
18820,0.000091,5.438350e-11,0.00001256
18821,0.000086,5.431840e-11,0.00001067
18822,0.000087,5.430131e-11,0.00002082
18823,0.000092,5.420400e-11,0.00001652
18824,0.000088,5.412559e-11,0.00001342
18825,0.000087,5.405809e-11,0.00001126
18826,0.000093,5.399691e-11,0.00000979
18827,0.000091,5.395409e-11,0.00001790
18828,0.000090,5.387032e-11,0.00001440
18829,0.000105,5.379985e-11,0.00001193
18830,0.000090,5.373706e-11,0.00001024
18831,0.000093,5.370835e-11,0.00001945
18832,0.000097,5.361801e-11,0.00001552
18833,0.000092,5.354385e-11,0.00001271
18834,0.000091,5.347904e-11,0.00001075
18835,0.000099,5.346741e-11,0.00002119
18836,0.000100,5.336900e-11,0.00001677
18837,0.000092,5.329029e-11,0.00001359
18838,0.000093,5.322297e-11,0.00001136
18839,0.000102,5.316224e-11,0.00000984
18840,0.000099,5.312373e-11,0.00001819
18841,0.000092,5.303942e-11,0.00001460
18842,0.000099,5.296898e-11,0.00001206
18843,0.000091,5.290655e-11,0.00001030
18844,0.000095,5.288274e-11,0.00001978
18845,0.000102,5.279156e-11,0.00001575
18846,0.000094,5.271725e-11,0.00001286
18847,0.000093,5.265271e-11,0.00001084
18848,0.000099,5.264667e-11,0.00002156
18849,0.000100,5.254706e-11,0.00001704
18850,0.000093,5.246800e-11,0.00001377
18851,0.000100,5.240081e-11,0.00001147
18852,0.000091,5.234050e-11,0.00000989
18853,0.000093,5.230640e-11,0.00001850
18854,0.001554,5.222148e-11,0.00001481
18855,0.000102,5.215103e-11,0.00001219
18856,0.000086,5.208893e-11,0.00001037
18857,0.000130,5.207012e-11,0.00002013
18858,0.000121,5.197802e-11,0.00001599
18859,0.000116,5.190352e-11,0.00001301
18860,0.000105,5.183920e-11,0.00001093
18861,0.000096,5.183891e-11,0.00002195
18862,0.000098,5.173800e-11,0.00001732
18863,0.000104,5.165853e-11,0.00001395
18864,0.000105,5.159144e-11,0.00001158
18865,0.000091,5.153151e-11,0.00000995
18866,0.000097,5.150191e-11,0.00001881
18867,0.000093,5.141631e-11,0.00001503
18868,0.000093,5.134579e-11,0.00001232
18869,0.000097,5.128399e-11,0.00001045
18870,0.000092,5.127031e-11,0.00002048
18871,0.000092,5.117721e-11,0.00001624
18872,0.000099,5.110246e-11,0.00001318
18873,0.000098,5.103832e-11,0.00001103
18874,0.000100,5.098033e-11,0.00000957
18875,0.000093,5.094163e-11,0.00001760
18876,0.000098,5.086167e-11,0.00001415
18877,0.000092,5.079463e-11,0.00001170
18878,0.000092,5.073507e-11,0.00001002
18879,0.000099,5.071006e-11,0.00001913
18880,0.000093,5.062371e-11,0.00001525
18881,0.000094,5.055308e-11,0.00001247
18882,0.000099,5.049155e-11,0.00001053
18883,0.000095,5.048313e-11,0.00002085
18884,0.000097,5.038893e-11,0.00001649
18885,0.000109,5.031387e-11,0.00001335
18886,0.000097,5.024989e-11,0.00001113
18887,0.000092,5.019230e-11,0.00000962
18888,0.000102,5.015775e-11,0.00001789
18889,0.000093,5.007725e-11,0.00001434
18890,0.000095,5.001022e-11,0.00001182
18891,0.001396,4.995098e-11,0.00001008
18892,0.000082,4.993068e-11,0.00001946
18893,0.000072,4.984350e-11,0.00001548
18894,0.000092,4.977271e-11,0.00001262
18895,0.000090,4.971140e-11,0.00001062
18896,0.000087,4.970838e-11,0.00002122
18897,0.000088,4.961299e-11,0.00001676
18898,0.000089,4.953757e-11,0.00001352
18899,0.000094,4.947369e-11,0.00001124
18900,0.000090,4.941649e-11,0.00000968
18901,0.000091,4.938617e-11,0.00001819
18902,0.000095,4.930506e-11,0.00001455
18903,0.000101,4.923800e-11,0.00001195
18904,0.000100,4.917905e-11,0.00001016
18905,0.000113,4.916358e-11,0.00001981
18906,0.000102,4.907548e-11,0.00001572
18907,0.000102,4.900448e-11,0.00001277
18908,0.000105,4.894337e-11,0.00001071
18909,0.000093,4.888798e-11,0.00000932
18910,0.000104,4.884922e-11,0.00001703
18911,0.000100,4.877337e-11,0.00001370
18912,0.000095,4.870956e-11,0.00001135
18913,0.000108,4.865272e-11,0.00000974
18914,0.000102,4.862673e-11,0.00001850
18915,0.000097,4.854493e-11,0.00001476
18916,0.000094,4.847778e-11,0.00001209
18917,0.000094,4.841911e-11,0.00001023
18918,0.000101,4.840858e-11,0.00002016
18919,0.000093,4.831948e-11,0.00001596
18920,0.000095,4.824822e-11,0.00001293
18921,0.000100,4.818726e-11,0.00001081
18922,0.000095,4.813228e-11,0.00000936
18923,0.000117,4.809742e-11,0.00001731
18924,0.000123,4.802109e-11,0.00001390
18925,0.000116,4.795731e-11,0.00001147
18926,0.000115,4.790079e-11,0.00000980
18927,0.000131,4.787923e-11,0.00001882
18928,0.001789,4.779667e-11,0.00001498
18929,0.000088,4.772940e-11,0.00001223
18930,0.000081,4.767096e-11,0.00001032
18931,0.000101,4.766550e-11,0.00002052
18932,0.000095,4.757531e-11,0.00001621
18933,0.000090,4.750373e-11,0.00001310
18934,0.000090,4.744290e-11,0.00001091
18935,0.000109,4.738829e-11,0.00000941
18936,0.000090,4.735742e-11,0.00001760
18937,0.000091,4.728054e-11,0.00001409
18938,0.000097,4.721675e-11,0.00001160
18939,0.000090,4.716053e-11,0.00000987
18940,0.000094,4.714350e-11,0.00001915
18941,0.000096,4.706011e-11,0.00001521
18942,0.000094,4.699266e-11,0.00001238
18943,0.000091,4.693442e-11,0.00001040
18944,0.000094,4.693417e-11,0.00002089
18945,0.000111,4.684280e-11,0.00001648
18946,0.000095,4.677085e-11,0.00001328
18947,0.000099,4.671010e-11,0.00001102
18948,0.000098,4.665585e-11,0.00000947
18949,0.000092,4.662904e-11,0.00001790
18950,0.000094,4.655155e-11,0.00001430
18951,0.000099,4.648770e-11,0.00001173
18952,0.000093,4.643175e-11,0.00000994
18953,0.000094,4.641937e-11,0.00001949
18954,0.000099,4.633507e-11,0.00001545
18955,0.000094,4.626739e-11,0.00001254
18956,0.000107,4.620932e-11,0.00001049
18957,0.000100,4.615682e-11,0.00000911
18958,0.000095,4.612178e-11,0.00001675
18959,0.000096,4.604939e-11,0.00001346
18960,0.000103,4.598869e-11,0.00001113
18961,0.000096,4.593476e-11,0.00000953
18962,0.000094,4.591212e-11,0.00001821
18963,0.000096,4.583394e-11,0.00001451
18964,0.000100,4.576999e-11,0.00001186
18965,0.000100,4.571428e-11,0.00001002
18966,0.000162,4.570666e-11,0.00001984
18967,0.000133,4.562137e-11,0.00001569
18968,0.000100,4.555342e-11,0.00001270
18969,0.001510,4.549548e-11,0.00001059
18970,0.000075,4.544335e-11,0.00000916
18971,0.000085,4.541206e-11,0.00001703
18972,0.000085,4.533918e-11,0.00001365
18973,0.000087,4.527849e-11,0.00001125
18974,0.000087,4.522486e-11,0.00000960
18975,0.000097,4.520649e-11,0.00001852
18976,0.000099,4.512755e-11,0.00001473
18977,0.000104,4.506346e-11,0.00001200
18978,0.000230,4.500795e-11,0.00001010
18979,0.000209,4.500521e-11,0.00002020
18980,0.000122,4.491885e-11,0.00001594
18981,0.000116,4.485057e-11,0.00001287
18982,0.000107,4.479273e-11,0.00001069
18983,0.000171,4.474094e-11,0.00000921
18984,0.000173,4.471349e-11,0.00001731
18985,0.000146,4.464005e-11,0.00001385
18986,0.000153,4.457933e-11,0.00001137
18987,0.000112,4.452597e-11,0.00000966
18988,0.000157,4.451196e-11,0.00001885
18989,0.000108,4.443220e-11,0.00001495
18990,0.000117,4.436792e-11,0.00001215
18991,0.000154,4.431259e-11,0.00001019
18992,0.000113,4.426244e-11,0.00000886
18993,0.000103,4.422734e-11,0.00001620
18994,0.000109,4.415867e-11,0.00001304
18995,0.000097,4.410090e-11,0.00001080
18996,0.000098,4.404943e-11,0.00000927
18997,0.000103,4.402590e-11,0.00001761
18998,0.000097,4.395184e-11,0.00001405
18999,0.000102,4.389105e-11,0.00001150
19000,0.000114,4.383793e-11,0.00000974
19001,0.000096,4.382840e-11,0.00001918
19002,0.000094,4.374772e-11,0.00001519
19003,0.000102,4.368320e-11,0.00001231
19004,0.000096,4.362802e-11,0.00001028
19005,0.000095,4.357824e-11,0.00000891
19006,0.000102,4.354667e-11,0.00001647
19007,0.000101,4.347756e-11,0.00001322
19008,0.001615,4.341982e-11,0.00001092
19009,0.000083,4.336865e-11,0.00000933
19010,0.000127,4.334913e-11,0.00001791
19011,0.000126,4.327438e-11,0.00001426
19012,0.000104,4.321347e-11,0.00001164
19013,0.000099,4.316056e-11,0.00000982
19014,0.000102,4.315562e-11,0.00001952
19015,0.000092,4.307397e-11,0.00001543
19016,0.000096,4.300916e-11,0.00001247
19017,0.000099,4.295408e-11,0.00001038
19018,0.000092,4.290464e-11,0.00000896
19019,0.000095,4.287669e-11,0.00001675
19020,0.000102,4.280708e-11,0.00001341
19021,0.000099,4.274933e-11,0.00001103
19022,0.000098,4.269843e-11,0.00000939
19023,0.000099,4.268301e-11,0.00001822
19024,0.000094,4.260751e-11,0.00001448
19025,0.000095,4.254644e-11,0.00001178
19026,0.000109,4.249372e-11,0.00000990
19027,0.000093,4.249348e-11,0.00001988
19028,0.000095,4.241076e-11,0.00001568
19029,0.000098,4.234562e-11,0.00001263
19030,0.000093,4.229062e-11,0.00001048
19031,0.000092,4.224150e-11,0.00000901
19032,0.000095,4.221723e-11,0.00001703
19033,0.000100,4.214707e-11,0.00001360
19034,0.000094,4.208926e-11,0.00001116
19035,0.000100,4.203860e-11,0.00000946
19036,0.000120,4.202739e-11,0.00001855
19037,0.000173,4.195107e-11,0.00001470
19038,0.000166,4.188980e-11,0.00001193
19039,0.000195,4.183722e-11,0.00000999
19040,0.000197,4.178968e-11,0.00000867
19041,0.000164,4.175796e-11,0.00001594
19042,0.000189,4.169242e-11,0.00001281
19043,0.000165,4.163746e-11,0.00001059
19044,0.000137,4.158864e-11,0.00000907
19045,0.000120,4.156814e-11,0.00001732
19046,0.001501,4.149736e-11,0.00001381
19047,0.000078,4.143946e-11,0.00001129
19048,0.000088,4.138902e-11,0.00000954
19049,0.000091,4.138212e-11,0.00001888
19050,0.000110,4.130490e-11,0.00001493
19051,0.000094,4.124338e-11,0.00001208
19052,0.000094,4.119092e-11,0.00001008
19053,0.000094,4.114372e-11,0.00000871
19054,0.000096,4.111540e-11,0.00001620
19055,0.000091,4.104941e-11,0.00001299
19056,0.000091,4.099446e-11,0.00001070
19057,0.000099,4.094590e-11,0.00000913
19058,0.000101,4.092927e-11,0.00001762
19059,0.000095,4.085780e-11,0.00001401
19060,0.000099,4.079977e-11,0.00001142
19061,0.000094,4.074952e-11,0.00000961
19062,0.000093,4.074704e-11,0.00001922
19063,0.000099,4.066885e-11,0.00001517
19064,0.000093,4.060703e-11,0.00001224
19065,0.000101,4.055466e-11,0.00001018
19066,0.000098,4.050777e-11,0.00000876
19067,0.000094,4.048292e-11,0.00001647
19068,0.000094,4.041643e-11,0.00001317
19069,0.000105,4.036145e-11,0.00001082
19070,0.000106,4.031314e-11,0.00000920
19071,0.000101,4.030046e-11,0.00001793
19072,0.000108,4.022824e-11,0.00001423
19073,0.000104,4.017004e-11,0.00001156
19074,0.000100,4.011994e-11,0.00000970
19075,0.000096,4.007454e-11,0.00000843
19076,0.000103,4.004277e-11,0.00001542
19077,0.000097,3.998059e-11,0.00001241
19078,0.000097,3.992829e-11,0.00001028
19079,0.000107,3.988169e-11,0.00000882
19080,0.000106,3.986039e-11,0.00001675
19081,0.000105,3.979334e-11,0.00001337
19082,0.000105,3.973829e-11,0.00001095
19083,0.001477,3.969020e-11,0.00000927
19084,0.000083,3.968157e-11,0.00001825
19085,0.000082,3.960853e-11,0.00001445
19086,0.000117,3.955011e-11,0.00001171
19087,0.000125,3.950015e-11,0.00000979
19088,0.000115,3.945508e-11,0.00000848
19089,0.000177,3.942650e-11,0.00001567
19090,0.000246,3.936393e-11,0.00001258
19091,0.000133,3.931165e-11,0.00001039
19092,0.000156,3.926532e-11,0.00000888
19093,0.000119,3.924765e-11,0.00001704
19094,0.000112,3.917997e-11,0.00001357
19095,0.000114,3.912483e-11,0.00001108
19096,0.000119,3.907692e-11,0.00000934
19097,0.000112,3.907245e-11,0.00001858
19098,0.000103,3.899852e-11,0.00001468
19099,0.000095,3.893984e-11,0.00001186
19100,0.000095,3.888998e-11,0.00000988
19101,0.000099,3.884522e-11,0.00000852
19102,0.000102,3.881991e-11,0.00001593
19103,0.000095,3.875689e-11,0.00001276
19104,0.000097,3.870459e-11,0.00001050
19105,0.000096,3.865851e-11,0.00000894
19106,0.000095,3.864455e-11,0.00001734
19107,0.000094,3.857620e-11,0.00001377
19108,0.000100,3.852091e-11,0.00001121
19109,0.000095,3.847317e-11,0.00000942
19110,0.000097,3.847296e-11,0.00001891
19111,0.000100,3.839807e-11,0.00001492
19112,0.000095,3.833908e-11,0.00001202
19113,0.000097,3.828929e-11,0.00000998
19114,0.000101,3.824481e-11,0.00000857
19115,0.000096,3.822285e-11,0.00001620
19116,0.000097,3.815932e-11,0.00001294
19117,0.000104,3.810698e-11,0.00001062
19118,0.000096,3.806111e-11,0.00000900
19119,0.000097,3.805097e-11,0.00001765
19120,0.000102,3.798187e-11,0.00001399
19121,0.001639,3.792639e-11,0.00001135
19122,0.000081,3.787879e-11,0.00000950
19123,0.000104,3.783575e-11,0.00000825
19124,0.000101,3.780703e-11,0.00001516
19125,0.000098,3.774769e-11,0.00001219
19126,0.000102,3.769793e-11,0.00001008
19127,0.000108,3.765372e-11,0.00000863
19128,0.000101,3.763517e-11,0.00001648
19129,0.000097,3.757108e-11,0.00001314
19130,0.000097,3.751866e-11,0.00001074
19131,0.000094,3.747299e-11,0.00000907
19132,0.000095,3.746675e-11,0.00001796
19133,0.000101,3.739683e-11,0.00001421
19134,0.000096,3.734113e-11,0.00001150
19135,0.000094,3.729364e-11,0.00000959
19136,0.000098,3.725090e-11,0.00000829
19137,0.000093,3.722526e-11,0.00001541
19138,0.000095,3.716551e-11,0.00001236
19139,0.000102,3.711577e-11,0.00001019
19140,0.000101,3.707180e-11,0.00000869
19141,0.000095,3.705674e-11,0.00001677
19142,0.000101,3.699203e-11,0.00001333
19143,0.000094,3.693950e-11,0.00001087
19144,0.000093,3.689400e-11,0.00000915
19145,0.000094,3.689176e-11,0.00001829
19146,0.000099,3.682096e-11,0.00001444
19147,0.000097,3.676499e-11,0.00001165
19148,0.000100,3.671758e-11,0.00000968
19149,0.000120,3.667513e-11,0.00000834
19150,0.000172,3.665263e-11,0.00001567
19151,0.000150,3.659243e-11,0.00001254
19152,0.000136,3.654265e-11,0.00001030
19153,0.000243,3.649891e-11,0.00000875
19154,0.000171,3.648743e-11,0.00001706
19155,0.000168,3.642204e-11,0.00001354
19156,0.000120,3.636935e-11,0.00001100
19157,0.000101,3.632399e-11,0.00000923
19158,0.001457,3.628289e-11,0.00000803
19159,0.000077,3.625412e-11,0.00001467
19160,0.000073,3.619783e-11,0.00001181
19161,0.000090,3.615047e-11,0.00000978
19162,0.000086,3.610828e-11,0.00000839
19163,0.000091,3.608899e-11,0.00001594
19164,0.000088,3.602829e-11,0.00001272
19165,0.000089,3.597845e-11,0.00001042
19166,0.000092,3.593491e-11,0.00000882
19167,0.000089,3.592710e-11,0.00001737
19168,0.000092,3.586097e-11,0.00001375
19169,0.000094,3.580808e-11,0.00001114
19170,0.000093,3.576284e-11,0.00000931
19171,0.000091,3.572203e-11,0.00000807
19172,0.000093,3.569616e-11,0.00001491
19173,0.000097,3.563951e-11,0.00001197
19174,0.000090,3.559217e-11,0.00000988
19175,0.000092,3.555023e-11,0.00000845
19176,0.000099,3.553423e-11,0.00001622
19177,0.000098,3.547296e-11,0.00001291
19178,0.000095,3.542303e-11,0.00001054
19179,0.000110,3.537966e-11,0.00000889
19180,0.000110,3.537561e-11,0.00001768
19181,0.000099,3.530867e-11,0.00001397
19182,0.000107,3.525555e-11,0.00001129
19183,0.000097,3.521040e-11,0.00000940
19184,0.000093,3.516987e-11,0.00000811
19185,0.000101,3.514696e-11,0.00001516
19186,0.000095,3.508990e-11,0.00001214
19187,0.000096,3.504256e-11,0.00000999
19188,0.000103,3.500083e-11,0.00000850
19189,0.000098,3.498820e-11,0.00001650
19190,0.000100,3.492631e-11,0.00001311
19191,0.000095,3.487625e-11,0.00001067
19192,0.000098,3.483303e-11,0.00000896
19193,0.000094,3.483284e-11,0.00001800
19194,0.000093,3.476503e-11,0.00001419
19195,0.000098,3.471163e-11,0.00001144
19196,0.000097,3.466654e-11,0.00000949
19197,0.001471,3.462628e-11,0.00000816
19198,0.000075,3.460639e-11,0.00001542
19199,0.000074,3.454887e-11,0.00001232
19200,0.000093,3.450149e-11,0.00001010
19201,0.000086,3.445996e-11,0.00000857
19202,0.000094,3.445077e-11,0.00001679
19203,0.000132,3.438821e-11,0.00001331
19204,0.000133,3.433798e-11,0.00001080
19205,0.000116,3.429488e-11,0.00000904
19206,0.000115,3.425591e-11,0.00000785
19207,0.000162,3.422991e-11,0.00001443
19208,0.000192,3.417619e-11,0.00001160
19209,0.000158,3.413114e-11,0.00000959
19210,0.000144,3.409111e-11,0.00000821
19211,0.000141,3.407432e-11,0.00001568
19212,0.000131,3.401629e-11,0.00001250
19213,0.000156,3.396883e-11,0.00001022
19214,0.000099,3.392748e-11,0.00000863
19215,0.000096,3.392183e-11,0.00001709
19216,0.000112,3.385853e-11,0.00001352
19217,0.000094,3.380810e-11,0.00001094
19218,0.000092,3.376510e-11,0.00000912
19219,0.000097,3.372641e-11,0.00000789
19220,0.000091,3.370319e-11,0.00001467
19221,0.000091,3.364910e-11,0.00001176
19222,0.000095,3.360406e-11,0.00000969
19223,0.000091,3.356425e-11,0.00000827
19224,0.000091,3.355062e-11,0.00001596
19225,0.000097,3.349203e-11,0.00001269
19226,0.000092,3.344447e-11,0.00001034
19227,0.000092,3.340327e-11,0.00000870
19228,0.000093,3.340124e-11,0.00001740
19229,0.000100,3.333715e-11,0.00001374
19230,0.000094,3.328647e-11,0.00001108
19231,0.000095,3.324354e-11,0.00000921
19232,0.000099,3.320511e-11,0.00000793
19233,0.000093,3.318474e-11,0.00001491
19234,0.000099,3.313023e-11,0.00001193
19235,0.000099,3.308517e-11,0.00000980
19236,0.000095,3.304556e-11,0.00000833
19237,0.000097,3.303517e-11,0.00001624
19238,0.001530,3.297597e-11,0.00001288
19239,0.000079,3.292826e-11,0.00001047
19240,0.000090,3.288720e-11,0.00000878
19241,0.000085,3.284998e-11,0.00000764
19242,0.000092,3.282393e-11,0.00001396
19243,0.000089,3.277297e-11,0.00001123
19244,0.000089,3.273009e-11,0.00000931
19245,0.000093,3.269189e-11,0.00000798
19246,0.000091,3.267443e-11,0.00001517
19247,0.000089,3.261947e-11,0.00001210
19248,0.000091,3.257435e-11,0.00000991
19249,0.000095,3.253492e-11,0.00000839
19250,0.000091,3.252785e-11,0.00001652
19251,0.000091,3.246798e-11,0.00001308
19252,0.000097,3.242009e-11,0.00001060
19253,0.000092,3.237914e-11,0.00000886
19254,0.000090,3.234219e-11,0.00000768
19255,0.000099,3.231877e-11,0.00001419
19256,0.000100,3.226748e-11,0.00001139
19257,0.000092,3.222462e-11,0.00000940
19258,0.000097,3.218664e-11,0.00000804
19259,0.000092,3.217216e-11,0.00001543
19260,0.000092,3.211668e-11,0.00001228
19261,0.000098,3.207148e-11,0.00001003
19262,0.000092,3.203221e-11,0.00000846
19263,0.000092,3.202855e-11,0.00001682
19264,0.000098,3.196794e-11,0.00001329
19265,0.000094,3.191984e-11,0.00001074
19266,0.000106,3.187897e-11,0.00000894
19267,0.000097,3.184227e-11,0.00000772
19268,0.000106,3.182153e-11,0.00001443
19269,0.000120,3.176987e-11,0.00001155
19270,0.000123,3.172700e-11,0.00000951
19271,0.000120,3.168923e-11,0.00000809
19272,0.000122,3.167779e-11,0.00001570
19273,0.000122,3.162176e-11,0.00001247
19274,0.000340,3.157643e-11,0.00001015
19275,0.000141,3.153730e-11,0.00000853
19276,0.000171,3.153713e-11,0.00001713
19277,0.001645,3.147574e-11,0.00001351
19278,0.000085,3.142739e-11,0.00001088
19279,0.000094,3.138657e-11,0.00000903
19280,0.000091,3.135011e-11,0.00000776
19281,0.000096,3.133211e-11,0.00001467
19282,0.000096,3.128003e-11,0.00001172
19283,0.000093,3.123713e-11,0.00000961
19284,0.000095,3.119953e-11,0.00000815
19285,0.000093,3.119121e-11,0.00001598
19286,0.000093,3.113457e-11,0.00001266
19287,0.000098,3.108909e-11,0.00001028
19288,0.000094,3.105007e-11,0.00000860
19289,0.000102,3.101479e-11,0.00000747
19290,0.000109,3.099125e-11,0.00001373
19291,0.000101,3.094261e-11,0.00001103
19292,0.000102,3.090182e-11,0.00000912
19293,0.000107,3.086558e-11,0.00000781
19294,0.000096,3.085038e-11,0.00001492
19295,0.000099,3.079784e-11,0.00001189
19296,0.000105,3.075487e-11,0.00000972
19297,0.000100,3.071743e-11,0.00000822
19298,0.000097,3.071232e-11,0.00001626
19299,0.000100,3.065501e-11,0.00001286
19300,0.000109,3.060934e-11,0.00001041
19301,0.000102,3.057041e-11,0.00000868
19302,0.000096,3.053538e-11,0.00000751
19303,0.000100,3.051436e-11,0.00001396
19304,0.000095,3.046539e-11,0.00001119
19305,0.000097,3.042461e-11,0.00000922
19306,0.000103,3.038857e-11,0.00000787
19307,0.000097,3.037623e-11,0.00001518
19308,0.000097,3.032318e-11,0.00001207
19309,0.000107,3.028012e-11,0.00000984
19310,0.000094,3.024282e-11,0.00000828
19311,0.000097,3.024099e-11,0.00001656
19312,0.000102,3.018295e-11,0.00001307
19313,0.000098,3.013707e-11,0.00001055
19314,0.000095,3.009821e-11,0.00000877
19315,0.000099,3.006341e-11,0.00000755
19316,0.000104,3.004496e-11,0.00001419
19317,0.001516,2.999562e-11,0.00001135
19318,0.000085,2.995481e-11,0.00000932
19319,0.000145,2.991896e-11,0.00000792
19320,0.000130,2.990955e-11,0.00001545
19321,0.000117,2.985595e-11,0.00001226
19322,0.000127,2.981275e-11,0.00000996
19323,0.000119,2.977557e-11,0.00000835
19324,0.000111,2.974188e-11,0.00000727
19325,0.000228,2.971830e-11,0.00001328
19326,0.000139,2.967215e-11,0.00001069
19327,0.000121,2.963333e-11,0.00000885
19328,0.000112,2.959875e-11,0.00000760
19329,0.000118,2.958294e-11,0.00001443
19330,0.000102,2.953318e-11,0.00001152
19331,0.000100,2.949233e-11,0.00000943
19332,0.000098,2.945663e-11,0.00000798
19333,0.000103,2.945023e-11,0.00001572
19334,0.000099,2.939602e-11,0.00001245
19335,0.000120,2.935267e-11,0.00001009
19336,0.000134,2.931558e-11,0.00000843
19337,0.000127,2.928213e-11,0.00000730
19338,0.000131,2.926093e-11,0.00001350
19339,0.000100,2.921449e-11,0.00001084
19340,0.000099,2.917569e-11,0.00000895
19341,0.000172,2.914130e-11,0.00000765
19342,0.000103,2.912819e-11,0.00001468
19343,0.000103,2.907796e-11,0.00001169
19344,0.000105,2.903704e-11,0.00000954
19345,0.000093,2.900148e-11,0.00000805
19346,0.000097,2.899817e-11,0.00001601
19347,0.000102,2.894330e-11,0.00001265
19348,0.000098,2.889975e-11,0.00001022
19349,0.000101,2.886274e-11,0.00000851
19350,0.000100,2.882952e-11,0.00000734
19351,0.000110,2.881074e-11,0.00001373
19352,0.000105,2.876396e-11,0.00001099
19353,0.000108,2.872515e-11,0.00000904
19354,0.000109,2.869095e-11,0.00000770
19355,0.001571,2.868060e-11,0.00001494
19356,0.000083,2.862986e-11,0.00001187
19357,0.000076,2.858883e-11,0.00000966
19358,0.000096,2.855340e-11,0.00000811
19359,0.000088,2.855325e-11,0.00001630
19360,0.000088,2.849766e-11,0.00001285
19361,0.000093,2.845388e-11,0.00001036
19362,0.000090,2.841693e-11,0.00000859
19363,0.000089,2.838392e-11,0.00000739
19364,0.000095,2.836762e-11,0.00001396
19365,0.000090,2.832047e-11,0.00001115
19366,0.000090,2.828163e-11,0.00000915
19367,0.000096,2.824759e-11,0.00000776
19368,0.000091,2.824006e-11,0.00001520
19369,0.000093,2.818877e-11,0.00001205
19370,0.000105,2.814760e-11,0.00000978
19371,0.000092,2.811227e-11,0.00000819
19372,0.000092,2.808033e-11,0.00000711
19373,0.000099,2.805901e-11,0.00001306
19374,0.000099,2.801497e-11,0.00001050
19375,0.000092,2.797805e-11,0.00000868
19376,0.000091,2.794524e-11,0.00000743
19377,0.000099,2.793147e-11,0.00001420
19378,0.000092,2.788390e-11,0.00001132
19379,0.000092,2.784500e-11,0.00000925
19380,0.000098,2.781110e-11,0.00000782
19381,0.000100,2.780647e-11,0.00001547
19382,0.000122,2.775458e-11,0.00001224
19383,0.000145,2.771324e-11,0.00000990
19384,0.000153,2.767800e-11,0.00000826
19385,0.000126,2.764628e-11,0.00000714
19386,0.000137,2.762725e-11,0.00001328
19387,0.000110,2.758291e-11,0.00001065
19388,0.000104,2.754598e-11,0.00000877
19389,0.000137,2.751335e-11,0.00000748
19390,0.000187,2.750218e-11,0.00001445
19391,0.000143,2.745416e-11,0.00001149
19392,0.000156,2.741516e-11,0.00000936
19393,0.001586,2.738140e-11,0.00000788
19394,0.000084,2.737974e-11,0.00001575
19395,0.000081,2.732719e-11,0.00001244
19396,0.000115,2.728565e-11,0.00001004
19397,0.000102,2.725046e-11,0.00000834
19398,0.000096,2.721896e-11,0.00000718
19399,0.000095,2.720226e-11,0.00001350
19400,0.000096,2.715758e-11,0.00001080
19401,0.000097,2.712064e-11,0.00000887
19402,0.000093,2.708818e-11,0.00000754
19403,0.000097,2.707966e-11,0.00001470
19404,0.000102,2.703113e-11,0.00001166
19405,0.000102,2.699202e-11,0.00000948
19406,0.000099,2.695836e-11,0.00000795
19407,0.000106,2.692785e-11,0.00000691
19408,0.000098,2.690650e-11,0.00001264
19409,0.000097,2.686472e-11,0.00001017
19410,0.000099,2.682958e-11,0.00000843
19411,0.000094,2.679827e-11,0.00000723
19412,0.000103,2.678395e-11,0.00001373
19413,0.000100,2.673890e-11,0.00001096
19414,0.000097,2.670191e-11,0.00000897
19415,0.000096,2.666959e-11,0.00000760
19416,0.000098,2.666380e-11,0.00001496
19417,0.000094,2.661472e-11,0.00001185
19418,0.000097,2.657547e-11,0.00000960
19419,0.000097,2.654189e-11,0.00000802
19420,0.000099,2.651160e-11,0.00000695
19421,0.000096,2.649241e-11,0.00001285
19422,0.000096,2.645036e-11,0.00001031
19423,0.000102,2.641523e-11,0.00000851
19424,0.000097,2.638410e-11,0.00000728
19425,0.000098,2.637223e-11,0.00001397
19426,0.000102,2.632675e-11,0.00001112
19427,0.000097,2.628970e-11,0.00000908
19428,0.000097,2.625751e-11,0.00000766
19429,0.000102,2.625451e-11,0.00001523
19430,0.000104,2.620483e-11,0.00001203
19431,0.000098,2.616540e-11,0.00000972
19432,0.001541,2.613189e-11,0.00000810
19433,0.000123,2.610181e-11,0.00000699
19434,0.000129,2.608481e-11,0.00001306
19435,0.000126,2.604246e-11,0.00001046
19436,0.000127,2.600733e-11,0.00000861
19437,0.000113,2.597636e-11,0.00000733
19438,0.000153,2.596698e-11,0.00001422
19439,0.000287,2.592105e-11,0.00001129
19440,0.000185,2.588390e-11,0.00000919
19441,0.000159,2.585182e-11,0.00000772
19442,0.000149,2.585168e-11,0.00001551
19443,0.000144,2.580136e-11,0.00001223
19444,0.000147,2.576172e-11,0.00000986
19445,0.000102,2.572826e-11,0.00000818
19446,0.000102,2.569838e-11,0.00000703
19447,0.000103,2.568362e-11,0.00001328
19448,0.000094,2.564093e-11,0.00001061
19449,0.000094,2.560576e-11,0.00000870
19450,0.000104,2.557494e-11,0.00000738
19451,0.000098,2.556813e-11,0.00001447
19452,0.000092,2.552169e-11,0.00001147
19453,0.000102,2.548442e-11,0.00000930
19454,0.000096,2.545243e-11,0.00000779
19455,0.000102,2.542351e-11,0.00000676
19456,0.000101,2.540421e-11,0.00001243
19457,0.000105,2.536434e-11,0.00000999
19458,0.000099,2.533090e-11,0.00000826
19459,0.000097,2.530120e-11,0.00000707
19460,0.000105,2.528874e-11,0.00001351
19461,0.000100,2.524567e-11,0.00001077
19462,0.000097,2.521045e-11,0.00000880
19463,0.000102,2.517976e-11,0.00000744
19464,0.000099,2.517557e-11,0.00001472
19465,0.000100,2.512859e-11,0.00001165
19466,0.000110,2.509115e-11,0.00000942
19467,0.000102,2.505924e-11,0.00000786
19468,0.000096,2.503053e-11,0.00000680
19469,0.001531,2.501330e-11,0.00001264
19470,0.000079,2.497315e-11,0.00001013
19471,0.000079,2.493972e-11,0.00000835
19472,0.000098,2.491018e-11,0.00000712
19473,0.000097,2.490007e-11,0.00001375
19474,0.000094,2.485658e-11,0.00001093
19475,0.000092,2.482128e-11,0.00000891
19476,0.000096,2.479071e-11,0.00000750
19477,0.000092,2.478921e-11,0.00001499
19478,0.000094,2.474163e-11,0.00001183
19479,0.000098,2.470402e-11,0.00000955
19480,0.000092,2.467216e-11,0.00000794
19481,0.000093,2.464364e-11,0.00000684
19482,0.000098,2.462852e-11,0.00001285
19483,0.000095,2.458807e-11,0.00001028
19484,0.000094,2.455462e-11,0.00000844
19485,0.000092,2.452523e-11,0.00000717
19486,0.000097,2.451752e-11,0.00001399
19487,0.000095,2.447358e-11,0.00001110
19488,0.000101,2.443817e-11,0.00000902
19489,0.000102,2.440770e-11,0.00000756
19490,0.000094,2.438007e-11,0.00000658
19491,0.000095,2.436075e-11,0.00001203
19492,0.000100,2.432292e-11,0.00000968
19493,0.000097,2.429110e-11,0.00000802
19494,0.000110,2.426275e-11,0.00000688
19495,0.000136,2.424979e-11,0.00001307
19496,0.000178,2.420900e-11,0.00001043
19497,0.000169,2.417551e-11,0.00000854
19498,0.000136,2.414625e-11,0.00000723
19499,0.000123,2.414101e-11,0.00001424
19500,0.000118,2.409657e-11,0.00001127
19501,0.000176,2.406103e-11,0.00000913
19502,0.000200,2.403063e-11,0.00000763
19503,0.000143,2.400321e-11,0.00000661
19504,0.000128,2.398583e-11,0.00001222
19505,0.000111,2.394776e-11,0.00000981
19506,0.000109,2.391596e-11,0.00000810
19507,0.001595,2.388777e-11,0.00000692
19508,0.000080,2.387702e-11,0.00001329
19509,0.000094,2.383585e-11,0.00001058
19510,0.000094,2.380230e-11,0.00000864
19511,0.000098,2.377316e-11,0.00000728
19512,0.000095,2.377044e-11,0.00001449
19513,0.000095,2.372546e-11,0.00001145
19514,0.000090,2.368976e-11,0.00000925
19515,0.000098,2.365943e-11,0.00000770
19516,0.000092,2.363219e-11,0.00000665
19517,0.000093,2.361680e-11,0.00001243
19518,0.000097,2.357846e-11,0.00000995
19519,0.000094,2.354664e-11,0.00000819
19520,0.000093,2.351861e-11,0.00000697
19521,0.000100,2.351012e-11,0.00001353
19522,0.000095,2.346853e-11,0.00001074
19523,0.000093,2.343490e-11,0.00000874
19524,0.000098,2.340585e-11,0.00000735
19525,0.000096,2.340573e-11,0.00001475
19526,0.000102,2.336016e-11,0.00001164
19527,0.000097,2.332428e-11,0.00000938
19528,0.000096,2.329398e-11,0.00000778
19529,0.000093,2.326693e-11,0.00000669
19530,0.000099,2.325357e-11,0.00001264
19531,0.000094,2.321492e-11,0.00001010
19532,0.000095,2.318308e-11,0.00000828
19533,0.000095,2.315517e-11,0.00000702
19534,0.000101,2.314900e-11,0.00001376
19535,0.000096,2.310696e-11,0.00001091
19536,0.000096,2.307321e-11,0.00000885
19537,0.000105,2.304425e-11,0.00000741
19538,0.000148,2.301806e-11,0.00000643
19539,0.000105,2.300060e-11,0.00001183
19540,0.000103,2.296449e-11,0.00000951
19541,0.000098,2.293422e-11,0.00000786
19542,0.000095,2.290733e-11,0.00000673
19543,0.000103,2.289604e-11,0.00001286
19544,0.000097,2.285705e-11,0.00001025
19545,0.005849,2.282516e-11,0.00000838
19546,0.000098,2.279738e-11,0.00000708
19547,0.000134,2.279358e-11,0.00001401
19548,0.000299,2.275105e-11,0.00001108
19549,0.000302,2.271716e-11,0.00000897
19550,0.000301,2.268827e-11,0.00000748
19551,0.000327,2.266226e-11,0.00000647
19552,0.000310,2.264667e-11,0.00001202
19553,0.000295,2.261032e-11,0.00000964
19554,0.000342,2.258005e-11,0.00000794
19555,0.000296,2.255331e-11,0.00000678
19556,0.000306,2.254415e-11,0.00001308
19557,0.000335,2.250478e-11,0.00001040
19558,0.000460,2.247282e-11,0.00000848
19559,0.000551,2.244514e-11,0.00000714
19560,0.000538,2.244378e-11,0.00001426
19561,0.000342,2.240071e-11,0.00001126
19562,0.000329,2.236665e-11,0.00000909
19563,0.000410,2.233781e-11,0.00000755
19564,0.000381,2.231198e-11,0.00000650
19565,0.000320,2.229830e-11,0.00001223
19566,0.000349,2.226167e-11,0.00000978
19567,0.000298,2.223139e-11,0.00000803
19568,0.000317,2.220478e-11,0.00000682
19569,0.000302,2.219780e-11,0.00001331
19570,0.000344,2.215802e-11,0.00001056
19571,0.000304,2.212596e-11,0.00000858
19572,0.000311,2.209836e-11,0.00000720
19573,0.000345,2.207336e-11,0.00000626
19574,0.000302,2.205586e-11,0.00001144
19575,0.000316,2.202161e-11,0.00000921
19576,0.000419,2.199280e-11,0.00000763
19577,0.000446,2.196713e-11,0.00000654
19578,0.000305,2.195540e-11,0.00001243
19579,0.000381,2.191847e-11,0.00000992
19580,0.000311,2.188815e-11,0.00000812
19581,0.000336,2.186166e-11,0.00000688
19582,0.002273,2.185691e-11,0.00001355
19583,0.000137,2.181668e-11,0.00001073
19584,0.000093,2.178450e-11,0.00000869
19585,0.000110,2.175698e-11,0.00000726
19586,0.000110,2.173215e-11,0.00000629
19587,0.000100,2.171641e-11,0.00001163
19588,0.000100,2.168195e-11,0.00000934
19589,0.000107,2.165315e-11,0.00000771
19590,0.000092,2.162763e-11,0.00000659
19591,0.000096,2.161790e-11,0.00001265
19592,0.000100,2.158062e-11,0.00001007
19593,0.000095,2.155025e-11,0.00000822
19594,0.000096,2.152386e-11,0.00000693
19595,0.000099,2.152140e-11,0.00001379
19596,0.000101,2.148068e-11,0.00001090
19597,0.000102,2.144836e-11,0.00000880
19598,0.000095,2.142089e-11,0.00000733
19599,0.000099,2.139623e-11,0.00000633
19600,0.000096,2.138230e-11,0.00001183
19601,0.000102,2.134758e-11,0.00000947
19602,0.000101,2.131878e-11,0.00000779
19603,0.000094,2.129340e-11,0.00000663
19604,0.000095,2.128571e-11,0.00001287
19605,0.000102,2.124806e-11,0.00001022
19606,0.000096,2.121761e-11,0.00000832
19607,0.000101,2.119131e-11,0.00000699
19608,0.000103,2.119120e-11,0.00001404
19609,0.000097,2.114995e-11,0.00001107
19610,0.000096,2.111745e-11,0.00000892
19611,0.000105,2.109003e-11,0.00000740
19612,0.000097,2.106553e-11,0.00000636
19613,0.000100,2.105343e-11,0.00001203
19614,0.000105,2.101844e-11,0.00000961
19615,0.000097,2.098961e-11,0.00000788
19616,0.000096,2.096435e-11,0.00000668
19617,0.000105,2.095876e-11,0.00001310
19618,0.000109,2.092070e-11,0.00001038
19619,0.000105,2.089014e-11,0.00000842
19620,0.001570,2.086392e-11,0.00000705
19621,0.000096,2.084021e-11,0.00000612
19622,0.000078,2.082440e-11,0.00001125
19623,0.000099,2.079171e-11,0.00000905
19624,0.000096,2.076430e-11,0.00000748
19625,0.000258,2.073995e-11,0.00000640
19626,0.000131,2.072974e-11,0.00001223
19627,0.000113,2.069444e-11,0.00000975
19628,0.000200,2.066556e-11,0.00000797
19629,0.000141,2.064041e-11,0.00000673
19630,0.000103,2.063697e-11,0.00001333
19631,0.000106,2.059846e-11,0.00001055
19632,0.000115,2.056778e-11,0.00000853
19633,0.000126,2.054162e-11,0.00000712
19634,0.000143,2.051808e-11,0.00000615
19635,0.000131,2.050396e-11,0.00001144
19636,0.000148,2.047105e-11,0.00000917
19637,0.000130,2.044364e-11,0.00000756
19638,0.000130,2.041943e-11,0.00000645
19639,0.000153,2.041114e-11,0.00001245
19640,0.000130,2.037549e-11,0.00000990
19641,0.000100,2.034655e-11,0.00000807
19642,0.000095,2.032149e-11,0.00000679
19643,0.000093,2.032026e-11,0.00001357
19644,0.000093,2.028127e-11,0.00001071
19645,0.000098,2.025043e-11,0.00000865
19646,0.000091,2.022432e-11,0.00000719
19647,0.000091,2.020094e-11,0.00000619
19648,0.000097,2.018855e-11,0.00001163
19649,0.000091,2.015539e-11,0.00000930
19650,0.000093,2.012797e-11,0.00000764
19651,0.000099,2.010387e-11,0.00000649
19652,0.000103,2.009756e-11,0.00001266
19653,0.000094,2.006154e-11,0.00001005
19654,0.000098,2.003251e-11,0.00000817
19655,0.000093,2.000753e-11,0.00000685
19656,0.000093,1.998489e-11,0.00000596
19657,0.001412,1.996904e-11,0.00001089
19658,0.000077,1.993804e-11,0.00000876
19659,0.000072,1.991195e-11,0.00000726
19660,0.000088,1.988871e-11,0.00000623
19661,0.000086,1.987810e-11,0.00001183
19662,0.000092,1.984465e-11,0.00000944
19663,0.000090,1.981720e-11,0.00000773
19664,0.000088,1.979322e-11,0.00000654
19665,0.000095,1.978892e-11,0.00001289
19666,0.000091,1.975249e-11,0.00001021
19667,0.000090,1.972336e-11,0.00000827
19668,0.000097,1.969844e-11,0.00000691
19669,0.000089,1.967597e-11,0.00000599
19670,0.000100,1.966172e-11,0.00001107
19671,0.000093,1.963051e-11,0.00000888
19672,0.000098,1.960444e-11,0.00000733
19673,0.000091,1.958134e-11,0.00000627
19674,0.000092,1.957253e-11,0.00001204
19675,0.000096,1.953878e-11,0.00000958
19676,0.000098,1.951127e-11,0.00000782
19677,0.000093,1.948738e-11,0.00000660
19678,0.000097,1.948516e-11,0.00001312
19679,0.000093,1.944829e-11,0.00001037
19680,0.000093,1.941902e-11,0.00000838
19681,0.000098,1.939416e-11,0.00000698
19682,0.000092,1.937183e-11,0.00000602
19683,0.000093,1.935922e-11,0.00001125
19684,0.000099,1.932779e-11,0.00000901
19685,0.000092,1.930171e-11,0.00000741
19686,0.000092,1.927872e-11,0.00000631
19687,0.000099,1.927177e-11,0.00001225
19688,0.000094,1.923768e-11,0.00000973
19689,0.000095,1.921010e-11,0.00000792
19690,0.000093,1.918630e-11,0.00000665
19691,0.000111,1.918620e-11,0.00001336
19692,0.000109,1.914885e-11,0.00001054
19693,0.002355,1.911943e-11,0.00000849
19694,0.000107,1.909460e-11,0.00000704
19695,0.000103,1.907242e-11,0.00000606
19696,0.000099,1.906147e-11,0.00001144
19697,0.000104,1.902978e-11,0.00000914
19698,0.000096,1.900368e-11,0.00000750
19699,0.000094,1.898081e-11,0.00000636
19700,0.000093,1.897575e-11,0.00001246
19701,0.000099,1.894129e-11,0.00000988
19702,0.000095,1.891362e-11,0.00000802
19703,0.000113,1.888988e-11,0.00000671
19704,0.000105,1.886842e-11,0.00000582
19705,0.000098,1.885410e-11,0.00001071
19706,0.000097,1.882451e-11,0.00000861
19707,0.000101,1.879969e-11,0.00000712
19708,0.000095,1.877765e-11,0.00000609
19709,0.000097,1.876840e-11,0.00001164
19710,0.000106,1.873644e-11,0.00000928
19711,0.000097,1.871029e-11,0.00000758
19712,0.000094,1.868752e-11,0.00000641
19713,0.000101,1.868441e-11,0.00001269
19714,0.000097,1.864954e-11,0.00001003
19715,0.000096,1.862176e-11,0.00000812
19716,0.000101,1.859808e-11,0.00000677
19717,0.000106,1.857676e-11,0.00000586
19718,0.000098,1.856398e-11,0.00001089
19719,0.000096,1.853418e-11,0.00000873
19720,0.000101,1.850937e-11,0.00000719
19721,0.000107,1.848745e-11,0.00000614
19722,0.000106,1.847994e-11,0.00001184
19723,0.000103,1.844767e-11,0.00000942
19724,0.000099,1.842147e-11,0.00000768
19725,0.000097,1.839878e-11,0.00000646
19726,0.000118,1.839767e-11,0.00001291
19727,0.000102,1.836236e-11,0.00001019
19728,0.000099,1.833444e-11,0.00000823
19729,0.000103,1.831080e-11,0.00000684
19730,0.000096,1.828963e-11,0.00000589
19731,0.000095,1.827841e-11,0.00001107
19732,0.000103,1.824839e-11,0.00000885
19733,0.000273,1.822357e-11,0.00000727
19734,0.000310,1.820175e-11,0.00000618
19735,0.002128,1.819603e-11,0.00001205
19736,0.000210,1.816342e-11,0.00000956
19737,0.000128,1.813714e-11,0.00000777
19738,0.000184,1.811452e-11,0.00000652
19739,0.000128,1.809402e-11,0.00000567
19740,0.000132,1.807968e-11,0.00001036
19741,0.000139,1.805160e-11,0.00000834
19742,0.000131,1.802799e-11,0.00000691
19743,0.000136,1.800695e-11,0.00000593
19744,0.000117,1.799733e-11,0.00001126
19745,0.000097,1.796706e-11,0.00000898
19746,0.000098,1.794220e-11,0.00000736
19747,0.000097,1.792049e-11,0.00000623
19748,0.000092,1.791660e-11,0.00001226
19749,0.000092,1.788362e-11,0.00000971
19750,0.000098,1.785724e-11,0.00000787
19751,0.000092,1.783468e-11,0.00000658
19752,0.000089,1.781433e-11,0.00000570
19753,0.000108,1.780143e-11,0.00001053
19754,0.000098,1.777318e-11,0.00000845
19755,0.000093,1.774957e-11,0.00000698
19756,0.000090,1.772865e-11,0.00000596
19757,0.000097,1.772068e-11,0.00001145
19758,0.000091,1.769012e-11,0.00000912
19759,0.000092,1.766522e-11,0.00000744
19760,0.000095,1.764359e-11,0.00000628
19761,0.000092,1.764157e-11,0.00001248
19762,0.000093,1.760819e-11,0.00000987
19763,0.000098,1.758170e-11,0.00000797
19764,0.000093,1.755918e-11,0.00000664
19765,0.000091,1.753897e-11,0.00000573
19766,0.000100,1.752755e-11,0.00001071
19767,0.000094,1.749909e-11,0.00000857
19768,0.000093,1.747548e-11,0.00000705
19769,0.000101,1.745467e-11,0.00000601
19770,0.000094,1.744837e-11,0.00001165
19771,0.000094,1.741751e-11,0.00000926
19772,0.000098,1.739254e-11,0.00000753
19773,0.001446,1.737099e-11,0.00000633
19774,0.000076,1.737090e-11,0.00001271
19775,0.000073,1.733708e-11,0.00001002
19776,0.000098,1.731045e-11,0.00000808
19777,0.000092,1.728797e-11,0.00000670
19778,0.000091,1.726788e-11,0.00000576
19779,0.000089,1.725797e-11,0.00001089
19780,0.000089,1.722928e-11,0.00000870
19781,0.000094,1.720565e-11,0.00000713
19782,0.000089,1.718494e-11,0.00000605
19783,0.000090,1.718037e-11,0.00001186
19784,0.000095,1.714916e-11,0.00000940
19785,0.000092,1.712411e-11,0.00000763
19786,0.000092,1.710262e-11,0.00000639
19787,0.000097,1.708319e-11,0.00000554
19788,0.000101,1.707022e-11,0.00001019
19789,0.000093,1.704343e-11,0.00000819
19790,0.000091,1.702096e-11,0.00000677
19791,0.000098,1.700100e-11,0.00000580
19792,0.000098,1.699263e-11,0.00001108
19793,0.000093,1.696369e-11,0.00000883
19794,0.000097,1.694002e-11,0.00000722
19795,0.000096,1.691940e-11,0.00000610
19796,0.000112,1.691659e-11,0.00001207
19797,0.000119,1.688502e-11,0.00000955
19798,0.000110,1.685987e-11,0.00000773
19799,0.000190,1.683842e-11,0.00000644
19800,0.000167,1.681913e-11,0.00000557
19801,0.000151,1.680755e-11,0.00001036
19802,0.000138,1.678057e-11,0.00000830
19803,0.000218,1.675811e-11,0.00000684
19804,0.000210,1.673826e-11,0.00000584
19805,0.000222,1.673147e-11,0.00001127
19806,0.000192,1.670225e-11,0.00000896
19807,0.000114,1.667853e-11,0.00000730
19808,0.000106,1.665798e-11,0.00000615
19809,0.000101,1.665698e-11,0.00001229
19810,0.001493,1.662501e-11,0.00000970
19811,0.000078,1.659973e-11,0.00000783
19812,0.000078,1.657833e-11,0.00000651
19813,0.000098,1.655916e-11,0.00000560
19814,0.000094,1.654900e-11,0.00001053
19815,0.000092,1.652182e-11,0.00000842
19816,0.000096,1.649935e-11,0.00000692
19817,0.000118,1.647959e-11,0.00000588
19818,0.000092,1.647442e-11,0.00001147
19819,0.000097,1.644489e-11,0.00000910
19820,0.000092,1.642110e-11,0.00000739
19821,0.000096,1.640062e-11,0.00000620
19822,0.000100,1.638206e-11,0.00000539
19823,0.000094,1.636907e-11,0.00000986
19824,0.000095,1.634366e-11,0.00000793
19825,0.000100,1.632227e-11,0.00000657
19826,0.000092,1.630322e-11,0.00000564
19827,0.000096,1.629452e-11,0.00001071
19828,0.000102,1.626711e-11,0.00000855
19829,0.000102,1.624461e-11,0.00000700
19830,0.000094,1.622494e-11,0.00000592
19831,0.000097,1.622142e-11,0.00001167
19832,0.000102,1.619156e-11,0.00000924
19833,0.000096,1.616768e-11,0.00000749
19834,0.000097,1.614725e-11,0.00000626
19835,0.000103,1.612883e-11,0.00000542
19836,0.000097,1.611715e-11,0.00001002
19837,0.000097,1.609157e-11,0.00000804
19838,0.000103,1.607020e-11,0.00000664
19839,0.000098,1.605126e-11,0.00000567
19840,0.000099,1.604404e-11,0.00001090
19841,0.000103,1.601637e-11,0.00000868
19842,0.000097,1.599383e-11,0.00000708
19843,0.000095,1.597424e-11,0.00000597
19844,0.000115,1.597242e-11,0.00001188
19845,0.000100,1.594220e-11,0.00000939
19846,0.000097,1.591821e-11,0.00000759
19847,0.001995,1.589782e-11,0.00000632
19848,0.000432,1.587952e-11,0.00000545
19849,0.000159,1.586918e-11,0.00001019
19850,0.000183,1.584342e-11,0.00000816
19851,0.000170,1.582204e-11,0.00000671
19852,0.000155,1.580320e-11,0.00000571
19853,0.000122,1.579750e-11,0.00001109
19854,0.000105,1.576956e-11,0.00000881
19855,0.000104,1.574695e-11,0.00000717
19856,0.000092,1.572744e-11,0.00000602
19857,0.000094,1.572736e-11,0.00001209
19858,0.000098,1.569674e-11,0.00000954
19859,0.000095,1.567262e-11,0.00000769
19860,0.000095,1.565227e-11,0.00000638
19861,0.000102,1.563409e-11,0.00000548
19862,0.000094,1.562511e-11,0.00001036
19863,0.000095,1.559914e-11,0.00000828
19864,0.000101,1.557774e-11,0.00000679
19865,0.000093,1.555899e-11,0.00000576
19866,0.000101,1.555485e-11,0.00001128
19867,0.000098,1.552660e-11,0.00000894
19868,0.000096,1.550392e-11,0.00000726
19869,0.000095,1.548446e-11,0.00000608
19870,0.000099,1.546686e-11,0.00000527
19871,0.000094,1.545513e-11,0.00000970
19872,0.000095,1.543087e-11,0.00000779
19873,0.000095,1.541053e-11,0.00000644
19874,0.000098,1.539246e-11,0.00000552
19875,0.000096,1.538488e-11,0.00001054
19876,0.000095,1.535867e-11,0.00000840
19877,0.000105,1.533725e-11,0.00000687
19878,0.000097,1.531858e-11,0.00000580
19879,0.000097,1.531603e-11,0.00001149
19880,0.000101,1.528745e-11,0.00000908
19881,0.000097,1.526467e-11,0.00000735
19882,0.000095,1.524526e-11,0.00000613
19883,0.000100,1.522779e-11,0.00000530
19884,0.001457,1.521731e-11,0.00000986
19885,0.000076,1.519288e-11,0.00000790
19886,0.000088,1.517255e-11,0.00000651
19887,0.000093,1.515457e-11,0.00000555
19888,0.000095,1.514842e-11,0.00001072
19889,0.000094,1.512197e-11,0.00000853
19890,0.000097,1.510049e-11,0.00000695
19891,0.000092,1.508189e-11,0.00000585
19892,0.000094,1.508098e-11,0.00001169
19893,0.000098,1.505204e-11,0.00000923
19894,0.000093,1.502915e-11,0.00000745
19895,0.000093,1.500977e-11,0.00000619
19896,0.000093,1.499242e-11,0.00000533
19897,0.000101,1.498322e-11,0.00001002
19898,0.000096,1.495861e-11,0.00000802
19899,0.000098,1.493826e-11,0.00000658
19900,0.000119,1.492038e-11,0.00000559
19901,0.000116,1.491569e-11,0.00001091
19902,0.000104,1.488896e-11,0.00000866
19903,0.000184,1.486742e-11,0.00000704
19904,0.000222,1.484888e-11,0.00000590
19905,0.000187,1.483207e-11,0.00000513
19906,0.000165,1.482032e-11,0.00000938
19907,0.000180,1.479730e-11,0.00000755
19908,0.000279,1.477794e-11,0.00000625
19909,0.000211,1.476070e-11,0.00000536
19910,0.000182,1.475282e-11,0.00001019
19911,0.000150,1.472800e-11,0.00000813
19912,0.000148,1.470763e-11,0.00000666
19913,0.000148,1.468982e-11,0.00000564
19914,0.000140,1.468664e-11,0.00001110
19915,0.000151,1.465960e-11,0.00000879
19916,0.000156,1.463798e-11,0.00000712
19917,0.000141,1.461948e-11,0.00000595
19918,0.000099,1.460280e-11,0.00000516
19919,0.000101,1.459223e-11,0.00000954
19920,0.000094,1.456907e-11,0.00000765
19921,0.001474,1.454972e-11,0.00000632
19922,0.000086,1.453257e-11,0.00000540
19923,0.000091,1.452604e-11,0.00001037
19924,0.000092,1.450099e-11,0.00000825
19925,0.000099,1.448057e-11,0.00000674
19926,0.000092,1.446284e-11,0.00000568
19927,0.000094,1.446119e-11,0.00001130
19928,0.000096,1.443383e-11,0.00000893
19929,0.000095,1.441211e-11,0.00000722
19930,0.000093,1.439365e-11,0.00000601
19931,0.000092,1.437709e-11,0.00000519
19932,0.000099,1.436772e-11,0.00000969
19933,0.000094,1.434440e-11,0.00000776
19934,0.000096,1.432504e-11,0.00000639
19935,0.000098,1.430798e-11,0.00000544
19936,0.000094,1.430282e-11,0.00001055
19937,0.000096,1.427752e-11,0.00000838
19938,0.000102,1.425706e-11,0.00000682
19939,0.000093,1.423939e-11,0.00000573
19940,0.000098,1.423932e-11,0.00001151
19941,0.000101,1.421160e-11,0.00000908
19942,0.000095,1.418976e-11,0.00000731
19943,0.000097,1.417133e-11,0.00000607
19944,0.000099,1.415487e-11,0.00000522
19945,0.000098,1.414674e-11,0.00000986
19946,0.000097,1.412323e-11,0.00000788
19947,0.000101,1.410386e-11,0.00000646
19948,0.000097,1.408688e-11,0.00000548
19949,0.000098,1.408313e-11,0.00001074
19950,0.000097,1.405755e-11,0.00000851
19951,0.000103,1.403702e-11,0.00000691
19952,0.000095,1.401940e-11,0.00000578
19953,0.000097,1.400347e-11,0.00000502
19954,0.000175,1.399285e-11,0.00000923
19955,0.000121,1.397088e-11,0.00000741
19956,0.000106,1.395246e-11,0.00000613
19957,0.002155,1.393610e-11,0.00000525
19958,0.000088,1.392924e-11,0.00001003
19959,0.000107,1.390552e-11,0.00000799
19960,0.000091,1.388612e-11,0.00000653
19961,0.000095,1.386921e-11,0.00000552
19962,0.000094,1.386691e-11,0.00001093
19963,0.000091,1.384103e-11,0.00000864
19964,0.000094,1.382041e-11,0.00000699
19965,0.000089,1.380283e-11,0.00000583
19966,0.000093,1.378701e-11,0.00000504
19967,0.000096,1.377753e-11,0.00000938
19968,0.000089,1.375541e-11,0.00000752
19969,0.000092,1.373700e-11,0.00000620
19970,0.000095,1.372073e-11,0.00000529
19971,0.000092,1.371516e-11,0.00001020
19972,0.000092,1.369121e-11,0.00000811
19973,0.000097,1.367176e-11,0.00000661
19974,0.000090,1.365492e-11,0.00000557
19975,0.000093,1.365410e-11,0.00001113
19976,0.000106,1.362789e-11,0.00000878
19977,0.000097,1.360717e-11,0.00000709
19978,0.000092,1.358963e-11,0.00000589
19979,0.000091,1.357391e-11,0.00000507
19980,0.000097,1.356559e-11,0.00000954
19981,0.000094,1.354331e-11,0.00000763
19982,0.000099,1.352488e-11,0.00000627
19983,0.000104,1.350869e-11,0.00000532
19984,0.000093,1.350445e-11,0.00001038
19985,0.000095,1.348025e-11,0.00000824
19986,0.000098,1.346074e-11,0.00000669
19987,0.000094,1.344395e-11,0.00000561
19988,0.000092,1.342874e-11,0.00000488
19989,0.000098,1.341810e-11,0.00000893
19990,0.000094,1.339726e-11,0.00000718
19991,0.000096,1.337973e-11,0.00000595
19992,0.000098,1.336412e-11,0.00000510
19993,0.000092,1.335698e-11,0.00000970
19994,0.000092,1.333451e-11,0.00000774
19995,0.001395,1.331607e-11,0.00000634
19996,0.000073,1.329995e-11,0.00000536
19997,0.000088,1.329706e-11,0.00001057
19998,0.000085,1.327259e-11,0.00000837
19999,0.000092,1.325301e-11,0.00000678
20000,0.000088,1.323627e-11,0.00000566
20001,0.000087,1.322116e-11,0.00000491
20002,0.000100,1.321159e-11,0.00000907
20003,0.000102,1.319062e-11,0.00000728
20004,0.000094,1.317310e-11,0.00000601
20005,0.000092,1.315758e-11,0.00000514
20006,0.000102,1.315166e-11,0.00000987
20007,0.000096,1.312898e-11,0.00000785
20008,0.000095,1.311050e-11,0.00000641
20009,0.000098,1.309445e-11,0.00000541
20010,0.000092,1.309295e-11,0.00001076
20011,0.000094,1.306818e-11,0.00000850
20012,0.000109,1.304851e-11,0.00000687
20013,0.000161,1.303180e-11,0.00000572
20014,0.000152,1.301680e-11,0.00000493
20015,0.000151,1.300833e-11,0.00000923
20016,0.000145,1.298721e-11,0.00000739
20017,0.000107,1.296968e-11,0.00000608
20018,0.000108,1.295424e-11,0.00000517
20019,0.000108,1.294957e-11,0.00001004
20020,0.000104,1.292666e-11,0.00000797
20021,0.000191,1.290813e-11,0.00000649
20022,0.000180,1.289213e-11,0.00000545
20023,0.000115,1.289207e-11,0.00001095
20024,0.000103,1.286697e-11,0.00000864
20025,0.000102,1.284720e-11,0.00000696
20026,0.000099,1.283052e-11,0.00000577
20027,0.000096,1.281561e-11,0.00000496
20028,0.000103,1.280825e-11,0.00000938
20029,0.000096,1.278696e-11,0.00000749
20030,0.000093,1.276943e-11,0.00000615
20031,0.000096,1.275406e-11,0.00000521
20032,0.001386,1.275066e-11,0.00001022
20033,0.000073,1.272750e-11,0.00000810
20034,0.000089,1.270891e-11,0.00000657
20035,0.000085,1.269296e-11,0.00000550
20036,0.000085,1.267854e-11,0.00000477
20037,0.000088,1.266892e-11,0.00000878
20038,0.000094,1.264903e-11,0.00000706
20039,0.000088,1.263236e-11,0.00000583
20040,0.000088,1.261754e-11,0.00000500
20041,0.000093,1.261133e-11,0.00000954
20042,0.000090,1.258985e-11,0.00000760
20043,0.000096,1.257228e-11,0.00000622
20044,0.000095,1.255698e-11,0.00000525
20045,0.000136,1.255489e-11,0.00001040
20046,0.000106,1.253146e-11,0.00000823
20047,0.000098,1.251279e-11,0.00000666
20048,0.000093,1.249688e-11,0.00000555
20049,0.000092,1.248256e-11,0.00000480
20050,0.000099,1.247397e-11,0.00000892
20051,0.000100,1.245395e-11,0.00000715
20052,0.000092,1.243728e-11,0.00000590
20053,0.000096,1.242254e-11,0.00000503
20054,0.000096,1.241750e-11,0.00000971
20055,0.000096,1.239582e-11,0.00000772
20056,0.000094,1.237821e-11,0.00000629
20057,0.000096,1.236296e-11,0.00000530
20058,0.000093,1.236222e-11,0.00001059
20059,0.000095,1.233849e-11,0.00000836
20060,0.000100,1.231973e-11,0.00000674
20061,0.000094,1.230385e-11,0.00000561
20062,0.000092,1.228962e-11,0.00000483
20063,0.000098,1.228209e-11,0.00000907
20064,0.000106,1.226191e-11,0.00000726
20065,0.000093,1.224523e-11,0.00000596
20066,0.000105,1.223057e-11,0.00000507
20067,0.000111,1.222673e-11,0.00000988
20068,0.001636,1.220482e-11,0.00000784
20069,0.000094,1.218716e-11,0.00000637
20070,0.000086,1.217196e-11,0.00000534
20071,0.000102,1.215818e-11,0.00000465
20072,0.000191,1.214855e-11,0.00000849
20073,0.000134,1.212968e-11,0.00000684
20074,0.000166,1.211381e-11,0.00000566
20075,0.000119,1.209967e-11,0.00000486
20076,0.000123,1.209322e-11,0.00000923
20077,0.000108,1.207287e-11,0.00000736
20078,0.000108,1.205617e-11,0.00000603
20079,0.000099,1.204158e-11,0.00000510
20080,0.000097,1.203897e-11,0.00001005
20081,0.000108,1.201680e-11,0.00000796
20082,0.000097,1.199908e-11,0.00000645
20083,0.000097,1.198392e-11,0.00000539
20084,0.000094,1.197024e-11,0.00000467
20085,0.000099,1.196158e-11,0.00000863
20086,0.000094,1.194259e-11,0.00000693
20087,0.000101,1.192673e-11,0.00000572
20088,0.000099,1.191267e-11,0.00000489
20089,0.000095,1.190732e-11,0.00000939
20090,0.000096,1.188678e-11,0.00000747
20091,0.000098,1.187005e-11,0.00000610
20092,0.000093,1.185552e-11,0.00000514
20093,0.000094,1.185417e-11,0.00001023
20094,0.000101,1.183173e-11,0.00000809
20095,0.000095,1.181393e-11,0.00000654
20096,0.000094,1.179880e-11,0.00000544
20097,0.000100,1.178522e-11,0.00000470
20098,0.000099,1.177755e-11,0.00000878
20099,0.000095,1.175842e-11,0.00000703
20100,0.000104,1.174256e-11,0.00000578
20101,0.000095,1.172858e-11,0.00000492
20102,0.000095,1.172435e-11,0.00000955
20103,0.000098,1.170361e-11,0.00000759
20104,0.000101,1.168683e-11,0.00000618
20105,0.000110,1.167235e-11,0.00000519
20106,0.001463,1.167229e-11,0.00001042
20107,0.000078,1.164956e-11,0.00000822
20108,0.000091,1.163167e-11,0.00000662
20109,0.000094,1.161656e-11,0.00000550
20110,0.000097,1.160307e-11,0.00000472
20111,0.000094,1.159641e-11,0.00000893
20112,0.000096,1.157713e-11,0.00000713
20113,0.000098,1.156125e-11,0.00000585
20114,0.000154,1.154733e-11,0.00000496
20115,0.000151,1.154426e-11,0.00000972
20116,0.000106,1.152329e-11,0.00000771
20117,0.000107,1.150646e-11,0.00000625
20118,0.000104,1.149202e-11,0.00000523
20119,0.000107,1.147896e-11,0.00000454
20120,0.000099,1.147025e-11,0.00000835
20121,0.000115,1.145224e-11,0.00000671
20122,0.000108,1.143715e-11,0.00000555
20123,0.000098,1.142374e-11,0.00000475
20124,0.000101,1.141811e-11,0.00000908
20125,0.000111,1.139867e-11,0.00000724
20126,0.000105,1.138276e-11,0.00000592
20127,0.000095,1.136890e-11,0.00000500
20128,0.000094,1.136702e-11,0.00000989
20129,0.000136,1.134580e-11,0.00000783
20130,0.000131,1.132890e-11,0.00000633
20131,0.000115,1.131449e-11,0.00000528
20132,0.000135,1.130152e-11,0.00000457
20133,0.000117,1.129375e-11,0.00000849
20134,0.000118,1.127562e-11,0.00000681
20135,0.000127,1.126053e-11,0.00000561
20136,0.000229,1.124719e-11,0.00000479
20137,0.000213,1.124262e-11,0.00000924
20138,0.000132,1.122299e-11,0.00000735
20139,0.000111,1.120705e-11,0.00000599
20140,0.000123,1.119324e-11,0.00000504
20141,0.000127,1.119257e-11,0.00001007
20142,0.000103,1.117109e-11,0.00000795
20143,0.001520,1.115411e-11,0.00000642
20144,0.000079,1.113972e-11,0.00000533
20145,0.000077,1.112684e-11,0.00000459
20146,0.000104,1.112002e-11,0.00000863
20147,0.000092,1.110175e-11,0.00000691
20148,0.000092,1.108665e-11,0.00000567
20149,0.000097,1.107338e-11,0.00000482
20150,0.000093,1.106990e-11,0.00000940
20151,0.000090,1.105006e-11,0.00000746
20152,0.000102,1.103407e-11,0.00000606
20153,0.000092,1.102031e-11,0.00000508
20154,0.000092,1.100784e-11,0.00000442
20155,0.000099,1.099912e-11,0.00000808
20156,0.000092,1.098204e-11,0.00000650
20157,0.000095,1.096767e-11,0.00000539
20158,0.000100,1.095487e-11,0.00000462
20159,0.000094,1.094902e-11,0.00000878
20160,0.000093,1.093060e-11,0.00000701
20161,0.000103,1.091548e-11,0.00000574
20162,0.000106,1.090227e-11,0.00000486
20163,0.000096,1.089990e-11,0.00000957
20164,0.000096,1.087984e-11,0.00000757
20165,0.000100,1.086379e-11,0.00000614
20166,0.000096,1.085006e-11,0.00000513
20167,0.000096,1.083768e-11,0.00000444
20168,0.000103,1.082984e-11,0.00000821
20169,0.000097,1.081265e-11,0.00000659
20170,0.000097,1.079829e-11,0.00000544
20171,0.000100,1.078556e-11,0.00000465
20172,0.000101,1.078071e-11,0.00000893
20173,0.000098,1.076212e-11,0.00000711
20174,0.000112,1.074697e-11,0.00000581
20175,0.000118,1.073381e-11,0.00000490
20176,0.000106,1.073259e-11,0.00000974
20177,0.000110,1.071228e-11,0.00000770
20178,0.000103,1.069616e-11,0.00000622
20179,0.000103,1.068246e-11,0.00000518
20180,0.000114,1.067017e-11,0.00000447
20181,0.001617,1.066322e-11,0.00000835
20182,0.000101,1.064590e-11,0.00000669
20183,0.000094,1.063154e-11,0.00000550
20184,0.000131,1.061888e-11,0.00000468
20185,0.000124,1.061505e-11,0.00000909
20186,0.000248,1.059627e-11,0.00000722
20187,0.000170,1.058108e-11,0.00000588
20188,0.000111,1.056797e-11,0.00000494
20189,0.000100,1.056792e-11,0.00000991
20190,0.000095,1.054734e-11,0.00000782
20191,0.000115,1.053114e-11,0.00000630
20192,0.000102,1.051746e-11,0.00000523
20193,0.000097,1.050525e-11,0.00000449
20194,0.000101,1.049922e-11,0.00000849
20195,0.000098,1.048176e-11,0.00000678
20196,0.000108,1.046739e-11,0.00000556
20197,0.000111,1.045479e-11,0.00000472
20198,0.000097,1.045200e-11,0.00000925
20199,0.000095,1.043302e-11,0.00000733
20200,0.000106,1.041778e-11,0.00000595
20201,0.000101,1.040470e-11,0.00000498
20202,0.000095,1.039288e-11,0.00000432
20203,0.000102,1.038500e-11,0.00000795
20204,0.000097,1.036869e-11,0.00000639
20205,0.000094,1.035503e-11,0.00000528
20206,0.000097,1.034288e-11,0.00000452
20207,0.000094,1.033779e-11,0.00000864
20208,0.000094,1.032018e-11,0.00000689
20209,0.000093,1.030578e-11,0.00000563
20210,0.000099,1.029324e-11,0.00000476
20211,0.000105,1.029153e-11,0.00000942
20212,0.000095,1.027232e-11,0.00000745
20213,0.000102,1.025702e-11,0.00000603
20214,0.000096,1.024397e-11,0.00000503
20215,0.000097,1.023223e-11,0.00000435
20216,0.000101,1.022519e-11,0.00000808
20217,0.000093,1.020878e-11,0.00000648
20218,0.000093,1.019512e-11,0.00000534
20219,0.001447,1.018304e-11,0.00000455
20220,0.000081,1.017891e-11,0.00000879
20221,0.000082,1.016113e-11,0.00000699
20222,0.000092,1.014670e-11,0.00000570
20223,0.000100,1.013420e-11,0.00000480
20224,0.000092,1.013359e-11,0.00000958
20225,0.000094,1.011414e-11,0.00000757
20226,0.000094,1.009876e-11,0.00000611
20227,0.000101,1.008574e-11,0.00000508
20228,0.000102,1.007408e-11,0.00000437
20229,0.000099,1.006790e-11,0.00000822
20230,0.000098,1.005136e-11,0.00000657
20231,0.000093,1.003769e-11,0.00000540
20232,0.000094,1.002567e-11,0.00000459
20233,0.000103,1.002253e-11,0.00000894
20234,0.000098,1.000456e-11,0.00000710
20235,0.000098,9.990088e-12,0.00000577
20236,0.000101,9.977629e-12,0.00000484
20237,0.000095,9.966337e-12,0.00000421
20238,0.000188,9.958438e-12,0.00000769
20239,0.000140,9.942974e-12,0.00000619
20240,0.000096,9.929965e-12,0.00000513
20241,0.000093,9.918376e-12,0.00000440
20242,0.000102,9.913082e-12,0.00000836
20243,0.000242,9.896405e-12,0.00000667
20244,0.000129,9.882715e-12,0.00000546
20245,0.000119,9.870753e-12,0.00000462
20246,0.000140,9.868613e-12,0.00000910
20247,0.000116,9.850445e-12,0.00000721
20248,0.000129,9.835916e-12,0.00000584
20249,0.000120,9.823489e-12,0.00000488
20250,0.000145,9.812280e-12,0.00000423
20251,0.000373,9.805177e-12,0.00000782
20252,0.000121,9.789614e-12,0.00000627
20253,0.000174,9.776611e-12,0.00000518
20254,0.000102,9.765088e-12,0.00000443
20255,0.000106,9.760698e-12,0.00000850
20256,0.000102,9.743866e-12,0.00000677
20257,0.001501,9.730150e-12,0.00000552
20258,0.000077,9.718236e-12,0.00000466
20259,0.000095,9.717129e-12,0.00000927
20260,0.000092,9.698740e-12,0.00000732
20261,0.000092,9.684146e-12,0.00000592
20262,0.000096,9.671744e-12,0.00000493
20263,0.000092,9.660611e-12,0.00000425
20264,0.000093,9.654321e-12,0.00000795
20265,0.000095,9.638646e-12,0.00000636
20266,0.000096,9.625640e-12,0.00000524
20267,0.000091,9.614178e-12,0.00000446
20268,0.000099,9.610713e-12,0.00000865
20269,0.000093,9.593711e-12,0.00000687
20270,0.000095,9.579959e-12,0.00000559
20271,0.000099,9.568086e-12,0.00000470
20272,0.000094,9.568040e-12,0.00000943
20273,0.000094,9.549411e-12,0.00000744
20274,0.000095,9.534740e-12,0.00000600
20275,0.000111,9.522356e-12,0.00000498
20276,0.000101,9.511295e-12,0.00000428
20277,0.000099,9.505836e-12,0.00000808
20278,0.000101,9.490035e-12,0.00000646
20279,0.000098,9.477018e-12,0.00000529
20280,0.000132,9.465610e-12,0.00000449
20281,0.000121,9.463091e-12,0.00000880
20282,0.000103,9.445904e-12,0.00000698
20283,0.000107,9.432106e-12,0.00000566
20284,0.000113,9.420267e-12,0.00000474
20285,0.000098,9.409562e-12,0.00000411
20286,0.000104,9.402423e-12,0.00000756
20287,0.000107,9.387664e-12,0.00000608
20288,0.000098,9.375289e-12,0.00000503
20289,0.000096,9.364294e-12,0.00000430
20290,0.000108,9.359685e-12,0.00000822
20291,0.000105,9.343744e-12,0.00000655
20292,0.000102,9.330706e-12,0.00000536
20293,0.000098,9.319348e-12,0.00000453
20294,0.001762,9.317800e-12,0.00000896
20295,0.000094,9.300410e-12,0.00000709
20296,0.000156,9.286556e-12,0.00000573
20297,0.000217,9.274744e-12,0.00000478
20298,0.000163,9.264115e-12,0.00000414
20299,0.000154,9.257741e-12,0.00000769
20300,0.000147,9.242881e-12,0.00000616
20301,0.000181,9.230508e-12,0.00000508
20302,0.000106,9.219574e-12,0.00000433
20303,0.000099,9.215834e-12,0.00000836
20304,0.000101,9.199739e-12,0.00000665
20305,0.000101,9.186672e-12,0.00000542
20306,0.000093,9.175356e-12,0.00000456
20307,0.000096,9.174804e-12,0.00000912
20308,0.000101,9.157195e-12,0.00000720
20309,0.000094,9.143273e-12,0.00000581
20310,0.000093,9.131482e-12,0.00000483
20311,0.000095,9.120923e-12,0.00000416
20312,0.000099,9.115331e-12,0.00000782
20313,0.000102,9.100358e-12,0.00000625
20314,0.000100,9.087979e-12,0.00000514
20315,0.000097,9.077099e-12,0.00000436
20316,0.000094,9.074249e-12,0.00000851
20317,0.000094,9.057985e-12,0.00000675
20318,0.000100,9.044879e-12,0.00000549
20319,0.000096,9.033599e-12,0.00000460
20320,0.000095,9.023375e-12,0.00000400
20321,0.000102,9.016224e-12,0.00000732
20322,0.000096,9.002223e-12,0.00000589
20323,0.000097,8.990445e-12,0.00000488
20324,0.000100,8.979952e-12,0.00000418
20325,0.000102,8.975160e-12,0.00000795
20326,0.000102,8.960060e-12,0.00000634
20327,0.000108,8.947665e-12,0.00000519
20328,0.000097,8.936835e-12,0.00000440
20329,0.000098,8.934898e-12,0.00000866
20330,0.000097,8.918449e-12,0.00000686
20331,0.001597,8.905294e-12,0.00000556
20332,0.000084,8.894043e-12,0.00000464
20333,0.000076,8.883894e-12,0.00000402
20334,0.000078,8.877463e-12,0.00000744
20335,0.000111,8.863373e-12,0.00000597
20336,0.000101,8.851600e-12,0.00000493
20337,0.000098,8.841168e-12,0.00000421
20338,0.000097,8.837193e-12,0.00000809
20339,0.000095,8.821953e-12,0.00000644
20340,0.000190,8.809535e-12,0.00000526
20341,0.000122,8.798748e-12,0.00000443
20342,0.000093,8.797746e-12,0.00000882
20343,0.000091,8.781097e-12,0.00000697
20344,0.000096,8.767883e-12,0.00000563
20345,0.000091,8.756655e-12,0.00000469
20346,0.000092,8.746576e-12,0.00000405
20347,0.000091,8.740881e-12,0.00000756
20348,0.000096,8.726689e-12,0.00000606
20349,0.000091,8.714914e-12,0.00000498
20350,0.000098,8.704536e-12,0.00000424
20351,0.000097,8.701398e-12,0.00000823
20352,0.000095,8.686005e-12,0.00000654
20353,0.000096,8.673554e-12,0.00000532
20354,0.000124,8.662804e-12,0.00000447
20355,0.000141,8.662763e-12,0.00000898
20356,0.000133,8.645897e-12,0.00000708
20357,0.000118,8.632614e-12,0.00000571
20358,0.000115,8.621401e-12,0.00000473
20359,0.000108,8.611387e-12,0.00000407
20360,0.000110,8.606444e-12,0.00000769
20361,0.000133,8.592138e-12,0.00000614
20362,0.000253,8.580353e-12,0.00000504
20363,0.000182,8.570025e-12,0.00000427
20364,0.000119,8.567745e-12,0.00000837
20365,0.000109,8.552183e-12,0.00000664
20366,0.000107,8.539690e-12,0.00000539
20367,0.000109,8.528972e-12,0.00000451
20368,0.000097,8.519280e-12,0.00000391
20369,0.001510,8.512816e-12,0.00000720
20370,0.000078,8.499453e-12,0.00000578
20371,0.000092,8.488249e-12,0.00000478
20372,0.000090,8.478295e-12,0.00000409
20373,0.000097,8.474121e-12,0.00000782
20374,0.000093,8.459689e-12,0.00000623
20375,0.000090,8.447885e-12,0.00000510
20376,0.000096,8.437601e-12,0.00000431
20377,0.000093,8.436200e-12,0.00000852
20378,0.000092,8.420455e-12,0.00000674
20379,0.000096,8.407911e-12,0.00000546
20380,0.000093,8.397217e-12,0.00000455
20381,0.000091,8.387594e-12,0.00000393
20382,0.000099,8.381824e-12,0.00000732
20383,0.000094,8.368369e-12,0.00000586
20384,0.000116,8.357167e-12,0.00000483
20385,0.000120,8.347267e-12,0.00000412
20386,0.000104,8.343881e-12,0.00000796
20387,0.000099,8.329309e-12,0.00000633
20388,0.000109,8.317478e-12,0.00000516
20389,0.000104,8.307232e-12,0.00000434
20390,0.000097,8.306733e-12,0.00000868
20391,0.000097,8.290790e-12,0.00000685
20392,0.000107,8.278185e-12,0.00000553
20393,0.000104,8.267510e-12,0.00000459
20394,0.000098,8.257950e-12,0.00000396
20395,0.000107,8.252888e-12,0.00000744
20396,0.000100,8.239331e-12,0.00000595
20397,0.000102,8.228123e-12,0.00000489
20398,0.000101,8.218272e-12,0.00000415
20399,0.000096,8.215692e-12,0.00000810
20400,0.000096,8.200967e-12,0.00000643
20401,0.000101,8.189101e-12,0.00000522
20402,0.000097,8.178888e-12,0.00000438
20403,0.000095,8.169632e-12,0.00000381
20404,0.000102,8.163157e-12,0.00000696
20405,0.000094,8.150481e-12,0.00000560
20406,0.000097,8.139817e-12,0.00000464
20407,0.001743,8.130317e-12,0.00000398
20408,0.000096,8.125978e-12,0.00000757
20409,0.000098,8.112307e-12,0.00000604
20410,0.000178,8.101085e-12,0.00000494
20411,0.000183,8.091279e-12,0.00000418
20412,0.000170,8.089526e-12,0.00000824
20413,0.000132,8.074633e-12,0.00000653
20414,0.000104,8.062723e-12,0.00000529
20415,0.000103,8.052536e-12,0.00000442
20416,0.000111,8.043347e-12,0.00000383
20417,0.000098,8.037526e-12,0.00000708
20418,0.000095,8.024768e-12,0.00000568
20419,0.000101,8.014109e-12,0.00000469
20420,0.000101,8.004664e-12,0.00000401
20421,0.000098,8.001065e-12,0.00000770
20422,0.000094,7.987267e-12,0.00000613
20423,0.000098,7.976024e-12,0.00000500
20424,0.000094,7.966258e-12,0.00000422
20425,0.000107,7.965351e-12,0.00000839
20426,0.000107,7.950277e-12,0.00000663
20427,0.000093,7.938313e-12,0.00000536
20428,0.000112,7.928147e-12,0.00000446
20429,0.000109,7.919021e-12,0.00000385
20430,0.000095,7.913866e-12,0.00000720
20431,0.000095,7.901016e-12,0.00000576
20432,0.000100,7.890355e-12,0.00000474
20433,0.000093,7.880960e-12,0.00000404
20434,0.000098,7.878119e-12,0.00000783
20435,0.000103,7.864182e-12,0.00000622
20436,0.000097,7.852909e-12,0.00000506
20437,0.000095,7.843176e-12,0.00000425
20438,0.000097,7.843139e-12,0.00000854
20439,0.000103,7.827869e-12,0.00000674
20440,0.000095,7.815842e-12,0.00000543
20441,0.000099,7.805691e-12,0.00000450
20442,0.000100,7.796623e-12,0.00000387
20443,0.000098,7.792149e-12,0.00000732
20444,0.001590,7.779196e-12,0.00000585
20445,0.000084,7.768526e-12,0.00000479
20446,0.000087,7.759175e-12,0.00000407
20447,0.000100,7.757111e-12,0.00000797
20448,0.000094,7.743021e-12,0.00000632
20449,0.000095,7.731711e-12,0.00000513
20450,0.000097,7.722006e-12,0.00000429
20451,0.000091,7.713231e-12,0.00000372
20452,0.000093,7.707379e-12,0.00000685
20453,0.000098,7.695281e-12,0.00000550
20454,0.000093,7.685137e-12,0.00000455
20455,0.000091,7.676124e-12,0.00000390
20456,0.000098,7.672346e-12,0.00000744
20457,0.000097,7.659278e-12,0.00000593
20458,0.000103,7.648591e-12,0.00000485
20459,0.000101,7.639280e-12,0.00000410
20460,0.000093,7.638012e-12,0.00000811
20461,0.000096,7.623757e-12,0.00000642
20462,0.000100,7.612400e-12,0.00000519
20463,0.000102,7.602718e-12,0.00000433
20464,0.000093,7.594005e-12,0.00000374
20465,0.000095,7.588781e-12,0.00000696
20466,0.000105,7.576599e-12,0.00000558
20467,0.000125,7.566457e-12,0.00000460
20468,0.000129,7.557493e-12,0.00000392
20469,0.000137,7.554428e-12,0.00000757
20470,0.000130,7.541234e-12,0.00000602
20471,0.000120,7.530523e-12,0.00000491
20472,0.000133,7.521247e-12,0.00000413
20473,0.000118,7.520795e-12,0.00000826
20474,0.000267,7.506360e-12,0.00000652
20475,0.000182,7.494948e-12,0.00000526
20476,0.000107,7.485282e-12,0.00000437
20477,0.000098,7.476627e-12,0.00000377
20478,0.000105,7.472044e-12,0.00000708
20479,0.000102,7.459770e-12,0.00000566
20480,0.000095,7.449622e-12,0.00000465
20481,0.000098,7.440704e-12,0.00000395
20482,0.000102,7.438368e-12,0.00000771
20483,0.001418,7.425036e-12,0.00000611
20484,0.000075,7.414292e-12,0.00000497
20485,0.000072,7.405045e-12,0.00000417
20486,0.000087,7.396665e-12,0.00000362
20487,0.000084,7.390803e-12,0.00000662
20488,0.000092,7.379326e-12,0.00000533
20489,0.000087,7.369671e-12,0.00000442
20490,0.000087,7.361070e-12,0.00000379
20491,0.000094,7.357142e-12,0.00000720
20492,0.000090,7.344764e-12,0.00000574
20493,0.000096,7.334604e-12,0.00000470
20494,0.000105,7.325726e-12,0.00000398
20495,0.000096,7.324138e-12,0.00000784
20496,0.000097,7.310655e-12,0.00000621
20497,0.000098,7.299871e-12,0.00000503
20498,0.000103,7.290649e-12,0.00000420
20499,0.000092,7.282329e-12,0.00000364
20500,0.000092,7.277058e-12,0.00000673
20501,0.000097,7.265508e-12,0.00000541
20502,0.000100,7.255857e-12,0.00000446
20503,0.000091,7.247305e-12,0.00000381
20504,0.000103,7.244048e-12,0.00000732
20505,0.000103,7.231555e-12,0.00000583
20506,0.000095,7.221376e-12,0.00000476
20507,0.000098,7.212533e-12,0.00000401
20508,0.000091,7.211712e-12,0.00000798
20509,0.000092,7.198065e-12,0.00000631
20510,0.000096,7.187233e-12,0.00000510
20511,0.000094,7.178029e-12,0.00000424
20512,0.000093,7.169766e-12,0.00000366
20513,0.000100,7.165099e-12,0.00000685
20514,0.000093,7.153465e-12,0.00000548
20515,0.000093,7.143812e-12,0.00000451
20516,0.000092,7.135306e-12,0.00000384
20517,0.000100,7.132734e-12,0.00000745
20518,0.000092,7.120115e-12,0.00000592
20519,0.000094,7.109909e-12,0.00000482
20520,0.001417,7.101097e-12,0.00000405
20521,0.000092,7.101064e-12,0.00000813
20522,0.000093,7.087238e-12,0.00000641
20523,0.000104,7.076349e-12,0.00000517
20524,0.000111,7.067158e-12,0.00000429
20525,0.000106,7.058949e-12,0.00000368
20526,0.000105,7.054898e-12,0.00000696
20527,0.000110,7.043171e-12,0.00000556
20528,0.000157,7.033510e-12,0.00000456
20529,0.000163,7.025044e-12,0.00000387
20530,0.000279,7.023175e-12,0.00000758
20531,0.000125,7.010419e-12,0.00000601
20532,0.000120,7.000178e-12,0.00000488
20533,0.000101,6.991391e-12,0.00000408
20534,0.000098,6.983447e-12,0.00000354
20535,0.000094,6.978149e-12,0.00000652
20536,0.000094,6.967195e-12,0.00000524
20537,0.000101,6.958010e-12,0.00000433
20538,0.000091,6.949850e-12,0.00000371
20539,0.000105,6.946430e-12,0.00000708
20540,0.000100,6.934599e-12,0.00000564
20541,0.000094,6.924923e-12,0.00000461
20542,0.000097,6.916493e-12,0.00000390
20543,0.000101,6.915345e-12,0.00000772
20544,0.000092,6.902438e-12,0.00000610
20545,0.000092,6.892156e-12,0.00000494
20546,0.000092,6.883389e-12,0.00000412
20547,0.000097,6.875501e-12,0.00000356
20548,0.000093,6.870771e-12,0.00000662
20549,0.000100,6.859742e-12,0.00000531
20550,0.000098,6.850559e-12,0.00000438
20551,0.000091,6.842444e-12,0.00000373
20552,0.000092,6.839669e-12,0.00000721
20553,0.000100,6.827723e-12,0.00000573
20554,0.000092,6.818025e-12,0.00000467
20555,0.000093,6.809627e-12,0.00000393
20556,0.000099,6.809218e-12,0.00000786
20557,0.000102,6.796149e-12,0.00000620
20558,0.001505,6.785816e-12,0.00000501
20559,0.000076,6.777065e-12,0.00000416
20560,0.000089,6.769229e-12,0.00000358
20561,0.000087,6.765080e-12,0.00000674
20562,0.000091,6.753967e-12,0.00000539
20563,0.000089,6.744779e-12,0.00000442
20564,0.000088,6.736704e-12,0.00000376
20565,0.000093,6.734590e-12,0.00000733
20566,0.000090,6.722519e-12,0.00000582
20567,0.000089,6.712792e-12,0.00000473
20568,0.000089,6.704420e-12,0.00000396
20569,0.000095,6.696832e-12,0.00000345
20570,0.000093,6.691525e-12,0.00000630
20571,0.000091,6.681134e-12,0.00000507
20572,0.000097,6.672393e-12,0.00000420
20573,0.000090,6.664605e-12,0.00000360
20574,0.000090,6.661049e-12,0.00000685
20575,0.000097,6.649842e-12,0.00000547
20576,0.000094,6.640643e-12,0.00000448
20577,0.000100,6.632605e-12,0.00000379
20578,0.000098,6.631168e-12,0.00000746
20579,0.000093,6.618960e-12,0.00000591
20580,0.000092,6.609197e-12,0.00000479
20581,0.000098,6.600847e-12,0.00000400
20582,0.000090,6.593314e-12,0.00000347
20583,0.000091,6.588542e-12,0.00000641
20584,0.000102,6.578085e-12,0.00000514
20585,0.000098,6.569347e-12,0.00000425
20586,0.000093,6.561604e-12,0.00000363
20587,0.000097,6.558655e-12,0.00000697
20588,0.000107,6.547344e-12,0.00000555
20589,0.000120,6.538128e-12,0.00000453
20590,0.000140,6.530122e-12,0.00000382
20591,0.000170,6.529379e-12,0.00000760
20592,0.000119,6.517023e-12,0.00000600
20593,0.000111,6.507216e-12,0.00000485
20594,0.000121,6.498882e-12,0.00000404
20595,0.000102,6.491402e-12,0.00000348
20596,0.002026,6.487176e-12,0.00000651
20597,0.000098,6.476643e-12,0.00000522
20598,0.000087,6.467903e-12,0.00000429
20599,0.000101,6.460201e-12,0.00000365
20600,0.000096,6.457873e-12,0.00000709
20601,0.000099,6.446449e-12,0.00000563
20602,0.000092,6.437208e-12,0.00000458
20603,0.000093,6.429230e-12,0.00000385
20604,0.000098,6.429200e-12,0.00000773
20605,0.000093,6.416682e-12,0.00000610
20606,0.000092,6.406823e-12,0.00000492
20607,0.000098,6.398502e-12,0.00000408
20608,0.000092,6.391069e-12,0.00000351
20609,0.000094,6.387402e-12,0.00000663
20610,0.000101,6.376784e-12,0.00000529
20611,0.000096,6.368037e-12,0.00000434
20612,0.000093,6.360372e-12,0.00000368
20613,0.000104,6.358680e-12,0.00000722
20614,0.000096,6.347131e-12,0.00000572
20615,0.000103,6.337859e-12,0.00000464
20616,0.000102,6.329904e-12,0.00000388
20617,0.000093,6.322711e-12,0.00000337
20618,0.000094,6.317914e-12,0.00000620
20619,0.000094,6.307996e-12,0.00000498
20620,0.000100,6.299681e-12,0.00000412
20621,0.000094,6.292293e-12,0.00000353
20622,0.000098,6.289196e-12,0.00000674
20623,0.000102,6.278485e-12,0.00000537
20624,0.000097,6.269724e-12,0.00000439
20625,0.000097,6.262092e-12,0.00000371
20626,0.000102,6.261052e-12,0.00000734
20627,0.000096,6.249367e-12,0.00000581
20628,0.000101,6.240057e-12,0.00000470
20629,0.000102,6.232120e-12,0.00000392
20630,0.000094,6.224978e-12,0.00000339
20631,0.000099,6.220696e-12,0.00000630
20632,0.000104,6.210711e-12,0.00000505
20633,0.000104,6.202396e-12,0.00000416
20634,0.000097,6.195049e-12,0.00000355
20635,0.000102,6.192537e-12,0.00000686
20636,0.000097,6.181721e-12,0.00000545
20637,0.000098,6.172941e-12,0.00000444
20638,0.000200,6.165337e-12,0.00000374
20639,0.000354,6.164967e-12,0.00000748
20640,0.000305,6.153134e-12,0.00000590
20641,0.000326,6.143779e-12,0.00000476
20642,0.000382,6.135856e-12,0.00000396
20643,0.000476,6.128761e-12,0.00000341
20644,0.000567,6.125005e-12,0.00000641
20645,0.001925,6.114943e-12,0.00000513
20646,0.000089,6.106624e-12,0.00000421
20647,0.000085,6.099314e-12,0.00000358
20648,0.000103,6.097400e-12,0.00000698
20649,0.000099,6.086471e-12,0.00000554
20650,0.000095,6.077664e-12,0.00000450
20651,0.000096,6.070084e-12,0.00000377
20652,0.000101,6.063214e-12,0.00000328
20653,0.000104,6.058409e-12,0.00000600
20654,0.000096,6.049002e-12,0.00000483
20655,0.000104,6.041087e-12,0.00000400
20656,0.000096,6.034036e-12,0.00000343
20657,0.000104,6.030817e-12,0.00000652
20658,0.000104,6.020670e-12,0.00000520
20659,0.000100,6.012342e-12,0.00000426
20660,0.000093,6.005064e-12,0.00000360
20661,0.000098,6.003763e-12,0.00000710
20662,0.000092,5.992710e-12,0.00000562
20663,0.000094,5.983871e-12,0.00000456
20664,0.000097,5.976310e-12,0.00000381
20665,0.000097,5.969491e-12,0.00000330
20666,0.000093,5.965170e-12,0.00000610
20667,0.000094,5.955702e-12,0.00000489
20668,0.000099,5.947791e-12,0.00000404
20669,0.000091,5.940781e-12,0.00000345
20670,0.000093,5.938111e-12,0.00000663
20671,0.000099,5.927870e-12,0.00000528
20672,0.000093,5.919526e-12,0.00000431
20673,0.000092,5.912277e-12,0.00000363
20674,0.000152,5.911605e-12,0.00000723
20675,0.000266,5.900417e-12,0.00000571
20676,0.000096,5.891538e-12,0.00000462
20677,0.000103,5.883993e-12,0.00000384
20678,0.000093,5.877220e-12,0.00000332
20679,0.000096,5.873394e-12,0.00000620
20680,0.000100,5.863858e-12,0.00000496
20681,0.000096,5.855945e-12,0.00000408
20682,0.000092,5.848972e-12,0.00000348
20683,0.000100,5.846865e-12,0.00000675
20684,0.000100,5.836521e-12,0.00000536
20685,0.000096,5.828154e-12,0.00000436
20686,0.000094,5.820931e-12,0.00000366
20687,0.000097,5.820904e-12,0.00000736
20688,0.000093,5.809570e-12,0.00000580
20689,0.000102,5.800645e-12,0.00000468
20690,0.000103,5.793110e-12,0.00000388
20691,0.000090,5.786381e-12,0.00000334
20692,0.000093,5.783060e-12,0.00000630
20693,0.000099,5.773447e-12,0.00000504
20694,0.002220,5.765528e-12,0.00000413
20695,0.000099,5.758588e-12,0.00000350
20696,0.000134,5.757057e-12,0.00000687
20697,0.000106,5.746600e-12,0.00000544
20698,0.000104,5.738205e-12,0.00000442
20699,0.000107,5.731002e-12,0.00000370
20700,0.000109,5.724490e-12,0.00000321
20701,0.000103,5.720147e-12,0.00000590
20702,0.000103,5.711168e-12,0.00000474
20703,0.000103,5.703639e-12,0.00000392
20704,0.000148,5.696950e-12,0.00000336
20705,0.000136,5.694147e-12,0.00000641
20706,0.000097,5.684448e-12,0.00000511
20707,0.000104,5.676517e-12,0.00000418
20708,0.000104,5.669606e-12,0.00000353
20709,0.000095,5.668666e-12,0.00000699
20710,0.000093,5.658086e-12,0.00000553
20711,0.000095,5.649657e-12,0.00000447
20712,0.000111,5.642471e-12,0.00000373
20713,0.000103,5.636004e-12,0.00000323
20714,0.000107,5.632128e-12,0.00000600
20715,0.000098,5.623087e-12,0.00000481
20716,0.000091,5.615559e-12,0.00000396
20717,0.000089,5.608907e-12,0.00000338
20718,0.000098,5.606632e-12,0.00000652
20719,0.000093,5.596840e-12,0.00000519
20720,0.000094,5.588891e-12,0.00000423
20721,0.000096,5.582006e-12,0.00000356
20722,0.000093,5.581671e-12,0.00000711
20723,0.000093,5.570958e-12,0.00000562
20724,0.000107,5.562488e-12,0.00000453
20725,0.000095,5.555314e-12,0.00000377
20726,0.000093,5.548891e-12,0.00000324
20727,0.000098,5.545490e-12,0.00000610
20728,0.000094,5.536380e-12,0.00000488
20729,0.000093,5.528849e-12,0.00000401
20730,0.000093,5.522230e-12,0.00000340
20731,0.000110,5.520497e-12,0.00000664
20732,0.000093,5.510602e-12,0.00000527
20733,0.000096,5.502628e-12,0.00000428
20734,0.000098,5.495766e-12,0.00000359
20735,0.001433,5.489546e-12,0.00000312
20736,0.000074,5.485196e-12,0.00000571
20737,0.000086,5.476678e-12,0.00000459
20738,0.000084,5.469512e-12,0.00000380
20739,0.000085,5.463129e-12,0.00000326
20740,0.000087,5.460214e-12,0.00000620
20741,0.000092,5.451027e-12,0.00000495
20742,0.000090,5.443486e-12,0.00000405
20743,0.000090,5.436897e-12,0.00000343
20744,0.000111,5.435720e-12,0.00000676
20745,0.000111,5.425712e-12,0.00000535
20746,0.000108,5.417709e-12,0.00000433
20747,0.000123,5.410864e-12,0.00000362
20748,0.000117,5.404690e-12,0.00000314
20749,0.000121,5.400778e-12,0.00000580
20750,0.000175,5.392206e-12,0.00000466
20751,0.000118,5.385043e-12,0.00000384
20752,0.000097,5.378696e-12,0.00000329
20753,0.000115,5.376279e-12,0.00000631
20754,0.000101,5.367007e-12,0.00000502
20755,0.000097,5.359452e-12,0.00000410
20756,0.000099,5.352890e-12,0.00000346
20757,0.000095,5.352281e-12,0.00000688
20758,0.000093,5.342152e-12,0.00000543
20759,0.000092,5.334113e-12,0.00000439
20760,0.000098,5.327282e-12,0.00000366
20761,0.000091,5.321149e-12,0.00000316
20762,0.000092,5.317686e-12,0.00000590
20763,0.000098,5.309051e-12,0.00000472
20764,0.000093,5.301888e-12,0.00000389
20765,0.000092,5.295574e-12,0.00000331
20766,0.000099,5.293666e-12,0.00000642
20767,0.000093,5.284301e-12,0.00000510
20768,0.000097,5.276726e-12,0.00000415
20769,0.000108,5.270186e-12,0.00000349
20770,0.000097,5.270162e-12,0.00000700
20771,0.000094,5.259900e-12,0.00000552
20772,0.000112,5.251819e-12,0.00000445
20773,0.001453,5.244998e-12,0.00000369
20774,0.000077,5.238905e-12,0.00000317
20775,0.000073,5.235899e-12,0.00000600
20776,0.000084,5.227195e-12,0.00000479
20777,0.000090,5.220025e-12,0.00000393
20778,0.000087,5.213742e-12,0.00000333
20779,0.000088,5.212355e-12,0.00000653
20780,0.000093,5.202888e-12,0.00000518
20781,0.000090,5.195287e-12,0.00000420
20782,0.000090,5.188766e-12,0.00000352
20783,0.000093,5.182870e-12,0.00000305
20784,0.000091,5.178938e-12,0.00000561
20785,0.000091,5.170808e-12,0.00000451
20786,0.000097,5.163992e-12,0.00000373
20787,0.000091,5.157936e-12,0.00000319
20788,0.000093,5.155398e-12,0.00000610
20789,0.000091,5.146617e-12,0.00000486
20790,0.000097,5.139436e-12,0.00000398
20791,0.000097,5.133179e-12,0.00000336
20792,0.000092,5.132328e-12,0.00000665
20793,0.000098,5.122749e-12,0.00000526
20794,0.000092,5.115117e-12,0.00000426
20795,0.000092,5.108611e-12,0.00000355
20796,0.000095,5.102756e-12,0.00000307
20797,0.000109,5.099246e-12,0.00000571
20798,0.000093,5.091061e-12,0.00000457
20799,0.000099,5.084246e-12,0.00000377
20800,0.000094,5.078223e-12,0.00000322
20801,0.000097,5.076164e-12,0.00000621
20802,0.000100,5.067298e-12,0.00000494
20803,0.000095,5.060100e-12,0.00000402
20804,0.000093,5.053867e-12,0.00000339
20805,0.000106,5.053564e-12,0.00000677
20806,0.000097,5.043864e-12,0.00000534
20807,0.000095,5.036196e-12,0.00000431
20808,0.000105,5.029701e-12,0.00000358
20809,0.000097,5.023885e-12,0.00000309
20810,0.000099,5.020806e-12,0.00000580
20811,0.002035,5.012558e-12,0.00000464
20812,0.000140,5.005739e-12,0.00000381
20813,0.000127,4.999746e-12,0.00000324
20814,0.000178,4.998178e-12,0.00000632
20815,0.000118,4.989219e-12,0.00000501
20816,0.000118,4.982000e-12,0.00000407
20817,0.000109,4.975786e-12,0.00000342
20818,0.000103,4.970155e-12,0.00000297
20819,0.000102,4.966216e-12,0.00000543
20820,0.000099,4.958504e-12,0.00000437
20821,0.000096,4.952017e-12,0.00000362
20822,0.000099,4.946237e-12,0.00000311
20823,0.000099,4.943598e-12,0.00000590
20824,0.000097,4.935281e-12,0.00000471
20825,0.000099,4.928453e-12,0.00000386
20826,0.000104,4.922488e-12,0.00000326
20827,0.000100,4.921422e-12,0.00000643
20828,0.000096,4.912361e-12,0.00000509
20829,0.000109,4.905115e-12,0.00000412
20830,0.000100,4.898918e-12,0.00000345
20831,0.000097,4.893327e-12,0.00000299
20832,0.000102,4.889786e-12,0.00000552
20833,0.000096,4.882025e-12,0.00000443
20834,0.000096,4.875540e-12,0.00000366
20835,0.000103,4.869793e-12,0.00000313
20836,0.000100,4.867605e-12,0.00000600
20837,0.000099,4.859210e-12,0.00000478
20838,0.000107,4.852370e-12,0.00000390
20839,0.000097,4.846428e-12,0.00000329
20840,0.000102,4.845878e-12,0.00000654
20841,0.000107,4.836707e-12,0.00000517
20842,0.000102,4.829428e-12,0.00000418
20843,0.000098,4.823243e-12,0.00000348
20844,0.000096,4.817691e-12,0.00000300
20845,0.000104,4.814556e-12,0.00000561
20846,0.000099,4.806738e-12,0.00000449
20847,0.000111,4.800252e-12,0.00000370
20848,0.001523,4.794536e-12,0.00000315
20849,0.000090,4.792808e-12,0.00000611
20850,0.000093,4.784329e-12,0.00000485
20851,0.000095,4.777471e-12,0.00000395
20852,0.000097,4.771550e-12,0.00000332
20853,0.000095,4.771528e-12,0.00000666
20854,0.000096,4.762237e-12,0.00000525
20855,0.000094,4.754921e-12,0.00000423
20856,0.000100,4.748744e-12,0.00000351
20857,0.000093,4.743228e-12,0.00000302
20858,0.000103,4.740507e-12,0.00000571
20859,0.000118,4.732626e-12,0.00000456
20860,0.000104,4.726135e-12,0.00000374
20861,0.000122,4.720446e-12,0.00000317
20862,0.000167,4.719191e-12,0.00000622
20863,0.000123,4.710619e-12,0.00000493
20864,0.000127,4.703737e-12,0.00000400
20865,0.000150,4.697833e-12,0.00000335
20866,0.000232,4.692495e-12,0.00000290
20867,0.000111,4.688935e-12,0.00000534
20868,0.000103,4.681575e-12,0.00000429
20869,0.000096,4.675403e-12,0.00000355
20870,0.000100,4.669920e-12,0.00000304
20871,0.000109,4.667622e-12,0.00000581
20872,0.000092,4.659672e-12,0.00000463
20873,0.000091,4.653170e-12,0.00000378
20874,0.000091,4.647506e-12,0.00000320
20875,0.000097,4.646735e-12,0.00000633
20876,0.000095,4.638062e-12,0.00000500
20877,0.000107,4.631152e-12,0.00000405
20878,0.000100,4.625262e-12,0.00000338
20879,0.000094,4.619961e-12,0.00000292
20880,0.000100,4.616784e-12,0.00000543
20881,0.000102,4.609373e-12,0.00000435
20882,0.000094,4.603202e-12,0.00000359
20883,0.000094,4.597749e-12,0.00000306
20884,0.000100,4.595885e-12,0.00000591
20885,0.000095,4.587858e-12,0.00000470
20886,0.001419,4.581341e-12,0.00000383
20887,0.000074,4.575698e-12,0.00000322
20888,0.000073,4.575424e-12,0.00000644
20889,0.000090,4.566641e-12,0.00000508
20890,0.000090,4.559698e-12,0.00000410
20891,0.000087,4.553818e-12,0.00000341
20892,0.000087,4.548552e-12,0.00000294
20893,0.000094,4.545765e-12,0.00000552
20894,0.000092,4.538297e-12,0.00000442
20895,0.000089,4.532123e-12,0.00000363
20896,0.000093,4.526698e-12,0.00000308
20897,0.000090,4.525277e-12,0.00000601
20898,0.000091,4.517166e-12,0.00000477
20899,0.000096,4.510630e-12,0.00000388
20900,0.000093,4.505004e-12,0.00000325
20901,0.000092,4.499906e-12,0.00000283
20902,0.000097,4.496340e-12,0.00000517
20903,0.000092,4.489358e-12,0.00000416
20904,0.000091,4.483484e-12,0.00000344
20905,0.000098,4.478251e-12,0.00000296
20906,0.000099,4.475862e-12,0.00000562
20907,0.000093,4.468331e-12,0.00000448
20908,0.000093,4.462150e-12,0.00000367
20909,0.000095,4.456749e-12,0.00000311
20910,0.000091,4.455784e-12,0.00000612
20911,0.000092,4.447580e-12,0.00000484
20912,0.000100,4.441020e-12,0.00000392
20913,0.000094,4.435409e-12,0.00000328
20914,0.000092,4.430347e-12,0.00000284
20915,0.000099,4.427141e-12,0.00000525
20916,0.000095,4.420114e-12,0.00000422
20917,0.000093,4.414243e-12,0.00000348
20918,0.000099,4.409040e-12,0.00000297
20919,0.000094,4.407059e-12,0.00000571
20920,0.000094,4.399458e-12,0.00000455
20921,0.000099,4.393265e-12,0.00000371
20922,0.000092,4.387886e-12,0.00000313
20923,0.001809,4.387387e-12,0.00000623
20924,0.000144,4.379084e-12,0.00000492
20925,0.000195,4.372494e-12,0.00000398
20926,0.000163,4.366894e-12,0.00000331
20927,0.000160,4.361868e-12,0.00000286
20928,0.000149,4.359029e-12,0.00000534
20929,0.000112,4.351951e-12,0.00000428
20930,0.000104,4.346078e-12,0.00000352
20931,0.000106,4.340903e-12,0.00000300
20932,0.000098,4.339339e-12,0.00000581
20933,0.000124,4.331662e-12,0.00000462
20934,0.000113,4.325453e-12,0.00000376
20935,0.000098,4.320092e-12,0.00000316
20936,0.000099,4.320072e-12,0.00000634
20937,0.000112,4.311661e-12,0.00000500
20938,0.000100,4.305036e-12,0.00000403
20939,0.000093,4.299444e-12,0.00000334
20940,0.000102,4.294450e-12,0.00000287
20941,0.000094,4.291986e-12,0.00000543
20942,0.000096,4.284851e-12,0.00000434
20943,0.000099,4.278974e-12,0.00000356
20944,0.000094,4.273823e-12,0.00000302
20945,0.000096,4.272687e-12,0.00000591
20946,0.000101,4.264926e-12,0.00000469
20947,0.000093,4.258696e-12,0.00000380
20948,0.000096,4.253350e-12,0.00000318
20949,0.000096,4.248517e-12,0.00000276
20950,0.000115,4.245294e-12,0.00000508
20951,0.000098,4.238630e-12,0.00000408
20952,0.000104,4.233042e-12,0.00000338
20953,0.000101,4.228078e-12,0.00000289
20954,0.000097,4.225997e-12,0.00000552
20955,0.000095,4.218799e-12,0.00000440
20956,0.000103,4.212913e-12,0.00000360
20957,0.000096,4.207784e-12,0.00000304
20958,0.000098,4.207086e-12,0.00000602
20959,0.000099,4.199234e-12,0.00000476
20960,0.000096,4.192978e-12,0.00000385
20961,0.001472,4.187645e-12,0.00000321
20962,0.000077,4.182846e-12,0.00000278
20963,0.000099,4.179969e-12,0.00000517
20964,0.000093,4.173259e-12,0.00000414
20965,0.000098,4.167672e-12,0.00000341
20966,0.000092,4.162735e-12,0.00000291
20967,0.000092,4.161047e-12,0.00000562
20968,0.000096,4.153780e-12,0.00000447
20969,0.000093,4.147880e-12,0.00000364
20970,0.000091,4.142770e-12,0.00000307
20971,0.000092,4.142522e-12,0.00000613
20972,0.000099,4.134571e-12,0.00000484
20973,0.000096,4.128285e-12,0.00000390
20974,0.000095,4.122961e-12,0.00000325
20975,0.000099,4.118193e-12,0.00000279
20976,0.000095,4.115669e-12,0.00000525
20977,0.000094,4.108908e-12,0.00000420
20978,0.000110,4.103319e-12,0.00000345
20979,0.000117,4.098406e-12,0.00000293
20980,0.000138,4.097121e-12,0.00000572
20981,0.000134,4.089777e-12,0.00000454
20982,0.000128,4.083859e-12,0.00000369
20983,0.000134,4.078765e-12,0.00000309
20984,0.000191,4.074149e-12,0.00000269
20985,0.000130,4.070921e-12,0.00000492
20986,0.000122,4.064599e-12,0.00000396
20987,0.000122,4.059281e-12,0.00000328
20988,0.000112,4.054543e-12,0.00000281
20989,0.000108,4.052381e-12,0.00000534
20990,0.000099,4.045562e-12,0.00000426
20991,0.000105,4.039966e-12,0.00000349
20992,0.000102,4.035076e-12,0.00000295
20993,0.000106,4.034202e-12,0.00000582
20994,0.000107,4.026775e-12,0.00000461
20995,0.000100,4.020835e-12,0.00000373
20996,0.000098,4.015755e-12,0.00000312
20997,0.000104,4.011172e-12,0.00000270
20998,0.001497,4.008270e-12,0.00000500
20999,0.000078,4.001907e-12,0.00000401
21000,0.000092,3.996591e-12,0.00000331
21001,0.000096,3.991881e-12,0.00000283
21002,0.000097,3.990087e-12,0.00000544
21003,0.000096,3.983206e-12,0.00000433
21004,0.000099,3.977599e-12,0.00000353
21005,0.000091,3.972728e-12,0.00000298
21006,0.000093,3.972277e-12,0.00000592
21007,0.000097,3.964759e-12,0.00000468
21008,0.000094,3.958793e-12,0.00000378
21009,0.000095,3.953723e-12,0.00000315
21010,0.000093,3.949172e-12,0.00000272
21011,0.000099,3.946601e-12,0.00000508
21012,0.000096,3.940193e-12,0.00000407
21013,0.000092,3.934876e-12,0.00000335
21014,0.000097,3.930190e-12,0.00000285
21015,0.000095,3.928775e-12,0.00000553
21016,0.000095,3.921824e-12,0.00000439
21017,0.000107,3.916202e-12,0.00000357
21018,0.000094,3.911348e-12,0.00000300
21019,0.000099,3.911331e-12,0.00000603
21020,0.000099,3.903715e-12,0.00000476
21021,0.000094,3.897717e-12,0.00000383
21022,0.000100,3.892654e-12,0.00000318
21023,0.000103,3.888132e-12,0.00000273
21024,0.000098,3.885902e-12,0.00000517
21025,0.000097,3.879442e-12,0.00000413
21026,0.000103,3.874120e-12,0.00000339
21027,0.000097,3.869457e-12,0.00000287
21028,0.000096,3.868429e-12,0.00000563
21029,0.000099,3.861402e-12,0.00000446
21030,0.000105,3.855761e-12,0.00000362
21031,0.000097,3.850921e-12,0.00000303
21032,0.000096,3.846545e-12,0.00000263
21033,0.000103,3.843628e-12,0.00000484
21034,0.000095,3.837594e-12,0.00000389
21035,0.001787,3.832535e-12,0.00000321
21036,0.000115,3.828040e-12,0.00000275
21037,0.000097,3.826157e-12,0.00000526
21038,0.000145,3.819640e-12,0.00000419
21039,0.000383,3.814310e-12,0.00000343
21040,0.000148,3.809666e-12,0.00000289
21041,0.000100,3.809035e-12,0.00000573
21042,0.000096,3.801926e-12,0.00000453
21043,0.000092,3.796262e-12,0.00000367
21044,0.000092,3.791433e-12,0.00000306
21045,0.000097,3.787088e-12,0.00000264
21046,0.000094,3.784483e-12,0.00000492
21047,0.000092,3.778408e-12,0.00000394
21048,0.000097,3.773350e-12,0.00000325
21049,0.000091,3.768880e-12,0.00000277
21050,0.000093,3.767352e-12,0.00000535
21051,0.000092,3.760772e-12,0.00000425
21052,0.000099,3.755430e-12,0.00000347
21053,0.000093,3.750804e-12,0.00000292
21054,0.000103,3.750580e-12,0.00000583
21055,0.000101,3.743381e-12,0.00000460
21056,0.000093,3.737689e-12,0.00000371
21057,0.000095,3.732869e-12,0.00000309
21058,0.000101,3.728552e-12,0.00000266
21059,0.000102,3.726267e-12,0.00000500
21060,0.000099,3.720146e-12,0.00000400
21061,0.000098,3.715085e-12,0.00000328
21062,0.000092,3.710637e-12,0.00000279
21063,0.000093,3.709474e-12,0.00000544
21064,0.000100,3.702824e-12,0.00000432
21065,0.000098,3.697466e-12,0.00000351
21066,0.000102,3.692855e-12,0.00000294
21067,0.000101,3.688676e-12,0.00000256
21068,0.000092,3.685753e-12,0.00000468
21069,0.000092,3.680029e-12,0.00000377
21070,0.000093,3.675214e-12,0.00000312
21071,0.000097,3.670925e-12,0.00000268
21072,0.000100,3.668967e-12,0.00000508
21073,0.001423,3.662793e-12,0.00000406
21074,0.000074,3.657726e-12,0.00000332
21075,0.000087,3.653299e-12,0.00000281
21076,0.000086,3.652508e-12,0.00000554
21077,0.000090,3.645783e-12,0.00000439
21078,0.000089,3.640405e-12,0.00000355
21079,0.000094,3.635806e-12,0.00000297
21080,0.000089,3.631657e-12,0.00000257
21081,0.000089,3.629029e-12,0.00000476
21082,0.000094,3.623269e-12,0.00000382
21083,0.000091,3.618456e-12,0.00000315
21084,0.000090,3.614191e-12,0.00000269
21085,0.000096,3.612567e-12,0.00000517
21086,0.000093,3.606337e-12,0.00000412
21087,0.000092,3.601260e-12,0.00000336
21088,0.000096,3.596850e-12,0.00000283
21089,0.000092,3.596442e-12,0.00000564
21090,0.000093,3.589635e-12,0.00000446
21091,0.000099,3.584233e-12,0.00000360
21092,0.000097,3.579643e-12,0.00000300
21093,0.000090,3.575523e-12,0.00000259
21094,0.000098,3.573196e-12,0.00000484
21095,0.000095,3.567394e-12,0.00000387
21096,0.000100,3.562580e-12,0.00000319
21097,0.000118,3.558337e-12,0.00000271
21098,0.000126,3.557056e-12,0.00000526
21099,0.000117,3.550762e-12,0.00000418
21100,0.000119,3.545672e-12,0.00000340
21101,0.000124,3.541278e-12,0.00000286
21102,0.000216,3.541262e-12,0.00000574
21103,0.000169,3.534367e-12,0.00000453
21104,0.000167,3.528936e-12,0.00000365
21105,0.000322,3.524353e-12,0.00000303
21106,0.000154,3.520259e-12,0.00000260
21107,0.000193,3.518239e-12,0.00000492
21108,0.000108,3.512391e-12,0.00000393
21109,0.000104,3.507572e-12,0.00000322
21110,0.001530,3.503350e-12,0.00000273
21111,0.000084,3.502419e-12,0.00000536
21112,0.000080,3.496057e-12,0.00000424
21113,0.000099,3.490950e-12,0.00000344
21114,0.000092,3.486568e-12,0.00000288
21115,0.000092,3.482606e-12,0.00000250
21116,0.000100,3.479965e-12,0.00000460
21117,0.000094,3.474502e-12,0.00000370
21118,0.000092,3.469921e-12,0.00000306
21119,0.000097,3.465852e-12,0.00000262
21120,0.000092,3.464147e-12,0.00000500
21121,0.000095,3.458246e-12,0.00000399
21122,0.000099,3.453421e-12,0.00000326
21123,0.000094,3.449217e-12,0.00000275
21124,0.000098,3.448645e-12,0.00000545
21125,0.000108,3.442208e-12,0.00000431
21126,0.000098,3.437080e-12,0.00000349
21127,0.000097,3.432708e-12,0.00000291
21128,0.000103,3.428774e-12,0.00000252
21129,0.000108,3.426416e-12,0.00000468
21130,0.000097,3.420916e-12,0.00000375
21131,0.000097,3.416336e-12,0.00000309
21132,0.000100,3.412289e-12,0.00000264
21133,0.000099,3.410906e-12,0.00000509
21134,0.000097,3.404948e-12,0.00000405
21135,0.000102,3.400112e-12,0.00000330
21136,0.000097,3.395923e-12,0.00000278
21137,0.000098,3.395721e-12,0.00000555
21138,0.000102,3.389202e-12,0.00000438
21139,0.000096,3.384049e-12,0.00000353
21140,0.000130,3.379685e-12,0.00000294
21141,0.000104,3.375777e-12,0.00000253
21142,0.000099,3.373709e-12,0.00000476
21143,0.000097,3.368166e-12,0.00000380
21144,0.000102,3.363584e-12,0.00000312
21145,0.000097,3.359557e-12,0.00000265
21146,0.000094,3.358504e-12,0.00000518
21147,0.000108,3.352484e-12,0.00000411
21148,0.002290,3.347633e-12,0.00000334
21149,0.000167,3.343457e-12,0.00000280
21150,0.000128,3.339673e-12,0.00000244
21151,0.000120,3.337027e-12,0.00000445
21152,0.000122,3.331845e-12,0.00000358
21153,0.000102,3.327486e-12,0.00000297
21154,0.000102,3.323602e-12,0.00000255
21155,0.000100,3.321829e-12,0.00000484
21156,0.000100,3.316240e-12,0.00000386
21157,0.000093,3.311652e-12,0.00000316
21158,0.000097,3.307644e-12,0.00000268
21159,0.000100,3.306928e-12,0.00000527
21160,0.000097,3.300839e-12,0.00000417
21161,0.000123,3.295970e-12,0.00000338
21162,0.000102,3.291806e-12,0.00000283
21163,0.000094,3.288050e-12,0.00000245
21164,0.000095,3.285670e-12,0.00000453
21165,0.000103,3.280455e-12,0.00000363
21166,0.000093,3.276097e-12,0.00000300
21167,0.000095,3.272236e-12,0.00000256
21168,0.000101,3.270766e-12,0.00000492
21169,0.000094,3.265125e-12,0.00000392
21170,0.000097,3.260529e-12,0.00000320
21171,0.000099,3.256536e-12,0.00000270
21172,0.000095,3.256167e-12,0.00000536
21173,0.000097,3.250004e-12,0.00000424
21174,0.000097,3.245113e-12,0.00000343
21175,0.000102,3.240957e-12,0.00000285
21176,0.000097,3.237226e-12,0.00000246
21177,0.000102,3.235120e-12,0.00000460
21178,0.000101,3.229866e-12,0.00000368
21179,0.000098,3.225508e-12,0.00000303
21180,0.000097,3.221667e-12,0.00000258
21181,0.000102,3.220507e-12,0.00000501
21182,0.000098,3.214809e-12,0.00000398
21183,0.000099,3.210200e-12,0.00000324
21184,0.000101,3.206222e-12,0.00000272
21185,0.000097,3.206208e-12,0.00000546
21186,0.001460,3.199965e-12,0.00000431
21187,0.000083,3.195048e-12,0.00000347
21188,0.000089,3.190898e-12,0.00000288
21189,0.000090,3.187191e-12,0.00000248
21190,0.000099,3.185363e-12,0.00000468
21191,0.000095,3.180067e-12,0.00000374
21192,0.000093,3.175705e-12,0.00000307
21193,0.000092,3.171883e-12,0.00000260
21194,0.000098,3.171040e-12,0.00000510
21195,0.000093,3.165280e-12,0.00000404
21196,0.000096,3.160656e-12,0.00000328
21197,0.000100,3.156688e-12,0.00000274
21198,0.000097,3.153101e-12,0.00000238
21199,0.000097,3.150710e-12,0.00000438
21200,0.000100,3.145763e-12,0.00000352
21201,0.000094,3.141617e-12,0.00000291
21202,0.000093,3.137932e-12,0.00000249
21203,0.000105,3.136388e-12,0.00000476
21204,0.000140,3.131046e-12,0.00000379
21205,0.000169,3.126677e-12,0.00000310
21206,0.000150,3.122871e-12,0.00000262
21207,0.000127,3.122353e-12,0.00000519
21208,0.000145,3.116526e-12,0.00000410
21209,0.000211,3.111883e-12,0.00000332
21210,0.000166,3.107924e-12,0.00000277
21211,0.000183,3.104362e-12,0.00000239
21212,0.000244,3.102228e-12,0.00000445
21213,0.000231,3.097248e-12,0.00000357
21214,0.000137,3.093101e-12,0.00000294
21215,0.000166,3.089437e-12,0.00000251
21216,0.000111,3.088185e-12,0.00000484
21217,0.000102,3.082791e-12,0.00000385
21218,0.000125,3.078412e-12,0.00000314
21219,0.000112,3.074620e-12,0.00000264
21220,0.000105,3.074436e-12,0.00000528
21221,0.000098,3.068535e-12,0.00000417
21222,0.000101,3.063869e-12,0.00000336
21223,0.000095,3.059918e-12,0.00000280
21224,0.001475,3.056380e-12,0.00000241
21225,0.000081,3.054507e-12,0.00000453
21226,0.000075,3.049489e-12,0.00000362
21227,0.000098,3.045340e-12,0.00000297
21228,0.000091,3.041694e-12,0.00000253
21229,0.000096,3.040741e-12,0.00000493
21230,0.000090,3.035290e-12,0.00000391
21231,0.000091,3.030898e-12,0.00000318
21232,0.000097,3.027118e-12,0.00000266
21233,0.000093,3.023692e-12,0.00000232
21234,0.000093,3.021296e-12,0.00000424
21235,0.000097,3.016604e-12,0.00000341
21236,0.000093,3.012657e-12,0.00000282
21237,0.000093,3.009141e-12,0.00000242
21238,0.000096,3.007536e-12,0.00000460
21239,0.000102,3.002476e-12,0.00000367
21240,0.000099,2.998322e-12,0.00000301
21241,0.000093,2.994693e-12,0.00000255
21242,0.000098,2.994045e-12,0.00000501
21243,0.000102,2.988532e-12,0.00000397
21244,0.000095,2.984124e-12,0.00000322
21245,0.000101,2.980353e-12,0.00000269
21246,0.000096,2.976952e-12,0.00000233
21247,0.000096,2.974798e-12,0.00000431
21248,0.000100,2.970076e-12,0.00000346
21249,0.000094,2.966131e-12,0.00000285
21250,0.000095,2.962635e-12,0.00000244
21251,0.000103,2.961304e-12,0.00000468
21252,0.000098,2.956197e-12,0.00000373
21253,0.000097,2.952035e-12,0.00000304
21254,0.000101,2.948420e-12,0.00000257
21255,0.000097,2.948086e-12,0.00000510
21256,0.000099,2.942506e-12,0.00000403
21257,0.000094,2.938078e-12,0.00000326
21258,0.000102,2.934315e-12,0.00000271
21259,0.000093,2.930938e-12,0.00000234
21260,0.000097,2.929030e-12,0.00000438
21261,0.001953,2.924274e-12,0.00000351
21262,0.000106,2.920328e-12,0.00000288
21263,0.000132,2.916851e-12,0.00000246
21264,0.000114,2.915800e-12,0.00000476
21265,0.000096,2.910641e-12,0.00000378
21266,0.000098,2.906469e-12,0.00000308
21267,0.000089,2.902867e-12,0.00000259
21268,0.000088,2.902854e-12,0.00000520
21269,0.000100,2.897202e-12,0.00000410
21270,0.000094,2.892750e-12,0.00000330
21271,0.000094,2.888993e-12,0.00000274
21272,0.000095,2.885637e-12,0.00000236
21273,0.000093,2.883981e-12,0.00000445
21274,0.000092,2.879187e-12,0.00000356
21275,0.000097,2.875238e-12,0.00000292
21276,0.000091,2.871777e-12,0.00000247
21277,0.000093,2.871014e-12,0.00000485
21278,0.000097,2.865798e-12,0.00000384
21279,0.000094,2.861612e-12,0.00000312
21280,0.000099,2.858020e-12,0.00000261
21281,0.000097,2.854772e-12,0.00000227
21282,0.000092,2.852607e-12,0.00000417
21283,0.000093,2.848129e-12,0.00000335
21284,0.000093,2.844374e-12,0.00000277
21285,0.000096,2.841038e-12,0.00000237
21286,0.000093,2.839641e-12,0.00000453
21287,0.000092,2.834804e-12,0.00000361
21288,0.000100,2.830848e-12,0.00000295
21289,0.000092,2.827402e-12,0.00000249
21290,0.000094,2.826934e-12,0.00000494
21291,0.000100,2.821657e-12,0.00000390
21292,0.000094,2.817453e-12,0.00000316
21293,0.000097,2.813870e-12,0.00000263
21294,0.000098,2.810645e-12,0.00000228
21295,0.000095,2.808712e-12,0.00000424
21296,0.000093,2.804203e-12,0.00000340
21297,0.000099,2.800449e-12,0.00000280
21298,0.000093,2.797132e-12,0.00000239
21299,0.001396,2.795998e-12,0.00000461
21300,0.000073,2.791114e-12,0.00000366
21301,0.000082,2.787150e-12,0.00000299
21302,0.000084,2.783716e-12,0.00000251
21303,0.000087,2.783550e-12,0.00000502
21304,0.000089,2.778207e-12,0.00000397
21305,0.000093,2.773983e-12,0.00000320
21306,0.000089,2.770405e-12,0.00000266
21307,0.000087,2.767202e-12,0.00000229
21308,0.000095,2.765506e-12,0.00000431
21309,0.000090,2.760963e-12,0.00000344
21310,0.000091,2.757207e-12,0.00000283
21311,0.000106,2.753906e-12,0.00000240
21312,0.000107,2.753043e-12,0.00000469
21313,0.000105,2.748108e-12,0.00000372
21314,0.000105,2.744131e-12,0.00000302
21315,0.000099,2.740709e-12,0.00000254
21316,0.000097,2.737607e-12,0.00000220
21317,0.000116,2.735438e-12,0.00000403
21318,0.000142,2.731190e-12,0.00000324
21319,0.000209,2.727616e-12,0.00000269
21320,0.000142,2.724433e-12,0.00000230
21321,0.000115,2.722980e-12,0.00000438
21322,0.000137,2.718398e-12,0.00000349
21323,0.000170,2.714637e-12,0.00000286
21324,0.000123,2.711351e-12,0.00000242
21325,0.000117,2.710765e-12,0.00000477
21326,0.000309,2.705774e-12,0.00000378
21327,0.000110,2.701782e-12,0.00000306
21328,0.000164,2.698369e-12,0.00000256
21329,0.000099,2.695290e-12,0.00000222
21330,0.000104,2.693339e-12,0.00000410
21331,0.000096,2.689064e-12,0.00000329
21332,0.000095,2.685492e-12,0.00000272
21333,0.000100,2.682327e-12,0.00000232
21334,0.000097,2.681122e-12,0.00000446
21335,0.000100,2.676498e-12,0.00000355
21336,0.001508,2.672730e-12,0.00000290
21337,0.000083,2.669457e-12,0.00000244
21338,0.000099,2.669155e-12,0.00000486
21339,0.000098,2.664103e-12,0.00000384
21340,0.000101,2.660093e-12,0.00000310
21341,0.000093,2.656687e-12,0.00000258
21342,0.000092,2.653629e-12,0.00000223
21343,0.000094,2.651902e-12,0.00000417
21344,0.000099,2.647596e-12,0.00000334
21345,0.000093,2.644023e-12,0.00000274
21346,0.000096,2.640874e-12,0.00000234
21347,0.000099,2.639923e-12,0.00000453
21348,0.000096,2.635253e-12,0.00000360
21349,0.000096,2.631475e-12,0.00000293
21350,0.000100,2.628213e-12,0.00000246
21351,0.000095,2.628202e-12,0.00000494
21352,0.000095,2.623084e-12,0.00000390
21353,0.000103,2.619054e-12,0.00000314
21354,0.000096,2.615652e-12,0.00000261
21355,0.000093,2.612614e-12,0.00000224
21356,0.000100,2.611115e-12,0.00000424
21357,0.000094,2.606774e-12,0.00000338
21358,0.000095,2.603198e-12,0.00000278
21359,0.000101,2.600065e-12,0.00000235
21360,0.000096,2.599374e-12,0.00000461
21361,0.000099,2.594652e-12,0.00000366
21362,0.000097,2.590862e-12,0.00000297
21363,0.000113,2.587610e-12,0.00000248
21364,0.000097,2.584669e-12,0.00000216
21365,0.000105,2.582709e-12,0.00000396
21366,0.000103,2.578654e-12,0.00000319
21367,0.000099,2.575255e-12,0.00000263
21368,0.000096,2.572235e-12,0.00000226
21369,0.000103,2.570970e-12,0.00000431
21370,0.000095,2.566590e-12,0.00000343
21371,0.000100,2.563009e-12,0.00000281
21372,0.000100,2.559889e-12,0.00000237
21373,0.000097,2.559465e-12,0.00000470
21374,0.002221,2.554688e-12,0.00000371
21375,0.000111,2.550882e-12,0.00000301
21376,0.000127,2.547637e-12,0.00000251
21377,0.000109,2.544717e-12,0.00000217
21378,0.000108,2.542967e-12,0.00000403
21379,0.000103,2.538885e-12,0.00000323
21380,0.000101,2.535486e-12,0.00000266
21381,0.000095,2.532482e-12,0.00000227
21382,0.000094,2.531456e-12,0.00000438
21383,0.000100,2.527034e-12,0.00000349
21384,0.000096,2.523445e-12,0.00000284
21385,0.000095,2.520336e-12,0.00000239
21386,0.000102,2.520186e-12,0.00000478
21387,0.000095,2.515348e-12,0.00000377
21388,0.000098,2.511524e-12,0.00000305
21389,0.000102,2.508285e-12,0.00000253
21390,0.000093,2.505384e-12,0.00000218
21391,0.000095,2.503849e-12,0.00000410
21392,0.000101,2.499736e-12,0.00000328
21393,0.000103,2.496335e-12,0.00000269
21394,0.000095,2.493347e-12,0.00000229
21395,0.000098,2.492565e-12,0.00000446
21396,0.000095,2.488097e-12,0.00000354
21397,0.000096,2.484497e-12,0.00000288
21398,0.000095,2.481398e-12,0.00000241
21399,0.000098,2.478589e-12,0.00000210
21400,0.000096,2.476626e-12,0.00000384
21401,0.000097,2.472780e-12,0.00000309
21402,0.000100,2.469544e-12,0.00000256
21403,0.000096,2.466662e-12,0.00000219
21404,0.000097,2.465346e-12,0.00000417
21405,0.000102,2.461198e-12,0.00000333
21406,0.000099,2.457793e-12,0.00000272
21407,0.000110,2.454818e-12,0.00000230
21408,0.000101,2.454287e-12,0.00000454
21409,0.000096,2.449769e-12,0.00000359
21410,0.000097,2.446155e-12,0.00000291
21411,0.001524,2.443064e-12,0.00000243
21412,0.000078,2.440276e-12,0.00000211
21413,0.000080,2.438511e-12,0.00000390
21414,0.000101,2.434640e-12,0.00000313
21415,0.000107,2.431406e-12,0.00000258
21416,0.000106,2.428540e-12,0.00000221
21417,0.000099,2.427449e-12,0.00000424
21418,0.000104,2.423263e-12,0.00000337
21419,0.000100,2.419851e-12,0.00000275
21420,0.000097,2.416888e-12,0.00000232
21421,0.000101,2.416614e-12,0.00000462
21422,0.000095,2.412040e-12,0.00000365
21423,0.000097,2.408410e-12,0.00000295
21424,0.000103,2.405326e-12,0.00000246
21425,0.000100,2.402557e-12,0.00000212
21426,0.000101,2.400994e-12,0.00000396
21427,0.000101,2.397095e-12,0.00000317
21428,0.000106,2.393860e-12,0.00000261
21429,0.000159,2.391009e-12,0.00000222
21430,0.000181,2.390149e-12,0.00000431
21431,0.000124,2.385920e-12,0.00000343
21432,0.000124,2.382499e-12,0.00000279
21433,0.000113,2.379546e-12,0.00000234
21434,0.000137,2.379536e-12,0.00000471
21435,0.000195,2.374903e-12,0.00000371
21436,0.000179,2.371254e-12,0.00000299
21437,0.000126,2.368174e-12,0.00000248
21438,0.000102,2.365423e-12,0.00000213
21439,0.000103,2.364066e-12,0.00000403
21440,0.000106,2.360136e-12,0.00000322
21441,0.000101,2.356898e-12,0.00000264
21442,0.000143,2.354061e-12,0.00000224
21443,0.000143,2.353436e-12,0.00000439
21444,0.000102,2.349161e-12,0.00000348
21445,0.000102,2.345729e-12,0.00000282
21446,0.000101,2.342784e-12,0.00000236
21447,0.000099,2.340122e-12,0.00000205
21448,0.000096,2.338348e-12,0.00000377
21449,0.001490,2.334676e-12,0.00000303
21450,0.000077,2.331599e-12,0.00000251
21451,0.000074,2.328864e-12,0.00000215
21452,0.000099,2.327719e-12,0.00000410
21453,0.000095,2.323754e-12,0.00000327
21454,0.000096,2.320511e-12,0.00000267
21455,0.000089,2.317686e-12,0.00000226
21456,0.000094,2.317303e-12,0.00000447
21457,0.000095,2.312977e-12,0.00000353
21458,0.000094,2.309531e-12,0.00000286
21459,0.000095,2.306594e-12,0.00000239
21460,0.000098,2.303950e-12,0.00000206
21461,0.000095,2.302366e-12,0.00000383
21462,0.000092,2.298670e-12,0.00000307
21463,0.000095,2.295592e-12,0.00000253
21464,0.000098,2.292873e-12,0.00000216
21465,0.000094,2.291944e-12,0.00000417
21466,0.000103,2.287941e-12,0.00000332
21467,0.000099,2.284691e-12,0.00000270
21468,0.000099,2.281876e-12,0.00000228
21469,0.000093,2.281740e-12,0.00000455
21470,0.000100,2.277360e-12,0.00000359
21471,0.000096,2.273897e-12,0.00000290
21472,0.000094,2.270965e-12,0.00000241
21473,0.000099,2.268339e-12,0.00000207
21474,0.000104,2.266949e-12,0.00000390
21475,0.000101,2.263225e-12,0.00000312
21476,0.000101,2.260146e-12,0.00000256
21477,0.000095,2.257440e-12,0.00000218
21478,0.000096,2.256732e-12,0.00000424
21479,0.000102,2.252687e-12,0.00000337
21480,0.000096,2.249427e-12,0.00000274
21481,0.000095,2.246622e-12,0.00000230
21482,0.000094,2.244079e-12,0.00000200
21483,0.000100,2.242301e-12,0.00000365
21484,0.000100,2.238819e-12,0.00000294
21485,0.000105,2.235890e-12,0.00000243
21486,0.000100,2.233280e-12,0.00000209
21487,0.002146,2.232089e-12,0.00000397
21488,0.000155,2.228333e-12,0.00000316
21489,0.000138,2.225251e-12,0.00000259
21490,0.000166,2.222557e-12,0.00000219
21491,0.000150,2.222076e-12,0.00000432
21492,0.000142,2.217985e-12,0.00000342
21493,0.000138,2.214713e-12,0.00000277
21494,0.000139,2.211915e-12,0.00000232
21495,0.000140,2.209391e-12,0.00000201
21496,0.000133,2.207792e-12,0.00000371
21497,0.000137,2.204288e-12,0.00000298
21498,0.000145,2.201360e-12,0.00000246
21499,0.000139,2.198765e-12,0.00000210
21500,0.000138,2.197777e-12,0.00000403
21501,0.000147,2.193987e-12,0.00000321
21502,0.000138,2.190898e-12,0.00000262
21503,0.000134,2.188215e-12,0.00000221
21504,0.000145,2.187967e-12,0.00000440
21505,0.000143,2.183826e-12,0.00000347
21506,0.000151,2.180540e-12,0.00000281
21507,0.000148,2.177747e-12,0.00000234
21508,0.000133,2.175240e-12,0.00000202
21509,0.000136,2.173825e-12,0.00000377
21510,0.000156,2.170295e-12,0.00000302
21511,0.000165,2.167366e-12,0.00000248
21512,0.000139,2.164785e-12,0.00000212
21513,0.000138,2.164006e-12,0.00000410
21514,0.000148,2.160177e-12,0.00000326
21515,0.000137,2.157080e-12,0.00000265
21516,0.000146,2.154407e-12,0.00000223
21517,0.000170,2.154398e-12,0.00000448
21518,0.000138,2.150203e-12,0.00000353
21519,0.000141,2.146899e-12,0.00000285
21520,0.000160,2.144110e-12,0.00000236
21521,0.000174,2.141619e-12,0.00000203
21522,0.000160,2.140391e-12,0.00000384
21523,0.000185,2.136833e-12,0.00000306
21524,0.001969,2.133902e-12,0.00000251
21525,0.000104,2.131333e-12,0.00000213
21526,0.000142,2.130767e-12,0.00000418
21527,0.000200,2.126896e-12,0.00000331
21528,0.000127,2.123789e-12,0.00000269
21529,0.000100,2.121123e-12,0.00000225
21530,0.000100,2.118713e-12,0.00000195
21531,0.000108,2.117106e-12,0.00000359
21532,0.000105,2.113782e-12,0.00000288
21533,0.000097,2.110996e-12,0.00000239
21534,0.000114,2.108520e-12,0.00000204
21535,0.000140,2.107483e-12,0.00000390
21536,0.000138,2.103893e-12,0.00000311
21537,0.000101,2.100957e-12,0.00000254
21538,0.000112,2.098400e-12,0.00000215
21539,0.000098,2.098052e-12,0.00000425
21540,0.000097,2.094136e-12,0.00000336
21541,0.000102,2.091016e-12,0.00000272
21542,0.000098,2.088356e-12,0.00000227
21543,0.000092,2.085963e-12,0.00000196
21544,0.000099,2.084529e-12,0.00000365
21545,0.000094,2.081182e-12,0.00000293
21546,0.000093,2.078396e-12,0.00000241
21547,0.000098,2.075934e-12,0.00000206
21548,0.000106,2.075093e-12,0.00000397
21549,0.000095,2.071468e-12,0.00000316
21550,0.000094,2.068526e-12,0.00000257
21551,0.000100,2.065978e-12,0.00000217
21552,0.000108,2.065855e-12,0.00000433
21553,0.000107,2.061889e-12,0.00000342
21554,0.000103,2.058754e-12,0.00000276
21555,0.000104,2.056099e-12,0.00000229
21556,0.000097,2.053721e-12,0.00000197
21557,0.000104,2.052463e-12,0.00000371
21558,0.000095,2.049091e-12,0.00000297
21559,0.000094,2.046303e-12,0.00000244
21560,0.000100,2.043854e-12,0.00000207
21561,0.000103,2.043213e-12,0.00000404
21562,0.000111,2.039550e-12,0.00000320
21563,0.000154,2.036599e-12,0.00000260
21564,0.000104,2.034059e-12,0.00000218
21565,0.000093,2.031757e-12,0.00000190
21566,0.001459,2.030147e-12,0.00000347
21567,0.000076,2.026994e-12,0.00000279
21568,0.000073,2.024342e-12,0.00000231
21569,0.000071,2.021979e-12,0.00000199
21570,0.000084,2.020901e-12,0.00000377
21571,0.000090,2.017501e-12,0.00000301
21572,0.000088,2.014710e-12,0.00000247
21573,0.000086,2.012271e-12,0.00000209
21574,0.000093,2.011836e-12,0.00000411
21575,0.000089,2.008132e-12,0.00000325
21576,0.000091,2.005169e-12,0.00000264
21577,0.000095,2.002636e-12,0.00000220
21578,0.000089,2.000350e-12,0.00000191
21579,0.000092,1.998903e-12,0.00000353
21580,0.000097,1.995730e-12,0.00000283
21581,0.000091,1.993079e-12,0.00000234
21582,0.000092,1.990730e-12,0.00000200
21583,0.000108,1.989836e-12,0.00000384
21584,0.000094,1.986404e-12,0.00000306
21585,0.000097,1.983608e-12,0.00000249
21586,0.000102,1.981179e-12,0.00000210
21587,0.000107,1.980954e-12,0.00000418
21588,0.000119,1.977205e-12,0.00000331
21589,0.000123,1.974229e-12,0.00000267
21590,0.000123,1.971701e-12,0.00000222
21591,0.000128,1.969431e-12,0.00000192
21592,0.000144,1.968150e-12,0.00000359
21593,0.000207,1.964954e-12,0.00000287
21594,0.000152,1.962302e-12,0.00000236
21595,0.000114,1.959965e-12,0.00000201
21596,0.000117,1.959260e-12,0.00000391
21597,0.000103,1.955793e-12,0.00000310
21598,0.000139,1.952989e-12,0.00000252
21599,0.000213,1.950569e-12,0.00000212
21600,0.000106,1.950561e-12,0.00000426
21601,0.000123,1.946762e-12,0.00000336
21602,0.000104,1.943771e-12,0.00000271
21603,0.000097,1.941246e-12,0.00000225
21604,0.000101,1.938991e-12,0.00000193
21605,0.001502,1.937879e-12,0.00000365
21606,0.000077,1.934658e-12,0.00000292
21607,0.000091,1.932004e-12,0.00000239
21608,0.000091,1.929678e-12,0.00000203
21609,0.000099,1.929166e-12,0.00000397
21610,0.000093,1.925661e-12,0.00000315
21611,0.000093,1.922848e-12,0.00000256
21612,0.000098,1.920434e-12,0.00000214
21613,0.000090,1.918252e-12,0.00000186
21614,0.000092,1.916797e-12,0.00000342
21615,0.000092,1.913788e-12,0.00000274
21616,0.000098,1.911265e-12,0.00000227
21617,0.000093,1.909023e-12,0.00000194
21618,0.000095,1.908085e-12,0.00000371
21619,0.000101,1.904835e-12,0.00000296
21620,0.000093,1.902176e-12,0.00000242
21621,0.000093,1.899861e-12,0.00000204
21622,0.000101,1.899546e-12,0.00000405
21623,0.000095,1.896001e-12,0.00000320
21624,0.000175,1.893176e-12,0.00000259
21625,0.000114,1.890768e-12,0.00000216
21626,0.000100,1.888601e-12,0.00000187
21627,0.000106,1.887302e-12,0.00000347
21628,0.000110,1.884272e-12,0.00000278
21629,0.000097,1.881750e-12,0.00000229
21630,0.000099,1.879521e-12,0.00000196
21631,0.000104,1.878759e-12,0.00000378
21632,0.000097,1.875477e-12,0.00000300
21633,0.000099,1.872813e-12,0.00000245
21634,0.000104,1.870506e-12,0.00000206
21635,0.000111,1.870395e-12,0.00000412
21636,0.000103,1.866805e-12,0.00000325
21637,0.000099,1.863966e-12,0.00000262
21638,0.000103,1.861562e-12,0.00000218
21639,0.000095,1.859410e-12,0.00000188
21640,0.000096,1.858270e-12,0.00000353
21641,0.000102,1.855218e-12,0.00000282
21642,0.000099,1.852694e-12,0.00000232
21643,0.000102,1.850475e-12,0.00000197
21644,0.000103,1.849896e-12,0.00000384
21645,0.002453,1.846579e-12,0.00000305
21646,0.000104,1.843907e-12,0.00000248
21647,0.000100,1.841608e-12,0.00000208
21648,0.000126,1.839523e-12,0.00000181
21649,0.000115,1.838066e-12,0.00000330
21650,0.000101,1.835212e-12,0.00000266
21651,0.000097,1.832810e-12,0.00000220
21652,0.000103,1.830671e-12,0.00000189
21653,0.000102,1.829695e-12,0.00000359
21654,0.000099,1.826616e-12,0.00000286
21655,0.000111,1.824089e-12,0.00000235
21656,0.000095,1.821881e-12,0.00000199
21657,0.000097,1.821487e-12,0.00000391
21658,0.000100,1.818133e-12,0.00000310
21659,0.000100,1.815451e-12,0.00000251
21660,0.000100,1.813158e-12,0.00000210
21661,0.000101,1.811088e-12,0.00000182
21662,0.000097,1.809778e-12,0.00000336
21663,0.000097,1.806905e-12,0.00000270
21664,0.000101,1.804505e-12,0.00000223
21665,0.000108,1.802378e-12,0.00000190
21666,0.000118,1.801569e-12,0.00000365
21667,0.000104,1.798462e-12,0.00000291
21668,0.000104,1.795930e-12,0.00000237
21669,0.000098,1.793730e-12,0.00000200
21670,0.000100,1.793527e-12,0.00000398
21671,0.000104,1.790133e-12,0.00000315
21672,0.000103,1.787439e-12,0.00000254
21673,0.000106,1.785149e-12,0.00000212
21674,0.000117,1.783094e-12,0.00000183
21675,0.000140,1.781934e-12,0.00000341
21676,0.000119,1.779041e-12,0.00000273
21677,0.000113,1.776640e-12,0.00000225
21678,0.000101,1.774524e-12,0.00000192
21679,0.000105,1.773886e-12,0.00000372
21680,0.000112,1.770747e-12,0.00000295
21681,0.000098,1.768208e-12,0.00000240
21682,0.000095,1.766017e-12,0.00000202
21683,0.001509,1.766010e-12,0.00000405
21684,0.000078,1.762571e-12,0.00000320
21685,0.000078,1.759862e-12,0.00000258
21686,0.000104,1.757576e-12,0.00000214
21687,0.000091,1.755535e-12,0.00000184
21688,0.000093,1.754528e-12,0.00000347
21689,0.000098,1.751611e-12,0.00000277
21690,0.000092,1.749208e-12,0.00000228
21691,0.000091,1.747103e-12,0.00000193
21692,0.000099,1.746639e-12,0.00000378
21693,0.000261,1.743466e-12,0.00000300
21694,0.000125,1.740919e-12,0.00000243
21695,0.000126,1.738733e-12,0.00000204
21696,0.000123,1.736758e-12,0.00000177
21697,0.000152,1.735441e-12,0.00000325
21698,0.000131,1.732716e-12,0.00000261
21699,0.000128,1.730432e-12,0.00000216
21700,0.000290,1.728402e-12,0.00000185
21701,0.000286,1.727552e-12,0.00000353
21702,0.000122,1.724610e-12,0.00000282
21703,0.000097,1.722203e-12,0.00000230
21704,0.000093,1.720106e-12,0.00000194
21705,0.000099,1.719822e-12,0.00000385
21706,0.000096,1.716612e-12,0.00000304
21707,0.000095,1.714054e-12,0.00000246
21708,0.000102,1.711874e-12,0.00000206
21709,0.000092,1.709912e-12,0.00000178
21710,0.000094,1.708736e-12,0.00000330
21711,0.000100,1.705993e-12,0.00000265
21712,0.000097,1.703709e-12,0.00000218
21713,0.000094,1.701691e-12,0.00000186
21714,0.000100,1.701001e-12,0.00000359
21715,0.000095,1.698030e-12,0.00000286
21716,0.000095,1.695618e-12,0.00000233
21717,0.000101,1.693529e-12,0.00000196
21718,0.000094,1.693429e-12,0.00000392
21719,0.000095,1.690178e-12,0.00000309
21720,0.000108,1.687608e-12,0.00000250
21721,0.001484,1.685431e-12,0.00000207
21722,0.000079,1.683483e-12,0.00000179
21723,0.000079,1.682451e-12,0.00000336
21724,0.000099,1.679687e-12,0.00000269
21725,0.000099,1.677402e-12,0.00000221
21726,0.000092,1.675394e-12,0.00000187
21727,0.000092,1.674869e-12,0.00000366
21728,0.000097,1.671866e-12,0.00000290
21729,0.000093,1.669447e-12,0.00000236
21730,0.000123,1.667365e-12,0.00000198
21731,0.000113,1.665478e-12,0.00000172
21732,0.000093,1.664158e-12,0.00000314
21733,0.000097,1.661574e-12,0.00000253
21734,0.000102,1.659400e-12,0.00000210
21735,0.000096,1.657463e-12,0.00000180
21736,0.000095,1.656579e-12,0.00000342
21737,0.000102,1.653792e-12,0.00000273
21738,0.000098,1.651504e-12,0.00000223
21739,0.000094,1.649505e-12,0.00000189
21740,0.000100,1.649148e-12,0.00000372
21741,0.000099,1.646112e-12,0.00000295
21742,0.000095,1.643683e-12,0.00000239
21743,0.000096,1.641607e-12,0.00000200
21744,0.000096,1.639733e-12,0.00000173
21745,0.000095,1.638547e-12,0.00000320
21746,0.000096,1.635946e-12,0.00000257
21747,0.000100,1.633773e-12,0.00000212
21748,0.000093,1.631847e-12,0.00000181
21749,0.000096,1.631114e-12,0.00000348
21750,0.000102,1.628301e-12,0.00000277
21751,0.000096,1.626009e-12,0.00000226
21752,0.000095,1.624018e-12,0.00000190
21753,0.000101,1.623834e-12,0.00000379
21754,0.000096,1.620760e-12,0.00000299
21755,0.000099,1.618321e-12,0.00000242
21756,0.000112,1.616248e-12,0.00000201
21757,0.000124,1.614388e-12,0.00000174
21758,0.000137,1.613338e-12,0.00000325
21759,0.001707,1.610718e-12,0.00000260
21760,0.000085,1.608544e-12,0.00000214
21761,0.000099,1.606629e-12,0.00000182
21762,0.000094,1.606050e-12,0.00000354
21763,0.000098,1.603209e-12,0.00000281
21764,0.000092,1.600910e-12,0.00000229
21765,0.000091,1.598926e-12,0.00000192
21766,0.000097,1.598920e-12,0.00000386
21767,0.000092,1.595806e-12,0.00000304
21768,0.000092,1.593354e-12,0.00000245
21769,0.000093,1.591284e-12,0.00000203
21770,0.000097,1.589436e-12,0.00000175
21771,0.000096,1.588524e-12,0.00000330
21772,0.000095,1.585883e-12,0.00000264
21773,0.000099,1.583708e-12,0.00000216
21774,0.000091,1.581801e-12,0.00000184
21775,0.000095,1.581382e-12,0.00000360
21776,0.000102,1.578509e-12,0.00000285
21777,0.000096,1.576203e-12,0.00000231
21778,0.000100,1.574224e-12,0.00000194
21779,0.000098,1.572435e-12,0.00000168
21780,0.000095,1.571243e-12,0.00000309
21781,0.000096,1.568776e-12,0.00000249
21782,0.000102,1.566708e-12,0.00000205
21783,0.000095,1.564870e-12,0.00000176
21784,0.000096,1.564101e-12,0.00000336
21785,0.000101,1.561437e-12,0.00000268
21786,0.000106,1.559258e-12,0.00000219
21787,0.000112,1.557360e-12,0.00000185
21788,0.000108,1.557102e-12,0.00000366
21789,0.000108,1.554195e-12,0.00000290
21790,0.000104,1.551880e-12,0.00000234
21791,0.000105,1.549906e-12,0.00000196
21792,0.000101,1.548130e-12,0.00000169
21793,0.000099,1.547065e-12,0.00000314
21794,0.000097,1.544582e-12,0.00000252
21795,0.000103,1.542514e-12,0.00000208
21796,0.000097,1.540686e-12,0.00000177
21797,0.000108,1.540062e-12,0.00000342
21798,0.000111,1.537372e-12,0.00000272
21799,0.001525,1.535188e-12,0.00000222
21800,0.000078,1.533297e-12,0.00000187
21801,0.000100,1.533206e-12,0.00000373
21802,0.000093,1.530263e-12,0.00000294
21803,0.000091,1.527936e-12,0.00000238
21804,0.000096,1.525965e-12,0.00000197
21805,0.000090,1.524201e-12,0.00000170
21806,0.000094,1.523267e-12,0.00000320
21807,0.000098,1.520765e-12,0.00000256
21808,0.000095,1.518696e-12,0.00000210
21809,0.000106,1.516877e-12,0.00000178
21810,0.000150,1.516402e-12,0.00000348
21811,0.000132,1.513684e-12,0.00000276
21812,0.000377,1.511493e-12,0.00000224
21813,0.000154,1.509608e-12,0.00000188
21814,0.000145,1.507900e-12,0.00000164
21815,0.000157,1.506705e-12,0.00000299
21816,0.000163,1.504365e-12,0.00000241
21817,0.000152,1.502397e-12,0.00000199
21818,0.000153,1.500643e-12,0.00000171
21819,0.000133,1.499843e-12,0.00000325
21820,0.000126,1.497319e-12,0.00000259
21821,0.000098,1.495248e-12,0.00000212
21822,0.000147,1.493438e-12,0.00000180
21823,0.000105,1.493115e-12,0.00000354
21824,0.000096,1.490366e-12,0.00000280
21825,0.000094,1.488167e-12,0.00000227
21826,0.000104,1.486287e-12,0.00000190
21827,0.000095,1.484591e-12,0.00000164
21828,0.000092,1.483517e-12,0.00000304
21829,0.000100,1.481162e-12,0.00000244
21830,0.000092,1.479194e-12,0.00000202
21831,0.000092,1.477451e-12,0.00000172
21832,0.000098,1.476788e-12,0.00000331
21833,0.000093,1.474240e-12,0.00000263
21834,0.000093,1.472165e-12,0.00000215
21835,0.000088,1.470362e-12,0.00000181
21836,0.000097,1.470196e-12,0.00000360
21837,0.000100,1.467413e-12,0.00000285
21838,0.001602,1.465205e-12,0.00000230
21839,0.000073,1.463328e-12,0.00000192
21840,0.000084,1.461644e-12,0.00000165
21841,0.000088,1.460693e-12,0.00000309
21842,0.000096,1.458321e-12,0.00000248
21843,0.000092,1.456353e-12,0.00000204
21844,0.000092,1.454618e-12,0.00000173
21845,0.000096,1.454095e-12,0.00000336
21846,0.000090,1.451522e-12,0.00000267
21847,0.000089,1.449441e-12,0.00000218
21848,0.000089,1.447645e-12,0.00000183
21849,0.000097,1.447639e-12,0.00000367
21850,0.000092,1.444820e-12,0.00000289
21851,0.000092,1.442600e-12,0.00000233
21852,0.000098,1.440726e-12,0.00000194
21853,0.000090,1.439052e-12,0.00000166
21854,0.000092,1.438227e-12,0.00000314
21855,0.000099,1.435836e-12,0.00000251
21856,0.000093,1.433866e-12,0.00000206
21857,0.000096,1.432140e-12,0.00000175
21858,0.000097,1.431760e-12,0.00000342
21859,0.000094,1.429159e-12,0.00000271
21860,0.000092,1.427071e-12,0.00000220
21861,0.000096,1.425280e-12,0.00000184
21862,0.000092,1.423660e-12,0.00000160
21863,0.000093,1.422581e-12,0.00000294
21864,0.000100,1.420347e-12,0.00000236
21865,0.000094,1.418475e-12,0.00000196
21866,0.000094,1.416811e-12,0.00000167
21867,0.000093,1.416115e-12,0.00000320
21868,0.000099,1.413702e-12,0.00000255
21869,0.000094,1.411730e-12,0.00000208
21870,0.000095,1.410011e-12,0.00000176
21871,0.000132,1.409778e-12,0.00000349
21872,0.000115,1.407146e-12,0.00000276
21873,0.000123,1.405050e-12,0.00000223
21874,0.000121,1.403262e-12,0.00000186
21875,0.002138,1.401654e-12,0.00000161
21876,0.000086,1.400691e-12,0.00000299
21877,0.000080,1.398442e-12,0.00000240
21878,0.000092,1.396570e-12,0.00000198
21879,0.000088,1.394915e-12,0.00000169
21880,0.000088,1.394350e-12,0.00000325
21881,0.000093,1.391915e-12,0.00000259
21882,0.000090,1.389937e-12,0.00000211
21883,0.000088,1.388225e-12,0.00000177
21884,0.000091,1.388143e-12,0.00000355
21885,0.000094,1.385478e-12,0.00000280
21886,0.000091,1.383371e-12,0.00000226
21887,0.000090,1.381587e-12,0.00000188
21888,0.000095,1.379989e-12,0.00000162
21889,0.000092,1.379144e-12,0.00000304
21890,0.000093,1.376878e-12,0.00000243
21891,0.000096,1.375005e-12,0.00000200
21892,0.000091,1.373359e-12,0.00000170
21893,0.000091,1.372929e-12,0.00000331
21894,0.000103,1.370467e-12,0.00000263
21895,0.000092,1.368484e-12,0.00000213
21896,0.000092,1.366777e-12,0.00000179
21897,0.000096,1.365230e-12,0.00000156
21898,0.000091,1.364149e-12,0.00000285
21899,0.000093,1.362031e-12,0.00000229
21900,0.000097,1.360248e-12,0.00000190
21901,0.000091,1.358661e-12,0.00000163
21902,0.000093,1.357936e-12,0.00000309
21903,0.000092,1.355651e-12,0.00000247
21904,0.000100,1.353776e-12,0.00000202
21905,0.000094,1.352137e-12,0.00000171
21906,0.000094,1.351845e-12,0.00000337
21907,0.000102,1.349356e-12,0.00000267
21908,0.000092,1.347365e-12,0.00000216
21909,0.000094,1.345663e-12,0.00000181
21910,0.000099,1.344127e-12,0.00000156
21911,0.000094,1.343155e-12,0.00000289
21912,0.000094,1.341023e-12,0.00000232
21913,0.000106,1.339241e-12,0.00000192
21914,0.000091,1.337663e-12,0.00000164
21915,0.001430,1.337062e-12,0.00000315
21916,0.000078,1.334756e-12,0.00000250
21917,0.000081,1.332877e-12,0.00000204
21918,0.000084,1.331245e-12,0.00000172
21919,0.000090,1.331094e-12,0.00000343
21920,0.000087,1.328575e-12,0.00000271
21921,0.000088,1.326575e-12,0.00000219
21922,0.000091,1.324876e-12,0.00000182
21923,0.000103,1.323351e-12,0.00000157
21924,0.000111,1.322490e-12,0.00000294
21925,0.000117,1.320343e-12,0.00000236
21926,0.000116,1.318561e-12,0.00000194
21927,0.000112,1.316991e-12,0.00000165
21928,0.000128,1.316517e-12,0.00000320
21929,0.000173,1.314187e-12,0.00000254
21930,0.000112,1.312303e-12,0.00000207
21931,0.000107,1.310677e-12,0.00000174
21932,0.000114,1.310671e-12,0.00000349
21933,0.000100,1.308119e-12,0.00000275
21934,0.000096,1.306109e-12,0.00000222
21935,0.000100,1.304412e-12,0.00000184
21936,0.000093,1.302897e-12,0.00000158
21937,0.000091,1.302150e-12,0.00000299
21938,0.000126,1.299985e-12,0.00000239
21939,0.000093,1.298202e-12,0.00000196
21940,0.000092,1.296639e-12,0.00000166
21941,0.000093,1.296295e-12,0.00000326
21942,0.000096,1.293940e-12,0.00000258
21943,0.000094,1.292050e-12,0.00000210
21944,0.000098,1.290428e-12,0.00000175
21945,0.000099,1.288961e-12,0.00000152
21946,0.000097,1.287984e-12,0.00000280
21947,0.000096,1.285962e-12,0.00000225
21948,0.000098,1.284267e-12,0.00000186
21949,0.000091,1.282760e-12,0.00000159
21950,0.000093,1.282130e-12,0.00000304
21951,0.000097,1.279946e-12,0.00000243
21952,0.000093,1.278160e-12,0.00000198
21953,0.000090,1.276604e-12,0.00000168
21954,0.001369,1.276392e-12,0.00000332
21955,0.000079,1.274010e-12,0.00000262
21956,0.000085,1.272112e-12,0.00000212
21957,0.000090,1.270494e-12,0.00000177
21958,0.000087,1.269037e-12,0.00000153
21959,0.000090,1.268165e-12,0.00000285
21960,0.000089,1.266129e-12,0.00000228
21961,0.000095,1.264434e-12,0.00000188
21962,0.000087,1.262936e-12,0.00000160
21963,0.000094,1.262425e-12,0.00000310
21964,0.000096,1.260219e-12,0.00000246
21965,0.000091,1.258429e-12,0.00000201
21966,0.000095,1.256879e-12,0.00000169
21967,0.000098,1.256804e-12,0.00000338
21968,0.000092,1.254392e-12,0.00000267
21969,0.000092,1.252484e-12,0.00000215
21970,0.000100,1.250869e-12,0.00000179
21971,0.000089,1.249423e-12,0.00000154
21972,0.000095,1.248657e-12,0.00000289
21973,0.000096,1.246606e-12,0.00000231
21974,0.000093,1.244910e-12,0.00000190
21975,0.000090,1.243419e-12,0.00000162
21976,0.000098,1.243030e-12,0.00000315
21977,0.000092,1.240801e-12,0.00000250
21978,0.000093,1.239006e-12,0.00000203
21979,0.000102,1.237461e-12,0.00000170
21980,0.000096,1.236060e-12,0.00000148
21981,0.000092,1.235081e-12,0.00000271
21982,0.000100,1.233163e-12,0.00000218
21983,0.000099,1.231549e-12,0.00000181
21984,0.000092,1.230112e-12,0.00000155
21985,0.000093,1.229456e-12,0.00000294
21986,0.000100,1.227387e-12,0.00000235
21987,0.000093,1.225689e-12,0.00000192
21988,0.000092,1.224205e-12,0.00000163
21989,0.000099,1.223941e-12,0.00000321
21990,0.000095,1.221687e-12,0.00000254
21991,0.001768,1.219885e-12,0.00000206
21992,0.000082,1.218344e-12,0.00000172
21993,0.000078,1.216953e-12,0.00000149
21994,0.000105,1.216073e-12,0.00000275
21995,0.000089,1.214143e-12,0.00000221
21996,0.000089,1.212530e-12,0.00000182
21997,0.000092,1.211101e-12,0.00000156
21998,0.000089,1.210557e-12,0.00000299
21999,0.000090,1.208469e-12,0.00000238
22000,0.000095,1.206768e-12,0.00000195
22001,0.000088,1.205290e-12,0.00000164
22002,0.000089,1.205154e-12,0.00000326
22003,0.000092,1.202872e-12,0.00000258
22004,0.000097,1.201062e-12,0.00000208
22005,0.000093,1.199524e-12,0.00000174
22006,0.000092,1.198143e-12,0.00000150
22007,0.000098,1.197364e-12,0.00000280
22008,0.000092,1.195419e-12,0.00000224
22009,0.000093,1.193806e-12,0.00000184
22010,0.000103,1.192384e-12,0.00000157
22011,0.000256,1.191955e-12,0.00000305
22012,0.000150,1.189846e-12,0.00000242
22013,0.000117,1.188140e-12,0.00000197
22014,0.000106,1.186668e-12,0.00000165
22015,0.000097,1.186663e-12,0.00000332
22016,0.000114,1.184352e-12,0.00000262
22017,0.000112,1.182532e-12,0.00000211
22018,0.000100,1.180996e-12,0.00000175
22019,0.000102,1.179624e-12,0.00000151
22020,0.000100,1.178948e-12,0.00000285
22021,0.000103,1.176988e-12,0.00000227
22022,0.000099,1.175373e-12,0.00000187
22023,0.000102,1.173958e-12,0.00000158
22024,0.000097,1.173647e-12,0.00000310
22025,0.000096,1.171515e-12,0.00000246
22026,0.000102,1.169803e-12,0.00000199
22027,0.000096,1.168335e-12,0.00000167
22028,0.001475,1.167007e-12,0.00000145
22029,0.000084,1.166122e-12,0.00000266
22030,0.000076,1.164291e-12,0.00000214
22031,0.000091,1.162757e-12,0.00000177
22032,0.000091,1.161393e-12,0.00000152
22033,0.000094,1.160822e-12,0.00000290
22034,0.000090,1.158844e-12,0.00000231
22035,0.000089,1.157227e-12,0.00000189
22036,0.000094,1.155818e-12,0.00000159
22037,0.000093,1.155627e-12,0.00000316
22038,0.000091,1.153470e-12,0.00000250
22039,0.000096,1.151752e-12,0.00000202
22040,0.000093,1.150287e-12,0.00000168
22041,0.000091,1.148968e-12,0.00000146
22042,0.000098,1.148178e-12,0.00000271
22043,0.000094,1.146335e-12,0.00000217
22044,0.000094,1.144800e-12,0.00000179
22045,0.000243,1.143444e-12,0.00000153
22046,0.000139,1.142981e-12,0.00000295
22047,0.000136,1.140985e-12,0.00000234
22048,0.000146,1.139364e-12,0.00000191
22049,0.000139,1.137960e-12,0.00000161
22050,0.000141,1.137893e-12,0.00000321
22051,0.000131,1.135708e-12,0.00000254
22052,0.000225,1.133981e-12,0.00000205
22053,0.000353,1.132519e-12,0.00000170
22054,0.000138,1.131209e-12,0.00000146
22055,0.000127,1.130516e-12,0.00000275
22056,0.000107,1.128659e-12,0.00000220
22057,0.000100,1.127123e-12,0.00000181
22058,0.000109,1.125774e-12,0.00000154
22059,0.000102,1.125421e-12,0.00000300
22060,0.000101,1.123404e-12,0.00000238
22061,0.000099,1.121778e-12,0.00000193
22062,0.000095,1.120379e-12,0.00000162
22063,0.000095,1.119111e-12,0.00000141
22064,0.000102,1.118225e-12,0.00000258
22065,0.000098,1.116488e-12,0.00000207
22066,0.001477,1.115027e-12,0.00000172
22067,0.000076,1.113725e-12,0.00000147
22068,0.000092,1.113132e-12,0.00000280
22069,0.000093,1.111259e-12,0.00000223
22070,0.000095,1.109721e-12,0.00000183
22071,0.000095,1.108378e-12,0.00000155
22072,0.000092,1.108139e-12,0.00000305
22073,0.000104,1.106098e-12,0.00000242
22074,0.000096,1.104466e-12,0.00000196
22075,0.000096,1.103071e-12,0.00000164
22076,0.000093,1.101812e-12,0.00000142
22077,0.000099,1.101015e-12,0.00000262
22078,0.000097,1.099267e-12,0.00000210
22079,0.000097,1.097807e-12,0.00000174
22080,0.000094,1.096513e-12,0.00000148
22081,0.000117,1.096021e-12,0.00000285
22082,0.000105,1.094130e-12,0.00000227
22083,0.000102,1.092590e-12,0.00000185
22084,0.000099,1.091252e-12,0.00000156
22085,0.000101,1.091129e-12,0.00000311
22086,0.000096,1.089063e-12,0.00000245
22087,0.000100,1.087424e-12,0.00000198
22088,0.000098,1.086032e-12,0.00000165
22089,0.000097,1.084781e-12,0.00000142
22090,0.000100,1.084076e-12,0.00000266
22091,0.000099,1.082315e-12,0.00000213
22092,0.000098,1.080855e-12,0.00000175
22093,0.000102,1.079568e-12,0.00000149
22094,0.000098,1.079179e-12,0.00000290
22095,0.000098,1.077270e-12,0.00000230
22096,0.000104,1.075725e-12,0.00000187
22097,0.000096,1.074392e-12,0.00000157
22098,0.000099,1.074388e-12,0.00000316
22099,0.000097,1.072295e-12,0.00000249
22100,0.000100,1.070648e-12,0.00000201
22101,0.000096,1.069257e-12,0.00000167
22102,0.000094,1.068015e-12,0.00000143
22103,0.001933,1.067403e-12,0.00000271
22104,0.000096,1.065628e-12,0.00000216
22105,0.000110,1.064166e-12,0.00000177
22106,0.000095,1.062885e-12,0.00000150
22107,0.000103,1.062603e-12,0.00000295
22108,0.000094,1.060673e-12,0.00000234
22109,0.000100,1.059123e-12,0.00000190
22110,0.000095,1.057794e-12,0.00000159
22111,0.000100,1.056591e-12,0.00000138
22112,0.000095,1.055790e-12,0.00000253
22113,0.000098,1.054133e-12,0.00000204
22114,0.000100,1.052743e-12,0.00000168
22115,0.000095,1.051508e-12,0.00000144
22116,0.000098,1.050991e-12,0.00000276
22117,0.000101,1.049201e-12,0.00000220
22118,0.000096,1.047737e-12,0.00000180
22119,0.000096,1.046461e-12,0.00000152
22120,0.000101,1.046288e-12,0.00000300
22121,0.000097,1.044335e-12,0.00000238
22122,0.000096,1.042779e-12,0.00000192
22123,0.000102,1.041453e-12,0.00000160
22124,0.000095,1.040259e-12,0.00000139
22125,0.000097,1.039544e-12,0.00000258
22126,0.000101,1.037875e-12,0.00000207
22127,0.000097,1.036486e-12,0.00000170
22128,0.000095,1.035258e-12,0.00000145
22129,0.000096,1.034839e-12,0.00000280
22130,0.000102,1.033031e-12,0.00000223
22131,0.000098,1.031563e-12,0.00000182
22132,0.000099,1.030293e-12,0.00000153
22133,0.000102,1.030232e-12,0.00000306
22134,0.000097,1.028254e-12,0.00000241
22135,0.000098,1.026690e-12,0.00000195
22136,0.000101,1.025366e-12,0.00000162
22137,0.000094,1.024180e-12,0.00000139
22138,0.000100,1.023553e-12,0.00000262
22139,0.000103,1.021872e-12,0.00000210
22140,0.000099,1.020481e-12,0.00000172
22141,0.001447,1.019260e-12,0.00000146
22142,0.000111,1.018940e-12,0.00000285
22143,0.000096,1.017114e-12,0.00000226
22144,0.000095,1.015642e-12,0.00000184
22145,0.000094,1.014375e-12,0.00000154
22146,0.000097,1.013227e-12,0.00000134
22147,0.000093,1.012424e-12,0.00000245
22148,0.000093,1.010852e-12,0.00000197
22149,0.000113,1.009529e-12,0.00000163
22150,0.000103,1.008351e-12,0.00000140
22151,0.000098,1.007814e-12,0.00000266
22152,0.000099,1.006118e-12,0.00000213
22153,0.000098,1.004726e-12,0.00000174
22154,0.000094,1.003509e-12,0.00000147
22155,0.000102,1.003293e-12,0.00000290
22156,0.000096,1.001445e-12,0.00000230
22157,0.000096,9.999680e-13,0.00000186
22158,0.000128,9.987045e-13,0.00000156
22159,0.000151,9.975647e-13,0.00000135
22160,0.000134,9.968432e-13,0.00000249
22161,0.000126,9.952608e-13,0.00000200
22162,0.000142,9.939386e-13,0.00000165
22163,0.000132,9.927671e-13,0.00000141
22164,0.000188,9.923215e-13,0.00000271
22165,0.000168,9.906099e-13,0.00000216
22166,0.000125,9.892152e-13,0.00000176
22167,0.000126,9.880038e-13,0.00000149
22168,0.000125,9.878922e-13,0.00000296
22169,0.000100,9.860223e-13,0.00000234
22170,0.000096,9.845383e-13,0.00000189
22171,0.000101,9.832773e-13,0.00000157
22172,0.000095,9.821454e-13,0.00000136
22173,0.000095,9.815066e-13,0.00000253
22174,0.000101,9.799127e-13,0.00000203
22175,0.000096,9.785903e-13,0.00000167
22176,0.000096,9.774249e-13,0.00000142
22177,0.000095,9.770733e-13,0.00000276
22178,0.001473,9.753444e-13,0.00000219
22179,0.000079,9.739461e-13,0.00000178
22180,0.000076,9.727389e-13,0.00000150
22181,0.000101,9.727352e-13,0.00000301
22182,0.000093,9.708408e-13,0.00000237
22183,0.000100,9.693491e-13,0.00000191
22184,0.000093,9.680899e-13,0.00000159
22185,0.000091,9.669652e-13,0.00000136
22186,0.000097,9.664109e-13,0.00000258
22187,0.000093,9.648042e-13,0.00000206
22188,0.000095,9.634806e-13,0.00000169
22189,0.000096,9.623208e-13,0.00000143
22190,0.000094,9.620655e-13,0.00000281
22191,0.000094,9.603177e-13,0.00000222
22192,0.000102,9.589147e-13,0.00000181
22193,0.000096,9.577110e-13,0.00000151
22194,0.000093,9.566226e-13,0.00000131
22195,0.000100,9.558974e-13,0.00000241
22196,0.000095,9.543966e-13,0.00000194
22197,0.000101,9.531384e-13,0.00000160
22198,0.000098,9.520205e-13,0.00000137
22199,0.000099,9.515525e-13,0.00000262
22200,0.000094,9.499316e-13,0.00000209
22201,0.000095,9.486060e-13,0.00000171
22202,0.000103,9.474511e-13,0.00000144
22203,0.000097,9.472945e-13,0.00000286
22204,0.000095,9.455262e-13,0.00000226
22205,0.000102,9.441174e-13,0.00000183
22206,0.000097,9.429165e-13,0.00000153
22207,0.000098,9.418358e-13,0.00000132
22208,0.000102,9.411884e-13,0.00000245
22209,0.000095,9.396774e-13,0.00000197
22210,0.000100,9.384193e-13,0.00000162
22211,0.000102,9.373076e-13,0.00000138
22212,0.000094,9.369280e-13,0.00000267
22213,0.000097,9.352914e-13,0.00000212
22214,0.000103,9.339627e-13,0.00000173
22215,0.000098,9.328122e-13,0.00000145
22216,0.001992,9.327569e-13,0.00000291
22217,0.000095,9.309663e-13,0.00000230
22218,0.000108,9.295507e-13,0.00000185
22219,0.000094,9.283518e-13,0.00000154
22220,0.000096,9.272783e-13,0.00000133
22221,0.000089,9.267104e-13,0.00000249
22222,0.000090,9.251878e-13,0.00000199
22223,0.000095,9.239291e-13,0.00000164
22224,0.000088,9.228229e-13,0.00000139
22225,0.000090,9.225339e-13,0.00000271
22226,0.000090,9.208801e-13,0.00000215
22227,0.000095,9.195474e-13,0.00000175
22228,0.000091,9.184005e-13,0.00000147
22229,0.000089,9.173611e-13,0.00000128
22230,0.000098,9.166345e-13,0.00000233
22231,0.000092,9.152109e-13,0.00000188
22232,0.000091,9.140133e-13,0.00000156
22233,0.000096,9.129465e-13,0.00000133
22234,0.000093,9.124599e-13,0.00000254
22235,0.000099,9.109245e-13,0.00000202
22236,0.000097,9.096642e-13,0.00000166
22237,0.000089,9.085630e-13,0.00000140
22238,0.000092,9.083668e-13,0.00000276
22239,0.000098,9.066942e-13,0.00000219
22240,0.000093,9.053566e-13,0.00000177
22241,0.000093,9.042126e-13,0.00000148
22242,0.000097,9.031808e-13,0.00000128
22243,0.000094,9.025275e-13,0.00000237
22244,0.000093,9.010948e-13,0.00000190
22245,0.000095,8.998977e-13,0.00000157
22246,0.000097,8.988370e-13,0.00000134
22247,0.000093,8.984336e-13,0.00000258
22248,0.000095,8.968839e-13,0.00000205
22249,0.000099,8.956212e-13,0.00000168
22250,0.000093,8.945245e-13,0.00000141
22251,0.000094,8.944234e-13,0.00000281
22252,0.000098,8.927304e-13,0.00000222
22253,0.001400,8.913868e-13,0.00000180
22254,0.000077,8.902451e-13,0.00000149
22255,0.000073,8.892203e-13,0.00000129
22256,0.000081,8.886420e-13,0.00000241
22257,0.000085,8.871989e-13,0.00000193
22258,0.000087,8.860016e-13,0.00000159
22259,0.000093,8.849464e-13,0.00000135
22260,0.000091,8.846281e-13,0.00000262
22261,0.000089,8.830628e-13,0.00000208
22262,0.000090,8.817968e-13,0.00000170
22263,0.000094,8.807038e-13,0.00000143
22264,0.000090,8.807005e-13,0.00000286
22265,0.000091,8.789854e-13,0.00000226
22266,0.000098,8.776347e-13,0.00000182
22267,0.000096,8.764946e-13,0.00000151
22268,0.000091,8.754764e-13,0.00000130
22269,0.000097,8.749745e-13,0.00000245
22270,0.000093,8.735198e-13,0.00000196
22271,0.000092,8.723215e-13,0.00000161
22272,0.000101,8.712714e-13,0.00000136
22273,0.000092,8.710403e-13,0.00000267
22274,0.000093,8.694579e-13,0.00000212
22275,0.000098,8.681876e-13,0.00000172
22276,0.000092,8.670978e-13,0.00000144
22277,0.000090,8.661124e-13,0.00000125
22278,0.000096,8.654558e-13,0.00000229
22279,0.000096,8.640970e-13,0.00000184
22280,0.000113,8.629578e-13,0.00000153
22281,0.000118,8.619457e-13,0.00000131
22282,0.000126,8.615220e-13,0.00000249
22283,0.000116,8.600544e-13,0.00000199
22284,0.000126,8.588542e-13,0.00000163
22285,0.000159,8.578086e-13,0.00000137
22286,0.000136,8.576669e-13,0.00000272
22287,0.000107,8.560658e-13,0.00000215
22288,0.000114,8.547903e-13,0.00000174
22289,0.000103,8.537030e-13,0.00000145
22290,0.000096,8.527246e-13,0.00000125
22291,0.001473,8.521385e-13,0.00000233
22292,0.000077,8.507704e-13,0.00000187
22293,0.000074,8.496313e-13,0.00000154
22294,0.000089,8.486248e-13,0.00000131
22295,0.000090,8.482812e-13,0.00000254
22296,0.000087,8.467994e-13,0.00000202
22297,0.000088,8.455964e-13,0.00000164
22298,0.000086,8.445547e-13,0.00000138
22299,0.000093,8.445048e-13,0.00000277
22300,0.000088,8.428835e-13,0.00000218
22301,0.000089,8.416018e-13,0.00000176
22302,0.000095,8.405163e-13,0.00000147
22303,0.000090,8.395444e-13,0.00000126
22304,0.000091,8.390303e-13,0.00000237
22305,0.000098,8.376518e-13,0.00000190
22306,0.000092,8.365121e-13,0.00000156
22307,0.000090,8.355106e-13,0.00000132
22308,0.000098,8.352490e-13,0.00000258
22309,0.000094,8.337516e-13,0.00000205
22310,0.000099,8.325450e-13,0.00000167
22311,0.000099,8.315066e-13,0.00000140
22312,0.000091,8.305655e-13,0.00000121
22313,0.000093,8.299077e-13,0.00000222
22314,0.000098,8.286188e-13,0.00000179
22315,0.000092,8.275345e-13,0.00000148
22316,0.000093,8.265686e-13,0.00000127
22317,0.000093,8.261281e-13,0.00000241
22318,0.000099,8.247379e-13,0.00000193
22319,0.000093,8.235969e-13,0.00000158
22320,0.000093,8.225999e-13,0.00000133
22321,0.000099,8.224223e-13,0.00000263
22322,0.000094,8.209079e-13,0.00000208
22323,0.000094,8.196969e-13,0.00000169
22324,0.000100,8.186611e-13,0.00000141
22325,0.000093,8.177269e-13,0.00000122
22326,0.000091,8.171355e-13,0.00000226
22327,0.000099,8.158383e-13,0.00000181
22328,0.000093,8.147545e-13,0.00000150
22329,0.001467,8.137941e-13,0.00000128
22330,0.000078,8.134289e-13,0.00000245
22331,0.000073,8.120258e-13,0.00000195
22332,0.000090,8.108826e-13,0.00000159
22333,0.000086,8.098896e-13,0.00000134
22334,0.000092,8.097982e-13,0.00000268
22335,0.000090,8.082653e-13,0.00000211
22336,0.000093,8.070488e-13,0.00000171
22337,0.000109,8.060152e-13,0.00000142
22338,0.000107,8.050873e-13,0.00000123
22339,0.000110,8.045637e-13,0.00000229
22340,0.000111,8.032571e-13,0.00000184
22341,0.000142,8.021731e-13,0.00000151
22342,0.000172,8.012178e-13,0.00000129
22343,0.000131,8.009296e-13,0.00000250
22344,0.000111,7.995124e-13,0.00000198
22345,0.000097,7.983662e-13,0.00000161
22346,0.000105,7.973766e-13,0.00000136
22347,0.000103,7.973736e-13,0.00000272
22348,0.000101,7.958207e-13,0.00000215
22349,0.000093,7.945978e-13,0.00000173
22350,0.000097,7.935656e-13,0.00000144
22351,0.000090,7.926437e-13,0.00000123
22352,0.000090,7.921894e-13,0.00000233
22353,0.000095,7.908723e-13,0.00000186
22354,0.000090,7.897873e-13,0.00000153
22355,0.000091,7.888366e-13,0.00000130
22356,0.000097,7.886274e-13,0.00000254
22357,0.000092,7.871947e-13,0.00000201
22358,0.000093,7.860446e-13,0.00000163
22359,0.000099,7.850579e-13,0.00000137
22360,0.000092,7.841657e-13,0.00000119
22361,0.000095,7.835712e-13,0.00000218
22362,0.000092,7.823410e-13,0.00000176
22363,0.000098,7.813096e-13,0.00000145
22364,0.000093,7.803932e-13,0.00000124
22365,0.000091,7.800097e-13,0.00000237
22366,0.000100,7.786809e-13,0.00000189
22367,0.001471,7.775942e-13,0.00000155
22368,0.000074,7.766475e-13,0.00000131
22369,0.000076,7.765193e-13,0.00000259
22370,0.000091,7.750697e-13,0.00000205
22371,0.000092,7.739149e-13,0.00000166
22372,0.000088,7.729304e-13,0.00000138
22373,0.000087,7.720446e-13,0.00000119
22374,0.000094,7.715139e-13,0.00000222
22375,0.000089,7.702753e-13,0.00000178
22376,0.000091,7.692440e-13,0.00000147
22377,0.000093,7.683327e-13,0.00000125
22378,0.000090,7.680216e-13,0.00000242
22379,0.000091,7.666800e-13,0.00000192
22380,0.000097,7.655909e-13,0.00000157
22381,0.000092,7.646477e-13,0.00000132
22382,0.000092,7.646025e-13,0.00000263
22383,0.000098,7.631346e-13,0.00000208
22384,0.000094,7.619742e-13,0.00000168
22385,0.000093,7.609914e-13,0.00000139
22386,0.000097,7.601114e-13,0.00000120
22387,0.000099,7.596460e-13,0.00000226
22388,0.000093,7.583979e-13,0.00000181
22389,0.000092,7.573660e-13,0.00000148
22390,0.000097,7.564593e-13,0.00000126
22391,0.000092,7.562224e-13,0.00000246
22392,0.000092,7.548667e-13,0.00000195
22393,0.000098,7.537743e-13,0.00000158
22394,0.000092,7.528341e-13,0.00000133
22395,0.000092,7.519821e-13,0.00000116
22396,0.000100,7.513865e-13,0.00000211
22397,0.000093,7.502196e-13,0.00000170
22398,0.000094,7.492379e-13,0.00000141
22399,0.000102,7.483633e-13,0.00000121
22400,0.000094,7.479645e-13,0.00000230
22401,0.000093,7.467059e-13,0.00000183
22402,0.000098,7.456728e-13,0.00000150
22403,0.000091,7.447701e-13,0.00000127
22404,0.000097,7.446094e-13,0.00000250
22405,0.001722,7.432382e-13,0.00000198
22406,0.000083,7.421418e-13,0.00000160
22407,0.000078,7.412040e-13,0.00000134
22408,0.000104,7.403581e-13,0.00000116
22409,0.000088,7.398227e-13,0.00000215
22410,0.000089,7.386482e-13,0.00000172
22411,0.000093,7.376670e-13,0.00000142
22412,0.000088,7.367975e-13,0.00000122
22413,0.000089,7.364668e-13,0.00000234
22414,0.000096,7.351965e-13,0.00000186
22415,0.000090,7.341614e-13,0.00000152
22416,0.000090,7.332624e-13,0.00000128
22417,0.000091,7.331796e-13,0.00000255
22418,0.000095,7.317918e-13,0.00000201
22419,0.000093,7.306904e-13,0.00000163
22420,0.000093,7.297545e-13,0.00000135
22421,0.000095,7.289145e-13,0.00000117
22422,0.000098,7.284404e-13,0.00000218
22423,0.000099,7.272574e-13,0.00000175
22424,0.000099,7.262760e-13,0.00000144
22425,0.000090,7.254111e-13,0.00000122
22426,0.000093,7.251502e-13,0.00000238
22427,0.000099,7.238670e-13,0.00000189
22428,0.000093,7.228293e-13,0.00000154
22429,0.000095,7.219333e-13,0.00000129
22430,0.000097,7.219306e-13,0.00000259
22431,0.000092,7.205246e-13,0.00000204
22432,0.000094,7.194175e-13,0.00000165
22433,0.000099,7.184829e-13,0.00000137
22434,0.000094,7.176483e-13,0.00000117
22435,0.000093,7.172369e-13,0.00000222
22436,0.000093,7.160444e-13,0.00000177
22437,0.000100,7.150621e-13,0.00000145
22438,0.000091,7.142013e-13,0.00000123
22439,0.000093,7.140119e-13,0.00000242
22440,0.000099,7.127147e-13,0.00000192
22441,0.000105,7.116735e-13,0.00000156
22442,0.000103,7.107801e-13,0.00000130
22443,0.001396,7.099723e-13,0.00000113
22444,0.000075,7.094341e-13,0.00000208
22445,0.000084,7.083203e-13,0.00000167
22446,0.000086,7.073865e-13,0.00000138
22447,0.000085,7.065568e-13,0.00000118
22448,0.000088,7.062096e-13,0.00000226
22449,0.000094,7.050065e-13,0.00000180
22450,0.000088,7.040226e-13,0.00000147
22451,0.000088,7.031655e-13,0.00000124
22452,0.000094,7.030494e-13,0.00000246
22453,0.000090,7.017370e-13,0.00000195
22454,0.000091,7.006914e-13,0.00000158
22455,0.000096,6.998001e-13,0.00000131
22456,0.000090,6.989981e-13,0.00000114
22457,0.000093,6.985177e-13,0.00000211
22458,0.000097,6.973962e-13,0.00000169
22459,0.000092,6.964625e-13,0.00000140
22460,0.000091,6.956374e-13,0.00000119
22461,0.000100,6.953558e-13,0.00000230
22462,0.000100,6.941411e-13,0.00000183
22463,0.000095,6.931550e-13,0.00000149
22464,0.000103,6.923010e-13,0.00000125
22465,0.000118,6.922601e-13,0.00000251
22466,0.000118,6.909311e-13,0.00000198
22467,0.000121,6.898805e-13,0.00000160
22468,0.000120,6.889907e-13,0.00000133
22469,0.000153,6.881940e-13,0.00000114
22470,0.000164,6.877726e-13,0.00000215
22471,0.000143,6.866425e-13,0.00000172
22472,0.000104,6.857083e-13,0.00000141
22473,0.000104,6.848874e-13,0.00000120
22474,0.000102,6.846730e-13,0.00000234
22475,0.000093,6.834455e-13,0.00000186
22476,0.000093,6.824564e-13,0.00000151
22477,0.000097,6.816052e-13,0.00000126
22478,0.000090,6.808337e-13,0.00000110
22479,0.000090,6.802946e-13,0.00000201
22480,0.000098,6.792380e-13,0.00000162
22481,0.001401,6.783492e-13,0.00000134
22482,0.000073,6.775574e-13,0.00000115
22483,0.000072,6.771963e-13,0.00000218
22484,0.000082,6.760568e-13,0.00000174
22485,0.000089,6.751214e-13,0.00000143
22486,0.000086,6.743042e-13,0.00000121
22487,0.000089,6.741586e-13,0.00000238
22488,0.000092,6.729172e-13,0.00000188
22489,0.000089,6.719245e-13,0.00000153
22490,0.000090,6.710755e-13,0.00000128
22491,0.000093,6.703096e-13,0.00000111
22492,0.000090,6.698249e-13,0.00000204
22493,0.000092,6.687615e-13,0.00000164
22494,0.000096,6.678731e-13,0.00000135
22495,0.000092,6.670859e-13,0.00000116
22496,0.000094,6.667865e-13,0.00000222
22497,0.000098,6.656364e-13,0.00000177
22498,0.000092,6.646992e-13,0.00000144
22499,0.000090,6.638852e-13,0.00000122
22500,0.000097,6.638103e-13,0.00000242
22501,0.000098,6.625538e-13,0.00000191
22502,0.000093,6.615566e-13,0.00000155
22503,0.000092,6.607093e-13,0.00000129
22504,0.000096,6.599487e-13,0.00000111
22505,0.000094,6.595195e-13,0.00000208
22506,0.000101,6.584484e-13,0.00000166
22507,0.000099,6.575598e-13,0.00000137
22508,0.000093,6.567767e-13,0.00000117
22509,0.000093,6.565406e-13,0.00000226
22510,0.000100,6.553788e-13,0.00000180
22511,0.000093,6.544392e-13,0.00000146
22512,0.000093,6.536280e-13,0.00000123
22513,0.000101,6.536256e-13,0.00000247
22514,0.000094,6.523527e-13,0.00000195
22515,0.000094,6.513502e-13,0.00000157
22516,0.000179,6.505041e-13,0.00000130
22517,0.000260,6.497484e-13,0.00000112
22518,0.000132,6.493760e-13,0.00000211
22519,0.001677,6.482963e-13,0.00000169
22520,0.000103,6.474069e-13,0.00000138
22521,0.000116,6.466276e-13,0.00000117
22522,0.000152,6.464562e-13,0.00000230
22523,0.000129,6.452817e-13,0.00000182
22524,0.000136,6.443389e-13,0.00000148
22525,0.000123,6.435301e-13,0.00000124
22526,0.000116,6.427987e-13,0.00000108
22527,0.000097,6.423115e-13,0.00000198
22528,0.000106,6.413030e-13,0.00000159
22529,0.000093,6.404575e-13,0.00000131
22530,0.000092,6.397064e-13,0.00000112
22531,0.000102,6.393920e-13,0.00000215
22532,0.000096,6.383028e-13,0.00000171
22533,0.000095,6.374120e-13,0.00000140
22534,0.000102,6.366360e-13,0.00000118
22535,0.000095,6.365309e-13,0.00000234
22536,0.000096,6.353426e-13,0.00000185
22537,0.000099,6.343959e-13,0.00000150
22538,0.000106,6.335890e-13,0.00000125
22539,0.000094,6.328628e-13,0.00000108
22540,0.000098,6.324279e-13,0.00000201
22541,0.000095,6.314125e-13,0.00000161
22542,0.000095,6.305671e-13,0.00000133
22543,0.000093,6.298201e-13,0.00000113
22544,0.000101,6.295651e-13,0.00000219
22545,0.000098,6.284653e-13,0.00000174
22546,0.000099,6.275725e-13,0.00000142
22547,0.000100,6.267994e-13,0.00000119
22548,0.000103,6.267624e-13,0.00000238
22549,0.000098,6.255591e-13,0.00000188
22550,0.000102,6.246079e-13,0.00000152
22551,0.000097,6.238023e-13,0.00000126
22552,0.000097,6.230809e-13,0.00000109
22553,0.000105,6.226994e-13,0.00000204
22554,0.000098,6.216763e-13,0.00000163
22555,0.000098,6.208305e-13,0.00000134
22556,0.000100,6.200872e-13,0.00000114
22557,0.001537,6.198931e-13,0.00000222
22558,0.000095,6.187817e-13,0.00000177
22559,0.000094,6.178862e-13,0.00000143
22560,0.000095,6.171156e-13,0.00000120
22561,0.000097,6.164171e-13,0.00000105
22562,0.000092,6.159290e-13,0.00000191
22563,0.000095,6.149723e-13,0.00000154
22564,0.000104,6.141676e-13,0.00000128
22565,0.000093,6.134507e-13,0.00000109
22566,0.000094,6.131239e-13,0.00000208
22567,0.000092,6.120921e-13,0.00000166
22568,0.000100,6.112452e-13,0.00000136
22569,0.000093,6.105053e-13,0.00000115
22570,0.000095,6.103736e-13,0.00000226
22571,0.000102,6.092496e-13,0.00000179
22572,0.000100,6.083508e-13,0.00000145
22573,0.000096,6.075821e-13,0.00000121
22574,0.000105,6.068887e-13,0.00000105
22575,0.000097,6.064498e-13,0.00000194
22576,0.000100,6.054871e-13,0.00000156
22577,0.000103,6.046827e-13,0.00000129
22578,0.000094,6.039699e-13,0.00000110
22579,0.000099,6.036989e-13,0.00000211
22580,0.000105,6.026576e-13,0.00000168
22581,0.000097,6.018091e-13,0.00000137
22582,0.000107,6.010721e-13,0.00000116
22583,0.000162,6.010044e-13,0.00000231
22584,0.000134,5.998667e-13,0.00000182
22585,0.000182,5.989638e-13,0.00000147
22586,0.000143,5.981967e-13,0.00000123
22587,0.000215,5.975081e-13,0.00000106
22588,0.000190,5.971195e-13,0.00000198
22589,0.000164,5.961498e-13,0.00000158
22590,0.000148,5.953452e-13,0.00000130
22591,0.000098,5.946362e-13,0.00000111
22592,0.000094,5.944224e-13,0.00000215
22593,0.000098,5.933706e-13,0.00000171
22594,0.001451,5.925199e-13,0.00000139
22595,0.000074,5.917854e-13,0.00000117
22596,0.000072,5.917833e-13,0.00000235
22597,0.000081,5.906308e-13,0.00000185
22598,0.000084,5.897232e-13,0.00000149
22599,0.000086,5.889571e-13,0.00000124
22600,0.000090,5.882729e-13,0.00000106
22601,0.000088,5.879357e-13,0.00000201
22602,0.000089,5.869582e-13,0.00000161
22603,0.000089,5.861530e-13,0.00000132
22604,0.000093,5.854473e-13,0.00000112
22605,0.000089,5.852921e-13,0.00000219
22606,0.000090,5.842288e-13,0.00000174
22607,0.000096,5.833752e-13,0.00000141
22608,0.000092,5.826429e-13,0.00000118
22609,0.000092,5.819808e-13,0.00000102
22610,0.000097,5.815396e-13,0.00000188
22611,0.000092,5.806265e-13,0.00000151
22612,0.000091,5.798611e-13,0.00000125
22613,0.000101,5.791809e-13,0.00000107
22614,0.000093,5.788964e-13,0.00000205
22615,0.000094,5.779102e-13,0.00000163
22616,0.000098,5.771037e-13,0.00000133
22617,0.000092,5.764010e-13,0.00000113
22618,0.000092,5.763059e-13,0.00000223
22619,0.000098,5.752301e-13,0.00000176
22620,0.000092,5.743730e-13,0.00000143
22621,0.000093,5.736423e-13,0.00000119
22622,0.000093,5.729849e-13,0.00000103
22623,0.000100,5.725911e-13,0.00000191
22624,0.000096,5.716718e-13,0.00000153
22625,0.000093,5.709064e-13,0.00000126
22626,0.000098,5.702300e-13,0.00000108
22627,0.000094,5.699992e-13,0.00000208
22628,0.000094,5.690035e-13,0.00000165
22629,0.000099,5.681952e-13,0.00000135
22630,0.000090,5.674952e-13,0.00000113
22631,0.000094,5.674617e-13,0.00000227
22632,0.001401,5.663723e-13,0.00000179
22633,0.000080,5.655110e-13,0.00000145
22634,0.000074,5.647816e-13,0.00000120
22635,0.000090,5.641285e-13,0.00000103
22636,0.000087,5.637831e-13,0.00000194
22637,0.000097,5.628568e-13,0.00000156
22638,0.000108,5.620910e-13,0.00000128
22639,0.000109,5.614180e-13,0.00000109
22640,0.000114,5.612423e-13,0.00000212
22641,0.000109,5.602361e-13,0.00000168
22642,0.000117,5.594253e-13,0.00000137
22643,0.000180,5.587276e-13,0.00000114
22644,0.000122,5.580952e-13,0.00000100
