$MeshFormat
4.1 0 8
$EndMeshFormat
$PhysicalNames
5
1 1 "Oeste"
1 2 "Este"
1 3 "Norte"
1 4 "Sur"
2 5 "Interior"
$EndPhysicalNames
$Entities
338 338 1 0
1 0 0 0 0 
2 4 0 0 0 
3 4 2 0 0 
4 0 2 0 0 
5 1.02177 1.03195 0 0 
6 1.02592 1.01809 0 0 
7 1.03295 1.01065 0 0 
8 1.04399 1.00926 0 0 
9 1.05245 1.01187 0 0 
10 1.05978 1.01748 0 0 
11 1.06286 1.02167 0 0 
12 1.06524 1.0274 0 0 
13 1.0684 1.03336 0 0 
14 1.07129 1.03779 0 0 
15 1.0757 1.03928 0 0 
16 1.07652 1.03434 0 0 
17 1.07613 1.02919 0 0 
18 1.07561 1.02337 0 0 
19 1.07504 1.01607 0 0 
20 1.07457 1.00952 0 0 
21 1.07391 1.00166 0 0 
22 1.07422 0.994843 0 0 
23 1.07389 0.988896 0 0 
24 1.07372 0.983159 0 0 
25 1.07293 0.979165 0 0 
26 1.06988 0.975036 0 0 
27 1.06522 0.979329 0 0 
28 1.06187 0.984231 0 0 
29 1.05641 0.990144 0 0 
30 1.04717 0.993003 0 0 
31 1.03662 0.99073 0 0 
32 1.02771 0.984281 0 0 
33 1.02425 0.970179 0 0 
34 1.02514 0.956076 0 0 
35 1.0287 0.940638 0 0 
36 1.03216 0.930841 0 0 
37 1.03761 0.920697 0 0 
38 1.04552 0.91278 0 0 
39 1.05245 0.90224 0 0 
40 1.06235 0.894917 0 0 
41 1.07224 0.891948 0 0 
42 1.08214 0.891057 0 0 
43 1.09204 0.888583 0 0 
44 1.10193 0.885614 0 0 
45 1.11183 0.88126 0 0 
46 1.12172 0.875322 0 0 
47 1.13228 0.868824 0 0 
48 1.14152 0.859686 0 0 
49 1.15042 0.850433 0 0 
50 1.15834 0.840537 0 0 
51 1.16725 0.830195 0 0 
52 1.17358 0.819111 0 0 
53 1.18031 0.807631 0 0 
54 1.18605 0.796745 0 0 
55 1.19265 0.785035 0 0 
56 1.19694 0.7751710000000001 0 0 
57 1.20057 0.765737 0 0 
58 1.20683 0.753078 0 0 
59 1.21277 0.739347 0 0 
60 1.21871 0.7271879999999999 0 0 
61 1.22295 0.7168679999999999 0 0 
62 1.22861 0.7052040000000001 0 0 
63 1.23426 0.6939650000000001 0 0 
64 1.24048 0.6850579999999999 0 0 
65 1.24642 0.67469 0 0 
66 1.25236 0.665289 0 0 
67 1.25858 0.65551 0 0 
68 1.26649 0.645331 0 0 
69 1.27487 0.63593 0 0 
70 1.28446 0.627958 0 0 
71 1.29436 0.62125 0 0 
72 1.29941 0.618882 0 0 
73 1.30382 0.6172260000000001 0 0 
74 1.30872 0.615527 0 0 
75 1.31141 0.614851 0 0 
76 1.31393 0.61403 0 0 
77 1.31617 0.613581 0 0 
78 1.31826 0.612565 0 0 
79 1.32014 0.6121529999999999 0 0 
80 1.32295 0.611986 0 0 
81 1.32506 0.611518 0 0 
82 1.32748 0.611578 0 0 
83 1.32966 0.611359 0 0 
84 1.33223 0.611392 0 0 
85 1.33458 0.611359 0 0 
86 1.33735 0.611966 0 0 
87 1.33935 0.613422 0 0 
88 1.33977 0.615407 0 0 
89 1.33871 0.617708 0 0 
90 1.33688 0.620551 0 0 
91 1.33506 0.621993 0 0 
92 1.33341 0.6234730000000001 0 0 
93 1.33072 0.625968 0 0 
94 1.32847 0.6290210000000001 0 0 
95 1.32661 0.6328240000000001 0 0 
96 1.32519 0.636623 0 0 
97 1.3232 0.642186 0 0 
98 1.32114 0.6483 0 0 
99 1.31998 0.654766 0 0 
100 1.3196 0.658309 0 0 
101 1.31899 0.662485 0 0 
102 1.31838 0.66848 0 0 
103 1.31817 0.674773 0 0 
104 1.31789 0.678879 0 0 
105 1.31833 0.683927 0 0 
106 1.32084 0.694021 0 0 
107 1.32242 0.7062929999999999 0 0 
108 1.32762 0.718919 0 0 
109 1.33238 0.733833 0 0 
110 1.33648 0.7427280000000001 0 0 
111 1.34208 0.754961 0 0 
112 1.34802 0.764747 0 0 
113 1.3541 0.772804 0 0 
114 1.35792 0.781241 0 0 
115 1.3655 0.793611 0 0 
116 1.37342 0.802023 0 0 
117 1.38134 0.81192 0 0 
118 1.38893 0.822476 0 0 
119 1.39684 0.8327020000000001 0 0 
120 1.40726 0.843798 0 0 
121 1.41732 0.857171 0 0 
122 1.42851 0.867236 0 0 
123 1.43742 0.875174 0 0 
124 1.44632 0.885812 0 0 
125 1.45276 0.894472 0 0 
126 1.46117 0.900904 0 0 
127 1.47008 0.910949 0 0 
128 1.47997 0.920449 0 0 
129 1.48879 0.930322 0 0 
130 1.49779 0.936877 0 0 
131 1.50537 0.945685 0 0 
132 1.5156 0.951326 0 0 
133 1.52747 0.960233 0 0 
134 1.53869 0.969436 0 0 
135 1.54536 0.973944 0 0 
136 1.54865 0.977564 0 0 
137 1.54458 0.98187 0 0 
138 1.54354 0.985414 0 0 
139 1.54635 0.987109 0 0 
140 1.5503 0.98678 0 0 
141 1.55321 0.98626 0 0 
142 1.55787 0.98592 0 0 
143 1.5631 0.9853690000000001 0 0 
144 1.573 0.985402 0 0 
145 1.58289 0.98438 0 0 
146 1.59279 0.983192 0 0 
147 1.60269 0.983192 0 0 
148 1.61258 0.9828789999999999 0 0 
149 1.62248 0.980421 0 0 
150 1.63238 0.981312 0 0 
151 1.64227 0.97963 0 0 
152 1.65217 0.97864 0 0 
153 1.66206 0.979333 0 0 
154 1.67196 0.979201 0 0 
155 1.68186 0.978046 0 0 
156 1.69175 0.977353 0 0 
157 1.70165 0.977353 0 0 
158 1.71155 0.977221 0 0 
159 1.72144 0.9771879999999999 0 0 
160 1.73134 0.9771879999999999 0 0 
161 1.74124 0.9771879999999999 0 0 
162 1.75113 0.9771879999999999 0 0 
163 1.76103 0.9771879999999999 0 0 
164 1.77092 0.977353 0 0 
165 1.78082 0.976463 0 0 
166 1.79124 0.977646 0 0 
167 1.80061 0.978739 0 0 
168 1.81051 0.980091 0 0 
169 1.82107 0.981862 0 0 
170 1.8303 0.983423 0 0 
171 1.8402 0.985402 0 0 
172 1.8501 0.988459 0 0 
173 1.85966 0.990521 0 0 
174 1.86989 0.992528 0 0 
175 1.87701 0.994981 0 0 
176 1.886 0.99705 0 0 
177 1.89562 0.999785 0 0 
178 1.90551 1.00285 0 0 
179 1.91541 1.00457 0 0 
180 1.92531 1.00879 0 0 
181 1.9352 1.01097 0 0 
182 1.9451 1.01407 0 0 
183 1.955 1.0172 0 0 
184 1.96489 1.02001 0 0 
185 1.97479 1.02284 0 0 
186 1.98469 1.02565 0 0 
187 1.99458 1.02852 0 0 
188 2.00448 1.03208 0 0 
189 2.01437 1.03544 0 0 
190 2.02177 1.04055 0 0 
191 2.01701 1.04748 0 0 
192 2.00646 1.04574 0 0 
193 1.99656 1.04297 0 0 
194 1.98666 1.04006 0 0 
195 1.97702 1.03754 0 0 
196 1.96712 1.03465 0 0 
197 1.9572 1.03173 0 0 
198 1.94621 1.02853 0 0 
199 1.93549 1.02547 0 0 
200 1.92267 1.02238 0 0 
201 1.91204 1.01946 0 0 
202 1.90123 1.0176 0 0 
203 1.89199 1.01455 0 0 
204 1.88176 1.01328 0 0 
205 1.87187 1.01074 0 0 
206 1.86263 1.0088 0 0 
207 1.85207 1.00675 0 0 
208 1.84218 1.00516 0 0 
209 1.83228 1.00378 0 0 
210 1.82239 1.00328 0 0 
211 1.81249 1.0017 0 0 
212 1.80259 1.00041 0 0 
213 1.7927 1.0016 0 0 
214 1.7828 1.0012 0 0 
215 1.7729 1.00061 0 0 
216 1.76301 1.00101 0 0 
217 1.75311 1.0016 0 0 
218 1.74321 1.00071 0 0 
219 1.73332 1.00101 0 0 
220 1.72342 1.00279 0 0 
221 1.71353 1.00269 0 0 
222 1.70363 1.00397 0 0 
223 1.69373 1.00477 0 0 
224 1.68384 1.00536 0 0 
225 1.67394 1.00665 0 0 
226 1.66404 1.00783 0 0 
227 1.65415 1.00833 0 0 
228 1.64425 1.01041 0 0 
229 1.63436 1.0111 0 0 
230 1.62446 1.01239 0 0 
231 1.61456 1.01417 0 0 
232 1.60467 1.01397 0 0 
233 1.59477 1.01625 0 0 
234 1.58487 1.01598 0 0 
235 1.57498 1.01832 0 0 
236 1.56737 1.01919 0 0 
237 1.56083 1.01903 0 0 
238 1.55518 1.01951 0 0 
239 1.54997 1.01969 0 0 
240 1.54529 1.01991 0 0 
241 1.5442 1.02321 0 0 
242 1.5451 1.02677 0 0 
243 1.54612 1.03046 0 0 
244 1.54133 1.03528 0 0 
245 1.532 1.0422 0 0 
246 1.52178 1.04857 0 0 
247 1.51243 1.05471 0 0 
248 1.5057 1.06092 0 0 
249 1.49552 1.06878 0 0 
250 1.48591 1.07609 0 0 
251 1.47969 1.08322 0 0 
252 1.47008 1.09166 0 0 
253 1.46018 1.10155 0 0 
254 1.45028 1.11145 0 0 
255 1.44138 1.12159 0 0 
256 1.43247 1.12943 0 0 
257 1.42653 1.13955 0 0 
258 1.41797 1.14751 0 0 
259 1.40985 1.15744 0 0 
260 1.40179 1.1686 0 0 
261 1.39387 1.17874 0 0 
262 1.38525 1.18803 0 0 
263 1.37705 1.19924 0 0 
264 1.36942 1.20938 0 0 
265 1.3632 1.21948 0 0 
266 1.35693 1.23103 0 0 
267 1.35172 1.24584 0 0 
268 1.34657 1.25495 0 0 
269 1.34175 1.26781 0 0 
270 1.33509 1.28107 0 0 
271 1.33217 1.29425 0 0 
272 1.33054 1.30962 0 0 
273 1.32856 1.31697 0 0 
274 1.32682 1.32413 0 0 
275 1.32625 1.33098 0 0 
276 1.32719 1.34005 0 0 
277 1.32823 1.34995 0 0 
278 1.32997 1.35686 0 0 
279 1.33143 1.36067 0 0 
280 1.33327 1.36586 0 0 
281 1.33571 1.36889 0 0 
282 1.33923 1.3724 0 0 
283 1.34262 1.37482 0 0 
284 1.34597 1.37785 0 0 
285 1.35019 1.38074 0 0 
286 1.35429 1.38459 0 0 
287 1.35019 1.38667 0 0 
288 1.34604 1.38772 0 0 
289 1.34097 1.38864 0 0 
290 1.33615 1.3886 0 0 
291 1.33077 1.38864 0 0 
292 1.32559 1.38818 0 0 
293 1.32057 1.38831 0 0 
294 1.31569 1.3877 0 0 
295 1.31069 1.387 0 0 
296 1.30646 1.38569 0 0 
297 1.29983 1.38173 0 0 
298 1.29458 1.37826 0 0 
299 1.2893 1.37284 0 0 
300 1.2846 1.36834 0 0 
301 1.28009 1.36346 0 0 
302 1.27611 1.3591 0 0 
303 1.26847 1.35052 0 0 
304 1.26527 1.34553 0 0 
305 1.2606 1.33972 0 0 
306 1.25104 1.32735 0 0 
307 1.24274 1.31418 0 0 
308 1.23652 1.30311 0 0 
309 1.23223 1.29338 0 0 
310 1.22634 1.28294 0 0 
311 1.22069 1.27144 0 0 
312 1.21574 1.26336 0 0 
313 1.2131 1.25115 0 0 
314 1.20881 1.24265 0 0 
315 1.20208 1.23377 0 0 
316 1.19793 1.22451 0 0 
317 1.19265 1.21404 0 0 
318 1.18869 1.20217 0 0 
319 1.18176 1.19128 0 0 
320 1.17596 1.18033 0 0 
321 1.16824 1.17206 0 0 
322 1.15933 1.16093 0 0 
323 1.15042 1.15079 0 0 
324 1.1418 1.14246 0 0 
325 1.13162 1.1352 0 0 
326 1.12172 1.12887 0 0 
327 1.11183 1.12412 0 0 
328 1.10193 1.11996 0 0 
329 1.09204 1.11758 0 0 
330 1.08214 1.1162 0 0 
331 1.07224 1.11422 0 0 
332 1.06235 1.11085 0 0 
333 1.05245 1.10254 0 0 
334 1.04474 1.09267 0 0 
335 1.03695 1.08126 0 0 
336 1.03068 1.07186 0 0 
337 1.02573 1.05966 0 0 
338 1.02276 1.04712 0 0 
1 0 0 0 4 0 0 1 4 2 1 -2 
2 4 0 0 4 2 0 1 2 2 2 -3 
3 0 2 0 4 2 0 1 3 2 3 -4 
4 0 0 0 0 2 0 1 1 2 4 -1 
5 1.02177 1.01809 0 1.02592 1.03195 0 0 2 5 -6 
6 1.02592 1.01065 0 1.03295 1.01809 0 0 2 6 -7 
7 1.03295 1.00926 0 1.04399 1.01065 0 0 2 7 -8 
8 1.04399 1.00926 0 1.05245 1.01187 0 0 2 8 -9 
9 1.05245 1.01187 0 1.05978 1.01748 0 0 2 9 -10 
10 1.05978 1.01748 0 1.06286 1.02167 0 0 2 10 -11 
11 1.06286 1.02167 0 1.06524 1.0274 0 0 2 11 -12 
12 1.06524 1.0274 0 1.0684 1.03336 0 0 2 12 -13 
13 1.0684 1.03336 0 1.07129 1.03779 0 0 2 13 -14 
14 1.07129 1.03779 0 1.0757 1.03928 0 0 2 14 -15 
15 1.0757 1.03434 0 1.07652 1.03928 0 0 2 15 -16 
16 1.07613 1.02919 0 1.07652 1.03434 0 0 2 16 -17 
17 1.07561 1.02337 0 1.07613 1.02919 0 0 2 17 -18 
18 1.07504 1.01607 0 1.07561 1.02337 0 0 2 18 -19 
19 1.07457 1.00952 0 1.07504 1.01607 0 0 2 19 -20 
20 1.07391 1.00166 0 1.07457 1.00952 0 0 2 20 -21 
21 1.07391 0.994843 0 1.07422 1.00166 0 0 2 21 -22 
22 1.07389 0.988896 0 1.07422 0.994843 0 0 2 22 -23 
23 1.07372 0.983159 0 1.07389 0.988896 0 0 2 23 -24 
24 1.07293 0.979165 0 1.07372 0.983159 0 0 2 24 -25 
25 1.06988 0.975036 0 1.07293 0.979165 0 0 2 25 -26 
26 1.06522 0.975036 0 1.06988 0.979329 0 0 2 26 -27 
27 1.06187 0.979329 0 1.06522 0.984231 0 0 2 27 -28 
28 1.05641 0.984231 0 1.06187 0.990144 0 0 2 28 -29 
29 1.04717 0.990144 0 1.05641 0.993003 0 0 2 29 -30 
30 1.03662 0.99073 0 1.04717 0.993003 0 0 2 30 -31 
31 1.02771 0.984281 0 1.03662 0.99073 0 0 2 31 -32 
32 1.02425 0.970179 0 1.02771 0.984281 0 0 2 32 -33 
33 1.02425 0.956076 0 1.02514 0.970179 0 0 2 33 -34 
34 1.02514 0.940638 0 1.0287 0.956076 0 0 2 34 -35 
35 1.0287 0.930841 0 1.03216 0.940638 0 0 2 35 -36 
36 1.03216 0.920697 0 1.03761 0.930841 0 0 2 36 -37 
37 1.03761 0.91278 0 1.04552 0.920697 0 0 2 37 -38 
38 1.04552 0.90224 0 1.05245 0.91278 0 0 2 38 -39 
39 1.05245 0.894917 0 1.06235 0.90224 0 0 2 39 -40 
40 1.06235 0.891948 0 1.07224 0.894917 0 0 2 40 -41 
41 1.07224 0.891057 0 1.08214 0.891948 0 0 2 41 -42 
42 1.08214 0.888583 0 1.09204 0.891057 0 0 2 42 -43 
43 1.09204 0.885614 0 1.10193 0.888583 0 0 2 43 -44 
44 1.10193 0.88126 0 1.11183 0.885614 0 0 2 44 -45 
45 1.11183 0.875322 0 1.12172 0.88126 0 0 2 45 -46 
46 1.12172 0.868824 0 1.13228 0.875322 0 0 2 46 -47 
47 1.13228 0.859686 0 1.14152 0.868824 0 0 2 47 -48 
48 1.14152 0.850433 0 1.15042 0.859686 0 0 2 48 -49 
49 1.15042 0.840537 0 1.15834 0.850433 0 0 2 49 -50 
50 1.15834 0.830195 0 1.16725 0.840537 0 0 2 50 -51 
51 1.16725 0.819111 0 1.17358 0.830195 0 0 2 51 -52 
52 1.17358 0.807631 0 1.18031 0.819111 0 0 2 52 -53 
53 1.18031 0.796745 0 1.18605 0.807631 0 0 2 53 -54 
54 1.18605 0.785035 0 1.19265 0.796745 0 0 2 54 -55 
55 1.19265 0.7751710000000001 0 1.19694 0.785035 0 0 2 55 -56 
56 1.19694 0.765737 0 1.20057 0.7751710000000001 0 0 2 56 -57 
57 1.20057 0.753078 0 1.20683 0.765737 0 0 2 57 -58 
58 1.20683 0.739347 0 1.21277 0.753078 0 0 2 58 -59 
59 1.21277 0.7271879999999999 0 1.21871 0.739347 0 0 2 59 -60 
60 1.21871 0.7168679999999999 0 1.22295 0.7271879999999999 0 0 2 60 -61 
61 1.22295 0.7052040000000001 0 1.22861 0.7168679999999999 0 0 2 61 -62 
62 1.22861 0.6939650000000001 0 1.23426 0.7052040000000001 0 0 2 62 -63 
63 1.23426 0.6850579999999999 0 1.24048 0.6939650000000001 0 0 2 63 -64 
64 1.24048 0.67469 0 1.24642 0.6850579999999999 0 0 2 64 -65 
65 1.24642 0.665289 0 1.25236 0.67469 0 0 2 65 -66 
66 1.25236 0.65551 0 1.25858 0.665289 0 0 2 66 -67 
67 1.25858 0.645331 0 1.26649 0.65551 0 0 2 67 -68 
68 1.26649 0.63593 0 1.27487 0.645331 0 0 2 68 -69 
69 1.27487 0.627958 0 1.28446 0.63593 0 0 2 69 -70 
70 1.28446 0.62125 0 1.29436 0.627958 0 0 2 70 -71 
71 1.29436 0.618882 0 1.29941 0.62125 0 0 2 71 -72 
72 1.29941 0.6172260000000001 0 1.30382 0.618882 0 0 2 72 -73 
73 1.30382 0.615527 0 1.30872 0.6172260000000001 0 0 2 73 -74 
74 1.30872 0.614851 0 1.31141 0.615527 0 0 2 74 -75 
75 1.31141 0.61403 0 1.31393 0.614851 0 0 2 75 -76 
76 1.31393 0.613581 0 1.31617 0.61403 0 0 2 76 -77 
77 1.31617 0.612565 0 1.31826 0.613581 0 0 2 77 -78 
78 1.31826 0.6121529999999999 0 1.32014 0.612565 0 0 2 78 -79 
79 1.32014 0.611986 0 1.32295 0.6121529999999999 0 0 2 79 -80 
80 1.32295 0.611518 0 1.32506 0.611986 0 0 2 80 -81 
81 1.32506 0.611518 0 1.32748 0.611578 0 0 2 81 -82 
82 1.32748 0.611359 0 1.32966 0.611578 0 0 2 82 -83 
83 1.32966 0.611359 0 1.33223 0.611392 0 0 2 83 -84 
84 1.33223 0.611359 0 1.33458 0.611392 0 0 2 84 -85 
85 1.33458 0.611359 0 1.33735 0.611966 0 0 2 85 -86 
86 1.33735 0.611966 0 1.33935 0.613422 0 0 2 86 -87 
87 1.33935 0.613422 0 1.33977 0.615407 0 0 2 87 -88 
88 1.33871 0.615407 0 1.33977 0.617708 0 0 2 88 -89 
89 1.33688 0.617708 0 1.33871 0.620551 0 0 2 89 -90 
90 1.33506 0.620551 0 1.33688 0.621993 0 0 2 90 -91 
91 1.33341 0.621993 0 1.33506 0.6234730000000001 0 0 2 91 -92 
92 1.33072 0.6234730000000001 0 1.33341 0.625968 0 0 2 92 -93 
93 1.32847 0.625968 0 1.33072 0.6290210000000001 0 0 2 93 -94 
94 1.32661 0.6290210000000001 0 1.32847 0.6328240000000001 0 0 2 94 -95 
95 1.32519 0.6328240000000001 0 1.32661 0.636623 0 0 2 95 -96 
96 1.3232 0.636623 0 1.32519 0.642186 0 0 2 96 -97 
97 1.32114 0.642186 0 1.3232 0.6483 0 0 2 97 -98 
98 1.31998 0.6483 0 1.32114 0.654766 0 0 2 98 -99 
99 1.3196 0.654766 0 1.31998 0.658309 0 0 2 99 -100 
100 1.31899 0.658309 0 1.3196 0.662485 0 0 2 100 -101 
101 1.31838 0.662485 0 1.31899 0.66848 0 0 2 101 -102 
102 1.31817 0.66848 0 1.31838 0.674773 0 0 2 102 -103 
103 1.31789 0.674773 0 1.31817 0.678879 0 0 2 103 -104 
104 1.31789 0.678879 0 1.31833 0.683927 0 0 2 104 -105 
105 1.31833 0.683927 0 1.32084 0.694021 0 0 2 105 -106 
106 1.32084 0.694021 0 1.32242 0.7062929999999999 0 0 2 106 -107 
107 1.32242 0.7062929999999999 0 1.32762 0.718919 0 0 2 107 -108 
108 1.32762 0.718919 0 1.33238 0.733833 0 0 2 108 -109 
109 1.33238 0.733833 0 1.33648 0.7427280000000001 0 0 2 109 -110 
110 1.33648 0.7427280000000001 0 1.34208 0.754961 0 0 2 110 -111 
111 1.34208 0.754961 0 1.34802 0.764747 0 0 2 111 -112 
112 1.34802 0.764747 0 1.3541 0.772804 0 0 2 112 -113 
113 1.3541 0.772804 0 1.35792 0.781241 0 0 2 113 -114 
114 1.35792 0.781241 0 1.3655 0.793611 0 0 2 114 -115 
115 1.3655 0.793611 0 1.37342 0.802023 0 0 2 115 -116 
116 1.37342 0.802023 0 1.38134 0.81192 0 0 2 116 -117 
117 1.38134 0.81192 0 1.38893 0.822476 0 0 2 117 -118 
118 1.38893 0.822476 0 1.39684 0.8327020000000001 0 0 2 118 -119 
119 1.39684 0.8327020000000001 0 1.40726 0.843798 0 0 2 119 -120 
120 1.40726 0.843798 0 1.41732 0.857171 0 0 2 120 -121 
121 1.41732 0.857171 0 1.42851 0.867236 0 0 2 121 -122 
122 1.42851 0.867236 0 1.43742 0.875174 0 0 2 122 -123 
123 1.43742 0.875174 0 1.44632 0.885812 0 0 2 123 -124 
124 1.44632 0.885812 0 1.45276 0.894472 0 0 2 124 -125 
125 1.45276 0.894472 0 1.46117 0.900904 0 0 2 125 -126 
126 1.46117 0.900904 0 1.47008 0.910949 0 0 2 126 -127 
127 1.47008 0.910949 0 1.47997 0.920449 0 0 2 127 -128 
128 1.47997 0.920449 0 1.48879 0.930322 0 0 2 128 -129 
129 1.48879 0.930322 0 1.49779 0.936877 0 0 2 129 -130 
130 1.49779 0.936877 0 1.50537 0.945685 0 0 2 130 -131 
131 1.50537 0.945685 0 1.5156 0.951326 0 0 2 131 -132 
132 1.5156 0.951326 0 1.52747 0.960233 0 0 2 132 -133 
133 1.52747 0.960233 0 1.53869 0.969436 0 0 2 133 -134 
134 1.53869 0.969436 0 1.54536 0.973944 0 0 2 134 -135 
135 1.54536 0.973944 0 1.54865 0.977564 0 0 2 135 -136 
136 1.54458 0.977564 0 1.54865 0.98187 0 0 2 136 -137 
137 1.54354 0.98187 0 1.54458 0.985414 0 0 2 137 -138 
138 1.54354 0.985414 0 1.54635 0.987109 0 0 2 138 -139 
139 1.54635 0.98678 0 1.5503 0.987109 0 0 2 139 -140 
140 1.5503 0.98626 0 1.55321 0.98678 0 0 2 140 -141 
141 1.55321 0.98592 0 1.55787 0.98626 0 0 2 141 -142 
142 1.55787 0.9853690000000001 0 1.5631 0.98592 0 0 2 142 -143 
143 1.5631 0.9853690000000001 0 1.573 0.985402 0 0 2 143 -144 
144 1.573 0.98438 0 1.58289 0.985402 0 0 2 144 -145 
145 1.58289 0.983192 0 1.59279 0.98438 0 0 2 145 -146 
146 1.59279 0.983192 0 1.60269 0.983192 0 0 2 146 -147 
147 1.60269 0.9828789999999999 0 1.61258 0.983192 0 0 2 147 -148 
148 1.61258 0.980421 0 1.62248 0.9828789999999999 0 0 2 148 -149 
149 1.62248 0.980421 0 1.63238 0.981312 0 0 2 149 -150 
150 1.63238 0.97963 0 1.64227 0.981312 0 0 2 150 -151 
151 1.64227 0.97864 0 1.65217 0.97963 0 0 2 151 -152 
152 1.65217 0.97864 0 1.66206 0.979333 0 0 2 152 -153 
153 1.66206 0.979201 0 1.67196 0.979333 0 0 2 153 -154 
154 1.67196 0.978046 0 1.68186 0.979201 0 0 2 154 -155 
155 1.68186 0.977353 0 1.69175 0.978046 0 0 2 155 -156 
156 1.69175 0.977353 0 1.70165 0.977353 0 0 2 156 -157 
157 1.70165 0.977221 0 1.71155 0.977353 0 0 2 157 -158 
158 1.71155 0.9771879999999999 0 1.72144 0.977221 0 0 2 158 -159 
159 1.72144 0.9771879999999999 0 1.73134 0.9771879999999999 0 0 2 159 -160 
160 1.73134 0.9771879999999999 0 1.74124 0.9771879999999999 0 0 2 160 -161 
161 1.74124 0.9771879999999999 0 1.75113 0.9771879999999999 0 0 2 161 -162 
162 1.75113 0.9771879999999999 0 1.76103 0.9771879999999999 0 0 2 162 -163 
163 1.76103 0.9771879999999999 0 1.77092 0.977353 0 0 2 163 -164 
164 1.77092 0.976463 0 1.78082 0.977353 0 0 2 164 -165 
165 1.78082 0.976463 0 1.79124 0.977646 0 0 2 165 -166 
166 1.79124 0.977646 0 1.80061 0.978739 0 0 2 166 -167 
167 1.80061 0.978739 0 1.81051 0.980091 0 0 2 167 -168 
168 1.81051 0.980091 0 1.82107 0.981862 0 0 2 168 -169 
169 1.82107 0.981862 0 1.8303 0.983423 0 0 2 169 -170 
170 1.8303 0.983423 0 1.8402 0.985402 0 0 2 170 -171 
171 1.8402 0.985402 0 1.8501 0.988459 0 0 2 171 -172 
172 1.8501 0.988459 0 1.85966 0.990521 0 0 2 172 -173 
173 1.85966 0.990521 0 1.86989 0.992528 0 0 2 173 -174 
174 1.86989 0.992528 0 1.87701 0.994981 0 0 2 174 -175 
175 1.87701 0.994981 0 1.886 0.99705 0 0 2 175 -176 
176 1.886 0.99705 0 1.89562 0.999785 0 0 2 176 -177 
177 1.89562 0.999785 0 1.90551 1.00285 0 0 2 177 -178 
178 1.90551 1.00285 0 1.91541 1.00457 0 0 2 178 -179 
179 1.91541 1.00457 0 1.92531 1.00879 0 0 2 179 -180 
180 1.92531 1.00879 0 1.9352 1.01097 0 0 2 180 -181 
181 1.9352 1.01097 0 1.9451 1.01407 0 0 2 181 -182 
182 1.9451 1.01407 0 1.955 1.0172 0 0 2 182 -183 
183 1.955 1.0172 0 1.96489 1.02001 0 0 2 183 -184 
184 1.96489 1.02001 0 1.97479 1.02284 0 0 2 184 -185 
185 1.97479 1.02284 0 1.98469 1.02565 0 0 2 185 -186 
186 1.98469 1.02565 0 1.99458 1.02852 0 0 2 186 -187 
187 1.99458 1.02852 0 2.00448 1.03208 0 0 2 187 -188 
188 2.00448 1.03208 0 2.01437 1.03544 0 0 2 188 -189 
189 2.01437 1.03544 0 2.02177 1.04055 0 0 2 189 -190 
190 2.01701 1.04055 0 2.02177 1.04748 0 0 2 190 -191 
191 2.00646 1.04574 0 2.01701 1.04748 0 0 2 191 -192 
192 1.99656 1.04297 0 2.00646 1.04574 0 0 2 192 -193 
193 1.98666 1.04006 0 1.99656 1.04297 0 0 2 193 -194 
194 1.97702 1.03754 0 1.98666 1.04006 0 0 2 194 -195 
195 1.96712 1.03465 0 1.97702 1.03754 0 0 2 195 -196 
196 1.9572 1.03173 0 1.96712 1.03465 0 0 2 196 -197 
197 1.94621 1.02853 0 1.9572 1.03173 0 0 2 197 -198 
198 1.93549 1.02547 0 1.94621 1.02853 0 0 2 198 -199 
199 1.92267 1.02238 0 1.93549 1.02547 0 0 2 199 -200 
200 1.91204 1.01946 0 1.92267 1.02238 0 0 2 200 -201 
201 1.90123 1.0176 0 1.91204 1.01946 0 0 2 201 -202 
202 1.89199 1.01455 0 1.90123 1.0176 0 0 2 202 -203 
203 1.88176 1.01328 0 1.89199 1.01455 0 0 2 203 -204 
204 1.87187 1.01074 0 1.88176 1.01328 0 0 2 204 -205 
205 1.86263 1.0088 0 1.87187 1.01074 0 0 2 205 -206 
206 1.85207 1.00675 0 1.86263 1.0088 0 0 2 206 -207 
207 1.84218 1.00516 0 1.85207 1.00675 0 0 2 207 -208 
208 1.83228 1.00378 0 1.84218 1.00516 0 0 2 208 -209 
209 1.82239 1.00328 0 1.83228 1.00378 0 0 2 209 -210 
210 1.81249 1.0017 0 1.82239 1.00328 0 0 2 210 -211 
211 1.80259 1.00041 0 1.81249 1.0017 0 0 2 211 -212 
212 1.7927 1.00041 0 1.80259 1.0016 0 0 2 212 -213 
213 1.7828 1.0012 0 1.7927 1.0016 0 0 2 213 -214 
214 1.7729 1.00061 0 1.7828 1.0012 0 0 2 214 -215 
215 1.76301 1.00061 0 1.7729 1.00101 0 0 2 215 -216 
216 1.75311 1.00101 0 1.76301 1.0016 0 0 2 216 -217 
217 1.74321 1.00071 0 1.75311 1.0016 0 0 2 217 -218 
218 1.73332 1.00071 0 1.74321 1.00101 0 0 2 218 -219 
219 1.72342 1.00101 0 1.73332 1.00279 0 0 2 219 -220 
220 1.71353 1.00269 0 1.72342 1.00279 0 0 2 220 -221 
221 1.70363 1.00269 0 1.71353 1.00397 0 0 2 221 -222 
222 1.69373 1.00397 0 1.70363 1.00477 0 0 2 222 -223 
223 1.68384 1.00477 0 1.69373 1.00536 0 0 2 223 -224 
224 1.67394 1.00536 0 1.68384 1.00665 0 0 2 224 -225 
225 1.66404 1.00665 0 1.67394 1.00783 0 0 2 225 -226 
226 1.65415 1.00783 0 1.66404 1.00833 0 0 2 226 -227 
227 1.64425 1.00833 0 1.65415 1.01041 0 0 2 227 -228 
228 1.63436 1.01041 0 1.64425 1.0111 0 0 2 228 -229 
229 1.62446 1.0111 0 1.63436 1.01239 0 0 2 229 -230 
230 1.61456 1.01239 0 1.62446 1.01417 0 0 2 230 -231 
231 1.60467 1.01397 0 1.61456 1.01417 0 0 2 231 -232 
232 1.59477 1.01397 0 1.60467 1.01625 0 0 2 232 -233 
233 1.58487 1.01598 0 1.59477 1.01625 0 0 2 233 -234 
234 1.57498 1.01598 0 1.58487 1.01832 0 0 2 234 -235 
235 1.56737 1.01832 0 1.57498 1.01919 0 0 2 235 -236 
236 1.56083 1.01903 0 1.56737 1.01919 0 0 2 236 -237 
237 1.55518 1.01903 0 1.56083 1.01951 0 0 2 237 -238 
238 1.54997 1.01951 0 1.55518 1.01969 0 0 2 238 -239 
239 1.54529 1.01969 0 1.54997 1.01991 0 0 2 239 -240 
240 1.5442 1.01991 0 1.54529 1.02321 0 0 2 240 -241 
241 1.5442 1.02321 0 1.5451 1.02677 0 0 2 241 -242 
242 1.5451 1.02677 0 1.54612 1.03046 0 0 2 242 -243 
243 1.54133 1.03046 0 1.54612 1.03528 0 0 2 243 -244 
244 1.532 1.03528 0 1.54133 1.0422 0 0 2 244 -245 
245 1.52178 1.0422 0 1.532 1.04857 0 0 2 245 -246 
246 1.51243 1.04857 0 1.52178 1.05471 0 0 2 246 -247 
247 1.5057 1.05471 0 1.51243 1.06092 0 0 2 247 -248 
248 1.49552 1.06092 0 1.5057 1.06878 0 0 2 248 -249 
249 1.48591 1.06878 0 1.49552 1.07609 0 0 2 249 -250 
250 1.47969 1.07609 0 1.48591 1.08322 0 0 2 250 -251 
251 1.47008 1.08322 0 1.47969 1.09166 0 0 2 251 -252 
252 1.46018 1.09166 0 1.47008 1.10155 0 0 2 252 -253 
253 1.45028 1.10155 0 1.46018 1.11145 0 0 2 253 -254 
254 1.44138 1.11145 0 1.45028 1.12159 0 0 2 254 -255 
255 1.43247 1.12159 0 1.44138 1.12943 0 0 2 255 -256 
256 1.42653 1.12943 0 1.43247 1.13955 0 0 2 256 -257 
257 1.41797 1.13955 0 1.42653 1.14751 0 0 2 257 -258 
258 1.40985 1.14751 0 1.41797 1.15744 0 0 2 258 -259 
259 1.40179 1.15744 0 1.40985 1.1686 0 0 2 259 -260 
260 1.39387 1.1686 0 1.40179 1.17874 0 0 2 260 -261 
261 1.38525 1.17874 0 1.39387 1.18803 0 0 2 261 -262 
262 1.37705 1.18803 0 1.38525 1.19924 0 0 2 262 -263 
263 1.36942 1.19924 0 1.37705 1.20938 0 0 2 263 -264 
264 1.3632 1.20938 0 1.36942 1.21948 0 0 2 264 -265 
265 1.35693 1.21948 0 1.3632 1.23103 0 0 2 265 -266 
266 1.35172 1.23103 0 1.35693 1.24584 0 0 2 266 -267 
267 1.34657 1.24584 0 1.35172 1.25495 0 0 2 267 -268 
268 1.34175 1.25495 0 1.34657 1.26781 0 0 2 268 -269 
269 1.33509 1.26781 0 1.34175 1.28107 0 0 2 269 -270 
270 1.33217 1.28107 0 1.33509 1.29425 0 0 2 270 -271 
271 1.33054 1.29425 0 1.33217 1.30962 0 0 2 271 -272 
272 1.32856 1.30962 0 1.33054 1.31697 0 0 2 272 -273 
273 1.32682 1.31697 0 1.32856 1.32413 0 0 2 273 -274 
274 1.32625 1.32413 0 1.32682 1.33098 0 0 2 274 -275 
275 1.32625 1.33098 0 1.32719 1.34005 0 0 2 275 -276 
276 1.32719 1.34005 0 1.32823 1.34995 0 0 2 276 -277 
277 1.32823 1.34995 0 1.32997 1.35686 0 0 2 277 -278 
278 1.32997 1.35686 0 1.33143 1.36067 0 0 2 278 -279 
279 1.33143 1.36067 0 1.33327 1.36586 0 0 2 279 -280 
280 1.33327 1.36586 0 1.33571 1.36889 0 0 2 280 -281 
281 1.33571 1.36889 0 1.33923 1.3724 0 0 2 281 -282 
282 1.33923 1.3724 0 1.34262 1.37482 0 0 2 282 -283 
283 1.34262 1.37482 0 1.34597 1.37785 0 0 2 283 -284 
284 1.34597 1.37785 0 1.35019 1.38074 0 0 2 284 -285 
285 1.35019 1.38074 0 1.35429 1.38459 0 0 2 285 -286 
286 1.35019 1.38459 0 1.35429 1.38667 0 0 2 286 -287 
287 1.34604 1.38667 0 1.35019 1.38772 0 0 2 287 -288 
288 1.34097 1.38772 0 1.34604 1.38864 0 0 2 288 -289 
289 1.33615 1.3886 0 1.34097 1.38864 0 0 2 289 -290 
290 1.33077 1.3886 0 1.33615 1.38864 0 0 2 290 -291 
291 1.32559 1.38818 0 1.33077 1.38864 0 0 2 291 -292 
292 1.32057 1.38818 0 1.32559 1.38831 0 0 2 292 -293 
293 1.31569 1.3877 0 1.32057 1.38831 0 0 2 293 -294 
294 1.31069 1.387 0 1.31569 1.3877 0 0 2 294 -295 
295 1.30646 1.38569 0 1.31069 1.387 0 0 2 295 -296 
296 1.29983 1.38173 0 1.30646 1.38569 0 0 2 296 -297 
297 1.29458 1.37826 0 1.29983 1.38173 0 0 2 297 -298 
298 1.2893 1.37284 0 1.29458 1.37826 0 0 2 298 -299 
299 1.2846 1.36834 0 1.2893 1.37284 0 0 2 299 -300 
300 1.28009 1.36346 0 1.2846 1.36834 0 0 2 300 -301 
301 1.27611 1.3591 0 1.28009 1.36346 0 0 2 301 -302 
302 1.26847 1.35052 0 1.27611 1.3591 0 0 2 302 -303 
303 1.26527 1.34553 0 1.26847 1.35052 0 0 2 303 -304 
304 1.2606 1.33972 0 1.26527 1.34553 0 0 2 304 -305 
305 1.25104 1.32735 0 1.2606 1.33972 0 0 2 305 -306 
306 1.24274 1.31418 0 1.25104 1.32735 0 0 2 306 -307 
307 1.23652 1.30311 0 1.24274 1.31418 0 0 2 307 -308 
308 1.23223 1.29338 0 1.23652 1.30311 0 0 2 308 -309 
309 1.22634 1.28294 0 1.23223 1.29338 0 0 2 309 -310 
310 1.22069 1.27144 0 1.22634 1.28294 0 0 2 310 -311 
311 1.21574 1.26336 0 1.22069 1.27144 0 0 2 311 -312 
312 1.2131 1.25115 0 1.21574 1.26336 0 0 2 312 -313 
313 1.20881 1.24265 0 1.2131 1.25115 0 0 2 313 -314 
314 1.20208 1.23377 0 1.20881 1.24265 0 0 2 314 -315 
315 1.19793 1.22451 0 1.20208 1.23377 0 0 2 315 -316 
316 1.19265 1.21404 0 1.19793 1.22451 0 0 2 316 -317 
317 1.18869 1.20217 0 1.19265 1.21404 0 0 2 317 -318 
318 1.18176 1.19128 0 1.18869 1.20217 0 0 2 318 -319 
319 1.17596 1.18033 0 1.18176 1.19128 0 0 2 319 -320 
320 1.16824 1.17206 0 1.17596 1.18033 0 0 2 320 -321 
321 1.15933 1.16093 0 1.16824 1.17206 0 0 2 321 -322 
322 1.15042 1.15079 0 1.15933 1.16093 0 0 2 322 -323 
323 1.1418 1.14246 0 1.15042 1.15079 0 0 2 323 -324 
324 1.13162 1.1352 0 1.1418 1.14246 0 0 2 324 -325 
325 1.12172 1.12887 0 1.13162 1.1352 0 0 2 325 -326 
326 1.11183 1.12412 0 1.12172 1.12887 0 0 2 326 -327 
327 1.10193 1.11996 0 1.11183 1.12412 0 0 2 327 -328 
328 1.09204 1.11758 0 1.10193 1.11996 0 0 2 328 -329 
329 1.08214 1.1162 0 1.09204 1.11758 0 0 2 329 -330 
330 1.07224 1.11422 0 1.08214 1.1162 0 0 2 330 -331 
331 1.06235 1.11085 0 1.07224 1.11422 0 0 2 331 -332 
332 1.05245 1.10254 0 1.06235 1.11085 0 0 2 332 -333 
333 1.04474 1.09267 0 1.05245 1.10254 0 0 2 333 -334 
334 1.03695 1.08126 0 1.04474 1.09267 0 0 2 334 -335 
335 1.03068 1.07186 0 1.03695 1.08126 0 0 2 335 -336 
336 1.02573 1.05966 0 1.03068 1.07186 0 0 2 336 -337 
337 1.02276 1.04712 0 1.02573 1.05966 0 0 2 337 -338 
338 1.02177 1.03195 0 1.02276 1.04712 0 0 2 338 -5 
1 0 0 0 4 2 0 1 5 338 1 2 3 4 -338 -337 -336 -335 -334 -333 -332 -331 -330 -329 -328 -327 -326 -325 -324 -323 -322 -321 -320 -319 -318 -317 -316 -315 -314 -313 -312 -311 -310 -309 -308 -307 -306 -305 -304 -303 -302 -301 -300 -299 -298 -297 -296 -295 -294 -293 -292 -291 -290 -289 -288 -287 -286 -285 -284 -283 -282 -281 -280 -279 -278 -277 -276 -275 -274 -273 -272 -271 -270 -269 -268 -267 -266 -265 -264 -263 -262 -261 -260 -259 -258 -257 -256 -255 -254 -253 -252 -251 -250 -249 -248 -247 -246 -245 -244 -243 -242 -241 -240 -239 -238 -237 -236 -235 -234 -233 -232 -231 -230 -229 -228 -227 -226 -225 -224 -223 -222 -221 -220 -219 -218 -217 -216 -215 -214 -213 -212 -211 -210 -209 -208 -207 -206 -205 -204 -203 -202 -201 -200 -199 -198 -197 -196 -195 -194 -193 -192 -191 -190 -189 -188 -187 -186 -185 -184 -183 -182 -181 -180 -179 -178 -177 -176 -175 -174 -173 -172 -171 -170 -169 -168 -167 -166 -165 -164 -163 -162 -161 -160 -159 -158 -157 -156 -155 -154 -153 -152 -151 -150 -149 -148 -147 -146 -145 -144 -143 -142 -141 -140 -139 -138 -137 -136 -135 -134 -133 -132 -131 -130 -129 -128 -127 -126 -125 -124 -123 -122 -121 -120 -119 -118 -117 -116 -115 -114 -113 -112 -111 -110 -109 -108 -107 -106 -105 -104 -103 -102 -101 -100 -99 -98 -97 -96 -95 -94 -93 -92 -91 -90 -89 -88 -87 -86 -85 -84 -83 -82 -81 -80 -79 -78 -77 -76 -75 -74 -73 -72 -71 -70 -69 -68 -67 -66 -65 -64 -63 -62 -61 -60 -59 -58 -57 -56 -55 -54 -53 -52 -51 -50 -49 -48 -47 -46 -45 -44 -43 -42 -41 -40 -39 -38 -37 -36 -35 -34 -33 -32 -31 -30 -29 -28 -27 -26 -25 -24 -23 -22 -21 -20 -19 -18 -17 -16 -15 -14 -13 -12 -11 -10 -9 -8 -7 -6 -5 
$EndEntities
$Nodes
343 2882 1 2882
0 1 0 1
1
0 0 0
0 2 0 1
2
4 0 0
0 3 0 1
3
4 2 0
0 4 0 1
4
0 2 0
0 5 0 1
5
1.02177 1.03195 0
0 6 0 1
6
1.02592 1.01809 0
0 7 0 1
7
1.03295 1.01065 0
0 8 0 1
8
1.04399 1.00926 0
0 9 0 1
9
1.05245 1.01187 0
0 10 0 1
10
1.05978 1.01748 0
0 11 0 1
11
1.06286 1.02167 0
0 12 0 1
12
1.06524 1.0274 0
0 13 0 1
13
1.0684 1.03336 0
0 14 0 1
14
1.07129 1.03779 0
0 15 0 1
15
1.0757 1.03928 0
0 16 0 1
16
1.07652 1.03434 0
0 17 0 1
17
1.07613 1.02919 0
0 18 0 1
18
1.07561 1.02337 0
0 19 0 1
19
1.07504 1.01607 0
0 20 0 1
20
1.07457 1.00952 0
0 21 0 1
21
1.07391 1.00166 0
0 22 0 1
22
1.07422 0.994843 0
0 23 0 1
23
1.07389 0.988896 0
0 24 0 1
24
1.07372 0.983159 0
0 25 0 1
25
1.07293 0.979165 0
0 26 0 1
26
1.06988 0.975036 0
0 27 0 1
27
1.06522 0.979329 0
0 28 0 1
28
1.06187 0.984231 0
0 29 0 1
29
1.05641 0.990144 0
0 30 0 1
30
1.04717 0.993003 0
0 31 0 1
31
1.03662 0.99073 0
0 32 0 1
32
1.02771 0.984281 0
0 33 0 1
33
1.02425 0.970179 0
0 34 0 1
34
1.02514 0.956076 0
0 35 0 1
35
1.0287 0.940638 0
0 36 0 1
36
1.03216 0.930841 0
0 37 0 1
37
1.03761 0.920697 0
0 38 0 1
38
1.04552 0.91278 0
0 39 0 1
39
1.05245 0.90224 0
0 40 0 1
40
1.06235 0.894917 0
0 41 0 1
41
1.07224 0.891948 0
0 42 0 1
42
1.08214 0.891057 0
0 43 0 1
43
1.09204 0.888583 0
0 44 0 1
44
1.10193 0.885614 0
0 45 0 1
45
1.11183 0.88126 0
0 46 0 1
46
1.12172 0.875322 0
0 47 0 1
47
1.13228 0.868824 0
0 48 0 1
48
1.14152 0.859686 0
0 49 0 1
49
1.15042 0.850433 0
0 50 0 1
50
1.15834 0.840537 0
0 51 0 1
51
1.16725 0.830195 0
0 52 0 1
52
1.17358 0.819111 0
0 53 0 1
53
1.18031 0.807631 0
0 54 0 1
54
1.18605 0.796745 0
0 55 0 1
55
1.19265 0.785035 0
0 56 0 1
56
1.19694 0.7751710000000001 0
0 57 0 1
57
1.20057 0.765737 0
0 58 0 1
58
1.20683 0.753078 0
0 59 0 1
59
1.21277 0.739347 0
0 60 0 1
60
1.21871 0.7271879999999999 0
0 61 0 1
61
1.22295 0.7168679999999999 0
0 62 0 1
62
1.22861 0.7052040000000001 0
0 63 0 1
63
1.23426 0.6939650000000001 0
0 64 0 1
64
1.24048 0.6850579999999999 0
0 65 0 1
65
1.24642 0.67469 0
0 66 0 1
66
1.25236 0.665289 0
0 67 0 1
67
1.25858 0.65551 0
0 68 0 1
68
1.26649 0.645331 0
0 69 0 1
69
1.27487 0.63593 0
0 70 0 1
70
1.28446 0.627958 0
0 71 0 1
71
1.29436 0.62125 0
0 72 0 1
72
1.29941 0.618882 0
0 73 0 1
73
1.30382 0.6172260000000001 0
0 74 0 1
74
1.30872 0.615527 0
0 75 0 1
75
1.31141 0.614851 0
0 76 0 1
76
1.31393 0.61403 0
0 77 0 1
77
1.31617 0.613581 0
0 78 0 1
78
1.31826 0.612565 0
0 79 0 1
79
1.32014 0.6121529999999999 0
0 80 0 1
80
1.32295 0.611986 0
0 81 0 1
81
1.32506 0.611518 0
0 82 0 1
82
1.32748 0.611578 0
0 83 0 1
83
1.32966 0.611359 0
0 84 0 1
84
1.33223 0.611392 0
0 85 0 1
85
1.33458 0.611359 0
0 86 0 1
86
1.33735 0.611966 0
0 87 0 1
87
1.33935 0.613422 0
0 88 0 1
88
1.33977 0.615407 0
0 89 0 1
89
1.33871 0.617708 0
0 90 0 1
90
1.33688 0.620551 0
0 91 0 1
91
1.33506 0.621993 0
0 92 0 1
92
1.33341 0.6234730000000001 0
0 93 0 1
93
1.33072 0.625968 0
0 94 0 1
94
1.32847 0.6290210000000001 0
0 95 0 1
95
1.32661 0.6328240000000001 0
0 96 0 1
96
1.32519 0.636623 0
0 97 0 1
97
1.3232 0.642186 0
0 98 0 1
98
1.32114 0.6483 0
0 99 0 1
99
1.31998 0.654766 0
0 100 0 1
100
1.3196 0.658309 0
0 101 0 1
101
1.31899 0.662485 0
0 102 0 1
102
1.31838 0.66848 0
0 103 0 1
103
1.31817 0.674773 0
0 104 0 1
104
1.31789 0.678879 0
0 105 0 1
105
1.31833 0.683927 0
0 106 0 1
106
1.32084 0.694021 0
0 107 0 1
107
1.32242 0.7062929999999999 0
0 108 0 1
108
1.32762 0.718919 0
0 109 0 1
109
1.33238 0.733833 0
0 110 0 1
110
1.33648 0.7427280000000001 0
0 111 0 1
111
1.34208 0.754961 0
0 112 0 1
112
1.34802 0.764747 0
0 113 0 1
113
1.3541 0.772804 0
0 114 0 1
114
1.35792 0.781241 0
0 115 0 1
115
1.3655 0.793611 0
0 116 0 1
116
1.37342 0.802023 0
0 117 0 1
117
1.38134 0.81192 0
0 118 0 1
118
1.38893 0.822476 0
0 119 0 1
119
1.39684 0.8327020000000001 0
0 120 0 1
120
1.40726 0.843798 0
0 121 0 1
121
1.41732 0.857171 0
0 122 0 1
122
1.42851 0.867236 0
0 123 0 1
123
1.43742 0.875174 0
0 124 0 1
124
1.44632 0.885812 0
0 125 0 1
125
1.45276 0.894472 0
0 126 0 1
126
1.46117 0.900904 0
0 127 0 1
127
1.47008 0.910949 0
0 128 0 1
128
1.47997 0.920449 0
0 129 0 1
129
1.48879 0.930322 0
0 130 0 1
130
1.49779 0.936877 0
0 131 0 1
131
1.50537 0.945685 0
0 132 0 1
132
1.5156 0.951326 0
0 133 0 1
133
1.52747 0.960233 0
0 134 0 1
134
1.53869 0.969436 0
0 135 0 1
135
1.54536 0.973944 0
0 136 0 1
136
1.54865 0.977564 0
0 137 0 1
137
1.54458 0.98187 0
0 138 0 1
138
1.54354 0.985414 0
0 139 0 1
139
1.54635 0.987109 0
0 140 0 1
140
1.5503 0.98678 0
0 141 0 1
141
1.55321 0.98626 0
0 142 0 1
142
1.55787 0.98592 0
0 143 0 1
143
1.5631 0.9853690000000001 0
0 144 0 1
144
1.573 0.985402 0
0 145 0 1
145
1.58289 0.98438 0
0 146 0 1
146
1.59279 0.983192 0
0 147 0 1
147
1.60269 0.983192 0
0 148 0 1
148
1.61258 0.9828789999999999 0
0 149 0 1
149
1.62248 0.980421 0
0 150 0 1
150
1.63238 0.981312 0
0 151 0 1
151
1.64227 0.97963 0
0 152 0 1
152
1.65217 0.97864 0
0 153 0 1
153
1.66206 0.979333 0
0 154 0 1
154
1.67196 0.979201 0
0 155 0 1
155
1.68186 0.978046 0
0 156 0 1
156
1.69175 0.977353 0
0 157 0 1
157
1.70165 0.977353 0
0 158 0 1
158
1.71155 0.977221 0
0 159 0 1
159
1.72144 0.9771879999999999 0
0 160 0 1
160
1.73134 0.9771879999999999 0
0 161 0 1
161
1.74124 0.9771879999999999 0
0 162 0 1
162
1.75113 0.9771879999999999 0
0 163 0 1
163
1.76103 0.9771879999999999 0
0 164 0 1
164
1.77092 0.977353 0
0 165 0 1
165
1.78082 0.976463 0
0 166 0 1
166
1.79124 0.977646 0
0 167 0 1
167
1.80061 0.978739 0
0 168 0 1
168
1.81051 0.980091 0
0 169 0 1
169
1.82107 0.981862 0
0 170 0 1
170
1.8303 0.983423 0
0 171 0 1
171
1.8402 0.985402 0
0 172 0 1
172
1.8501 0.988459 0
0 173 0 1
173
1.85966 0.990521 0
0 174 0 1
174
1.86989 0.992528 0
0 175 0 1
175
1.87701 0.994981 0
0 176 0 1
176
1.886 0.99705 0
0 177 0 1
177
1.89562 0.999785 0
0 178 0 1
178
1.90551 1.00285 0
0 179 0 1
179
1.91541 1.00457 0
0 180 0 1
180
1.92531 1.00879 0
0 181 0 1
181
1.9352 1.01097 0
0 182 0 1
182
1.9451 1.01407 0
0 183 0 1
183
1.955 1.0172 0
0 184 0 1
184
1.96489 1.02001 0
0 185 0 1
185
1.97479 1.02284 0
0 186 0 1
186
1.98469 1.02565 0
0 187 0 1
187
1.99458 1.02852 0
0 188 0 1
188
2.00448 1.03208 0
0 189 0 1
189
2.01437 1.03544 0
0 190 0 1
190
2.02177 1.04055 0
0 191 0 1
191
2.01701 1.04748 0
0 192 0 1
192
2.00646 1.04574 0
0 193 0 1
193
1.99656 1.04297 0
0 194 0 1
194
1.98666 1.04006 0
0 195 0 1
195
1.97702 1.03754 0
0 196 0 1
196
1.96712 1.03465 0
0 197 0 1
197
1.9572 1.03173 0
0 198 0 1
198
1.94621 1.02853 0
0 199 0 1
199
1.93549 1.02547 0
0 200 0 1
200
1.92267 1.02238 0
0 201 0 1
201
1.91204 1.01946 0
0 202 0 1
202
1.90123 1.0176 0
0 203 0 1
203
1.89199 1.01455 0
0 204 0 1
204
1.88176 1.01328 0
0 205 0 1
205
1.87187 1.01074 0
0 206 0 1
206
1.86263 1.0088 0
0 207 0 1
207
1.85207 1.00675 0
0 208 0 1
208
1.84218 1.00516 0
0 209 0 1
209
1.83228 1.00378 0
0 210 0 1
210
1.82239 1.00328 0
0 211 0 1
211
1.81249 1.0017 0
0 212 0 1
212
1.80259 1.00041 0
0 213 0 1
213
1.7927 1.0016 0
0 214 0 1
214
1.7828 1.0012 0
0 215 0 1
215
1.7729 1.00061 0
0 216 0 1
216
1.76301 1.00101 0
0 217 0 1
217
1.75311 1.0016 0
0 218 0 1
218
1.74321 1.00071 0
0 219 0 1
219
1.73332 1.00101 0
0 220 0 1
220
1.72342 1.00279 0
0 221 0 1
221
1.71353 1.00269 0
0 222 0 1
222
1.70363 1.00397 0
0 223 0 1
223
1.69373 1.00477 0
0 224 0 1
224
1.68384 1.00536 0
0 225 0 1
225
1.67394 1.00665 0
0 226 0 1
226
1.66404 1.00783 0
0 227 0 1
227
1.65415 1.00833 0
0 228 0 1
228
1.64425 1.01041 0
0 229 0 1
229
1.63436 1.0111 0
0 230 0 1
230
1.62446 1.01239 0
0 231 0 1
231
1.61456 1.01417 0
0 232 0 1
232
1.60467 1.01397 0
0 233 0 1
233
1.59477 1.01625 0
0 234 0 1
234
1.58487 1.01598 0
0 235 0 1
235
1.57498 1.01832 0
0 236 0 1
236
1.56737 1.01919 0
0 237 0 1
237
1.56083 1.01903 0
0 238 0 1
238
1.55518 1.01951 0
0 239 0 1
239
1.54997 1.01969 0
0 240 0 1
240
1.54529 1.01991 0
0 241 0 1
241
1.5442 1.02321 0
0 242 0 1
242
1.5451 1.02677 0
0 243 0 1
243
1.54612 1.03046 0
0 244 0 1
244
1.54133 1.03528 0
0 245 0 1
245
1.532 1.0422 0
0 246 0 1
246
1.52178 1.04857 0
0 247 0 1
247
1.51243 1.05471 0
0 248 0 1
248
1.5057 1.06092 0
0 249 0 1
249
1.49552 1.06878 0
0 250 0 1
250
1.48591 1.07609 0
0 251 0 1
251
1.47969 1.08322 0
0 252 0 1
252
1.47008 1.09166 0
0 253 0 1
253
1.46018 1.10155 0
0 254 0 1
254
1.45028 1.11145 0
0 255 0 1
255
1.44138 1.12159 0
0 256 0 1
256
1.43247 1.12943 0
0 257 0 1
257
1.42653 1.13955 0
0 258 0 1
258
1.41797 1.14751 0
0 259 0 1
259
1.40985 1.15744 0
0 260 0 1
260
1.40179 1.1686 0
0 261 0 1
261
1.39387 1.17874 0
0 262 0 1
262
1.38525 1.18803 0
0 263 0 1
263
1.37705 1.19924 0
0 264 0 1
264
1.36942 1.20938 0
0 265 0 1
265
1.3632 1.21948 0
0 266 0 1
266
1.35693 1.23103 0
0 267 0 1
267
1.35172 1.24584 0
0 268 0 1
268
1.34657 1.25495 0
0 269 0 1
269
1.34175 1.26781 0
0 270 0 1
270
1.33509 1.28107 0
0 271 0 1
271
1.33217 1.29425 0
0 272 0 1
272
1.33054 1.30962 0
0 273 0 1
273
1.32856 1.31697 0
0 274 0 1
274
1.32682 1.32413 0
0 275 0 1
275
1.32625 1.33098 0
0 276 0 1
276
1.32719 1.34005 0
0 277 0 1
277
1.32823 1.34995 0
0 278 0 1
278
1.32997 1.35686 0
0 279 0 1
279
1.33143 1.36067 0
0 280 0 1
280
1.33327 1.36586 0
0 281 0 1
281
1.33571 1.36889 0
0 282 0 1
282
1.33923 1.3724 0
0 283 0 1
283
1.34262 1.37482 0
0 284 0 1
284
1.34597 1.37785 0
0 285 0 1
285
1.35019 1.38074 0
0 286 0 1
286
1.35429 1.38459 0
0 287 0 1
287
1.35019 1.38667 0
0 288 0 1
288
1.34604 1.38772 0
0 289 0 1
289
1.34097 1.38864 0
0 290 0 1
290
1.33615 1.3886 0
0 291 0 1
291
1.33077 1.38864 0
0 292 0 1
292
1.32559 1.38818 0
0 293 0 1
293
1.32057 1.38831 0
0 294 0 1
294
1.31569 1.3877 0
0 295 0 1
295
1.31069 1.387 0
0 296 0 1
296
1.30646 1.38569 0
0 297 0 1
297
1.29983 1.38173 0
0 298 0 1
298
1.29458 1.37826 0
0 299 0 1
299
1.2893 1.37284 0
0 300 0 1
300
1.2846 1.36834 0
0 301 0 1
301
1.28009 1.36346 0
0 302 0 1
302
1.27611 1.3591 0
0 303 0 1
303
1.26847 1.35052 0
0 304 0 1
304
1.26527 1.34553 0
0 305 0 1
305
1.2606 1.33972 0
0 306 0 1
306
1.25104 1.32735 0
0 307 0 1
307
1.24274 1.31418 0
0 308 0 1
308
1.23652 1.30311 0
0 309 0 1
309
1.23223 1.29338 0
0 310 0 1
310
1.22634 1.28294 0
0 311 0 1
311
1.22069 1.27144 0
0 312 0 1
312
1.21574 1.26336 0
0 313 0 1
313
1.2131 1.25115 0
0 314 0 1
314
1.20881 1.24265 0
0 315 0 1
315
1.20208 1.23377 0
0 316 0 1
316
1.19793 1.22451 0
0 317 0 1
317
1.19265 1.21404 0
0 318 0 1
318
1.18869 1.20217 0
0 319 0 1
319
1.18176 1.19128 0
0 320 0 1
320
1.17596 1.18033 0
0 321 0 1
321
1.16824 1.17206 0
0 322 0 1
322
1.15933 1.16093 0
0 323 0 1
323
1.15042 1.15079 0
0 324 0 1
324
1.1418 1.14246 0
0 325 0 1
325
1.13162 1.1352 0
0 326 0 1
326
1.12172 1.12887 0
0 327 0 1
327
1.11183 1.12412 0
0 328 0 1
328
1.10193 1.11996 0
0 329 0 1
329
1.09204 1.11758 0
0 330 0 1
330
1.08214 1.1162 0
0 331 0 1
331
1.07224 1.11422 0
0 332 0 1
332
1.06235 1.11085 0
0 333 0 1
333
1.05245 1.10254 0
0 334 0 1
334
1.04474 1.09267 0
0 335 0 1
335
1.03695 1.08126 0
0 336 0 1
336
1.03068 1.07186 0
0 337 0 1
337
1.02573 1.05966 0
0 338 0 1
338
1.02276 1.04712 0
1 1 0 19
339
340
341
342
343
344
345
346
347
348
349
350
351
352
353
354
355
356
357
0.1999999999995987 0 0
0.3999999999992587 0 0
0.5999999999988145 0 0
0.7999999999982316 0 0
0.9999999999976487 0 0
1.199999999997066 0 0
1.399999999996483 0 0
1.5999999999959 0 0
1.799999999995317 0 0
1.999999999994777 0 0
2.19999999999526 0 0
2.399999999995787 0 0
2.599999999996314 0 0
2.79999999999684 0 0
2.999999999997367 0 0
3.199999999997893 0 0
3.39999999999842 0 0
3.599999999998947 0 0
3.799999999999474 0 0
1 2 0 9
358
359
360
361
362
363
364
365
366
4 0.1999999999996294 0
4 0.3999999999991158 0
4 0.5999999999985328 0
4 0.7999999999979499 0
4 0.9999999999973885 0
4 1.199999999997894 0
4 1.39999999999842 0
4 1.599999999998947 0
4 1.799999999999474 0
1 3 0 19
367
368
369
370
371
372
373
374
375
376
377
378
379
380
381
382
383
384
385
3.799999999999167 2 0
3.599999999998334 2 0
3.399999999998612 2 0
3.199999999999999 2 0
3.000000000001386 2 0
2.800000000002774 2 0
2.60000000000416 2 0
2.400000000005547 2 0
2.200000000006934 2 0
2.000000000008235 2 0
1.800000000007489 2 0
1.600000000006657 2 0
1.400000000005825 2 0
1.200000000004993 2 0
1.000000000004161 2 0
0.8000000000033287 2 0
0.6000000000024963 2 0
0.4000000000016639 2 0
0.200000000000832 2 0
1 4 0 9
386
387
388
389
390
391
392
393
394
0 1.799999999999167 0
0 1.6 0
0 1.400000000001387 0
0 1.200000000002774 0
0 1.000000000004117 0
0 0.8000000000033287 0
0 0.6000000000024965 0
0 0.4000000000016644 0
0 0.200000000000832 0
2 1 0 2488
395
396
397
398
399
400
401
402
403
404
405
406
407
408
409
410
411
412
413
414
415
416
417
418
419
420
421
422
423
424
425
426
427
428
429
430
431
432
433
434
435
436
437
438
439
440
441
442
443
444
445
446
447
448
449
450
451
452
453
454
455
456
457
458
459
460
461
462
463
464
465
466
467
468
469
470
471
472
473
474
475
476
477
478
479
480
481
482
483
484
485
486
487
488
489
490
491
492
493
494
495
496
497
498
499
500
501
502
503
504
505
506
507
508
509
510
511
512
513
514
515
516
517
518
519
520
521
522
523
524
525
526
527
528
529
530
531
532
533
534
535
536
537
538
539
540
541
542
543
544
545
546
547
548
549
550
551
552
553
554
555
556
557
558
559
560
561
562
563
564
565
566
567
568
569
570
571
572
573
574
575
576
577
578
579
580
581
582
583
584
585
586
587
588
589
590
591
592
593
594
595
596
597
598
599
600
601
602
603
604
605
606
607
608
609
610
611
612
613
614
615
616
617
618
619
620
621
622
623
624
625
626
627
628
629
630
631
632
633
634
635
636
637
638
639
640
641
642
643
644
645
646
647
648
649
650
651
652
653
654
655
656
657
658
659
660
661
662
663
664
665
666
667
668
669
670
671
672
673
674
675
676
677
678
679
680
681
682
683
684
685
686
687
688
689
690
691
692
693
694
695
696
697
698
699
700
701
702
703
704
705
706
707
708
709
710
711
712
713
714
715
716
717
718
719
720
721
722
723
724
725
726
727
728
729
730
731
732
733
734
735
736
737
738
739
740
741
742
743
744
745
746
747
748
749
750
751
752
753
754
755
756
757
758
759
760
761
762
763
764
765
766
767
768
769
770
771
772
773
774
775
776
777
778
779
780
781
782
783
784
785
786
787
788
789
790
791
792
793
794
795
796
797
798
799
800
801
802
803
804
805
806
807
808
809
810
811
812
813
814
815
816
817
818
819
820
821
822
823
824
825
826
827
828
829
830
831
832
833
834
835
836
837
838
839
840
841
842
843
844
845
846
847
848
849
850
851
852
853
854
855
856
857
858
859
860
861
862
863
864
865
866
867
868
869
870
871
872
873
874
875
876
877
878
879
880
881
882
883
884
885
886
887
888
889
890
891
892
893
894
895
896
897
898
899
900
901
902
903
904
905
906
907
908
909
910
911
912
913
914
915
916
917
918
919
920
921
922
923
924
925
926
927
928
929
930
931
932
933
934
935
936
937
938
939
940
941
942
943
944
945
946
947
948
949
950
951
952
953
954
955
956
957
958
959
960
961
962
963
964
965
966
967
968
969
970
971
972
973
974
975
976
977
978
979
980
981
982
983
984
985
986
987
988
989
990
991
992
993
994
995
996
997
998
999
1000
1001
1002
1003
1004
1005
1006
1007
1008
1009
1010
1011
1012
1013
1014
1015
1016
1017
1018
1019
1020
1021
1022
1023
1024
1025
1026
1027
1028
1029
1030
1031
1032
1033
1034
1035
1036
1037
1038
1039
1040
1041
1042
1043
1044
1045
1046
1047
1048
1049
1050
1051
1052
1053
1054
1055
1056
1057
1058
1059
1060
1061
1062
1063
1064
1065
1066
1067
1068
1069
1070
1071
1072
1073
1074
1075
1076
1077
1078
1079
1080
1081
1082
1083
1084
1085
1086
1087
1088
1089
1090
1091
1092
1093
1094
1095
1096
1097
1098
1099
1100
1101
1102
1103
1104
1105
1106
1107
1108
1109
1110
1111
1112
1113
1114
1115
1116
1117
1118
1119
1120
1121
1122
1123
1124
1125
1126
1127
1128
1129
1130
1131
1132
1133
1134
1135
1136
1137
1138
1139
1140
1141
1142
1143
1144
1145
1146
1147
1148
1149
1150
1151
1152
1153
1154
1155
1156
1157
1158
1159
1160
1161
1162
1163
1164
1165
1166
1167
1168
1169
1170
1171
1172
1173
1174
1175
1176
1177
1178
1179
1180
1181
1182
1183
1184
1185
1186
1187
1188
1189
1190
1191
1192
1193
1194
1195
1196
1197
1198
1199
1200
1201
1202
1203
1204
1205
1206
1207
1208
1209
1210
1211
1212
1213
1214
1215
1216
1217
1218
1219
1220
1221
1222
1223
1224
1225
1226
1227
1228
1229
1230
1231
1232
1233
1234
1235
1236
1237
1238
1239
1240
1241
1242
1243
1244
1245
1246
1247
1248
1249
1250
1251
1252
1253
1254
1255
1256
1257
1258
1259
1260
1261
1262
1263
1264
1265
1266
1267
1268
1269
1270
1271
1272
1273
1274
1275
1276
1277
1278
1279
1280
1281
1282
1283
1284
1285
1286
1287
1288
1289
1290
1291
1292
1293
1294
1295
1296
1297
1298
1299
1300
1301
1302
1303
1304
1305
1306
1307
1308
1309
1310
1311
1312
1313
1314
1315
1316
1317
1318
1319
1320
1321
1322
1323
1324
1325
1326
1327
1328
1329
1330
1331
1332
1333
1334
1335
1336
1337
1338
1339
1340
1341
1342
1343
1344
1345
1346
1347
1348
1349
1350
1351
1352
1353
1354
1355
1356
1357
1358
1359
1360
1361
1362
1363
1364
1365
1366
1367
1368
1369
1370
1371
1372
1373
1374
1375
1376
1377
1378
1379
1380
1381
1382
1383
1384
1385
1386
1387
1388
1389
1390
1391
1392
1393
1394
1395
1396
1397
1398
1399
1400
1401
1402
1403
1404
1405
1406
1407
1408
1409
1410
1411
1412
1413
1414
1415
1416
1417
1418
1419
1420
1421
1422
1423
1424
1425
1426
1427
1428
1429
1430
1431
1432
1433
1434
1435
1436
1437
1438
1439
1440
1441
1442
1443
1444
1445
1446
1447
1448
1449
1450
1451
1452
1453
1454
1455
1456
1457
1458
1459
1460
1461
1462
1463
1464
1465
1466
1467
1468
1469
1470
1471
1472
1473
1474
1475
1476
1477
1478
1479
1480
1481
1482
1483
1484
1485
1486
1487
1488
1489
1490
1491
1492
1493
1494
1495
1496
1497
1498
1499
1500
1501
1502
1503
1504
1505
1506
1507
1508
1509
1510
1511
1512
1513
1514
1515
1516
1517
1518
1519
1520
1521
1522
1523
1524
1525
1526
1527
1528
1529
1530
1531
1532
1533
1534
1535
1536
1537
1538
1539
1540
1541
1542
1543
1544
1545
1546
1547
1548
1549
1550
1551
1552
1553
1554
1555
1556
1557
1558
1559
1560
1561
1562
1563
1564
1565
1566
1567
1568
1569
1570
1571
1572
1573
1574
1575
1576
1577
1578
1579
1580
1581
1582
1583
1584
1585
1586
1587
1588
1589
1590
1591
1592
1593
1594
1595
1596
1597
1598
1599
1600
1601
1602
1603
1604
1605
1606
1607
1608
1609
1610
1611
1612
1613
1614
1615
1616
1617
1618
1619
1620
1621
1622
1623
1624
1625
1626
1627
1628
1629
1630
1631
1632
1633
1634
1635
1636
1637
1638
1639
1640
1641
1642
1643
1644
1645
1646
1647
1648
1649
1650
1651
1652
1653
1654
1655
1656
1657
1658
1659
1660
1661
1662
1663
1664
1665
1666
1667
1668
1669
1670
1671
1672
1673
1674
1675
1676
1677
1678
1679
1680
1681
1682
1683
1684
1685
1686
1687
1688
1689
1690
1691
1692
1693
1694
1695
1696
1697
1698
1699
1700
1701
1702
1703
1704
1705
1706
1707
1708
1709
1710
1711
1712
1713
1714
1715
1716
1717
1718
1719
1720
1721
1722
1723
1724
1725
1726
1727
1728
1729
1730
1731
1732
1733
1734
1735
1736
1737
1738
1739
1740
1741
1742
1743
1744
1745
1746
1747
1748
1749
1750
1751
1752
1753
1754
1755
1756
1757
1758
1759
1760
1761
1762
1763
1764
1765
1766
1767
1768
1769
1770
1771
1772
1773
1774
1775
1776
1777
1778
1779
1780
1781
1782
1783
1784
1785
1786
1787
1788
1789
1790
1791
1792
1793
1794
1795
1796
1797
1798
1799
1800
1801
1802
1803
1804
1805
1806
1807
1808
1809
1810
1811
1812
1813
1814
1815
1816
1817
1818
1819
1820
1821
1822
1823
1824
1825
1826
1827
1828
1829
1830
1831
1832
1833
1834
1835
1836
1837
1838
1839
1840
1841
1842
1843
1844
1845
1846
1847
1848
1849
1850
1851
1852
1853
1854
1855
1856
1857
1858
1859
1860
1861
1862
1863
1864
1865
1866
1867
1868
1869
1870
1871
1872
1873
1874
1875
1876
1877
1878
1879
1880
1881
1882
1883
1884
1885
1886
1887
1888
1889
1890
1891
1892
1893
1894
1895
1896
1897
1898
1899
1900
1901
1902
1903
1904
1905
1906
1907
1908
1909
1910
1911
1912
1913
1914
1915
1916
1917
1918
1919
1920
1921
1922
1923
1924
1925
1926
1927
1928
1929
1930
1931
1932
1933
1934
1935
1936
1937
1938
1939
1940
1941
1942
1943
1944
1945
1946
1947
1948
1949
1950
1951
1952
1953
1954
1955
1956
1957
1958
1959
1960
1961
1962
1963
1964
1965
1966
1967
1968
1969
1970
1971
1972
1973
1974
1975
1976
1977
1978
1979
1980
1981
1982
1983
1984
1985
1986
1987
1988
1989
1990
1991
1992
1993
1994
1995
1996
1997
1998
1999
2000
2001
2002
2003
2004
2005
2006
2007
2008
2009
2010
2011
2012
2013
2014
2015
2016
2017
2018
2019
2020
2021
2022
2023
2024
2025
2026
2027
2028
2029
2030
2031
2032
2033
2034
2035
2036
2037
2038
2039
2040
2041
2042
2043
2044
2045
2046
2047
2048
2049
2050
2051
2052
2053
2054
2055
2056
2057
2058
2059
2060
2061
2062
2063
2064
2065
2066
2067
2068
2069
2070
2071
2072
2073
2074
2075
2076
2077
2078
2079
2080
2081
2082
2083
2084
2085
2086
2087
2088
2089
2090
2091
2092
2093
2094
2095
2096
2097
2098
2099
2100
2101
2102
2103
2104
2105
2106
2107
2108
2109
2110
2111
2112
2113
2114
2115
2116
2117
2118
2119
2120
2121
2122
2123
2124
2125
2126
2127
2128
2129
2130
2131
2132
2133
2134
2135
2136
2137
2138
2139
2140
2141
2142
2143
2144
2145
2146
2147
2148
2149
2150
2151
2152
2153
2154
2155
2156
2157
2158
2159
2160
2161
2162
2163
2164
2165
2166
2167
2168
2169
2170
2171
2172
2173
2174
2175
2176
2177
2178
2179
2180
2181
2182
2183
2184
2185
2186
2187
2188
2189
2190
2191
2192
2193
2194
2195
2196
2197
2198
2199
2200
2201
2202
2203
2204
2205
2206
2207
2208
2209
2210
2211
2212
2213
2214
2215
2216
2217
2218
2219
2220
2221
2222
2223
2224
2225
2226
2227
2228
2229
2230
2231
2232
2233
2234
2235
2236
2237
2238
2239
2240
2241
2242
2243
2244
2245
2246
2247
2248
2249
2250
2251
2252
2253
2254
2255
2256
2257
2258
2259
2260
2261
2262
2263
2264
2265
2266
2267
2268
2269
2270
2271
2272
2273
2274
2275
2276
2277
2278
2279
2280
2281
2282
2283
2284
2285
2286
2287
2288
2289
2290
2291
2292
2293
2294
2295
2296
2297
2298
2299
2300
2301
2302
2303
2304
2305
2306
2307
2308
2309
2310
2311
2312
2313
2314
2315
2316
2317
2318
2319
2320
2321
2322
2323
2324
2325
2326
2327
2328
2329
2330
2331
2332
2333
2334
2335
2336
2337
2338
2339
2340
2341
2342
2343
2344
2345
2346
2347
2348
2349
2350
2351
2352
2353
2354
2355
2356
2357
2358
2359
2360
2361
2362
2363
2364
2365
2366
2367
2368
2369
2370
2371
2372
2373
2374
2375
2376
2377
2378
2379
2380
2381
2382
2383
2384
2385
2386
2387
2388
2389
2390
2391
2392
2393
2394
2395
2396
2397
2398
2399
2400
2401
2402
2403
2404
2405
2406
2407
2408
2409
2410
2411
2412
2413
2414
2415
2416
2417
2418
2419
2420
2421
2422
2423
2424
2425
2426
2427
2428
2429
2430
2431
2432
2433
2434
2435
2436
2437
2438
2439
2440
2441
2442
2443
2444
2445
2446
2447
2448
2449
2450
2451
2452
2453
2454
2455
2456
2457
2458
2459
2460
2461
2462
2463
2464
2465
2466
2467
2468
2469
2470
2471
2472
2473
2474
2475
2476
2477
2478
2479
2480
2481
2482
2483
2484
2485
2486
2487
2488
2489
2490
2491
2492
2493
2494
2495
2496
2497
2498
2499
2500
2501
2502
2503
2504
2505
2506
2507
2508
2509
2510
2511
2512
2513
2514
2515
2516
2517
2518
2519
2520
2521
2522
2523
2524
2525
2526
2527
2528
2529
2530
2531
2532
2533
2534
2535
2536
2537
2538
2539
2540
2541
2542
2543
2544
2545
2546
2547
2548
2549
2550
2551
2552
2553
2554
2555
2556
2557
2558
2559
2560
2561
2562
2563
2564
2565
2566
2567
2568
2569
2570
2571
2572
2573
2574
2575
2576
2577
2578
2579
2580
2581
2582
2583
2584
2585
2586
2587
2588
2589
2590
2591
2592
2593
2594
2595
2596
2597
2598
2599
2600
2601
2602
2603
2604
2605
2606
2607
2608
2609
2610
2611
2612
2613
2614
2615
2616
2617
2618
2619
2620
2621
2622
2623
2624
2625
2626
2627
2628
2629
2630
2631
2632
2633
2634
2635
2636
2637
2638
2639
2640
2641
2642
2643
2644
2645
2646
2647
2648
2649
2650
2651
2652
2653
2654
2655
2656
2657
2658
2659
2660
2661
2662
2663
2664
2665
2666
2667
2668
2669
2670
2671
2672
2673
2674
2675
2676
2677
2678
2679
2680
2681
2682
2683
2684
2685
2686
2687
2688
2689
2690
2691
2692
2693
2694
2695
2696
2697
2698
2699
2700
2701
2702
2703
2704
2705
2706
2707
2708
2709
2710
2711
2712
2713
2714
2715
2716
2717
2718
2719
2720
2721
2722
2723
2724
2725
2726
2727
2728
2729
2730
2731
2732
2733
2734
2735
2736
2737
2738
2739
2740
2741
2742
2743
2744
2745
2746
2747
2748
2749
2750
2751
2752
2753
2754
2755
2756
2757
2758
2759
2760
2761
2762
2763
2764
2765
2766
2767
2768
2769
2770
2771
2772
2773
2774
2775
2776
2777
2778
2779
2780
2781
2782
2783
2784
2785
2786
2787
2788
2789
2790
2791
2792
2793
2794
2795
2796
2797
2798
2799
2800
2801
2802
2803
2804
2805
2806
2807
2808
2809
2810
2811
2812
2813
2814
2815
2816
2817
2818
2819
2820
2821
2822
2823
2824
2825
2826
2827
2828
2829
2830
2831
2832
2833
2834
2835
2836
2837
2838
2839
2840
2841
2842
2843
2844
2845
2846
2847
2848
2849
2850
2851
2852
2853
2854
2855
2856
2857
2858
2859
2860
2861
2862
2863
2864
2865
2866
2867
2868
2869
2870
2871
2872
2873
2874
2875
2876
2877
2878
2879
2880
2881
2882
1.949103653716048 1.039063998643945 0
1.72606541455976 0.9684960762428838 0
1.699280659496512 1.012613533923695 0
1.216868298148435 0.7067972258345855 0
1.893412383288501 0.9903099743136741 0
1.982173531384634 1.015671348502534 0
1.836901495373532 0.976150850582131 0
1.855744294078696 1.016046343672667 0
1.406062016395437 1.180258694040018 0
1.323103609054675 0.6610861177586962 0
1.339905246864934 0.6197868815250211 0
1.385822719793621 0.8006343090381343 0
1.758039583287294 1.008966065241909 0
1.192383341072521 1.233135473574485 0
1.506228532731027 1.072126929160541 0
1.450121222268345 0.8741714374021667 0
1.621071567721128 1.02205570160045 0
1.645573381408528 0.9691936042403156 0
1.78615313955343 0.9677463116545757 0
1.190283835347186 0.7665411057819271 0
1.453669538629279 1.123817754999036 0
1.35496131143014 1.379422398765089 0
1.241574543366866 0.665150907506197 0
1.210938059647616 1.272474610834599 0
1.229665332473712 1.314587370834086 0
1.155514713216658 1.17295920820762 0
1.146366877305607 0.8389628482309801 0
1.54073084746911 1.044283064178794 0
1.3477372325673 0.7453281364565904 0
1.527551352271556 0.9466461503871778 0
1.815432123877719 1.011814829733408 0
1.256495368079793 1.34666823657723 0
1.336134080004767 1.315172837409243 0
1.328257410303777 0.640857708071997 0
1.942778991284128 1.003562037809868 0
1.685551291955207 0.969676281121191 0
1.904510154008829 1.027340464922794 0
1.597737820301422 0.9748743803327189 0
1.086159401967658 1.125144112929394 0
1.33500848923777 1.358056479522501 0
1.363992236178428 1.241656131778337 0
1.482858602991781 0.9077720600215216 0
1.0118737409641 1.05605296233973 0
1.030166747673199 1.093287062060028 0
1.094428909309331 0.8785839372075742 0
1.322145756060352 0.681282864526967 0
2.899537202066907 0.1671337476584705 0
2.885031094330028 1.80782126537505 0
1.650327607627139 1.017761226022922 0
1.482686126507083 1.095929104242451 0
1.755849285764044 0.9694412838399484 0
1.174002098979797 0.7970214457307898 0
1.273500032930136 0.6236550877786334 0
1.787389200005394 1.009967627036223 0
1.121665964411139 1.14014959872693 0
1.550480384730447 0.9726896361845878 0
1.411088023490813 0.8302895025960262 0
1.347863081570108 1.279100803426426 0
1.333770757352612 0.6266010607899499 0
1.580422039702531 1.02509393366089 0
1.429140688581136 1.150871163184247 0
1.381729877853592 1.210702102369121 0
1.175701367845349 1.203156676831087 0
3.83850255511692 0.9094571595525897 0
2.321889955770429 0.1630751990829216 0
1.33544130603669 0.7083140000482503 0
0.1722102778504721 0.7134268778346188 0
1.017127335650296 0.9441966104995014 0
1.365676928769258 0.7740913330253546 0
0.1709930132041095 1.322488877925547 0
2.296111092726366 1.844271122264513 0
0.7054306763473781 0.1668761602291153 0
1.050339539933693 0.8907941298913424 0
1.064455805164279 1.121165289817987 0
0.6604657591820786 1.835312713120222 0
1.729917325439424 1.009942430021798 0
1.907852513239074 0.1563309800889041 0
1.910230752510071 1.838770458556902 0
1.563686310146345 1.02461044348825 0
1.343271725793066 1.370623573432171 0
1.121598831319082 0.8634834424078897 0
1.199872554880934 0.741652955634329 0
1.577089589497685 0.9762361225517702 0
3.296735477138276 0.1706768374153055 0
1.431001677982959 0.8532727005640386 0
1.332855723695464 1.335110323464705 0
3.294914666020146 1.800998373182353 0
1.705392196868683 0.9684045852245042 0
1.2031278388156 1.251075686948201 0
3.825369938052973 1.283454164187976 0
1.083780973904556 1.831127770688731 0
1.671160822818483 1.015475745654542 0
1.836040449875783 1.013003729152008 0
1.499999999996191 0.1732050807563829 0
1.097989600753212 0.1613591464099048 0
1.515001176673614 1.840567907409547 0
1.874844940821658 1.019999873263343 0
1.521940263060735 1.059003144888899 0
1.875615711433283 0.9866738087080315 0
1.666895684646699 0.9706933485025342 0
1.324927382059663 0.6518161622384804 0
1.499812713330247 0.9252854918537159 0
1.601643751154426 1.023463130012643 0
3.841910931009263 0.5096564878841544 0
1.161046736341048 0.8190338988842074 0
1.139125367140038 1.154108704411823 0
1.330508143690961 0.6324654559069326 0
1.074851354179079 0.8823056569792312 0
1.022341043571846 1.00628229904933 0
1.015661857574488 0.9781299480217401 0
1.462593403612245 0.8919807734722781 0
1.337024872274042 0.6230201240065738 0
1.322663575871539 0.6715171349979341 0
1.62805336679843 0.9721253946864732 0
1.559773494655871 0.9816506576831767 0
1.069765183995365 1.006142347787822 0
1.102357055383037 1.130631381591881 0
1.549111496793274 1.027488561410614 0
1.55005473690214 1.032129703967793 0
1.337280849268243 1.365209369962142 0
1.014161373985939 1.016667828842749 0
0.1732050807559266 1.699999999999584 0
3.701514475347504 1.830378192261672 0
0.1652257917151352 0.309856334889934 0
1.358266411600191 1.254807507846198 0
1.068748167676328 0.9913421070236014 0
1.339673123315755 0.7232886949857199 0
1.618256432835769 0.9713700339407755 0
1.624029422636788 0.9630741995363434 0
1.6122361955236 0.9635210469822002 0
1.619516084935595 0.9539951907287426 0
1.609157461396816 0.9531681974581 0
1.615485175299785 0.9443834248090027 0
1.605095070466608 0.9436384509619229 0
1.611088997938097 0.9352027428322019 0
1.621530826625319 0.9359745536190087 0
1.616889972061285 0.9262772932610803 0
1.628018688140071 0.9270935110998677 0
1.622899463809596 0.9167577049540551 0
1.635010441686849 0.9176490525564589 0
1.629605355091376 0.906439684305497 0
1.642488487517641 0.9073536186157061 0
1.636726767530884 0.8950940626308812 0
1.650422031505648 0.8961065380200954 0
1.644484717917607 0.8828055131981469 0
1.659865723181221 0.8838995243799599 0
1.653060305222152 0.8687449685609546 0
1.670284440410983 0.8701825034944888 0
1.662667830328412 0.8537637246790656 0
1.643463401188941 0.8522680720769724 0
1.65580373904885 0.8339471012101618 0
1.632533283541591 0.8336840291204206 0
1.644766283579354 0.8143099084252108 0
1.617169813707546 0.9057305040665011 0
1.60075262604031 0.9341526711906725 0
1.677253888951941 0.8892523721532934 0
1.688340617272616 0.8724337055302636 0
1.696522796144721 0.8896268027102306 0
1.70696997251721 0.8738068963044697 0
1.714012084713703 0.8911371861501096 0
1.725959734629025 0.8756907713196513 0
1.717960030310341 0.8560446023040305 0
1.740616495647218 0.8581300668256296 0
1.730508881092614 0.835489831150701 0
1.758136859909624 0.8369877679238991 0
1.746098320171995 0.8126061067165576 0
1.766127158191356 0.8620879006042665 0
1.785295821632607 0.8417703370641305 0
1.793148043256665 0.8706814217073015 0
1.812733290866439 0.8474522856377482 0
1.821656600764122 0.8732527248929461 0
1.841602160385393 0.8518876215780451 0
1.831457001898247 0.8224542771030905 0
1.849996806070269 0.8804111011364958 0
1.871121779059424 0.8565019716623721 0
1.881892008446156 0.884111499289989 0
1.901688002525645 0.8606306287009182 0
1.910870433606816 0.889597649893515 0
1.933658469246238 0.8655360749865293 0
1.646567717211467 0.91890134129403 0
1.594570616374458 0.9427453189291519 0
1.590153320987379 0.9330209324401354 0
1.583925632221918 0.9416006988624315 0
1.579407562076083 0.9319342440612394 0
1.573153955130515 0.9405442876597073 0
1.568653273812377 0.9310921947901908 0
1.574976336025484 0.9215212715812809 0
1.563152200749233 0.9204962065724642 0
1.570086870936042 0.9102628575466556 0
1.557197242759248 0.9092499671804644 0
1.564791124367665 0.8981592727193524 0
1.551800988172644 0.8965736852464736 0
1.559263854102637 0.885145745797658 0
1.543196068193109 0.8831941057845268 0
1.552973315531226 0.8714450561364322 0
1.537294862248823 0.8689226774440871 0
1.546707766918084 0.8570019121962631 0
1.530307734707401 0.8552692886885284 0
1.539920663189292 0.8417548748080464 0
1.523010072457081 0.8401484679437797 0
1.532779492701138 0.8261973790212944 0
1.515846434044497 0.8248474616643684 0
1.525410231748467 0.8108563134832807 0
1.508767881137144 0.8095741756157666 0
1.518014577833412 0.7958954997785055 0
1.501901766626828 0.7945609194731929 0
1.510943687561773 0.7813749579145404 0
1.4950873441493 0.7800731401235612 0
1.503965089931535 0.767312033166776 0
1.487828364244667 0.7656954151440241 0
1.497428334289834 0.7521569706882167 0
1.480556523431853 0.7504812870260038 0
1.4906276121783 0.7357169677470712 0
1.509354749023513 0.7377434407698051 0
1.501403495461862 0.718652537781524 0
1.524209725215685 0.7213114760062109 0
1.514236108801035 0.6991346805412559 0
1.472835306466486 0.7345850536021317 0
1.534073290590602 0.797228648127093 0
1.471337544654712 0.7644311257935549 0
1.492768352023133 0.8081198630400364 0
1.506637905946024 0.8385621515833792 0
1.54717284449207 0.8289769732029759 0
1.704168351189083 0.9056055109792017 0
1.720657664010032 0.9075850143932426 0
1.564998772283293 0.8580219247451574 0
1.573364062666851 0.8885765702400263 0
1.629289493781009 0.8821330511244021 0
1.616477278231847 0.8140450469827619 0
1.633421610785123 0.7918624185168048 0
1.521943244542983 0.8689906662882219 0
1.543693991750633 0.907732504729352 0
1.805763278608376 0.8942183870685563 0
1.632870481217564 0.9377120642962378 0
1.606813684152376 0.7899573446697601 0
1.622404190111827 0.7675943727584569 0
1.650945331202819 0.7691251389139275 0
1.637513671199109 0.7409650288148489 0
1.672073987622331 0.7431299630526796 0
1.654279617710843 0.708995412645861 0
1.69368991566593 0.7117555218098964 0
1.674155441652962 0.6702060201949932 0
1.727955247321563 0.6813933353508418 0
1.701157067186405 0.6261941274455106 0
1.760168911782174 0.6286530486338209 0
1.639809668676874 0.6280674236737646 0
1.673507623132648 0.5729053233708457 0
1.600773421043175 0.5774620868347382 0
1.641391050373835 0.5127427133735392 0
1.573003869411104 0.5168348359228856 0
1.540364248871448 0.7012278125228192 0
1.89002327369896 0.9114993803165765 0
1.918232716426551 0.9161577809880088 0
1.488244825329882 0.6987059671007771 0
1.503323192456913 0.6760848674502001 0
1.477119695236443 0.6742221450505669 0
1.491665227132963 0.6520207464617329 0
1.465209397249475 0.6511297292616207 0
1.452544162895363 0.6748619286732191 0
1.441149494236346 0.6522949313315142 0
1.430214299417517 0.6708531059512556 0
1.420504364095831 0.6525316319384631 0
1.429800993630453 0.6350205619890503 0
1.411061312210101 0.6359981691616778 0
1.419266128684589 0.6196994747049988 0
1.403380808341417 0.6515615985600671 0
1.399642779043085 0.6216649517212812 0
1.409438946803592 0.604602206065039 0
1.431210771960542 0.6024645878193221 0
1.417467192110149 0.5834142602556069 0
1.392000899333955 0.606219289401664 0
1.384275799203134 0.618260636926714 0
1.377872906131508 0.6078299770577362 0
1.37214724505503 0.6178207260566264 0
1.380024054592182 0.5963476925807305 0
1.336614177172959 0.6094230074717376 0
1.366681692552436 0.6095995542166247 0
1.341201451014355 0.6137579223154888 0
1.361685943789352 0.617532637557295 0
1.366876772685649 0.625408352730524 0
1.358875172973495 0.6252081391048098 0
1.362102099636015 0.6322444743173559 0
1.353660108109936 0.6312702850649858 0
1.357585326878394 0.6388740916568717 0
1.521582574050732 0.6547672591210673 0
1.710657282834632 0.9233055218035344 0
1.726770012895 0.9235061385409455 0
1.370399376208226 0.6351560663961514 0
1.349910393349069 0.6384138974944888 0
1.353228858074522 0.6461005150503063 0
1.892153228308 0.8294756643787933 0
1.695302229839908 0.9193854101285176 0
1.437647853286592 0.6893254428598543 0
1.4193192594174 0.6868031077387516 0
1.427107085812992 0.7036654080294942 0
1.410076939596829 0.7014841459226734 0
1.41707441713125 0.7167501146993206 0
1.400821640911494 0.7153572551517913 0
1.394376166949845 0.7009796276531218 0
1.407603892430609 0.7295951429830132 0
1.386357894949549 0.7137317238259359 0
1.379739950021478 0.7011015388842886 0
1.361736189959813 0.6463020012013887 0
1.356962102407273 0.6540915092610916 0
1.366296844530015 0.6541790714198705 0
1.361107815146783 0.6621336253719441 0
1.351894954070629 0.6617333357767567 0
1.355825420802066 0.6697655437624386 0
1.371160400467019 0.6629854080565395 0
1.423249053905338 0.7317320092231658 0
1.413495848657222 0.7436641760035748 0
1.398882392100539 0.7419322488933143 0
1.4046601024268 0.7554441201056459 0
1.419032763913833 0.7574456265304061 0
1.595738809580679 0.766952476346865 0
1.562521391483552 0.9397567598046843 0
1.732235884076775 0.5186707859991633 0
1.681265365462956 0.4395196672479341 0
1.566850725452363 0.9489734123958119 0
1.51750957584514 0.7689145551818267 0
1.410184046819292 0.7688180619098427 0
1.424225849662351 0.7708301230590739 0
1.415737511785325 0.7818330478540344 0
1.429352337791022 0.784027622370854 0
1.346906157944028 0.6689935363219521 0
1.350689764591796 0.6772574012882108 0
1.357639243656755 0.6099882132598888 0
1.361331108794631 0.6020497208923824 0
1.345837878100828 0.6446935874812136 0
1.736494956454427 0.910240555431481 0
1.742668758312706 0.9254961833141381 0
1.787573244849555 0.6839350812041298 0
1.822834342342507 0.6325874675213347 0
1.556653467238521 0.9482073665654343 0
1.372843118798471 0.7126739536756307 0
1.477594333768258 0.628357371977155 0
1.902459563300225 0.9375711008190832 0
1.926533911405022 0.9395641183965611 0
1.94256389096136 0.9219550715031986 0
1.948941469707897 0.9445338595582049 0
1.965743213766314 0.9284245701573631 0
1.970707955763889 0.9534760546270055 0
1.988361831303694 0.9344426214611761 0
2.012944433328573 1.025672652248318 0
1.880371906248123 0.9330411558727303 0
1.849745595865672 0.7010664766481473 0
1.88722943582297 0.6402125598642965 0
1.913960137914365 0.7001394096465021 0
1.953041505760382 0.6457888643305272 0
1.97978013301021 0.7073734183623253 0
2.020067207107253 0.6528321587548056 0
2.046492505795347 0.7140557185828845 0
2.092086870919967 0.6545658644654722 0
2.113693056215815 0.7326024892811758 0
2.160009315298008 0.6660617871457263 0
2.189675236561524 0.7364754157218198 0
2.235667436363712 0.6735613313962189 0
2.269982669715362 0.7503875396767226 0
2.322968520942752 0.6783884054393063 0
2.357498551232691 0.7648664197035659 0
2.301841662316613 0.8307497748743324 0
2.391559796892844 0.8537617170421425 0
2.323793065452952 0.9266703742100804 0
2.431514860062118 0.9507961816995977 0
2.362234073922063 1.024982422083737 0
2.497980810346787 0.8646444169675819 0
2.544154632013118 0.9747930683478879 0
2.617342414034018 0.8727844620968682 0
2.667816367356113 0.9996501430740321 0
2.755533815637112 0.8914721605063538 0
2.806339205739439 1.025756614413352 0
2.900101357708603 0.9112481563140395 0
2.95430287498844 1.053682086936292 0
2.717240824686836 1.138635181366421 0
2.154104845688256 0.7966227551588123 0
3.052955560850314 0.9336673487841669 0
3.110277323686338 1.082382429071554 0
2.060812631177059 0.5926838126301509 0
2.695022268283232 0.7580759861226085 0
2.265605599907892 1.003489401661657 0
2.298886349006777 1.090670614413495 0
2.215403685722154 1.083680357826984 0
2.246161948132855 1.160757519462526 0
2.329159334788555 1.176429190448613 0
2.265188919140461 1.239614682438286 0
2.1843712204199 1.216861368339524 0
2.357938643753327 1.267951954229501 0
2.203450974538587 1.300604651566329 0
2.118450717248075 1.27422398882362 0
2.142321426500075 1.368136154743747 0
2.061088766014755 1.332628348987684 0
2.181553452057128 1.014886262405432 0
2.037626376333296 1.260248876896351 0
1.988345490426385 1.306667066569203 0
1.999532056049161 1.052870193707423 0
1.974378750160854 1.246593337827832 0
1.925297922956656 1.28633114320416 0
1.917871436182012 1.225005819317189 0
1.869143581175273 1.26508301795357 0
1.859530719185451 1.211219314357128 0
1.811828862032123 1.240645110136106 0
1.826240338919291 1.306672982242043 0
1.771311788754339 1.285586242148371 0
1.757863792184611 1.233912828580022 0
1.720206928577074 1.262747676882471 0
1.726149754303549 1.313214818168781 0
1.678011466707332 1.289891244130033 0
1.674524595863117 1.24202060852379 0
1.635267018081856 1.267834311505671 0
1.635764900674464 1.314926964966988 0
1.591409970028084 1.288253061508096 0
1.595103699650283 1.338213210982584 0
1.556699307776257 1.317346115198613 0
1.55796134024773 1.359255889354259 0
1.594787128921318 1.382011868492698 0
1.556157100737213 1.403687405343587 0
1.524423501473686 1.337078459714351 0
1.633205615348554 1.2226420957487 0
1.667521652351132 1.199556736812737 0
1.522117126523261 1.304030439402488 0
1.49391088409598 1.321205532901889 0
1.494166430448778 1.351548792446934 0
1.464693839346218 1.334937137977941 0
1.466373676664491 1.36272191683406 0
1.467709311899263 1.307431630640347 0
1.63223204173055 1.184333929835045 0
1.659928149748578 1.163602767820398 0
1.445234458431526 1.318109669829216 0
1.632251749749135 1.14613265583399 0
1.604348897546987 1.167259988379145 0
1.446037930329662 1.29576737304237 0
1.658589089998269 1.131535947419175 0
1.603269767001985 1.432599822985332 0
1.603820685545904 1.137691693067589 0
1.58092057366446 1.152099799215039 0
1.424424902660024 1.306436120721084 0
1.425297383968413 1.326133390401607 0
1.409523041463549 1.318545677330504 0
1.409152284660518 1.334740031159415 0
1.426991276506455 1.285017193708947 0
1.444111305721266 1.274941094405901 0
1.683573989257156 1.143320529597233 0
1.678807612912899 1.11488778576561 0
1.703867606390486 1.124268970841993 0
1.654690961261076 1.104915628003452 0
1.395604486788801 1.326532154001798 0
1.395331079558788 1.341858331009979 0
1.407529307744965 1.35019103273212 0
1.577935586280819 1.124234373673873 0
1.559077701491178 1.139799159010466 0
1.559652317367682 1.163762688527202 0
1.538378365709132 1.151385680105497 0
1.538878469021561 1.174382533731593 0
1.519177264131857 1.164173255026387 0
1.519375792927313 1.184883399463573 0
1.394421150973993 1.356015260596219 0
1.405386181684739 1.364315605823867 0
1.384342231252882 1.348020434895819 0
1.697254316581351 1.096559312615448 0
1.722336177215244 1.106806310164621 0
1.498597958709696 1.172391952895267 0
1.50072962226304 1.19466445323939 0
1.391688459875507 1.369479704488978 0
1.403629995904749 1.377814030863223 0
1.391447400889587 1.38342120911746 0
1.402877134920387 1.392717458102382 0
1.543730328275585 1.456789402847706 0
1.395231400852145 1.311705566967284 0
1.600466913080155 1.491081249581355 0
1.896423352745876 1.18277055748778 0
1.426899398063957 1.265501418287031 0
1.442180438862156 1.255396187502236 0
1.482978057275271 1.185009051229746 0
1.718262464133738 1.08388252106642 0
1.740669387015213 1.09153442568891 0
1.933158175633529 1.354794618281973 0
2.073125860643169 1.426243385715467 0
1.358710059249714 1.382759842957549 0
1.358223225775351 1.388278550925289 0
1.359937914017836 1.377694857525558 0
1.54217417170155 1.130748398312137 0
1.698776170594271 1.07459543154307 0
1.38303403676392 1.318635350430309 0
1.745480999505263 1.115255462266466 0
1.763037763266067 1.098625632255572 0
2.995382657894615 0.7868752694249919 0
3.154468568144531 0.8087004175275357 0
1.979537111207745 1.048676062436706 0
1.758234671231946 1.077569744167526 0
1.779936199272715 1.082934871660316 0
1.785559916062695 1.104525518725828 0
1.801022465219143 1.087585712073372 0
1.518772980200418 1.206607253864739 0
2.017786720036436 1.204457116706146 0
1.426111573515317 1.247230851845194 0
1.441012701864861 1.236993128973435 0
3.00637292388849 1.205397376866865 0
3.167758598642262 1.236525855920033 0
1.502528717719376 1.154053188173199 0
1.458797587897446 1.245428046427272 0
2.243951635094446 1.390345037819638 0
1.382586528800647 1.304709467649551 0
1.661091043334034 1.458418341451501 0
1.659541165269447 1.529263770840378 0
1.795117964053238 1.069373227567322 0
1.815097558761741 1.072670394848368 0
1.822377197589303 1.092194090773483 0
1.837825844465157 1.072356978231261 0
1.714581661930699 1.063605827461606 0
2.163563083966154 1.063720403575992 0
2.130978984327354 0.9971289056547801 0
1.72711411643461 1.487985633640676 0
1.925753630408235 0.5930436637193942 0
1.781184790238542 0.4388575802201418 0
1.425573094061354 1.229492510282499 0
1.411189869789324 1.256789837259348 0
2.282354477383559 0.5951367187871569 0
2.384085956172722 0.597843379247984 0
1.439520951889509 1.219773469145661 0
1.544640688985982 1.520930531932836 0
1.69746981156944 1.054063113490303 0
1.355635249711962 1.37404503803543 0
1.361315010023964 1.372110022974265 0
1.356351488406619 1.367997712149551 0
3.274717820662418 1.109064330143587 0
1.371504412343602 1.311393218509574 0
1.844505429612362 1.09538776670518 0
1.859038680690917 1.078264682775202 0
1.829581945056385 1.113677261512406 0
1.489251312150004 1.486284268707279 0
1.487214957401552 1.550546288200882 0
1.333108454935804 1.393252484302238 0
1.444070985297555 1.514280249832857 0
1.426932867345194 1.570441185607016 0
1.366430694547577 1.542219270546456 0
1.294199891848868 1.384541633369868 0
1.306897350406048 1.390374165497974 0
1.367028230627428 1.610764988405059 0
1.311499854880557 1.570472781787203 0
1.363090410755403 1.365503355466922 0
1.357181219423175 1.361174645093606 0
1.326418403340186 1.515438906307837 0
1.272134257110419 1.526184489497741 0
1.558232102808346 1.186837841951606 0
3.09291802986727 0.6567927321553413 0
3.259367670053871 0.6780035230757344 0
1.364115219784984 1.385971321233012 0
1.36287854661002 1.393547249904194 0
1.349706705589286 1.391275812803996 0
2.161011175415959 0.9602465525238606 0
2.108717193708483 0.9593246178661656 0
3.336667358458982 1.26872277458454 0
1.699002306689789 0.9333740632463465 0
1.686238287862372 0.9309754341378059 0
1.599639912612825 1.11309705104823 0
1.580559972884202 1.101442928015754 0
1.596803370985116 1.091746392943625 0
1.579963248805411 1.083302235415757 0
1.593215616904629 1.071546925068992 0
1.57720058935765 1.066999378657753 0
1.564810979752532 1.075632604949407 0
1.26857336839669 1.473773134499605 0
1.224224740628946 1.497222144683798 0
1.232654752992389 1.448466982284408 0
1.183723605600465 1.466961358802445 0
1.273412419858077 1.364662703594675 0
1.282728745070639 1.375059522437787 0
1.196523922720352 1.412589436584929 0
1.142645809218531 1.435941939711192 0
1.149810663524316 1.387886958041154 0
1.101373079288834 1.405904466076764 0
1.112063430799921 1.35336196863141 0
1.061634093131805 1.374020221625952 0
1.050307827472134 1.430587092541242 0
1.003980709381169 1.381970313683188 0
1.071831736459082 1.324206759185652 0
0.9903954740938571 1.45721114629244 0
0.9348092784856712 1.412093560103401 0
0.9464363486717378 1.339635172054283 0
0.8781777117178979 1.364626936509374 0
0.8969074261504799 1.287642130560263 0
0.8232059534842782 1.315164974008656 0
0.8384487349649278 1.243137273566505 0
0.76441912070587 1.266738729891923 0
0.7862589771837311 1.185790265702558 0
0.7030748796795929 1.212908004493534 0
0.7236558744576916 1.134786704976699 0
0.6870144744181437 1.30210037116862 0
0.7928486289796106 1.114565286945973 0
0.7389059351080371 1.06402867672051 0
0.6657464940616853 1.079301129078475 0
0.6889672016362056 1.003614063481719 0
0.7682691204102982 0.9967766844294186 0
0.7135096070693115 0.9311385175956841 0
0.7884561569310506 0.9168813933609675 0
0.7387003229041853 0.8561208410531785 0
0.816837561399447 0.8402629203895893 0
0.7642469635221391 0.7799471139360832 0
0.8431180028085155 0.7575376067691227 0
0.6007528205148792 1.018835035229628 0
0.7894489516167315 0.7005899105732029 0
0.8713365086668778 0.6859011577437061 0
0.7008981612526822 0.7161486367871458 0
0.8352477562489399 0.9703994880590165 0
0.9232300047506956 0.7463314990155185 0
0.9433368894985075 0.6765001871545954 0
0.9030698656274154 0.6148397137964987 0
0.9837218558958518 0.6145578215829092 0
0.9891366965822821 0.7286425569907434 0
0.7294091349110912 0.6248680211034794 0
0.9324994823903892 0.5427371143618276 0
1.012583023456409 0.5392639221776722 0
1.056610249524737 0.5968090787169029 0
1.086144425930016 0.536622433658329 0
0.9064776035577365 1.220220028904034 0
0.6125880337427969 1.238020275247301 0
0.594835856943721 1.343139939495549 0
0.8609734795146123 1.441007760630292 0
0.6217503658055116 0.646764337988732 0
0.9725389688334626 0.7822477695293683 0
1.017552520852612 0.773371396573051 0
1.169026271388134 1.51469877803667 0
1.114596476368636 1.30704125677154 0
1.080641142352341 1.282168956056448 0
1.11469639463262 1.26778523458943 0
1.087112139716954 1.246090526536552 0
1.053673087161833 1.255490058171707 0
1.063911872750591 1.223365112804615 0
1.091357314265367 1.214684643761372 0
1.072016462708345 1.194907687052724 0
1.048320861986822 1.196715845437638 0
1.125299792717808 0.5920030966371376 0
1.148637430091082 0.53751238966509 0
1.305501947146307 0.6130036010734197 0
1.318296612181678 0.6102153465328402 0
1.311612817438041 0.6117945121598054 0
1.095823291661923 0.6409099764393927 0
0.6573757664168881 0.870116970216557 0
1.119452022030315 0.4813809346215281 0
1.181937266853636 0.484505859034651 0
1.141650354321083 1.285726694336294 0
0.9659621965565477 0.4625413800143783 0
1.143044577995874 0.6402130191178617 0
1.124872074619775 0.6757895642522644 0
1.004747141121062 0.8155736871468743 0
1.042032731269147 0.8033042222104024 0
0.9650356069479852 0.8270590856712877 0
1.056165016856659 0.7702402675265395 0
1.076266302833129 0.7997807160477657 0
1.088938670359086 0.7687550449641853 0
1.341947711358084 0.6161910794787261 0
1.343895316790768 0.6144819578313712 0
1.342362174014078 0.6110608597596776 0
1.344601465616745 0.6174698774050569 0
1.343266176666897 0.6614823737516942 0
2.101398093448223 1.045788965406801 0
1.5500028964051 0.9384316814107297 0
1.371508326937829 1.323924957428146 0
1.097055398576775 1.190281181095347 0
1.115364153726793 1.205570902519568 0
1.416776272400881 1.385928203880685 0
1.416513760990983 1.403935418159199 0
1.399752674540684 1.410606210521869 0
1.109398933492387 0.7929075321823204 0
1.117442724934727 0.7669590718856868 0
1.682634237055081 1.065603958958168 0
1.666610812592787 0.817653474026157 0
1.143908746550891 1.260102991562384 0
1.35976805874625 0.6781764822310113 0
1.354377036273229 0.6858766586217954 0
0.8696685648988731 0.4736413874666727 0
1.610363007851846 1.080337739897102 0
1.608058658358848 1.063327626212228 0
1.623353271790958 1.069871053547906 0
1.08291268852212 1.173103736985514 0
3.059198078811191 1.363475397470363 0
1.098412938522297 0.8158468347419052 0
1.823899095186775 1.058044267128647 0
1.345064494860096 0.6847600279122773 0
1.75284573926099 0.9126273101350268 0
1.759099029411983 0.9282168506355926 0
1.253725968983244 1.592573997985766 0
1.866720613682932 1.099939335338374 0
1.882921214474427 1.079637121090565 0
1.710595613617517 1.045652194960446 0
1.421372189541525 0.7946632893800067 0
1.434577094655889 0.796992214711676 0
1.889768252899483 1.104015560231022 0
1.905684198055436 1.086340143392327 0
1.912871201014995 1.108455636685804 0
1.929999079653335 1.087584449558425 0
1.937139208555988 1.113257702647971 0
1.953170897672318 1.094439510333287 0
1.961651095863862 1.118342677304752 0
1.977776226688413 1.099586993569005 0
1.073673242940218 0.7430314367869117 0
1.390664601650644 0.7534811342996842 0
1.934075680885196 0.9597252124191205 0
1.368322742369564 1.370152883020799 0
1.918423663852829 1.069301329716923 0
0.6624215833536342 0.5359793695996263 0
0.5407304720723443 0.5560150787340221 0
1.7263921314064 1.051138254157309 0
1.433353881915836 0.7596056845858604 0
0.9938989400348941 0.8525704406149984 0
1.026326522179534 0.9203270284249344 0
0.9585121435197906 0.8646718428444649 0
1.387021256541774 0.6894548396805428 0
1.582806329750478 0.9116927032987308 0
1.212504830860931 0.536823941048077 0
1.242279501784009 0.4898626374871075 0
1.216286135301048 0.4267779614265255 0
1.29188246636734 0.4443867827442587 0
1.256942981500929 0.3555254517073599 0
1.267329843846325 0.5405820355224638 0
1.680741860868644 0.9182276589765868 0
1.680701359841786 1.049569861232697 0
1.667310547218789 1.058918154218722 0
1.871278672766987 1.0614794818618 0
1.926840464946452 1.03353542299308 0
1.370937026235746 1.298262751090586 0
1.381809398420415 1.291417917114083 0
1.360911432951806 1.30486935126513 0
2.003136345997179 0.7601472826505485 0
1.424788520721222 1.212893419678973 0
1.438115864240453 1.203597502012485 0
0.5015118073120861 0.6803698525690161 0
1.385066325078952 0.7415670824245315 0
1.346318306656264 0.6323742368948838 0
1.321469466368424 1.457766292655921 0
1.728371666901487 1.573643459841583 0
1.802788025495029 1.526530962984171 0
1.588603104031087 0.9513816720344336 0
1.548602918439265 1.589310802923021 0
1.732492643391012 0.937352091610179 0
1.609009131025904 0.8361666316992339 0
1.453137094949907 1.210248474090024 0
1.167342187514222 1.274031872187775 0
1.165344115455102 1.297690487886491 0
0.5109177839209991 1.264826606957027 0
0.4852001570202154 1.382009161038467 0
0.5816897704413397 1.463836927749703 0
2.426997764546457 1.192077183772537 0
2.462439278971561 1.297714563679273 0
1.620356377400042 1.054147366561723 0
1.709468101161133 1.153917071949668 0
1.886927127549568 0.9513312554955404 0
1.867830748796659 0.9501908910678803 0
1.860868700530293 0.9321159063355668 0
1.856822826602766 0.9811308717801075 0
1.560625628261611 0.9579569671344073 0
0.9089855102807848 0.3750394504894943 0
1.364339683125401 1.358411151177623 0
1.358166036630919 1.353650928803652 0
1.351271855016171 1.356825314681968 0
1.351829549127429 1.349091917820378 0
1.359330244779614 1.345653586515597 0
1.352538566107038 1.34076345476888 0
1.442944069991792 0.7864640623938476 0
1.448245795707171 0.7995324378474737 0
1.439898064088267 0.8099610768447115 0
1.453191731065147 0.8123870011966199 0
1.444926957767404 0.8228858482900272 0
1.45799433597765 0.825328631711483 0
3.442694034152112 1.139211997151511 0
1.163085995199108 0.6764011855112537 0
1.145859531250426 0.7040088470142665 0
1.179462775583707 0.6443595967971377 0
2.335342739005331 0.5011685527865781 0
2.45270718364172 0.5060959903908145 0
1.418784682641677 1.360208849647116 0
1.136596306489464 0.7826648990569974 0
1.14146268305414 0.7626535138062543 0
1.411702460064012 1.221641410352083 0
1.500966713268972 1.216780154158034 0
1.519104919727217 1.22969224301612 0
1.849780058614848 0.9465810569607125 0
1.842571578938146 0.9305535729974408 0
1.83229479876925 0.9446893679250157 0
1.807388503856286 0.9699987680456912 0
1.672970435812735 0.9298993362898585 0
1.678627601859275 0.9414792115928881 0
1.66643443360851 0.9404806415333864 0
1.343925377892436 0.372638131728928 0
1.369641994096319 0.443217014946666 0
1.426773472298277 0.3870279277445368 0
1.375778072927123 0.7533205904402726 0
1.372731877963716 0.7414194935698151 0
1.348684673269666 0.6935324625554932 0
1.665818142066737 1.043839909428061 0
1.570364247430525 0.9581848085677257 0
1.98723035301072 1.124259588708341 0
2.003176814670273 1.10393280955005 0
1.41456943941319 1.42643712753758 0
1.438499303080099 1.419234922643238 0
1.388778902557653 1.435054397327007 0
1.964146802369431 1.150016599331628 0
1.309181375135999 0.2811920186088069 0
1.3471348879595 0.6151605063873348 0
1.347967424030635 0.6187707278009965 0
1.619062467241813 0.7109833721644863 0
1.565319523069682 0.9654183509726125 0
1.338854003680189 0.6681012858752582 0
0.989774048809721 0.8863691392378102 0
0.9585664058946571 0.8998674649891161 0
1.462345406225372 0.8022350922539125 0
1.58171405248958 0.7880680047511754 0
1.570663212774485 0.7670525011898119 0
1.18535649421039 1.36957143185075 0
1.229874378591335 1.394933041038296 0
1.257455538981051 1.424758749178442 0
1.725599711491637 0.3505937213522445 0
1.652791171946455 1.052536955395171 0
1.652732437772674 1.067841167000119 0
1.117849080313704 1.184388870458191 0
1.134299874192091 1.195109347655354 0
1.564703229587981 1.060656125059398 0
1.551387319648497 1.066318624266938 0
1.552118881202367 1.082706199028672 0
1.575135526341072 1.052980522594255 0
1.44717366471742 0.7057047759235716 0
1.488626719778749 1.378998484854606 0
2.138246573571107 0.9153238513272274 0
2.088925834955839 0.9160305383647127 0
2.063014007140933 0.9546574461488144 0
1.564993334154729 1.046339469058649 0
2.216794112755717 0.5107571906634357 0
1.451602396262126 1.193979559103584 0
1.438062662405215 1.188081743456037 0
1.448425511757943 1.178573243167942 0
1.370902425787023 1.28641230510143 0
1.380888000819187 1.278841990034192 0
1.538221675112493 1.073754071435661 0
1.539383381718838 1.088947671085224 0
1.551868057127065 0.9554382257423517 0
1.352404199150923 0.604436026776084 0
1.355017857087996 0.5952661690829504 0
1.382468648937471 0.7639781203103619 0
0.4522686434363902 1.511711260240991 0
1.449558596646865 0.8358342223012765 0
1.462798919103821 0.8381449616158038 0
1.392922189699681 1.284811583299871 0
0.9754462856672437 0.9253500057402422 0
0.9478351275582912 0.931218372450852 0
0.9208569252899707 0.9104045846135163 0
0.9707738971476167 0.9506451921830847 0
0.942033059779643 0.9604226297929372 0
0.9631626859511244 0.9795180505568785 0
0.9361462144602888 0.9896413759467582 0
0.9596552932501289 1.009138660320566 0
0.9312051173339195 1.019295133777583 0
0.9544231621242918 1.039407845951532 0
0.9234896726523908 1.05052319069742 0
0.9494117849814752 1.072125492772587 0
0.9164644154216145 1.084257520957738 0
0.9440867471032146 1.106058594186258 0
0.9089380051797494 1.120455286780309 0
0.8958051151087232 1.061226248771633 0
0.9781044338072609 1.091183678733888 0
0.9711466944792901 1.126128205317427 0
1.344821869885425 0.6206879705563961 0
2.899428863673513 1.33161169318004 0
1.237241879990135 0.5825692922795371 0
1.166389861975763 1.250502681413857 0
1.14916482256779 1.238906344844757 0
1.527512351759812 1.082598263978143 0
1.527445682935757 1.095790532238442 0
2.932420432960914 0.6366001985189299 0
3.022200465803377 0.5074558651889912 0
2.834937378499914 0.4787272309121188 0
1.60658054865202 1.048110069612877 0
1.722813319097381 1.036093376989484 0
1.736842992175697 1.040544777313285 0
1.335671363210305 0.6610546409071332 0
2.014787303390439 1.130879661472538 0
2.034216986471735 1.103022279532874 0
2.046331811127081 1.138066725436386 0
2.070252355853365 1.11108215620609 0
2.058430301400041 1.081987253504497 0
1.371340717632726 1.39026753158048 0
1.370671616726644 1.400812674513014 0
1.357570270692197 1.402911067046301 0
1.011768991464373 0.3849078810282381 0
1.401138696146561 0.780505503168452 0
1.358209473998484 0.6946703519453824 0
1.353841292133522 0.7036355085219593 0
0.5727340436785195 0.4306440276942964 0
1.376586513871342 0.6530286187145001 0
1.382235948445645 0.6636876543309368 0
1.455076254852983 0.8498727773866153 0
1.468480262324272 0.8508590381225603 0
1.476280000855384 0.8403349914681261 0
1.481174692703022 0.853347594632337 0
1.473224649183383 0.8634568723876219 0
1.486242472170592 0.8655500073451217 0
1.045284269288387 1.496689140086996 0
0.9759775761841564 1.535390769643748 0
1.059506624328927 1.581644688804675 0
0.9637490321066258 1.627203423423847 0
1.411121243906121 1.206593420987229 0
1.769563806911678 0.9151031075758926 0
1.774887368290907 0.9304521715069726 0
1.824903921461099 0.9290493063172046 0
1.81530880135715 0.9431474671244116 0
1.807756243810877 0.9289829198488279 0
1.514191277438216 1.089077435664092 0
1.515776575554669 1.102871842995762 0
1.503641156884848 1.097943476288294 0
1.503811478101714 1.110095244354448 0
1.765617877228179 0.9423350758839224 0
1.615583626802909 0.3525626912387012 0
1.345812663345072 1.344500877760461 0
1.499624284749611 1.239742696173179 0
2.044127531467517 0.9172632640252124 0
2.066588016945413 0.8785981743673106 0
2.023988218765982 0.8806725757301473 0
1.368991073383733 1.275003039955095 0
1.379791758214754 1.266701068717974 0
1.194378226652419 0.6728954926665668 0
1.227927834530556 0.6846740134968188 0
1.182046443435258 0.6950858628695029 0
1.210915587880135 0.6466512222534118 0
1.252425882550546 0.6439355905381303 0
1.196192088229839 0.6164221954106167 0
2.95078395677917 1.495328243501503 0
2.78769747640451 1.45908644193515 0
3.13244149288289 1.540117226608966 0
0.4145846734237056 0.5710903263801541 0
1.630027445499646 0.9547761965772379 0
1.167423827183497 1.231838610355599 0
1.707522898496693 0.7539005577932429 0
2.08902913314486 1.161263154068642 0
1.338251336053627 0.6933981179395868 0
2.160219820149675 1.111526509141011 0
1.348194796617011 0.62267458402013 0
1.009171892868888 1.005280758643476 0
0.999432399554826 1.013681304990071 0
1.553684471232102 1.02836724578957 0
1.555347353121692 1.034485493875644 0
3.320857868893026 0.8353546355694837 0
3.431165211775792 0.7019064090830658 0
3.370075446806038 0.5245894008480089 0
0.9199348198230664 0.8441307532737333 0
1.780429709115981 0.9460115364479202 0
2.499912163704146 0.6148316059509265 0
2.576333137798462 0.5180893533866908 0
2.523487637679798 0.3953972074339259 0
1.969351943686499 1.075403541254626 0
1.991758071470869 1.078554916373893 0
2.014122179193545 1.082568082609144 0
1.128739299897703 0.7457774590196814 0
1.151631744475825 0.7451667934806104 0
1.230687333098292 1.359659184626571 0
1.161423739898731 0.7630951602389222 0
1.016490255111582 0.8782498677959159 0
1.677408775021267 1.03398860721202 0
2.022315404453666 1.031126686044906 0
2.020818698637644 1.020937319750382 0
2.01219891743651 1.01392619310898 0
2.032853527086815 1.025009786913676 0
1.993628375704702 0.9568704846546107 0
2.024042895641184 1.008737453551557 0
2.040595168987998 1.008355675003563 0
1.980135495479238 0.9727888624252207 0
1.963111631411389 1.009081487785707 0
2.01224706010797 0.999619008899447 0
2.050763025210428 1.025292814481285 0
2.062107055671063 1.008115876627599 0
2.029235959445107 0.9934342157725247 0
1.671880481512758 0.9514637486668784 0
1.660126638941359 0.9505378588451698 0
1.654780087889017 0.9405211933763477 0
1.80778330546459 0.7390680189763986 0
1.435019093237169 0.8335669041680807 0
1.375886068984083 0.6721307196614521 0
1.152981952214328 1.21931391461607 0
1.338273999491111 1.306385636365876 0
1.344368643396866 1.313215971923291 0
1.341390513466667 1.321176836055478 0
1.350255730945382 1.319534931110346 0
1.170847155818453 0.7476669961572237 0
1.185792591748306 1.286434423017744 0
1.185395482648064 1.308682014093357 0
1.217659913387676 1.293350071728163 0
1.162273508117187 1.322973760918391 0
1.364848559226035 0.7495046929615221 0
1.181752327697516 1.259995651847213 0
1.807600098149176 1.43430883394708 0
1.892951225089419 1.480189936845038 0
1.88980798567856 1.57474441310295 0
1.065015816580103 1.016926250708119 0
1.551228593210525 1.099766235081162 0
3.697878670498564 0.1683637339431231 0
1.960900626676918 0.9044531948182255 0
3.507796099882253 1.303584077115612 0
3.397184354237205 1.427555929131986 0
3.575572027209185 1.4735376825619 0
1.438138476818861 1.143012917646326 0
1.440004686238923 1.15404361172187 0
1.44895095824002 1.145284136230889 0
1.432770814715803 1.16215831171858 0
1.00164120468539 1.111779874700617 0
0.9955892136021293 1.145054939680937 0
1.023004187024584 1.134133568195245 0
0.9652292426965131 1.159549505803951 0
0.9917648644132298 1.178121767073201 0
1.649050956749247 0.9500794678243292 0
2.192104562491583 0.9151692101178451 0
1.011027565771405 0.9663834959256855 0
1.540054182381701 0.5665809941072298 0
1.499747205587673 0.522942840265943 0
1.4397428722445 0.5807638310703103 0
1.428051318392979 0.5572305528463273 0
1.551207214005637 0.9835609077953777 0
1.223929413081448 0.6243585741059645 0
1.70996036208598 1.032086571667014 0
1.345817039852801 1.335481738150123 0
0.565217702649957 1.593369932396689 0
0.6856593088099904 1.538939804018213 0
1.267618306358233 1.358547868370903 0
1.265457872034419 1.367223034831327 0
1.876337620555135 0.9650349032841787 0
1.892299779561653 0.9690033616889762 0
3.492336635788194 0.8524075513987858 0
1.556658700540003 0.7260060362826373 0
1.652366341049683 1.037390580549775 0
1.596569734054877 0.9240143008628544 0
1.25917040028779 1.360410438146052 0
1.254969838231031 1.370842346246029 0
1.26740285944607 1.379758049118971 0
1.745626136492815 0.8989067614642897 0
1.041732370836993 0.6529922405600774 0
1.063052975220795 1.012680347959441 0
2.043419781106471 0.8371696903133434 0
1.994470925507041 0.843268518403543 0
1.671172162415062 0.2521314821995865 0
1.873837994049807 1.123636953587191 0
2.041341324822045 1.041584861987563 0
1.51861033113648 0.9397440520335028 0
1.529108383163175 0.9352270448243498 0
1.519825678864898 0.9282143899622431 0
1.546382890681145 0.9680586510095891 0
0.9101179254625792 0.9700044995334639 0
0.7980556321853827 0.3920189468476009 0
3.612077126023897 0.7156170232141061 0
1.684002690585852 0.9521923449570184 0
1.002368678620613 0.9800158445761427 0
1.515896407925748 1.116878469378107 0
1.503724059097812 1.123847588697706 0
1.491693274247081 1.116480556315514 0
1.491170058531028 1.130217132287794 0
1.479886972038007 1.122431419795897 0
1.478732473541377 1.1361157636215 0
1.718137500362739 0.811286233838687 0
2.06048548868011 1.042071877287615 0
1.552666649991467 0.9672647221442805 0
1.556337475407978 0.9726178686504295 0
0.8249739996446863 1.028450210977061 0
1.339465988725073 0.6550648350666983 0
1.477705685367642 0.8760251279268259 0
1.490304273949093 0.878808309008976 0
1.489823042970835 1.08860208126982 0
1.822957808277289 0.9583997501790379 0
1.033531162664564 0.8341706616311423 0
0.9766510771921336 1.059551223208862 0
1.033330298536327 0.9099721490873596 0
1.020781759700681 0.9087274438331689 0
1.834643293237387 0.9133896510876649 0
1.535370134071184 0.4626331228892329 0
1.626334004836216 1.086534544604319 0
1.36046400981524 1.337132328948149 0
1.012077642547764 0.920537896398379 0
1.575780433136086 1.041146533044288 0
1.585260624607349 1.047105707731689 0
1.42898951299515 1.656334922067576 0
1.354903378187566 1.692704143758949 0
1.3676083622027 1.34255229169816 0
1.451722509888999 1.157750493364869 0
1.460933439856165 1.149426698587051 0
1.464256479719148 1.163480447534492 0
1.580471611745119 0.7450754953046631 0
1.515935916258076 1.131591752270389 0
1.520790968136798 1.255938764642757 0
1.544609853901569 1.244203710548041 0
1.495473791374667 1.266781223843332 0
0.8488474854313678 1.180347587876303 0
1.770077814073199 0.9568301389382331 0
1.618225511042611 1.040752002519539 0
1.630543642574668 1.045049987549817 0
0.4309956277364017 1.677052598267274 0
1.395933657709405 0.5619211807570992 0
1.173816899526333 0.3563415586142274 0
1.336356602671997 0.6829522747113546 0
1.530409930459642 0.9237109628098997 0
1.521283930775484 0.916870880247259 0
2.027228235734579 1.046796010173821 0
2.020540271733187 1.055093626486614 0
1.498701038846529 0.8684190055115609 0
1.502880567152318 0.8818217165307465 0
1.589818407011971 0.6212282311474927 0
1.406046372404511 0.5343841527284194 0
1.362698348994991 0.5297019925713857 0
1.948391579498384 1.073834350522592 0
1.957860428122796 1.060500663963098 0
1.119926607694218 0.8144255379098141 0
1.111202388842849 0.8317524433574417 0
1.092938977142073 0.8359755511768019 0
1.49437537135503 0.8910220577093373 0
1.507428268655443 0.8948207293908097 0
1.107076935663371 0.8489331360656646 0
1.089305314300547 0.8527979158102058 0
1.075676173679065 0.8407857898518007 0
1.073384921131542 0.8594476879816906 0
1.436166729078393 1.445979237427601 0
2.361585626205362 1.383250148011041 0
2.494122189002597 1.417330790587953 0
2.398886124470772 1.511353239194579 0
2.532918411779329 1.54779396763487 0
2.585670448779498 1.320361220512852 0
1.350909318783823 0.6160521604273594 0
1.395036791835259 0.6383175425316294 0
1.900315707122864 1.066445390671474 0
1.911592618192274 1.053474783659069 0
1.895463998207043 1.049796704263324 0
1.928463406881197 1.054650649760663 0
1.135402067144234 1.228673137277796 0
1.66687442840325 0.9176800116224886 0
1.054234548066761 0.9983776385566518 0
2.281167929150656 0.3967815105295254 0
2.167861391032515 0.391958722713185 0
1.568440005144373 0.9783979514075565 0
1.062801143410406 0.8849895042791474 0
1.0493131861623 0.8778917294233444 0
1.004226422841065 1.086733680956327 0
1.540369425603211 0.9611140148520196 0
1.733997890531599 1.026617852605975 0
1.746913200181739 1.031127645733492 0
1.75039481780084 1.044664751066903 0
1.760423814227786 1.034897194372318 0
1.76565961694246 1.048541224479925 0
1.774577645469103 1.03796913904314 0
1.770380948885127 1.025076919344209 0
1.784012216448559 1.02863624220825 0
1.788022883153053 1.040945956120066 0
1.797187647875312 1.031082308355812 0
1.801719636730382 1.043932098495341 0
1.810539951238021 1.033522129346402 0
1.744452644892349 1.018413832278953 0
1.602680105348307 0.9608830277245628 0
1.081369116167613 0.6882064881798818 0
0.5384317118624936 1.150850180360325 0
0.4278180514004624 1.193996711691558 0
0.4475217801072899 1.067001114459419 0
0.3291311871885828 1.111215628995252 0
0.3555887893936641 0.9748335671122639 0
2.663615799393703 0.4089392830313016 0
2.603437311621187 0.2726550445495989 0
1.380806952625563 1.376102600022153 0
1.124648788167853 0.84389033248547 0
1.128265594838948 0.8292067526602582 0
1.136268891839639 0.816198710391727 0
1.539359768207958 1.062004439565581 0
1.719543819124272 1.022522088010333 0
1.115966304711221 0.7114007868752003 0
1.365971124245794 1.412189960624598 0
1.35326411879837 1.417099153309515 0
1.894207447184954 1.024490848174231 0
1.343426300541073 0.7359166360418969 0
1.353301324081721 0.7371731272598728 0
1.400211691262468 1.214532036000331 0
1.40071129927806 1.226563104236146 0
2.434852234531312 1.647337973984653 0
2.297209657861309 1.599789537866368 0
2.596205586236318 1.690756126227092 0
0.9625087650970701 0.2662633371933041 0
1.359458588621416 0.7652850772792714 0
1.331296476561794 0.6666702017899052 0
1.567332672097157 0.7004188467759354 0
0.8778201037427912 1.548488215845206 0
0.87789945818382 1.656920576152889 0
1.831891666183362 0.3533022777188014 0
1.399716342519545 1.202452485272697 0
1.285090648196152 0.6184407927552518 0
1.274638243599436 0.6094398027018761 0
1.28735745270403 0.6023565475826752 0
1.275821225198352 0.5949484121985115 0
1.288727065943353 0.5881962266566663 0
1.259066565632716 0.6177209724372208 0
1.300814893501041 0.5977698906557631 0
1.303132195753024 0.5856794171968825 0
1.315221472271921 0.5937223697251934 0
1.328280540575346 0.6092632577810067 0
1.319225372745746 0.5769453624310906 0
1.33028200291484 0.5907405941497679 0
1.340132896262856 0.5712456976242317 0
1.319364309555607 0.5531161050312373 0
1.854134796758526 1.058952927316414 0
1.864388138264921 1.045711306425952 0
1.850220688189584 1.042986653992745 0
1.353670823018354 1.269757636837737 0
1.103370452968814 1.170539977346491 0
1.090552556879179 1.155379919793165 0
1.07224879461406 1.156432461419879 0
1.061269351950677 1.174566554836678 0
1.052769701865049 1.152875938529606 0
1.121593328721704 1.165612354196542 0
1.132441974642472 1.178430027694017 0
1.108014946748988 1.155306089236713 0
1.332635111238034 0.6548187587729322 0
1.33582336286896 0.6483658693375763 0
1.35106331667195 1.370678927052751 0
1.466476786895259 1.438177719720774 0
1.379908560495131 1.396027933329477 0
1.553755713465643 0.6759751448937704 0
1.294207043981835 0.6155983739527064 0
1.163029996174205 1.1826797631233 0
1.151519391884615 1.184149819637876 0
1.157941624098175 1.194222928711554 0
1.997502095111668 0.9766570952847187 0
2.014257465441069 0.9632504291001154 0
1.984165055784827 0.9891669427888221 0
1.969425165524842 0.9860640263790785 0
1.951958402834022 0.9656429095664653 0
1.938510559850912 0.9770774098204141 0
1.922577599107178 0.9714952562937166 0
1.923501949801396 0.9988810764098276 0
1.914173448305048 0.9939407293648164 0
1.370199469230378 1.492093825427588 0
1.444592391844381 0.865794757778607 0
1.377528186586611 0.7237811109719525 0
1.365978800790439 0.7216253802834359 0
1.663773415353679 1.030137922607747 0
1.205758866985352 0.7287584026297781 0
1.19214082591478 0.7299825016005029 0
1.198592252505587 0.7165366999453346 0
1.783154121436198 0.9183913560037728 0
1.472995186191338 0.8974200422009283 0
1.373156534699539 0.6907901368751665 0
1.345949877361286 1.305738970190499 0
3.422471115274824 1.618343528196792 0
1.496475819456804 0.9044059011269102 0
1.888947344813496 0.4392908907137164 0
1.947574197392606 0.3596472149765236 0
1.994068401363942 0.4505992809818727 0
1.555261390039477 1.052580375890609 0
1.839367104877999 0.9579608163723778 0
1.853377325401552 0.9595424106448345 0
2.000563255354714 1.008024069661251 0
1.920222845818189 1.134016217989068 0
1.849813542455083 1.170840126644027 0
1.815912783485383 1.191807475214471 0
1.765992113453337 1.178016692093381 0
1.858622469541648 1.03191567339661 0
1.844507416575241 1.030521850818751 0
2.03242756115575 1.057832945899065 0
1.570651149102161 1.024914338356732 0
1.382331421110793 1.360811404078444 0
3.634685759399114 1.164420585604114 0
1.672750673936031 1.835758667469378 0
0.3539521269082164 0.7306057662316916 0
0.4743017077693228 0.8102586707905312 0
0.3440966212980403 1.413525921344852 0
1.41273554362747 1.273661386582793 0
1.467095470972055 1.200145352196632 0
1.468833578927123 1.216478537429795 0
0.8521506264358585 0.9058155444614753 0
1.010046755054632 1.041042769632365 0
1.326574193413546 0.6461455876502891 0
1.56641185271778 1.030732109364793 0
1.300271502399841 0.6139850557088258 0
1.797545033666782 1.010281090349596 0
1.343225046684811 0.6377475651432588 0
1.340767284379825 0.6322632891565411 0
1.337306531305102 0.637434502812423 0
1.342954605207784 0.628109679765751 0
1.338435660205281 0.6281197155326492 0
1.336266135136067 0.6323306197148 0
1.333822316756343 1.343970578741876 0
1.47540684361115 1.151153115716033 0
1.067721024129768 1.021596639598472 0
1.790422296759241 0.5746938835687968 0
0.9621961328494009 1.273188769435811 0
1.779621351281761 0.9035992119603518 0
1.985259647348097 1.514416564600049 0
1.987149176866266 1.625788304518466 0
2.083070438349139 1.557030647122519 0
2.100385389134824 1.680804872123939 0
1.810555478698718 1.153383241284848 0
1.551517683445903 1.038045345447131 0
1.016103239279091 1.069342703192701 0
1.481456779293267 1.109112771018301 0
1.491972320989101 1.103537207754186 0
1.47036890636231 1.112935485300617 0
1.640258629723981 1.018930985775062 0
1.180681854743622 1.246462538788377 0
1.915742365311937 0.9558210160399387 0
1.445131615370244 1.3498018988575 0
1.445400318314965 1.371231394207578 0
0.9817630083990764 1.034701620010905 0
1.180406370472896 0.7862058991459757 0
1.168878502301388 0.7864900377774033 0
1.161397772993139 0.796834984711644 0
1.154925863620681 0.7851889042902513 0
1.339497548261085 0.6111176974435475 0
1.339723686983328 0.607630556850066 0
1.335308477083776 0.6056093874027548 0
1.339676154990119 0.6015313081571997 0
2.841526111986532 1.611378011038725 0
1.749911033174187 0.9413782006280073 0
1.738742593687716 0.9506268736325596 0
1.725305175746882 0.948550219401511 0
1.719409279102416 0.9365805757851471 0
1.713407306017386 0.9475505270458463 0
1.750589247487974 0.954712830450722 0
1.742149208961657 0.9611616470340089 0
1.348491266663264 0.7278261960002035 0
1.347525224735018 0.7180299272234071 0
1.343830483986443 1.4070570794734 0
1.338298377820492 1.419857682029654 0
1.348410753052332 1.434399163201566 0
1.329079407457851 1.407290450607713 0
1.318244781423385 1.391916302496192 0
1.324287426018794 1.417926662969609 0
1.314485734494133 1.408119631366145 0
1.307521454870981 1.420950149797906 0
1.30063090722444 1.405407031861455 0
1.288042476540511 1.422311861704501 0
1.940472598836565 1.186812873979904 0
1.421911002117269 0.8408056802385633 0
1.555154738707223 0.9826501767615549 0
2.064300493919393 0.7771633853938255 0
1.269626545957495 1.844745506511829 0
1.100741059868416 0.8644669953674955 0
1.936188915405054 0.7582921973738473 0
1.88633536062799 0.7424059634138858 0
0.9946363035157533 0.9973985293448611 0
1.066973271025841 0.9853051797945553 0
1.354916206314716 0.7548825234182213 0
1.709682502139429 1.214230000864767 0
1.410336318090131 0.6698702878919186 0
0.2286564660349184 1.006134629176273 0
0.16492691373966 1.499794275194597 0
1.648493361169254 1.614565769707542 0
1.71381296335015 1.684386304423153 0
1.560020066780269 0.7853145742846066 0
1.566551471721278 0.8061589677725609 0
1.547281789176481 0.7672393893731385 0
0.929879421215823 1.867721944449781 0
1.205704419893135 1.262993991173686 0
2.088611194516485 1.081258653120071 0
1.408383799251847 1.289907202239971 0
1.194509190181344 0.7549911272681995 0
1.079725615193159 1.142459157718203 0
1.034863681326514 0.6996451872160323 0
1.65312492518546 0.9599230225797353 0
1.691157012172095 1.038546688473638 0
1.688394462825607 1.026471337146285 0
2.088314167490814 0.8388246841416274 0
1.540515149948278 0.9304683589690514 0
1.446122133448331 1.132748082522052 0
1.457130175680278 1.13498932557713 0
2.072609555615132 1.209053057879081 0
2.112407669257051 0.1653148771184613 0
1.672843708763876 1.092932424346358 0
1.590873474783578 0.8083524087376825 0
1.57971845012011 0.8235644451350904 0
1.174355358093492 1.729873733544335 0
1.2484621489736 1.339221423266977 0
1.246199026129536 1.351211941060022 0
1.020527145729111 0.931999421479943 0
1.556048787590428 1.118532451920069 0
1.388911838014358 0.6757082531859911 0
1.897076428698717 1.034082866722895 0
1.885181113058277 1.032786435353641 0
0.9567126145517754 1.197177275875372 0
0.9910474941370789 1.2231543195425 0
0.9291120557382313 1.172596624692509 0
1.805453342245777 1.019725602260714 0
1.736293919132717 1.069122576108547 0
1.368505312790668 1.26149893602938 0
1.379158902295815 1.254421328106848 0
1.390333313962769 1.258851158609933 0
1.388438247712573 1.247480455973671 0
1.37771806447928 1.241541933065884 0
1.599136925047151 1.244491709277411 0
1.598667475010005 1.204205446189111 0
1.720026530205056 0.9583859604599363 0
1.836609914217381 1.038853919494155 0
1.453906398727256 0.8630991135952253 0
1.545661164919587 1.277547818321962 0
1.413792707591452 1.169852632285392 0
1.417707709932416 1.182551669385407 0
1.423939941757012 1.195535853013031 0
1.237070289808409 1.329553837789024 0
1.221359910595011 1.328464554072586 0
1.216545309886311 1.310621302119942 0
1.203507056066208 1.324756089814513 0
1.182892422557637 0.716329475412136 0
1.162602605452049 0.7264180322461556 0
1.756487766718713 1.023715884169639 0
1.331573340546696 0.6446506254488957 0
1.039966886680058 1.172050111047677 0
1.573390207461517 0.9675721419150726 0
1.798351615024619 0.9432033000364222 0
1.382646074154824 1.333741319274132 0
1.832325222008274 1.027884554227965 0
1.621178711610787 1.119886460107775 0
1.377819756419454 0.7900979270418846 0
1.170025029980753 1.216284232810498 0
1.178285513087413 1.22447950968768 0
2.170552005409508 0.8607889596004799 0
0.5003736542491897 1.840260173153939 0
1.000939284220187 1.315456957825035 0
1.500259859952316 1.078357483689237 0
1.198549764924144 1.27374544574169 0
1.20506931710529 1.284427332894559 0
1.113578123796281 1.228662758182181 0
1.347488495630742 0.6532627479386443 0
1.448474957857332 0.4648896792270976 0
1.872355615719615 1.035012082892019 0
1.673488828761573 0.9060168130570679 0
1.272140306482693 0.5755893873530977 0
1.58767441134446 0.9753397028736419 0
1.593764372971541 0.9665138198152903 0
1.463764388579773 0.8725912688288987 0
1.595548742648065 1.054655251482355 0
1.250314670925659 1.385341079248274 0
1.036516133025019 0.8858435674981862 0
1.805788056800665 0.955844912280239 0
1.33444085307092 0.6742817594422084 0
1.061944686917235 0.9954270487606305 0
1.059835798576959 1.002586893286298 0
1.369775821654047 1.230602542835053 0
1.3813370496113 1.22980692506396 0
1.361613506710726 0.7121590504555854 0
1.517458802432993 0.8829279376127208 0
1.520662298591847 0.897002265544308 0
1.328943738403461 0.6600317321064529 0
1.677006652375643 0.9619159254883798 0
1.820563532426269 1.022722153513838 0
1.173452645602759 0.7742531490105014 0
1.579624453746584 0.9590031376906394 0
1.637314464408099 1.058983418984824 0
1.494356303977896 0.5759981825392442 0
1.982599773618332 1.064798643766622 0
0.991398441329102 0.9417910511058953 0
1.329541357583969 0.6365917915479663 0
1.880833244145447 1.046709295855672 0
0.9948056212499731 0.962256869611925 0
1.197972287972157 1.24209961853901 0
1.446142289261567 0.5235869384907009 0
1.182653171304723 0.757320540702219 0
2.683329362517899 1.839732460994784 0
1.361794634728413 1.293551253832502 0
1.371045651142411 1.381491226443771 0
1.357659039260001 1.277880535610354 0
1.791502249708094 0.955620490893459 0
1.606557228145053 1.034580915682492 0
1.588760486811331 0.6817780400245851 0
1.17823374520519 0.5755650112140717 0
0.1588642964714392 0.5063087026498226 0
0.3240211161302726 0.4268126100564201 0
0.3151593382116006 0.1940401903671665 0
1.39628457801399 0.7671829449063553 0
1.386477107763109 0.7760605860095193 0
1.390180286367533 0.7891449967949075 0
1.397928052271068 0.7988907235826952 0
1.390730156798543 0.7285086438157062 0
1.167606645941278 0.8080530744047949 0
1.15520012674494 0.8074668162809786 0
1.147568767408189 0.7964223984625377 0
1.51447002502433 1.065689191047327 0
1.516038298909411 1.07695986277873 0
1.524716110171436 1.070077557880265 0
1.409966138023134 1.238586623511338 0
1.642458902462432 0.9587747808474522 0
1.061768316187289 1.688763748558616 0
0.2630607058915395 0.8624922458971492 0
3.092367985192513 0.2021457486395122 0
3.206267960425708 0.3367247226940391 0
1.51345088889715 0.8553256829460683 0
1.373307922623129 1.352055212996046 0
1.622172865421895 0.8546529559487547 0
1.600302441964467 0.8537297971850109 0
1.608537881781607 0.8690548986771598 0
1.590777528440237 0.8691783177354814 0
1.599100083171411 0.8834587522693678 0
1.627486638627794 1.031629152495424 0
1.865027011394736 0.9013998391054391 0
1.032351168001168 1.225021126635012 0
1.013577038989466 1.264191651695565 0
2.771754624209048 0.6345987030237636 0
1.907207190329124 1.039643610834103 0
1.499755442024165 0.823131001954046 0
1.483436269863728 0.8209488024094822 0
1.497414269481973 0.8521611516150055 0
1.022278587908861 1.082775728419096 0
1.340767580190575 0.6250209930605227 0
1.191027171180152 1.250474527764479 0
1.452129386156526 0.6316636169123828 0
1.11182673109716 0.8696399026703032 0
1.33978970662113 0.643100767512354 0
1.345131794840781 0.607128492959882 0
3.387681811893256 0.339124930973338 0
1.959131093117737 1.041997792765344 0
1.952227472528121 1.049437479816926 0
1.37454497902327 0.7791025342883539 0
2.955914890843033 0.342744674131821 0
1.038640048325898 1.104663511568032 0
1.05183760259292 1.11520670046943 0
1.054997363657065 1.131371146980571 0
1.213758021089562 0.6671606747491146 0
1.465742717821884 0.6951796764690968 0
1.360574870298895 1.31781908856925 0
1.71019385866837 1.012518313204229 0
1.81706651303215 0.9712215954515027 0
1.690780704208035 0.9427785033587686 0
1.695579802270358 0.9533232653910917 0
1.087201039620217 0.8669032100673941 0
1.423425084091885 0.8267369306913351 0
1.415775929822088 0.8165145083156508 0
1.402680315757237 0.8203461504022398 0
1.037556060614016 1.000474616366461 0
1.296907035439135 0.6078141163634215 0
3.087128907691087 1.831300430786436 0
1.486219007619151 0.7933771162118903 0
1.508521548359402 0.9328169789200524 0
1.722891143227666 1.41268738448696 0
1.866329221185956 0.9840756257577011 0
1.864264552844664 0.9735753819676274 0
1.676630233748482 1.340514332092027 0
1.024388027253147 1.109862977319674 0
1.210220307233906 1.350108420251223 0
1.792254373104697 1.019666120050964 0
1.776182388377056 1.357138276386449 0
1.848971188272535 1.366946342909016 0
1.401704655624649 0.6852470270971138 0
1.477219344021304 0.8051953127464819 0
1.366815923399931 0.5926794631257656 0
1.357623060259891 0.5820065623254691 0
1.211104585005171 0.6843429327616429 0
1.056516454436476 0.8463803251075455 0
1.101233903789755 1.142753139881266 0
1.938196237310501 1.03613647309175 0
1.532913915395 1.053197439521007 0
1.355075596007031 1.393694321353178 0
1.349969988929233 0.6116243462927674 0
0.9959226032166306 1.049735188991538 0
3.496981490821522 0.1708346357294666 0
3.599704074472232 0.3292176588899808 0
1.546146987274151 0.947849887400831 0
1.366774700983002 0.7020482477172579 0
1.971305721299053 0.7997956419813239 0
1.075340938684846 1.123430141022608 0
1.608078915597261 0.9735046393935916 0
1.331800903338103 0.4906053449398436 0
1.69583600002345 0.9689857701335056 0
1.761040995222597 0.7255122783285384 0
1.769649333118934 0.7720201800704484 0
0.9971469195500469 1.068766572903841 0
1.221835953119877 0.6952907651047335 0
1.775814718621669 0.9677537552983091 0
1.510465096915337 0.9210820845144779 0
1.511699134052081 0.9079507611086549 0
1.35037425503697 1.364515114424875 0
1.344617214842562 1.360319223071274 0
1.345688317038568 1.352669220683129 0
1.482144499423092 0.8877368075896898 0
1.027383803862421 0.9956671858366208 0
1.550193819665514 0.92111484397623 0
1.972526117018014 0.9996073497017619 0
1.688358586913649 1.015218577834563 0
1.370968911540391 0.7643281701744002 0
1.775927117410661 1.063518074955105 0
2.740288454773641 1.310288431263432 0
1.463636134517157 0.7494443919248673 0
1.455977867256766 0.7346901717658127 0
1.456427414912389 0.7634275982593945 0
1.464251524560162 0.7773056928388035 0
1.463961677983071 0.7167515528594419 0
1.445731378015834 0.750282974598119 0
1.478675725337814 0.7788587186609982 0
1.581555002806715 0.853956453316953 0
1.147300224678411 1.163255867048052 0
1.559624513361419 1.029701353366919 0
1.463896578079158 1.179667516503526 0
1.409429123337173 1.19308329144125 0
1.323177927210639 1.393368215942045 0
1.730782191676959 0.7823239495746321 0
1.154036231793431 0.8291026050355109 0
1.330211318717001 0.69905216920039 0
1.777546699734081 1.009223773809951 0
0.6001430833486355 0.7695392209769913 0
1.59097687559378 1.024333665217755 0
3.509655361200901 1.816574591939073 0
3.266023724018039 1.63960113170081 0
1.46669131011317 1.126410946435911 0
2.447583702729017 0.2627631611129354 0
1.56192028251686 1.036922699981043 0
1.643596778291286 0.9401127110666669 0
2.780874284011128 0.3042220560178086 0
0.6970311162585839 1.408186769544902 0
1.441422692848739 0.8451220686947452 0
1.660932979173685 0.929624108000455 0
3.831290520929794 1.093037951546597 0
1.530882484361959 0.8890604924709713 0
1.825890700730219 1.012577764342763 0
2.477754342409284 1.817715089631464 0
3.81102007763071 0.7117292362305357 0
1.827157192272799 0.9739376091109123 0
1.235191895658613 0.6430372601634342 0
1.903134953140383 0.9930248942713493 0
1.900053573316612 0.9806779775301534 0
1.882751860383191 0.9763757702787814 0
1.405833977303534 0.8072047387966099 0
1.49141413653775 0.9162262914940535 0
1.465608020776127 1.283883237344005 0
0.5129620434374887 0.1595008197945485 0
1.332581848742358 0.6396868605389684 0
1.42615091070772 0.8081813409222575 0
2.002808208498573 1.021145557974604 0
1.645683056926155 1.026990515690043 0
3.791569717564426 1.490932112087308 0
1.262357895847893 0.6328217419722804 0
1.707319856076209 0.9575375261025232 0
2.683275390586545 1.578492425419859 0
1.626181601383313 0.9458319268066806 0
1.335585808880516 0.62467292070631 0
0.8652925499511452 1.013015815773416 0
1.07112233889741 1.026704189651782 0
1.302532943763736 0.609533008837695 0
1.30967198396572 0.6027302301043201 0
1.307931711577594 0.6089339474328528 0
0.4968615039146259 0.9484938393318227 0
1.823581655231022 1.034929221773711 0
1.815568248351447 1.046303559164548 0
1.33060436083007 0.609563777837288 0
1.329904320970668 0.6061293892011457 0
1.522989151680659 1.374535016780956 0
1.515826510406582 1.412034699467576 0
1.43940426140377 0.7336459845311416 0
2.169184867019249 1.474719434213233 0
1.395007018638363 0.6637893372047411 0
1.679023415148292 1.022096727718054 0
1.33004513270352 0.6499747731165054 0
1.490580675738052 1.292575911906141 0
1.664729942492389 0.9603243057246251 0
0.3173818511367452 1.824058156763757 0
1.287977640995632 1.380414154601829 0
1.286938523218419 1.389377911224579 0
1.27964513393521 1.382527246450295 0
1.276708372291791 1.393763805523048 0
1.342245764660267 0.6188312133783873 0
1.375850134942317 1.220138445485976 0
1.845906452827583 1.014361436933323 0
1.552099533491344 0.9798479294942715 0
2.050968903464453 0.9870734049702864 0
2.076311017377072 0.9864601502598759 0
2.091892978841932 1.013889554953991 0
3.00518962587669 1.669225009760155 0
1.491075809130462 0.8367335574112433 0
2.095822201404643 0.489482726481112 0
2.137352030017184 0.588724263500949 0
1.797113658319746 0.9675992471456608 0
1.548297770796463 0.9845081862812886 0
2.133324470646119 1.846034811338048 0
1.060633921248902 0.8245781717874358 0
1.324042722723135 0.6569567136190733 0
1.18629896529051 0.7439759522411924 0
1.599244875045823 0.9517966728587373 0
1.813074159894137 0.7893657406813032 0
2.629512213819364 0.6333476934937596 0
2.544682382357233 0.7409154481950463 0
1.915482456391129 1.030813773174062 0
1.34316900392323 0.7016550600476786 0
1.768680562300034 1.122732119718187 0
1.752253803090104 1.143544050517934 0
1.24729014550472 0.6300568314020946 0
1.865295189071705 1.017933749053318 0
1.393805527528881 0.8104250540101233 0
1.342273674185855 0.6761143433872158 0
1.434313089371711 0.718936642512497 0
1.333682581428419 1.322006297721439 0
1.211892617832947 0.7183560522879476 0
1.331870551998301 0.6291494335757327 0
0.6778292968125075 1.678261497377264 0
1.61126458320601 1.02329994958127 0
2.010811340521908 0.9408990249462864 0
2.006345322837178 0.9118414809342981 0
1.985284952778037 0.8851194241243674 0
1.003460194967876 0.9071326564490458 0
1.634095389007362 0.9640855566786022 0
1.429044531301972 0.7460627425787113 0
1.338493371974412 1.329430841545086 0
2.599921700250563 1.103548518867646 0
1.472678357237595 1.263381765317239 0
1.341872315542475 0.6217936942883905 0
1.183749512893812 1.337800520175999 0
1.46008195427179 0.5994587782709961 0
1.250308443127127 0.1445156470212407 0
1.322658090714022 0.6658867677790581 0
0.8537767523155926 1.1266828167866 0
1.545562706785212 0.8128854491943304 0
1.353558184083405 1.332468254850081 0
1.042450008058767 1.297537715818914 0
1.038810211939877 1.122285546867532 0
1.069010984723924 1.012239216329348 0
1.540501313132701 1.113765683766833 0
1.60712732690836 1.722354626001078 0
1.43787065203964 0.773144603463265 0
1.969609566537358 1.044523474491407 0
1.478848800852406 1.168264885708916 0
1.034282363607962 0.8703279427555977 0
1.720806266161075 1.011645713796217 0
1.350754800084823 1.375976559894531 0
1.568246069794803 1.224930054861195 0
1.6804848529662 0.7771828303897662 0
1.515424094269123 0.5989906066433097 0
3.191379555496866 0.5142138948794327 0
1.333242567458348 0.6350271428976669 0
1.347414944988672 1.327225046810027 0
1.661431258239031 1.018346573334853 0
1.363480856792134 0.6871057046128131 0
1.731294333946251 0.9593841165545911 0
1.715651801243378 0.9680914655659592 0
2.85399552462506 1.177561897337734 0
1.630413109583447 0.6751575164926426 0
1.780459928672097 0.8085756512138884 0
1.547658574183298 1.023451122679822 0
1.552250620658414 1.023674165670102 0
1.331501127254635 0.6007372110351296 0
3.638771278718429 1.653191407715711 0
1.907247017155622 0.9691353768385287 0
1.388619009359941 0.6519992705080165 0
1.380236890964778 0.6408372743788042 0
3.549171532960852 0.5702976382297543 0
1.63898199074243 1.035976061137764 0
1.185894385582046 0.776510950994186 0
1.102731037724822 0.742921763907671 0
1.169911637358219 1.192492210541936 0
1.353379958976244 1.311686766716697 0
3.215715177555974 0.9592725684699085 0
1.471430319068392 0.8276004886465378 0
1.364550449872353 1.350464634238216 0
1.371861748244187 1.362527499956032 0
2.010384798535526 1.05577980893717 0
2.003797864126811 1.066353548730693 0
1.361606276736953 1.328369754527307 0
1.343311850672239 1.289942128470343 0
1.639190328604995 1.075846822082347 0
1.577743592621306 0.9494630433214878 0
3.224153477275208 1.393513631333927 0
2.702940603781455 0.1468657789416246 0
2.841702526115587 0.7698117456517811 0
1.130795229146162 1.146364018657534 0
1.126881745029299 1.244688393404609 0
1.926326759252703 0.8074446069508958 0
1.463700557418193 1.386665831804034 0
1.214598948700311 0.5955184149906969 0
1.202328278473642 1.301378538944713 0
1.507523873036148 1.08091641945767 0
1.532438314835565 0.7410723778877668 0
1.65460813307164 1.084495002345119 0
3.831175387122491 1.70031061485034 0
1.324473266905201 0.6014726977482429 0
1.322730807591649 0.6098758286744375 0
2.543637181323699 1.21170850100832 0
2.221230351534695 0.8080690989441909 0
1.585851004580694 1.034246124049176 0
1.425258762854394 1.171375495283137 0
2.034783219325321 0.9708324571605954 0
1.611724371368704 0.9162361599198242 0
1.603974053119883 0.9059402136741139 0
1.610973551846302 0.8941164729987581 0
3.812370065995557 0.3151819866185275 0
1.656763033227612 0.9696960423998866 0
1.178375741277449 0.7325645509860892 0
1.806702099958056 1.008786304468744 0
1.181178154004328 1.213764109522314 0
1.162586424397848 1.205296088543321 0
1.148956934890265 1.206306567748784 0
1.639224815689224 0.9289090769808671 0
1.596140341369328 1.040954745052774 0
1.532125774024618 0.9011531895388392 0
1.138802698078876 0.8481656291367126 0
0.3155109979743178 1.278159505825789 0
1.754505470469684 1.059584335836735 0
1.972284703834071 1.012872855845465 0
1.53813761097364 0.9416779460754072 0
1.846988886308916 0.9785520370913483 0
0.8207567502327662 0.6189306651859516 0
0.7738503141196735 0.5284534011109119 0
1.329778294579738 0.6893282288531309 0
1.55745930823233 0.9302216681782947 0
1.55754265256638 1.024148868052474 0
1.555762757130382 0.8414505507813848 0
0.8566798316768778 0.1481941699148776 0
1.656734206677166 0.9090193561911402 0
0.1928757470419205 1.161993195403438 0
1.165885655222794 0.6139890593796808 0
2.049784938746471 1.060368410678479 0
2.071621669847981 1.060181514773418 0
1.067504648759308 0.9998390395915049 0
1.345356598785733 1.365608428951116 0
1.141878532609126 0.7263027388588795 0
1.630381506117686 1.019865547966954 0
1.141561961718856 0.828347871707949 0
1.34467330246785 1.391565679793945 0
1.063189225123881 0.9892898671157575 0
1.140464770588433 1.638461649881847 0
1.960542922778911 0.9971158122286541 0
1.953322970609411 0.9847442733449067 0
2.034099888705909 1.075757346905407 0
1.334604904315714 1.352352508171511 0
1.320570887323071 0.6064894615477519 0
1.346716030225047 1.373201625284884 0
1.339960103158021 1.355551450782945 0
2.470577118809649 1.075508737332102 0
1.890338555039115 1.692428658358109 0
1.585712753552746 0.923197059389571 0
1.705489030111883 1.021495648738167 0
1.409853928086035 0.2890763922091268 0
1.505578393560092 0.3248453438640995 0
1.374496891804176 0.1823901112103887 0
1.017364459563406 1.15940917698515 0
1.037976885800122 0.7395086891820599 0
1.706730419402741 0.8342032664001998 0
1.068377009221379 0.8721745569990147 0
1.295164099854163 1.393698685472658 0
1.111828338250155 1.13516618741739 0
1.091178680929449 1.134831223896441 0
1.688784356472252 0.9055842443133816 0
1.556554480799378 0.9783921413131357 0
1.561944710616605 0.9765134632741528 0
1.537814695550945 1.196134646719303 0
0.8734783312135481 0.8542245852416781 0
1.130601127607128 0.8561807773966129 0
1.566815869143382 0.9722001060981232 0
1.503278397099388 1.138523678938192 0
1.767967826484869 1.008954048478418 0
1.339700760835506 1.368407883720544 0
1.569218283771826 0.8752436922864972 0
1.376212112637339 0.5801693450871206 0
1.47175408896843 0.7914320167531238 0
1.377095238480216 0.627478200720387 0
1.702043398116378 0.9451687679093986 0
1.582747992091162 0.9672722459605402 0
1.613945585667478 1.099628644671966 0
1.46634193526579 0.8148689273985118 0
1.92641347321589 0.9878511966245812 0
1.940444309268914 0.9914703055331359 0
1.952748759388818 1.006204274804595 0
1.747756443788641 1.009182983057644 0
1.689722498029494 1.17530169110046 0
1.421463828957131 1.159867933745226 0
1.43596695866471 1.174346485856664 0
1.490061134149897 1.144365344676955 0
1.313199855085934 1.392057033752138 0
1.309448635221648 1.398133046027386 0
1.390803548627688 1.271728986312504 0
1.148789967508745 0.8177717638493883 0
1.529128278939797 0.7789252057722938 0
1.989269971887842 1.050095717836201 0
1.638305436509259 0.9489240559684939 0
1.408499761936104 0.7923688966909728 0
1.347986243550151 0.6272643418082279 0
1.679264564976085 1.012960210241432 0
1.278171789825131 1.369754055379391 0
1.577668043233201 0.9002757559965242 0
1.590720485834589 0.9024044956926052 0
2.111587850997945 1.116820016576423 0
2.140888559023086 1.164898317550279 0
1.314903538362379 0.6118049371325368 0
1.31408578808057 0.6078790312152228 0
1.355796575263881 0.6195075711571827 0
1.991740369668661 1.017058991553539 0
1.364784849624262 0.6705320069729606 0
1.049617482295062 0.472653749896923 0
1.300812036054435 1.388338255004589 0
0.9830737155232182 1.012678666364181 0
1.781053349237499 0.959037862247254 0
1.623252498373257 0.8947359875225842 0
1.065474551254356 1.142942197888131 0
1.397020400467076 1.190683973367038 0
1.940206561001003 1.04692869340194 0
1.943440951419578 1.058867137972581 0
0.3012667671798838 1.562750851896212 0
1.537148599211179 0.9518475607467161 0
1.580142724332895 1.178642550671047 0
1.606542033693851 0.925464940266425 0
1.046092311232998 1.001231712199111 0
1.67665472579551 0.971906511022421 0
1.633419011853756 1.356083106484092 0
1.532245579442227 0.9121440887437479 0
1.394686806600752 1.29798758635103 0
1.135292273167089 1.165367780535813 0
1.484443704661562 1.205318605996271 0
1.919350976815899 1.042446478676338 0
1.198048089170109 0.6988501549243138 0
1.365948865179991 1.376272283703417 0
1.155744229087117 1.35071140412776 0
1.456560476398411 0.882680479896818 0
1.346163510634301 0.7095256976633944 0
0.8896943312187708 0.7994976869070026 0
1.986067513724204 1.00503730351603 0
1.637645623599778 0.8691476862004445 0
1.516025943597595 1.147372282983077 0
1.425746544123395 1.34490456173829 0
1.340110071820683 0.7151586017453908 0
1.454579944708671 1.226455834438822 0
1.574551434666905 1.0317665936216 0
1.527601882414499 1.108847666656738 0
1.368232155272727 1.250352589006235 0
1.76578701965315 0.9681232253734593 0
1.565493841092239 1.09053782841076 0
1.482912427859857 0.719327687919561 0
1.244836210116997 0.65511723388488 0
1.39517947719777 0.5887789956912099 0
1.680579262290068 0.8573591381776503 0
1.104151340054981 0.8759129670490746 0
1.473174721677025 1.101883589094141 0
1.339186724319101 1.393045534277143 0
1.336979453694247 1.399376535593866 0
1.32822170142438 1.397418047374246 0
1.964461362297515 1.425665920319136 0
1.971166165819571 1.056474487411281 0
3.378400933866776 0.984227379507657 0
2.282816023560043 1.485127427327713 0
1.816724076441422 0.9124581929134555 0
0.6042394387777936 0.2886018646612698 0
2.637328728554353 1.438892212892353 0
1.966433673313853 0.8600218384302092 0
1.370143967703351 1.334515007462563 0
1.5563863093801 1.042297145912454 0
1.607735343331852 0.74177882066866 0
1.388882398425639 1.221080338111431 0
2.39622187093457 0.393006223658204 0
1.554904450188934 0.7500221620853433 0
2.22282748320655 0.2794610131770952 0
1.120609259278661 1.1513029565458 0
1.781017561638276 1.01818307808981 0
1.467778848560428 1.139619169987525 0
1.884496020136079 1.022487179602324 0
1.286129973185813 1.401174838450651 0
1.356879130039177 0.7455787275990303 0
0.6407901400232767 1.154970167657165 0
1.699142102216936 0.8570089212301676 0
1.370078820729912 0.6447445202026527 0
1.325680003686602 0.6069870040880154 0
0.7839836533893536 1.613854419204519 0
2.259131451184505 0.9370417885074158 0
1.055061139615381 0.8628757444942421 0
1.739088986326055 1.009228768629519 0
1.762990561421041 1.016342340876183 0
1.883780807580557 0.7901864163139667 0
1.092160807390486 0.4065926635808393 0
2.413963299957002 0.6880756328270117 0
1.226357602424962 1.302444833239977 0
1.982209582521896 0.9114460853322915 0
1.731302512180623 0.8934859658124654 0
1.763178759684025 0.8997822210010141 0
0.4564631436223094 0.4600736959694658 0
0.4616436907567613 0.3221136235566901 0
1.235850260566739 0.6755199826163644 0
0.8415747987985346 0.2794573396613971 0
1.194521835520172 1.262410048757032 0
1.328054301089146 0.6806063159015459 0
1.569812796738239 1.255885270903341 0
1.388202832044928 1.20085820286423 0
2.114069443014303 0.8749947239446136 0
1.299301968209427 1.446158102110192 0
1.271388189594756 1.445338662507855 0
1.999019563024507 0.9928595665588352 0
1.93331706201593 1.001265530149606 0
1.35914814372174 0.7297228071140897 0
1.354448253507748 1.287312687190091 0
1.31940829175971 1.398328961080838 0
1.005748406757087 1.027610769167843 0
0.2847264981568212 0.5896488566305415 0
1.827379187718108 0.8951009350240136 0
1.780349861823831 1.149446673970521 0
1.73563915469834 1.166529149442325 0
1.362630063302607 0.7389275316866218 0
1.456762142670247 0.7890340469120412 0
1.136238315633146 1.327695156089347 0
1.736378992911279 0.9689354067807484 0
1.039994042785648 1.138475376672244 0
1.238445664023256 1.374475546691881 0
1.232333169306459 1.343036560177734 0
1.740885866197068 1.053010938896556 0
1.8075445229389 1.108961759549213 0
0.7504359058487587 1.342375345607848 0
1.85980231957914 0.580281668733633 0
1.36602261892959 1.428871118104009 0
1.363062190334486 1.455195593631267 0
1.921327887080603 0.8374584118358219 0
1.657850037901918 0.7946203506177989 0
1.198999766408162 0.2632216040889522 0
0.7783211314535643 1.484445342675236 0
1.642399522144267 1.04598740072347 0
1.813304607147291 0.9636303104560484 0
0.1170008595449221 0.9034503174333663 0
2.036933493301266 0.9446351625359886 0
1.021483326978839 0.8542599377923082 0
1.006771373997071 0.9354559935568436 0
0.9961952257362784 0.9229856020790482 0
3.703073282884152 1.006065381427101 0
1.936187048045026 0.8973342270607128 0
1.02013595579696 1.192412057786863 0
0.8868670718025929 0.9381082511629947 0
1.413524398033735 1.479989631212764 0
1.602360204414636 0.4481984511476729 0
1.636474427442864 0.9732693111210781 0
1.433183977000958 0.8199765515391861 0
1.376168494484077 1.369181021447007 0
1.380170022746037 1.38569251786611 0
1.489088691008505 1.158045697434074 0
1.558788399200304 0.9664849955142427 0
1.884444935320949 0.9882887571575125 0
1.526652367529154 0.6814379529058227 0
1.339574976752651 1.339558844042605 0
1.99196379564862 0.5921669375744666 0
1.262009806079258 1.352507516563684 0
1.663540354056686 0.8973108238184179 0
1.759374763529774 0.9604555518677804 0
1.669115217565295 1.075141901660593 0
2.452084855684932 0.7797519809611817 0
2.382102063562834 1.110614038440542 0
1.501973380058444 0.9149901060195624 0
1.680529549584602 0.8379883999495356 0
2.286423159746436 1.316353294812959 0
1.344400150935066 0.5915067115723833 0
0.5682552371324684 0.8677900946207172 0
1.634469404266695 1.103973875211821 0
1.749358165614565 0.8815474526772114 0
1.337903719483559 0.62508530195009 0
1.333206889342912 0.608912760318821 0
1.992004839101514 1.742110243263091 0
1.072678308612352 1.032041157211875 0
1.728174307010095 1.135053502530501 0
1.930460488006839 1.04307450261579 0
1.650402498784368 0.929576394395573 0
1.537078300828784 1.217909904436354 0
1.480044353763675 1.245965213314078 0
1.553441682099892 0.6415542869270973 0
2.029446868952229 1.03692969363757 0
1.862058860843566 0.8246835367081548 0
1.335236457425542 1.362169683628104 0
1.338868266849106 1.360986975307877 0
0.7980242163796161 1.392634521496051 0
1.757545822645552 0.1399809845587207 0
1.346717505250879 1.396989432905976 0
1.548420813516246 0.9819119099347074 0
1.098202056293763 1.461644930204973 0
1.109385153307731 1.518376800516615 0
1.367526887777792 0.7839820965405104 0
1.772871456948901 0.8835208841104214 0
1.617566875816411 1.030366980659293 0
1.331620335419659 1.328331492546246 0
0.8995665499220039 1.028815214908872 0
2.015326653565828 0.8035089037485168 0
1.112335435045819 0.859641552549234 0
1.731498356587449 0.5842234338036274 0
0.9249485973639605 1.485001231361394 0
0.934804885354681 1.140242121445612 0
1.689575285855613 0.9611760321922749 0
1.594540706588846 0.9120640787601885 0
2.533794824996356 0.1371838254238694 0
1.353497105474334 1.388901737016493 0
1.085381039701407 0.8809639917674528 0
1.327999614395691 0.6550086684392951 0
2.05469779185124 0.3735984096281604 0
2.006477246787407 0.2710690654494857 0
1.422852136452878 1.754877463796317 0
0.9551968976205445 1.742221401655041 0
1.351335954050239 0.6202833290995051 0
1.850498396709392 1.114316773074845 0
1.58929882238621 0.83922607629438 0
1.933586448450652 1.068214180288624 0
1.352838656501034 0.6245928243288159 0
1.895894635943131 1.123922711562793 0
1.014965461268426 0.9919203486061557 0
0.983115152849602 0.983456416588665 0
0.9215420219786155 0.942031667510753 0
1.363242093086283 0.5614512600819317 0
1.341318405874431 0.5474563744110873 0
0.9963993055100659 0.6753431360329125 0
1.515681427696779 0.7543395860397225 0
1.392655326667977 1.236223280691737 0
3.669169171409111 1.340423140622776 0
1.34174205547123 0.6494712055583608 0
0.8336098334506806 1.079899005046253 0
1.80691404571418 1.05736555363596 0
1.339910546894395 1.348100580030421 0
0.929653030220295 0.8812272085778536 0
1.070006386361645 0.9813492437675612 0
1.094733027656029 1.125629343683543 0
1.188133138376589 1.224250494189238 0
1.181533426015486 1.235083017520168 0
0.6922728594889062 0.7983745565939911 0
1.09082886109329 0.3098030316834681 0
1.78182023728087 0.258425845484639 0
1.401318300637029 1.26508069855188 0
1.299550626957374 1.641267105186482 0
1.364380362682472 0.6394642307548841 0
1.582548183228815 0.8791828055624402 0
1.794658094083875 1.769686422866634 0
1.35207364461879 1.298789500044978 0
1.448604183323484 0.7211434841051694 0
1.028764772837531 0.8977635146197742 0
2.184807928666704 1.593578462881882 0
2.221955481179202 1.720286763619629 0
1.376015724383144 1.34194615030367 0
1.791794604660713 1.125954667882033 0
0.903648231612822 1.000418477351166 0
0.8587090790772686 0.5531885630256981 0
1.543914336517967 0.7855612766099349 0
1.450345134841439 0.7754790792455096 0
1.132735833214438 0.801423992586529 0
1.636558364427609 1.026678452613049 0
2.241225689516912 0.8733901486329794 0
1.356598206113228 0.7202197788539968 0
0.9341970169128416 0.8033647533405787 0
1.469946766571913 0.884942175377462 0
1.360412991136838 1.262871828228311 0
0.6209536894473964 0.9399980867460211 0
1.844159062323118 0.9685932969566414 0
1.803296215091369 1.636903370262766 0
2.020218763098807 1.161528495191553 0
1.986994037043342 1.175476765707689 0
1.654716335839138 1.026125363641068 0
1.942595824629758 1.13525009304942 0
1.698739982666834 1.029405389634525 0
2.211769820371877 0.9620697476917737 0
1.216139458028117 1.280926403091464 0
1.041153457388762 0.8998988935161103 0
1.432338616546534 0.843191838416357 0
1.437570456490827 1.393715021775716 0
1.427747990187472 1.373131529048039 0
1.389898185494215 1.84428006852717 0
1.779308375679591 1.048884308697772 0
3.699191500285349 0.5932759096620237 0
1.600349009388821 1.549030424997027 0
1.791014443773373 0.9301836456524817 0
1.482455294329858 1.412613348791645 0
1.842648985219904 1.13716489661218 0
1.43849784694078 0.61766140393935 0
1.880562241391457 1.315965620918152 0
1.87341431887392 0.9779639053428566 0
1.687526764881715 0.8090389076085351 0
1.240124259073718 0.6093283570910593 0
1.259362915290572 0.5930876519355904 0
1.660672999236357 1.395461372218215 0
1.839809226367704 1.021045307477224 0
1.886162567343354 1.060813598748567 0
1.181028924275455 0.7672307675463637 0
1.746185000000007 0.9701946008530076 0
1.080785662685093 0.8233934127211419 0
0.8773769000100486 1.086630791560524 0
1.4949533987584 0.4072446121428108 0
1.344432901832237 0.6242585439165697 0
1.387257499905294 0.6293117212557633 0
1.500182414639955 1.087242544640002 0
1.565284543431691 1.105792413726837 0
1.262903844661421 1.392325223203543 0
1.249625505857624 1.403619180041146 0
1.369595001590079 0.6801402152931902 0
1.144093837834082 1.17477493952501 0
1.399712263183674 1.249931030751102 0
1.494728675672595 1.094779744095374 0
1.549090510737555 1.044395108930737 0
0.9481688343138304 1.234122741798806 0
1.58796199591921 0.9603201487896578 0
1.327394381799608 1.43523831095039 0
1.949963388311314 0.996412142503796 0
1.217494216525238 1.549282330422229 0
1.328232683228731 0.6724999278902837 0
1.728028561018458 1.017368290170608 0
1.622842016081389 0.1418473039402591 0
1.112670482495739 1.14493559436162 0
1.528075827221435 1.136829808049993 0
1.91229602217014 0.9821562852433894 0
1.890592506374181 0.9809311681938194 0
1.166940993804185 0.7068212981953295 0
1.864830602373912 0.9627908924422832 0
1.146709542054107 1.193143098904568 0
1.539411694253259 0.9190341518456562 0
1.485769895883609 0.8976713737296775 0
2.053249374766471 1.173657886675783 0
0.8800422285960101 0.9793463114591237 0
1.328173616714165 1.392171749523706 0
0.9795242228738001 0.1491780222506875 0
1.847674435318161 0.797807057578696 0
0.7223094585176397 0.2909251755248298 0
1.36947797298286 0.7315120443475531 0
1.497407673750379 1.620913717632558 0
1.509209462404753 1.708956110430138 0
1.078445784697913 0.8727345009768428 0
1.006684921403564 0.9524902080387597 0
0.6902675197401813 0.4166265922259929 0
1.272156671887528 1.371497279006912 0
2.650303999772342 1.230487702590008 0
1.744053514700854 1.198508269117433 0
1.554544140872163 0.9618795778663355 0
1.293648641545179 0.5679362897704742 0
0.8121792123439221 1.770613221708531 0
1.795951566796017 0.9113347469778197 0
2.123460778977033 1.073264945323727 0
1.509857495551983 0.869565594517114 0
1.889428409888435 1.412381130460449 0
1.572536193977826 0.8396501245889217 0
1.325846270370719 0.6098444181086919 0
1.831553955116209 0.5097605162215832 0
1.339371745652359 0.622563105571738 0
1.13509801136832 0.8381011608995466 0
1.155503517423676 0.4302635420867633 0
1.323653239842588 0.687014966393858 0
1.514924745338473 1.279374831623336 0
1.792354615422681 1.053447148890624 0
2.01304554694165 0.9836140456338368 0
1.622752351940205 0.8703449110372273 0
1.461025684352403 0.5586260421369095 0
1.868061962768715 1.025978607080406 0
1.459754216855851 1.115309710187427 0
1.530785628400453 1.063045771063777 0
1.069253391934556 1.132073878038705 0
1.735674353535435 1.016165654091213 0
1.885757612998594 1.148116169587264 0
1.443434456113897 0.8563907070910741 0
1.297505276031968 0.5387029631318994 0
1.289071478434042 0.5071565251397087 0
1.052397520443074 1.005384320192065 0
1.995697954092754 1.148475880278145 0
1.552824374885829 0.976222315128485 0
3.556332359819391 0.9999484852014509 0
1.587970526909218 0.7180816476089648 0
1.54386588277054 0.9551272289784423 0
1.08755835324736 0.719490567765517 0
2.069275289625053 1.026352623050713 0
2.695230630744098 0.5347404527695269 0
1.338842593674739 1.477859396130182 0
1.186194211015557 1.27207642490354 0
1.342355874428685 1.299021247014339 0
2.125617617660466 1.216153223042865 0
2.737873509131465 1.705636057811102 0
2.018196933344491 1.066478764484312 0
1.334953511233114 0.6291603889261813 0
1.333281790627048 0.631646593685859 0
1.803840033537937 0.822374461987357 0
1.771980719632678 1.015556032119714 0
1.129483091490731 1.156551162869502 0
2.080556992903464 1.041160150168233 0
0.8903165669310878 1.156664511893217 0
1.528364253109001 1.1231102964057 0
1.341136207036851 1.364355813922283 0
1.548282841174265 0.9614804034321696 0
1.382033213198412 1.410665326902527 0
1.135837723395194 1.211446484033779 0
1.839276862611885 1.052926248506734 0
1.889638696027371 1.040843825548883 0
1.25463954016452 1.354247374516666 0
1.248532657075799 1.362196376693839 0
1.379687772975716 0.6818708289228455 0
1.352054824265439 1.261716904642403 0
1.696052544402897 1.021040897455447 0
1.069771967248755 1.017214608027417 0
0.8928591219615865 0.8877624749332957 0
1.388151692274955 1.463097382035023 0
1.596233840168656 1.031515716002968 0
0.1464101615142637 0.1464101615145942 0
0.146410161513752 1.853589838486248 0
1.408238232271585 1.450111555107995 0
1.852826065517576 0.9161613642512654 0
1.309035295232388 0.6128220121332155 0
1.670559537316151 1.024009115305443 0
1.5447906252496 1.053796508725611 0
1.443949988829605 1.165914775758455 0
1.432562230127551 1.359855646699704 0
1.855073875975821 0.970697481813807 0
1.39413414432547 0.4977308538173522 0
0.5937977705466492 1.093572772319984 0
0.3774703568083366 0.8618864204569971 0
1.335414958016849 0.6426477251300435 0
1.952994145207642 0.8315579656514824 0
2.103227168443442 0.9872363836843854 0
1.372458541160321 1.374640002927429 0
1.27196973326992 1.408056522449007 0
3.85358983848561 1.853589838485692 0
1.55538292751042 1.205313033073108 0
3.853589838485686 0.1464101615140738 0
1.326446413170455 0.6640440042616563 0
1.845974472787615 0.9012925781209757 0
1.70890391455212 0.9371958911580546 0
1.549542793562805 0.9300591381335765 0
1.229368754962052 0.6600538107729264 0
1.40718752257978 1.305373780835423 0
1.416190068152567 0.8042337655108697 0
1.449511151939767 1.47504055297499 0
1.613312299355158 0.8819518638750798 0
1.039552241321122 0.854283589497927 0
1.9004394014745 0.9569865806778364 0
1.85061121310641 1.022883616511834 0
1.340174386425903 1.452377970651164 0
1.456718255198361 1.264117702208478 0
0.5592168032052511 1.718926298136863 0
1.965085952202763 0.9726780890198699 0
1.071853066055187 1.020991087455534 0
1.398989957591875 0.6736537263449411 0
2.334825001227575 0.2981069924216531 0
1.278802551427983 1.725319131150189 0
1.848065610791851 0.7599832789353995 0
1.698740628218863 0.9618854358087801 0
1.546473963092451 1.037432203754076 0
1.41465178288761 1.372352683402299 0
1.550024374479066 0.7974297831977052 0
1.92981917054132 1.16061726797368 0
1.347326031400977 0.5999737417096999 0
1.336129891431016 0.6267278775810361 0
3.686803512826003 0.8533580161195367 0
1.232467929011531 1.418012258213621 0
2.345576561741495 1.725880097473325 0
1.355200214084609 0.6149409857388988 0
1.499488782471826 1.44765201918455 0
1.080070902397008 1.131785261542444 0
1.365256509232345 0.7580144505229143 0
1.834108532624947 0.9670084646402201 0
1.598569700793184 0.8956561488954971 0
1.109578503676977 1.247293778435954 0
1.641128800503585 1.090755149222679 0
1.340992672630023 0.730216131756955 0
1.791477513831943 1.175222319339822 0
1.781188096614708 1.203018782413539 0
1.787627452220115 0.8915095153972932 0
0.4153729782977374 1.3031292834727 0
1.345698832506872 0.6118912326462066 0
1.071079084268203 0.9860681280390667 0
1.378850765532049 0.7335959424594045 0
0.9778979854335679 0.9678666238951149 0
1.174007242479592 1.2409717120195 0
1.034577818346411 1.153284101726457 0
0.8204329609775756 1.151846489327859 0
1.145394877813752 1.569492728971361 0
1.197889632980275 1.602385108048518 0
1.954233656222627 0.8812079825062944 0
1.034037759169695 1.343711911979077 0
1.513871721507784 0.6265689076272948 0
1.562523177965534 0.8236029577292621 0
1.750829501148691 0.9631931828090935 0
1.583035239771128 0.2489183803998058 0
1.316804679709297 0.6024587580681463 0
2.125861867404111 0.8338716696606246 0
1.993391547430603 1.062534604082966 0
1.45445021365497 1.169077295265857 0
1.21351862811116 1.37808996113181 0
1.391057501031635 1.39528423094298 0
1.063888125460953 1.007594724734868 0
3.148781524322801 1.695991766632155 0
1.162093223224967 0.7762341410502169 0
0.7908584153751871 1.064448917263258 0
1.533392502255087 0.7588381385439441 0
1.869823391477938 0.9188435291763156 0
1.428354467756488 1.181949924129836 0
1.230224212354661 1.660257608904129 0
1.523866821434502 0.9071143005650165 0
1.721041594861205 1.35990895526465 0
1.595362892657663 0.9589633700442528 0
1.376827929728339 0.7709160565786934 0
2.015879624964865 0.5263402091523302 0
1.151659114846091 0.7726182221958036 0
1.929709867413501 0.5273547381567136 0
1.561683558688299 0.9707875868241775 0
1.548656287833054 0.6081425280496979 0
1.27617649059995 1.375900122706358 0
1.287640084784118 0.6107299266711862 0
0.9969454315386523 1.035529804228775 0
1.555727148073748 0.3976541944480582 0
1.49226568155897 0.6058747694116001 0
1.59707543130953 0.8242709217698297 0
1.641149628382988 1.120516365835945 0
1.859667025713435 1.022951597942967 0
2.206435474363636 0.6068482582986974 0
1.57819588595955 0.866210411447971 0
1.463402307453768 0.8596105114604842 0
1.48427481294251 1.226634035869479 0
1.704890841676861 0.7867464958409727 0
1.173232501849405 0.7616684817269719 0
1.684562241509713 1.081060703095071 0
1.354898604026612 1.325212316806365 0
1.444057270459221 0.7637300200294681 0
1.322859386041628 0.6765930405527883 0
1.391283965507193 1.210019124545905 0
2.112854316426953 0.2962804176172775 0
1.015132169335419 0.8964919311653897 0
1.363951541874987 1.380837906372661 0
1.302590605752147 1.395190236772812 0
0.3050773981037885 1.693932052402333 0
1.404231682890888 1.519804832525336 0
1.247250996063173 0.5649073011149568 0
1.360552700762836 1.248164057157692 0
1.347144943444808 1.369021293115071 0
1.573108319513559 1.200204908791462 0
1.370545137094137 0.6017012815746479 0
1.11925222356065 0.8544258481809742 0
1.141812924121473 1.185121446683365 0
2.190186201465013 1.151229931392105 0
1.326259447909308 0.6681236073437674 0
1.36118951426091 1.270341655032158 0
1.56525164208337 0.9814666144729772 0
1.210974340937288 0.6973990516495804 0
0.5313277067596126 1.04539784901811 0
1.303726843479867 0.6049925459263845 0
1.140596579161725 1.479524761454379 0
1.602737290274463 0.968102591686935 0
1.05856740328363 1.009599381028779 0
1.657049638503607 0.9197986993591699 0
1.304456676183314 1.482863386866912 0
1.584777902253185 1.05864835895048 0
1.72625467450603 0.720582273901179 0
1.016540198072333 1.096887864691148 0
1.603368983279229 0.6502221105587731 0
2.014784968098223 1.859180709311174 0
1.353141013608214 0.7125772263767669 0
3.498081369663659 0.4356706731276686 0
1.967500708451842 1.207669182707752 0
0.9272868784336614 1.254673388406609 0
1.75306581747179 1.015160729726343 0
1.877569911746195 1.027422472274935 0
1.188719616196788 1.241451035237304 0
3.085800173864288 0.3910430872103854 0
1.815693304080755 1.128810377266922 0
1.961998945225117 1.050586779689611 0
1.572802009324803 1.654877913257994 0
3.693506947503152 0.4526258640996154 0
1.537800626602099 1.100981829524421 0
1.60222650069983 0.9169064735319172 0
1.399507651044871 0.7898096120811338 0
1.214625204969604 0.5689480280571686 0
2.104814797693915 0.7972853053663446 0
3.288851193655467 0.4286632373487046 0
1.383061964990632 1.368624955527768 0
1.540339861300593 0.8955427955540325 0
1.491897552927184 1.08038201826651 0
1.336768241182637 0.7006048368089764 0
1.362759085333384 1.284031964337895 0
1.063363629838241 0.7162381564694633 0
1.090672689197886 1.143855860322269 0
1.545969625078784 0.98414195808113 0
1.475215412248674 0.7074912210872192 0
0.9752944227710298 0.9964823919328678 0
1.469306055647885 1.232192333495889 0
1.830867513530564 1.019205064933943 0
1.440473614843604 1.334238518375846 0
1.36540539161829 0.6936536102876549 0
2.003025932163034 1.366475588223793 0
1.568731467438472 1.037381481014074 0
1.827787155119702 1.046211443213559 0
1.71771315414585 1.181697236494931 0
1.322920147352732 0.5260690077877525 0
1.586995093154675 0.8915924214427433 0
1.436991705188247 0.8635736330867441 0
1.895123172176663 0.2797550767436707 0
1.450777099680315 0.6912679559814354 0
1.207275119718873 0.7075878369283525 0
1.52962781269089 0.8778035585345595 0
1.438396881345622 1.134965158111393 0
1.480555599729491 0.8314044599838473 0
3.285236207956673 1.51353935617501 0
1.14411271734319 0.8078567363142322 0
1.340515744576657 0.617584834876427 0
1.424397472439865 0.8178398475839849 0
1.571433917811739 0.9736015804931305 0
0.9933925923545721 1.024840432952355 0
0.9863189548405227 0.9080005829357045 0
1.702640141692604 1.037829408101292 0
1.401232676368743 1.277037971397404 0
2.13214122860297 1.034779839553453 0
1.144735611202301 1.308465018270055 0
1.481594134504902 1.277171515696697 0
1.740448700300343 0.7530314265051965 0
0.8631221924629431 1.048984592558003 0
1.030057727012071 1.003268525313103 0
0.1129628178495947 1.053960530494995 0
1.504763453216341 0.8604403732403599 0
1.34262611487247 1.776707320954245 0
1.759656199875024 0.9512117642546597 0
1.223601891230816 0.6743502828793734 0
1.01341514269984 0.8391436817963308 0
1.460633264843154 1.409873701429778 0
$EndNodes
$Elements
5 5430 1 5430
1 1 1 20
1 1 339 
2 339 340 
3 340 341 
4 341 342 
5 342 343 
6 343 344 
7 344 345 
8 345 346 
9 346 347 
10 347 348 
11 348 349 
12 349 350 
13 350 351 
14 351 352 
15 352 353 
16 353 354 
17 354 355 
18 355 356 
19 356 357 
20 357 2 
1 2 1 10
21 2 358 
22 358 359 
23 359 360 
24 360 361 
25 361 362 
26 362 363 
27 363 364 
28 364 365 
29 365 366 
30 366 3 
1 3 1 20
31 3 367 
32 367 368 
33 368 369 
34 369 370 
35 370 371 
36 371 372 
37 372 373 
38 373 374 
39 374 375 
40 375 376 
41 376 377 
42 377 378 
43 378 379 
44 379 380 
45 380 381 
46 381 382 
47 382 383 
48 383 384 
49 384 385 
50 385 4 
1 4 1 10
51 4 386 
52 386 387 
53 387 388 
54 388 389 
55 389 390 
56 390 391 
57 391 392 
58 392 393 
59 393 394 
60 394 1 
2 1 2 5370
61 1475 1419 2630 
62 824 820 1780 
63 1859 1802 1901 
64 495 1662 2039 
65 1909 1557 2215 
66 1685 444 1686 
67 1313 1935 2293 
68 1398 1926 2100 
69 144 143 2802 
70 1520 1811 2652 
71 461 1654 1872 
72 1129 1703 1704 
73 1595 1069 1596 
74 1823 1174 2058 
75 1937 511 2224 
76 1099 1039 2881 
77 267 435 2793 
78 1061 2391 2544 
79 1398 1396 1926 
80 1853 1608 2439 
81 1851 1823 2058 
82 1052 1799 2327 
83 1428 1725 1752 
84 1419 1475 2332 
85 115 114 2450 
86 1753 1051 2183 
87 1810 1378 2154 
88 1823 1457 2395 
89 1377 1791 2092 
90 786 776 904 
91 1697 1166 2763 
92 1676 1770 1885 
93 2344 1574 2600 
94 1761 1871 2204 
95 1910 1457 2004 
96 1376 1809 1810 
97 2317 2316 2446 
98 1903 333 1904 
99 1622 936 2635 
100 1528 1253 1954 
101 1012 1573 2393 
102 2404 1239 2478 
103 1104 1109 2792 
104 1585 1588 2159 
105 2093 1406 2616 
106 1210 1601 2798 
107 2129 682 2239 
108 1725 1428 2455 
109 903 1097 1773 
110 439 1727 2314 
111 482 2019 2119 
112 483 313 1743 
113 1829 1280 1946 
114 2088 1411 2415 
115 1856 1322 2373 
116 2540 1431 2622 
117 1693 1244 2274 
118 464 1656 1736 
119 1811 1054 2652 
120 1052 877 1799 
121 396 1781 2118 
122 1641 1142 2579 
123 2244 1621 2576 
124 481 1634 1989 
125 1992 459 2462 
126 1477 1478 1784 
127 1950 1496 2852 
128 1264 1550 1995 
129 1815 550 2226 
130 2030 1072 2487 
131 660 656 1734 
132 1820 1468 2177 
133 1565 1869 2483 
134 1035 1019 1062 
135 1499 1058 2513 
136 1019 1020 2722 
137 1665 1772 1928 
138 1132 1062 1258 
139 1634 481 1990 
140 671 668 673 
141 2161 1137 2212 
142 1583 1585 2026 
143 1966 2038 2261 
144 1265 1820 2177 
145 1730 1441 2476 
146 1391 2017 2126 
147 2086 412 2407 
148 1038 1037 1160 
149 994 2028 2520 
150 74 73 1028 
151 1890 1287 2055 
152 1675 711 2607 
153 27 26 2490 
154 1802 1859 1860 
155 240 239 2123 
156 1917 30 2285 
157 1396 1253 1528 
158 1031 1026 1037 
159 1198 1099 1349 
160 723 684 1812 
161 479 121 1723 
162 1550 1264 2634 
163 1051 1945 2183 
164 667 666 668 
165 1166 1697 1865 
166 1980 1474 2106 
167 1215 1907 1974 
168 1839 882 2257 
169 1896 1604 2677 
170 1927 1347 2748 
171 377 1653 2501 
172 1813 1405 1845 
173 1342 1498 2320 
174 2252 1716 2371 
175 774 776 786 
176 2197 510 2750 
177 1529 133 2282 
178 1833 494 2041 
179 262 2278 2363 
180 1966 1751 2038 
181 680 1706 2687 
182 99 98 495 
183 1253 1459 1954 
184 106 105 2611 
185 1014 1015 1039 
186 1740 2097 2709 
187 1181 1967 2719 
188 1344 1343 2141 
189 1750 1350 1751 
190 1870 412 2086 
191 1102 1766 1931 
192 441 1873 1902 
193 1280 1279 1946 
194 111 110 423 
195 1727 439 1913 
196 2355 2429 2451 
197 2097 1740 2741 
198 1039 1040 1458 
199 1728 2151 2349 
200 436 1635 2010 
201 495 2039 2465 
202 1459 1246 1693 
203 1315 1313 2293 
204 1656 464 2180 
205 436 127 1631 
206 278 277 2208 
207 1595 1596 1602 
208 1039 1015 1040 
209 1778 435 1827 
210 1496 2480 2852 
211 1474 1980 2747 
212 1629 1792 2293 
213 929 936 1622 
214 2792 1257 2831 
215 1761 485 1871 
216 2622 1643 2710 
217 1239 2404 2661 
218 520 1731 2730 
219 642 1494 2766 
220 1354 1352 1356 
221 1058 1166 2513 
222 1378 1790 2154 
223 660 1734 2037 
224 680 681 1706 
225 1129 725 1703 
226 452 269 1594 
227 1471 1876 2138 
228 871 1678 2319 
229 1014 1003 1015 
230 1526 1527 2222 
231 1342 1497 1498 
232 1376 1810 2154 
233 1530 1557 2572 
234 1160 1162 1313 
235 339 340 1857 
236 2391 2111 2544 
237 1477 1784 2612 
238 505 2296 2518 
239 1786 1787 1981 
240 1509 895 2425 
241 1565 1168 1869 
242 1035 1062 1132 
243 1557 1909 2108 
244 1181 1232 1967 
245 436 1631 2582 
246 1053 1069 1595 
247 1168 909 1869 
248 786 904 2870 
249 1132 1258 1381 
250 769 1805 2745 
251 1017 1018 1019 
252 1772 425 1834 
253 1207 1208 1837 
254 502 41 1526 
255 270 269 452 
256 2483 1869 2563 
257 1031 1037 1038 
258 690 693 1931 
259 693 1102 1931 
260 434 278 2208 
261 1876 1471 2507 
262 2080 2344 2600 
263 824 1780 2283 
264 1754 1392 2859 
265 1007 1026 1031 
266 1038 1160 1161 
267 2545 1257 2546 
268 1568 1847 2002 
269 1497 1085 2473 
270 2230 991 2298 
271 800 797 1929 
272 1227 1868 2619 
273 1871 485 2469 
274 671 673 721 
275 1826 2197 2750 
276 479 1723 2531 
277 480 2088 2415 
278 999 1003 1014 
279 1433 131 1921 
280 797 796 1929 
281 472 377 2501 
282 787 790 888 
283 1198 1349 2787 
284 2019 1781 2119 
285 1171 1142 1641 
286 1839 1342 2320 
287 550 552 2226 
288 79 1029 2160 
289 1419 1572 2630 
290 1026 1854 2194 
291 1323 1870 2086 
292 1345 1558 2199 
293 637 1952 2812 
294 430 1833 2460 
295 459 350 2462 
296 1253 1248 1459 
297 2021 628 2258 
298 1071 1058 1499 
299 1050 2196 2646 
300 471 1757 2467 
301 1491 1649 2640 
302 2143 2502 2637 
303 2365 1719 2568 
304 483 1743 2360 
305 1883 646 2755 
306 241 240 2123 
307 1604 1896 2485 
308 1123 1666 1667 
309 422 244 2707 
310 1017 1019 1035 
311 2319 1383 2604 
312 1738 1653 2103 
313 1669 1667 1670 
314 1587 1584 2599 
315 868 903 1773 
316 1517 1518 1887 
317 1047 1698 1699 
318 31 30 1917 
319 108 460 2303 
320 667 668 671 
321 1160 1313 1315 
322 1632 1946 2847 
323 1367 740 2705 
324 855 2106 2411 
325 1287 1286 2055 
326 2216 488 2217 
327 1534 1968 2181 
328 1558 1345 2133 
329 895 1509 2322 
330 13 12 2024 
331 93 92 453 
332 108 107 460 
333 2296 1819 2518 
334 6 5 515 
335 249 248 409 
336 1424 2045 2046 
337 744 1118 1728 
338 10 9 2808 
339 827 809 2547 
340 1492 1289 1890 
341 1759 623 2772 
342 1678 871 1680 
343 1963 503 2476 
344 2129 2239 2556 
345 661 658 1515 
346 1289 1287 1890 
347 665 661 666 
348 1870 1323 2258 
349 524 1949 2807 
350 820 812 1780 
351 2017 1391 2484 
352 1246 1244 1693 
353 1308 2082 2083 
354 962 964 1203 
355 1569 489 2495 
356 495 98 1662 
357 1404 642 2766 
358 460 107 1985 
359 929 933 936 
360 1518 1767 1887 
361 1071 1499 1500 
362 1050 2053 2870 
363 1381 1258 1689 
364 1756 1326 2638 
365 740 1729 2705 
366 15 14 16 
367 413 1851 2058 
368 2061 1043 2552 
369 1394 1392 1754 
370 1092 1619 1690 
371 1024 1025 1598 
372 2278 1576 2363 
373 2143 2370 2502 
374 1556 1227 2619 
375 2141 1343 2746 
376 1937 2224 2574 
377 494 1833 2286 
378 915 1750 2868 
379 1260 1300 1867 
380 1772 1665 2172 
381 1728 1118 1947 
382 1536 1794 2348 
383 1007 1008 1026 
384 425 1772 2172 
385 1803 1370 2174 
386 1805 769 2162 
387 1733 813 2248 
388 629 623 1759 
389 16 14 2433 
390 1040 1043 2061 
391 621 2236 2500 
392 987 1452 2753 
393 2155 1300 2557 
394 905 786 2870 
395 1210 1209 1601 
396 2439 679 2740 
397 1772 1539 1928 
398 1659 2291 2778 
399 471 348 1757 
400 1530 1266 1557 
401 13 2024 2433 
402 1969 768 2120 
403 235 454 1650 
404 1579 1583 1918 
405 1298 1457 1823 
406 1833 1440 2460 
407 1853 2439 2814 
408 1852 497 2081 
409 1104 1105 1109 
410 1902 1873 2823 
411 1683 2565 2707 
412 864 794 1644 
413 1620 1621 2244 
414 1602 1596 1937 
415 1002 1007 1426 
416 1729 1728 2349 
417 1023 1024 1053 
418 855 867 2106 
419 1463 1405 1813 
420 1111 1350 1750 
421 1258 1259 1324 
422 1749 412 1870 
423 1774 519 2307 
424 2082 1308 2397 
425 1087 1085 1497 
426 1770 1676 2566 
427 1026 1027 1854 
428 315 314 1844 
429 1815 1521 2192 
430 853 837 1758 
431 1781 1705 2118 
432 1496 1950 2674 
433 1123 1667 1669 
434 1866 492 1868 
435 867 1658 1980 
436 841 852 1799 
437 1458 1040 2061 
438 1258 1324 2733 
439 1855 1856 2373 
440 792 794 864 
441 1058 1059 1166 
442 1350 1184 1626 
443 1635 436 2582 
444 1639 1212 2670 
445 2005 1317 2311 
446 1207 1837 2394 
447 1338 1798 1851 
448 999 1000 1003 
449 1394 1754 1755 
450 1248 1246 1459 
451 792 1722 2818 
452 1807 1676 1885 
453 1212 1556 2670 
454 522 148 1949 
455 684 698 1812 
456 1702 442 2639 
457 1160 1315 2578 
458 2270 400 2299 
459 802 813 1733 
460 987 989 998 
461 2256 1741 2511 
462 665 666 667 
463 1318 1854 2153 
464 1219 945 2052 
465 1051 1753 2688 
466 1043 1058 1071 
467 1382 1930 2604 
468 1473 1394 1755 
469 95 501 1841 
470 966 970 1017 
471 2089 2161 2212 
472 1209 1595 1600 
473 1722 1191 2524 
474 1089 1087 1342 
475 1787 1786 2756 
476 1553 2179 2231 
477 969 1807 2739 
478 1790 1378 2352 
479 111 423 1732 
480 97 96 428 
481 783 787 1756 
482 809 2287 2547 
483 149 148 522 
484 1790 1791 2154 
485 1859 1278 1860 
486 661 1515 2556 
487 314 483 1844 
488 1040 1042 1043 
489 1072 900 2487 
490 682 2342 2499 
491 2085 1198 2787 
492 1161 1160 2578 
493 1142 1141 1416 
494 570 646 1883 
495 339 1857 2664 
496 1054 1053 1209 
497 1113 1591 1592 
498 962 1203 2748 
499 145 477 1817 
500 442 1702 2054 
501 749 747 2057 
502 1273 1270 2207 
503 1718 1720 2253 
504 520 22 2197 
505 1504 1500 1553 
506 1834 425 2001 
507 1536 1533 1794 
508 2048 456 2330 
509 1459 1693 1942 
510 1953 560 1983 
511 947 680 2687 
512 828 949 1801 
513 1969 1320 2325 
514 1632 696 1946 
515 1847 373 2002 
516 739 731 1141 
517 1803 457 2173 
518 1931 1766 2702 
519 882 1839 2320 
520 1667 1668 1671 
521 1079 915 2868 
522 484 1652 1999 
523 521 108 2303 
524 1094 1516 1517 
525 1411 2088 2115 
526 1328 776 2799 
527 1500 1499 1554 
528 1167 1346 1348 
529 133 132 424 
530 2004 1457 2720 
531 1053 1024 1069 
532 132 131 1433 
533 783 785 787 
534 1083 1078 1516 
535 1368 1723 1914 
536 656 655 1734 
537 1913 439 2464 
538 2041 494 2170 
539 277 276 1672 
540 1592 1593 1647 
541 1396 1528 2813 
542 1302 1303 1686 
543 1342 1087 1497 
544 400 2182 2299 
545 653 650 1907 
546 672 87 1698 
547 496 129 2010 
548 1487 1824 2075 
549 1543 524 2807 
550 280 279 2442 
551 774 775 776 
552 653 1907 2856 
553 1043 1044 1058 
554 1218 945 1219 
555 1516 1078 2549 
556 2471 1431 2540 
557 1085 1083 1094 
558 969 973 1807 
559 1020 1022 1023 
560 1686 444 2564 
561 419 307 1788 
562 1187 1343 1344 
563 543 545 2424 
564 405 89 2863 
565 1529 2282 2631 
566 1968 883 2181 
567 850 857 1651 
568 1223 1120 1787 
569 1687 253 2315 
570 1816 1109 2599 
571 90 405 2608 
572 2502 1633 2637 
573 1801 949 2242 
574 1737 1738 2103 
575 270 452 2143 
576 1214 1211 1220 
577 452 1594 1850 
578 1690 1619 2127 
579 1624 695 1862 
580 834 830 1745 
581 1326 2266 2638 
582 477 1525 2865 
583 2415 1306 2488 
584 677 683 1123 
585 452 1850 2370 
586 1651 857 2834 
587 2318 1715 2371 
588 1715 1718 2371 
589 461 1872 2396 
590 853 1758 2781 
591 1230 721 1941 
592 462 34 2593 
593 1814 1768 1842 
594 1204 962 2748 
595 1505 1504 1727 
596 877 840 1799 
597 1991 415 2618 
598 1371 271 2637 
599 843 1765 2558 
600 479 2623 2854 
601 993 996 999 
602 1501 1500 1504 
603 2173 317 2492 
604 1092 1617 1618 
605 378 490 1653 
606 1893 483 2360 
607 1591 902 2653 
608 1771 1009 2647 
609 1160 1037 1162 
610 973 975 1676 
611 773 762 2067 
612 677 1123 2260 
613 1779 805 2362 
614 1313 1162 1316 
615 247 492 1866 
616 252 251 444 
617 1019 1018 1020 
618 1670 2641 2712 
619 1673 1447 2251 
620 646 647 731 
621 1877 544 2300 
622 812 1779 1780 
623 1640 1171 1641 
624 428 96 1841 
625 345 488 2218 
626 410 1783 1819 
627 1557 1410 2215 
628 1441 504 2476 
629 34 1403 2593 
630 1328 2265 2602 
631 1017 970 1018 
632 1027 1104 1854 
633 560 1953 2122 
634 1094 1083 1516 
635 1256 1969 2120 
636 41 40 1526 
637 1733 2248 2851 
638 1882 411 2200 
639 1498 1497 2280 
640 1041 1039 1099 
641 922 902 1591 
642 1573 1012 2458 
643 2094 345 2218 
644 1935 1314 1955 
645 1742 382 2600 
646 1726 485 1761 
647 677 2260 2474 
648 2013 1668 2677 
649 318 317 2173 
650 2019 1912 2240 
651 1554 1499 1555 
652 2174 1370 2175 
653 1975 1098 2087 
654 129 128 2010 
655 524 522 1949 
656 1588 1701 2125 
657 1566 2002 2715 
658 711 908 2607 
659 669 2237 2312 
660 1023 1022 1024 
661 1350 1626 2669 
662 444 1685 2315 
663 1300 1302 2557 
664 1877 2300 2615 
665 787 788 790 
666 297 296 2273 
667 815 816 817 
668 1599 1905 2277 
669 382 469 2600 
670 1600 1595 1602 
671 435 1778 2307 
672 1737 2103 2826 
673 1741 2256 2754 
674 823 1801 2773 
675 1825 29 2203 
676 424 132 1433 
677 644 642 1404 
678 989 991 1660 
679 814 811 815 
680 78 77 2267 
681 950 843 2558 
682 1513 1969 2325 
683 1343 1839 2746 
684 817 818 1691 
685 135 134 1436 
686 2327 1799 2507 
687 903 915 1079 
688 2028 2427 2520 
689 1215 1974 2503 
690 1379 1377 2092 
691 1672 2415 2488 
692 1209 1053 1595 
693 457 318 2173 
694 813 812 820 
695 1644 2540 2622 
696 773 1886 2148 
697 460 2069 2297 
698 57 414 1746 
699 520 1825 2203 
700 1386 1765 2102 
701 998 989 1660 
702 1817 477 2241 
703 1101 1099 1198 
704 2007 1417 2127 
705 683 723 1666 
706 682 2129 2342 
707 1330 1730 2476 
708 2047 405 2863 
709 35 34 462 
710 1826 1825 2197 
711 1266 1410 1557 
712 124 123 410 
713 654 655 656 
714 1598 1025 1796 
715 1349 1822 2504 
716 444 1456 2564 
717 1723 1368 2531 
718 840 833 841 
719 1548 2180 2193 
720 757 759 774 
721 868 876 903 
722 1731 520 2203 
723 12 11 1674 
724 1897 1230 1941 
725 1573 2344 2393 
726 1875 2603 2877 
727 485 1742 2469 
728 1123 683 1666 
729 821 820 823 
730 757 2345 2515 
731 903 876 915 
732 819 817 822 
733 1832 404 2062 
734 1078 922 1113 
735 807 811 814 
736 1218 1219 1308 
737 840 841 1799 
738 1936 1458 2061 
739 1260 1867 1868 
740 803 805 1779 
741 1002 1006 1007 
742 1592 1591 1593 
743 673 674 675 
744 477 1797 2241 
745 1054 1209 1210 
746 1133 1132 1376 
747 739 1141 1142 
748 1671 1668 2114 
749 1166 1167 2763 
750 1358 1613 1615 
751 1548 1546 2180 
752 1484 1806 2042 
753 1302 1686 2564 
754 1129 1704 1705 
755 1644 1645 1682 
756 345 346 488 
757 479 1997 2623 
758 975 977 1009 
759 642 640 1494 
760 380 485 1726 
761 423 110 1562 
762 2500 2236 2776 
763 841 850 852 
764 29 28 2203 
765 832 833 840 
766 1268 1571 1832 
767 1298 1173 1457 
768 1089 1342 1343 
769 1348 1346 1375 
770 122 121 479 
771 949 843 950 
772 378 379 490 
773 1620 2244 2368 
774 830 831 832 
775 646 731 739 
776 1704 1703 1708 
777 248 247 1866 
778 904 1328 2602 
779 1900 1498 2280 
780 1107 1179 1950 
781 131 130 1921 
782 802 803 812 
783 740 742 1729 
784 1223 1787 2756 
785 71 1577 1609 
786 55 54 1694 
787 121 120 1723 
788 1306 1150 1961 
789 2209 1029 2268 
790 71 70 1577 
791 412 1749 2170 
792 731 732 1690 
793 1755 415 1991 
794 519 1774 2519 
795 1324 1803 1804 
796 1191 1722 2710 
797 956 958 2366 
798 1621 2006 2576 
799 1214 1220 1467 
800 1323 2021 2258 
801 1838 2093 2616 
802 654 653 655 
803 991 993 2298 
804 837 839 1758 
805 1635 1503 1958 
806 2135 1633 2502 
807 821 823 826 
808 1376 1132 2636 
809 832 831 833 
810 918 1605 1959 
811 987 998 1452 
812 769 750 2162 
813 1113 922 1591 
814 1813 1845 2674 
815 1094 1517 1519 
816 380 381 485 
817 1313 1316 1906 
818 2009 1861 2259 
819 58 57 1746 
820 1283 1282 2128 
821 96 95 1841 
822 1117 920 1908 
823 1132 1381 2636 
824 1517 1516 1518 
825 276 275 480 
826 1092 1618 1619 
827 1219 2051 2165 
828 22 21 2197 
829 658 656 660 
830 1166 1059 1167 
831 1654 461 2373 
832 1745 830 2690 
833 732 734 1092 
834 1027 1034 1104 
835 837 826 839 
836 915 1111 1750 
837 1173 1171 1640 
838 734 736 1617 
839 1610 320 2134 
840 1254 1253 1396 
841 1358 1615 1616 
842 2037 1283 2128 
843 1258 1062 1259 
844 1115 1117 1848 
845 813 820 821 
846 1875 625 2603 
847 1023 1053 1054 
848 485 381 1742 
849 1447 1673 2336 
850 652 650 653 
851 868 853 876 
852 1266 1079 1410 
853 446 53 1863 
854 723 1812 2485 
855 1852 2081 2452 
856 1781 396 2119 
857 805 1784 2362 
858 1867 1866 1868 
859 461 392 1855 
860 2475 1643 2622 
861 744 746 1118 
862 1002 1426 2481 
863 1324 1370 1803 
864 2116 1626 2525 
865 1666 723 1896 
866 322 321 420 
867 570 572 646 
868 637 726 1952 
869 127 126 1631 
870 828 829 843 
871 973 1676 1807 
872 1647 1593 1648 
873 1798 1338 2538 
874 1232 1091 1858 
875 21 20 510 
876 695 692 1862 
877 110 109 1562 
878 1858 1278 1859 
879 1815 2192 2418 
880 1270 1344 2207 
881 1903 1904 2100 
882 1111 1184 1350 
883 762 760 2067 
884 1550 1551 1995 
885 343 344 489 
886 742 1728 1729 
887 521 1710 2724 
888 742 744 1728 
889 951 950 952 
890 2253 2252 2371 
891 506 90 2608 
892 666 661 2556 
893 721 673 2716 
894 1026 1008 1027 
895 99 495 2062 
896 1773 1097 2384 
897 1907 1215 2856 
898 1184 1420 1626 
899 953 952 954 
900 1139 1265 1482 
901 726 740 1367 
902 790 791 792 
903 825 822 830 
904 2039 1603 2465 
905 958 1205 2366 
906 1304 1338 1481 
907 1127 1836 2145 
908 658 660 1515 
909 1626 2116 2669 
910 823 824 828 
911 1417 2007 2577 
912 975 1009 2819 
913 457 1803 2174 
914 1589 1934 2426 
915 120 119 451 
916 12 1674 2024 
917 2126 2017 2158 
918 286 285 416 
919 1989 1634 2126 
920 463 1967 2761 
921 798 799 1733 
922 1901 463 2761 
923 1397 1396 1398 
924 902 900 1072 
925 732 1092 1690 
926 1652 484 2484 
927 1013 997 1987 
928 1799 852 2507 
929 2256 714 2754 
930 909 889 1869 
931 736 1355 1358 
932 826 823 2773 
933 802 812 813 
934 1227 1260 1868 
935 140 139 2059 
936 2028 994 2804 
937 2361 2187 2611 
938 1667 1666 1668 
939 1710 521 1711 
940 1209 1600 1601 
941 864 2622 2710 
942 1791 1377 2154 
943 1416 1141 1417 
944 1884 1770 2403 
945 250 249 2836 
946 1825 520 2197 
947 1618 1617 2206 
948 792 793 794 
949 1854 1318 2194 
950 883 869 1773 
951 1932 1889 2243 
952 812 803 1779 
953 1939 422 2670 
954 1037 1026 2194 
955 409 248 1866 
956 1347 1763 2656 
957 799 802 1733 
958 1769 1009 1771 
959 1049 1197 1268 
960 1319 1321 2054 
961 1704 1708 1709 
962 1630 1677 2601 
963 823 828 1801 
964 1745 1236 2869 
965 979 981 983 
966 2164 1785 2249 
967 1503 1831 1958 
968 1732 423 2339 
969 563 565 627 
970 1322 1856 2356 
971 1721 1205 2681 
972 2182 1965 2299 
973 1327 1985 2187 
974 1649 2207 2640 
975 2198 474 2235 
976 1642 2270 2299 
977 617 2097 2741 
978 807 808 811 
979 1617 736 2700 
980 255 254 415 
981 1438 1065 2186 
982 1725 748 2832 
983 1792 1315 2293 
984 1236 1745 2289 
985 652 653 654 
986 550 1815 2418 
987 1562 109 2724 
988 1240 1840 1843 
989 949 950 951 
990 1566 1568 2002 
991 435 266 1827 
992 830 822 831 
993 2179 1553 2609 
994 768 1969 2596 
995 1343 1342 1839 
996 1889 2137 2243 
997 857 859 1552 
998 948 947 1911 
999 1653 490 2103 
1000 333 332 1904 
1001 437 1684 1954 
1002 844 846 875 
1003 1216 2033 2034 
1004 951 952 953 
1005 679 1608 2414 
1006 1904 1905 2100 
1007 2365 956 2366 
1008 924 927 2692 
1009 1364 1833 2041 
1010 852 850 1651 
1011 1187 1089 1343 
1012 1653 1738 2501 
1013 663 2093 2541 
1014 815 817 819 
1015 817 816 818 
1016 403 1786 1981 
1017 1809 1376 2636 
1018 747 772 2057 
1019 1139 1067 1265 
1020 1097 1079 1266 
1021 453 92 2022 
1022 1857 340 2012 
1023 956 957 958 
1024 1649 2195 2207 
1025 725 1075 1703 
1026 303 1414 2417 
1027 655 687 688 
1028 1117 1908 2135 
1029 1310 1308 2083 
1030 1058 1044 1059 
1031 673 668 674 
1032 307 306 1788 
1033 441 353 1873 
1034 828 843 949 
1035 1011 982 1996 
1036 477 144 1525 
1037 1085 1094 2473 
1038 255 415 1754 
1039 999 996 1000 
1040 245 244 422 
1041 794 795 1645 
1042 234 233 1988 
1043 628 1994 2258 
1044 1872 1654 2676 
1045 1453 1268 1603 
1046 1267 1266 1530 
1047 1658 867 2291 
1048 1878 1877 1879 
1049 1578 1582 2546 
1050 1317 2005 2072 
1051 1092 734 1617 
1052 2307 519 2793 
1053 1185 713 2145 
1054 1457 1910 2395 
1055 321 320 1610 
1056 805 807 1784 
1057 1850 1311 2838 
1058 2009 2259 2691 
1059 1752 1725 2832 
1060 1270 1187 1344 
1061 1240 1237 1840 
1062 1382 906 1922 
1063 1580 1578 2546 
1064 984 987 2753 
1065 615 1888 1889 
1066 1504 1553 2797 
1067 1541 1539 1772 
1068 1886 1262 2148 
1069 1531 1530 1542 
1070 1525 144 2802 
1071 920 877 1052 
1072 869 868 1773 
1073 1444 1446 1685 
1074 799 801 802 
1075 1828 2048 2330 
1076 1117 2135 2502 
1077 444 251 1456 
1078 2153 1257 2545 
1079 2365 1124 2810 
1080 1050 1744 2196 
1081 2388 1559 2651 
1082 1093 934 2139 
1083 954 955 1211 
1084 792 864 1722 
1085 54 446 1694 
1086 1897 1941 2729 
1087 688 690 1931 
1088 681 1129 1706 
1089 336 335 1891 
1090 862 840 877 
1091 1749 2041 2170 
1092 1020 1023 1811 
1093 515 5 2372 
1094 2052 945 2679 
1095 731 647 732 
1096 1049 1453 1812 
1097 1378 1810 2529 
1098 2571 2361 2784 
1099 854 853 868 
1100 1232 1858 1859 
1101 1250 1248 1253 
1102 1115 920 1117 
1103 1405 1404 1838 
1104 1272 1270 1273 
1105 92 91 2022 
1106 795 797 798 
1107 2605 2190 2741 
1108 1670 1667 1671 
1109 19 18 2701 
1110 2374 568 2686 
1111 843 844 1765 
1112 1596 1597 1747 
1113 1880 1879 1881 
1114 1202 1201 1739 
1115 2035 1975 2087 
1116 896 877 920 
1117 915 1060 1111 
1118 1515 2129 2556 
1119 2601 1677 2727 
1120 886 884 899 
1121 276 480 1672 
1122 35 462 1764 
1123 871 784 2036 
1124 1669 1670 1892 
1125 202 431 1561 
1126 867 1980 2106 
1127 1839 2257 2746 
1128 843 829 844 
1129 816 811 2033 
1130 349 459 1757 
1131 848 855 893 
1132 451 119 1916 
1133 1789 1788 2383 
1134 646 572 647 
1135 1075 1296 1304 
1136 34 33 1403 
1137 1303 1444 1686 
1138 1029 2267 2268 
1139 2313 543 2424 
1140 1174 1823 2395 
1141 1111 1112 1184 
1142 1944 1387 2169 
1143 1457 1173 1640 
1144 615 598 1888 
1145 686 680 947 
1146 655 688 1734 
1147 2122 2065 2643 
1148 1381 1689 1893 
1149 500 323 1978 
1150 1324 1259 1370 
1151 2439 2740 2766 
1152 2237 1485 2312 
1153 2092 1203 2295 
1154 815 811 816 
1155 306 305 1762 
1156 1889 1888 2055 
1157 1040 1015 1042 
1158 494 153 2170 
1159 1184 1207 1420 
1160 2439 1494 2814 
1161 755 757 2515 
1162 1075 1304 1703 
1163 838 837 853 
1164 1650 454 2305 
1165 1073 1487 2075 
1166 1837 1208 2144 
1167 1657 834 1745 
1168 1244 1242 2843 
1169 1501 1504 1505 
1170 1522 29 1825 
1171 1203 964 2295 
1172 790 792 2818 
1173 59 58 476 
1174 1091 707 1858 
1175 1592 1647 1814 
1176 728 713 1145 
1177 1130 546 1877 
1178 1276 1712 2446 
1179 1821 1204 2382 
1180 1702 1319 2054 
1181 1104 2792 2831 
1182 819 822 825 
1183 1119 1168 1294 
1184 906 897 1922 
1185 2031 2032 2431 
1186 1043 1042 1044 
1187 1535 1533 1536 
1188 825 830 834 
1189 1130 1877 1878 
1190 253 1687 2618 
1191 1107 1178 1179 
1192 1067 953 1820 
1193 2045 1424 2767 
1194 746 748 1725 
1195 1009 977 1480 
1196 592 625 1875 
1197 1707 1705 1781 
1198 1479 2090 2438 
1199 1804 2173 2492 
1200 701 719 1049 
1201 95 94 501 
1202 889 865 910 
1203 787 785 788 
1204 1959 1605 2794 
1205 1834 2001 2845 
1206 1225 1115 1848 
1207 1909 221 2108 
1208 8 7 1917 
1209 879 869 883 
1210 516 387 1736 
1211 112 111 1732 
1212 1603 1268 1832 
1213 828 824 829 
1214 902 1072 2653 
1215 546 544 1877 
1216 706 1122 1862 
1217 499 51 1984 
1218 618 619 680 
1219 1490 1432 1649 
1220 1739 1201 1740 
1221 2066 773 2067 
1222 142 141 1724 
1223 954 1211 1214 
1224 1326 1756 2583 
1225 507 2571 2784 
1226 1212 1227 1556 
1227 2341 2313 2424 
1228 1314 1935 2880 
1229 979 983 2735 
1230 934 1147 2139 
1231 1307 1479 2438 
1232 1920 615 1932 
1233 1798 1298 1823 
1234 454 234 1988 
1235 1678 1383 2319 
1236 698 701 1812 
1237 1167 1348 2763 
1238 1211 1212 1639 
1239 1238 1237 1240 
1240 1570 112 1732 
1241 688 689 690 
1242 836 826 837 
1243 1294 1168 1564 
1244 1528 1684 1891 
1245 657 656 658 
1246 1889 2055 2860 
1247 1590 1587 2599 
1248 1995 1551 2147 
1249 1009 1480 2647 
1250 884 883 1968 
1251 1751 1350 2038 
1252 1482 1265 1852 
1253 130 496 1921 
1254 51 50 1984 
1255 503 1330 2476 
1256 1242 1240 2732 
1257 1515 2128 2129 
1258 1691 818 1692 
1259 681 725 1129 
1260 1405 1838 2616 
1261 1113 1592 1842 
1262 1145 1196 2412 
1263 371 442 1919 
1264 2244 2245 2368 
1265 1878 1879 1880 
1266 1145 1185 1196 
1267 696 695 729 
1268 1358 1355 1613 
1269 1039 1458 2881 
1270 2565 422 2707 
1271 1049 1268 1453 
1272 1778 1827 1828 
1273 341 342 466 
1274 888 790 2818 
1275 936 937 2810 
1276 1147 1876 2139 
1277 1237 1199 2867 
1278 1631 1962 2582 
1279 693 692 695 
1280 602 1920 1976 
1281 1770 1884 1885 
1282 655 653 687 
1283 865 834 1657 
1284 805 806 807 
1285 852 1876 2507 
1286 53 52 1863 
1287 937 956 2810 
1288 382 383 469 
1289 260 259 1785 
1290 1357 1356 1363 
1291 802 801 803 
1292 1119 909 1168 
1293 30 29 1522 
1294 562 559 2122 
1295 2053 905 2870 
1296 823 820 824 
1297 920 1052 1908 
1298 1696 446 1863 
1299 374 375 465 
1300 1071 1500 1501 
1301 2370 1850 2838 
1302 2163 1467 2305 
1303 693 695 696 
1304 1408 2059 2447 
1305 2253 1720 2789 
1306 622 2276 2693 
1307 1199 1198 2867 
1308 1220 1211 1639 
1309 688 687 689 
1310 460 2297 2303 
1311 232 231 2081 
1312 2291 1169 2778 
1313 379 1726 2534 
1314 1304 1296 1338 
1315 784 895 2036 
1316 852 1651 1876 
1317 916 416 2109 
1318 1816 2546 2792 
1319 1177 1366 1998 
1320 200 199 1114 
1321 777 780 2799 
1322 59 476 1627 
1323 323 322 1978 
1324 841 842 850 
1325 376 377 472 
1326 1767 1518 2654 
1327 686 947 948 
1328 1753 1964 2688 
1329 1660 991 2230 
1330 2051 1219 2052 
1331 434 2208 2211 
1332 2071 2376 2434 
1333 1201 629 1759 
1334 1068 1067 1139 
1335 1007 1006 1008 
1336 1926 1396 2813 
1337 1712 1715 2317 
1338 1873 1874 2823 
1339 1216 816 2033 
1340 618 680 686 
1341 249 1808 2836 
1342 416 285 2109 
1343 1820 953 2811 
1344 347 348 471 
1345 1539 1537 1928 
1346 476 58 1746 
1347 1452 998 2023 
1348 1624 1862 2731 
1349 299 298 2043 
1350 889 910 1869 
1351 1707 2019 2240 
1352 709 629 1201 
1353 1519 1517 2292 
1354 1078 1113 2549 
1355 650 648 1907 
1356 623 1130 2772 
1357 1316 1409 2005 
1358 497 232 2081 
1359 1626 1420 2525 
1360 729 1625 1829 
1361 113 112 1570 
1362 98 97 1662 
1363 896 920 1115 
1364 1552 1849 2680 
1365 1211 955 1212 
1366 944 905 945 
1367 1588 1589 2426 
1368 731 1690 2695 
1369 1268 1197 1571 
1370 1380 1732 2339 
1371 1014 1039 1041 
1372 74 1028 2668 
1373 814 815 2040 
1374 2050 1408 2447 
1375 420 321 1610 
1376 146 145 1817 
1377 1867 1300 2155 
1378 1122 1091 1181 
1379 984 986 987 
1380 1886 773 2066 
1381 346 2445 2573 
1382 1855 518 1856 
1383 2376 1140 2434 
1384 850 851 857 
1385 552 554 618 
1386 1337 2489 2661 
1387 844 875 1765 
1388 337 336 1684 
1389 122 479 2854 
1390 319 318 457 
1391 2222 1527 2346 
1392 128 127 436 
1393 2629 1418 2713 
1394 1645 795 2726 
1395 188 187 2015 
1396 349 350 459 
1397 604 602 1976 
1398 391 392 461 
1399 14 13 2433 
1400 1385 1427 2101 
1401 490 379 2534 
1402 388 389 464 
1403 1616 1615 1965 
1404 1845 1405 2616 
1405 512 2123 2124 
1406 1175 948 1176 
1407 1732 1380 2719 
1408 954 952 955 
1409 388 464 1736 
1410 391 461 2396 
1411 1922 897 2547 
1412 913 909 1119 
1413 2456 1504 2797 
1414 1596 1069 1597 
1415 1507 1505 1913 
1416 119 118 1916 
1417 817 1691 2846 
1418 1734 688 1931 
1419 907 2387 2764 
1420 1522 1825 1826 
1421 1182 1181 1380 
1422 890 889 909 
1423 748 769 2832 
1424 502 1526 2222 
1425 736 1358 2700 
1426 1102 696 1632 
1427 1800 1834 2845 
1428 1383 1382 2604 
1429 886 899 900 
1430 2002 465 2715 
1431 644 1404 1405 
1432 866 865 889 
1433 1785 259 2249 
1434 1049 719 1197 
1435 1139 1483 1837 
1436 141 1408 1724 
1437 728 1145 1229 
1438 1970 614 1972 
1439 1221 911 2775 
1440 1836 1185 2145 
1441 31 1917 1963 
1442 2190 617 2741 
1443 1141 731 2695 
1444 1118 746 1725 
1445 1426 1031 1544 
1446 690 692 693 
1447 690 691 692 
1448 1066 953 1067 
1449 864 1644 2622 
1450 798 797 799 
1451 1905 1599 2381 
1452 803 804 805 
1453 245 422 1939 
1454 862 877 896 
1455 148 147 1949 
1456 1177 1176 1364 
1457 179 178 1621 
1458 1339 2067 2351 
1459 659 658 661 
1460 1444 1685 1686 
1461 2006 2007 2576 
1462 1359 1965 2182 
1463 213 212 1665 
1464 2025 1918 2805 
1465 1344 2141 2640 
1466 8 2285 2626 
1467 1802 115 2450 
1468 998 1660 2404 
1469 1473 1755 2336 
1470 1541 1772 1834 
1471 2057 1221 2775 
1472 958 962 2714 
1473 1833 430 2286 
1474 1453 1603 1604 
1475 565 568 2374 
1476 1920 1932 2238 
1477 846 848 2301 
1478 835 834 865 
1479 1025 1884 2403 
1480 198 197 395 
1481 983 981 984 
1482 2156 2332 2754 
1483 1778 1828 2483 
1484 247 246 492 
1485 1121 1013 1987 
1486 410 1819 2296 
1487 729 1624 1625 
1488 517 1989 2126 
1489 107 106 1985 
1490 904 776 1328 
1491 2110 1478 2437 
1492 1143 1142 1171 
1493 1606 924 2692 
1494 1952 1367 1953 
1495 269 268 2658 
1496 1175 1176 1177 
1497 511 1937 2225 
1498 680 619 681 
1499 726 1367 1952 
1500 493 2008 2413 
1501 701 1049 1812 
1502 774 759 775 
1503 1535 1536 1537 
1504 1308 1219 2397 
1505 1009 1769 2566 
1506 1705 1704 2118 
1507 1380 1181 2719 
1508 1120 1119 1787 
1509 1876 1147 2138 
1510 1122 1181 1182 
1511 1797 477 2865 
1512 1062 1019 2150 
1513 2526 1191 2710 
1514 924 925 927 
1515 1765 1386 2558 
1516 1364 1440 1833 
1517 251 250 2836 
1518 1672 480 2415 
1519 964 966 2295 
1520 1311 1225 2838 
1521 341 466 2012 
1522 822 817 2846 
1523 832 840 862 
1524 2065 567 2643 
1525 249 409 1808 
1526 1965 1359 2205 
1527 1553 1500 1554 
1528 1902 1264 1995 
1529 1222 1120 1223 
1530 2557 1456 2836 
1531 903 1079 1097 
1532 855 856 867 
1533 2212 1137 2422 
1534 1747 2620 2718 
1535 379 380 1726 
1536 417 2358 2689 
1537 460 1985 2837 
1538 977 979 1480 
1539 1544 1038 1558 
1540 2024 1674 2701 
1541 1175 1177 1998 
1542 848 849 855 
1543 861 924 2717 
1544 883 1773 2181 
1545 488 2216 2218 
1546 1348 1375 2780 
1547 469 383 1806 
1548 787 888 1756 
1549 356 1387 1943 
1550 953 954 2811 
1551 264 263 456 
1552 568 570 1883 
1553 1980 1224 2747 
1554 2110 2437 2683 
1555 706 1091 1122 
1556 1787 1294 1981 
1557 1819 1783 2777 
1558 207 206 402 
1559 377 378 1653 
1560 145 144 477 
1561 1426 1544 1748 
1562 846 2301 2575 
1563 674 668 2239 
1564 1485 664 2312 
1565 2387 2607 2764 
1566 1644 794 1645 
1567 352 353 441 
1568 1898 1943 1944 
1569 690 689 691 
1570 1416 1417 2008 
1571 706 707 1091 
1572 2093 1838 2771 
1573 844 845 846 
1574 945 905 2679 
1575 1294 1564 1576 
1576 2501 1738 2522 
1577 1832 1571 2685 
1578 1420 2016 2525 
1579 1680 871 2036 
1580 1852 1265 2177 
1581 28 27 1731 
1582 1531 1542 1794 
1583 936 933 937 
1584 266 265 1827 
1585 1795 1604 2039 
1586 1659 1658 2291 
1587 618 554 619 
1588 1202 1739 1741 
1589 2544 2111 2779 
1590 1267 1530 1531 
1591 879 883 884 
1592 1896 723 2485 
1593 255 1754 2859 
1594 1944 2169 2827 
1595 482 157 1951 
1596 2128 1282 2129 
1597 2198 2235 2649 
1598 147 432 1949 
1599 1097 1266 1267 
1600 1648 1782 1800 
1601 1468 1467 2163 
1602 442 372 1847 
1603 1036 1277 2272 
1604 1487 1327 2187 
1605 846 847 848 
1606 1483 1482 1882 
1607 464 389 2193 
1608 237 473 2189 
1609 899 884 1968 
1610 1834 1800 2029 
1611 1619 2244 2576 
1612 1487 2187 2361 
1613 1297 1173 1298 
1614 1684 1528 1954 
1615 2497 1776 2563 
1616 662 661 665 
1617 692 694 1862 
1618 893 855 2411 
1619 1172 1171 1173 
1620 125 124 2296 
1621 616 1890 2055 
1622 1723 451 1914 
1623 696 729 1946 
1624 2163 1988 2663 
1625 993 999 2298 
1626 956 2365 2810 
1627 1554 1555 2201 
1628 153 152 2170 
1629 777 779 780 
1630 616 1875 1890 
1631 1668 1896 2677 
1632 1299 1298 1798 
1633 116 115 1802 
1634 1816 1580 2546 
1635 854 868 869 
1636 1943 1387 1944 
1637 52 499 1863 
1638 1964 1753 2581 
1639 1579 1581 1583 
1640 516 1736 2281 
1641 189 738 1351 
1642 282 281 2235 
1643 1020 1021 1022 
1644 1972 614 1973 
1645 1647 1648 2696 
1646 1710 1562 2724 
1647 1748 1544 2839 
1648 757 774 2345 
1649 958 959 962 
1650 1862 1122 2731 
1651 1715 1717 1718 
1652 1241 1240 1242 
1653 202 201 431 
1654 2429 561 2451 
1655 221 220 2108 
1656 780 782 783 
1657 694 706 1862 
1658 2404 1660 2661 
1659 1751 1966 2659 
1660 1777 1778 2483 
1661 1205 1721 2366 
1662 915 876 1060 
1663 441 1902 1995 
1664 2211 2208 2488 
1665 1804 1803 2173 
1666 320 319 2134 
1667 1921 496 1957 
1668 9 8 2626 
1669 698 700 701 
1670 935 918 1959 
1671 966 1017 2379 
1672 1676 975 2819 
1673 47 46 475 
1674 261 260 403 
1675 2116 486 2669 
1676 794 793 795 
1677 709 1201 1202 
1678 1780 1779 2110 
1679 1783 1284 2777 
1680 1798 1823 1851 
1681 600 615 1920 
1682 264 456 2048 
1683 128 436 2010 
1684 209 487 2001 
1685 1494 640 2814 
1686 1260 1261 1300 
1687 1736 1656 2281 
1688 598 596 1888 
1689 891 1256 2120 
1690 302 960 1414 
1691 1413 1136 1996 
1692 1843 1441 2477 
1693 1932 1200 2238 
1694 1354 1356 1357 
1695 627 2601 2727 
1696 1438 2186 2594 
1697 1670 1671 2641 
1698 910 865 1657 
1699 694 705 706 
1700 1596 1747 2840 
1701 1265 1067 1820 
1702 1974 1907 2842 
1703 1139 1482 1483 
1704 1329 2260 2555 
1705 1444 1445 1446 
1706 348 349 1757 
1707 623 546 1130 
1708 335 438 1891 
1709 123 122 2854 
1710 1908 1374 2135 
1711 1217 945 1218 
1712 711 1675 2457 
1713 1924 1416 2543 
1714 2492 408 2493 
1715 1177 1364 1365 
1716 1941 721 2716 
1717 1264 1262 1886 
1718 738 188 2015 
1719 584 582 1964 
1720 2401 2629 2713 
1721 20 19 2101 
1722 1306 1961 2488 
1723 1718 2253 2371 
1724 1527 2107 2346 
1725 1288 1454 1819 
1726 1300 1301 1302 
1727 673 675 2269 
1728 1901 1802 2450 
1729 606 614 1970 
1730 1007 1031 1426 
1731 1985 1327 2837 
1732 1665 212 2172 
1733 1911 947 2240 
1734 1227 1228 1260 
1735 1668 2013 2114 
1736 1111 1060 1112 
1737 1364 1176 1440 
1738 1368 1234 1997 
1739 1136 1011 1996 
1740 1873 478 1874 
1741 393 518 1855 
1742 1623 123 2854 
1743 371 372 442 
1744 924 1606 2717 
1745 861 914 924 
1746 615 1889 1932 
1747 489 344 2094 
1748 1916 118 2074 
1749 1149 1959 1960 
1750 1842 1518 2549 
1751 1119 1294 1787 
1752 1035 1132 1133 
1753 675 676 677 
1754 1184 1112 1207 
1755 838 853 854 
1756 1432 1490 2440 
1757 228 443 1688 
1758 354 478 1873 
1759 713 579 2145 
1760 1069 1024 1598 
1761 1031 1038 1544 
1762 1252 2553 2874 
1763 692 691 694 
1764 792 791 793 
1765 559 560 2122 
1766 2175 1370 2652 
1767 97 428 1662 
1768 1994 628 2176 
1769 1222 1223 1224 
1770 594 592 1875 
1771 32 1963 2476 
1772 1382 1922 1929 
1773 1600 1602 2334 
1774 807 814 1784 
1775 1299 2538 2601 
1776 1203 1927 2748 
1777 626 584 1964 
1778 1145 713 1185 
1779 1919 442 2054 
1780 381 382 1742 
1781 1382 1929 1930 
1782 596 616 1888 
1783 1942 437 1954 
1784 1913 2464 2592 
1785 1181 1091 1232 
1786 210 209 2001 
1787 133 424 2282 
1788 1706 1705 1707 
1789 1109 1816 2792 
1790 790 788 791 
1791 1812 1453 2485 
1792 1765 875 2102 
1793 616 594 1875 
1794 728 1229 1945 
1795 683 684 723 
1796 1929 796 1930 
1797 403 260 1785 
1798 987 988 989 
1799 33 32 504 
1800 1507 1913 2592 
1801 1502 1503 1635 
1802 305 426 1762 
1803 964 965 966 
1804 235 234 454 
1805 1324 1804 2493 
1806 2276 2168 2693 
1807 776 775 777 
1808 1740 1759 1760 
1809 1116 1115 1225 
1810 1015 1003 2220 
1811 1110 948 1175 
1812 91 506 2022 
1813 46 45 1895 
1814 1987 997 2494 
1815 1914 451 1915 
1816 776 777 2799 
1817 729 695 1624 
1818 1212 1213 1227 
1819 540 550 2418 
1820 263 262 2363 
1821 93 453 2079 
1822 614 604 1976 
1823 1149 935 1959 
1824 1953 2065 2122 
1825 442 1847 2639 
1826 966 967 970 
1827 1333 1993 2328 
1828 1824 1197 2075 
1829 795 798 2726 
1830 707 715 1858 
1831 913 1119 1120 
1832 1533 1531 1794 
1833 1505 1727 1913 
1834 1038 1161 1558 
1835 1694 446 1695 
1836 1971 1970 1975 
1837 103 102 507 
1838 734 735 736 
1839 973 974 975 
1840 701 702 719 
1841 1942 1693 2769 
1842 1401 1365 1749 
1843 552 618 2226 
1844 706 705 707 
1845 2134 457 2174 
1846 440 2361 2611 
1847 1197 719 2075 
1848 1842 1768 2654 
1849 1368 1914 2408 
1850 1518 1842 2654 
1851 1926 1903 2100 
1852 1312 1311 1774 
1853 962 963 964 
1854 1604 1795 2677 
1855 392 393 1855 
1856 1226 1225 1311 
1857 1446 1447 1991 
1858 461 1855 2373 
1859 710 579 713 
1860 1157 1234 1368 
1861 411 1882 2452 
1862 890 909 913 
1863 1401 1749 1870 
1864 1758 839 2157 
1865 1806 1484 2699 
1866 50 421 1984 
1867 355 356 1943 
1868 528 526 2064 
1869 174 173 1923 
1870 596 594 616 
1871 1777 2483 2563 
1872 1768 1814 2821 
1873 600 598 615 
1874 481 370 1919 
1875 1118 1725 2455 
1876 52 51 499 
1877 866 889 890 
1878 704 691 2076 
1879 1763 1347 2383 
1880 1456 251 2836 
1881 927 928 2791 
1882 1927 1789 2383 
1883 821 826 836 
1884 1647 2696 2774 
1885 1303 1443 1444 
1886 1255 1329 2555 
1887 60 59 1627 
1888 1439 2003 2713 
1889 693 696 1102 
1890 1561 431 1767 
1891 176 175 2413 
1892 1793 1792 2171 
1893 1337 2230 2298 
1894 1973 1976 2238 
1895 654 656 657 
1896 54 53 446 
1897 1455 1502 1962 
1898 1481 1956 2308 
1899 484 2017 2484 
1900 2547 1925 2759 
1901 2560 2559 2681 
1902 601 600 602 
1903 836 837 838 
1904 841 833 842 
1905 2101 1427 2750 
1906 374 465 2002 
1907 1604 1603 2039 
1908 1841 501 2114 
1909 786 905 944 
1910 454 2163 2305 
1911 1508 1606 2692 
1912 1828 2330 2483 
1913 1395 2164 2249 
1914 1655 1121 1987 
1915 475 46 1895 
1916 2217 488 2743 
1917 1256 1320 1969 
1918 1280 1829 2816 
1919 1687 1991 2618 
1920 1662 428 1795 
1921 772 2056 2057 
1922 1509 1511 2322 
1923 1256 1319 1320 
1924 2191 343 2586 
1925 322 420 1978 
1926 577 575 1127 
1927 732 733 734 
1928 599 598 600 
1929 488 346 2573 
1930 1681 2060 2432 
1931 2056 1638 2466 
1932 256 255 2859 
1933 50 49 421 
1934 1068 1139 1837 
1935 1288 1289 1454 
1936 1412 1136 1413 
1937 1222 1224 1980 
1938 715 717 1278 
1939 682 674 2239 
1940 353 354 1873 
1941 1547 1549 2028 
1942 1824 1487 2361 
1943 668 666 2239 
1944 807 806 808 
1945 1619 1618 2244 
1946 1832 2062 2465 
1947 344 345 2094 
1948 1784 1478 2362 
1949 1621 178 2006 
1950 1577 1578 2768 
1951 835 865 866 
1952 675 677 2474 
1953 1777 1775 1778 
1954 2332 1741 2754 
1955 1088 1087 1089 
1956 431 201 2068 
1957 39 38 2530 
1958 1564 1168 1565 
1959 1685 1446 1687 
1960 759 758 2212 
1961 715 1278 1858 
1962 384 385 2042 
1963 577 1127 2145 
1964 1316 1318 1409 
1965 1196 1797 2232 
1966 578 577 579 
1967 2740 2112 2766 
1968 1692 2152 2532 
1969 369 481 1989 
1970 783 1756 2638 
1971 1654 1121 1655 
1972 592 590 625 
1973 1354 1432 2440 
1974 1455 1493 1502 
1975 157 156 1951 
1976 736 737 1355 
1977 1657 1745 2869 
1978 424 1433 1434 
1979 1124 2365 2568 
1980 2035 704 2076 
1981 1082 1078 1083 
1982 1429 1310 2084 
1983 343 489 2586 
1984 1685 1687 2315 
1985 1152 1150 1306 
1986 1435 1921 1957 
1987 1612 2174 2175 
1988 1489 1435 1957 
1989 1190 2388 2651 
1990 1243 1242 1244 
1991 677 678 683 
1992 1712 1713 1715 
1993 1996 2386 2444 
1994 1429 1947 2455 
1995 1220 1639 2328 
1996 606 604 614 
1997 602 600 1920 
1998 575 528 2064 
1999 172 171 2184 
2000 1041 1099 1101 
2001 1827 265 2048 
2002 710 713 728 
2003 1537 1536 2335 
2004 746 747 748 
2005 1167 1345 1346 
2006 2351 2067 2421 
2007 1377 1376 2154 
2008 372 373 1847 
2009 217 407 2247 
2010 47 475 2231 
2011 2014 1915 2691 
2012 1320 2020 2325 
2013 691 689 2076 
2014 2123 239 2124 
2015 951 953 1066 
2016 1996 982 2386 
2017 198 395 1938 
2018 1126 906 1382 
2019 277 1672 2208 
2020 599 600 601 
2021 1964 582 2188 
2022 497 1852 2663 
2023 1251 2459 2647 
2024 1583 1584 1585 
2025 1502 1635 2582 
2026 597 596 598 
2027 1081 1155 2014 
2028 1836 1127 2567 
2029 443 227 2116 
2030 1881 2721 2853 
2031 1108 1486 2392 
2032 748 750 769 
2033 1876 1651 2139 
2034 810 861 2034 
2035 1421 2214 2461 
2036 387 388 1736 
2037 370 371 1919 
2038 1250 1253 1254 
2039 1101 1198 1199 
2040 1285 1287 1288 
2041 1277 1569 2495 
2042 56 55 2132 
2043 962 1204 2714 
2044 501 94 2079 
2045 1556 1939 2670 
2046 707 708 715 
2047 1073 1327 1487 
2048 1947 1429 2678 
2049 455 257 1392 
2050 1365 1364 2041 
2051 1366 1365 1401 
2052 1084 1083 1085 
2053 651 650 652 
2054 918 916 1605 
2055 1133 1376 1377 
2056 1971 1975 2035 
2057 1808 2557 2836 
2058 1696 1863 1864 
2059 805 804 806 
2060 419 1788 1789 
2061 1558 1161 2199 
2062 729 1829 1946 
2063 1970 1972 1975 
2064 480 275 2453 
2065 798 1733 2597 
2066 891 1070 1256 
2067 1757 459 2333 
2068 2689 2358 2880 
2069 1467 1220 2849 
2070 1234 1235 1284 
2071 1973 2238 2378 
2072 1707 1781 2019 
2073 1746 414 1846 
2074 117 116 406 
2075 612 606 1970 
2076 2221 2341 2424 
2077 1032 1987 2494 
2078 238 237 2189 
2079 744 745 746 
2080 715 716 717 
2081 597 598 599 
2082 1066 1067 1068 
2083 1805 2162 2515 
2084 1515 660 2128 
2085 1080 1081 2014 
2086 463 1901 2450 
2087 120 451 1723 
2088 326 325 449 
2089 1148 935 1149 
2090 717 718 1080 
2091 1332 512 2124 
2092 1640 1641 2521 
2093 2032 1700 2431 
2094 952 950 2309 
2095 1601 1600 2290 
2096 663 1406 2093 
2097 489 2392 2495 
2098 102 101 2095 
2099 268 267 519 
2100 588 2000 2858 
2101 1105 1107 2625 
2102 1628 476 2063 
2103 1077 922 1078 
2104 1264 1886 2634 
2105 427 1372 1373 
2106 1000 1001 1002 
2107 1409 2153 2545 
2108 825 834 835 
2109 855 849 856 
2110 1155 1156 1157 
2111 354 355 478 
2112 55 1694 2132 
2113 2161 2089 2596 
2114 505 125 2296 
2115 227 226 2116 
2116 1851 413 2275 
2117 969 972 973 
2118 1520 1259 2150 
2119 999 1014 2517 
2120 694 704 705 
2121 1727 1895 2314 
2122 1440 1911 1912 
2123 1673 1473 2336 
2124 458 362 1999 
2125 570 571 572 
2126 406 1861 2074 
2127 1846 1375 2063 
2128 1543 1818 2760 
2129 1818 1543 2807 
2130 1973 614 1976 
2131 1806 384 2042 
2132 369 370 481 
2133 2393 1996 2444 
2134 1722 864 2710 
2135 1998 2436 2809 
2136 228 227 443 
2137 1454 1455 1962 
2138 244 243 2707 
2139 563 564 565 
2140 565 566 568 
2141 1502 1493 1503 
2142 1234 1284 1997 
2143 1801 2242 2428 
2144 1216 2034 2539 
2145 1457 1640 2720 
2146 258 257 455 
2147 1157 1158 1234 
2148 1150 1149 1961 
2149 2131 1420 2394 
2150 774 786 2528 
2151 1644 1682 2540 
2152 1325 1983 2779 
2153 740 741 742 
2154 205 204 491 
2155 1081 1154 1155 
2156 1856 518 1857 
2157 2016 1420 2131 
2158 742 743 744 
2159 1086 1085 1087 
2160 117 406 2074 
2161 2590 1128 2826 
2162 342 343 2191 
2163 1281 2324 2594 
2164 1374 1908 2782 
2165 1683 1333 2328 
2166 18 17 2024 
2167 2009 1916 2074 
2168 1519 2292 2435 
2169 2388 1190 2389 
2170 1176 948 1911 
2171 169 168 1910 
2172 689 687 1215 
2173 476 1746 2063 
2174 1492 1890 2877 
2175 2436 574 2809 
2176 432 146 1817 
2177 989 990 991 
2178 1688 443 2016 
2179 1179 1813 2674 
2180 1129 1705 1706 
2181 498 360 2003 
2182 1646 2071 2375 
2183 1179 1180 1813 
2184 1636 1637 1638 
2185 465 375 2060 
2186 848 847 849 
2187 237 236 473 
2188 1784 814 2612 
2189 189 188 738 
2190 2295 966 2379 
2191 1000 1002 2481 
2192 340 341 2012 
2193 428 1841 2013 
2194 1349 2504 2787 
2195 752 754 755 
2196 220 219 470 
2197 726 727 740 
2198 1819 1454 2518 
2199 1608 679 2439 
2200 1878 1880 1977 
2201 649 648 650 
2202 2324 2588 2594 
2203 233 232 497 
2204 1778 1775 2307 
2205 1605 916 2109 
2206 231 230 411 
2207 921 902 922 
2208 586 584 626 
2209 1861 2009 2074 
2210 393 394 518 
2211 504 32 2476 
2212 1774 1311 2801 
2213 1254 1396 1397 
2214 423 1562 1563 
2215 236 235 1650 
2216 406 116 1802 
2217 830 832 2690 
2218 568 569 570 
2219 316 315 408 
2220 1075 1295 1296 
2221 1481 1338 2275 
2222 526 1543 2064 
2223 2143 452 2370 
2224 1182 1380 2377 
2225 844 829 845 
2226 660 2037 2128 
2227 2139 1651 2409 
2228 375 376 2060 
2229 1263 1262 1264 
2230 517 368 1989 
2231 1482 1852 2452 
2232 386 387 516 
2233 928 929 2791 
2234 201 200 2068 
2235 2442 434 2443 
2236 324 323 500 
2237 1278 717 2259 
2238 1828 1827 2048 
2239 206 205 2073 
2240 1712 2317 2446 
2241 1888 616 2055 
2242 527 526 528 
2243 901 900 902 
2244 1196 1185 1797 
2245 484 364 2017 
2246 1776 1777 2563 
2247 1142 1416 2579 
2248 1793 1161 2578 
2249 18 2024 2701 
2250 1294 1576 1981 
2251 576 575 577 
2252 368 369 1989 
2253 975 976 977 
2254 991 992 993 
2255 1284 1783 2623 
2256 983 984 2753 
2257 478 355 1943 
2258 361 458 2003 
2259 2036 2322 2505 
2260 2069 460 2837 
2261 346 347 2445 
2262 1740 1201 1759 
2263 525 526 527 
2264 897 827 2547 
2265 383 384 1806 
2266 363 484 1999 
2267 361 362 458 
2268 1259 1062 2150 
2269 720 1064 1073 
2270 561 562 563 
2271 160 159 396 
2272 725 1074 1075 
2273 5 338 1661 
2274 1454 1289 1455 
2275 1177 1365 1366 
2276 1627 476 1628 
2277 1107 1950 2625 
2278 432 1817 1818 
2279 686 948 1110 
2280 701 700 702 
2281 1357 1363 2051 
2282 1731 27 2490 
2283 226 225 486 
2284 1754 415 1755 
2285 2324 1281 2357 
2286 466 2359 2588 
2287 783 784 785 
2288 1538 1537 1539 
2289 715 708 716 
2290 739 1142 1143 
2291 1848 1117 2502 
2292 1808 409 2155 
2293 640 636 2121 
2294 846 845 847 
2295 850 842 851 
2296 1366 1401 1994 
2297 246 245 1939 
2298 580 579 710 
2299 1402 1805 2515 
2300 325 324 2149 
2301 223 222 397 
2302 1540 1539 1541 
2303 364 365 2017 
2304 1214 1467 1468 
2305 1642 1353 2015 
2306 717 716 718 
2307 2213 2501 2522 
2308 222 221 1909 
2309 1104 1034 1105 
2310 1288 1287 1289 
2311 363 364 484 
2312 1080 718 1081 
2313 433 2225 2718 
2314 2071 1646 2376 
2315 265 264 2048 
2316 1671 2114 2642 
2317 158 157 482 
2318 1484 2042 2790 
2319 211 210 425 
2320 595 594 596 
2321 362 363 1999 
2322 628 532 2176 
2323 1284 1235 1285 
2324 803 801 804 
2325 1183 1280 2069 
2326 1874 478 1898 
2327 1199 1237 1238 
2328 595 596 597 
2329 2038 486 2261 
2330 359 360 498 
2331 1309 1308 1310 
2332 939 880 1262 
2333 552 553 554 
2334 612 1970 1971 
2335 410 123 1623 
2336 204 203 2337 
2337 825 835 2011 
2338 1792 1793 2578 
2339 1847 1568 2639 
2340 1401 1870 2258 
2341 2459 1771 2647 
2342 205 491 2073 
2343 1152 1306 1411 
2344 24 23 2730 
2345 48 47 2231 
2346 1338 1296 2538 
2347 36 35 1764 
2348 208 207 2049 
2349 1320 1702 2020 
2350 1145 2412 2598 
2351 360 361 2003 
2352 707 705 708 
2353 487 208 2049 
2354 993 995 996 
2355 2013 1841 2114 
2356 367 368 517 
2357 466 2191 2359 
2358 2177 2163 2663 
2359 373 374 2002 
2360 1023 1054 1811 
2361 1339 2066 2067 
2362 1915 2014 2864 
2363 156 430 1951 
2364 1155 1154 1156 
2365 217 216 407 
2366 1256 1070 1319 
2367 156 155 430 
2368 1727 1504 2456 
2369 209 208 487 
2370 1349 1099 2398 
2371 356 357 1387 
2372 1312 1774 1775 
2373 1054 1210 2652 
2374 681 724 725 
2375 1511 1566 1567 
2376 525 527 2021 
2377 1468 1820 2811 
2378 1811 1520 2150 
2379 319 457 2134 
2380 750 752 2162 
2381 466 342 2191 
2382 1110 1175 1521 
2383 1521 1175 1998 
2384 1648 1593 1782 
2385 1043 1071 2552 
2386 2100 1905 2381 
2387 654 657 1894 
2388 799 800 801 
2389 510 20 2101 
2390 1766 1102 2657 
2391 1737 1128 2537 
2392 870 1930 2542 
2393 550 551 552 
2394 1276 1560 1712 
2395 720 1073 2075 
2396 1570 1732 2719 
2397 755 756 757 
2398 2165 1363 2614 
2399 1446 1445 1447 
2400 1818 1817 2241 
2401 214 213 448 
2402 413 165 1956 
2403 403 1785 1786 
2404 1696 1864 1865 
2405 1915 451 1916 
2406 1299 1798 2538 
2407 1849 1552 2410 
2408 1594 269 2658 
2409 752 755 2162 
2410 1073 1064 1183 
2411 1703 1304 2879 
2412 1157 1368 2408 
2413 675 674 676 
2414 448 213 1665 
2415 1224 1223 2250 
2416 1149 1960 1961 
2417 896 1115 1116 
2418 956 937 957 
2419 1288 1819 2777 
2420 1220 1993 2849 
2421 395 197 1899 
2422 526 524 1543 
2423 2005 1409 2072 
2424 1157 1156 1158 
2425 1720 1721 2338 
2426 154 153 494 
2427 335 334 438 
2428 1320 1319 1702 
2429 593 592 594 
2430 328 327 511 
2431 1245 1244 1246 
2432 579 577 2145 
2433 402 206 2073 
2434 2272 1277 2350 
2435 719 702 720 
2436 262 261 2278 
2437 1749 1365 2041 
2438 2014 1155 2408 
2439 2330 1565 2483 
2440 1234 1158 1235 
2441 2027 1030 2668 
2442 2010 1635 2423 
2443 857 858 859 
2444 152 151 412 
2445 489 1569 2586 
2446 1127 575 2064 
2447 694 691 704 
2448 1360 1353 1642 
2449 1435 1433 1921 
2450 1489 1957 1958 
2451 425 210 2001 
2452 1704 1709 2118 
2453 1024 1022 1025 
2454 1838 1404 2112 
2455 44 43 439 
2456 1503 1830 1831 
2457 207 402 2049 
2458 1048 1255 2047 
2459 94 93 2079 
2460 1908 1052 2142 
2461 1532 1531 1533 
2462 1960 1959 2198 
2463 481 1919 2751 
2464 1506 1505 1507 
2465 473 1979 2189 
2466 908 1575 1636 
2467 1517 1887 2292 
2468 527 528 529 
2469 1131 1120 1222 
2470 1822 1349 2107 
2471 338 437 1661 
2472 1262 880 2148 
2473 2089 768 2596 
2474 1073 1183 1327 
2475 1327 1183 2069 
2476 1708 1703 2879 
2477 2349 685 2441 
2478 150 149 508 
2479 1444 1443 1445 
2480 1260 1228 1261 
2481 1354 1361 1432 
2482 2214 1103 2461 
2483 158 482 2119 
2484 1912 2019 2706 
2485 414 56 2132 
2486 780 779 782 
2487 284 283 2210 
2488 1143 1171 1172 
2489 1300 1261 1301 
2490 811 808 2033 
2491 118 117 2074 
2492 311 310 2529 
2493 545 1061 2424 
2494 1212 955 1213 
2495 1428 1310 1429 
2496 1434 1488 1753 
2497 199 198 1938 
2498 1837 1483 2394 
2499 1987 1032 2427 
2500 1047 1699 1897 
2501 1226 1311 1312 
2502 1116 1225 1226 
2503 2198 1959 2794 
2504 1750 1751 2527 
2505 1051 728 1945 
2506 1534 1533 1535 
2507 557 559 561 
2508 1642 2299 2367 
2509 1655 2028 2676 
2510 1687 1446 1991 
2511 1302 1301 1303 
2512 1297 1298 1299 
2513 2060 376 2815 
2514 2538 1630 2601 
2515 525 524 526 
2516 857 1552 2834 
2517 1585 1587 1588 
2518 473 1663 1979 
2519 764 773 2148 
2520 223 397 1966 
2521 1684 336 1891 
2522 1635 1958 2423 
2523 977 978 979 
2524 557 561 2429 
2525 5 1661 2372 
2526 1313 1906 1935 
2527 523 524 525 
2528 274 273 2077 
2529 633 1325 2111 
2530 508 149 522 
2531 2147 1551 2462 
2532 1272 1273 1744 
2533 1673 2251 2411 
2534 408 315 1844 
2535 703 1369 2271 
2536 885 884 886 
2537 1636 1638 2764 
2538 130 129 496 
2539 285 284 2109 
2540 143 142 509 
2541 203 1561 2337 
2542 876 853 2781 
2543 469 2080 2600 
2544 1172 1173 1297 
2545 147 146 432 
2546 2101 19 2660 
2547 1081 1153 1154 
2548 689 1215 2076 
2549 231 411 2081 
2550 631 2111 2391 
2551 1161 1793 2199 
2552 2060 1681 2506 
2553 821 836 2248 
2554 166 165 413 
2555 1114 199 1938 
2556 1843 1840 2593 
2557 404 1832 2685 
2558 1440 1176 1911 
2559 1424 2046 2559 
2560 197 196 1899 
2561 1148 1149 1150 
2562 2003 1439 2536 
2563 1281 2356 2357 
2564 1227 1213 1228 
2565 523 522 524 
2566 1915 1916 2009 
2567 2399 462 2593 
2568 1739 1740 2709 
2569 239 238 2124 
2570 1414 1422 2417 
2571 508 522 523 
2572 1205 958 2714 
2573 795 796 797 
2574 1563 1562 1710 
2575 233 497 1988 
2576 351 2147 2462 
2577 590 588 2858 
2578 2035 2076 2503 
2579 351 352 2147 
2580 324 500 2149 
2581 2205 1359 2246 
2582 396 159 2119 
2583 203 202 1561 
2584 523 525 1323 
2585 648 609 2310 
2586 652 654 1894 
2587 549 528 575 
2588 819 2011 2040 
2589 1200 1932 2243 
2590 939 1262 1263 
2591 611 609 648 
2592 2165 1614 2397 
2593 2311 417 2689 
2594 365 366 2158 
2595 397 222 1909 
2596 508 523 2086 
2597 1455 1492 1493 
2598 593 594 595 
2599 352 441 2147 
2600 2038 1350 2669 
2601 1179 1178 1180 
2602 1953 1367 2065 
2603 1192 1108 2392 
2604 496 2010 2423 
2605 1985 106 2187 
2606 757 758 759 
2607 23 520 2730 
2608 1003 1748 2220 
2609 214 448 1986 
2610 1553 1554 2609 
2611 630 629 709 
2612 766 764 2148 
2613 624 623 629 
2614 878 869 879 
2615 430 155 2286 
2616 1990 481 2751 
2617 561 563 2451 
2618 1263 1264 1902 
2619 780 783 2638 
2620 979 980 981 
2621 540 542 550 
2622 1844 483 1893 
2623 2302 1691 2672 
2624 1968 1534 2535 
2625 1519 2279 2280 
2626 2206 1617 2700 
2627 578 579 580 
2628 2180 464 2193 
2629 527 530 2021 
2630 427 1373 2077 
2631 2416 907 2764 
2632 1614 2082 2397 
2633 1186 1089 1187 
2634 1434 1433 1435 
2635 1420 1207 2394 
2636 1240 1843 2732 
2637 1390 1391 1634 
2638 1113 1842 2549 
2639 946 1389 1390 
2640 358 359 2169 
2641 603 602 604 
2642 170 169 2004 
2643 1068 1837 2144 
2644 657 658 659 
2645 719 720 2075 
2646 1882 2200 2514 
2647 2008 493 2543 
2648 1412 1413 2080 
2649 1485 2237 2479 
2650 601 602 603 
2651 637 639 726 
2652 1285 1286 1287 
2653 441 1995 2147 
2654 2232 1797 2865 
2655 951 1066 2242 
2656 1849 941 2788 
2657 159 158 2119 
2658 1614 2165 2614 
2659 226 486 2116 
2660 1898 478 1943 
2661 1691 2302 2846 
2662 1392 257 2859 
2663 534 536 574 
2664 114 463 2450 
2665 1440 1912 2460 
2666 410 1623 1783 
2667 716 708 1098 
2668 819 825 2011 
2669 800 1929 2759 
2670 530 532 628 
2671 1247 1246 1248 
2672 763 768 2089 
2673 1081 718 1153 
2674 1918 1583 2805 
2675 576 577 578 
2676 180 179 1620 
2677 1692 2532 2533 
2678 704 2035 2087 
2679 705 704 2087 
2680 1156 1154 1200 
2681 1338 1851 2275 
2682 23 22 520 
2683 710 728 1051 
2684 2287 1925 2547 
2685 1807 1885 2099 
2686 563 627 2727 
2687 595 597 2097 
2688 40 39 467 
2689 1238 1240 1241 
2690 770 766 880 
2691 767 771 891 
2692 215 214 1986 
2693 1658 1222 1980 
2694 2354 555 2429 
2695 1323 525 2021 
2696 2080 469 2699 
2697 224 223 1966 
2698 625 1830 2603 
2699 761 763 2089 
2700 2519 1774 2801 
2701 1831 1830 2000 
2702 455 1392 1393 
2703 163 162 445 
2704 763 765 768 
2705 905 2053 2679 
2706 229 228 1688 
2707 273 272 427 
2708 638 636 640 
2709 2033 810 2034 
2710 891 892 1070 
2711 500 1978 2290 
2712 1940 1276 2446 
2713 334 333 1903 
2714 532 534 2176 
2715 1503 1493 1830 
2716 842 833 2302 
2717 523 1323 2086 
2718 758 761 2212 
2719 1390 1389 1391 
2720 2093 1894 2541 
2721 1691 1692 2672 
2722 2034 861 2717 
2723 1770 1400 2403 
2724 469 1806 2699 
2725 2151 685 2349 
2726 21 510 2197 
2727 1310 2083 2084 
2728 258 455 2249 
2729 271 270 2143 
2730 597 599 613 
2731 929 932 933 
2732 591 590 592 
2733 732 647 733 
2734 530 628 2021 
2735 1542 1530 2621 
2736 1183 1279 1280 
2737 527 529 530 
2738 1152 1411 2098 
2739 421 49 2179 
2740 2084 1388 2738 
2741 900 899 2487 
2742 1804 2492 2493 
2743 1835 1348 2780 
2744 608 2156 2482 
2745 1335 940 1336 
2746 1592 1814 1842 
2747 212 211 2172 
2748 2040 1479 2612 
2749 814 2040 2612 
2750 1126 1382 1383 
2751 736 735 737 
2752 406 1860 1861 
2753 987 986 988 
2754 406 1802 1860 
2755 253 252 2315 
2756 330 329 433 
2757 1863 499 1864 
2758 1788 1762 2383 
2759 2230 1337 2661 
2760 899 1968 2613 
2761 610 1419 2156 
2762 815 819 2040 
2763 376 472 2815 
2764 1351 738 1352 
2765 2096 1251 2647 
2766 1871 1292 2204 
2767 734 733 735 
2768 1961 2211 2488 
2769 881 940 1334 
2770 683 678 684 
2771 62 61 398 
2772 396 2118 2380 
2773 454 1988 2163 
2774 242 241 2123 
2775 1010 1134 1545 
2776 1480 979 2735 
2777 1389 1159 1652 
2778 220 470 2108 
2779 1334 1335 1418 
2780 1204 1821 2560 
2781 1571 1197 1824 
2782 944 945 1217 
2783 686 1110 2226 
2784 1251 2096 2553 
2785 2111 1325 2779 
2786 413 1956 2275 
2787 1860 1278 2830 
2788 881 880 939 
2789 2338 1721 2681 
2790 892 771 919 
2791 587 586 588 
2792 2024 17 2433 
2793 1020 1018 1021 
2794 1437 2404 2478 
2795 1977 620 2605 
2796 1418 1335 1439 
2797 2017 365 2158 
2798 1017 1035 2871 
2799 1326 2265 2266 
2800 1844 1893 2822 
2801 2599 1109 2624 
2802 1441 1730 2477 
2803 2056 772 2762 
2804 1370 1520 2652 
2805 1800 1782 2029 
2806 946 1159 1389 
2807 607 606 612 
2808 1307 1477 1479 
2809 152 412 2170 
2810 946 919 1159 
2811 589 588 590 
2812 181 180 2368 
2813 1634 1391 2126 
2814 1284 1285 2777 
2815 605 604 606 
2816 171 170 401 
2817 72 1609 1664 
2818 1976 1920 2238 
2819 317 316 2492 
2820 178 177 2006 
2821 419 1790 2352 
2822 286 416 872 
2823 891 771 892 
2824 482 1951 2706 
2825 1285 1235 1286 
2826 1525 2228 2232 
2827 2012 466 2324 
2828 450 1450 1451 
2829 593 595 617 
2830 1615 1613 2367 
2831 57 56 414 
2832 641 640 642 
2833 2181 1773 2384 
2834 1648 1800 2548 
2835 1656 1233 2281 
2836 177 176 399 
2837 1455 1289 1492 
2838 1906 1316 2689 
2839 1192 2094 2218 
2840 881 939 940 
2841 257 256 2859 
2842 1710 1711 2516 
2843 449 325 2149 
2844 1898 1944 2817 
2845 296 931 2273 
2846 1830 625 2858 
2847 1224 2250 2671 
2848 892 919 946 
2849 1728 1947 2151 
2850 857 851 858 
2851 856 887 1169 
2852 1993 1220 2328 
2853 1348 1835 2752 
2854 718 716 2104 
2855 1028 2027 2668 
2856 681 619 724 
2857 1668 1666 1896 
2858 486 225 2261 
2859 259 258 2249 
2860 1971 2035 2503 
2861 770 880 881 
2862 591 592 593 
2863 347 471 2445 
2864 633 635 1325 
2865 1319 1070 1321 
2866 720 1063 1064 
2867 708 705 2087 
2868 1334 940 1335 
2869 1694 1835 2132 
2870 1036 1146 1277 
2871 167 166 2058 
2872 767 766 770 
2873 1814 1647 2617 
2874 403 1981 2278 
2875 359 498 2169 
2876 1434 1753 2183 
2877 1047 1897 2729 
2878 836 1140 2248 
2879 767 770 771 
2880 698 699 700 
2881 1380 2339 2377 
2882 503 1963 2875 
2883 1612 2134 2174 
2884 28 1731 2203 
2885 764 762 773 
2886 913 1120 1131 
2887 703 1283 1369 
2888 1776 1775 1777 
2889 585 584 586 
2890 1218 1308 1309 
2891 1895 45 2314 
2892 314 313 483 
2893 2028 1549 2676 
2894 856 1169 2291 
2895 845 829 2283 
2896 1292 2449 2736 
2897 908 1636 2607 
2898 549 575 576 
2899 2265 1328 2266 
2900 1545 1546 1547 
2901 808 810 2033 
2902 168 167 1174 
2903 634 1195 2121 
2904 1434 1435 1488 
2905 11 1385 1674 
2906 216 215 2234 
2907 1375 1346 1793 
2908 748 747 749 
2909 2005 2311 2689 
2910 517 2126 2158 
2911 2247 1542 2347 
2912 946 1390 2146 
2913 2056 1221 2057 
2914 1002 1005 1006 
2915 1425 2354 2429 
2916 126 125 505 
2917 1853 1195 2630 
2918 1488 1435 1489 
2919 924 914 925 
2920 11 10 1385 
2921 875 846 2575 
2922 1375 1846 2780 
2923 659 661 662 
2924 230 229 2200 
2925 1098 708 2087 
2926 1968 2535 2613 
2927 1130 1878 2472 
2928 534 574 2176 
2929 211 425 2172 
2930 1373 1374 2115 
2931 1169 1170 1307 
2932 1746 1846 2063 
2933 100 99 2062 
2934 200 1114 2068 
2935 767 891 2120 
2936 1047 672 1698 
2937 1003 1000 2481 
2938 1915 2009 2691 
2939 975 974 976 
2940 2003 458 2713 
2941 411 230 2200 
2942 768 765 2120 
2943 597 613 2097 
2944 716 1098 2104 
2945 1711 521 2303 
2946 2156 1419 2332 
2947 1429 2084 2326 
2948 2094 1192 2392 
2949 1163 911 1221 
2950 585 587 621 
2951 243 242 512 
2952 1524 1221 2056 
2953 1144 172 2184 
2954 509 142 1724 
2955 492 246 1939 
2956 533 531 2166 
2957 958 957 959 
2958 746 745 747 
2959 866 890 894 
2960 730 652 1894 
2961 973 972 974 
2962 1153 718 2104 
2963 1151 1150 1152 
2964 151 150 2407 
2965 1984 421 2201 
2966 1316 2005 2689 
2967 1167 1059 1345 
2968 63 62 1955 
2969 2392 1486 2495 
2970 1048 1194 1255 
2971 631 633 2111 
2972 558 556 2221 
2973 1999 1652 2401 
2974 765 766 767 
2975 529 528 549 
2976 547 546 623 
2977 961 299 2043 
2978 643 642 644 
2979 1183 1064 1279 
2980 1066 1464 2242 
2981 2532 1055 2533 
2982 677 676 678 
2983 1962 1631 2518 
2984 1541 2029 2030 
2985 552 551 553 
2986 1724 1408 2050 
2987 2279 1519 2435 
2988 1950 1179 2674 
2989 37 1100 1460 
2990 1373 1372 1374 
2991 1568 1512 2020 
2992 612 1971 1974 
2993 1535 1537 1538 
2994 1483 1882 2131 
2995 1235 1158 2137 
2996 1628 2063 2171 
2997 966 965 967 
2998 1634 1990 2861 
2999 1578 1579 2768 
3000 8 1917 2285 
3001 627 565 2374 
3002 2054 1321 2751 
3003 1564 1565 2330 
3004 327 326 2224 
3005 591 593 2190 
3006 164 163 2308 
3007 1961 1960 2211 
3008 1612 1610 2134 
3009 572 571 573 
3010 1558 2133 2632 
3011 124 410 2296 
3012 1992 1341 2331 
3013 1456 2557 2564 
3014 2762 2416 2764 
3015 2129 1282 2342 
3016 1296 1295 1630 
3017 2615 622 2693 
3018 1782 2653 2850 
3019 91 90 506 
3020 196 195 2105 
3021 1934 1589 2479 
3022 964 963 965 
3023 455 1393 1395 
3024 583 582 584 
3025 1195 632 2329 
3026 912 1164 1339 
3027 165 164 1956 
3028 880 766 2148 
3029 581 583 1103 
3030 1347 1927 2383 
3031 182 181 429 
3032 1131 1222 1658 
3033 939 1263 2113 
3034 310 309 1378 
3035 1544 1558 2632 
3036 2335 1536 2644 
3037 530 529 531 
3038 2326 573 2678 
3039 2378 1153 2512 
3040 1718 1719 1720 
3041 1335 1336 2130 
3042 572 573 2402 
3043 2242 1464 2428 
3044 1075 1074 1295 
3045 261 403 2278 
3046 326 449 2224 
3047 2193 389 2876 
3048 1797 1185 1836 
3049 610 645 1419 
3050 1471 2327 2507 
3051 765 764 766 
3052 1070 892 2146 
3053 1336 940 2113 
3054 744 743 745 
3055 32 31 1963 
3056 722 721 1230 
3057 1439 1335 2130 
3058 1416 2008 2543 
3059 1372 1633 2135 
3060 684 697 698 
3061 1831 2000 2178 
3062 949 951 2242 
3063 1241 1242 1243 
3064 813 821 2248 
3065 755 754 756 
3066 409 1866 1867 
3067 617 595 2097 
3068 1572 1853 2630 
3069 2077 1373 2088 
3070 565 564 566 
3071 574 536 2192 
3072 1393 1392 1394 
3073 434 2211 2443 
3074 1233 1484 2281 
3075 742 741 743 
3076 620 2190 2605 
3077 218 217 2247 
3078 740 727 741 
3079 535 533 548 
3080 1957 496 2423 
3081 1747 2277 2620 
3082 2500 1881 2853 
3083 886 900 901 
3084 1321 1070 2146 
3085 1096 1013 1121 
3086 550 542 551 
3087 308 307 419 
3088 1429 2326 2678 
3089 1963 1917 2875 
3090 1458 1936 2694 
3091 687 653 2856 
3092 1322 1121 1654 
3093 1541 1834 2029 
3094 1292 1290 2449 
3095 2019 482 2706 
3096 1249 1248 1250 
3097 1267 1531 1532 
3098 1899 196 2105 
3099 1764 462 2399 
3100 1390 1634 2861 
3101 940 939 2113 
3102 570 569 571 
3103 254 253 2618 
3104 896 1116 2289 
3105 748 749 750 
3106 1448 558 2221 
3107 1010 1545 2340 
3108 1511 1567 2322 
3109 2721 2264 2853 
3110 586 626 2835 
3111 2204 1292 2736 
3112 717 1080 2259 
3113 1654 1655 2676 
3114 1551 1341 1992 
3115 1603 1832 2465 
3116 620 591 2190 
3117 530 531 532 
3118 1748 1003 2481 
3119 1701 1588 2426 
3120 1956 1481 2275 
3121 126 505 1631 
3122 608 610 2156 
3123 626 2178 2835 
3124 150 508 2407 
3125 1411 1306 2415 
3126 563 562 564 
3127 2245 429 2368 
3128 1110 1815 2226 
3129 833 831 2302 
3130 761 2089 2212 
3131 618 686 2226 
3132 554 553 555 
3133 2260 1669 2555 
3134 1791 1927 2092 
3135 634 632 1195 
3136 685 2151 2390 
3137 1540 1541 2030 
3138 2227 1451 2228 
3139 777 778 779 
3140 1958 1831 2758 
3141 407 216 2234 
3142 2260 1329 2474 
3143 1582 2018 2072 
3144 2546 1257 2792 
3145 581 580 582 
3146 984 985 986 
3147 919 771 2136 
3148 1156 1200 2243 
3149 1109 1105 2625 
3150 1795 428 2013 
3151 589 591 620 
3152 2183 1945 2282 
3153 725 724 1074 
3154 1000 996 1001 
3155 881 1334 2136 
3156 420 1610 1611 
3157 1693 2274 2866 
3158 419 1789 1790 
3159 892 946 2146 
3160 962 959 963 
3161 568 566 569 
3162 1538 1539 1540 
3163 1027 1033 1034 
3164 1887 431 2068 
3165 770 881 2136 
3166 771 770 2136 
3167 424 1434 2183 
3168 1547 1548 1549 
3169 1726 1761 2704 
3170 1998 1366 2436 
3171 1339 1340 2066 
3172 1316 1162 1318 
3173 2238 1200 2378 
3174 2322 1567 2505 
3175 37 36 1100 
3176 1098 1975 2783 
3177 765 767 2120 
3178 1459 1942 1954 
3179 2221 556 2341 
3180 1103 2263 2264 
3181 1303 1442 1443 
3182 161 2380 2551 
3183 1077 1078 1082 
3184 49 48 2179 
3185 720 702 1063 
3186 1207 1112 1208 
3187 870 2319 2604 
3188 161 160 2380 
3189 394 1 2664 
3190 1 339 2664 
3191 1747 1597 2277 
3192 1552 859 2410 
3193 1436 134 1529 
3194 781 1138 1509 
3195 1561 1767 1768 
3196 783 782 784 
3197 1286 1235 2137 
3198 1994 1401 2258 
3199 1020 1811 2722 
3200 4 386 2665 
3201 385 4 2665 
3202 799 797 800 
3203 273 427 2077 
3204 38 1460 2530 
3205 580 710 2188 
3206 1625 1624 2589 
3207 2225 1747 2718 
3208 1762 1763 2383 
3209 1756 888 2583 
3210 1274 941 1849 
3211 1123 1669 2260 
3212 1304 1481 2879 
3213 1082 1083 1084 
3214 2098 1411 2115 
3215 293 292 1982 
3216 589 590 591 
3217 1880 1881 2500 
3218 545 544 546 
3219 1892 1670 2430 
3220 585 586 587 
3221 532 531 533 
3222 1524 2056 2466 
3223 2080 1413 2344 
3224 114 113 463 
3225 1110 1521 1815 
3226 448 1665 1928 
3227 1225 1848 2838 
3228 1549 1735 1872 
3229 2299 1615 2367 
3230 2090 894 2438 
3231 1154 1153 2378 
3232 1044 1042 1090 
3233 587 588 589 
3234 1514 1941 2716 
3235 1370 1259 1520 
3236 169 1910 2004 
3237 192 191 2140 
3238 1895 1727 2456 
3239 532 533 534 
3240 1868 492 2619 
3241 3 367 2682 
3242 366 3 2682 
3243 1481 2308 2419 
3244 1400 1397 2219 
3245 2 358 2684 
3246 357 2 2684 
3247 1582 447 2018 
3248 1224 2671 2747 
3249 549 576 1421 
3250 1722 2524 2818 
3251 397 1909 2215 
3252 1755 1991 2336 
3253 2553 2486 2874 
3254 1088 1089 1186 
3255 539 537 622 
3256 1662 1795 2039 
3257 1618 2206 2245 
3258 499 1984 2255 
3259 1882 1482 2452 
3260 1496 1485 2479 
3261 215 1986 2234 
3262 989 988 990 
3263 561 559 562 
3264 1927 1203 2092 
3265 921 922 1077 
3266 919 2136 2321 
3267 2130 2817 2827 
3268 184 183 1359 
3269 1523 1221 1524 
3270 1547 2028 2804 
3271 593 617 2190 
3272 1611 1610 1612 
3273 1397 1398 2219 
3274 624 629 630 
3275 1532 1533 1534 
3276 1857 518 2664 
3277 1979 1332 2189 
3278 763 764 765 
3279 2108 470 2572 
3280 1786 1785 2164 
3281 1399 1397 1400 
3282 1333 1979 1993 
3283 1213 955 2309 
3284 1490 190 2440 
3285 710 1051 2188 
3286 1158 1156 2243 
3287 1854 1104 2831 
3288 229 1688 2200 
3289 709 1202 1475 
3290 1694 1695 1835 
3291 1463 1813 2554 
3292 173 172 1144 
3293 854 869 878 
3294 405 2047 2091 
3295 1243 1244 1245 
3296 879 884 885 
3297 730 1894 2093 
3298 185 184 2182 
3299 646 739 2755 
3300 1165 842 2302 
3301 726 639 727 
3302 1947 1118 2455 
3303 1953 1983 2873 
3304 73 72 1664 
3305 1472 1394 1473 
3306 603 604 605 
3307 977 976 978 
3308 1312 1775 1776 
3309 1332 2124 2189 
3310 1147 935 1148 
3311 1741 1739 2511 
3312 2136 1334 2321 
3313 168 1174 1910 
3314 1214 1468 2811 
3315 856 849 887 
3316 543 541 544 
3317 534 533 535 
3318 186 185 400 
3319 1642 2015 2270 
3320 901 902 921 
3321 455 1395 2249 
3322 1879 1877 2615 
3323 511 327 2224 
3324 583 584 585 
3325 1636 1575 1637 
3326 350 351 2462 
3327 1616 1965 2205 
3328 2427 1032 2520 
3329 979 978 980 
3330 671 721 722 
3331 1709 1708 2742 
3332 1829 1625 2516 
3333 1148 1150 1151 
3334 1353 738 2015 
3335 2109 284 2210 
3336 2042 385 2665 
3337 1195 1853 2121 
3338 1775 1774 2307 
3339 938 845 2283 
3340 1597 1599 2277 
3341 2037 1734 2702 
3342 808 809 810 
3343 560 558 1448 
3344 818 816 1216 
3345 1347 2382 2748 
3346 338 337 437 
3347 510 2101 2750 
3348 1509 1510 1511 
3349 534 535 536 
3350 1935 1906 2880 
3351 491 204 2337 
3352 993 992 995 
3353 1066 1068 1464 
3354 1135 1011 1136 
3355 1649 1432 2195 
3356 1465 1152 2098 
3357 2137 1158 2243 
3358 1064 1063 2117 
3359 874 416 916 
3360 1912 1911 2240 
3361 225 224 2261 
3362 1339 1164 1340 
3363 1744 1273 2196 
3364 548 533 2166 
3365 331 330 1948 
3366 599 601 2256 
3367 1057 1190 2651 
3368 1474 1473 1673 
3369 585 621 2263 
3370 1501 1505 1506 
3371 1979 1663 1993 
3372 101 100 404 
3373 1084 1085 1086 
3374 1369 1283 1766 
3375 829 824 2283 
3376 2011 835 2698 
3377 136 135 450 
3378 910 1657 2497 
3379 1374 1372 2135 
3380 1797 1836 2241 
3381 1151 1152 1465 
3382 894 890 2304 
3383 2222 1507 2592 
3384 401 170 2004 
3385 1679 1678 1680 
3386 283 282 474 
3387 2088 1373 2115 
3388 991 990 992 
3389 536 537 538 
3390 463 113 1570 
3391 1381 1893 2360 
3392 1874 2113 2823 
3393 493 174 1923 
3394 934 918 935 
3395 801 800 1925 
3396 1229 1145 2598 
3397 155 154 2286 
3398 60 1627 2078 
3399 927 925 928 
3400 1689 1258 2733 
3401 536 535 537 
3402 183 182 2246 
3403 2219 1796 2403 
3404 1576 1564 2785 
3405 2369 1710 2516 
3406 2067 760 2421 
3407 1309 1310 1428 
3408 581 582 583 
3409 867 856 2291 
3410 1818 2241 2567 
3411 195 194 882 
3412 554 555 2354 
3413 763 762 764 
3414 1545 1134 1546 
3415 757 756 758 
3416 330 433 1948 
3417 1510 1138 1513 
3418 547 623 624 
3419 1206 712 1305 
3420 1044 1090 2133 
3421 1553 2231 2797 
3422 1086 1087 1088 
3423 1769 1400 1770 
3424 573 2390 2678 
3425 795 793 796 
3426 1938 395 2279 
3427 862 896 2289 
3428 1511 1512 1566 
3429 1661 437 1942 
3430 190 189 1351 
3431 2259 1080 2691 
3432 43 42 2464 
3433 582 580 2188 
3434 1305 712 2406 
3435 2008 1417 2577 
3436 578 580 581 
3437 2036 895 2322 
3438 2007 2127 2576 
3439 1794 1542 2820 
3440 605 606 607 
3441 68 67 1317 
3442 2053 1050 2646 
3443 538 537 539 
3444 1720 2223 2789 
3445 456 263 2363 
3446 2164 1395 2250 
3447 836 838 1140 
3448 1695 446 1696 
3449 1233 1136 1412 
3450 1597 1598 1599 
3451 538 539 540 
3452 1930 870 2604 
3453 2346 2107 2694 
3454 1386 2102 2828 
3455 2069 1280 2297 
3456 2623 1623 2854 
3457 175 493 2413 
3458 465 2060 2506 
3459 651 652 730 
3460 665 667 669 
3461 2349 2441 2587 
3462 581 1103 2214 
3463 141 140 1408 
3464 1022 1021 1884 
3465 1986 448 2335 
3466 761 762 763 
3467 2014 2408 2864 
3468 154 494 2286 
3469 412 151 2407 
3470 1151 1465 1471 
3471 1620 179 1621 
3472 1327 2069 2837 
3473 1464 1068 2144 
3474 700 699 703 
3475 1218 1309 2364 
3476 1116 1226 1236 
3477 1753 1488 2581 
3478 2264 2167 2461 
3479 649 650 651 
3480 187 186 2270 
3481 1898 1336 2833 
3482 1682 1645 2725 
3483 1368 1997 2531 
3484 1840 2399 2593 
3485 839 826 2773 
3486 1445 1443 2233 
3487 890 913 2304 
3488 1509 1138 1510 
3489 1933 669 2796 
3490 1416 1924 2579 
3491 847 845 938 
3492 1131 1658 1659 
3493 848 893 2301 
3494 1555 1499 2513 
3495 2228 1525 2802 
3496 1613 1355 1614 
3497 1843 2477 2732 
3498 1585 2159 2744 
3499 636 634 2121 
3500 2265 1744 2602 
3501 407 2348 2820 
3502 1887 2068 2292 
3503 305 304 426 
3504 698 697 699 
3505 45 44 2314 
3506 1632 2561 2657 
3507 548 2167 2168 
3508 1279 1064 2117 
3509 1393 1394 1472 
3510 1869 910 2563 
3511 1488 1489 2288 
3512 540 539 541 
3513 30 1522 2285 
3514 1994 2176 2436 
3515 70 447 1577 
3516 1460 1100 1461 
3517 463 1570 1967 
3518 2382 1204 2748 
3519 1321 1990 2751 
3520 1574 2469 2600 
3521 2124 238 2189 
3522 917 916 918 
3523 1928 1537 2335 
3524 1991 1447 2336 
3525 1202 1741 2332 
3526 458 1999 2401 
3527 1893 1689 2822 
3528 101 404 2095 
3529 42 41 502 
3530 1389 1652 2484 
3531 548 2166 2167 
3532 1418 1439 2713 
3533 1169 887 1170 
3534 1116 1236 2289 
3535 540 541 542 
3536 1566 1512 1568 
3537 955 952 2309 
3538 1744 1050 2602 
3539 761 760 762 
3540 1478 2110 2362 
3541 1952 1953 2873 
3542 2079 453 2641 
3543 2207 1344 2640 
3544 61 60 2078 
3545 1303 1301 1442 
3546 1305 2217 2743 
3547 611 648 649 
3548 427 1371 1372 
3549 1228 1213 1386 
3550 1232 1859 2761 
3551 2020 1512 2325 
3552 1767 431 1887 
3553 2330 456 2785 
3554 621 587 2236 
3555 1407 664 1485 
3556 1045 1048 2047 
3557 1027 1008 1033 
3558 2591 2590 2826 
3559 804 801 1925 
3560 607 612 2310 
3561 2028 1655 2427 
3562 536 538 2192 
3563 758 760 761 
3564 1511 1510 1512 
3565 2323 627 2374 
3566 1409 1318 2153 
3567 2579 1924 2673 
3568 2482 2156 2754 
3569 567 2065 2587 
3570 177 399 2006 
3571 2195 1273 2207 
3572 894 2090 2698 
3573 1946 1279 2847 
3574 1018 970 2099 
3575 878 879 2070 
3576 1307 1170 1477 
3577 910 2497 2563 
3578 785 784 871 
3579 1245 1246 1247 
3580 1602 1937 2574 
3581 1472 1473 1474 
3582 1981 1576 2278 
3583 1372 1371 1633 
3584 424 2183 2282 
3585 1384 1383 1678 
3586 1447 1445 2251 
3587 1093 2139 2409 
3588 1314 63 1955 
3589 1465 2098 2142 
3590 996 995 2185 
3591 1408 140 2059 
3592 467 39 2530 
3593 1958 1957 2423 
3594 166 413 2058 
3595 1969 1513 2596 
3596 1103 583 2263 
3597 1856 1857 2357 
3598 1138 1137 2161 
3599 791 788 870 
3600 312 311 418 
3601 171 401 2184 
3602 1881 1879 2693 
3603 1402 1217 1805 
3604 1334 1418 2321 
3605 40 467 1526 
3606 1155 1157 2408 
3607 1638 2056 2762 
3608 160 396 2380 
3609 180 1620 2368 
3610 1174 167 2058 
3611 2144 1208 2157 
3612 1340 1164 1341 
3613 1275 1607 2651 
3614 759 2212 2422 
3615 1922 2547 2759 
3616 1766 1283 2037 
3617 589 620 2236 
3618 2347 1542 2621 
3619 1147 1148 2138 
3620 1096 1121 1322 
3621 486 2038 2669 
3622 1474 1673 2106 
3623 984 981 985 
3624 613 599 2256 
3625 2217 1305 2770 
3626 1577 447 1578 
3627 1468 2163 2177 
3628 2186 1095 2594 
3629 576 578 2214 
3630 619 554 2354 
3631 1163 1221 1523 
3632 1336 1898 2817 
3633 630 709 2329 
3634 449 2149 2334 
3635 1721 2365 2366 
3636 1782 1593 2653 
3637 1278 2259 2830 
3638 2166 531 2284 
3639 1547 1546 1548 
3640 781 1509 2425 
3641 912 1163 1164 
3642 808 806 809 
3643 1616 2205 2206 
3644 544 541 2300 
3645 2102 875 2648 
3646 332 331 468 
3647 1291 1293 1573 
3648 1956 164 2308 
3649 1354 1357 1361 
3650 777 775 778 
3651 703 699 1282 
3652 1135 1233 1656 
3653 423 1563 2339 
3654 1016 2570 2736 
3655 1568 2020 2639 
3656 1443 1442 1476 
3657 301 300 2262 
3658 1513 1138 2161 
3659 1982 2318 2371 
3660 437 337 1684 
3661 163 445 2308 
3662 1414 960 1415 
3663 2176 574 2436 
3664 2191 1569 2359 
3665 2103 490 2591 
3666 1857 2012 2357 
3667 752 753 754 
3668 2118 1709 2380 
3669 1712 1560 1713 
3670 2016 2131 2514 
3671 470 219 2347 
3672 2175 1210 2580 
3673 2115 1374 2782 
3674 1159 919 2321 
3675 1760 2605 2741 
3676 194 193 2257 
3677 224 1966 2261 
3678 2015 187 2270 
3679 1929 1922 2759 
3680 1679 1680 1681 
3681 1021 1018 2099 
3682 1340 1341 1550 
3683 2283 1780 2795 
3684 70 69 447 
3685 1012 2393 2444 
3686 1029 78 2267 
3687 44 439 2314 
3688 2382 1347 2656 
3689 810 827 861 
3690 1388 2084 2353 
3691 684 678 697 
3692 1514 2269 2470 
3693 1247 1248 1249 
3694 2159 2032 2343 
3695 395 1899 1900 
3696 2068 1114 2292 
3697 995 1004 2185 
3698 703 1282 1283 
3699 1688 2016 2514 
3700 475 1895 2456 
3701 2223 930 2273 
3702 758 756 760 
3703 879 885 2070 
3704 2088 480 2453 
3705 1830 1493 2603 
3706 1735 1548 2193 
3707 2451 563 2727 
3708 1274 1849 2410 
3709 1652 1159 2629 
3710 65 64 2358 
3711 612 1974 2310 
3712 1692 818 2152 
3713 753 751 911 
3714 1945 1229 2631 
3715 1355 737 2082 
3716 981 980 2340 
3717 2159 2209 2744 
3718 2127 1417 2695 
3719 1385 10 1427 
3720 1386 1213 2309 
3721 409 1867 2155 
3722 1796 1025 2403 
3723 1148 1151 2138 
3724 1616 2206 2700 
3725 1550 1341 1551 
3726 88 87 672 
3727 733 647 2402 
3728 1964 2188 2688 
3729 1740 1760 2741 
3730 219 218 2347 
3731 622 537 2276 
3732 934 935 1147 
3733 1597 1069 1598 
3734 398 61 2078 
3735 1990 1321 2861 
3736 1269 1187 1270 
3737 1074 724 1425 
3738 724 619 2354 
3739 435 2307 2793 
3740 2209 2268 2744 
3741 445 162 2551 
3742 1346 1345 2199 
3743 624 630 631 
3744 1172 1297 1462 
3745 545 546 547 
3746 193 192 789 
3747 851 842 1165 
3748 2140 1491 2640 
3749 1413 1996 2393 
3750 2294 1849 2788 
3751 1233 1412 1484 
3752 620 1977 2776 
3753 459 1992 2703 
3754 17 16 2433 
3755 1127 2064 2760 
3756 2179 48 2231 
3757 2250 1223 2756 
3758 1934 1231 2426 
3759 1972 1973 2512 
3760 33 504 1403 
3761 626 1964 2581 
3762 545 547 1061 
3763 2178 626 2288 
3764 38 37 1460 
3765 1880 2500 2776 
3766 1631 505 2518 
3767 1135 1136 1233 
3768 995 997 1004 
3769 1997 479 2531 
3770 1506 1507 1936 
3771 917 934 1093 
3772 1534 1535 2535 
3773 1002 1001 1005 
3774 1125 906 1126 
3775 1549 1548 1735 
3776 673 2269 2716 
3777 785 871 2848 
3778 1477 1170 1478 
3779 1507 2222 2346 
3780 1010 1011 1134 
3781 913 1131 2304 
3782 849 847 2229 
3783 2447 2059 2841 
3784 1419 645 1572 
3785 1978 420 2562 
3786 512 242 2123 
3787 1059 1044 2133 
3788 69 68 2018 
3789 601 603 714 
3790 1715 1713 1717 
3791 886 901 2385 
3792 1965 1615 2299 
3793 2532 2152 2882 
3794 912 1339 2351 
3795 312 418 1743 
3796 898 897 906 
3797 2454 2023 2509 
3798 781 1137 1138 
3799 700 703 2271 
3800 2247 407 2820 
3801 605 607 608 
3802 969 971 972 
3803 1226 1312 2254 
3804 1627 1628 1629 
3805 1277 1146 1569 
3806 2290 1978 2562 
3807 1421 576 2214 
3808 252 444 2315 
3809 1561 1768 2337 
3810 2289 1745 2690 
3811 2000 1830 2858 
3812 1134 1011 1135 
3813 1973 2378 2512 
3814 1410 1079 2868 
3815 1627 1629 2078 
3816 468 331 1948 
3817 531 529 2284 
3818 1097 1267 2384 
3819 1532 1534 2181 
3820 543 544 545 
3821 1518 1516 2549 
3822 2344 1413 2393 
3823 310 1378 2529 
3824 1975 1972 2783 
3825 1112 1060 2420 
3826 1630 1295 1677 
3827 2023 998 2584 
3828 1200 1154 2378 
3829 195 882 2105 
3830 1891 438 2813 
3831 1523 1524 2333 
3832 138 137 2841 
3833 64 63 1314 
3834 971 968 1290 
3835 863 827 897 
3836 917 918 934 
3837 535 548 2276 
3838 2306 2102 2648 
3839 750 751 752 
3840 560 1448 1983 
3841 2345 1402 2515 
3842 1939 1556 2619 
3843 752 751 753 
3844 1103 2264 2461 
3845 2432 2060 2815 
3846 1095 1096 1281 
3847 1960 2198 2649 
3848 542 541 543 
3849 647 572 2402 
3850 627 2323 2601 
3851 2505 1567 2506 
3852 275 274 2453 
3853 2205 2246 2569 
3854 1004 1013 1095 
3855 2016 443 2525 
3856 1563 1710 2369 
3857 1682 2375 2508 
3858 1217 1218 2364 
3859 283 474 2210 
3860 1219 2165 2397 
3861 1128 1737 2826 
3862 2361 440 2784 
3863 281 280 514 
3864 1315 1792 2578 
3865 2401 1652 2629 
3866 702 700 2271 
3867 1165 2302 2672 
3868 587 589 2236 
3869 1805 1217 2364 
3870 1124 2635 2810 
3871 1114 1938 2435 
3872 872 416 874 
3873 489 2094 2392 
3874 583 585 2263 
3875 1443 1476 2233 
3876 2302 831 2846 
3877 1309 1428 1752 
3878 986 985 994 
3879 1475 1202 2332 
3880 498 2003 2536 
3881 1309 1752 2364 
3882 508 2086 2407 
3883 1557 2108 2572 
3884 2006 399 2007 
3885 529 549 2284 
3886 2443 1960 2649 
3887 1545 1547 2804 
3888 735 733 1388 
3889 448 1928 2335 
3890 2169 498 2827 
3891 2328 1639 2565 
3892 1962 1502 2582 
3893 1004 997 1013 
3894 291 290 926 
3895 1967 1232 2761 
3896 644 1405 1463 
3897 625 590 2858 
3898 1951 430 2460 
3899 699 697 2342 
3900 2081 411 2452 
3901 1890 1875 2877 
3902 995 992 997 
3903 557 558 559 
3904 967 968 969 
3905 2098 2115 2782 
3906 182 429 2246 
3907 2817 1944 2827 
3908 1590 2599 2624 
3909 638 640 641 
3910 289 288 2202 
3911 2410 859 2749 
3912 1600 2334 2645 
3913 1151 1471 2138 
3914 1095 1013 1096 
3915 2208 1672 2488 
3916 1822 467 2530 
3917 779 778 781 
3918 1333 1332 1979 
3919 1105 1106 1107 
3920 555 556 557 
3921 86 85 670 
3922 1908 2142 2782 
3923 450 1451 2628 
3924 578 581 2214 
3925 329 328 2491 
3926 415 254 2618 
3927 1697 1696 1865 
3928 432 1818 2807 
3929 781 778 1137 
3930 714 2482 2754 
3931 1004 1095 2186 
3932 1454 1962 2518 
3933 1681 2505 2506 
3934 1107 1108 1178 
3935 2090 2011 2698 
3936 136 2050 2447 
3937 1762 426 1763 
3938 2153 1854 2831 
3939 555 553 556 
3940 1146 1065 1438 
3941 571 569 685 
3942 389 390 2876 
3943 1180 2216 2217 
3944 676 674 682 
3945 537 535 2276 
3946 72 71 1609 
3947 439 43 2464 
3948 2225 433 2491 
3949 912 911 1163 
3950 1384 1679 2213 
3951 929 928 932 
3952 1162 1037 2194 
3953 2113 1874 2833 
3954 2185 1004 2186 
3955 750 749 751 
3956 549 1421 2284 
3957 2096 2486 2553 
3958 709 1475 2329 
3959 2298 999 2517 
3960 1734 1931 2702 
3961 662 665 2312 
3962 538 540 2418 
3963 1094 1519 2473 
3964 1783 1623 2623 
3965 874 916 917 
3966 1859 1901 2761 
3967 1432 1361 1449 
3968 631 630 632 
3969 1291 1290 1292 
3970 89 88 2863 
3971 1271 1270 1272 
3972 2430 506 2608 
3973 548 2168 2276 
3974 1629 2293 2857 
3975 1297 1299 2323 
3976 753 911 912 
3977 2651 1607 2749 
3978 980 978 982 
3979 1102 1632 2657 
3980 806 804 2287 
3981 1655 1987 2427 
3982 608 607 609 
3983 1010 982 1011 
3984 2285 1522 2626 
3985 974 972 1012 
3986 1205 2560 2681 
3987 743 741 907 
3988 1907 648 2842 
3989 944 1217 1402 
3990 1100 36 1764 
3991 1910 1174 2395 
3992 1249 1250 1251 
3993 1399 1400 1769 
3994 1489 1958 2758 
3995 1255 1194 1329 
3996 838 854 2434 
3997 568 1883 2686 
3998 2370 1848 2502 
3999 1311 1850 2801 
4000 878 2070 2071 
4001 1254 1397 1399 
4002 316 408 2492 
4003 2099 970 2739 
4004 184 1359 2182 
4005 509 1724 2227 
4006 1001 996 2185 
4007 747 745 772 
4008 2000 588 2835 
4009 980 982 1010 
4010 1352 738 1353 
4011 2141 2140 2640 
4012 173 1144 1923 
4013 566 564 567 
4014 1126 1383 1384 
4015 1301 1261 2306 
4016 397 2215 2659 
4017 2390 2151 2678 
4018 1045 2047 2863 
4019 631 632 633 
4020 2588 1438 2594 
4021 1573 1293 1574 
4022 727 639 1675 
4023 473 236 1650 
4024 2047 1255 2091 
4025 1572 645 1608 
4026 1923 1144 1924 
4027 2114 501 2642 
4028 1606 2539 2717 
4029 25 24 2490 
4030 1453 1604 2485 
4031 2633 2053 2646 
4032 1872 1735 2396 
4033 2245 2206 2569 
4034 407 2234 2348 
4035 438 334 1903 
4036 1063 702 2271 
4037 1579 1580 1581 
4038 608 609 610 
4039 908 1206 1575 
4040 2084 2083 2353 
4041 1466 1100 1764 
4042 929 1622 2791 
4043 2071 2070 2375 
4044 749 2057 2775 
4045 1337 2298 2517 
4046 300 299 961 
4047 2389 1190 2662 
4048 473 1650 1663 
4049 400 185 2182 
4050 2477 1730 2843 
4051 2113 1263 2823 
4052 1445 2233 2251 
4053 1708 2419 2742 
4054 861 863 914 
4055 1366 1994 2436 
4056 860 1057 2749 
4057 898 1125 1737 
4058 390 391 2396 
4059 67 66 2311 
4060 887 849 2229 
4061 2271 1369 2561 
4062 137 2447 2841 
4063 669 667 2796 
4064 1312 1776 2254 
4065 274 2077 2453 
4066 885 886 2385 
4067 1036 1065 1146 
4068 1399 1769 1771 
4069 711 712 908 
4070 2309 950 2558 
4071 1033 2272 2350 
4072 1384 1678 1679 
4073 1884 1021 1885 
4074 1208 1112 2420 
4075 1291 1573 2458 
4076 2164 2250 2756 
4077 1131 1659 2304 
4078 1042 1015 2220 
4079 328 511 2491 
4080 1572 1608 1853 
4081 539 622 2300 
4082 2051 1363 2165 
4083 1293 1292 1871 
4084 1461 1100 1466 
4085 2157 1208 2420 
4086 1385 2101 2660 
4087 1730 2274 2843 
4088 2062 495 2465 
4089 2201 421 2609 
4090 1428 1429 2455 
4091 985 981 2340 
4092 810 809 827 
4093 2063 1375 2171 
4094 1285 1288 2777 
4095 1609 1577 2768 
4096 637 638 639 
4097 511 2225 2491 
4098 1186 1187 1269 
4099 1510 1513 2325 
4100 1282 699 2342 
4101 901 921 923 
4102 1403 504 1441 
4103 1593 1591 2653 
4104 1426 1748 2481 
4105 2211 1960 2443 
4106 784 782 895 
4107 2192 1521 2809 
4108 1495 1485 1496 
4109 2180 1546 2728 
4110 1681 1680 2505 
4111 610 609 611 
4112 298 297 930 
4113 1359 183 2246 
4114 516 2042 2665 
4115 186 400 2270 
4116 2151 1947 2678 
4117 1391 1389 2484 
4118 859 858 860 
4119 559 558 560 
4120 1848 2370 2838 
4121 874 917 2294 
4122 218 2247 2347 
4123 1140 838 2434 
4124 1324 2493 2733 
4125 429 181 2368 
4126 308 419 2352 
4127 1236 1226 2254 
4128 474 2198 2794 
4129 1612 2175 2580 
4130 2186 1065 2510 
4131 967 969 2739 
4132 1041 1101 1337 
4133 2248 1140 2851 
4134 1006 1005 1036 
4135 2454 1252 2874 
4136 1379 2092 2295 
4137 1247 1249 1252 
4138 1632 2117 2561 
4139 990 988 1032 
4140 1466 1764 2399 
4141 1724 2050 2227 
4142 1758 2157 2420 
4143 433 329 2491 
4144 2244 1618 2245 
4145 2470 2269 2474 
4146 541 539 2300 
4147 643 644 2406 
4148 1641 2579 2673 
4149 1425 724 2354 
4150 1322 1654 2373 
4151 1451 1450 2412 
4152 1512 1510 2325 
4153 610 611 645 
4154 1375 1793 2171 
4155 847 938 2229 
4156 1077 1082 1431 
4157 1695 1696 1697 
4158 2241 1836 2567 
4159 447 69 2018 
4160 1977 1880 2776 
4161 1169 1307 2778 
4162 971 1290 1291 
4163 557 556 558 
4164 969 968 971 
4165 2419 445 2742 
4166 429 2245 2569 
4167 2326 2084 2738 
4168 2329 1475 2630 
4169 1241 1243 1437 
4170 1206 1305 1430 
4171 1400 2219 2403 
4172 1886 2066 2634 
4173 1291 1292 1293 
4174 1701 1700 2125 
4175 866 894 2698 
4176 1551 1992 2462 
4177 1025 1022 1884 
4178 66 65 417 
4179 2066 1340 2634 
4180 2297 1711 2303 
4181 1809 418 1810 
4182 1341 1164 2331 
4183 2342 697 2499 
4184 633 634 635 
4185 268 519 2658 
4186 1840 1237 2400 
4187 309 308 2352 
4188 1199 1238 1239 
4189 2236 620 2776 
4190 62 398 1955 
4191 1384 2213 2522 
4192 1527 467 1822 
4193 162 161 2551 
4194 1358 1616 2700 
4195 1080 2014 2691 
4196 1569 2191 2586 
4197 641 642 643 
4198 1864 499 2255 
4199 635 636 637 
4200 2077 2088 2453 
4201 1360 1642 2367 
4202 831 822 2846 
4203 2206 2205 2569 
4204 2345 774 2528 
4205 860 1056 1057 
4206 854 878 2434 
4207 1451 2227 2628 
4208 2142 1052 2327 
4209 1885 1021 2099 
4210 1267 1532 2384 
4211 427 272 1371 
4212 1878 1977 2472 
4213 551 542 2313 
4214 601 714 2256 
4215 862 2289 2690 
4216 1984 2201 2255 
4217 861 827 863 
4218 1388 733 2402 
4219 1330 1331 1730 
4220 649 651 679 
4221 1573 1574 2344 
4222 2022 506 2430 
4223 2561 1369 2657 
4224 139 138 2841 
4225 2269 675 2474 
4226 1974 1971 2503 
4227 967 965 968 
4228 1471 1465 2327 
4229 2380 1709 2551 
4230 898 906 1125 
4231 1483 2131 2394 
4232 863 897 898 
4233 2246 429 2569 
4234 1936 1507 2346 
4235 2297 1280 2816 
4236 2269 1514 2716 
4237 633 632 634 
4238 1780 2110 2795 
4239 1718 1717 1719 
4240 1330 515 1331 
4241 2105 882 2320 
4242 1940 943 2463 
4243 1345 1059 2133 
4244 2290 1600 2645 
4245 2110 1779 2362 
4246 1356 1353 1360 
4247 418 311 2529 
4248 1930 796 2542 
4249 2550 1835 2780 
4250 86 670 1698 
4251 1210 2175 2652 
4252 2158 366 2682 
4253 1465 2142 2327 
4254 2040 2011 2872 
4255 609 607 2310 
4256 1084 1086 1643 
4257 1362 2052 2053 
4258 937 933 1076 
4259 306 1762 1788 
4260 954 1214 2811 
4261 1180 2217 2554 
4262 302 301 960 
4263 1028 73 1664 
4264 487 2049 2548 
4265 1133 1377 1379 
4266 908 712 1206 
4267 1938 2279 2435 
4268 804 1925 2287 
4269 791 870 2542 
4270 1036 1005 1065 
4271 1498 1900 2825 
4272 1090 1042 2220 
4273 1599 1598 1796 
4274 1760 1759 2772 
4275 84 83 2031 
4276 1997 1284 2623 
4277 1479 2040 2872 
4278 1638 1637 2466 
4279 450 1436 1450 
4280 295 294 2252 
4281 930 297 2273 
4282 637 636 638 
4283 2012 2324 2357 
4284 304 303 2417 
4285 1006 1036 2272 
4286 2055 1286 2860 
4287 754 753 2351 
4288 2096 983 2486 
4289 1272 1744 2265 
4290 1793 1346 2199 
4291 988 986 2520 
4292 1231 1230 2711 
4293 1791 1789 1927 
4294 502 2222 2592 
4295 395 1900 2279 
4296 1164 1163 2331 
4297 641 643 711 
4298 1296 1630 2538 
4299 1613 1614 2614 
4300 2085 1466 2400 
4301 1140 2376 2851 
4302 1583 1581 1584 
4303 2127 1619 2576 
4304 978 976 2386 
4305 175 174 493 
4306 2375 2070 2508 
4307 399 176 2413 
4308 1442 1301 2306 
4309 518 394 2664 
4310 1824 2361 2571 
4311 358 2169 2684 
4312 2050 136 2628 
4313 2280 1497 2473 
4314 1321 2146 2861 
4315 664 662 2312 
4316 1605 2109 2210 
4317 7 6 503 
4318 1105 1034 1106 
4319 2233 1476 2301 
4320 818 1216 2152 
4321 711 643 712 
4322 2509 2023 2584 
4323 386 516 2665 
4324 553 551 2341 
4325 1008 1006 2272 
4326 1614 1355 2082 
4327 404 100 2062 
4328 1761 2204 2757 
4329 1048 1193 1194 
4330 1757 2333 2786 
4331 1135 1656 2728 
4332 279 434 2442 
4333 443 2116 2525 
4334 1571 1824 2571 
4335 1122 1182 2731 
4336 507 102 2095 
4337 1554 2201 2609 
4338 42 502 2464 
4339 474 282 2235 
4340 640 2121 2814 
4341 1522 1826 2626 
4342 2348 1794 2820 
4343 1295 1074 2355 
4344 635 634 636 
4345 1424 1415 2595 
4346 1549 1872 2676 
4347 88 672 1045 
4348 888 2523 2583 
4349 281 514 2235 
4350 519 267 2793 
4351 632 630 2329 
4352 789 2140 2141 
4353 980 1010 2340 
4354 290 289 2316 
4355 1362 1357 2051 
4356 663 662 664 
4357 933 932 2498 
4358 503 515 1330 
4359 1057 1188 1190 
4360 1398 2381 2734 
4361 2319 870 2848 
4362 901 923 2385 
4363 2389 1622 2635 
4364 2653 1072 2850 
4365 1403 1441 1843 
4366 286 872 873 
4367 2215 2527 2659 
4368 2082 737 2083 
4369 1071 1501 2552 
4370 1290 968 2448 
4371 1949 432 2807 
4372 669 1933 2237 
4373 1506 1936 2061 
4374 1664 1609 1918 
4375 1153 2104 2512 
4376 516 2281 2790 
4377 2409 1651 2834 
4378 1088 1186 1191 
4379 2413 2008 2577 
4380 1423 1415 1424 
4381 624 631 2391 
4382 2445 471 2496 
4383 793 791 2542 
4384 659 662 663 
4385 2167 2264 2721 
4386 1108 1106 1486 
4387 1790 1789 1791 
4388 2308 445 2419 
4389 420 1611 2562 
4390 1629 1628 1792 
4391 1894 657 2541 
4392 917 1093 2294 
4393 1730 1331 2274 
4394 562 2122 2643 
4395 2219 1398 2734 
4396 1417 1141 2695 
4397 1045 1046 1048 
4398 1737 1125 1738 
4399 2204 2737 2757 
4400 2076 1215 2503 
4401 2023 2454 2874 
4402 2064 1543 2760 
4403 2131 1882 2514 
4404 2363 1576 2785 
4405 1195 2329 2630 
4406 1508 1189 1606 
4407 1579 1918 2768 
4408 1743 418 1809 
4409 1480 2096 2647 
4410 555 557 2429 
4411 367 517 2682 
4412 1462 1297 2323 
4413 882 194 2257 
4414 1180 1178 2216 
4415 959 957 1016 
4416 753 912 2351 
4417 1559 1275 2651 
4418 789 192 2140 
4419 1519 2280 2473 
4420 809 806 2287 
4421 1462 2323 2374 
4422 1096 1322 2356 
4423 796 793 2542 
4424 2167 2166 2829 
4425 737 735 2353 
4426 573 571 2390 
4427 1387 357 2684 
4428 1508 2405 2666 
4429 1281 1096 2356 
4430 1271 1272 1326 
4431 756 754 2421 
4432 1540 2030 2487 
4433 1966 397 2659 
4434 1318 1162 2194 
4435 2539 2034 2717 
4436 2339 1563 2377 
4437 2567 1127 2760 
4438 1269 1270 1271 
4439 294 293 1716 
4440 1395 1393 2671 
4441 1178 1108 1192 
4442 871 2319 2848 
4443 1478 1170 2437 
4444 1874 1898 2833 
4445 2106 1673 2411 
4446 1402 2345 2528 
4447 1493 1492 2603 
4448 741 727 2387 
4449 2469 1742 2600 
4450 1579 1578 1580 
4451 1706 1707 2687 
4452 873 1940 2463 
4453 644 1463 2406 
4454 782 779 2425 
4455 1582 2545 2546 
4456 1501 1506 2552 
4457 1808 2155 2557 
4458 1700 670 2431 
4459 1163 1523 2331 
4460 760 756 2421 
4461 1439 2130 2536 
4462 667 671 2796 
4463 588 586 2835 
4464 1607 2410 2749 
4465 1663 1650 2305 
4466 2020 1702 2639 
4467 1792 1628 2171 
4468 2597 1646 2726 
4469 1317 67 2311 
4470 1535 1538 2535 
4471 243 513 2707 
4472 547 624 2391 
4473 68 1317 2018 
4474 2042 516 2790 
4475 860 858 1055 
4476 1831 2178 2758 
4477 513 512 1332 
4478 542 543 2313 
4479 1450 1436 2650 
4480 2157 839 2723 
4481 191 190 1490 
4482 2107 1349 2398 
4483 449 2334 2574 
4484 1074 1425 2355 
4485 1137 778 2422 
4486 2065 1367 2705 
4487 1532 2181 2384 
4488 2559 2046 2681 
4489 405 2091 2608 
4490 1414 1415 1422 
4491 1466 2399 2400 
4492 1484 1412 2699 
4493 648 2310 2842 
4494 925 914 1128 
4495 1166 1865 2513 
4496 1331 515 2372 
4497 1379 2295 2379 
4498 1245 1247 2454 
4499 2560 1205 2714 
4500 1188 1056 1189 
4501 1251 1250 2459 
4502 893 2233 2301 
4503 2059 139 2841 
4504 1351 1352 1354 
4505 2402 573 2738 
4506 2192 538 2418 
4507 1838 2112 2771 
4508 2490 24 2730 
4509 193 789 2257 
4510 1107 1106 1108 
4511 1656 2180 2728 
4512 745 743 2416 
4513 1992 2331 2703 
4514 1747 2225 2840 
4515 421 2179 2609 
4516 2187 106 2611 
4517 832 862 2690 
4518 1585 1584 1587 
4519 976 974 2444 
4520 942 1276 1940 
4521 1228 1386 2828 
4522 2524 888 2818 
4523 2349 2587 2705 
4524 1369 1766 2657 
4525 2160 2209 2343 
4526 635 637 2812 
4527 1563 2369 2377 
4528 1432 1449 2195 
4529 1659 2778 2844 
4530 878 2071 2434 
4531 1677 1295 2355 
4532 1033 1008 2272 
4533 2575 1476 2648 
4534 932 1469 1470 
4535 2356 1856 2357 
4536 1582 2072 2545 
4537 2466 1637 2467 
4538 87 86 1698 
4539 82 81 2606 
4540 1935 1955 2803 
4541 1061 547 2391 
4542 1807 2099 2739 
4543 898 1737 2537 
4544 438 1903 1926 
4545 332 468 1904 
4546 2184 2521 2673 
4547 1146 1438 2359 
4548 2178 2000 2835 
4549 2184 401 2521 
4550 2049 402 2696 
4551 492 1939 2619 
4552 287 286 2463 
4553 1879 2615 2693 
4554 942 1275 1276 
4555 1194 1193 1514 
4556 1988 497 2663 
4557 1846 414 2550 
4558 298 930 2043 
4559 2130 1336 2817 
4560 513 1332 1333 
4561 2221 2424 2544 
4562 2117 1063 2561 
4563 490 2468 2591 
4564 2250 1395 2671 
4565 1048 1046 1193 
4566 1546 1134 2728 
4567 2404 1437 2584 
4568 1680 2036 2505 
4569 2107 2398 2694 
4570 1578 447 1582 
4571 1608 645 2414 
4572 2073 491 2617 
4573 414 2132 2550 
4574 279 278 434 
4575 517 2158 2682 
4576 450 135 1436 
4577 569 566 2441 
4578 509 2227 2228 
4579 2350 1486 2610 
4580 754 2351 2421 
4581 2536 2130 2827 
4582 1660 2230 2661 
4583 1430 1305 2743 
4584 2292 1114 2435 
4585 911 751 2775 
4586 2044 930 2223 
4587 932 928 1469 
4588 775 759 2422 
4589 2026 1585 2744 
4590 1479 1477 2612 
4591 965 963 2448 
4592 1032 988 2520 
4593 1362 2053 2633 
4594 605 608 2482 
4595 1452 2023 2874 
4596 835 866 2698 
4597 2607 1636 2764 
4598 2736 2570 2737 
4599 1470 1469 2468 
4600 697 678 2499 
4601 503 6 515 
4602 2389 2635 2697 
4603 779 781 2425 
4604 2675 1545 2804 
4605 1923 1924 2543 
4606 493 1923 2543 
4607 1677 2355 2451 
4608 2279 1900 2280 
4609 613 2256 2511 
4610 1076 933 2498 
4611 678 676 2499 
4612 2162 755 2515 
4613 2445 1430 2573 
4614 2160 1029 2209 
4615 1850 1594 2801 
4616 292 291 2585 
4617 873 942 1940 
4618 1983 1448 2779 
4619 2282 1945 2631 
4620 2200 1688 2514 
4621 1865 1864 2862 
4622 2224 449 2574 
4623 2169 1387 2684 
4624 1527 1822 2107 
4625 1810 418 2529 
4626 1356 1360 1363 
4627 500 2290 2645 
4628 556 553 2341 
4629 509 2228 2802 
4630 1269 1271 2523 
4631 1063 2271 2561 
4632 2496 471 2855 
4633 2667 1462 2686 
4634 2472 1977 2605 
4635 2233 893 2251 
4636 2288 626 2581 
4637 1583 2026 2805 
4638 1028 2025 2027 
4639 2589 1624 2731 
4640 1276 1559 1560 
4641 1763 426 2655 
4642 2340 1545 2675 
4643 514 2442 2443 
4644 1701 2426 2711 
4645 2223 1720 2338 
4646 986 994 2520 
4647 136 450 2628 
4648 1056 1055 2532 
4649 2420 1060 2781 
4650 1329 2470 2474 
4651 1012 972 2458 
4652 1090 2220 2839 
4653 2521 1641 2673 
4654 1030 2027 2268 
4655 1720 1719 1721 
4656 1526 467 1527 
4657 972 971 2458 
4658 2072 1409 2545 
4659 982 978 2386 
4660 468 1948 2620 
4661 778 775 2422 
4662 507 2095 2800 
4663 1399 1771 2459 
4664 1461 1466 2085 
4665 1588 1587 1589 
4666 438 1926 2813 
4667 2018 1317 2072 
4668 1170 887 2437 
4669 2185 2186 2510 
4670 1700 2032 2125 
4671 1352 1353 1356 
4672 191 1491 2140 
4673 1362 2051 2052 
4674 1340 1550 2634 
4675 1361 1357 1362 
4676 603 605 2482 
4677 1488 2288 2581 
4678 1569 1146 2359 
4679 1904 468 1905 
4680 1699 1701 1897 
4681 1423 1821 2382 
4682 1095 1281 2594 
4683 1045 672 1046 
4684 571 685 2390 
4685 997 992 2494 
4686 2125 2032 2159 
4687 1986 2335 2644 
4688 1250 1254 2459 
4689 1914 1915 2864 
4690 1679 1681 2432 
4691 2168 1881 2693 
4692 873 872 941 
4693 2001 487 2845 
4694 2254 1776 2497 
4695 574 2192 2809 
4696 961 2043 2045 
4697 1538 1540 2613 
4698 943 1940 2446 
4699 103 507 2784 
4700 1198 2085 2867 
4701 1514 1193 1941 
4702 1743 1809 2360 
4703 1476 1442 2648 
4704 2602 1050 2870 
4705 2216 1192 2218 
4706 1430 2445 2496 
4707 1407 1485 1495 
4708 2479 1589 2480 
4709 1769 1770 2566 
4710 1625 2369 2516 
4711 1178 1192 2216 
4712 663 664 1406 
4713 1172 1462 2667 
4714 1486 1106 2610 
4715 551 2313 2341 
4716 1567 1566 2715 
4717 2152 1216 2539 
4718 970 967 2739 
4719 1130 2472 2772 
4720 271 2143 2637 
4721 1716 293 1982 
4722 727 1675 2387 
4723 2506 1567 2715 
4724 1486 2350 2495 
4725 1674 1385 2660 
4726 1057 1056 1188 
4727 907 741 2387 
4728 2293 1935 2803 
4729 1360 2367 2614 
4730 1919 2054 2751 
4731 921 1077 2471 
4732 1675 639 2457 
4733 1326 1272 2265 
4734 2405 1508 2692 
4735 735 1388 2353 
4736 1881 2168 2721 
4737 1448 2221 2544 
4738 1983 1325 2873 
4739 712 643 2406 
4740 611 649 2414 
4741 1238 1241 2478 
4742 722 1230 1231 
4743 1124 2568 2697 
4744 2548 2049 2696 
4745 1378 309 2352 
4746 1436 1529 2650 
4747 685 569 2441 
4748 992 990 2494 
4749 895 782 2425 
4750 2685 1571 2800 
4751 1481 2419 2879 
4752 1607 1274 2410 
4753 2213 1679 2432 
4754 1601 2290 2562 
4755 1126 1384 2522 
4756 2030 2029 2850 
4757 2132 1835 2550 
4758 1937 1596 2840 
4759 2379 1017 2871 
4760 887 2229 2437 
4761 1143 1172 2667 
4762 974 1012 2444 
4763 2377 2369 2589 
4764 1082 1084 2475 
4765 2631 1229 2650 
4766 513 1333 1683 
4767 2149 500 2645 
4768 2097 613 2709 
4769 665 669 2312 
4770 772 745 2416 
4771 1072 2030 2850 
4772 743 907 2416 
4773 1564 2330 2785 
4774 300 961 2262 
4775 2240 947 2687 
4776 1460 1461 2504 
4777 1247 1252 2454 
4778 851 1165 2708 
4779 1633 1371 2637 
4780 1014 1041 2517 
4781 1398 2100 2381 
4782 1690 2127 2695 
4783 671 722 2796 
4784 417 65 2358 
4785 1852 2177 2663 
4786 860 1055 1056 
4787 1611 1612 2580 
4788 926 2318 2585 
4789 1125 1126 2522 
4790 2231 475 2797 
4791 1900 1899 2825 
4792 1729 2349 2705 
4793 645 611 2414 
4794 1188 1189 1508 
4795 2426 1231 2711 
4796 1230 1897 2711 
4797 1513 2161 2596 
4798 566 567 2441 
4799 2083 737 2353 
4800 1892 2091 2555 
4801 1386 2309 2558 
4802 1407 1495 1845 
4803 501 2079 2642 
4804 2201 1555 2255 
4805 2367 1613 2614 
4806 2306 1261 2828 
4807 613 2511 2709 
4808 1393 1472 2671 
4809 2178 2288 2758 
4810 1060 876 2781 
4811 676 682 2499 
4812 2263 621 2853 
4813 2512 2104 2783 
4814 786 944 2528 
4815 1521 1998 2809 
4816 971 1291 2458 
4817 1683 2328 2565 
4818 1275 1274 1607 
4819 789 2141 2746 
4820 639 638 2457 
4821 1861 1860 2830 
4822 1101 1199 2489 
4823 641 711 2457 
4824 1669 1892 2555 
4825 2070 885 2508 
4826 83 82 1586 
4827 190 1351 2440 
4828 657 659 2541 
4829 573 2326 2738 
4830 2635 1124 2697 
4831 2251 893 2411 
4832 2188 1051 2688 
4833 243 512 513 
4834 1290 2448 2449 
4835 1506 2061 2552 
4836 472 2213 2432 
4837 567 564 2643 
4838 296 295 931 
4839 2133 1090 2632 
4840 1243 1245 2509 
4841 2369 1625 2589 
4842 2519 1594 2658 
4843 1189 1056 2532 
4844 1936 2346 2694 
4845 1768 1767 2654 
4846 1469 2590 2591 
4847 1033 2350 2610 
4848 1034 1033 2610 
4849 475 2456 2797 
4850 1529 2631 2650 
4851 1967 1570 2719 
4852 1528 1891 2813 
4853 2146 1390 2861 
4854 2239 666 2556 
4855 402 2073 2774 
4856 2232 2228 2765 
4857 1412 2080 2699 
4858 2215 1410 2527 
4859 649 679 2414 
4860 2213 472 2501 
4861 942 941 1274 
4862 2409 1552 2680 
4863 1421 2461 2829 
4864 1972 2512 2783 
4865 1254 1399 2459 
4866 2386 976 2444 
4867 839 2428 2723 
4868 2228 1451 2765 
4869 714 603 2482 
4870 1263 1902 2823 
4871 1951 2460 2706 
4872 870 788 2848 
4873 1713 1560 1714 
4874 923 2471 2540 
4875 2468 1469 2591 
4876 2091 1255 2555 
4877 998 2404 2584 
4878 2104 1098 2783 
4879 1575 1206 2496 
4880 1057 2651 2749 
4881 990 1032 2494 
4882 2045 2044 2046 
4883 2022 2430 2712 
4884 1721 1719 2365 
4885 2007 399 2577 
4886 1196 2232 2765 
4887 938 2283 2795 
4888 2324 466 2588 
4889 1077 1431 2471 
4890 1574 1293 2469 
4891 1948 433 2718 
4892 1540 2487 2613 
4893 2117 1632 2847 
4894 2573 1430 2743 
4895 1144 2184 2673 
4896 1028 1664 2025 
4897 2620 1948 2718 
4898 1215 687 2856 
4899 105 104 440 
4900 960 301 2262 
4901 1329 1194 2470 
4902 1293 1871 2469 
4903 1760 2472 2605 
4904 2044 2223 2338 
4905 923 921 2471 
4906 64 1314 2358 
4907 2043 2044 2045 
4908 1663 2305 2849 
4909 2461 2167 2829 
4910 1337 1101 2489 
4911 1406 664 1407 
4912 2424 1061 2544 
4913 519 2519 2658 
4914 2412 1450 2598 
4915 1065 1005 2510 
4916 289 2202 2316 
4917 2166 2284 2829 
4918 81 80 2160 
4919 105 440 2611 
4920 191 1490 1491 
4921 968 965 2448 
4922 1864 2255 2862 
4923 994 985 2675 
4924 2321 1418 2629 
4925 445 2551 2742 
4926 798 2597 2726 
4927 1423 1424 1821 
4928 1403 1843 2593 
4929 564 562 2643 
4930 1530 2572 2621 
4931 2359 1438 2588 
4932 1086 1088 2526 
4933 514 280 2442 
4934 2142 2098 2782 
4935 1581 1580 1816 
4936 1001 2185 2510 
4937 1462 2374 2686 
4938 2011 2090 2872 
4939 858 851 2708 
4940 1664 1918 2025 
4941 288 287 943 
4942 1698 670 1699 
4943 1795 2013 2677 
4944 1422 1415 1423 
4945 2540 1682 2824 
4946 1431 1082 2475 
4947 2150 1019 2722 
4948 408 1844 2822 
4949 1606 1189 2882 
4950 932 1470 2498 
4951 2301 1476 2575 
4952 739 1143 2755 
4953 1560 1559 2388 
4954 1084 1643 2475 
4955 1472 1474 2747 
4956 2535 1538 2613 
4957 1905 468 2620 
4958 1106 1034 2610 
4959 453 2022 2712 
4960 2331 1523 2703 
4961 1925 800 2759 
4962 2259 1861 2830 
4963 1239 1238 2478 
4964 2323 1299 2601 
4965 2671 1472 2747 
4966 1523 2333 2703 
4967 488 2573 2743 
4968 2284 1421 2829 
4969 1786 2164 2756 
4970 2234 1986 2644 
4971 1423 2382 2656 
4972 1622 2389 2662 
4973 75 74 2668 
4974 1796 2219 2734 
4975 638 641 2457 
4976 1241 1437 2478 
4977 2227 2050 2628 
4978 1159 2321 2629 
4979 2168 2167 2721 
4980 788 785 2848 
4981 875 2575 2648 
4982 722 1231 1933 
4983 2300 622 2615 
4984 1813 1180 2554 
4985 2398 1458 2694 
4986 2554 2217 2770 
4987 1305 2406 2770 
4988 1924 1144 2673 
4989 2603 1492 2877 
4990 2277 1905 2620 
4991 85 84 2431 
4992 985 2340 2675 
4993 470 2347 2621 
4994 885 2385 2508 
4995 1766 2037 2702 
4996 894 2304 2844 
4997 1542 2247 2820 
4998 2562 1611 2798 
4999 1336 2113 2833 
5000 2091 1892 2608 
5001 2405 1622 2662 
5002 2467 1637 2855 
5003 1406 1407 2616 
5004 873 941 942 
5005 2195 1449 2196 
5006 2264 2263 2853 
5007 2105 2320 2825 
5008 291 926 2585 
5009 2527 1751 2659 
5010 76 75 1030 
5011 944 1402 2528 
5012 2396 1735 2876 
5013 1437 1243 2509 
5014 2317 1715 2318 
5015 491 2337 2821 
5016 2533 1165 2672 
5017 1892 2430 2608 
5018 1460 2504 2530 
5019 1648 2548 2696 
5020 1046 672 1047 
5021 2288 1489 2758 
5022 1189 2532 2882 
5023 1134 1135 2728 
5024 1495 1496 2674 
5025 1707 2240 2687 
5026 874 2294 2788 
5027 2073 2617 2774 
5028 1261 1228 2828 
5029 66 417 2311 
5030 401 2004 2720 
5031 914 863 2537 
5032 1273 2195 2196 
5033 426 304 2417 
5034 926 2317 2318 
5035 1005 1001 2510 
5036 1917 7 2875 
5037 1055 858 2708 
5038 2740 730 2771 
5039 2387 1675 2607 
5040 1442 2306 2648 
5041 1249 1251 2553 
5042 2095 404 2685 
5043 1252 1249 2553 
5044 1206 1430 2496 
5045 1899 2105 2825 
5046 2096 1480 2735 
5047 2565 1639 2670 
5048 2334 2149 2645 
5049 1738 1125 2522 
5050 1544 2632 2839 
5051 1286 2137 2860 
5052 2472 1760 2772 
5053 2428 1464 2723 
5054 942 1274 1275 
5055 957 937 2570 
5056 1351 1354 2440 
5057 1194 1514 2470 
5058 1883 2667 2686 
5059 1590 2624 2852 
5060 143 509 2802 
5061 2557 1302 2564 
5062 2318 1982 2585 
5063 1379 2379 2871 
5064 2617 491 2821 
5065 1182 2377 2589 
5066 1199 1239 2489 
5067 1269 2523 2627 
5068 1009 2566 2819 
5069 1643 1086 2526 
5070 456 2363 2785 
5071 2516 1711 2816 
5072 1682 2508 2824 
5073 1088 1191 2526 
5074 1245 2454 2509 
5075 2137 1889 2860 
5076 1424 2595 2767 
5077 487 2548 2845 
5078 863 898 2537 
5079 422 2565 2670 
5080 1325 635 2812 
5081 2273 931 2789 
5082 2467 1757 2786 
5083 2029 1782 2850 
5084 1276 1275 1559 
5085 1041 1337 2517 
5086 1491 1490 1649 
5087 679 651 2740 
5088 2617 1647 2774 
5089 2053 2052 2679 
5090 2438 894 2844 
5091 1717 1713 2568 
5092 2360 1809 2636 
5093 2419 1708 2879 
5094 1165 2533 2708 
5095 2660 19 2701 
5096 2376 1646 2597 
5097 2348 2234 2644 
5098 2381 1599 2734 
5099 928 925 2590 
5100 2274 1331 2866 
5101 1128 914 2537 
5102 2572 470 2621 
5103 1758 2420 2781 
5104 1811 2150 2722 
5105 937 1076 2570 
5106 2750 1427 2808 
5107 670 85 2431 
5108 651 730 2740 
5109 1093 2409 2680 
5110 1035 1133 2871 
5111 1716 1982 2371 
5112 458 2401 2713 
5113 1431 2475 2622 
5114 2266 780 2638 
5115 2641 453 2712 
5116 1711 2297 2816 
5117 399 2413 2577 
5118 983 2096 2735 
5119 2144 2157 2723 
5120 2598 1450 2650 
5121 2375 1682 2725 
5122 2209 2159 2343 
5123 2493 408 2822 
5124 1494 2439 2766 
5125 2235 514 2649 
5126 2334 1602 2574 
5127 2449 1016 2736 
5128 2043 930 2044 
5129 471 2467 2855 
5130 2587 2065 2705 
5131 1731 2490 2730 
5132 659 663 2541 
5133 2441 567 2587 
5134 1726 2704 2878 
5135 2160 2343 2606 
5136 1143 2667 2755 
5137 2466 2467 2786 
5138 2110 2683 2795 
5139 514 2443 2649 
5140 81 2160 2606 
5141 2635 936 2810 
5142 1589 1587 1590 
5143 1982 292 2585 
5144 2571 507 2800 
5145 1750 2527 2868 
5146 1348 2752 2763 
5147 1835 1695 2752 
5148 963 959 2806 
5149 2333 1524 2786 
5150 2624 2625 2852 
5151 104 103 2784 
5152 1182 2589 2731 
5153 1363 1360 2614 
5154 2090 1479 2872 
5155 2281 1484 2790 
5156 2460 1912 2706 
5157 2464 502 2592 
5158 621 2500 2853 
5159 2696 402 2774 
5160 2399 1840 2400 
5161 2406 1463 2770 
5162 1605 2210 2794 
5163 2102 2306 2828 
5164 1906 2689 2880 
5165 1407 1845 2616 
5166 1714 2388 2389 
5167 959 1016 2806 
5168 2412 1196 2765 
5169 2343 1586 2606 
5170 2489 1239 2661 
5171 1464 2144 2723 
5172 1941 1193 2729 
5173 931 295 2252 
5174 2486 1452 2874 
5175 465 2506 2715 
5176 2524 1191 2627 
5177 2521 401 2720 
5178 1016 957 2570 
5179 1076 2498 2757 
5180 2511 1739 2709 
5181 2523 1271 2583 
5182 751 749 2775 
5183 926 290 2316 
5184 730 2093 2771 
5185 2255 1555 2862 
5186 2266 1328 2799 
5187 1186 1269 2627 
5188 780 2266 2799 
5189 1525 2232 2865 
5190 2121 1853 2814 
5191 943 287 2463 
5192 1133 1379 2871 
5193 1271 1326 2583 
5194 1388 2402 2738 
5195 1575 2496 2855 
5196 1637 1575 2855 
5197 1638 2762 2764 
5198 1699 670 1700 
5199 2337 1768 2821 
5200 1204 2560 2714 
5201 2449 2448 2806 
5202 2448 963 2806 
5203 1735 2193 2876 
5204 1449 1361 2633 
5205 2333 459 2703 
5206 2310 1974 2842 
5207 1437 2509 2584 
5208 1469 928 2590 
5209 1191 1186 2627 
5210 2229 938 2683 
5211 1849 2294 2680 
5212 931 2252 2253 
5213 1451 2412 2765 
5214 2046 2338 2681 
5215 923 2540 2824 
5216 1695 1697 2752 
5217 2468 490 2534 
5218 1381 2360 2636 
5219 1933 1934 2237 
5220 513 1683 2707 
5221 2408 1914 2864 
5222 1622 2405 2791 
5223 2220 1748 2839 
5224 1805 2364 2745 
5225 2350 1277 2495 
5226 2376 2597 2851 
5227 859 860 2749 
5228 2046 2044 2338 
5229 1279 2117 2847 
5230 722 1933 2796 
5231 2210 474 2794 
5232 2237 1934 2479 
5233 1190 1188 2666 
5234 925 1128 2590 
5235 2523 888 2524 
5236 1589 1590 2480 
5237 2112 1404 2766 
5238 1714 1560 2388 
5239 1599 1796 2734 
5240 1993 1663 2849 
5241 1829 2516 2816 
5242 286 873 2463 
5243 1821 2559 2560 
5244 2778 2438 2844 
5245 1918 1609 2768 
5246 1257 2153 2831 
5247 1307 2438 2778 
5248 1955 398 2803 
5249 2257 789 2746 
5250 2580 1210 2798 
5251 2225 1937 2840 
5252 88 1045 2863 
5253 1452 2486 2753 
5254 1643 2526 2710 
5255 2085 2400 2867 
5256 1016 2449 2806 
5257 2364 1752 2745 
5258 398 2078 2857 
5259 1821 1424 2559 
5260 2417 1422 2655 
5261 1555 2513 2862 
5262 1601 2562 2798 
5263 1933 1231 1934 
5264 2624 1109 2625 
5265 2254 2497 2869 
5266 294 1716 2252 
5267 2079 2641 2642 
5268 872 874 2788 
5269 2305 1467 2849 
5270 288 943 2202 
5271 83 1586 2031 
5272 2504 1822 2530 
5273 1470 2468 2878 
5274 1826 2750 2808 
5275 2437 2229 2683 
5276 2274 1244 2843 
5277 926 2316 2317 
5278 1415 960 2595 
5279 2487 899 2613 
5280 1818 2567 2760 
5281 960 2262 2595 
5282 1661 1942 2769 
5283 2304 1659 2844 
5284 2745 1752 2832 
5285 1236 2254 2869 
5286 2508 2385 2824 
5287 2523 2524 2627 
5288 1674 2660 2701 
5289 2372 1661 2769 
5290 2294 1093 2680 
5291 941 872 2788 
5292 1594 2519 2801 
5293 772 2416 2762 
5294 2078 1629 2857 
5295 2428 839 2773 
5296 1361 1362 2633 
5297 1463 2554 2770 
5298 2513 1865 2862 
5299 2533 1055 2708 
5300 2202 943 2446 
5301 1458 2398 2881 
5302 1692 2533 2672 
5303 2152 2539 2882 
5304 1536 2348 2644 
5305 1713 1714 2568 
5306 2320 1498 2825 
5307 1188 1508 2666 
5308 2196 1449 2646 
5309 390 2396 2876 
5310 904 2602 2870 
5311 2398 1099 2881 
5312 1846 2550 2780 
5313 2385 923 2824 
5314 2497 1657 2869 
5315 2737 1076 2757 
5316 769 2745 2832 
5317 2548 1800 2845 
5318 2486 983 2753 
5319 2493 1689 2733 
5320 1325 2812 2873 
5321 1814 2617 2821 
5322 1897 1701 2711 
5323 1449 2633 2646 
5324 994 2675 2804 
5325 2027 2026 2268 
5326 1801 2428 2773 
5327 2626 1826 2808 
5328 1422 1423 2656 
5329 1461 2085 2787 
5330 498 2536 2827 
5331 2480 1590 2852 
5332 1524 2466 2786 
5333 1584 1581 2599 
5334 1699 1700 1701 
5335 1331 2372 2866 
5336 927 2405 2692 
5337 1677 2451 2727 
5338 2551 1709 2742 
5339 1646 2375 2725 
5340 1193 1046 2729 
5341 1571 2571 2800 
5342 2430 1670 2712 
5343 2662 1190 2666 
5344 2667 1883 2755 
5345 2468 2534 2878 
5346 2752 1697 2763 
5347 2112 2740 2771 
5348 2655 1422 2656 
5349 2597 1733 2851 
5350 2032 1586 2343 
5351 1646 2725 2726 
5352 2683 938 2795 
5353 2498 1470 2704 
5354 2504 1461 2787 
5355 1611 2580 2798 
5356 2358 1314 2880 
5357 2498 2704 2757 
5358 7 503 2875 
5359 1581 1816 2599 
5360 2262 961 2767 
5361 1448 2544 2779 
5362 1714 2389 2697 
5363 2568 1714 2697 
5364 1496 2479 2480 
5365 931 2253 2789 
5366 1689 2493 2822 
5367 472 2432 2815 
5368 2095 2685 2800 
5369 1640 2521 2720 
5370 2632 1090 2839 
5371 2031 1586 2032 
5372 1552 2409 2834 
5373 1229 2598 2650 
5374 77 76 2267 
5375 2477 1242 2732 
5376 2803 398 2857 
5377 2103 2591 2826 
5378 2372 2769 2866 
5379 2527 1410 2868 
5380 961 2045 2767 
5381 2570 1076 2737 
5382 2704 1470 2878 
5383 2725 1645 2726 
5384 426 2417 2655 
5385 2405 927 2791 
5386 2223 2273 2789 
5387 9 2626 2808 
5388 1242 2477 2843 
5389 84 2031 2431 
5390 2293 2803 2857 
5391 2641 1671 2642 
5392 2769 1693 2866 
5393 2267 1030 2268 
5394 2027 2025 2805 
5395 2812 1952 2873 
5396 1586 82 2606 
5397 2566 1676 2819 
5398 1046 1047 2729 
5399 2268 2026 2744 
5400 2539 1606 2882 
5401 2625 1950 2852 
5402 2595 2262 2767 
5403 2534 1726 2878 
5404 1763 2655 2656 
5405 1030 75 2668 
5406 2704 1761 2757 
5407 2405 2662 2666 
5408 2400 1237 2867 
5409 2026 2027 2805 
5410 440 104 2784 
5411 2204 2736 2737 
5412 76 1030 2267 
5413 79 78 1029 
5414 137 136 2447 
5415 303 302 1414 
5416 1427 10 2808 
5417 26 25 2490 
5418 80 79 2160 
5419 90 89 405 
5420 109 108 521 
5421 109 521 2724 
5422 134 133 1529 
5423 267 266 435 
5424 272 271 1371 
5425 313 312 1743 
5426 2355 1425 2429 
5427 1845 1495 2674 
5428 1588 2125 2159 
5429 1719 1717 2568 
5430 2316 2202 2446 
$EndElements
