iter,time,f(xk),||Df(xk)||
1,0.548757,3.204080e+04,8163.94359608
2,0.000111,2.675549e+03,1392.40587049
3,0.000099,3.298969e+02,261.76081912
4,0.000099,2.472228e+02,369.84612350
5,0.000089,2.245932e+02,370.72903681
6,0.000083,1.800402e+02,160.43139496
7,0.000087,1.477934e+02,113.70404191
8,0.000098,1.464531e+02,84.79616086
9,0.000090,1.304935e+02,45.48661689
10,0.008961,1.265922e+02,27.58153059
11,0.000129,1.262369e+02,28.92172207
12,0.000101,1.249365e+02,8.13402134
13,0.000082,1.248256e+02,3.30805482
14,0.000126,1.247948e+02,4.47201866
15,0.000088,1.247554e+02,2.75358942
16,0.000115,1.247275e+02,7.24337009
17,0.000089,1.246590e+02,4.10524614
18,0.000115,1.246265e+02,2.93057928
19,0.000095,1.245960e+02,4.37938491
20,0.000115,1.245631e+02,3.21031731
21,0.000103,1.245427e+02,5.47114504
22,0.000097,1.245046e+02,4.03341900
23,0.005004,1.244760e+02,3.25953546
24,0.000082,1.244601e+02,5.98842702
25,0.000076,1.244238e+02,4.81031740
26,0.000077,1.243944e+02,4.06171555
27,0.000081,1.243682e+02,3.57931963
28,0.000076,1.243438e+02,3.27107486
29,0.000078,1.243345e+02,6.68834575
30,0.000082,1.243061e+02,6.20708470
31,0.000086,1.242800e+02,5.90258562
32,0.000083,1.242560e+02,5.74817541
33,0.000090,1.242334e+02,5.72344886
34,0.000134,1.242122e+02,5.82370948
35,0.001236,1.241925e+02,6.05634306
36,0.000088,1.241747e+02,6.43653120
37,0.000085,1.241592e+02,7.00076837
38,0.000085,1.241478e+02,7.78922917
39,0.000086,1.241417e+02,8.88353416
40,0.000079,1.240652e+02,2.50558307
41,0.000099,1.240362e+02,13.75184586
42,0.000104,1.238830e+02,3.71969185
43,0.000090,1.238667e+02,4.67505617
44,0.000091,1.238584e+02,6.29517257
45,0.000092,1.238217e+02,2.75224894
46,0.000097,1.237982e+02,5.93936359
47,0.001265,1.237658e+02,2.80182894
48,0.000092,1.237465e+02,6.48145665
49,0.000086,1.237104e+02,3.00472935
50,0.000091,1.237074e+02,8.13553054
51,0.000082,1.236568e+02,3.53600014
52,0.000081,1.236434e+02,5.01149025
53,0.000077,1.236199e+02,2.86469010
54,0.000081,1.236082e+02,7.44936766
55,0.000081,1.235672e+02,3.64317081
56,0.000083,1.235564e+02,5.49140803
57,0.000086,1.235310e+02,3.13859252
58,0.000085,1.235151e+02,4.42919715
59,0.001041,1.234961e+02,2.88609366
60,0.000082,1.234889e+02,8.05849347
61,0.000081,1.234465e+02,4.29295665
62,0.000080,1.234287e+02,2.92832240
63,0.000077,1.234268e+02,8.66590982
64,0.000078,1.233819e+02,4.83118277
65,0.000076,1.233622e+02,3.21507051
66,0.000079,1.233488e+02,4.97884480
67,0.000078,1.233288e+02,3.33249908
68,0.000082,1.233174e+02,5.37277931
69,0.000083,1.232959e+02,3.56903593
70,0.000080,1.232885e+02,6.09119314
71,0.001208,1.232640e+02,3.98803342
72,0.000121,1.232485e+02,3.02278892
73,0.000105,1.232335e+02,4.64935565
74,0.000092,1.232159e+02,3.37480614
75,0.000096,1.232065e+02,5.76505231
76,0.000094,1.231849e+02,4.01767093
77,0.000094,1.231697e+02,3.12703717
78,0.000125,1.231569e+02,5.12280515
79,0.000097,1.231384e+02,3.76362454
80,0.000101,1.231371e+02,7.08853018
81,0.000097,1.231109e+02,5.00934438
82,0.000093,1.230933e+02,3.78627163
83,0.000119,1.230932e+02,7.29128201
84,0.001340,1.230673e+02,5.28900127
85,0.000106,1.230492e+02,4.04635759
86,0.000095,1.230348e+02,3.30673880
87,0.000089,1.230263e+02,5.98519084
88,0.000082,1.230067e+02,4.60221600
89,0.000082,1.229911e+02,3.71747115
90,0.000082,1.229777e+02,3.17089000
91,0.000084,1.229673e+02,5.65410254
92,0.000083,1.229495e+02,4.51674551
93,0.000082,1.229346e+02,3.75300794
94,0.000082,1.229214e+02,3.25248678
95,0.000081,1.229131e+02,6.05548786
96,0.001021,1.228950e+02,4.94721258
97,0.000082,1.228797e+02,4.15697821
98,0.000081,1.228660e+02,3.60096198
99,0.000079,1.228658e+02,7.37211704
100,0.000078,1.228453e+02,6.12477048
101,0.000078,1.228283e+02,5.18016431
102,0.000078,1.228132e+02,4.46693716
103,0.000082,1.227995e+02,3.93306367
104,0.000078,1.227865e+02,3.53570655
105,0.000078,1.227859e+02,7.35940099
106,0.000080,1.227675e+02,6.38487138
107,0.000079,1.227513e+02,5.60760364
108,0.001112,1.227364e+02,4.98621289
109,0.000115,1.227226e+02,4.49119093
110,0.000096,1.227095e+02,4.09630701
111,0.000093,1.226969e+02,3.78227911
112,0.000094,1.226846e+02,3.53225217
113,0.000097,1.226725e+02,3.33355122
114,0.000093,1.226686e+02,6.90131263
115,0.000098,1.226535e+02,6.35576535
116,0.000092,1.226393e+02,5.89622232
117,0.000091,1.226257e+02,5.51049582
118,0.000121,1.226126e+02,5.18562042
119,0.000112,1.225999e+02,4.91301244
120,0.001362,1.225874e+02,4.68386398
121,0.000097,1.225752e+02,4.49223474
122,0.000098,1.225631e+02,4.33216171
123,0.000120,1.225512e+02,4.19958034
124,0.000101,1.225394e+02,4.09049928
125,0.000099,1.225277e+02,4.00219872
126,0.000105,1.225161e+02,3.93208755
127,0.000097,1.225045e+02,3.87843122
128,0.000118,1.224930e+02,3.83967021
129,0.000085,1.224816e+02,3.81481977
130,0.000084,1.224702e+02,3.80312619
131,0.000084,1.224588e+02,3.80421295
132,0.001043,1.224475e+02,3.81801411
133,0.000079,1.224363e+02,3.84469455
134,0.000081,1.224251e+02,3.88484636
135,0.000080,1.224139e+02,3.93917213
136,0.000078,1.224028e+02,4.00897220
137,0.000080,1.223918e+02,4.09553987
138,0.000085,1.223809e+02,4.20101578
139,0.000080,1.223700e+02,4.32739162
140,0.000078,1.223593e+02,4.47787465
141,0.000079,1.223487e+02,4.65531963
142,0.000080,1.223383e+02,4.86434942
143,0.000082,1.223281e+02,5.10891193
144,0.001028,1.223182e+02,5.39557121
145,0.000090,1.223086e+02,5.72968191
146,0.000089,1.222994e+02,6.12054868
147,0.000094,1.222908e+02,6.57535958
148,0.000113,1.222828e+02,7.10740038
149,0.000098,1.222757e+02,7.72626815
150,0.000099,1.222698e+02,8.45118841
151,0.000094,1.222654e+02,9.29491087
152,0.000095,1.222629e+02,10.28573184
153,0.000086,1.222113e+02,2.48371034
154,0.000095,1.221627e+02,9.96599735
155,0.000094,1.221151e+02,2.54170200
156,0.001323,1.221019e+02,13.46316370
157,0.000094,1.220193e+02,2.77938694
158,0.000142,1.220051e+02,5.22536399
159,0.000098,1.219983e+02,6.13087536
160,0.000098,1.219938e+02,7.30293346
161,0.000103,1.219931e+02,8.79519065
162,0.000117,1.219564e+02,2.59688031
163,0.000103,1.219363e+02,8.06257365
164,0.000098,1.219053e+02,2.59639643
165,0.000106,1.218855e+02,8.13810520
166,0.000097,1.218543e+02,2.63183037
167,0.000109,1.218400e+02,8.93158713
168,0.001103,1.218034e+02,2.71975286
169,0.000087,1.218028e+02,10.63769734
170,0.000079,1.217528e+02,2.90416581
171,0.000080,1.217436e+02,6.37128401
172,0.000082,1.217434e+02,8.20144233
173,0.000078,1.217127e+02,2.74225868
174,0.000080,1.216989e+02,5.37632125
175,0.000082,1.216953e+02,6.89301651
176,0.000078,1.216728e+02,2.65650774
177,0.000081,1.216635e+02,9.71140702
178,0.000079,1.216224e+02,2.95853712
179,0.000088,1.216155e+02,6.86062466
180,0.000964,1.215934e+02,2.69697151
181,0.000085,1.215911e+02,10.62031333
182,0.000110,1.215435e+02,3.15863595
183,0.000084,1.215337e+02,3.73933134
184,0.000082,1.215256e+02,4.68576199
185,0.000083,1.215207e+02,6.15354002
186,0.000082,1.215026e+02,2.67693700
187,0.000093,1.214978e+02,10.39325335
188,0.000090,1.214528e+02,3.24092467
189,0.000118,1.214435e+02,3.93233278
190,0.000095,1.214362e+02,5.07982439
191,0.000116,1.214335e+02,6.88509659
192,0.001624,1.214120e+02,2.80387975
193,0.000102,1.214009e+02,6.08135981
194,0.000096,1.213835e+02,2.72443831
195,0.000102,1.213699e+02,5.52717993
196,0.000102,1.213698e+02,7.68972320
197,0.000101,1.213443e+02,2.96253879
198,0.000105,1.213386e+02,7.22401450
199,0.000100,1.213158e+02,2.91552604
200,0.000105,1.213087e+02,6.94829315
201,0.000102,1.212873e+02,2.89400327
202,0.000107,1.212796e+02,6.83379167
203,0.000100,1.212590e+02,2.89467060
204,0.001274,1.212513e+02,6.86749029
205,0.000095,1.212306e+02,2.91709434
206,0.000116,1.212239e+02,7.04873618
207,0.000085,1.212023e+02,2.96356813
208,0.000082,1.211973e+02,7.38906912
209,0.000082,1.211741e+02,3.03936405
210,0.000085,1.211719e+02,7.91285841
211,0.000083,1.211460e+02,3.15350340
212,0.000081,1.211368e+02,3.95284925
213,0.000084,1.211307e+02,5.40460353
214,0.000090,1.211167e+02,2.74928170
215,0.000085,1.211045e+02,5.93057605
216,0.001087,1.210885e+02,2.84190655
217,0.000092,1.210796e+02,6.65129316
218,0.000136,1.210604e+02,2.97846734
219,0.000133,1.210564e+02,7.62917175
220,0.000102,1.210325e+02,3.18015888
221,0.000106,1.210235e+02,4.06301933
222,0.000106,1.210183e+02,5.70735299
223,0.000104,1.210033e+02,2.84632859
224,0.000110,1.209948e+02,6.76699518
225,0.000109,1.209754e+02,3.05577039
226,0.000098,1.209747e+02,8.24449866
227,0.000113,1.209478e+02,3.38530188
228,0.001398,1.209398e+02,4.51115500
229,0.000100,1.209370e+02,6.58480970
230,0.000106,1.209186e+02,3.04832681
231,0.000105,1.209178e+02,8.24467717
232,0.000095,1.208911e+02,3.42480512
233,0.000093,1.208833e+02,4.62130936
234,0.000101,1.208815e+02,6.84781654
235,0.000102,1.208620e+02,3.14156037
236,0.000101,1.208532e+02,4.07300913
237,0.000103,1.208485e+02,5.87733959
238,0.000097,1.208332e+02,2.95086547
239,0.000101,1.208290e+02,7.66606626
240,0.001080,1.208057e+02,3.35869560
241,0.000079,1.207978e+02,4.54197879
242,0.000081,1.207959e+02,6.79663026
243,0.000081,1.207769e+02,3.18202784
244,0.000080,1.207683e+02,4.19815386
245,0.000078,1.207645e+02,6.18645660
246,0.000079,1.207482e+02,3.05683752
247,0.000079,1.207392e+02,3.94599295
248,0.000081,1.207341e+02,5.73844665
249,0.000079,1.207197e+02,2.97574087
250,0.000080,1.207168e+02,7.95930720
251,0.000078,1.206926e+02,3.52514576
252,0.000934,1.206856e+02,4.94692621
253,0.000076,1.206739e+02,2.82624205
254,0.000090,1.206655e+02,6.88417148
255,0.000088,1.206465e+02,3.28197727
256,0.000085,1.206385e+02,4.47335554
257,0.000081,1.206368e+02,6.82533305
258,0.000123,1.206181e+02,3.27950130
259,0.000092,1.206101e+02,4.48120690
260,0.000094,1.206085e+02,6.87233149
261,0.000093,1.205898e+02,3.31308468
262,0.000095,1.205820e+02,4.56843669
263,0.000094,1.205811e+02,7.06021371
264,0.001313,1.205615e+02,3.37482666
265,0.000093,1.205541e+02,4.71233670
266,0.000097,1.205432e+02,2.81449457
267,0.000097,1.205347e+02,6.88091368
268,0.000098,1.205160e+02,3.35495929
269,0.000099,1.205085e+02,4.69481256
270,0.000093,1.204978e+02,2.82330921
271,0.000098,1.204897e+02,6.98535172
272,0.000104,1.204707e+02,3.41073536
273,0.000098,1.204636e+02,4.83813196
274,0.000091,1.204525e+02,2.86862869
275,0.000098,1.204462e+02,7.37937755
276,0.001101,1.204256e+02,3.55113354
277,0.000080,1.204192e+02,5.16152098
278,0.000077,1.204072e+02,2.96019949
279,0.000079,1.204047e+02,8.11384257
280,0.000080,1.203808e+02,3.80257342
281,0.000079,1.203759e+02,5.71470232
282,0.000078,1.203621e+02,3.11927019
283,0.000078,1.203537e+02,4.24606138
284,0.000088,1.203515e+02,6.64057113
285,0.000079,1.203344e+02,3.39468733
286,0.000082,1.203273e+02,4.87710190
287,0.000077,1.203163e+02,2.91955213
288,0.000947,1.203124e+02,7.88687764
289,0.000076,1.202900e+02,3.80420914
290,0.000077,1.202852e+02,5.78075066
291,0.000074,1.202714e+02,3.17731090
292,0.000075,1.202633e+02,4.41815729
293,0.000075,1.202626e+02,7.05687301
294,0.000077,1.202439e+02,3.56756724
295,0.000077,1.202379e+02,5.30112403
296,0.000079,1.202257e+02,3.05895546
297,0.000083,1.202171e+02,4.15761438
298,0.000164,1.202147e+02,6.56675917
299,0.000103,1.201982e+02,3.44430055
300,0.001237,1.201916e+02,5.05638082
301,0.000093,1.201801e+02,3.00811060
302,0.000093,1.201713e+02,4.05191706
303,0.000096,1.201684e+02,6.37718142
304,0.000092,1.201526e+02,3.40532057
305,0.000090,1.201459e+02,4.99009839
306,0.000110,1.201347e+02,3.00238003
307,0.000092,1.201259e+02,4.05227323
308,0.000093,1.201231e+02,6.41266571
309,0.000097,1.201073e+02,3.44130666
310,0.000100,1.201008e+02,5.09511595
311,0.000104,1.200893e+02,3.04734678
312,0.001250,1.200808e+02,4.17870423
313,0.000079,1.200789e+02,6.70698819
314,0.000081,1.200621e+02,3.55640112
315,0.000088,1.200563e+02,5.37500901
316,0.000077,1.200441e+02,3.14328694
317,0.000079,1.200361e+02,4.42706166
318,0.000078,1.200265e+02,2.87527442
319,0.000078,1.200214e+02,7.73304993
320,0.000079,1.200006e+02,3.94296034
321,0.000081,1.199973e+02,6.25938402
322,0.000078,1.199823e+02,3.44759882
323,0.000079,1.199760e+02,5.16825885
324,0.000992,1.199645e+02,3.10685094
325,0.000074,1.199563e+02,4.36738827
326,0.000079,1.199561e+02,7.19775300
327,0.000075,1.199377e+02,3.79479887
328,0.000074,1.199336e+02,5.97541474
329,0.000084,1.199197e+02,3.38249767
330,0.000078,1.199131e+02,5.04722544
331,0.000075,1.199020e+02,3.08978504
332,0.000077,1.198938e+02,4.34753458
333,0.000078,1.198936e+02,7.19775931
334,0.000075,1.198753e+02,3.82645908
335,0.000078,1.198715e+02,6.07912413
336,0.001051,1.198573e+02,3.44134605
337,0.000086,1.198511e+02,5.21154573
338,0.000084,1.198396e+02,3.15943765
339,0.000087,1.198319e+02,4.54138790
340,0.000086,1.198221e+02,2.95477249
341,0.000094,1.198209e+02,8.50907801
342,0.000091,1.197972e+02,4.36774633
343,0.000087,1.197880e+02,2.91050877
344,0.000094,1.197849e+02,8.18016348
345,0.000089,1.197629e+02,4.26712814
346,0.000095,1.197624e+02,7.11857650
347,0.000090,1.197447e+02,3.87060110
348,0.001213,1.197415e+02,6.25359119
349,0.000088,1.197269e+02,3.55933378
350,0.000099,1.197216e+02,5.54906747
351,0.000095,1.197093e+02,3.31594506
352,0.000093,1.197025e+02,4.97565767
353,0.000087,1.196918e+02,3.12620521
354,0.000095,1.196840e+02,4.50948454
355,0.000093,1.196745e+02,2.97856596
356,0.000092,1.196659e+02,4.13101424
357,0.000087,1.196646e+02,6.87881229
358,0.000080,1.196480e+02,3.82595991
359,0.000082,1.196446e+02,6.20274656
360,0.000992,1.196304e+02,3.57894987
361,0.000078,1.196253e+02,5.63830190
362,0.000077,1.196128e+02,3.37906719
363,0.000085,1.196066e+02,5.16662565
364,0.000077,1.195954e+02,3.21733620
365,0.000075,1.195882e+02,4.77219745
366,0.000076,1.195781e+02,3.08640395
367,0.000077,1.195702e+02,4.44217703
368,0.000078,1.195609e+02,2.98027925
369,0.000077,1.195523e+02,4.16590360
370,0.000077,1.195516e+02,7.02720742
371,0.000076,1.195347e+02,3.94088025
372,0.000913,1.195323e+02,6.52762838
373,0.000072,1.195171e+02,3.75163641
374,0.000076,1.195134e+02,6.09876379
375,0.000076,1.194997e+02,3.59244642
376,0.000080,1.194949e+02,5.73040355
377,0.000077,1.194824e+02,3.45847895
378,0.000096,1.194767e+02,5.41390463
379,0.000090,1.194651e+02,3.34568336
380,0.000088,1.194587e+02,5.14196013
381,0.000086,1.194478e+02,3.25067708
382,0.000089,1.194409e+02,4.90839300
383,0.000092,1.194306e+02,3.17064405
384,0.001226,1.194232e+02,4.70797977
385,0.000090,1.194134e+02,3.10324647
386,0.000091,1.194056e+02,4.53630402
387,0.000135,1.193962e+02,3.04654889
388,0.000152,1.193882e+02,4.38963496
389,0.000112,1.193791e+02,2.99895361
390,0.000103,1.193708e+02,4.26482681
391,0.000097,1.193620e+02,2.95914599
392,0.000107,1.193620e+02,8.83501630
393,0.000108,1.193383e+02,4.81236661
394,0.000104,1.193283e+02,3.15966512
395,0.000107,1.193209e+02,4.71009638
396,0.001203,1.193112e+02,3.12623344
397,0.000080,1.193036e+02,4.62656450
398,0.000082,1.192941e+02,3.09955609
399,0.000078,1.192864e+02,4.56005931
400,0.000080,1.192770e+02,3.07898020
401,0.000081,1.192692e+02,4.50927662
402,0.000077,1.192599e+02,3.06400850
403,0.000078,1.192520e+02,4.47321584
404,0.000080,1.192429e+02,3.05427475
405,0.000080,1.192349e+02,4.45114343
406,0.000090,1.192258e+02,3.04952939
407,0.000083,1.192179e+02,4.44256994
408,0.000954,1.192088e+02,3.04963017
409,0.000077,1.192008e+02,4.44723474
410,0.000074,1.191917e+02,3.05453619
411,0.000074,1.191838e+02,4.46509638
412,0.000075,1.191747e+02,3.06430503
413,0.000076,1.191669e+02,4.49632763
414,0.000076,1.191577e+02,3.07909259
415,0.000077,1.191500e+02,4.54131505
416,0.000077,1.191407e+02,3.09915576
417,0.000080,1.191331e+02,4.60066282
418,0.000081,1.191237e+02,3.12485754
419,0.000082,1.191163e+02,4.67520073
420,0.001132,1.191067e+02,3.15667500
421,0.000091,1.190995e+02,4.76599655
422,0.000088,1.190898e+02,3.19520982
423,0.000090,1.190828e+02,4.87437266
424,0.000092,1.190728e+02,3.24120170
425,0.000089,1.190661e+02,5.00192750
426,0.000090,1.190559e+02,3.29554471
427,0.000091,1.190496e+02,5.15056208
428,0.000090,1.190390e+02,3.35930674
429,0.000092,1.190331e+02,5.32251215
430,0.000092,1.190221e+02,3.43375223
431,0.000110,1.190168e+02,5.52038683
432,0.001224,1.190052e+02,3.52036845
433,0.000093,1.190005e+02,5.74721469
434,0.000085,1.189884e+02,3.62089552
435,0.000079,1.189845e+02,6.00649850
436,0.000078,1.189717e+02,3.73736066
437,0.000077,1.189686e+02,6.30228026
438,0.000078,1.189549e+02,3.87211699
439,0.000081,1.189529e+02,6.63921847
440,0.000078,1.189383e+02,4.02788781
441,0.000091,1.189375e+02,7.02267992
442,0.000082,1.189217e+02,4.20781719
443,0.000079,1.189133e+02,3.01232051
444,0.000964,1.189052e+02,4.41316847
445,0.000074,1.188964e+02,3.09467774
446,0.000076,1.188889e+02,4.65026652
447,0.000074,1.188795e+02,3.19204470
448,0.000077,1.188727e+02,4.92382822
449,0.000074,1.188627e+02,3.30717387
450,0.000077,1.188566e+02,5.23934044
451,0.000076,1.188460e+02,3.44330290
452,0.000076,1.188409e+02,5.60314579
453,0.000076,1.188293e+02,3.60421816
454,0.000077,1.188254e+02,6.02258013
455,0.000087,1.188127e+02,3.79432925
456,0.000949,1.188102e+02,6.50614367
457,0.000080,1.187962e+02,4.01875498
458,0.000079,1.187956e+02,7.06371055
459,0.000092,1.187799e+02,4.28342468
460,0.000099,1.187713e+02,3.06332776
461,0.000094,1.187637e+02,4.59029035
462,0.000097,1.187545e+02,3.19034381
463,0.000106,1.187477e+02,4.95096928
464,0.000101,1.187378e+02,3.34447439
465,0.000103,1.187321e+02,5.37433777
466,0.000110,1.187212e+02,3.53120466
467,0.000120,1.187168e+02,5.87076289
468,0.001384,1.187046e+02,3.75695950
469,0.000096,1.187020e+02,6.45235268
470,0.000099,1.186883e+02,4.02922161
471,0.000097,1.186879e+02,7.13329781
472,0.000099,1.186721e+02,4.35667963
473,0.000098,1.186635e+02,3.10964326
474,0.000114,1.186562e+02,4.74690720
475,0.000100,1.186468e+02,3.27569636
476,0.000099,1.186406e+02,5.21369121
477,0.000101,1.186301e+02,3.48178147
478,0.000104,1.186255e+02,5.77065812
479,0.000101,1.186137e+02,3.73655778
480,0.001188,1.186110e+02,6.43388447
481,0.000081,1.185974e+02,4.05016593
482,0.000082,1.185973e+02,7.22240659
483,0.000090,1.185814e+02,4.43443736
484,0.000077,1.185726e+02,3.15582750
485,0.000080,1.185657e+02,4.89835852
486,0.000079,1.185560e+02,3.35799431
487,0.000080,1.185505e+02,5.46125997
488,0.000080,1.185395e+02,3.61329836
489,0.000079,1.185359e+02,6.14174097
490,0.000078,1.185233e+02,3.93372665
491,0.000079,1.185223e+02,6.96194244
492,0.000979,1.185072e+02,4.33330751
493,0.000101,1.184987e+02,3.12447976
494,0.000089,1.184916e+02,4.82593952
495,0.000092,1.184821e+02,3.34013701
496,0.000122,1.184765e+02,5.43275547
497,0.000103,1.184657e+02,3.61754509
498,0.000103,1.184622e+02,6.17648240
499,0.000108,1.184495e+02,3.97153154
500,0.000112,1.184489e+02,7.08437582
501,0.000111,1.184336e+02,4.41951927
502,0.000100,1.184250e+02,3.17192394
503,0.000107,1.184182e+02,4.97750776
504,0.001340,1.184084e+02,3.42132870
505,0.000097,1.184035e+02,5.67232518
506,0.000097,1.183921e+02,3.74618688
507,0.000095,1.183897e+02,6.53234635
508,0.000100,1.183761e+02,4.16508187
509,0.000094,1.183680e+02,3.07092404
510,0.000100,1.183605e+02,4.69751138
511,0.000097,1.183514e+02,3.30572684
512,0.000097,1.183456e+02,5.37087877
513,0.000109,1.183350e+02,3.61749904
514,0.000099,1.183316e+02,6.21590103
515,0.000100,1.183189e+02,4.02666503
516,0.001138,1.183110e+02,3.01900684
517,0.000081,1.183033e+02,4.55387630
518,0.000077,1.182944e+02,3.25049151
519,0.000080,1.182883e+02,5.22946667
520,0.000078,1.182781e+02,3.56273403
521,0.000079,1.182743e+02,6.08707857
522,0.000078,1.182620e+02,3.97832156
523,0.000090,1.182617e+02,7.16758930
524,0.000081,1.182464e+02,4.52401810
525,0.000079,1.182376e+02,3.24573577
526,0.000079,1.182315e+02,5.22895831
527,0.000076,1.182213e+02,3.57390110
528,0.000950,1.182176e+02,6.13297167
529,0.000078,1.182053e+02,4.01583176
530,0.000074,1.181974e+02,3.02715934
531,0.000078,1.181898e+02,4.59871485
532,0.000079,1.181809e+02,3.28788322
533,0.000084,1.181751e+02,5.36039790
534,0.000087,1.181646e+02,3.64764732
535,0.000086,1.181616e+02,6.34418056
536,0.000085,1.181488e+02,4.13578348
537,0.000114,1.181407e+02,3.08588696
538,0.000093,1.181335e+02,4.78493667
539,0.001197,1.181243e+02,3.38261597
540,0.000109,1.181192e+02,5.63824799
541,0.000092,1.181082e+02,3.79462970
542,0.000093,1.181064e+02,6.74652224
543,0.000092,1.180925e+02,4.35624119
544,0.000088,1.180841e+02,3.19122888
545,0.000089,1.180777e+02,5.10472718
546,0.000108,1.180678e+02,3.54330537
547,0.000100,1.180640e+02,6.09134485
548,0.000098,1.180519e+02,4.03294810
549,0.000099,1.180441e+02,3.05132534
550,0.000097,1.180367e+02,4.69837907
551,0.001201,1.180276e+02,3.35711253
552,0.000086,1.180224e+02,5.58930021
553,0.000077,1.180116e+02,3.79087932
554,0.000079,1.180099e+02,6.76502457
555,0.000080,1.179960e+02,4.39307452
556,0.000083,1.179876e+02,3.22051558
557,0.000079,1.179814e+02,5.20866905
558,0.000082,1.179714e+02,3.61094836
559,0.000079,1.179682e+02,6.29843019
560,0.000081,1.179556e+02,4.16199927
561,0.000083,1.179476e+02,3.11967544
562,0.000081,1.179407e+02,4.92026094
563,0.000939,1.179313e+02,3.47770396
564,0.000083,1.179271e+02,5.94614470
565,0.000075,1.179154e+02,3.99110208
566,0.000075,1.179077e+02,3.04668900
567,0.000074,1.179003e+02,4.70677491
568,0.000073,1.178913e+02,3.38104050
569,0.000076,1.178864e+02,5.68611799
570,0.000106,1.178754e+02,3.86720592
571,0.000087,1.178745e+02,7.00327694
572,0.000080,1.178601e+02,4.55608980
573,0.000080,1.178514e+02,3.31473376
574,0.000079,1.178460e+02,5.50690914
575,0.001102,1.178354e+02,3.78451926
576,0.000093,1.178338e+02,6.79732650
577,0.000095,1.178200e+02,4.45782895
578,0.000092,1.178116e+02,3.27312496
579,0.000090,1.178058e+02,5.39519149
580,0.000089,1.177955e+02,3.73537850
581,0.000099,1.177935e+02,6.67706872
582,0.000095,1.177801e+02,4.40407269
583,0.000093,1.177717e+02,3.25256681
584,0.000093,1.177659e+02,5.34342676
585,0.000092,1.177557e+02,3.71644731
586,0.000098,1.177536e+02,6.63699369
587,0.001231,1.177403e+02,4.39297358
588,0.000091,1.177320e+02,3.25196631
589,0.000096,1.177261e+02,5.34896984
590,0.000100,1.177159e+02,3.72607913
591,0.000092,1.177139e+02,6.67256708
592,0.000087,1.177006e+02,4.42161411
593,0.000082,1.176922e+02,3.27042848
594,0.000080,1.176865e+02,5.41027946
595,0.000080,1.176762e+02,3.76437666
596,0.000082,1.176746e+02,6.78538101
597,0.000081,1.176610e+02,4.49232823
598,0.000081,1.176525e+02,3.30924899
599,0.000972,1.176472e+02,5.53007291
600,0.000077,1.176366e+02,3.83291551
601,0.000080,1.176356e+02,6.97778695
602,0.000076,1.176216e+02,4.60642661
603,0.000081,1.176129e+02,3.36992983
604,0.000074,1.176080e+02,5.71217405
605,0.000077,1.175971e+02,3.93503266
606,0.000077,1.175971e+02,7.25826234
607,0.000077,1.175823e+02,4.77053004
608,0.000077,1.175733e+02,3.45631200
609,0.000077,1.175691e+02,5.96485756
610,0.000080,1.175577e+02,4.07573620
611,0.000910,1.175499e+02,3.12033134
612,0.000080,1.175431e+02,4.98839723
613,0.000080,1.175338e+02,3.57169794
614,0.000080,1.175306e+02,6.29532257
615,0.000088,1.175183e+02,4.26084951
616,0.000082,1.175103e+02,3.21290130
617,0.000095,1.175042e+02,5.27321242
618,0.000087,1.174943e+02,3.72381799
619,0.000095,1.174925e+02,6.72025418
620,0.000090,1.174792e+02,4.50050414
621,0.000093,1.174708e+02,3.33469460
622,0.000095,1.174657e+02,5.63770134
623,0.001237,1.174550e+02,3.92146974
624,0.000098,1.174550e+02,7.25945897
625,0.000092,1.174403e+02,4.80837965
626,0.000099,1.174313e+02,3.49405389
627,0.000096,1.174275e+02,6.09990300
628,0.000091,1.174159e+02,4.17606787
629,0.000092,1.174080e+02,3.18188833
630,0.000098,1.174017e+02,5.19712263
631,0.000094,1.173920e+02,3.69994397
632,0.000094,1.173900e+02,6.67885569
633,0.000100,1.173769e+02,4.50109758
634,0.000101,1.173685e+02,3.34646207
635,0.001059,1.173636e+02,5.69006080
636,0.000080,1.173528e+02,3.96692877
637,0.000082,1.173453e+02,3.08631240
638,0.000079,1.173383e+02,4.91416168
639,0.000078,1.173292e+02,3.56169540
640,0.000078,1.173260e+02,6.31032243
641,0.000079,1.173139e+02,4.31117360
642,0.000079,1.173058e+02,3.25821645
643,0.000078,1.173002e+02,5.44162246
644,0.000078,1.172901e+02,3.84438513
645,0.000080,1.172894e+02,7.09319577
646,0.000079,1.172754e+02,4.75541405
647,0.000927,1.172665e+02,3.48759441
648,0.000077,1.172628e+02,6.11378126
649,0.000076,1.172512e+02,4.21523120
650,0.000077,1.172433e+02,3.21652142
651,0.000075,1.172373e+02,5.32682006
652,0.000078,1.172274e+02,3.79263033
653,0.000077,1.172264e+02,6.96734319
654,0.000077,1.172127e+02,4.69879282
655,0.000077,1.172040e+02,3.46575870
656,0.000080,1.172001e+02,6.06312569
657,0.000081,1.171886e+02,4.19881317
658,0.000084,1.171808e+02,3.21404352
659,0.001081,1.171748e+02,5.32875430
660,0.000091,1.171650e+02,3.80277408
661,0.000089,1.171640e+02,7.00848278
662,0.000085,1.171503e+02,4.73598289
663,0.000088,1.171416e+02,3.49223893
664,0.000170,1.171379e+02,6.14991802
665,0.000122,1.171263e+02,4.25812431
666,0.000093,1.171183e+02,3.24945758
667,0.000096,1.171127e+02,5.44460879
668,0.000096,1.171026e+02,3.87435811
669,0.000097,1.171024e+02,7.21599881
670,0.000102,1.170882e+02,4.86831103
671,0.001319,1.170792e+02,3.56891937
672,0.000101,1.170763e+02,6.37861423
673,0.000084,1.170642e+02,4.39747559
674,0.000079,1.170560e+02,3.32619576
675,0.000082,1.170510e+02,5.68252149
676,0.000083,1.170405e+02,4.01376602
677,0.000081,1.170329e+02,3.13411240
678,0.000079,1.170264e+02,5.10483839
679,0.000079,1.170170e+02,3.70265736
680,0.000082,1.170153e+02,6.76416717
681,0.000081,1.170023e+02,4.62810945
682,0.000089,1.169937e+02,3.45207155
683,0.000977,1.169898e+02,6.06006241
684,0.000081,1.169785e+02,4.23363211
685,0.000076,1.169706e+02,3.25012558
686,0.000076,1.169650e+02,5.46821116
687,0.000079,1.169550e+02,3.90858278
688,0.000076,1.169476e+02,3.08800189
689,0.000078,1.169408e+02,4.97114642
690,0.000077,1.169316e+02,3.64120298
691,0.000077,1.169294e+02,6.60877287
692,0.000078,1.169168e+02,4.55570124
693,0.000078,1.169084e+02,3.42278320
694,0.000080,1.169043e+02,5.98907361
695,0.000993,1.168932e+02,4.20784248
696,0.000087,1.168854e+02,3.24406177
697,0.000095,1.168798e+02,5.46167348
698,0.000090,1.168698e+02,3.91676157
699,0.000087,1.168624e+02,3.09802308
700,0.000089,1.168556e+02,5.01311299
701,0.000089,1.168465e+02,3.67391667
702,0.000092,1.168446e+02,6.71603386
703,0.000089,1.168318e+02,4.63345182
704,0.000092,1.168233e+02,3.47228997
705,0.000096,1.168196e+02,6.14621231
706,0.000093,1.168082e+02,4.31050070
707,0.001249,1.168002e+02,3.30431013
708,0.000094,1.167952e+02,5.65521452
709,0.000093,1.167848e+02,4.03647013
710,0.000094,1.167772e+02,3.16460763
711,0.000094,1.167711e+02,5.23198633
712,0.000092,1.167615e+02,3.80385264
713,0.000097,1.167609e+02,7.09253469
714,0.000099,1.167472e+02,4.86866522
715,0.000092,1.167384e+02,3.60751730
716,0.000111,1.167359e+02,6.54772386
717,0.000099,1.167236e+02,4.55556039
718,0.000994,1.167153e+02,3.44113263
719,0.000091,1.167114e+02,6.07234579
720,0.000080,1.167002e+02,4.28539679
721,0.000079,1.166923e+02,3.30008026
722,0.000080,1.166872e+02,5.65741815
723,0.000078,1.166769e+02,4.05267392
724,0.000077,1.166693e+02,3.18059395
725,0.000080,1.166633e+02,5.29496369
726,0.000079,1.166537e+02,3.85193505
727,0.000079,1.166535e+02,7.24520077
728,0.000082,1.166396e+02,4.97969022
729,0.000084,1.166306e+02,3.67975495
730,0.000934,1.166288e+02,6.77017894
731,0.000085,1.166161e+02,4.70413030
732,0.000075,1.166075e+02,3.53128900
733,0.000078,1.166044e+02,6.35061840
734,0.000078,1.165927e+02,4.46282454
735,0.000079,1.165845e+02,3.40313748
736,0.000078,1.165803e+02,5.97989745
737,0.000084,1.165694e+02,4.25182260
738,0.000081,1.165616e+02,3.29256644
739,0.000081,1.165565e+02,5.65199739
740,0.000084,1.165462e+02,4.06694639
741,0.000096,1.165387e+02,3.19702520
742,0.001460,1.165328e+02,5.36187248
743,0.000116,1.165231e+02,3.90515703
744,0.000101,1.165158e+02,3.11446842
745,0.000097,1.165093e+02,5.10495172
746,0.000097,1.165000e+02,3.76329503
747,0.000094,1.164992e+02,7.02667698
748,0.000105,1.164859e+02,4.87869429
749,0.000103,1.164771e+02,3.63972742
750,0.000107,1.164750e+02,6.68194400
751,0.000104,1.164626e+02,4.67827091
752,0.000104,1.164541e+02,3.53136781
753,0.000104,1.164511e+02,6.37402793
754,0.001378,1.164394e+02,4.50036344
755,0.000089,1.164312e+02,3.43622084
756,0.000095,1.164273e+02,6.09906548
757,0.000086,1.164162e+02,4.34276740
758,0.000085,1.164083e+02,3.35273477
759,0.000083,1.164037e+02,5.85341065
760,0.000084,1.163931e+02,4.20287161
761,0.000083,1.163854e+02,3.27938217
762,0.000099,1.163803e+02,5.63405268
763,0.000092,1.163701e+02,4.07896259
764,0.000091,1.163626e+02,3.21498597
765,0.000093,1.163569e+02,5.43816494
766,0.001194,1.163471e+02,3.96902498
767,0.000084,1.163397e+02,3.15839329
768,0.000095,1.163336e+02,5.26342129
769,0.000103,1.163242e+02,3.87174333
770,0.000103,1.163169e+02,3.10872061
771,0.000100,1.163104e+02,5.10763124
772,0.000128,1.163012e+02,3.78556301
773,0.000116,1.163007e+02,7.12180613
774,0.000131,1.162873e+02,4.97024428
775,0.000123,1.162783e+02,3.71015207
776,0.000120,1.162771e+02,6.91286648
777,0.000109,1.162642e+02,4.84834204
778,0.001389,1.162555e+02,3.64367717
779,0.000098,1.162536e+02,6.72675735
780,0.000099,1.162411e+02,4.74017949
781,0.000097,1.162326e+02,3.58516058
782,0.000102,1.162302e+02,6.56171438
783,0.000101,1.162182e+02,4.64490696
784,0.000105,1.162098e+02,3.53393553
785,0.000099,1.162069e+02,6.41592214
786,0.000104,1.161952e+02,4.56109645
787,0.000102,1.161870e+02,3.48923683
788,0.000111,1.161837e+02,6.28800552
789,0.000114,1.161723e+02,4.48811959
790,0.001193,1.161642e+02,3.45056919
791,0.000084,1.161606e+02,6.17655691
792,0.000082,1.161494e+02,4.42485538
793,0.000080,1.161414e+02,3.41735150
794,0.000083,1.161375e+02,6.08055017
795,0.000081,1.161265e+02,4.37087193
796,0.000079,1.161186e+02,3.38923108
797,0.000083,1.161145e+02,5.99891832
798,0.000083,1.161037e+02,4.32529899
799,0.000079,1.160958e+02,3.36577520
800,0.000082,1.160915e+02,5.93092569
801,0.000084,1.160808e+02,4.28787091
802,0.000961,1.160730e+02,3.34674811
803,0.000078,1.160686e+02,5.87578787
804,0.000082,1.160580e+02,4.25792281
805,0.000078,1.160503e+02,3.33183784
806,0.000083,1.160457e+02,5.83301458
807,0.000086,1.160353e+02,4.23533246
808,0.000088,1.160275e+02,3.32090673
809,0.000085,1.160228e+02,5.80206108
810,0.000125,1.160125e+02,4.21960661
811,0.000091,1.160048e+02,3.31374364
812,0.000094,1.160001e+02,5.78265055
813,0.000095,1.159897e+02,4.21075099
814,0.001286,1.159821e+02,3.31029619
815,0.000095,1.159773e+02,5.77444768
816,0.000096,1.159670e+02,4.20841989
817,0.000094,1.159593e+02,3.31044066
818,0.000096,1.159546e+02,5.77736805
819,0.000099,1.159443e+02,4.21273798
820,0.000097,1.159366e+02,3.31420243
821,0.000097,1.159319e+02,5.79126610
822,0.000098,1.159216e+02,4.22349101
823,0.000105,1.159139e+02,3.32153712
824,0.000100,1.159092e+02,5.81623797
825,0.000104,1.158989e+02,4.24091930
826,0.001122,1.158912e+02,3.33254497
827,0.000081,1.158866e+02,5.85231704
828,0.000082,1.158762e+02,4.26493059
829,0.000078,1.158685e+02,3.34725761
830,0.000080,1.158641e+02,5.89977631
831,0.000082,1.158536e+02,4.29588298
832,0.000080,1.158458e+02,3.36585138
833,0.000081,1.158415e+02,5.95882520
834,0.000108,1.158309e+02,4.33380247
835,0.000081,1.158231e+02,3.38843468
836,0.000079,1.158191e+02,6.02991743
837,0.000081,1.158083e+02,4.37917222
838,0.001045,1.158004e+02,3.41526521
839,0.000081,1.157966e+02,6.11344298
840,0.000081,1.157857e+02,4.43213801
841,0.000077,1.157778e+02,3.44653276
842,0.000077,1.157742e+02,6.21004766
843,0.000077,1.157632e+02,4.49332049
844,0.000080,1.157551e+02,3.48258547
845,0.000079,1.157519e+02,6.32031387
846,0.000086,1.157406e+02,4.56299162
847,0.000082,1.157325e+02,3.52370291
848,0.000086,1.157296e+02,6.44509869
849,0.000086,1.157181e+02,4.64192751
850,0.001164,1.157098e+02,3.57033673
851,0.000093,1.157074e+02,6.58519665
852,0.000093,1.156956e+02,4.73053753
853,0.000092,1.156872e+02,3.62286829
854,0.000091,1.156853e+02,6.74170399
855,0.000093,1.156732e+02,4.82977741
856,0.000096,1.156646e+02,3.68187000
857,0.000095,1.156633e+02,6.91565575
858,0.000091,1.156507e+02,4.94021021
859,0.000093,1.156420e+02,3.74784091
860,0.000095,1.156414e+02,7.10842537
861,0.000099,1.156284e+02,5.06300260
862,0.001228,1.156195e+02,3.82149596
863,0.000092,1.156123e+02,3.11693655
864,0.000081,1.156060e+02,5.19782433
865,0.000088,1.155969e+02,3.90287453
866,0.000079,1.155897e+02,3.16238656
867,0.000080,1.155838e+02,5.34702631
868,0.000081,1.155744e+02,3.99334855
869,0.000083,1.155671e+02,3.21327691
870,0.000080,1.155616e+02,5.51182972
871,0.000081,1.155519e+02,4.09389682
872,0.000081,1.155444e+02,3.27023472
873,0.000081,1.155394e+02,5.69354157
874,0.000962,1.155294e+02,4.20536380
875,0.000077,1.155218e+02,3.33389731
876,0.000079,1.155174e+02,5.89374469
877,0.000078,1.155070e+02,4.32897917
878,0.000076,1.154992e+02,3.40506063
879,0.000081,1.154954e+02,6.11406990
880,0.000078,1.154846e+02,4.46579797
881,0.000077,1.154767e+02,3.48452778
882,0.000077,1.154736e+02,6.35646409
883,0.000078,1.154623e+02,4.61732656
884,0.000076,1.154541e+02,3.57329119
885,0.000077,1.154519e+02,6.62293271
886,0.000992,1.154401e+02,4.78486415
887,0.000087,1.154316e+02,3.67235049
888,0.000087,1.154303e+02,6.91586310
889,0.000100,1.154179e+02,4.97025148
890,0.000098,1.154091e+02,3.78293455
891,0.000088,1.154089e+02,7.23771895
892,0.000093,1.153957e+02,5.17508089
893,0.000095,1.153867e+02,3.90627775
894,0.000092,1.153795e+02,3.17354941
895,0.000093,1.153737e+02,5.40039996
896,0.000094,1.153643e+02,4.04320923
897,0.001277,1.153569e+02,3.25097374
898,0.000109,1.153518e+02,5.64953233
899,0.000097,1.153419e+02,4.19599928
900,0.000097,1.153343e+02,3.33832751
901,0.000099,1.153300e+02,5.92480361
902,0.000097,1.153196e+02,4.36626117
903,0.000095,1.153118e+02,3.43682235
904,0.000100,1.153083e+02,6.22896894
905,0.000104,1.152974e+02,4.55607561
906,0.000097,1.152893e+02,3.54789623
907,0.000088,1.152869e+02,6.56497088
908,0.000083,1.152752e+02,4.76744471
909,0.001018,1.152669e+02,3.67306453
910,0.000086,1.152656e+02,6.93623154
911,0.000081,1.152532e+02,5.00293726
912,0.000078,1.152444e+02,3.81411603
913,0.000077,1.152374e+02,3.12827704
914,0.000079,1.152312e+02,5.26404924
915,0.000080,1.152221e+02,3.97237868
916,0.000077,1.152148e+02,3.21754172
917,0.000080,1.152094e+02,5.55473344
918,0.000079,1.151998e+02,4.15046910
919,0.000076,1.151923e+02,3.31937685
920,0.000079,1.151878e+02,5.87823653
921,0.000930,1.151775e+02,4.35083836
922,0.000077,1.151698e+02,3.43552007
923,0.000078,1.151663e+02,6.23811591
924,0.000083,1.151554e+02,4.57598146
925,0.000080,1.151473e+02,3.56785045
926,0.000083,1.151451e+02,6.63847125
927,0.000090,1.151334e+02,4.82895202
928,0.000087,1.151249e+02,3.71854768
929,0.000090,1.151241e+02,7.08374363
930,0.000089,1.151114e+02,5.11281796
931,0.000092,1.151026e+02,3.88994190
932,0.000088,1.150954e+02,3.17613624
933,0.001325,1.150897e+02,5.43028130
934,0.000100,1.150803e+02,4.08411122
935,0.000095,1.150729e+02,3.28699510
936,0.000092,1.150681e+02,5.78631602
937,0.000100,1.150581e+02,4.30458038
938,0.000098,1.150504e+02,3.41480918
939,0.000100,1.150468e+02,6.18527649
940,0.000097,1.150360e+02,4.55447195
941,0.000099,1.150280e+02,3.56194483
942,0.000110,1.150257e+02,6.63219911
943,0.000105,1.150141e+02,4.83752825
944,0.000101,1.150056e+02,3.73112528
945,0.001119,1.150050e+02,7.13261373
946,0.000085,1.149923e+02,5.15762195
947,0.000081,1.149833e+02,3.92529692
948,0.000077,1.149761e+02,3.20074294
949,0.000079,1.149706e+02,5.51836276
950,0.000079,1.149611e+02,4.14723026
951,0.000079,1.149536e+02,3.32843144
952,0.000083,1.149493e+02,5.92571704
953,0.000088,1.149390e+02,4.40119984
954,0.000080,1.149312e+02,3.47701646
955,0.000080,1.149282e+02,6.38520140
956,0.000080,1.149170e+02,4.69118686
957,0.000948,1.149088e+02,3.64953549
958,0.000079,1.149074e+02,6.90318600
959,0.000078,1.148952e+02,5.02190210
960,0.000075,1.148865e+02,3.84946213
961,0.000075,1.148795e+02,3.16147650
962,0.000075,1.148736e+02,5.39743042
963,0.000076,1.148643e+02,4.08007316
964,0.000077,1.148570e+02,3.29388080
965,0.000077,1.148523e+02,5.82438663
966,0.000225,1.148423e+02,4.34604361
967,0.000088,1.148345e+02,3.44938967
968,0.000085,1.148313e+02,6.30920744
969,0.001175,1.148203e+02,4.65219325
970,0.000093,1.148122e+02,3.63159799
971,0.000091,1.148107e+02,6.85909415
972,0.000093,1.147986e+02,5.00368814
973,0.000092,1.147899e+02,3.84446154
974,0.000090,1.147829e+02,3.16204727
975,0.000095,1.147771e+02,5.40563763
976,0.000105,1.147678e+02,4.09192292
977,0.000093,1.147604e+02,3.30464548
978,0.000095,1.147558e+02,5.86552323
979,0.000098,1.147457e+02,4.37944614
980,0.000095,1.147380e+02,3.47352488
981,0.001224,1.147350e+02,6.39075219
982,0.000086,1.147239e+02,4.71245076
983,0.000081,1.147157e+02,3.67284924
984,0.000080,1.147146e+02,6.98986125
985,0.000086,1.147023e+02,5.09724196
986,0.000078,1.146935e+02,3.90735046
987,0.000080,1.146863e+02,3.20123327
988,0.000082,1.146809e+02,5.53977197
989,0.000081,1.146714e+02,4.18173582
990,0.000080,1.146639e+02,3.36073785
991,0.000082,1.146599e+02,6.04871679
992,0.000082,1.146495e+02,4.50225126
993,0.000960,1.146415e+02,3.55084313
994,0.000077,1.146393e+02,6.63294525
995,0.000079,1.146277e+02,4.87551314
996,0.000074,1.146193e+02,3.77656214
997,0.000077,1.146192e+02,7.30248677
998,0.000075,1.146063e+02,5.30873130
999,0.000094,1.145972e+02,4.04343593
1000,0.000079,1.145899e+02,3.28310132
1001,0.000078,1.145852e+02,5.80933487
1002,0.000077,1.145752e+02,4.35716546
1003,0.000076,1.145675e+02,3.46800713
1004,0.000080,1.145645e+02,6.38757332
1005,0.001183,1.145534e+02,4.72525108
1006,0.000088,1.145452e+02,3.68943851
1007,0.000091,1.145443e+02,7.05401839
1008,0.000087,1.145319e+02,5.15538401
1009,0.000097,1.145231e+02,3.95333983
1010,0.000084,1.145159e+02,3.23355978
1011,0.000091,1.145108e+02,5.65557981
1012,0.000095,1.145011e+02,4.26589942
1013,0.000090,1.144935e+02,3.41711744
1014,0.000092,1.144901e+02,6.23664269
1015,0.000095,1.144793e+02,4.63509027
1016,0.000094,1.144713e+02,3.63863405
1017,0.001357,1.144699e+02,6.90988796
1018,0.000102,1.144578e+02,5.06920183
1019,0.000097,1.144491e+02,3.90453542
1020,0.000094,1.144420e+02,3.20782811
1021,0.000097,1.144367e+02,5.57694896
1022,0.000092,1.144271e+02,4.22157432
1023,0.000094,1.144196e+02,3.39386856
1024,0.000101,1.144159e+02,6.16985977
1025,0.000090,1.144054e+02,4.59830954
1026,0.000080,1.143974e+02,3.61991488
1027,0.000083,1.143958e+02,6.86016069
1028,0.000099,1.143839e+02,5.04373843
1029,0.001011,1.143752e+02,3.89295808
1030,0.000079,1.143681e+02,3.20350321
1031,0.000077,1.143628e+02,5.56739847
1032,0.000079,1.143533e+02,4.22040264
1033,0.000076,1.143458e+02,3.39601869
1034,0.000076,1.143421e+02,6.18172687
1035,0.000079,1.143315e+02,4.61151700
1036,0.000076,1.143235e+02,3.63129923
1037,0.000078,1.143221e+02,6.90005741
1038,0.000079,1.143101e+02,5.07613361
1039,0.000078,1.143014e+02,3.91699878
1040,0.000077,1.142943e+02,3.21977164
1041,0.000949,1.142891e+02,5.62475911
1042,0.000084,1.142795e+02,4.26127666
1043,0.000087,1.142720e+02,3.42310194
1044,0.000081,1.142686e+02,6.27095258
1045,0.000081,1.142578e+02,4.67425134
1046,0.000077,1.142498e+02,3.67278759
1047,0.000087,1.142488e+02,7.02939091
1048,0.000102,1.142365e+02,5.16674148
1049,0.000100,1.142277e+02,3.97725944
1050,0.000104,1.142205e+02,3.25725747
1051,0.000108,1.142156e+02,5.75040099
1052,0.001655,1.142059e+02,4.34555401
1053,0.000109,1.141982e+02,3.47630056
1054,0.000097,1.141953e+02,6.44016382
1055,0.000102,1.141843e+02,4.78880355
1056,0.000099,1.141760e+02,3.74626363
1057,0.000103,1.141758e+02,7.25233864
1058,0.000115,1.141631e+02,5.31899611
1059,0.000101,1.141541e+02,4.07648691
1060,0.000102,1.141468e+02,3.31800797
1061,0.000103,1.141424e+02,5.94915393
1062,0.000101,1.141323e+02,4.47703066
1063,0.000099,1.141245e+02,3.55846189
1064,0.001170,1.141224e+02,6.69589521
1065,0.000091,1.141109e+02,4.96023718
1066,0.000081,1.141024e+02,3.85554643
1067,0.000089,1.140954e+02,3.19003895
1068,0.000080,1.140899e+02,5.53878617
1069,0.000083,1.140805e+02,4.21925691
1070,0.000079,1.140731e+02,3.40537418
1071,0.000079,1.140695e+02,6.22877363
1072,0.000081,1.140589e+02,4.66165259
1073,0.000078,1.140509e+02,3.67398786
1074,0.000079,1.140499e+02,7.04808106
1075,0.000081,1.140377e+02,5.19610155
1076,0.000961,1.140289e+02,4.00627576
1077,0.000079,1.140217e+02,3.28060309
1078,0.000083,1.140170e+02,5.83695199
1079,0.000089,1.140072e+02,4.41347048
1080,0.000091,1.139994e+02,3.52492119
1081,0.000086,1.139970e+02,6.60240010
1082,0.000101,1.139858e+02,4.90910280
1083,0.000105,1.139774e+02,3.82986298
1084,0.000101,1.139704e+02,3.17858152
1085,0.000105,1.139648e+02,5.50751827
1086,0.000113,1.139555e+02,4.20668735
1087,0.000102,1.139481e+02,3.40220296
1088,0.001384,1.139445e+02,6.22657064
1089,0.000096,1.139339e+02,4.66892623
1090,0.000097,1.139259e+02,3.68377410
1091,0.000098,1.139251e+02,7.08622390
1092,0.000095,1.139128e+02,5.23144039
1093,0.000098,1.139039e+02,4.03496023
1094,0.000103,1.138967e+02,3.30141641
1095,0.000096,1.138923e+02,5.91064087
1096,0.000097,1.138823e+02,4.46852421
1097,0.000122,1.138745e+02,3.56312791
1098,0.000111,1.138725e+02,6.72702304
1099,0.000102,1.138610e+02,4.99982344
1100,0.001147,1.138525e+02,3.89217925
1101,0.000081,1.138454e+02,3.21851606
1102,0.000083,1.138402e+02,5.64516936
1103,0.000081,1.138307e+02,4.30143037
1104,0.000078,1.138232e+02,3.46350621
1105,0.000078,1.138202e+02,6.42487638
1106,0.000082,1.138093e+02,4.80619110
1107,0.000081,1.138011e+02,3.77386148
1108,0.000089,1.137941e+02,3.15048764
1109,0.000078,1.137884e+02,5.42295796
1110,0.000081,1.137792e+02,4.16259571
1111,0.000080,1.137719e+02,3.38150520
1112,0.000954,1.137681e+02,6.17199753
1113,0.000079,1.137577e+02,4.64519214
1114,0.000077,1.137497e+02,3.67630116
1115,0.000077,1.137489e+02,7.07625596
1116,0.000076,1.137367e+02,5.23882689
1117,0.000074,1.137278e+02,4.04840891
1118,0.000079,1.137206e+02,3.31464438
1119,0.000086,1.137163e+02,5.96265964
1120,0.000087,1.137062e+02,4.51276305
1121,0.000095,1.136984e+02,3.59672631
1122,0.000086,1.136968e+02,6.84042868
1123,0.000103,1.136851e+02,5.08720134
1124,0.001238,1.136765e+02,3.95510069
1125,0.000094,1.136693e+02,3.26049551
1126,0.000093,1.136645e+02,5.79101456
1127,0.000094,1.136548e+02,4.40495760
1128,0.000096,1.136471e+02,3.53248360
1129,0.000089,1.136449e+02,6.64808163
1130,0.000108,1.136336e+02,4.96429864
1131,0.000096,1.136251e+02,3.88008475
1132,0.000096,1.136181e+02,3.21734115
1133,0.000099,1.136130e+02,5.65281680
1134,0.000098,1.136035e+02,4.31880837
1135,0.000099,1.135959e+02,3.48161066
1136,0.001218,1.135932e+02,6.49466492
1137,0.000081,1.135822e+02,4.86704146
1138,0.000080,1.135739e+02,3.82124714
1139,0.000079,1.135669e+02,3.18382900
1140,0.000091,1.135615e+02,5.54479992
1141,0.000080,1.135521e+02,4.25211848
1142,0.000078,1.135447e+02,3.44263697
1143,0.000080,1.135416e+02,6.37660801
1144,0.000081,1.135308e+02,4.79292870
1145,0.000080,1.135226e+02,3.77693620
1146,0.000079,1.135157e+02,3.15890005
1147,0.000081,1.135101e+02,5.46423700
1148,0.000966,1.135009e+02,4.20301107
1149,0.000076,1.134935e+02,3.41435969
1150,0.000077,1.134901e+02,6.29106436
1151,0.000076,1.134795e+02,4.74007847
1152,0.000074,1.134714e+02,3.74588356
1153,0.000085,1.134713e+02,7.30223260
1154,0.000078,1.134588e+02,5.40974726
1155,0.000078,1.134497e+02,4.17054750
1156,0.000078,1.134423e+02,3.39613775
1157,0.000077,1.134388e+02,6.23651357
1158,0.000078,1.134283e+02,4.70740521
1159,0.000077,1.134203e+02,3.72739052
1160,0.001060,1.134200e+02,7.25063756
1161,0.000091,1.134075e+02,5.37913196
1162,0.000088,1.133985e+02,4.15332880
1163,0.000088,1.133912e+02,3.38714557
1164,0.000091,1.133876e+02,6.21086853
1165,0.000096,1.133771e+02,4.69360959
1166,0.000091,1.133691e+02,3.72063126
1167,0.000094,1.133688e+02,7.23373683
1168,0.000092,1.133564e+02,5.37152587
1169,0.000090,1.133474e+02,4.15081292
1170,0.000092,1.133400e+02,3.38703835
1171,0.000095,1.133364e+02,6.21316050
1172,0.001262,1.133260e+02,4.69803753
1173,0.000094,1.133180e+02,3.72523362
1174,0.000105,1.133177e+02,7.25067706
1175,0.000096,1.133053e+02,5.38647375
1176,0.000092,1.132962e+02,4.16271914
1177,0.000093,1.132889e+02,3.39568738
1178,0.000095,1.132854e+02,6.24310050
1179,0.000086,1.132749e+02,4.72060179
1180,0.000080,1.132669e+02,3.74117292
1181,0.000080,1.132668e+02,7.30126883
1182,0.000082,1.132543e+02,5.42387352
1183,0.000081,1.132452e+02,4.18907801
1184,0.000991,1.132378e+02,3.41315207
1185,0.000080,1.132345e+02,6.30070051
1186,0.000078,1.132239e+02,4.76136145
1187,0.000111,1.132158e+02,3.76857783
1188,0.000079,1.132089e+02,3.16069323
1189,0.000077,1.132033e+02,5.48352530
1190,0.000077,1.131941e+02,4.22986159
1191,0.000076,1.131867e+02,3.43951405
1192,0.000078,1.131836e+02,6.38605899
1193,0.000080,1.131729e+02,4.82055167
1194,0.000078,1.131648e+02,3.80768254
1195,0.000075,1.131578e+02,3.18503900
1196,0.000967,1.131524e+02,5.56691620
1197,0.000083,1.131431e+02,4.28612069
1198,0.000081,1.131357e+02,3.47547450
1199,0.000086,1.131329e+02,6.50086523
1200,0.000096,1.131220e+02,4.89937204
1201,0.000091,1.131137e+02,3.85937601
1202,0.000086,1.131067e+02,3.21702877
1203,0.000089,1.131016e+02,5.67502750
1204,0.000094,1.130922e+02,4.35864419
1205,0.000088,1.130846e+02,3.52166369
1206,0.000091,1.130823e+02,6.64661664
1207,0.001223,1.130712e+02,4.99904161
1208,0.000103,1.130627e+02,3.92457143
1209,0.000103,1.130557e+02,3.25733004
1210,0.000097,1.130509e+02,5.80952209
1211,0.000098,1.130413e+02,4.44872662
1212,0.000096,1.130336e+02,3.57901951
1213,0.000096,1.130319e+02,6.82542925
1214,0.000098,1.130204e+02,5.12113186
1215,0.000096,1.130118e+02,4.00447368
1216,0.000095,1.130046e+02,3.30679778
1217,0.000094,1.130003e+02,5.97238974
1218,0.000096,1.129904e+02,4.55785440
1219,0.001099,1.129826e+02,3.64865878
1220,0.000083,1.129816e+02,7.03992407
1221,0.000082,1.129697e+02,5.26767113
1222,0.000081,1.129609e+02,4.10057978
1223,0.000077,1.129536e+02,3.36651511
1224,0.000078,1.129499e+02,6.16625821
1225,0.000082,1.129396e+02,4.68802975
1226,0.000078,1.129316e+02,3.73203514
1227,0.000079,1.129315e+02,7.29337890
1228,0.000079,1.129191e+02,5.44107556
1229,0.000081,1.129100e+02,4.21471991
1230,0.000079,1.129026e+02,3.43779273
1231,0.000938,1.128995e+02,6.39413981
1232,0.000077,1.128889e+02,4.84148951
1233,0.000084,1.128807e+02,3.83082464
1234,0.000075,1.128737e+02,3.20481730
1235,0.000075,1.128685e+02,5.64375379
1236,0.000076,1.128592e+02,4.34875521
1237,0.000078,1.128516e+02,3.52204111
1238,0.000078,1.128494e+02,6.65925626
1239,0.000078,1.128382e+02,5.02073027
1240,0.000079,1.128298e+02,3.94689445
1241,0.000083,1.128227e+02,3.27595391
1242,0.000085,1.128182e+02,5.87984267
1243,0.001102,1.128084e+02,4.50567394
1244,0.000088,1.128007e+02,3.62136081
1245,0.000096,1.127994e+02,6.96650841
1246,0.000092,1.127877e+02,5.22930662
1247,0.000090,1.127790e+02,4.08285897
1248,0.000088,1.127718e+02,3.35996079
1249,0.000093,1.127680e+02,6.15322857
1250,0.000096,1.127578e+02,4.68839723
1251,0.000093,1.127498e+02,3.73793942
1252,0.000093,1.127497e+02,7.32092785
1253,0.000093,1.127373e+02,5.47102432
1254,0.000095,1.127282e+02,4.24154192
1255,0.001222,1.127208e+02,3.45889721
1256,0.000095,1.127180e+02,6.46873117
1257,0.000095,1.127072e+02,4.90054999
1258,0.000087,1.126989e+02,3.87444332
1259,0.000078,1.126920e+02,3.23472687
1260,0.000082,1.126870e+02,5.74980435
1261,0.000080,1.126775e+02,4.42597584
1262,0.000080,1.126699e+02,3.57502343
1263,0.000082,1.126682e+02,6.83134659
1264,0.000082,1.126568e+02,5.14588334
1265,0.000083,1.126482e+02,4.03372719
1266,0.000088,1.126410e+02,3.33274229
1267,0.000965,1.126370e+02,6.07137695
1268,0.000077,1.126269e+02,4.64030410
1269,0.000076,1.126190e+02,3.71134962
1270,0.000077,1.126187e+02,7.24805379
1271,0.000077,1.126065e+02,5.42956242
1272,0.000075,1.125975e+02,4.21958398
1273,0.000076,1.125901e+02,3.44840648
1274,0.000079,1.125872e+02,6.44167910
1275,0.000079,1.125765e+02,4.88901956
1276,0.000078,1.125682e+02,3.87122139
1277,0.000077,1.125613e+02,3.23527253
1278,0.000079,1.125564e+02,5.75664083
1279,0.000945,1.125468e+02,4.43590570
1280,0.000086,1.125392e+02,3.58463644
1281,0.000091,1.125376e+02,6.86713029
1282,0.000109,1.125261e+02,5.17693883
1283,0.000099,1.125175e+02,4.05830606
1284,0.000087,1.125103e+02,3.35056990
1285,0.000092,1.125065e+02,6.13412076
1286,0.000092,1.124964e+02,4.68780449
1287,0.000093,1.124884e+02,3.74519130
1288,0.000090,1.124816e+02,3.16051217
1289,0.000092,1.124760e+02,5.50994947
1290,0.000093,1.124669e+02,4.27703477
1291,0.001269,1.124595e+02,3.48716932
1292,0.000098,1.124569e+02,6.56897196
1293,0.000100,1.124460e+02,4.98059747
1294,0.000094,1.124377e+02,3.93410014
1295,0.000095,1.124307e+02,3.27601811
1296,0.000094,1.124261e+02,5.89554436
1297,0.000096,1.124164e+02,4.53295881
1298,0.000096,1.124087e+02,3.64914734
1299,0.000098,1.124078e+02,7.07035201
1300,0.000105,1.123959e+02,5.32103385
1301,0.000101,1.123871e+02,4.15642370
1302,0.000098,1.123798e+02,3.41392068
1303,0.001044,1.123766e+02,6.34166828
1304,0.000082,1.123661e+02,4.83205498
1305,0.000080,1.123579e+02,3.84103569
1306,0.000076,1.123510e+02,3.22074775
1307,0.000078,1.123460e+02,5.71617832
1308,0.000080,1.123366e+02,4.41755920
1309,0.000078,1.123290e+02,3.57831862
1310,0.000080,1.123274e+02,6.85731700
1311,0.000081,1.123159e+02,5.18112499
1312,0.000080,1.123073e+02,4.06800153
1313,0.000084,1.123001e+02,3.36083515
1314,0.000078,1.122964e+02,6.17534818
1315,0.000930,1.122862e+02,4.72443266
1316,0.000078,1.122783e+02,3.77436692
1317,0.000076,1.122714e+02,3.18164193
1318,0.000074,1.122660e+02,5.58818005
1319,0.000075,1.122568e+02,4.33615723
1320,0.000078,1.122493e+02,3.52899814
1321,0.000083,1.122472e+02,6.70817899
1322,0.000082,1.122361e+02,5.08433280
1323,0.000084,1.122276e+02,4.00767084
1324,0.000083,1.122205e+02,3.32515862
1325,0.000084,1.122165e+02,6.06316695
1326,0.000093,1.122065e+02,4.65291402
1327,0.001468,1.121986e+02,3.73081202
1328,0.000097,1.121986e+02,7.32700790
1329,0.000092,1.121862e+02,5.50644604
1330,0.000100,1.121771e+02,4.28515854
1331,0.000098,1.121697e+02,3.49876374
1332,0.000099,1.121673e+02,6.61714214
1333,0.000103,1.121564e+02,5.02663805
1334,0.000100,1.121480e+02,3.97265614
1335,0.000096,1.121409e+02,3.30507213
1336,0.000100,1.121367e+02,6.00065757
1337,0.000104,1.121268e+02,4.61443300
1338,0.000102,1.121190e+02,3.70829318
1339,0.001342,1.121187e+02,7.26261462
1340,0.000110,1.121066e+02,5.46671433
1341,0.000082,1.120975e+02,4.26175205
1342,0.000081,1.120902e+02,3.48579945
1343,0.000081,1.120876e+02,6.57958729
1344,0.000083,1.120768e+02,5.00488626
1345,0.000083,1.120684e+02,3.96088408
1346,0.000082,1.120614e+02,3.29925923
1347,0.000082,1.120571e+02,5.98432080
1348,0.000080,1.120473e+02,4.60662583
1349,0.000081,1.120395e+02,3.70529089
1350,0.000080,1.120392e+02,7.25695496
1351,0.001042,1.120270e+02,5.46689809
1352,0.000083,1.120180e+02,4.26452716
1353,0.000084,1.120106e+02,3.48921675
1354,0.000080,1.120081e+02,6.59327227
1355,0.000078,1.119973e+02,5.01763326
1356,0.000077,1.119889e+02,3.97143123
1357,0.000080,1.119818e+02,3.30717717
1358,0.000088,1.119776e+02,6.01272902
1359,0.000094,1.119678e+02,4.62863022
1360,0.000088,1.119599e+02,3.72129628
1361,0.000094,1.119598e+02,7.30863798
1362,0.000116,1.119476e+02,5.50613442
1363,0.000123,1.119385e+02,4.29302235
1364,0.001358,1.119311e+02,3.50878778
1365,0.000097,1.119288e+02,6.65745814
1366,0.000100,1.119178e+02,5.06449097
1367,0.000096,1.119094e+02,4.00416713
1368,0.000096,1.119023e+02,3.32882113
1369,0.000094,1.118983e+02,6.08568583
1370,0.000102,1.118884e+02,4.68045013
1371,0.000148,1.118805e+02,3.75644545
1372,0.000119,1.118736e+02,3.17700785
1373,0.000128,1.118683e+02,5.58438715
1374,0.000122,1.118591e+02,4.34739894
1375,0.000113,1.118516e+02,3.54476845
1376,0.000115,1.118497e+02,6.77257265
1377,0.001397,1.118385e+02,5.14600296
1378,0.000088,1.118300e+02,4.05962578
1379,0.000089,1.118228e+02,3.36466829
1380,0.000084,1.118192e+02,6.20420065
1381,0.000087,1.118090e+02,4.76301889
1382,0.000082,1.118010e+02,3.81152593
1383,0.000087,1.117941e+02,3.21185025
1384,0.000086,1.117891e+02,5.70380606
1385,0.000086,1.117797e+02,4.42929034
1386,0.000084,1.117722e+02,3.59835953
1387,0.000090,1.117708e+02,6.94137203
1388,0.000089,1.117593e+02,5.26428813
1389,0.000089,1.117506e+02,4.13945659
1390,0.000169,1.117434e+02,3.41593591
1391,0.001164,1.117402e+02,6.37112722
1392,0.000100,1.117298e+02,4.87854539
1393,0.000101,1.117216e+02,3.88824075
1394,0.000095,1.117147e+02,3.26021554
1395,0.000104,1.117101e+02,5.86699454
1396,0.000109,1.117005e+02,4.54077297
1397,0.000103,1.116928e+02,3.67117608
1398,0.000110,1.116921e+02,7.16754637
1399,0.000106,1.116802e+02,5.42227268
1400,0.000107,1.116713e+02,4.24592178
1401,0.000108,1.116640e+02,3.48432052
1402,0.000114,1.116615e+02,6.59043658
1403,0.000105,1.116507e+02,5.03013017
1404,0.001509,1.116423e+02,3.98894677
1405,0.000112,1.116352e+02,3.32382529
1406,0.000108,1.116312e+02,6.07809472
1407,0.000106,1.116213e+02,4.68504756
1408,0.000106,1.116134e+02,3.76561510
1409,0.000102,1.116066e+02,3.18638749
1410,0.000105,1.116013e+02,5.62375856
1411,0.000120,1.115921e+02,4.38200586
1412,0.000109,1.115846e+02,3.57206417
1413,0.000111,1.115830e+02,6.86721851
1414,0.000115,1.115717e+02,5.22169398
1415,0.000109,1.115630e+02,4.11666088
1416,0.000107,1.115558e+02,3.40489516
1417,0.000101,1.115526e+02,6.34223428
1418,0.001178,1.115422e+02,4.86604661
1419,0.000088,1.115341e+02,3.88466617
1420,0.000082,1.115272e+02,3.26079141
1421,0.000086,1.115226e+02,5.87461070
1422,0.000082,1.115130e+02,4.55206233
1423,0.000079,1.115053e+02,3.68235921
1424,0.000084,1.115048e+02,7.20893067
1425,0.000083,1.114928e+02,5.45887862
1426,0.000082,1.114839e+02,4.27560652
1427,0.000081,1.114765e+02,3.50650785
1428,0.000080,1.114742e+02,6.66672133
1429,0.000082,1.114633e+02,5.08930912
1430,0.000082,1.114549e+02,4.03246191
1431,0.001184,1.114478e+02,3.35390718
1432,0.000100,1.114441e+02,6.18165892
1433,0.000093,1.114340e+02,4.76131851
1434,0.000095,1.114260e+02,3.81911359
1435,0.000092,1.114191e+02,3.22181519
1436,0.000096,1.114142e+02,5.74808431
1437,0.000096,1.114048e+02,4.47070810
1438,0.000095,1.113972e+02,3.63233663
1439,0.000098,1.113962e+02,7.05995141
1440,0.000096,1.113846e+02,5.36121340
1441,0.000102,1.113758e+02,4.21385232
1442,0.000100,1.113685e+02,3.46929587
1443,0.000097,1.113659e+02,6.55314044
1444,0.001326,1.113551e+02,5.01602387
1445,0.000096,1.113468e+02,3.98704811
1446,0.000095,1.113398e+02,3.32717929
1447,0.000101,1.113358e+02,6.09807799
1448,0.000107,1.113259e+02,4.70849209
1449,0.000095,1.113180e+02,3.78720295
1450,0.000083,1.113111e+02,3.20357719
1451,0.000082,1.113060e+02,5.68978989
1452,0.000083,1.112968e+02,4.43491848
1453,0.000083,1.112892e+02,3.61147194
1454,0.000083,1.112880e+02,6.99950810
1455,0.000082,1.112765e+02,5.32409866
1456,0.000084,1.112678e+02,4.19212486
1457,0.000088,1.112605e+02,3.45736452
1458,0.001149,1.112578e+02,6.51874678
1459,0.000095,1.112471e+02,4.99650118
1460,0.000081,1.112389e+02,3.97679444
1461,0.000080,1.112318e+02,3.32236918
1462,0.000081,1.112278e+02,6.08541368
1463,0.000079,1.112179e+02,4.70343040
1464,0.000079,1.112100e+02,3.78618248
1465,0.000078,1.112032e+02,3.20434875
1466,0.000082,1.111981e+02,5.69508586
1467,0.000080,1.111888e+02,4.44159286
1468,0.000081,1.111813e+02,3.61775653
1469,0.000081,1.111802e+02,7.02243322
1470,0.000080,1.111686e+02,5.34404306
1471,0.000118,1.111598e+02,4.20815410
1472,0.000127,1.111526e+02,3.46929558
1473,0.001237,1.111500e+02,6.55973734
1474,0.000094,1.111393e+02,5.02824035
1475,0.000095,1.111310e+02,4.00014091
1476,0.000089,1.111239e+02,3.33855307
1477,0.000092,1.111201e+02,6.14103534
1478,0.000093,1.111101e+02,4.74448239
1479,0.000103,1.111021e+02,3.81509440
1480,0.000092,1.110953e+02,3.22361486
1481,0.000096,1.110904e+02,5.76234732
1482,0.000099,1.110810e+02,4.48980602
1483,0.000093,1.110734e+02,3.65073866
1484,0.000096,1.110726e+02,7.12732405
1485,0.000097,1.110609e+02,5.42035777
1486,0.000140,1.110520e+02,4.26168085
1487,0.001403,1.110447e+02,3.50508894
1488,0.000083,1.110424e+02,6.67581704
1489,0.000082,1.110315e+02,5.11134283
1490,0.000080,1.110231e+02,4.05738350
1491,0.000080,1.110160e+02,3.37609682
1492,0.000080,1.110125e+02,6.26558357
1493,0.000082,1.110023e+02,4.83241388
1494,0.000082,1.109943e+02,3.87469277
1495,0.000082,1.109874e+02,3.26203280
1496,0.000083,1.109828e+02,5.89300357
1497,0.000083,1.109733e+02,4.58087876
1498,0.000086,1.109655e+02,3.71154537
1499,0.000088,1.109654e+02,7.31652597
1500,0.000110,1.109533e+02,5.55506030
1501,0.000117,1.109443e+02,4.35443614
1502,0.001064,1.109368e+02,3.56613864
1503,0.000081,1.109352e+02,6.87001976
1504,0.000080,1.109240e+02,5.24832431
1505,0.000077,1.109154e+02,4.15059321
1506,0.000078,1.109082e+02,3.43660541
1507,0.000079,1.109053e+02,6.46267639
1508,0.000080,1.108948e+02,4.97015956
1509,0.000107,1.108865e+02,3.96732582
1510,0.000080,1.108795e+02,3.32136905
1511,0.000084,1.108755e+02,6.09116617
1512,0.000084,1.108656e+02,4.71809476
1513,0.000087,1.108578e+02,3.80274599
1514,0.000084,1.108509e+02,3.21897325
1515,0.000133,1.108460e+02,5.75243723
1516,0.001345,1.108366e+02,4.48985815
1517,0.000102,1.108290e+02,3.65511354
1518,0.000096,1.108283e+02,7.14839377
1519,0.000097,1.108166e+02,5.44399641
1520,0.000095,1.108077e+02,4.28353653
1521,0.000097,1.108004e+02,3.52292540
1522,0.000095,1.107983e+02,6.73889586
1523,0.000100,1.107873e+02,5.16289411
1524,0.000102,1.107789e+02,4.09698804
1525,0.000103,1.107717e+02,3.40458425
1526,0.000102,1.107685e+02,6.36382398
1527,0.000108,1.107582e+02,4.90690532
1528,0.000107,1.107501e+02,3.92850005
1529,0.000147,1.107431e+02,3.29875827
1530,0.000141,1.107389e+02,6.02036042
1531,0.000128,1.107291e+02,4.67393349
1532,0.001245,1.107213e+02,3.77646952
1533,0.000082,1.107145e+02,3.20421458
1534,0.000086,1.107094e+02,5.70591103
1535,0.000081,1.107002e+02,4.46204413
1536,0.000082,1.106926e+02,3.63941513
1537,0.000082,1.106918e+02,7.10431890
1538,0.000082,1.106801e+02,5.41836261
1539,0.000080,1.106713e+02,4.26960980
1540,0.000080,1.106640e+02,3.51605777
1541,0.000083,1.106619e+02,6.72122126
1542,0.000082,1.106509e+02,5.15516788
1543,0.000083,1.106425e+02,4.09478632
1544,0.000080,1.106353e+02,3.40502784
1545,0.000083,1.106322e+02,6.36889463
1546,0.000126,1.106218e+02,4.91442304
1547,0.000108,1.106137e+02,3.93610648
1548,0.001230,1.106067e+02,3.30518577
1549,0.000092,1.106026e+02,6.04491546
1550,0.000102,1.105928e+02,4.69432299
1551,0.000091,1.105850e+02,3.79219118
1552,0.000093,1.105781e+02,3.21547317
1553,0.000094,1.105732e+02,5.74704229
1554,0.000096,1.105639e+02,4.49319625
1555,0.000101,1.105563e+02,3.66176257
1556,0.000100,1.105557e+02,7.17722315
1557,0.000100,1.105439e+02,5.47348747
1558,0.000096,1.105350e+02,4.30965947
1559,0.000095,1.105276e+02,3.54373052
1560,0.000098,1.105258e+02,6.81198330
1561,0.000102,1.105147e+02,5.22197366
1562,0.000132,1.105062e+02,4.14207544
1563,0.000152,1.104990e+02,3.43688816
1564,0.001489,1.104962e+02,6.47468401
1565,0.000104,1.104857e+02,4.99085239
1566,0.000104,1.104774e+02,3.98917292
1567,0.000099,1.104704e+02,3.34024830
1568,0.000102,1.104666e+02,6.16320984
1569,0.000101,1.104567e+02,4.77854818
1570,0.000106,1.104487e+02,3.84975046
1571,0.000083,1.104418e+02,3.25289001
1572,0.000083,1.104373e+02,5.87559452
1573,0.000083,1.104278e+02,4.58359676
1574,0.000086,1.104200e+02,3.72269156
1575,0.000082,1.104133e+02,3.17396313
1576,0.000085,1.104080e+02,5.61002671
1577,0.000084,1.103989e+02,4.40464462
1578,0.000128,1.103914e+02,3.60696263
1579,0.000105,1.103903e+02,7.01287611
1580,0.001172,1.103788e+02,5.36507758
1581,0.000089,1.103701e+02,4.24057914
1582,0.000077,1.103628e+02,3.50168596
1583,0.000081,1.103606e+02,6.68415395
1584,0.000079,1.103497e+02,5.13887076
1585,0.000078,1.103413e+02,4.09005523
1586,0.000079,1.103342e+02,3.40587565
1587,0.000080,1.103310e+02,6.37928999
1588,0.000080,1.103207e+02,4.93006787
1589,0.000079,1.103126e+02,3.95203813
1590,0.000078,1.103056e+02,3.31873005
1591,0.000081,1.103016e+02,6.09655870
1592,0.000087,1.102918e+02,4.73738055
1593,0.000110,1.102839e+02,3.82554517
1594,0.000118,1.102771e+02,3.23949883
1595,0.000107,1.102723e+02,5.83434758
1596,0.000114,1.102629e+02,4.55960613
1597,0.001738,1.102552e+02,3.70966028
1598,0.000108,1.102552e+02,7.33261951
1599,0.000100,1.102431e+02,5.59142241
1600,0.000099,1.102341e+02,4.39577766
1601,0.000096,1.102266e+02,3.60361718
1602,0.000097,1.102255e+02,7.00684838
1603,0.000097,1.102140e+02,5.36603002
1604,0.000100,1.102053e+02,4.24465526
1605,0.000113,1.101980e+02,3.50651697
1606,0.000105,1.101959e+02,6.70346805
1607,0.000100,1.101850e+02,5.15698436
1608,0.000108,1.101766e+02,4.10532080
1609,0.000107,1.101694e+02,3.41764644
1610,0.000146,1.101664e+02,6.42092585
1611,0.000159,1.101560e+02,4.96312788
1612,0.000132,1.101479e+02,3.97689433
1613,0.001349,1.101409e+02,3.33633317
1614,0.000088,1.101371e+02,6.15776121
1615,0.000084,1.101271e+02,4.78337491
1616,0.000082,1.101192e+02,3.85855243
1617,0.000081,1.101123e+02,3.26195199
1618,0.000081,1.101078e+02,5.91261832
1619,0.000086,1.100983e+02,4.61671599
1620,0.000084,1.100906e+02,3.74952886
1621,0.000082,1.100838e+02,3.19392411
1622,0.000087,1.100787e+02,5.68424201
1623,0.000083,1.100695e+02,4.46221389
1624,0.000082,1.100619e+02,3.64911162
1625,0.000082,1.100613e+02,7.15177993
1626,0.000085,1.100496e+02,5.47169522
1627,0.000119,1.100407e+02,4.31912733
1628,0.000105,1.100333e+02,3.55671171
1629,0.000099,1.100317e+02,6.86522036
1630,0.000116,1.100206e+02,5.27357336
1631,0.001705,1.100120e+02,4.18646882
1632,0.000110,1.100048e+02,3.47161959
1633,0.000103,1.100023e+02,6.59717651
1634,0.000097,1.099916e+02,5.08895446
1635,0.000102,1.099833e+02,4.06352192
1636,0.000105,1.099762e+02,3.39328000
1637,0.000099,1.099729e+02,6.34643224
1638,0.000100,1.099627e+02,4.91692908
1639,0.000098,1.099546e+02,3.94959523
1640,0.000100,1.099476e+02,3.32116716
1641,0.000099,1.099437e+02,6.11183579
1642,0.000103,1.099339e+02,4.75663970
1643,0.000104,1.099260e+02,3.84403935
1644,0.000144,1.099191e+02,3.25479086
1645,0.000149,1.099145e+02,5.89231292
1646,0.000136,1.099051e+02,4.60728595
1647,0.000143,1.098973e+02,3.74624834
1648,0.001365,1.098906e+02,3.19369619
1649,0.000083,1.098855e+02,5.68686506
1650,0.000085,1.098763e+02,4.46812225
1651,0.000086,1.098687e+02,3.65565773
1652,0.000083,1.098681e+02,7.17671919
1653,0.000083,1.098564e+02,5.49479177
1654,0.000082,1.098476e+02,4.33858529
1655,0.000083,1.098402e+02,3.57181591
1656,0.000083,1.098387e+02,6.91700382
1657,0.000083,1.098275e+02,5.31490076
1658,0.000084,1.098188e+02,4.21784754
1659,0.000081,1.098116e+02,3.49413701
1660,0.000083,1.098093e+02,6.67300831
1661,0.000083,1.097986e+02,5.14646429
1662,0.000107,1.097902e+02,4.10534089
1663,0.000106,1.097830e+02,3.42218078
1664,0.000109,1.097801e+02,6.44375811
1665,0.000100,1.097697e+02,4.98875226
1666,0.000118,1.097615e+02,4.00051110
1667,0.001351,1.097545e+02,3.35552739
1668,0.000099,1.097509e+02,6.22832234
1669,0.000100,1.097409e+02,4.84107186
1670,0.000105,1.097329e+02,3.90283527
1671,0.000096,1.097260e+02,3.29378391
1672,0.000096,1.097218e+02,6.02582854
1673,0.000099,1.097121e+02,4.70277400
1674,0.000099,1.097043e+02,3.81182400
1675,0.000096,1.096974e+02,3.23658455
1676,0.000097,1.096927e+02,5.83546268
1677,0.000103,1.096833e+02,4.57325222
1678,0.000100,1.096757e+02,3.72702025
1679,0.000106,1.096689e+02,3.18358946
1680,0.000162,1.096637e+02,5.65646575
1681,0.000139,1.096546e+02,4.45194020
1682,0.000123,1.096471e+02,3.64799743
1683,0.000123,1.096464e+02,7.15851010
1684,0.001545,1.096348e+02,5.48833401
1685,0.000088,1.096259e+02,4.33842496
1686,0.000221,1.096185e+02,3.57442203
1687,0.000093,1.096171e+02,6.93037653
1688,0.000085,1.096059e+02,5.33010726
1689,0.000083,1.095973e+02,4.23205031
1690,0.000084,1.095900e+02,3.50583739
1691,0.000084,1.095879e+02,6.71510715
1692,0.000084,1.095771e+02,5.18123999
1693,0.000084,1.095686e+02,4.13238745
1694,0.000089,1.095615e+02,3.44191126
1695,0.000083,1.095587e+02,6.51195692
1696,0.000084,1.095482e+02,5.04117246
1697,0.000085,1.095400e+02,4.03901204
1698,0.000114,1.095329e+02,3.38232387
1699,0.000103,1.095296e+02,6.32020652
1700,0.000101,1.095195e+02,4.90936931
1701,0.000106,1.095114e+02,3.95152144
1702,0.000097,1.095044e+02,3.32677453
1703,0.001297,1.095006e+02,6.13917799
1704,0.000102,1.094907e+02,4.78532669
1705,0.000095,1.094828e+02,3.86953745
1706,0.000094,1.094759e+02,3.27498232
1707,0.000094,1.094716e+02,5.96823608
1708,0.000095,1.094620e+02,4.66857218
1709,0.000092,1.094542e+02,3.79270580
1710,0.000094,1.094474e+02,3.22668530
1711,0.000101,1.094426e+02,5.80678623
1712,0.000103,1.094333e+02,4.55866322
1713,0.000099,1.094257e+02,3.72069484
1714,0.000095,1.094189e+02,3.18163942
1715,0.000097,1.094137e+02,5.65427195
1716,0.000131,1.094046e+02,4.45518514
1717,0.000129,1.093971e+02,3.65319415
1718,0.000117,1.093965e+02,7.18050554
1719,0.000122,1.093849e+02,5.51037526
1720,0.000125,1.093760e+02,4.35786502
1721,0.000126,1.093686e+02,3.58997778
1722,0.001947,1.093673e+02,6.98467544
1723,0.000131,1.093560e+02,5.37431142
1724,0.000125,1.093473e+02,4.26617777
1725,0.000094,1.093400e+02,3.53068888
1726,0.000089,1.093382e+02,6.79910012
1727,0.000087,1.093272e+02,5.24569215
1728,0.000087,1.093187e+02,4.17981419
1729,0.000086,1.093115e+02,3.47508702
1730,0.000087,1.093091e+02,6.62323297
1731,0.000090,1.092985e+02,5.12410489
1732,0.000096,1.092901e+02,4.09846153
1733,0.000089,1.092830e+02,3.42293749
1734,0.000089,1.092801e+02,6.45653830
1735,0.000127,1.092697e+02,5.00915067
1736,0.000113,1.092615e+02,4.02182068
1737,0.000104,1.092545e+02,3.37401821
1738,0.000104,1.092511e+02,6.29850771
1739,0.000108,1.092410e+02,4.90045190
1740,0.000100,1.092330e+02,3.94960939
1741,0.000106,1.092260e+02,3.32812078
1742,0.001600,1.092222e+02,6.14866260
1743,0.000119,1.092123e+02,4.79765317
1744,0.000110,1.092044e+02,3.88156234
1745,0.000114,1.091975e+02,3.28505004
1746,0.000115,1.091933e+02,6.00655324
1747,0.000120,1.091837e+02,4.70042033
1748,0.000115,1.091759e+02,3.81743035
1749,0.000113,1.091690e+02,3.24462350
1750,0.000112,1.091644e+02,5.87175712
1751,0.000109,1.091550e+02,4.60843930
1752,0.000111,1.091473e+02,3.75697941
1753,0.000115,1.091406e+02,3.20667047
1754,0.000129,1.091356e+02,5.74387722
1755,0.000121,1.091264e+02,4.52141476
1756,0.000163,1.091188e+02,3.69998983
1757,0.000160,1.091187e+02,7.33065563
1758,0.000177,1.091068e+02,5.62272603
1759,0.000166,1.090978e+02,4.43917215
1760,0.000149,1.090903e+02,3.64631131
1761,0.000164,1.090896e+02,7.16558269
1762,0.001534,1.090780e+02,5.50767253
1763,0.000086,1.090692e+02,4.36130216
1764,0.000089,1.090618e+02,3.59567431
1765,0.000086,1.090606e+02,7.00857687
1766,0.000087,1.090493e+02,5.39845785
1767,0.000085,1.090406e+02,4.28759271
1768,0.000086,1.090332e+02,3.54791162
1769,0.000087,1.090316e+02,6.85925271
1770,0.000087,1.090205e+02,5.29478864
1771,0.000084,1.090120e+02,4.21782086
1772,0.000083,1.090047e+02,3.50285625
1773,0.000085,1.090026e+02,6.71722343
1774,0.000086,1.089918e+02,5.19637644
1775,0.000084,1.089834e+02,4.15177091
1776,0.000119,1.089762e+02,3.46034890
1777,0.000099,1.089737e+02,6.58211866
1778,0.000105,1.089632e+02,5.10294643
1779,0.000107,1.089549e+02,4.08923833
1780,0.000098,1.089478e+02,3.42023940
1781,0.000127,1.089448e+02,6.45358807
1782,0.000113,1.089345e+02,5.01423891
1783,0.000141,1.089263e+02,4.03003021
1784,0.001635,1.089193e+02,3.38238668
1785,0.000107,1.089160e+02,6.33130124
1786,0.000100,1.089058e+02,4.93000898
1787,0.000097,1.088978e+02,3.97396491
1788,0.000098,1.088908e+02,3.34665842
1789,0.000109,1.088871e+02,6.21494678
1790,0.000101,1.088772e+02,4.85002583
1791,0.000105,1.088692e+02,3.92087144
1792,0.000100,1.088623e+02,3.31293056
1793,0.000105,1.088583e+02,6.10423124
1794,0.000107,1.088486e+02,4.77407195
1795,0.000108,1.088407e+02,3.87058892
1796,0.000105,1.088338e+02,3.28108679
1797,0.000148,1.088296e+02,5.99887797
1798,0.000142,1.088200e+02,4.70194232
1799,0.000150,1.088122e+02,3.82296596
1800,0.000130,1.088054e+02,3.25101815
1801,0.000126,1.088008e+02,5.89862616
1802,0.000140,1.087914e+02,4.63344369
1803,0.000132,1.087837e+02,3.77786011
1804,0.000111,1.087769e+02,3.22262255
1805,0.001323,1.087721e+02,5.80322984
1806,0.000088,1.087628e+02,4.56839385
1807,0.000085,1.087552e+02,3.73513739
1808,0.000083,1.087484e+02,3.19580436
1809,0.000083,1.087434e+02,5.71245699
1810,0.000084,1.087342e+02,4.50662106
1811,0.000083,1.087267e+02,3.69467173
1812,0.000082,1.087266e+02,7.32219237
1813,0.000084,1.087147e+02,5.62626690
1814,0.000085,1.087057e+02,4.44806230
1815,0.000089,1.086982e+02,3.65639830
1816,0.000083,1.086977e+02,7.20453936
1817,0.000086,1.086860e+02,5.54418546
1818,0.000084,1.086771e+02,4.39242313
1819,0.000118,1.086697e+02,3.62013282
1820,0.000102,1.086688e+02,7.09242538
1821,0.000099,1.086574e+02,5.46608476
1822,0.000101,1.086486e+02,4.33959136
1823,0.000118,1.086412e+02,3.58578433
1824,0.000122,1.086400e+02,6.98563454
1825,0.001624,1.086287e+02,5.39179776
1826,0.000101,1.086201e+02,4.28943939
1827,0.000104,1.086127e+02,3.55325788
1828,0.000110,1.086112e+02,6.88394020
1829,0.000108,1.086001e+02,5.32115511
1830,0.000098,1.085915e+02,4.24184127
1831,0.000108,1.085843e+02,3.52246169
1832,0.000105,1.085824e+02,6.78712236
1833,0.000107,1.085715e+02,5.25399389
1834,0.000110,1.085630e+02,4.19667675
1835,0.000115,1.085558e+02,3.49330879
1836,0.000114,1.085536e+02,6.69497168
1837,0.000114,1.085429e+02,5.19015945
1838,0.000135,1.085345e+02,4.15383204
1839,0.000159,1.085273e+02,3.46571721
1840,0.000134,1.085249e+02,6.60729008
1841,0.000130,1.085143e+02,5.12950558
1842,0.000138,1.085060e+02,4.11319974
1843,0.000127,1.084989e+02,3.43960986
1844,0.000126,1.084962e+02,6.52389041
1845,0.000111,1.084857e+02,5.07189422
1846,0.000125,1.084775e+02,4.07467857
1847,0.001294,1.084704e+02,3.41491426
1848,0.000085,1.084675e+02,6.44459592
1849,0.000083,1.084572e+02,5.01719501
1850,0.000083,1.084490e+02,4.03817305
1851,0.000082,1.084420e+02,3.39156225
1852,0.000081,1.084388e+02,6.36923974
1853,0.000084,1.084286e+02,4.96528492
1854,0.000085,1.084205e+02,4.00359319
1855,0.000081,1.084135e+02,3.36948980
1856,0.000083,1.084101e+02,6.29766430
1857,0.000082,1.084001e+02,4.91604782
1858,0.000081,1.083920e+02,3.97085414
1859,0.000082,1.083851e+02,3.34863668
1860,0.000082,1.083815e+02,6.22972085
1861,0.000104,1.083715e+02,4.86937412
1862,0.000107,1.083636e+02,3.93987598
1863,0.000118,1.083566e+02,3.32894630
1864,0.000113,1.083528e+02,6.16526898
1865,0.000110,1.083430e+02,4.82516043
1866,0.000114,1.083351e+02,3.91058337
1867,0.000131,1.083282e+02,3.31036549
1868,0.000139,1.083242e+02,6.10417618
1869,0.001890,1.083145e+02,4.78330919
1870,0.000105,1.083066e+02,3.88290535
1871,0.000098,1.082997e+02,3.29284427
1872,0.000101,1.082956e+02,6.04631743
1873,0.000108,1.082860e+02,4.74372844
1874,0.000105,1.082781e+02,3.85677512
1875,0.000101,1.082713e+02,3.27633569
1876,0.000112,1.082670e+02,5.99157480
1877,0.000106,1.082575e+02,4.70633145
1878,0.000105,1.082497e+02,3.83212978
1879,0.000106,1.082429e+02,3.26079568
1880,0.000102,1.082384e+02,5.93983711
1881,0.000104,1.082290e+02,4.67103654
1882,0.000106,1.082212e+02,3.80891015
1883,0.000174,1.082144e+02,3.24618285
1884,0.000138,1.082099e+02,5.89099960
1885,0.000129,1.082005e+02,4.63776676
1886,0.000116,1.081928e+02,3.78706060
1887,0.000113,1.081860e+02,3.23245838
1888,0.000107,1.081813e+02,5.84496361
1889,0.000099,1.081720e+02,4.60644970
1890,0.000106,1.081643e+02,3.76652885
1891,0.000111,1.081576e+02,3.21958589
1892,0.001383,1.081527e+02,5.80163628
1893,0.000085,1.081435e+02,4.57701731
1894,0.000084,1.081359e+02,3.74726584
1895,0.000081,1.081291e+02,3.20753132
1896,0.000082,1.081242e+02,5.76093031
1897,0.000083,1.081150e+02,4.54940562
1898,0.000097,1.081074e+02,3.72922554
1899,0.000095,1.081007e+02,3.19626278
1900,0.000094,1.080957e+02,5.72276369
1901,0.000146,1.080865e+02,4.52355463
1902,0.000120,1.080790e+02,3.71236488
1903,0.000115,1.080723e+02,3.18575051
1904,0.000115,1.080671e+02,5.68705948
1905,0.000128,1.080581e+02,4.49940811
1906,0.000190,1.080505e+02,3.69664356
1907,0.000131,1.080505e+02,7.34067586
1908,0.000140,1.080386e+02,5.65389208
1909,0.000142,1.080296e+02,4.47699194
1910,0.000124,1.080221e+02,3.68206476
1911,0.000130,1.080219e+02,7.29608498
1912,0.000121,1.080101e+02,5.62296506
1913,0.000116,1.080011e+02,4.45613885
1914,0.001712,1.079936e+02,3.66853499
1915,0.000102,1.079933e+02,7.25464965
1916,0.000096,1.079816e+02,5.59427656
1917,0.000087,1.079727e+02,4.43683228
1918,0.000084,1.079652e+02,3.65603459
1919,0.000085,1.079647e+02,7.21632071
1920,0.000087,1.079531e+02,5.56778384
1921,0.000091,1.079442e+02,4.41903742
1922,0.000084,1.079368e+02,3.64453688
1923,0.000085,1.079362e+02,7.18103165
1924,0.000084,1.079246e+02,5.54343654
1925,0.000084,1.079157e+02,4.40271682
1926,0.000084,1.079083e+02,3.63401492
1927,0.000086,1.079076e+02,7.14871509
1928,0.000119,1.078961e+02,5.52118512
1929,0.000101,1.078873e+02,4.38783446
1930,0.000098,1.078799e+02,3.62444321
1931,0.000111,1.078791e+02,7.11930707
1932,0.000104,1.078677e+02,5.50098295
1933,0.000104,1.078588e+02,4.37435674
1934,0.000104,1.078515e+02,3.61579822
1935,0.000098,1.078506e+02,7.09274806
1936,0.000098,1.078392e+02,5.48278685
1937,0.000106,1.078304e+02,4.36225272
1938,0.001406,1.078230e+02,3.60805835
1939,0.000115,1.078220e+02,7.06898313
1940,0.000101,1.078107e+02,5.46655712
1941,0.000100,1.078020e+02,4.35149406
1942,0.000098,1.077946e+02,3.60120398
1943,0.000102,1.077936e+02,7.04796190
1944,0.000100,1.077823e+02,5.45225747
1945,0.000099,1.077735e+02,4.34205500
1946,0.000099,1.077662e+02,3.59521740
1947,0.000101,1.077651e+02,7.02963841
1948,0.000103,1.077538e+02,5.43985495
1949,0.000098,1.077451e+02,4.33391228
1950,0.000098,1.077378e+02,3.59008271
1951,0.000135,1.077366e+02,7.01397095
1952,0.000128,1.077254e+02,5.42931979
1953,0.000123,1.077167e+02,4.32704503
1954,0.000127,1.077093e+02,3.58578577
1955,0.000116,1.077081e+02,7.00092196
1956,0.000121,1.076969e+02,5.42062534
1957,0.000134,1.076882e+02,4.32143471
1958,0.000117,1.076809e+02,3.58231416
1959,0.000125,1.076797e+02,6.99045789
1960,0.000139,1.076685e+02,5.41374795
1961,0.001546,1.076598e+02,4.31706501
1962,0.000086,1.076525e+02,3.57965709
1963,0.000084,1.076512e+02,6.98254909
1964,0.000083,1.076401e+02,5.40866691
1965,0.000084,1.076314e+02,4.31392183
1966,0.000082,1.076241e+02,3.57780538
1967,0.000082,1.076228e+02,6.97716968
1968,0.000082,1.076116e+02,5.40536432
1969,0.000085,1.076030e+02,4.31199315
1970,0.000082,1.075957e+02,3.57675135
1971,0.000083,1.075944e+02,6.97429746
1972,0.000091,1.075832e+02,5.40382505
1973,0.000084,1.075746e+02,4.31126903
1974,0.000090,1.075673e+02,3.57648882
1975,0.000116,1.075660e+02,6.97391384
1976,0.000100,1.075548e+02,5.40403665
1977,0.000106,1.075462e+02,4.31174150
1978,0.000097,1.075389e+02,3.57701305
1979,0.000098,1.075376e+02,6.97600372
1980,0.000110,1.075264e+02,5.40598931
1981,0.000102,1.075178e+02,4.31340454
1982,0.000101,1.075104e+02,3.57832068
1983,0.000107,1.075092e+02,6.98055543
1984,0.000100,1.074980e+02,5.40967576
1985,0.001426,1.074894e+02,4.31625401
1986,0.000086,1.074820e+02,3.58040971
1987,0.000083,1.074808e+02,6.98756066
1988,0.000087,1.074696e+02,5.41509124
1989,0.000110,1.074610e+02,4.32028764
1990,0.000099,1.074536e+02,3.58327947
1991,0.000088,1.074524e+02,6.99701443
1992,0.000087,1.074412e+02,5.42223345
1993,0.000092,1.074326e+02,4.32550496
1994,0.000089,1.074252e+02,3.58693057
1995,0.000085,1.074240e+02,7.00891498
1996,0.000087,1.074129e+02,5.43110255
1997,0.000086,1.074042e+02,4.33190729
1998,0.000086,1.073968e+02,3.59136491
1999,0.000116,1.073957e+02,7.02326376
2000,0.000112,1.073845e+02,5.44170103
2001,0.000105,1.073758e+02,4.33949771
2002,0.000109,1.073684e+02,3.59658561
2003,0.000102,1.073674e+02,7.04006543
2004,0.000113,1.073561e+02,5.45403379
2005,0.000112,1.073474e+02,4.34828104
2006,0.000103,1.073400e+02,3.60259706
2007,0.000107,1.073390e+02,7.05932774
2008,0.000113,1.073277e+02,5.46810805
2009,0.001727,1.073190e+02,4.35826382
2010,0.000118,1.073116e+02,3.60940488
2011,0.000113,1.073107e+02,7.08106160
2012,0.000119,1.072994e+02,5.48393337
2013,0.000138,1.072906e+02,4.36945432
2014,0.000139,1.072833e+02,3.61701590
2015,0.000125,1.072824e+02,7.10528102
2016,0.000108,1.072710e+02,5.50152161
2017,0.000112,1.072622e+02,4.38186251
2018,0.000107,1.072549e+02,3.62543821
2019,0.000134,1.072541e+02,7.13200311
2020,0.000103,1.072427e+02,5.52088698
2021,0.000108,1.072339e+02,4.39550010
2022,0.000103,1.072265e+02,3.63468113
2023,0.000150,1.072258e+02,7.16124808
2024,0.000197,1.072143e+02,5.54204599
2025,0.000167,1.072055e+02,4.41038052
2026,0.000149,1.071981e+02,3.64475525
2027,0.000152,1.071975e+02,7.19303925
2028,0.000160,1.071860e+02,5.56501748
2029,0.000135,1.071771e+02,4.42651893
2030,0.000130,1.071697e+02,3.65567241
2031,0.000131,1.071692e+02,7.22740307
2032,0.000124,1.071577e+02,5.58982263
2033,0.000125,1.071488e+02,4.44393226
2034,0.001699,1.071413e+02,3.66744576
2035,0.000100,1.071410e+02,7.26436911
2036,0.000096,1.071293e+02,5.61648501
2037,0.000102,1.071204e+02,4.46263921
2038,0.000099,1.071129e+02,3.68008977
2039,0.000099,1.071127e+02,7.30397013
2040,0.000097,1.071010e+02,5.64503054
2041,0.000102,1.070920e+02,4.48266028
2042,0.000103,1.070845e+02,3.69362026
2043,0.000101,1.070845e+02,7.34624206
2044,0.000108,1.070727e+02,5.67548757
2045,0.000107,1.070637e+02,4.50401779
2046,0.000103,1.070562e+02,3.70805440
2047,0.000110,1.070495e+02,3.18851792
2048,0.000162,1.070444e+02,5.70775813
2049,0.000143,1.070353e+02,4.52666842
2050,0.000133,1.070278e+02,3.72337669
2051,0.000132,1.070211e+02,3.19844069
2052,0.000130,1.070161e+02,5.74208791
2053,0.000134,1.070070e+02,4.55074817
2054,0.000123,1.069994e+02,3.73966169
2055,0.000106,1.069927e+02,3.20898692
2056,0.000098,1.069878e+02,5.77845299
2057,0.000101,1.069786e+02,4.57625517
2058,0.000109,1.069710e+02,3.75691679
2059,0.000098,1.069643e+02,3.22016619
2060,0.001549,1.069595e+02,5.81687576
2061,0.000100,1.069503e+02,4.60321133
2062,0.000095,1.069426e+02,3.77516117
2063,0.000099,1.069359e+02,3.23199369
2064,0.000097,1.069312e+02,5.85739283
2065,0.000094,1.069219e+02,4.63164644
2066,0.000100,1.069143e+02,3.79441836
2067,0.000097,1.069075e+02,3.24448707
2068,0.000099,1.069029e+02,5.90004668
2069,0.000099,1.068936e+02,4.66159395
2070,0.000104,1.068859e+02,3.81471426
2071,0.000100,1.068791e+02,3.25766555
2072,0.000100,1.068747e+02,5.94488341
2073,0.000103,1.068653e+02,4.69308988
2074,0.000159,1.068575e+02,3.83607662
2075,0.000123,1.068507e+02,3.27154970
2076,0.000122,1.068464e+02,5.99195213
2077,0.000128,1.068369e+02,4.72617253
2078,0.000138,1.068292e+02,3.85853494
2079,0.000126,1.068223e+02,3.28616145
2080,0.000137,1.068182e+02,6.04130487
2081,0.000126,1.068086e+02,4.76088236
2082,0.000120,1.068008e+02,3.88212040
2083,0.000125,1.067940e+02,3.30152401
2084,0.000124,1.067899e+02,6.09299649
2085,0.001510,1.067803e+02,4.79726208
2086,0.000083,1.067724e+02,3.90686594
2087,0.000082,1.067656e+02,3.31766197
2088,0.000082,1.067617e+02,6.14708480
2089,0.000083,1.067520e+02,4.83535663
2090,0.000082,1.067441e+02,3.93280622
2091,0.000082,1.067372e+02,3.33460127
2092,0.000085,1.067335e+02,6.20363059
2093,0.000089,1.067237e+02,4.87521325
2094,0.000084,1.067157e+02,3.95997772
2095,0.000084,1.067088e+02,3.35236927
2096,0.000082,1.067053e+02,6.26269772
2097,0.000084,1.066954e+02,4.91688152
2098,0.000085,1.066874e+02,3.98841875
2099,0.000115,1.066804e+02,3.37099476
2100,0.000105,1.066771e+02,6.32435314
2101,0.000098,1.066671e+02,4.96041342
2102,0.000098,1.066590e+02,4.01816947
2103,0.000103,1.066521e+02,3.39050799
2104,0.000115,1.066489e+02,6.38866702
2105,0.000101,1.066388e+02,5.00586337
2106,0.000108,1.066307e+02,4.04927195
2107,0.000102,1.066237e+02,3.41094071
2108,0.000109,1.066207e+02,6.45571282
2109,0.000111,1.066105e+02,5.05328828
2110,0.000122,1.066024e+02,4.08177021
2111,0.000117,1.065953e+02,3.43232617
2112,0.001732,1.065926e+02,6.52556735
2113,0.000103,1.065823e+02,5.10274764
2114,0.000104,1.065740e+02,4.11571024
2115,0.000097,1.065669e+02,3.45469921
2116,0.000106,1.065644e+02,6.59831089
2117,0.000099,1.065540e+02,5.15430356
2118,0.000104,1.065457e+02,4.15114010
2119,0.000103,1.065386e+02,3.47809626
2120,0.000102,1.065363e+02,6.67402730
2121,0.000099,1.065257e+02,5.20802086
2122,0.000105,1.065174e+02,4.18810989
2123,0.000104,1.065102e+02,3.50255536
2124,0.000104,1.065082e+02,6.75280408
2125,0.000144,1.064975e+02,5.26396712
2126,0.000135,1.064891e+02,4.22667190
2127,0.000136,1.064819e+02,3.52811625
2128,0.000155,1.064801e+02,6.83473253
2129,0.000136,1.064693e+02,5.32221279
2130,0.000106,1.064607e+02,4.26688058
2131,0.000107,1.064535e+02,3.55482040
2132,0.000103,1.064520e+02,6.91990787
2133,0.000115,1.064410e+02,5.38283126
2134,0.000098,1.064324e+02,4.30879266
2135,0.000098,1.064252e+02,3.58271105
2136,0.000099,1.064240e+02,7.00842933
2137,0.000108,1.064128e+02,5.44589895
2138,0.000105,1.064041e+02,4.35246721
2139,0.001337,1.063968e+02,3.61183324
2140,0.000084,1.063959e+02,7.10040032
2141,0.000086,1.063846e+02,5.51149541
2142,0.000081,1.063758e+02,4.39796569
2143,0.000080,1.063685e+02,3.64223394
2144,0.000086,1.063679e+02,7.19592860
2145,0.000087,1.063564e+02,5.57970348
2146,0.000089,1.063475e+02,4.44535205
2147,0.000086,1.063401e+02,3.67396207
2148,0.000089,1.063399e+02,7.29512636
2149,0.000088,1.063282e+02,5.65060931
2150,0.000088,1.063193e+02,4.49469284
2151,0.000103,1.063118e+02,3.70706855
2152,0.000119,1.063051e+02,3.19120521
2153,0.000153,1.063001e+02,5.72418711
2154,0.000157,1.062910e+02,4.54599782
2155,0.000140,1.062834e+02,3.74157721
2156,0.000135,1.062767e+02,3.21344617
2157,0.000138,1.062719e+02,5.80072456
2158,0.000156,1.062627e+02,4.59943900
2159,0.000184,1.062551e+02,3.77759243
2160,0.000138,1.062484e+02,3.23671045
2161,0.000128,1.062437e+02,5.88026435
2162,0.000131,1.062344e+02,4.65506393
2163,0.000120,1.062268e+02,3.81515877
2164,0.000120,1.062200e+02,3.26103527
2165,0.001793,1.062156e+02,5.96289276
2166,0.000100,1.062062e+02,4.71294307
2167,0.000088,1.061984e+02,3.85433256
2168,0.000084,1.061916e+02,3.28646389
2169,0.000085,1.061875e+02,6.04871093
2170,0.000092,1.061779e+02,4.77315545
2171,0.000086,1.061701e+02,3.89517525
2172,0.000084,1.061633e+02,3.31304275
2173,0.000084,1.061594e+02,6.13782730
2174,0.000085,1.061497e+02,4.83578490
2175,0.000086,1.061418e+02,3.93775157
2176,0.000083,1.061349e+02,3.34082070
2177,0.000084,1.061313e+02,6.23035561
2178,0.000087,1.061215e+02,4.90091909
2179,0.000111,1.061135e+02,3.98212917
2180,0.000101,1.061065e+02,3.36984887
2181,0.000211,1.061032e+02,6.32641445
2182,0.000133,1.060932e+02,4.96864933
2183,0.000099,1.060852e+02,4.02837852
2184,0.000106,1.060782e+02,3.40018070
2185,0.000106,1.060752e+02,6.42612728
2186,0.000100,1.060650e+02,5.03907061
2187,0.000098,1.060569e+02,4.07657298
2188,0.000096,1.060498e+02,3.43187195
2189,0.000113,1.060471e+02,6.52962254
2190,0.000096,1.060368e+02,5.11228169
2191,0.000104,1.060286e+02,4.12678890
2192,0.000128,1.060215e+02,3.46498085
2193,0.001795,1.060191e+02,6.63703384
2194,0.000122,1.060086e+02,5.18838529
2195,0.000117,1.060003e+02,4.17910571
2196,0.000105,1.059931e+02,3.49956815
2197,0.000111,1.059911e+02,6.74850021
2198,0.000124,1.059804e+02,5.26748820
2199,0.000111,1.059720e+02,4.23360607
2200,0.000116,1.059648e+02,3.53569724
2201,0.000123,1.059631e+02,6.86416624
2202,0.000112,1.059523e+02,5.34970146
2203,0.000114,1.059437e+02,4.29037591
2204,0.000107,1.059365e+02,3.57343420
2205,0.000106,1.059352e+02,6.98418238
2206,0.000103,1.059241e+02,5.43514052
2207,0.000146,1.059155e+02,4.34950466
2208,0.000131,1.059081e+02,3.61284796
2209,0.000144,1.059073e+02,7.10870513
2210,0.000125,1.058960e+02,5.52392538
2211,0.000117,1.058872e+02,4.41108526
2212,0.000130,1.058798e+02,3.65401033
2213,0.000118,1.058794e+02,7.23789732
2214,0.000120,1.058679e+02,5.61618084
2215,0.000119,1.058589e+02,4.47521436
2216,0.000127,1.058515e+02,3.69699613
2217,0.000125,1.058448e+02,3.18666668
2218,0.000120,1.058397e+02,5.71193502
2219,0.000117,1.058307e+02,4.54194174
2220,0.000117,1.058232e+02,3.74185947
2221,0.000115,1.058165e+02,3.21557718
2222,0.001817,1.058117e+02,5.81149997
2223,0.000116,1.058025e+02,4.61146181
2224,0.000108,1.057948e+02,3.78872485
2225,0.000125,1.057881e+02,3.24586842
2226,0.000114,1.057836e+02,5.91496531
2227,0.000114,1.057742e+02,4.68385770
2228,0.000121,1.057665e+02,3.83766468
2229,0.000114,1.057597e+02,3.27759949
2230,0.000112,1.057555e+02,6.02246316
2231,0.000107,1.057460e+02,4.75923534
2232,0.000101,1.057382e+02,3.88876355
2233,0.000102,1.057314e+02,3.31083626
2234,0.000100,1.057275e+02,6.13414166
2235,0.000155,1.057178e+02,4.83771028
2236,0.000156,1.057099e+02,3.94211209
2237,0.000126,1.057030e+02,3.34564865
2238,0.000115,1.056995e+02,6.25015792
2239,0.000124,1.056896e+02,4.91940417
2240,0.000119,1.056817e+02,3.99780531
2241,0.000124,1.056747e+02,3.38210995
2242,0.000124,1.056715e+02,6.37067622
2243,0.000119,1.056615e+02,5.00444387
2244,0.000124,1.056534e+02,4.05594216
2245,0.000133,1.056464e+02,3.42029670
2246,0.000120,1.056435e+02,6.49586771
2247,0.000117,1.056333e+02,5.09296131
2248,0.000129,1.056251e+02,4.11662555
2249,0.000126,1.056180e+02,3.46028866
2250,0.001558,1.056156e+02,6.62591044
2251,0.000085,1.056052e+02,5.18509361
2252,0.000085,1.055968e+02,4.17996240
2253,0.000082,1.055897e+02,3.50216890
2254,0.000082,1.055877e+02,6.76098964
2255,0.000080,1.055770e+02,5.28098325
2256,0.000084,1.055686e+02,4.24606377
2257,0.000080,1.055614e+02,3.54602389
2258,0.000083,1.055598e+02,6.90129803
2259,0.000081,1.055489e+02,5.38077825
2260,0.000096,1.055403e+02,4.31504498
2261,0.000088,1.055331e+02,3.59194356
2262,0.000093,1.055320e+02,7.04703611
2263,0.000092,1.055208e+02,5.48463246
2264,0.000120,1.055121e+02,4.38702580
2265,0.000143,1.055047e+02,3.64002145
2266,0.000121,1.055042e+02,7.19841250
2267,0.000115,1.054927e+02,5.59270572
2268,0.000114,1.054839e+02,4.46213056
2269,0.000116,1.054764e+02,3.69035480
2270,0.000127,1.054764e+02,7.35564434
2271,0.000151,1.054647e+02,5.70516419
2272,0.000153,1.054557e+02,4.54048835
2273,0.000125,1.054481e+02,3.74304465
2274,0.000162,1.054414e+02,3.21770184
2275,0.000124,1.054367e+02,5.82208071
2276,0.000199,1.054275e+02,4.62218457
2277,0.000128,1.054198e+02,3.79817402
2278,0.000120,1.054131e+02,3.25338236
2279,0.000124,1.054086e+02,5.94381380
2280,0.001845,1.053993e+02,4.70744864
2281,0.000105,1.053916e+02,3.85589496
2282,0.000097,1.053847e+02,3.29087651
2283,0.000102,1.053807e+02,6.07049854
2284,0.000104,1.053711e+02,4.79639914
2285,0.000102,1.053633e+02,3.91630846
2286,0.000100,1.053564e+02,3.33026666
2287,0.000116,1.053527e+02,6.20231533
2288,0.000106,1.053430e+02,4.88917937
2289,0.000103,1.053350e+02,3.97952902
2290,0.000085,1.053281e+02,3.37164291
2291,0.000086,1.053248e+02,6.33946299
2292,0.000086,1.053148e+02,4.98594388
2293,0.000083,1.053067e+02,4.04567829
2294,0.000122,1.052998e+02,3.41510037
2295,0.000102,1.052969e+02,6.48215171
2296,0.000106,1.052867e+02,5.08685495
2297,0.000111,1.052785e+02,4.11488349
2298,0.000096,1.052714e+02,3.46073845
2299,0.000109,1.052690e+02,6.63060125
2300,0.000108,1.052586e+02,5.19208179
2301,0.000097,1.052503e+02,4.18727701
2302,0.000097,1.052431e+02,3.50866078
2303,0.000105,1.052412e+02,6.78504078
2304,0.000101,1.052305e+02,5.30180048
2305,0.000099,1.052220e+02,4.26299648
2306,0.000106,1.052148e+02,3.55897526
2307,0.000109,1.052134e+02,6.94570907
2308,0.000106,1.052024e+02,5.41619423
2309,0.000105,1.051938e+02,4.34218492
2310,0.001567,1.051865e+02,3.61179419
2311,0.000107,1.051856e+02,7.11285493
2312,0.000096,1.051744e+02,5.53545361
2313,0.000098,1.051656e+02,4.42499096
2314,0.000092,1.051582e+02,3.66723441
2315,0.000095,1.051579e+02,7.28673766
2316,0.000097,1.051464e+02,5.65977697
2317,0.000097,1.051374e+02,4.51156903
2318,0.000099,1.051299e+02,3.72541749
2319,0.000094,1.051232e+02,3.20752079
2320,0.000099,1.051184e+02,5.78928039
2321,0.000108,1.051092e+02,4.60203678
2322,0.000099,1.051016e+02,3.78645128
2323,0.000099,1.050949e+02,3.24702176
2324,0.000150,1.050904e+02,5.92434499
2325,0.000124,1.050811e+02,4.69664419
2326,0.000123,1.050734e+02,3.85050634
2327,0.000131,1.050665e+02,3.28864539
2328,0.000120,1.050624e+02,6.06514606
2329,0.000141,1.050529e+02,4.79554040
2330,0.000136,1.050451e+02,3.91770787
2331,0.000121,1.050382e+02,3.33249345
2332,0.000120,1.050345e+02,6.21190379
2333,0.000130,1.050248e+02,4.89889952
2334,0.000125,1.050168e+02,3.98819514
2335,0.000128,1.050099e+02,3.37867614
2336,0.000131,1.050067e+02,6.36485821
2337,0.000137,1.049967e+02,5.00690805
2338,0.000117,1.049886e+02,4.06211553
2339,0.001401,1.049816e+02,3.42730966
2340,0.000081,1.049788e+02,6.52426258
2341,0.000082,1.049686e+02,5.11976166
2342,0.000082,1.049603e+02,4.13962312
2343,0.000080,1.049533e+02,3.47851548
2344,0.000091,1.049510e+02,6.69038191
2345,0.000084,1.049405e+02,5.23766447
2346,0.000081,1.049321e+02,4.22087831
2347,0.000081,1.049249e+02,3.53242032
2348,0.000083,1.049233e+02,6.86349282
2349,0.000082,1.049124e+02,5.36082913
2350,0.000082,1.049039e+02,4.30604798
2351,0.000081,1.048966e+02,3.58915620
2352,0.000082,1.048956e+02,7.04388395
2353,0.000081,1.048844e+02,5.48947711
2354,0.000114,1.048757e+02,4.39530565
2355,0.000106,1.048684e+02,3.64886059
2356,0.000122,1.048679e+02,7.23185646
2357,0.000107,1.048564e+02,5.62383907
2358,0.000111,1.048475e+02,4.48883174
2359,0.000135,1.048401e+02,3.71167657
2360,0.000116,1.048334e+02,3.19966360
2361,0.000119,1.048285e+02,5.76406739
2362,0.000118,1.048194e+02,4.58677192
2363,0.000124,1.048118e+02,3.77773470
2364,0.000123,1.048051e+02,3.24240666
2365,0.000119,1.048005e+02,5.91057327
2366,0.000124,1.047912e+02,4.68940202
2367,0.000116,1.047835e+02,3.84722795
2368,0.001799,1.047767e+02,3.28757069
2369,0.000103,1.047726e+02,6.06357165
2370,0.000105,1.047631e+02,4.79690185
2371,0.000102,1.047553e+02,3.92030637
2372,0.000101,1.047484e+02,3.33527784
2373,0.000100,1.047448e+02,6.22332235
2374,0.000102,1.047350e+02,4.90947655
2375,0.000087,1.047270e+02,3.99713455
2376,0.000113,1.047201e+02,3.38565938
2377,0.000084,1.047169e+02,6.39010650
2378,0.000083,1.047069e+02,5.02734474
2379,0.000084,1.046988e+02,4.07788609
2380,0.000083,1.046918e+02,3.43885330
2381,0.000085,1.046892e+02,6.56422034
2382,0.000111,1.046788e+02,5.15073551
2383,0.000103,1.046706e+02,4.16274218
2384,0.000098,1.046635e+02,3.49500367
2385,0.000104,1.046614e+02,6.74597392
2386,0.000108,1.046508e+02,5.27988785
2387,0.000108,1.046424e+02,4.25189135
2388,0.000104,1.046352e+02,3.55426065
2389,0.000100,1.046337e+02,6.93569114
2390,0.000096,1.046228e+02,5.41505081
2391,0.000103,1.046142e+02,4.34552966
2392,0.000097,1.046069e+02,3.61678047
2393,0.000099,1.046061e+02,7.13371030
2394,0.000106,1.045948e+02,5.55648389
2395,0.000099,1.045860e+02,4.44386087
2396,0.000108,1.045786e+02,3.68272564
2397,0.000106,1.045785e+02,7.34038470
2398,0.000095,1.045669e+02,5.70445750
2399,0.001608,1.045579e+02,4.54709686
2400,0.000101,1.045504e+02,3.75226513
2401,0.000103,1.045436e+02,3.22673464
2402,0.000094,1.045390e+02,5.85917096
2403,0.000098,1.045297e+02,4.65542045
2404,0.000098,1.045221e+02,3.82555980
2405,0.000096,1.045153e+02,3.27433369
2406,0.000099,1.045111e+02,6.02107762
2407,0.000097,1.045016e+02,4.76913942
2408,0.000096,1.044939e+02,3.90282833
2409,0.000094,1.044870e+02,3.32475315
2410,0.000096,1.044833e+02,6.19043687
2411,0.000112,1.044736e+02,4.88846836
2412,0.000096,1.044656e+02,3.98424913
2413,0.000148,1.044587e+02,3.37813888
2414,0.000133,1.044555e+02,6.36755629
2415,0.000135,1.044455e+02,5.01364927
2416,0.000126,1.044374e+02,4.07001649
2417,0.000123,1.044304e+02,3.43464684
2418,0.000125,1.044277e+02,6.55276758
2419,0.000149,1.044175e+02,5.14493949
2420,0.000126,1.044092e+02,4.16033493
2421,0.000122,1.044021e+02,3.49444063
2422,0.000125,1.044001e+02,6.74642028
2423,0.000150,1.043894e+02,5.28260873
2424,0.000130,1.043810e+02,4.25541780
2425,0.000125,1.043738e+02,3.55769091
2426,0.000135,1.043724e+02,6.94888060
2427,0.000104,1.043615e+02,5.42693855
2428,0.000104,1.043529e+02,4.35548712
2429,0.001386,1.043455e+02,3.62457531
2430,0.000085,1.043448e+02,7.16053159
2431,0.000083,1.043335e+02,5.57822266
2432,0.000080,1.043247e+02,4.46077382
2433,0.000083,1.043173e+02,3.69527862
2434,0.000092,1.043106e+02,3.19064763
2435,0.000081,1.043056e+02,5.73668811
2436,0.000081,1.042966e+02,4.57148111
2437,0.000080,1.042890e+02,3.76997757
2438,0.000079,1.042823e+02,3.23901701
2439,0.000081,1.042777e+02,5.90280333
2440,0.000083,1.042685e+02,4.68793311
2441,0.000080,1.042608e+02,3.84890674
2442,0.000079,1.042540e+02,3.29038313
2443,0.000114,1.042499e+02,6.07685976
2444,0.000106,1.042404e+02,4.81036872
2445,0.000124,1.042326e+02,3.93226379
2446,0.000106,1.042257e+02,3.34490703
2447,0.000120,1.042221e+02,6.25919499
2448,0.000131,1.042123e+02,4.93905348
2449,0.000123,1.042043e+02,4.02026227
2450,0.000116,1.041974e+02,3.40276025
2451,0.000124,1.041944e+02,6.45017136
2452,0.000117,1.041843e+02,5.07426891
2453,0.000133,1.041761e+02,4.11312655
2454,0.000124,1.041691e+02,3.46412267
2455,0.000116,1.041667e+02,6.65017055
2456,0.000117,1.041563e+02,5.21630996
2457,0.000126,1.041480e+02,4.21109069
2458,0.000116,1.041408e+02,3.52918204
2459,0.001794,1.041391e+02,6.85959263
2460,0.000106,1.041283e+02,5.36548468
2461,0.000102,1.041198e+02,4.31439836
2462,0.000088,1.041125e+02,3.59813398
2463,0.000083,1.041116e+02,7.07885651
2464,0.000080,1.041004e+02,5.52211469
2465,0.000124,1.040916e+02,4.42330316
2466,0.000094,1.040843e+02,3.67118212
2467,0.000085,1.040841e+02,7.30840074
2468,0.000085,1.040725e+02,5.68653575
2469,0.000082,1.040635e+02,4.53806902
2470,0.000083,1.040560e+02,3.74853837
2471,0.000082,1.040493e+02,3.22586840
2472,0.000084,1.040446e+02,5.85902286
2473,0.000128,1.040354e+02,4.65893746
2474,0.000100,1.040278e+02,3.83041093
2475,0.000108,1.040210e+02,3.27911609
2476,0.000110,1.040168e+02,6.04009282
2477,0.000104,1.040073e+02,4.78626841
2478,0.000099,1.039995e+02,3.91706269
2479,0.000102,1.039927e+02,3.33576914
2480,0.000101,1.039891e+02,6.23008419
2481,0.000098,1.039793e+02,4.92033771
2482,0.000102,1.039713e+02,4.00872162
2483,0.000096,1.039644e+02,3.39601424
2484,0.000101,1.039614e+02,6.42938610
2485,0.000117,1.039513e+02,5.06145070
2486,0.000102,1.039431e+02,4.10563338
2487,0.000094,1.039361e+02,3.46004999
2488,0.000099,1.039337e+02,6.63841591
2489,0.000114,1.039233e+02,5.20993100
2490,0.001795,1.039150e+02,4.20805601
2491,0.000261,1.039078e+02,3.52808451
2492,0.000115,1.039061e+02,6.85761353
2493,0.000110,1.038953e+02,5.36611793
2494,0.000111,1.038868e+02,4.31625875
2495,0.000098,1.038795e+02,3.60033494
2496,0.000100,1.038786e+02,7.08744065
2497,0.000099,1.038674e+02,5.53036628
2498,0.000095,1.038587e+02,4.43052208
2499,0.000093,1.038513e+02,3.67702745
2500,0.000105,1.038512e+02,7.32838124
2501,0.000099,1.038396e+02,5.70304681
2502,0.000102,1.038306e+02,4.55113799
2503,0.000102,1.038230e+02,3.75839739
2504,0.000163,1.038163e+02,3.23293018
2505,0.000143,1.038117e+02,5.88447179
2506,0.000131,1.038025e+02,4.67837768
2507,0.000136,1.037948e+02,3.84467764
2508,0.000123,1.037880e+02,3.28911254
2509,0.000133,1.037839e+02,6.07519646
2510,0.000129,1.037744e+02,4.81263161
2511,0.000122,1.037666e+02,3.93615640
2512,0.000124,1.037597e+02,3.34900864
2513,0.000132,1.037562e+02,6.27560075
2514,0.000144,1.037464e+02,4.95420792
2515,0.000126,1.037384e+02,4.03308809
2516,0.000117,1.037314e+02,3.41282743
2517,0.000102,1.037286e+02,6.48611708
2518,0.000102,1.037184e+02,5.10344560
2519,0.000104,1.037102e+02,4.13574577
2520,0.000098,1.037031e+02,3.48079056
2521,0.001445,1.037010e+02,6.70720844
2522,0.000083,1.036904e+02,5.26070356
2523,0.000083,1.036821e+02,4.24441599
2524,0.000080,1.036749e+02,3.55313009
2525,0.000082,1.036734e+02,6.93936299
2526,0.000086,1.036625e+02,5.42635813
2527,0.000097,1.036539e+02,4.35939761
2528,0.000097,1.036466e+02,3.63008791
2529,0.000094,1.036460e+02,7.18309337
2530,0.000135,1.036347e+02,5.60080297
2531,0.000111,1.036258e+02,4.48100193
2532,0.000113,1.036184e+02,3.71191582
2533,0.000115,1.036117e+02,3.20334968
2534,0.000120,1.036068e+02,5.78438074
2535,0.000180,1.035977e+02,4.60952311
2536,0.000142,1.035901e+02,3.79886494
2537,0.000133,1.035834e+02,3.25982658
2538,0.000121,1.035791e+02,5.97766026
2539,0.000117,1.035697e+02,4.74536667
2540,0.000129,1.035619e+02,3.89123854
2541,0.000121,1.035551e+02,3.32017235
2542,0.000126,1.035513e+02,6.18105195
2543,0.000125,1.035417e+02,4.88886443
2544,0.000122,1.035337e+02,3.98931035
2545,0.000110,1.035268e+02,3.38461152
2546,0.000122,1.035237e+02,6.39501750
2547,0.000122,1.035137e+02,5.04037862
2548,0.000119,1.035056e+02,4.09337276
2549,0.000122,1.034985e+02,3.45338169
2550,0.000129,1.034961e+02,6.62005002
2551,0.000121,1.034857e+02,5.20029207
2552,0.001639,1.034774e+02,4.20373218
2553,0.000087,1.034703e+02,3.52673145
2554,0.000085,1.034686e+02,6.85666933
2555,0.000084,1.034578e+02,5.36900606
2556,0.000085,1.034493e+02,4.32070810
2557,0.000082,1.034420e+02,3.60491992
2558,0.000089,1.034411e+02,7.10542155
2559,0.000084,1.034299e+02,5.54694045
2560,0.000086,1.034212e+02,4.44463327
2561,0.000081,1.034138e+02,3.68821682
2562,0.000083,1.034071e+02,3.18853251
2563,0.000083,1.034021e+02,5.73446686
2564,0.000083,1.033931e+02,4.57582440
2565,0.000085,1.033856e+02,3.77689164
2566,0.000083,1.033788e+02,3.24607913
2567,0.000126,1.033744e+02,5.93217850
2568,0.000101,1.033651e+02,4.71470846
2569,0.000164,1.033573e+02,3.87126652
2570,0.000117,1.033505e+02,3.30768956
2571,0.000107,1.033467e+02,6.14051873
2572,0.000100,1.033370e+02,4.86164293
2573,0.000107,1.033292e+02,3.97163606
2574,0.000099,1.033223e+02,3.37360528
2575,0.000103,1.033190e+02,6.35998245
2576,0.000131,1.033091e+02,5.01701612
2577,0.000124,1.033010e+02,4.07831404
2578,0.000112,1.032940e+02,3.44408152
2579,0.000154,1.032914e+02,6.59109753
2580,0.000122,1.032811e+02,5.18123806
2581,0.000118,1.032728e+02,4.19162911
2582,0.000121,1.032657e+02,3.51938531
2583,0.000119,1.032639e+02,6.83442058
2584,0.000120,1.032532e+02,5.35473865
2585,0.000117,1.032447e+02,4.31192400
2586,0.001863,1.032375e+02,3.59979508
2587,0.000112,1.032365e+02,7.09053679
2588,0.000101,1.032254e+02,5.53796793
2589,0.000104,1.032166e+02,4.43955582
2590,0.000101,1.032092e+02,3.68560080
2591,0.000105,1.032092e+02,7.36006116
2592,0.000104,1.031976e+02,5.73139707
2593,0.000092,1.031886e+02,4.57489667
2594,0.000084,1.031810e+02,3.77710425
2595,0.000080,1.031743e+02,3.24677924
2596,0.000087,1.031698e+02,5.93545331
2597,0.000083,1.031605e+02,4.71830772
2598,0.000093,1.031528e+02,3.87461161
2599,0.000111,1.031460e+02,3.31047907
2600,0.000108,1.031421e+02,6.15079527
2601,0.000108,1.031325e+02,4.87026193
2602,0.000099,1.031246e+02,3.97847982
2603,0.000097,1.031177e+02,3.37874828
2604,0.000104,1.031145e+02,6.37792314
2605,0.000103,1.031045e+02,5.03116068
2606,0.000099,1.030965e+02,4.08903893
2607,0.000112,1.030894e+02,3.45185878
2608,0.000101,1.030870e+02,6.61739569
2609,0.000100,1.030766e+02,5.20144050
2610,0.000100,1.030683e+02,4.20664072
2611,0.000102,1.030612e+02,3.53009790
2612,0.000099,1.030595e+02,6.86980970
2613,0.000101,1.030487e+02,5.38156307
2614,0.000107,1.030402e+02,4.33165401
2615,0.000101,1.030329e+02,3.61376614
2616,0.000115,1.030321e+02,7.13579529
2617,0.000111,1.030209e+02,5.57201311
2618,0.000104,1.030121e+02,4.46446377
2619,0.001695,1.030047e+02,3.70317680
2620,0.000109,1.029980e+02,3.19927053
2621,0.000102,1.029931e+02,5.77323514
2622,0.000098,1.029841e+02,4.60544443
2623,0.000096,1.029765e+02,3.79864691
2624,0.000098,1.029697e+02,3.26136266
2625,0.000098,1.029654e+02,5.98589207
2626,0.000100,1.029560e+02,4.75507864
2627,0.000100,1.029483e+02,3.90054503
2628,0.000096,1.029414e+02,3.32805146
2629,0.000101,1.029378e+02,6.21050561
2630,0.000102,1.029281e+02,4.91378509
2631,0.000103,1.029201e+02,4.00921594
2632,0.000131,1.029132e+02,3.39962050
2633,0.000145,1.029102e+02,6.44765330
2634,0.000127,1.029001e+02,5.08201644
2635,0.000121,1.028920e+02,4.12502578
2636,0.000132,1.028849e+02,3.47636904
2637,0.000122,1.028827e+02,6.69795074
2638,0.000125,1.028722e+02,5.26025049
2639,0.000133,1.028638e+02,4.24835800
2640,0.000121,1.028567e+02,3.55861010
2641,0.000125,1.028553e+02,6.96204768
2642,0.000133,1.028444e+02,5.44898872
2643,0.000134,1.028357e+02,4.37961268
2644,0.000105,1.028284e+02,3.64667015
2645,0.000100,1.028280e+02,7.24062837
2646,0.000112,1.028166e+02,5.64875682
2647,0.000101,1.028077e+02,4.51920698
2648,0.000103,1.028002e+02,3.74088919
2649,0.000102,1.027935e+02,3.22420547
2650,0.000101,1.027888e+02,5.86004482
2651,0.000097,1.027796e+02,4.66755148
2652,0.001429,1.027720e+02,3.84161413
2653,0.000087,1.027652e+02,3.28990998
2654,0.000084,1.027612e+02,6.08356212
2655,0.000083,1.027516e+02,4.82516366
2656,0.000081,1.027438e+02,3.94924144
2657,0.000079,1.027369e+02,3.36056985
2658,0.000081,1.027336e+02,6.31987715
2659,0.000084,1.027237e+02,4.99249852
2660,0.000085,1.027157e+02,4.06414542
2661,0.000085,1.027087e+02,3.43649392
2662,0.000088,1.027061e+02,6.56961823
2663,0.000087,1.026958e+02,5.17004750
2664,0.000103,1.026875e+02,4.18672333
2665,0.000099,1.026804e+02,3.51800773
2666,0.000151,1.026786e+02,6.83345520
2667,0.000124,1.026679e+02,5.35832957
2668,0.000120,1.026594e+02,4.31739109
2669,0.000118,1.026522e+02,3.60545159
2670,0.000126,1.026513e+02,7.11209565
2671,0.000125,1.026401e+02,5.55788977
2672,0.000142,1.026314e+02,4.45658282
2673,0.000140,1.026240e+02,3.69918016
2674,0.000114,1.026173e+02,3.19751660
2675,0.000114,1.026124e+02,5.76924014
2676,0.000123,1.026033e+02,4.60472656
2677,0.000115,1.025958e+02,3.79955485
2678,0.000113,1.025890e+02,3.26284132
2679,0.000124,1.025847e+02,5.99310548
2680,0.000120,1.025753e+02,4.76235569
2681,0.000122,1.025676e+02,3.90698743
2682,0.000123,1.025607e+02,3.33322271
2683,0.000119,1.025571e+02,6.23008025
2684,0.001687,1.025474e+02,4.92994599
2685,0.000086,1.025394e+02,4.02186955
2686,0.000083,1.025325e+02,3.40898361
2687,0.000084,1.025296e+02,6.48081804
2688,0.000084,1.025195e+02,5.10800944
2689,0.000082,1.025113e+02,4.14461589
2690,0.000082,1.025042e+02,3.49046404
2691,0.000086,1.025022e+02,6.74601494
2692,0.000080,1.024916e+02,5.29708620
2693,0.000084,1.024832e+02,4.27566041
2694,0.000083,1.024760e+02,3.57801940
2695,0.000088,1.024748e+02,7.02640626
2696,0.000082,1.024638e+02,5.49774352
2697,0.000105,1.024551e+02,4.41545589
2698,0.000107,1.024478e+02,3.67202016
2699,0.000101,1.024476e+02,7.32276734
2700,0.000099,1.024361e+02,5.71057659
2701,0.000100,1.024271e+02,4.56447464
2702,0.000101,1.024196e+02,3.77285207
2703,0.000103,1.024128e+02,3.24582396
2704,0.000099,1.024084e+02,5.93615182
2705,0.000116,1.023991e+02,4.72318749
2706,0.000101,1.023914e+02,3.88091158
2707,0.000100,1.023846e+02,3.31653710
2708,0.000106,1.023808e+02,6.17525646
2709,0.000099,1.023711e+02,4.89217197
2710,0.000104,1.023632e+02,3.99664394
2711,0.000114,1.023563e+02,3.39278223
2712,0.000107,1.023533e+02,6.42854173
2713,0.000108,1.023432e+02,5.07194703
2714,0.000138,1.023351e+02,4.12047516
2715,0.000114,1.023281e+02,3.47491159
2716,0.000120,1.023258e+02,6.69672452
2717,0.000129,1.023154e+02,5.26307192
2718,0.001888,1.023070e+02,4.25285667
2719,0.000108,1.022998e+02,3.56329600
2720,0.000103,1.022985e+02,6.98056927
2721,0.000108,1.022876e+02,5.46613755
2722,0.000107,1.022789e+02,4.39426129
2723,0.000098,1.022716e+02,3.65832297
2724,0.000101,1.022713e+02,7.28088452
2725,0.000105,1.022598e+02,5.68176527
2726,0.000104,1.022509e+02,4.54518287
2727,0.000104,1.022434e+02,3.76039642
2728,0.000103,1.022367e+02,3.23812590
2729,0.000096,1.022322e+02,5.91055005
2730,0.000086,1.022229e+02,4.70611486
2731,0.000115,1.022152e+02,3.86993152
2732,0.000110,1.022084e+02,3.30978312
2733,0.000100,1.022046e+02,6.15330671
2734,0.000100,1.021950e+02,4.87765802
2735,0.000110,1.021871e+02,3.98739349
2736,0.000096,1.021802e+02,3.38715384
2737,0.000098,1.021771e+02,6.41071983
2738,0.000103,1.021670e+02,5.06035742
2739,0.000098,1.021589e+02,4.11322977
2740,0.000100,1.021519e+02,3.47060808
2741,0.000106,1.021496e+02,6.68354090
2742,0.000102,1.021392e+02,5.25479947
2743,0.000102,1.021308e+02,4.24791410
2744,0.000099,1.021237e+02,3.56053533
2745,0.000110,1.021223e+02,6.97257103
2746,0.000100,1.021114e+02,5.46160369
2747,0.000107,1.021028e+02,4.39194264
2748,0.000105,1.020954e+02,3.65734266
2749,0.000101,1.020951e+02,7.27865793
2750,0.000100,1.020837e+02,5.68142179
2751,0.000111,1.020748e+02,4.54583377
2752,0.000104,1.020672e+02,3.76145456
2753,0.001668,1.020605e+02,3.23923179
2754,0.000099,1.020560e+02,5.91488395
2755,0.000101,1.020468e+02,4.71010875
2756,0.000099,1.020391e+02,3.87330906
2757,0.000095,1.020323e+02,3.31244056
2758,0.000121,1.020284e+02,6.16283615
2759,0.000097,1.020188e+02,4.88539365
2760,0.000096,1.020109e+02,3.99339279
2761,0.000096,1.020040e+02,3.39158444
2762,0.000103,1.020010e+02,6.42600013
2763,0.000098,1.019909e+02,5.07226261
2764,0.000098,1.019828e+02,4.12217707
2765,0.000097,1.019758e+02,3.47705352
2766,0.000099,1.019736e+02,6.70516660
2767,0.000133,1.019631e+02,5.27133257
2768,0.000141,1.019547e+02,4.26016050
2769,0.000129,1.019475e+02,3.56925826
2770,0.000134,1.019463e+02,7.00117847
2771,0.000125,1.019353e+02,5.48325535
2772,0.000128,1.019267e+02,4.40786530
2773,0.000133,1.019193e+02,3.66862771
2774,0.000126,1.019191e+02,7.31492808
2775,0.000143,1.019076e+02,5.70871690
2776,0.000157,1.018986e+02,4.56583724
2777,0.000128,1.018911e+02,3.77560920
2778,0.000119,1.018844e+02,3.24884322
2779,0.000133,1.018800e+02,5.94838358
2780,0.000119,1.018707e+02,4.73462636
2781,0.000101,1.018629e+02,3.89066482
2782,0.000102,1.018561e+02,3.32424113
2783,0.000105,1.018524e+02,6.20314113
2784,0.000102,1.018427e+02,4.91488958
2785,0.000105,1.018348e+02,4.01430636
2786,0.000096,1.018279e+02,3.40584169
2787,0.001463,1.018250e+02,6.47375240
2788,0.000084,1.018149e+02,5.10723294
2789,0.000081,1.018067e+02,4.14703110
2790,0.000088,1.017996e+02,3.49405702
2791,0.000081,1.017976e+02,6.76105209
2792,0.000083,1.017870e+02,5.31230723
2793,0.000081,1.017786e+02,4.28936484
2794,0.000081,1.017714e+02,3.58932059
2795,0.000083,1.017704e+02,7.06593021
2796,0.000083,1.017593e+02,5.53080018
2797,0.000087,1.017506e+02,4.44185837
2798,0.000089,1.017432e+02,3.69208530
2799,0.000085,1.017366e+02,3.19477043
2800,0.000088,1.017316e+02,5.76338544
2801,0.000142,1.017226e+02,4.60506819
2802,0.000140,1.017150e+02,3.80281883
2803,0.000133,1.017083e+02,3.26696071
2804,0.000147,1.017040e+02,6.01093802
2805,0.000135,1.016946e+02,4.77965058
2806,0.000142,1.016869e+02,3.92203718
2807,0.000135,1.016800e+02,3.34524761
2808,0.000148,1.016765e+02,6.27422829
2809,0.000190,1.016667e+02,4.96621930
2810,0.000149,1.016587e+02,4.05024545
2811,0.000129,1.016518e+02,3.43004900
2812,0.000122,1.016491e+02,6.55409494
2813,0.000106,1.016389e+02,5.16543089
2814,0.000121,1.016306e+02,4.18797648
2815,0.000117,1.016235e+02,3.52180418
2816,0.000120,1.016218e+02,6.85143108
2817,0.000123,1.016111e+02,5.37797819
2818,0.000117,1.016026e+02,4.33578785
2819,0.000111,1.015953e+02,3.62097234
2820,0.001781,1.015946e+02,7.16718236
2821,0.000084,1.015834e+02,5.60459018
2822,0.000087,1.015746e+02,4.49426203
2823,0.000084,1.015671e+02,3.72803234
2824,0.000082,1.015605e+02,3.21844080
2825,0.000084,1.015557e+02,5.84598261
2826,0.000084,1.015466e+02,4.66398861
2827,0.000084,1.015390e+02,3.84347919
2828,0.000082,1.015322e+02,3.29391859
2829,0.000092,1.015282e+02,6.10307967
2830,0.000083,1.015187e+02,4.84566000
2831,0.000083,1.015108e+02,3.96785716
2832,0.000084,1.015039e+02,3.37583576
2833,0.000082,1.015007e+02,6.37669887
2834,0.000109,1.014908e+02,5.03992592
2835,0.000101,1.014827e+02,4.10170007
2836,0.000099,1.014757e+02,3.46463460
2837,0.000104,1.014734e+02,6.66773048
2838,0.000098,1.014630e+02,5.24748167
2839,0.000101,1.014546e+02,4.24557117
2840,0.000108,1.014475e+02,3.56077996
2841,0.000098,1.014461e+02,6.97712315
2842,0.000098,1.014352e+02,5.46906160
2843,0.000108,1.014266e+02,4.40006012
2844,0.000120,1.014193e+02,3.66475754
2845,0.000128,1.014190e+02,7.30588220
2846,0.000118,1.014076e+02,5.70543905
2847,0.000170,1.013986e+02,4.56578324
2848,0.000153,1.013911e+02,3.77707384
2849,0.000148,1.013844e+02,3.25075135
2850,0.000143,1.013800e+02,5.95737856
2851,0.000142,1.013707e+02,4.74336811
2852,0.000131,1.013629e+02,3.89825478
2853,0.000114,1.013561e+02,3.33026820
2854,0.000116,1.013525e+02,6.22585862
2855,0.001928,1.013428e+02,4.93354622
2856,0.000110,1.013348e+02,4.02887464
2857,0.000103,1.013279e+02,3.41661800
2858,0.000106,1.013251e+02,6.51174940
2859,0.000107,1.013149e+02,5.13700703
2860,0.000103,1.013067e+02,4.16949859
2861,0.000091,1.012996e+02,3.51026968
2862,0.000085,1.012978e+02,6.81599928
2863,0.000083,1.012872e+02,5.35448918
2864,0.000085,1.012787e+02,4.32072336
2865,0.000085,1.012714e+02,3.61171601
2866,0.000085,1.012706e+02,7.13961979
2867,0.000083,1.012594e+02,5.58677361
2868,0.000121,1.012507e+02,4.48317414
2869,0.000112,1.012432e+02,3.72147187
2870,0.000101,1.012366e+02,3.21479554
2871,0.000099,1.012318e+02,5.83463512
2872,0.000103,1.012227e+02,4.65748755
2873,0.000098,1.012151e+02,3.84007114
2874,0.000098,1.012083e+02,3.29236646
2875,0.000103,1.012043e+02,6.09905440
2876,0.000099,1.011948e+02,4.84440220
2877,0.000129,1.011869e+02,3.96809717
2878,0.000143,1.011801e+02,3.37673709
2879,0.000105,1.011769e+02,6.38091518
2880,0.000100,1.011669e+02,5.04461968
2881,0.000099,1.011588e+02,4.10612629
2882,0.000104,1.011518e+02,3.46838516
2883,0.000106,1.011496e+02,6.68117775
2884,0.000105,1.011391e+02,5.25888990
2885,0.000106,1.011308e+02,4.25476624
2886,0.000106,1.011236e+02,3.56781274
2887,0.000101,1.011224e+02,7.00086569
2888,0.000106,1.011114e+02,5.48800518
2889,0.000098,1.011028e+02,4.41465349
2890,0.000119,1.010954e+02,3.67554473
2891,0.001904,1.010953e+02,7.34106473
2892,0.000099,1.010838e+02,5.73280068
2893,0.000101,1.010748e+02,4.58645380
2894,0.000100,1.010672e+02,3.79212878
2895,0.000099,1.010605e+02,3.26126944
2896,0.000102,1.010562e+02,5.99410903
2897,0.000102,1.010468e+02,4.77084853
2898,0.000111,1.010391e+02,3.91813517
2899,0.000098,1.010322e+02,3.34408949
2900,0.000102,1.010287e+02,6.27297804
2901,0.000100,1.010190e+02,4.96862357
2902,0.000105,1.010110e+02,4.05418296
2903,0.000102,1.010040e+02,3.43419160
2904,0.000105,1.010014e+02,6.57035382
2905,0.000141,1.009912e+02,5.18052733
2906,0.000144,1.009829e+02,4.20088515
2907,0.000145,1.009758e+02,3.53208505
2908,0.000138,1.009742e+02,6.88726617
2909,0.000108,1.009634e+02,5.40736110
2910,0.000105,1.009549e+02,4.35888883
2911,0.000102,1.009476e+02,3.63830490
2912,0.000101,1.009471e+02,7.22481399
2913,0.000099,1.009357e+02,5.64997266
2914,0.000107,1.009269e+02,4.52887229
2915,0.000105,1.009194e+02,3.75341037
2916,0.000101,1.009127e+02,3.23624762
2917,0.000101,1.009082e+02,5.90920966
2918,0.000099,1.008989e+02,4.71152983
2919,0.000099,1.008913e+02,3.87798313
2920,0.000105,1.008845e+02,3.31794380
2921,0.000099,1.008807e+02,6.18613003
2922,0.000098,1.008710e+02,4.90765944
2923,0.000106,1.008631e+02,4.01265479
2924,0.000098,1.008562e+02,3.40694748
2925,0.000105,1.008533e+02,6.48169863
2926,0.000099,1.008432e+02,5.11802546
2927,0.001723,1.008351e+02,4.15805253
2928,0.000104,1.008280e+02,3.50377964
2929,0.000098,1.008261e+02,6.79696338
2930,0.000098,1.008155e+02,5.34344482
2931,0.000097,1.008070e+02,4.31483766
2932,0.000098,1.007998e+02,3.60898757
2933,0.000095,1.007990e+02,7.13304204
2934,0.000098,1.007878e+02,5.58478141
2935,0.000097,1.007790e+02,4.48370306
2936,0.000092,1.007716e+02,3.72314331
2937,0.000093,1.007649e+02,3.21674835
2938,0.000100,1.007602e+02,5.84290258
2939,0.000104,1.007511e+02,4.66535930
2940,0.000098,1.007434e+02,3.84684226
2941,0.000130,1.007367e+02,3.29773291
2942,0.000127,1.007327e+02,6.11887807
2943,0.000127,1.007232e+02,4.86061718
2944,0.000119,1.007153e+02,3.98072881
2945,0.000115,1.007084e+02,3.38607699
2946,0.000135,1.007053e+02,6.41369349
2947,0.000127,1.006953e+02,5.07025828
2948,0.000125,1.006872e+02,4.12544513
2949,0.000130,1.006802e+02,3.48231398
2950,0.000130,1.006781e+02,6.72841740
2951,0.000124,1.006676e+02,5.29511687
2952,0.000131,1.006592e+02,4.28166777
2953,0.000117,1.006520e+02,3.58700407
2954,0.000125,1.006510e+02,7.06418927
2955,0.000150,1.006399e+02,5.53607480
2956,0.000127,1.006312e+02,4.45010538
2957,0.000124,1.006238e+02,3.70073285
2958,0.000122,1.006172e+02,3.20237213
2959,0.000128,1.006123e+02,5.79401873
2960,0.000106,1.006032e+02,4.63148449
2961,0.000096,1.005957e+02,3.82410930
2962,0.001481,1.005889e+02,3.28305113
2963,0.000084,1.005848e+02,6.07003540
2964,0.000083,1.005753e+02,4.82663183
2965,0.000081,1.005675e+02,3.95779238
2966,0.000082,1.005607e+02,3.37116722
2967,0.000080,1.005574e+02,6.36513317
2968,0.000082,1.005475e+02,5.03634754
2969,0.000082,1.005395e+02,4.10244008
2970,0.000081,1.005324e+02,3.46726674
2971,0.000085,1.005302e+02,6.68040385
2972,0.000082,1.005198e+02,5.26148490
2973,0.000084,1.005114e+02,4.25874520
2974,0.000085,1.005042e+02,3.57192352
2975,0.000090,1.005030e+02,7.01701155
2976,0.000112,1.004921e+02,5.50294565
2977,0.000133,1.004834e+02,4.42743330
2978,0.000118,1.004760e+02,3.68573747
2979,0.000114,1.004694e+02,3.19283874
2980,0.000148,1.004645e+02,5.76163984
2981,0.000246,1.004555e+02,4.60924979
2982,0.000199,1.004479e+02,3.80933319
2983,0.000189,1.004412e+02,3.27360874
2984,0.000172,1.004370e+02,6.03867290
2985,0.000128,1.004276e+02,4.80503805
2986,0.000124,1.004198e+02,3.94338452
2987,0.000116,1.004129e+02,3.36191807
2988,0.000115,1.004096e+02,6.33507830
2989,0.000122,1.003997e+02,5.01561844
2990,0.000117,1.003917e+02,4.08856636
2991,0.000108,1.003847e+02,3.45832695
2992,0.000123,1.003823e+02,6.65197401
2993,0.000114,1.003720e+02,5.24186519
2994,0.000124,1.003636e+02,4.24558910
2995,0.000124,1.003565e+02,3.56342386
2996,0.000124,1.003552e+02,6.99055210
2997,0.001699,1.003443e+02,5.48470225
2998,0.000084,1.003357e+02,4.41519674
2999,0.000082,1.003283e+02,3.67782421
3000,0.000084,1.003282e+02,7.35207936
3001,0.000084,1.003167e+02,5.74510483
3002,0.000084,1.003077e+02,4.59816808
3003,0.000085,1.003002e+02,3.80217044
3004,0.000080,1.002934e+02,3.26917730
3005,0.000081,1.002892e+02,6.02405903
3006,0.000082,1.002798e+02,4.79530608
3007,0.000082,1.002720e+02,3.93713353
3008,0.000083,1.002652e+02,3.35807981
3009,0.000092,1.002618e+02,6.32276783
3010,0.000107,1.002520e+02,5.00752025
3011,0.000111,1.002440e+02,4.08343521
3012,0.000099,1.002369e+02,3.45522904
3013,0.000098,1.002346e+02,6.64235098
3014,0.000105,1.002242e+02,5.23569379
3015,0.000096,1.002159e+02,4.24179810
3016,0.000101,1.002087e+02,3.56122636
3017,0.000105,1.002074e+02,6.98402363
3018,0.000100,1.001965e+02,5.48077097
3019,0.000106,1.001879e+02,4.41298431
3020,0.000112,1.001806e+02,3.67670320
3021,0.000111,1.001805e+02,7.34908393
3022,0.000106,1.001690e+02,5.74375206
3023,0.000114,1.001600e+02,4.59779337
3024,0.000131,1.001524e+02,3.80231963
3025,0.000121,1.001457e+02,3.26955313
3026,0.000120,1.001415e+02,6.02565292
3027,0.000135,1.001321e+02,4.79705197
3028,0.000120,1.001243e+02,3.93876630
3029,0.000117,1.001174e+02,3.35945831
3030,0.000121,1.001141e+02,6.32770477
3031,0.000122,1.001042e+02,5.01169242
3032,0.000120,1.000962e+02,4.08678417
3033,0.001911,1.000892e+02,3.45778165
3034,0.000111,1.000869e+02,6.65106043
3035,0.000101,1.000765e+02,5.24262383
3036,0.000104,1.000682e+02,4.24711704
3037,0.000103,1.000610e+02,3.56514236
3038,0.000092,1.000598e+02,6.99697048
3039,0.000084,1.000488e+02,5.49081795
3040,0.000084,1.000402e+02,4.42054929
3041,0.000082,1.000328e+02,3.68219063
3042,0.000083,1.000328e+02,7.36677118
3043,0.000087,1.000212e+02,5.75730441
3044,0.000084,1.000122e+02,4.60790400
3045,0.000084,1.000047e+02,3.80960627
3046,0.000107,9.999795e+01,3.27459766
3047,0.000111,9.999378e+01,6.04313035
3048,0.000105,9.998436e+01,4.81003271
3049,0.000100,9.997657e+01,3.94810060
3050,0.000103,9.996970e+01,3.36591367
3051,0.000098,9.996642e+01,6.34956118
3052,0.000099,9.995654e+01,5.02789444
3053,0.000103,9.994850e+01,4.09843647
3054,0.000097,9.994148e+01,3.46585130
3055,0.000099,9.993920e+01,6.67778614
3056,0.000108,9.992880e+01,5.26242651
3057,0.000101,9.992046e+01,4.26138055
3058,0.000104,9.991328e+01,3.57504914
3059,0.000100,9.991213e+01,7.02909496
3060,0.000106,9.990115e+01,5.51463076
3061,0.000098,9.989248e+01,4.43774132
3062,0.000105,9.988511e+01,3.69417768
3063,0.000105,9.987847e+01,3.19930895
3064,0.000101,9.987359e+01,5.78553067
3065,0.000101,9.986455e+01,4.62835538
3066,0.000103,9.985697e+01,3.82393772
3067,0.000099,9.985021e+01,3.28424734
3068,0.000108,9.984614e+01,6.07634730
3069,0.000118,9.983668e+01,4.83415908
3070,0.000111,9.982886e+01,3.96508106
3071,0.001872,9.982197e+01,3.37740951
3072,0.000100,9.981881e+01,6.38824354
3073,0.000098,9.980887e+01,5.05607431
3074,0.000104,9.980079e+01,4.11836603
3075,0.000101,9.979376e+01,3.47942616
3076,0.000103,9.979162e+01,6.72247599
3077,0.000104,9.978115e+01,5.29508312
3078,0.000102,9.977277e+01,4.28459068
3079,0.000125,9.976556e+01,3.59095977
3080,0.000133,9.976458e+01,7.08038597
3081,0.000107,9.975352e+01,5.55222448
3082,0.000103,9.974480e+01,4.46459146
3083,0.000107,9.973740e+01,3.71270335
3084,0.000142,9.973075e+01,3.21158161
3085,0.000151,9.972598e+01,5.82855804
3086,0.000129,9.971688e+01,4.65923300
3087,0.000132,9.970927e+01,3.84538080
3088,0.000118,9.970250e+01,3.29855812
3089,0.000099,9.969856e+01,6.12534459
3090,0.000106,9.968903e+01,4.86948152
3091,0.000103,9.968117e+01,3.98976769
3092,0.000099,9.967426e+01,3.39400947
3093,0.000100,9.967126e+01,6.44378732
3094,0.000107,9.966125e+01,5.09628959
3095,0.000099,9.965312e+01,4.14664687
3096,0.000103,9.964605e+01,3.49858724
3097,0.000102,9.964411e+01,6.78518657
3098,0.000099,9.963355e+01,5.34067222
3099,0.000099,9.962511e+01,4.31684229
3100,0.000099,9.961787e+01,3.61297566
3101,0.000105,9.961712e+01,7.15093099
3102,0.000099,9.960594e+01,5.60370385
3103,0.000097,9.959715e+01,4.50121778
3104,0.000103,9.958972e+01,3.73789039
3105,0.000099,9.958304e+01,3.22821948
3106,0.000105,9.957844e+01,5.88648333
3107,0.001669,9.956925e+01,4.70066834
3108,0.000120,9.956160e+01,3.87408008
3109,0.000111,9.955480e+01,3.31767228
3110,0.000116,9.955105e+01,6.19031370
3111,0.000114,9.954142e+01,4.91619137
3112,0.000108,9.953351e+01,4.02234484
3113,0.000109,9.952657e+01,3.41588406
3114,0.000111,9.952380e+01,6.51644181
3115,0.000111,9.951367e+01,5.14877234
3116,0.000123,9.950547e+01,4.18349341
3117,0.000159,9.949837e+01,3.52352840
3118,0.000117,9.949669e+01,6.86621590
3119,0.000112,9.948599e+01,5.39946197
3120,0.000116,9.947748e+01,4.35837734
3121,0.000146,9.947020e+01,3.64131250
3122,0.000138,9.946976e+01,7.24107660
3123,0.000121,9.945842e+01,5.66937326
3124,0.000129,9.944954e+01,4.54788981
3125,0.000118,9.944206e+01,3.76997603
3126,0.000127,9.943536e+01,3.24942535
3127,0.000124,9.943095e+01,5.95964615
3128,0.000114,9.942166e+01,4.75295742
3129,0.000122,9.941395e+01,3.91029334
3130,0.000130,9.940712e+01,3.34180832
3131,0.000121,9.940360e+01,6.27163188
3132,0.000124,9.939386e+01,4.97461255
3133,0.000125,9.938588e+01,4.06309140
3134,0.000128,9.937890e+01,3.44326766
3135,0.000122,9.937640e+01,6.60662506
3136,0.000121,9.936613e+01,5.21387630
3137,0.000127,9.935785e+01,4.22920672
3138,0.000118,9.935071e+01,3.55450041
3139,0.000123,9.934935e+01,6.96602648
3140,0.000127,9.933849e+01,5.47183834
3141,0.000122,9.932988e+01,4.40952056
3142,0.000114,9.932254e+01,3.67623839
3143,0.001511,9.932248e+01,7.35133402
3144,0.000084,9.931094e+01,5.74965388
3145,0.000082,9.930196e+01,4.60495790
3146,0.000082,9.929441e+01,3.80924704
3147,0.000081,9.928767e+01,3.27542533
3148,0.000085,9.928352e+01,6.04850949
3149,0.000092,9.927410e+01,4.81648095
3150,0.000098,9.926631e+01,3.95432932
3151,0.000092,9.925944e+01,3.37120781
3152,0.000093,9.925622e+01,6.36980872
3153,0.000137,9.924632e+01,5.04515959
3154,0.000116,9.923826e+01,4.11234075
3155,0.000116,9.923123e+01,3.47641944
3156,0.000163,9.922907e+01,6.71489852
3157,0.000174,9.921862e+01,5.29205385
3158,0.000139,9.921025e+01,4.28414790
3159,0.000122,9.920305e+01,3.59178270
3160,0.000118,9.920208e+01,7.08523760
3161,0.000103,9.919102e+01,5.55829613
3162,0.000119,9.918229e+01,4.47066438
3163,0.000125,9.917489e+01,3.71805607
3164,0.000115,9.916824e+01,3.21588025
3165,0.000120,9.916352e+01,5.84505218
3166,0.000125,9.915440e+01,4.67283981
3167,0.000115,9.914677e+01,3.85603413
3168,0.000115,9.913999e+01,3.30646342
3169,0.000126,9.913614e+01,6.15369156
3170,0.000116,9.912657e+01,4.89172749
3171,0.000116,9.911869e+01,4.00656509
3172,0.000119,9.911177e+01,3.40614575
3173,0.000130,9.910889e+01,6.48553974
3174,0.000121,9.909882e+01,5.12837549
3175,0.000125,9.909065e+01,4.17050981
3176,0.000125,9.908357e+01,3.51564432
3177,0.000124,9.908180e+01,6.84202865
3178,0.001761,9.907115e+01,5.38390073
3179,0.000087,9.906266e+01,4.34877453
3180,0.000085,9.905539e+01,3.63571236
3181,0.000083,9.905489e+01,7.22468919
3182,0.000084,9.904359e+01,5.65948686
3183,0.000082,9.903473e+01,4.54231025
3184,0.000085,9.902725e+01,3.76713824
3185,0.000081,9.902055e+01,3.24822441
3186,0.000084,9.901614e+01,5.95635263
3187,0.000089,9.900686e+01,4.75210660
3188,0.000082,9.899914e+01,3.91074871
3189,0.000082,9.899231e+01,3.34282279
3190,0.000087,9.898881e+01,6.27592697
3191,0.000083,9.897906e+01,4.97925897
3192,0.000111,9.897108e+01,4.06742390
3193,0.000104,9.896410e+01,3.44692651
3194,0.000097,9.896163e+01,6.61959366
3195,0.000102,9.895135e+01,5.22485852
3196,0.000097,9.894306e+01,4.23805789
3197,0.000118,9.893591e+01,3.56128114
3198,0.000128,9.893462e+01,6.98884917
3199,0.000118,9.892372e+01,5.49006942
3200,0.000131,9.891509e+01,4.42359255
3201,0.000148,9.890775e+01,3.68666960
3202,0.000123,9.890112e+01,3.19577357
3203,0.000122,9.889621e+01,5.77609267
3204,0.000129,9.888719e+01,4.62500737
3205,0.000124,9.887962e+01,3.82391210
3206,0.000116,9.887287e+01,3.28571722
3207,0.000126,9.886881e+01,6.08432811
3208,0.000116,9.885935e+01,4.84338411
3209,0.000115,9.885153e+01,3.97388315
3210,0.000124,9.884464e+01,3.38487068
3211,0.000119,9.884156e+01,6.41614096
3212,0.000116,9.883159e+01,5.07980407
3213,0.000115,9.882349e+01,4.13747252
3214,0.000123,9.881644e+01,3.49397517
3215,0.000121,9.881446e+01,6.77300432
3216,0.001893,9.880392e+01,5.33541841
3217,0.000086,9.879550e+01,4.31561631
3218,0.000084,9.878826e+01,3.61380945
3219,0.000085,9.878753e+01,7.15649320
3220,0.000083,9.877635e+01,5.61144686
3221,0.000087,9.876756e+01,4.50929668
3222,0.000086,9.876012e+01,3.74518876
3223,0.000083,9.875344e+01,3.23418580
3224,0.000084,9.874890e+01,5.90914809
3225,0.000083,9.873969e+01,4.71953629
3226,0.000088,9.873201e+01,3.88896805
3227,0.000084,9.872520e+01,3.32879655
3228,0.000083,9.872157e+01,6.22998775
3229,0.000110,9.871189e+01,4.94746287
3230,0.000102,9.870395e+01,4.04605629
3231,0.000099,9.869699e+01,3.43308174
3232,0.000103,9.869439e+01,6.57539509
3233,0.000097,9.868418e+01,5.19420443
3234,0.000096,9.867593e+01,4.21737888
3235,0.000109,9.866880e+01,3.54781330
3236,0.000104,9.866738e+01,6.94691438
3237,0.000100,9.865656e+01,5.46096363
3238,0.000106,9.864797e+01,4.40391021
3239,0.000098,9.864065e+01,3.67380180
3240,0.000102,9.864056e+01,7.34619827
3241,0.000106,9.862905e+01,5.74901629
3242,0.000101,9.862007e+01,4.60667344
3243,0.000107,9.861252e+01,3.81189548
3244,0.000105,9.860579e+01,3.27813265
3245,0.000108,9.860166e+01,6.05968095
3246,0.000120,9.859224e+01,4.82673606
3247,0.000108,9.858444e+01,3.96298503
3248,0.000127,9.857756e+01,3.37799728
3249,0.000123,9.857441e+01,6.39449656
3250,0.000118,9.856449e+01,5.06527639
3251,0.000123,9.855640e+01,4.12801655
3252,0.000118,9.854936e+01,3.48804551
3253,0.000127,9.854733e+01,6.75496202
3254,0.001922,9.853682e+01,5.32347299
3255,0.000113,9.852842e+01,4.30795330
3256,0.000099,9.852119e+01,3.60908137
3257,0.000099,9.852042e+01,7.14269940
3258,0.000102,9.850927e+01,5.60258452
3259,0.000103,9.850049e+01,4.50381071
3260,0.000104,9.849306e+01,3.74194887
3261,0.000104,9.848638e+01,3.23237099
3262,0.000103,9.848182e+01,5.90391576
3263,0.000086,9.847263e+01,4.71664875
3264,0.000085,9.846496e+01,3.88753423
3265,0.000083,9.845815e+01,3.32819675
3266,0.000092,9.845451e+01,6.22897971
3267,0.000087,9.844484e+01,4.94763360
3268,0.000122,9.843690e+01,4.04677880
3269,0.000101,9.842994e+01,3.43395511
3270,0.000106,9.842735e+01,6.57925995
3271,0.000100,9.841714e+01,5.19793585
3272,0.000099,9.840889e+01,4.22064285
3273,0.000103,9.840176e+01,3.55044715
3274,0.000102,9.840037e+01,6.95635929
3275,0.000103,9.838953e+01,5.46880361
3276,0.000101,9.838094e+01,4.41013755
3277,0.000105,9.837361e+01,3.67851422
3278,0.000103,9.837358e+01,7.36199386
3279,0.000102,9.836204e+01,5.76156154
3280,0.000105,9.835305e+01,4.61632511
3281,0.000099,9.834549e+01,3.81903702
3282,0.000098,9.833875e+01,3.28318809
3283,0.000230,9.833467e+01,6.07758205
3284,0.000121,9.832523e+01,4.84031539
3285,0.000101,9.831742e+01,3.97294106
3286,0.000106,9.831053e+01,3.38500719
3287,0.000101,9.830745e+01,6.41846010
3288,0.000097,9.829749e+01,5.08333061
3289,0.000108,9.828939e+01,4.14120831
3290,0.000100,9.828233e+01,3.49732686
3291,0.000104,9.828039e+01,6.78575683
3292,0.002009,9.826985e+01,5.34659727
3293,0.000109,9.826141e+01,4.32484057
3294,0.000102,9.825417e+01,3.62098337
3295,0.000099,9.825352e+01,7.18116172
3296,0.000104,9.824231e+01,5.63142562
3297,0.000106,9.823349e+01,4.52489421
3298,0.000103,9.822604e+01,3.75685478
3299,0.000102,9.821935e+01,3.24250908
3300,0.000102,9.821489e+01,5.93917708
3301,0.000106,9.820564e+01,4.74247373
3302,0.000105,9.819794e+01,3.90586390
3303,0.000105,9.819112e+01,3.34072649
3304,0.000114,9.818761e+01,6.27142494
3305,0.000138,9.817787e+01,4.97879191
3306,0.000145,9.816990e+01,4.06898994
3307,0.000131,9.816291e+01,3.44922345
3308,0.000125,9.816048e+01,6.62971824
3309,0.000133,9.815019e+01,5.23506967
3310,0.000117,9.814190e+01,4.24723353
3311,0.000106,9.813474e+01,3.56883510
3312,0.000107,9.813354e+01,7.01573100
3313,0.000098,9.812261e+01,5.51260942
3314,0.000100,9.811395e+01,4.44164884
3315,0.000107,9.810659e+01,3.70043868
3316,0.000100,9.809996e+01,3.20574474
3317,0.000099,9.809514e+01,5.81276384
3318,0.000099,9.808608e+01,4.65333650
3319,0.000102,9.807848e+01,3.84495517
3320,0.000097,9.807171e+01,3.30066672
3321,0.000109,9.806781e+01,6.13708918
3322,0.000107,9.805828e+01,4.88350283
3323,0.000102,9.805041e+01,4.00336267
3324,0.000099,9.804350e+01,3.40566471
3325,0.000106,9.804063e+01,6.48712458
3326,0.000094,9.803056e+01,5.13336482
3327,0.000103,9.802240e+01,4.17666169
3328,0.000107,9.801531e+01,3.52157329
3329,0.000098,9.801362e+01,6.86453103
3330,0.001706,9.800294e+01,5.40421884
3331,0.000097,9.799443e+01,4.36590541
3332,0.000096,9.798715e+01,3.64926954
3333,0.000096,9.798680e+01,7.27108730
3334,0.000099,9.797544e+01,5.69744071
3335,0.000125,9.796653e+01,4.57220013
3336,0.000100,9.795903e+01,3.78967220
3337,0.000095,9.795231e+01,3.26442000
3338,0.000098,9.794806e+01,6.01446031
3339,0.000097,9.793871e+01,4.79670320
3340,0.000101,9.793095e+01,3.94374726
3341,0.000097,9.792409e+01,3.36621779
3342,0.000102,9.792082e+01,6.35692523
3343,0.000099,9.791096e+01,5.04068308
3344,0.000150,9.790291e+01,4.11251799
3345,0.000121,9.789589e+01,3.47874451
3346,0.000120,9.789376e+01,6.72646214
3347,0.000128,9.788331e+01,5.30541948
3348,0.000122,9.787493e+01,4.29703149
3349,0.000129,9.786772e+01,3.60287473
3350,0.000129,9.786688e+01,7.12482994
3351,0.000122,9.785577e+01,5.59227852
3352,0.000127,9.784701e+01,4.49839142
3353,0.000133,9.783959e+01,3.73952697
3354,0.000123,9.783292e+01,3.23163798
3355,0.000122,9.782835e+01,5.90268242
3356,0.000132,9.781916e+01,4.71775228
3357,0.000125,9.781149e+01,3.88966654
3358,0.000123,9.780468e+01,3.33053468
3359,0.000131,9.780107e+01,6.23826476
3360,0.000122,9.779139e+01,4.95637785
3361,0.000102,9.778344e+01,4.05431696
3362,0.000101,9.777648e+01,3.43999193
3363,0.000098,9.777396e+01,6.60064493
3364,0.000099,9.776371e+01,5.21554557
3365,0.000099,9.775545e+01,4.23452640
3366,0.000104,9.774830e+01,3.56088505
3367,0.000099,9.774702e+01,6.99157204
3368,0.001525,9.773614e+01,5.49661752
3369,0.000085,9.772751e+01,4.43139878
3370,0.000082,9.772016e+01,3.69413360
3371,0.000080,9.771353e+01,3.20204346
3372,0.000085,9.770869e+01,5.80101226
3373,0.000083,9.769964e+01,4.64608826
3374,0.000088,9.769206e+01,3.84070363
3375,0.000086,9.768530e+01,3.29831829
3376,0.000092,9.768137e+01,6.13035133
3377,0.000089,9.767185e+01,4.87985495
3378,0.000103,9.766400e+01,4.00161915
3379,0.000095,9.765708e+01,3.40500197
3380,0.000101,9.765421e+01,6.48624872
3381,0.000130,9.764415e+01,5.13397523
3382,0.000127,9.763599e+01,4.17793002
3383,0.000138,9.762890e+01,3.52297076
3384,0.000120,9.762723e+01,6.87044579
3385,0.000153,9.761655e+01,5.40980856
3386,0.000141,9.760804e+01,4.37074117
3387,0.000122,9.760075e+01,3.65314553
3388,0.000115,9.760045e+01,7.28480840
3389,0.000129,9.758907e+01,5.70879830
3390,0.000115,9.758015e+01,4.58121357
3391,0.000117,9.757264e+01,3.79649099
3392,0.000116,9.756592e+01,3.26931113
3393,0.000127,9.756172e+01,6.03244800
3394,0.000116,9.755234e+01,4.81056306
3395,0.000115,9.754457e+01,3.95402171
3396,0.000125,9.753770e+01,3.37349239
3397,0.000126,9.753452e+01,6.38248275
3398,0.000124,9.752462e+01,5.06011931
3399,0.000131,9.751655e+01,4.12681148
3400,0.000119,9.750952e+01,3.48882760
3401,0.000124,9.750749e+01,6.76061501
3402,0.000132,9.749700e+01,5.33122843
3403,0.000121,9.748859e+01,4.31596108
3404,0.001607,9.748136e+01,3.61623650
3405,0.000090,9.748067e+01,7.16869663
3406,0.000083,9.746949e+01,5.62532782
3407,0.000082,9.746069e+01,4.52263100
3408,0.000082,9.745324e+01,3.75668503
3409,0.000080,9.744656e+01,3.24328389
3410,0.000084,9.744210e+01,5.94391844
3411,0.000081,9.743286e+01,4.74803761
3412,0.000084,9.742516e+01,3.91118946
3413,0.000082,9.741833e+01,3.34522979
3414,0.000083,9.741487e+01,6.28871641
3415,0.000081,9.740512e+01,4.99350869
3416,0.000085,9.739713e+01,4.08082535
3417,0.000088,9.739014e+01,3.45820894
3418,0.000105,9.738780e+01,6.66143181
3419,0.000102,9.737747e+01,5.26039124
3420,0.000098,9.736915e+01,4.26669657
3421,0.000100,9.736197e+01,3.58314350
3422,0.000096,9.736093e+01,7.06391251
3423,0.000106,9.734993e+01,5.55012243
3424,0.000114,9.734124e+01,4.46996628
3425,0.000108,9.733385e+01,3.72100228
3426,0.000113,9.732719e+01,3.22003135
3427,0.000115,9.732252e+01,5.86420272
3428,0.000108,9.731339e+01,4.69185264
3429,0.000120,9.730576e+01,3.87280399
3430,0.000138,9.729897e+01,3.31998318
3431,0.000137,9.729526e+01,6.20434296
3432,0.000141,9.728563e+01,4.93368393
3433,0.000135,9.727771e+01,4.03962744
3434,0.000143,9.727077e+01,3.43086237
3435,0.000135,9.726815e+01,6.57225296
3436,0.000135,9.725796e+01,5.19680956
3437,0.000177,9.724972e+01,4.22258062
3438,0.000152,9.724259e+01,3.55359423
3439,0.000131,9.724124e+01,6.96977885
3440,0.000130,9.723040e+01,5.48266814
3441,0.000128,9.722180e+01,4.42283049
3442,0.000129,9.721446e+01,3.68915128
3443,0.002002,9.720783e+01,3.19934004
3444,0.000093,9.720296e+01,5.79276240
3445,0.000085,9.719394e+01,4.64159911
3446,0.000087,9.718636e+01,3.83855618
3447,0.000084,9.717960e+01,3.29752311
3448,0.000083,9.717567e+01,6.12879959
3449,0.000084,9.716616e+01,4.88021629
3450,0.000087,9.715830e+01,4.00289165
3451,0.000083,9.715139e+01,3.40654323
3452,0.000084,9.714853e+01,6.49249116
3453,0.000094,9.713847e+01,5.14003529
3454,0.000085,9.713030e+01,4.18327081
3455,0.000083,9.712321e+01,3.52732967
3456,0.000107,9.712159e+01,6.88568373
3457,0.000109,9.711089e+01,5.42249778
3458,0.000098,9.710236e+01,4.38086562
3459,0.000097,9.709507e+01,3.66085955
3460,0.000104,9.709485e+01,7.31035771
3461,0.000097,9.708343e+01,5.72913574
3462,0.000098,9.707449e+01,4.59690829
3463,0.000110,9.706696e+01,3.80815714
3464,0.000097,9.706023e+01,3.27762841
3465,0.000100,9.705611e+01,6.06155031
3466,0.000106,9.704669e+01,4.83269196
3467,0.000101,9.703890e+01,3.97030091
3468,0.000099,9.703202e+01,3.38501183
3469,0.000107,9.702894e+01,6.42156900
3470,0.000142,9.701899e+01,5.08962695
3471,0.000120,9.701089e+01,4.14843098
3472,0.000166,9.700383e+01,3.50409636
3473,0.000159,9.700197e+01,6.81101801
3474,0.000139,9.699139e+01,5.36914744
3475,0.000144,9.698293e+01,4.34371932
3476,0.000144,9.697568e+01,3.63586164
3477,0.000129,9.697520e+01,7.23187281
3478,0.000132,9.696391e+01,5.67278579
3479,0.000123,9.695505e+01,4.55740213
3480,0.000121,9.694757e+01,3.78133690
3481,0.000116,9.694086e+01,3.26010595
3482,0.002030,9.693657e+01,6.00214727
3483,0.000110,9.692725e+01,4.79077799
3484,0.000107,9.691950e+01,3.94160632
3485,0.000089,9.691264e+01,3.36608396
3486,0.000084,9.690938e+01,6.35905923
3487,0.000090,9.689953e+01,5.04526101
3488,0.000086,9.689148e+01,4.11781583
3489,0.000084,9.688445e+01,3.48371103
3490,0.000084,9.688238e+01,6.74535311
3491,0.000082,9.687192e+01,5.32229159
3492,0.000084,9.686352e+01,4.31114433
3493,0.000087,9.685630e+01,3.61397279
3494,0.000083,9.685559e+01,7.16300906
3495,0.000115,9.684442e+01,5.62340779
3496,0.000109,9.683563e+01,4.52283484
3497,0.000098,9.682818e+01,3.75790489
3498,0.000101,9.682150e+01,3.24481482
3499,0.000103,9.681706e+01,5.95022064
3500,0.000098,9.680781e+01,4.75419223
3501,0.000097,9.680011e+01,3.91659765
3502,0.000102,9.679328e+01,3.34960867
3503,0.000100,9.678986e+01,6.30456070
3504,0.000099,9.678009e+01,5.00663642
3505,0.000107,9.677208e+01,4.09120393
3506,0.000100,9.676509e+01,3.46601644
3507,0.000099,9.676283e+01,6.68826640
3508,0.000104,9.675246e+01,5.28161510
3509,0.000105,9.674412e+01,4.28291019
3510,0.000109,9.673693e+01,3.59503014
3511,0.000107,9.673602e+01,7.10332450
3512,0.000102,9.672496e+01,5.58067332
3513,0.000106,9.671622e+01,4.49296697
3514,0.000123,9.670881e+01,3.73769223
3515,0.000127,9.670214e+01,3.23164339
3516,0.000107,9.669758e+01,5.90543032
3517,0.000154,9.668840e+01,4.72268706
3518,0.000135,9.668073e+01,3.89510025
3519,0.000117,9.667392e+01,3.33547048
3520,0.000120,9.667037e+01,6.25772094
3521,0.001960,9.666067e+01,4.97349668
3522,0.000115,9.665271e+01,4.06841409
3523,0.000098,9.664573e+01,3.45089237
3524,0.000100,9.664333e+01,6.63939228
3525,0.000102,9.663304e+01,5.24685185
3526,0.000103,9.662474e+01,4.25882835
3527,0.000123,9.661757e+01,3.57890779
3528,0.000099,9.661649e+01,7.05243963
3529,0.000105,9.660552e+01,5.54430584
3530,0.000103,9.659684e+01,4.46760179
3531,0.000094,9.658945e+01,3.72056644
3532,0.000084,9.658280e+01,3.22051071
3533,0.000085,9.657814e+01,5.86748647
3534,0.000117,9.656901e+01,4.69605528
3535,0.000109,9.656137e+01,3.87697311
3536,0.000103,9.655458e+01,3.32358140
3537,0.000098,9.655091e+01,6.21823569
3538,0.000104,9.654127e+01,4.94562305
3539,0.000098,9.653334e+01,4.04929572
3540,0.000097,9.652639e+01,3.43824264
3541,0.000104,9.652386e+01,6.59841093
3542,0.000100,9.651363e+01,5.21777056
3543,0.000100,9.650537e+01,4.23873768
3544,0.000106,9.649823e+01,3.56550033
3545,0.000099,9.649701e+01,7.01001805
3546,0.000104,9.648611e+01,5.51406065
3547,0.000100,9.647747e+01,4.44656679
3548,0.000105,9.647010e+01,3.70641195
3549,0.000107,9.646347e+01,3.21134663
3550,0.000104,9.645872e+01,5.83613218
3551,0.000105,9.644963e+01,4.67411369
3552,0.000101,9.644202e+01,3.86209074
3553,0.000099,9.643524e+01,3.31386198
3554,0.000106,9.643148e+01,6.18583550
3555,0.000103,9.642189e+01,4.92282137
3556,0.000100,9.641399e+01,4.03371309
3557,0.000104,9.640705e+01,3.42797797
3558,0.000102,9.640442e+01,6.56504021
3559,0.000104,9.639425e+01,5.19416599
3560,0.000120,9.638602e+01,4.22249205
3561,0.001873,9.637889e+01,3.55470841
3562,0.000105,9.637756e+01,6.97576488
3563,0.000100,9.636672e+01,5.48972143
3564,0.000103,9.635811e+01,4.42970546
3565,0.000102,9.635076e+01,3.69511933
3566,0.000100,9.634414e+01,3.20407820
3567,0.000104,9.633932e+01,5.81113832
3568,0.000105,9.633027e+01,4.65669428
3569,0.000103,9.632268e+01,3.85033287
3570,0.000100,9.631591e+01,3.30622880
3571,0.000103,9.631207e+01,6.16027828
3572,0.000103,9.630252e+01,4.90491218
3573,0.000102,9.629464e+01,4.02153524
3574,0.000106,9.628771e+01,3.42000467
3575,0.000153,9.628500e+01,6.53902504
3576,0.000153,9.627487e+01,5.17584738
3577,0.000129,9.626666e+01,4.20995014
3578,0.000125,9.625955e+01,3.54642840
3579,0.000140,9.625813e+01,6.94941208
3580,0.000108,9.624733e+01,5.47108638
3581,0.000096,9.623875e+01,4.41686657
3582,0.000105,9.623142e+01,3.68657554
3583,0.000098,9.622480e+01,3.19862158
3584,0.000101,9.621993e+01,5.79229412
3585,0.000107,9.621091e+01,4.64363769
3586,0.000107,9.620333e+01,3.84157860
3587,0.000097,9.619657e+01,3.30059030
3588,0.000096,9.619268e+01,6.14134500
3589,0.000106,9.618316e+01,4.89172880
3590,0.000101,9.617530e+01,4.01263435
3591,0.000093,9.616838e+01,3.41422443
3592,0.000104,9.616560e+01,6.52013882
3593,0.000098,9.615550e+01,5.16264162
3594,0.000127,9.614731e+01,4.20097820
3595,0.000148,9.614021e+01,3.54055634
3596,0.000108,9.613873e+01,6.93072617
3597,0.000101,9.612796e+01,5.45797684
3598,0.000108,9.611940e+01,4.40791149
3599,0.000108,9.611208e+01,3.68067211
3600,0.001754,9.610546e+01,3.19489067
3601,0.000102,9.610056e+01,5.77941455
3602,0.000098,9.609156e+01,4.63480020
3603,0.000099,9.608399e+01,3.83571527
3604,0.000098,9.607724e+01,3.29685682
3605,0.000096,9.607330e+01,6.12884469
3606,0.000103,9.606380e+01,4.88312315
3607,0.000097,9.605595e+01,4.00689448
3608,0.000097,9.604903e+01,3.41054507
3609,0.000099,9.604622e+01,6.50818502
3610,0.000099,9.603614e+01,5.15439684
3611,0.000100,9.602797e+01,4.19545783
3612,0.000104,9.602087e+01,3.53699852
3613,0.000102,9.601935e+01,6.91950535
3614,0.000159,9.600860e+01,5.45023760
3615,0.000124,9.600005e+01,4.40272001
3616,0.000131,9.599273e+01,3.67731464
3617,0.000132,9.599271e+01,7.36502930
3618,0.000120,9.598120e+01,5.77236571
3619,0.000130,9.597221e+01,4.63006489
3620,0.000130,9.596464e+01,3.83264489
3621,0.000126,9.595789e+01,3.29494867
3622,0.000123,9.595394e+01,6.12259007
3623,0.000139,9.594445e+01,4.87895007
3624,0.000125,9.593661e+01,4.00420386
3625,0.000128,9.592969e+01,3.40888136
3626,0.000134,9.592687e+01,6.50295606
3627,0.000125,9.591680e+01,5.15095721
3628,0.000107,9.590862e+01,4.19327253
3629,0.000099,9.590153e+01,3.53566873
3630,0.000107,9.590000e+01,6.91553242
3631,0.000103,9.588926e+01,5.44770795
3632,0.000109,9.588071e+01,4.40117396
3633,0.000105,9.587339e+01,3.67641762
3634,0.000099,9.587336e+01,7.36255873
3635,0.000098,9.586186e+01,5.77093698
3636,0.000106,9.585287e+01,4.62930510
3637,0.001505,9.584531e+01,3.83229133
3638,0.000084,9.583856e+01,3.29481968
3639,0.000082,9.583461e+01,6.12247150
3640,0.000081,9.582512e+01,4.87913866
3641,0.000083,9.581727e+01,4.00451737
3642,0.000082,9.581036e+01,3.40920526
3643,0.000091,9.580754e+01,6.50437752
3644,0.000089,9.579747e+01,5.15227300
3645,0.000087,9.578929e+01,4.19439079
3646,0.000119,9.578219e+01,3.53654875
3647,0.000102,9.578067e+01,6.91874701
3648,0.000107,9.576994e+01,5.45034793
3649,0.000095,9.576138e+01,4.40324952
3650,0.000097,9.575407e+01,3.67796960
3651,0.000142,9.575405e+01,7.36784484
3652,0.000141,9.574254e+01,5.77511771
3653,0.000122,9.573355e+01,4.63250628
3654,0.000122,9.572598e+01,3.83464434
3655,0.000121,9.571923e+01,3.29646758
3656,0.000127,9.571530e+01,6.12843151
3657,0.000118,9.570580e+01,4.88365109
3658,0.000118,9.569795e+01,4.00781479
3659,0.000124,9.569104e+01,3.41151185
3660,0.000123,9.568824e+01,6.51237777
3661,0.000115,9.567816e+01,5.15829992
3662,0.000125,9.566998e+01,4.19879043
3663,0.000115,9.566287e+01,3.53963438
3664,0.000116,9.566139e+01,6.92907379
3665,0.000136,9.565063e+01,5.45811208
3666,0.000127,9.564207e+01,4.40892484
3667,0.000119,9.563475e+01,3.68196773
3668,0.000126,9.562814e+01,3.19611372
3669,0.000121,9.562325e+01,5.78484071
3670,0.000126,9.561424e+01,4.63964424
3671,0.000128,9.560667e+01,3.83970675
3672,0.000137,9.559992e+01,3.29991157
3673,0.000122,9.559602e+01,6.14045452
3674,0.001636,9.558650e+01,4.89249134
3675,0.000089,9.557864e+01,4.01411403
3676,0.000081,9.557172e+01,3.41582839
3677,0.000090,9.556897e+01,6.52696033
3678,0.000084,9.555887e+01,5.16905277
3679,0.000084,9.555067e+01,4.20649540
3680,0.000080,9.554356e+01,3.54495614
3681,0.000084,9.554214e+01,6.94652501
3682,0.000085,9.553135e+01,5.47102028
3683,0.000084,9.552277e+01,4.41822666
3684,0.000081,9.551544e+01,3.68844381
3685,0.000081,9.550883e+01,3.20044508
3686,0.000082,9.550398e+01,5.80017414
3687,0.000108,9.549495e+01,4.65075412
3688,0.000110,9.548737e+01,3.84750206
3689,0.000097,9.548061e+01,3.30517405
3690,0.000098,9.547676e+01,6.15850881
3691,0.000103,9.546722e+01,4.90563988
3692,0.000105,9.545934e+01,4.02340892
3693,0.000107,9.545242e+01,3.42216086
3694,0.000112,9.544973e+01,6.54805870
3695,0.000119,9.543959e+01,5.18449144
3696,0.000124,9.543138e+01,4.21748671
3697,0.000147,9.542426e+01,3.55251133
3698,0.000155,9.542291e+01,6.97102064
3699,0.000119,9.541209e+01,5.48902310
3700,0.000125,9.540349e+01,4.43112881
3701,0.000119,9.539614e+01,3.69738903
3702,0.000106,9.538952e+01,3.20641379
3703,0.000114,9.538473e+01,5.82103962
3704,0.000112,9.537567e+01,4.66580049
3705,0.000116,9.536807e+01,3.85802016
3706,0.000108,9.536130e+01,3.31225819
3707,0.000114,9.535752e+01,6.18256293
3708,0.000108,9.534795e+01,4.92308455
3709,0.000109,9.534005e+01,4.03569921
3710,0.000111,9.533311e+01,3.43051486
3711,0.000107,9.533051e+01,6.57565677
3712,0.000111,9.532033e+01,5.20461066
3713,0.000115,9.531209e+01,4.23176599
3714,0.001791,9.530496e+01,3.56230437
3715,0.000102,9.530371e+01,7.00255033
3716,0.000097,9.529284e+01,5.51211737
3717,0.000101,9.528421e+01,4.44763267
3718,0.000095,9.527685e+01,3.70880592
3719,0.000091,9.527021e+01,3.21402095
3720,0.000096,9.526549e+01,5.84743652
3721,0.000092,9.525640e+01,4.68478532
3722,0.000099,9.524878e+01,3.87126267
3723,0.000094,9.524199e+01,3.32116302
3724,0.000095,9.523830e+01,6.21261937
3725,0.000095,9.522868e+01,4.94482875
3726,0.000097,9.522076e+01,4.05098657
3727,0.000093,9.521381e+01,3.44088832
3728,0.000141,9.521131e+01,6.60976137
3729,0.000122,9.520108e+01,5.22941641
3730,0.000117,9.519281e+01,4.24933612
3731,0.000121,9.518566e+01,3.57433333
3732,0.000113,9.518454e+01,7.04112665
3733,0.000121,9.517360e+01,5.54031300
3734,0.000116,9.516493e+01,4.46774360
3735,0.000099,9.515755e+01,3.72269398
3736,0.000104,9.515090e+01,3.22325871
3737,0.000107,9.514626e+01,5.87937871
3738,0.000101,9.513713e+01,4.70771689
3739,0.000107,9.512948e+01,3.88723127
3740,0.000116,9.512268e+01,3.33188213
3741,0.000107,9.511910e+01,6.24869715
3742,0.000107,9.510942e+01,4.97088476
3743,0.000113,9.510147e+01,4.06927603
3744,0.000157,9.509450e+01,3.45327764
3745,0.000127,9.509213e+01,6.65039780
3746,0.000148,9.508183e+01,5.25892615
3747,0.000118,9.507352e+01,4.27020664
3748,0.000121,9.506635e+01,3.58859866
3749,0.000133,9.506538e+01,7.08678233
3750,0.000137,9.505437e+01,5.57363364
3751,0.000124,9.504565e+01,4.49147678
3752,0.000163,9.503824e+01,3.73905889
3753,0.002101,9.503158e+01,3.23412284
3754,0.000101,9.502705e+01,5.91689853
3755,0.000101,9.501786e+01,4.73461799
3756,0.000103,9.501019e+01,3.90593866
3757,0.000100,9.500337e+01,3.34441789
3758,0.000099,9.499991e+01,6.29083859
3759,0.000101,9.499017e+01,5.00128420
3760,0.000128,9.498218e+01,4.09058845
3761,0.000104,9.497519e+01,3.46769296
3762,0.000087,9.497296e+01,6.69761964
3763,0.000087,9.496259e+01,5.29318137
3764,0.000090,9.495425e+01,4.29440760
3765,0.000084,9.494705e+01,3.60511932
3766,0.000085,9.494625e+01,7.13958353
3767,0.000114,9.493515e+01,5.61213175
3768,0.000106,9.492638e+01,4.51887227
3769,0.000110,9.491895e+01,3.75792936
3770,0.000100,9.491227e+01,3.24663069
3771,0.000104,9.490786e+01,5.96005886
3772,0.000112,9.489861e+01,4.76553846
3773,0.000099,9.489090e+01,3.92742320
3774,0.000097,9.488406e+01,3.35879732
3775,0.000106,9.488074e+01,6.33911763
3776,0.000102,9.487093e+01,5.03608708
3777,0.000100,9.486290e+01,4.11497219
3778,0.000108,9.485589e+01,3.48417134
3779,0.000101,9.485383e+01,6.75151248
3780,0.000099,9.484337e+01,5.33225258
3781,0.000106,9.483498e+01,4.32199749
3782,0.000105,9.482775e+01,3.62394260
3783,0.000108,9.482716e+01,7.19962803
3784,0.000180,9.481595e+01,5.65588856
3785,0.000178,9.480713e+01,4.54999881
3786,0.000175,9.479966e+01,3.77936278
3787,0.000206,9.479296e+01,3.26082906
3788,0.000206,9.478869e+01,6.00895345
3789,0.000185,9.477937e+01,4.80055828
3790,0.000123,9.477162e+01,3.95175301
3791,0.000133,9.476476e+01,3.37507771
3792,0.000121,9.476160e+01,6.39364114
3793,0.000114,9.475171e+01,5.07538483
3794,0.002250,9.474364e+01,4.14250596
3795,0.000111,9.473659e+01,3.50278034
3796,0.000100,9.473473e+01,6.81219702
3797,0.000101,9.472418e+01,5.37624287
3798,0.000089,9.471572e+01,4.35306551
3799,0.000082,9.470846e+01,3.64514592
3800,0.000087,9.470810e+01,7.26705119
3801,0.000088,9.469678e+01,5.70501914
3802,0.000086,9.468789e+01,4.58495589
3803,0.000092,9.468038e+01,3.80344611
3804,0.000085,9.467366e+01,3.27679315
3805,0.000095,9.466954e+01,6.06370822
3806,0.000084,9.466015e+01,4.83978610
3807,0.000086,9.465235e+01,3.97902335
3808,0.000122,9.464547e+01,3.39334208
3809,0.000113,9.464250e+01,6.45454610
3810,0.000099,9.463251e+01,5.11929504
3811,0.000100,9.462438e+01,4.17329282
3812,0.000103,9.461731e+01,3.52361005
3813,0.000114,9.461566e+01,6.87982172
3814,0.000100,9.460500e+01,5.42527872
3815,0.000101,9.459648e+01,4.38772203
3816,0.000105,9.458919e+01,3.66882580
3817,0.000102,9.458908e+01,7.34201350
3818,0.000101,9.457763e+01,5.75965894
3819,0.000107,9.456867e+01,4.62386090
3820,0.000101,9.456112e+01,3.83028161
3821,0.000098,9.455437e+01,3.29461155
3822,0.000109,9.455043e+01,6.12446942
3823,0.000108,9.454095e+01,4.88334731
3824,0.000104,9.453310e+01,4.00934261
3825,0.000171,9.452619e+01,3.41368378
3826,0.000167,9.452342e+01,6.52199050
3827,0.000146,9.451333e+01,5.16795144
3828,0.000133,9.450514e+01,4.20744717
3829,0.000118,9.449804e+01,3.54675825
3830,0.000124,9.449663e+01,6.95455737
3831,0.000128,9.448585e+01,5.47950282
3832,0.000122,9.447726e+01,4.42608761
3833,0.000122,9.446993e+01,3.69508425
3834,0.001991,9.446330e+01,3.20564013
3835,0.000106,9.445851e+01,5.81994101
3836,0.000099,9.444946e+01,4.66683952
3837,0.000106,9.444186e+01,3.85998121
3838,0.000103,9.443509e+01,3.31437853
3839,0.000104,9.443134e+01,6.19143105
3840,0.000108,9.442176e+01,4.93140207
3841,0.000101,9.441386e+01,4.04284181
3842,0.000087,9.440691e+01,3.43620725
3843,0.000085,9.440437e+01,6.59619884
3844,0.000088,9.439417e+01,5.22153288
3845,0.000087,9.438591e+01,4.24511129
3846,0.000085,9.437877e+01,3.57233590
3847,0.000085,9.437763e+01,7.03665039
3848,0.000125,9.436671e+01,5.53910837
3849,0.000107,9.435805e+01,4.46831388
3850,0.000107,9.435067e+01,3.72403805
3851,0.000104,9.434402e+01,3.22475287
3852,0.000098,9.433940e+01,5.88611196
3853,0.000104,9.433026e+01,4.71405663
3854,0.000106,9.432261e+01,3.89265765
3855,0.000096,9.431581e+01,3.33617134
3856,0.000098,9.431227e+01,6.26475553
3857,0.000107,9.430258e+01,4.98407148
3858,0.000102,9.429462e+01,4.07961188
3859,0.000102,9.428764e+01,3.46097918
3860,0.000107,9.428535e+01,6.67731327
3861,0.000107,9.427502e+01,5.28015078
3862,0.000100,9.426669e+01,4.28637192
3863,0.000098,9.425950e+01,3.60040801
3864,0.000105,9.425866e+01,7.12624469
3865,0.000104,9.424759e+01,5.60420944
3866,0.000102,9.423884e+01,4.51449013
3867,0.000110,9.423141e+01,3.75575437
3868,0.000098,9.422473e+01,3.24573175
3869,0.000103,9.422032e+01,5.95827309
3870,0.000110,9.421107e+01,4.76560461
3871,0.000117,9.420337e+01,3.92838693
3872,0.000117,9.419653e+01,3.36004492
3873,0.000140,9.419323e+01,6.34460310
3874,0.002044,9.418341e+01,5.04148207
3875,0.000106,9.417538e+01,4.11974880
3876,0.000106,9.416836e+01,3.48806641
3877,0.000105,9.416635e+01,6.76552459
3878,0.000132,9.415588e+01,5.34395153
3879,0.000109,9.414747e+01,4.33133851
3880,0.000104,9.414023e+01,3.63105104
3881,0.000102,9.413972e+01,7.22355386
3882,0.000108,9.412848e+01,5.67496878
3883,0.000106,9.411963e+01,4.56473818
3884,0.000129,9.411215e+01,3.79031953
3885,0.000099,9.410544e+01,3.26863147
3886,0.000110,9.410124e+01,6.03660490
3887,0.000111,9.409189e+01,4.82161928
3888,0.000132,9.408412e+01,3.96726691
3889,0.000110,9.407724e+01,3.38606374
3890,0.000101,9.407420e+01,6.43117355
3891,0.000106,9.406426e+01,5.10378509
3892,0.000098,9.405615e+01,4.16336342
3893,0.000104,9.404908e+01,3.51754475
3894,0.000104,9.404738e+01,6.86105387
3895,0.000102,9.403675e+01,5.41310351
3896,0.000099,9.402825e+01,4.38013636
3897,0.000180,9.402096e+01,3.66435361
3898,0.000140,9.402081e+01,7.32882248
3899,0.000135,9.400939e+01,5.75157366
3900,0.000122,9.400043e+01,4.61919926
3901,0.000114,9.399289e+01,3.82783631
3902,0.000105,9.398615e+01,3.29352092
3903,0.000106,9.398219e+01,6.12131421
3904,0.000143,9.397272e+01,4.88225838
3905,0.000109,9.396487e+01,4.00941522
3906,0.000105,9.395796e+01,3.41431045
3907,0.000137,9.395520e+01,6.52469481
3908,0.000102,9.394511e+01,5.17115601
3909,0.000120,9.393692e+01,4.21058920
3910,0.000116,9.392981e+01,3.54951160
3911,0.000108,9.392844e+01,6.96415185
3912,0.000177,9.391764e+01,5.48780109
3913,0.000146,9.390904e+01,4.43291564
3914,0.000162,9.390170e+01,3.70042862
3915,0.002202,9.389507e+01,3.20962203
3916,0.000107,9.389032e+01,5.83422050
3917,0.000109,9.388125e+01,4.67804042
3918,0.000120,9.387364e+01,3.86843982
3919,0.000114,9.386686e+01,3.32050314
3920,0.000124,9.386317e+01,6.21267087
3921,0.000106,9.385356e+01,4.94773614
3922,0.000102,9.384564e+01,4.05499927
3923,0.000101,9.383868e+01,3.44491214
3924,0.000109,9.383623e+01,6.62548067
3925,0.000103,9.382599e+01,5.24384082
3926,0.000109,9.381771e+01,4.26161816
3927,0.000103,9.381054e+01,3.58411458
3928,0.000113,9.380954e+01,7.07516797
3929,0.000171,9.379855e+01,5.56831779
3930,0.000144,9.378985e+01,4.48989086
3931,0.000130,9.378245e+01,3.73944322
3932,0.000101,9.377579e+01,3.23532686
3933,0.000102,9.377127e+01,5.92324566
3934,0.000108,9.376209e+01,4.74150005
3935,0.000104,9.375441e+01,3.91230508
3936,0.000098,9.374759e+01,3.34970891
3937,0.000107,9.374418e+01,6.31093880
3938,0.000108,9.373443e+01,5.01825805
3939,0.000102,9.372642e+01,4.10418341
3940,0.000099,9.371942e+01,3.47800087
3941,0.000108,9.371731e+01,6.73378432
3942,0.000102,9.370689e+01,5.32204445
3943,0.000101,9.369851e+01,4.31661984
3944,0.000104,9.369129e+01,3.62149420
3945,0.000100,9.369068e+01,7.19436553
3946,0.000108,9.367950e+01,5.65486884
3947,0.000108,9.367068e+01,4.55124188
3948,0.000102,9.366321e+01,3.78154841
3949,0.000099,9.365651e+01,3.26313771
3950,0.000107,9.365227e+01,6.01886131
3951,0.000098,9.364294e+01,4.80976935
3952,0.000106,9.363519e+01,3.95959957
3953,0.000105,9.362832e+01,3.38128046
3954,0.000107,9.362523e+01,6.41639603
3955,0.000100,9.361532e+01,5.09405562
3956,0.000119,9.360722e+01,4.15716080
3957,0.001959,9.360017e+01,3.51373653
3958,0.000103,9.359843e+01,6.84992177
3959,0.000095,9.358782e+01,5.40602393
3960,0.000100,9.357933e+01,4.37580539
3961,0.000096,9.357205e+01,3.66182395
3962,0.000101,9.357188e+01,7.32209082
3963,0.000100,9.356047e+01,5.74773278
3964,0.000105,9.355153e+01,4.61719559
3965,0.000104,9.354399e+01,3.82692985
3966,0.000102,9.353725e+01,3.29320466
3967,0.000118,9.353330e+01,6.12136627
3968,0.000106,9.352382e+01,4.88309001
3969,0.000106,9.351598e+01,4.01052029
3970,0.000101,9.350907e+01,3.41537685
3971,0.000150,9.350632e+01,6.52936258
3972,0.000132,9.349623e+01,5.17538582
3973,0.000130,9.348804e+01,4.21413982
3974,0.000135,9.348093e+01,3.55228696
3975,0.000130,9.347959e+01,6.97423585
3976,0.000127,9.346877e+01,5.49605249
3977,0.000105,9.346017e+01,4.43939500
3978,0.000101,9.345283e+01,3.70528050
3979,0.000097,9.344620e+01,3.21306844
3980,0.000105,9.344147e+01,5.84718335
3981,0.000101,9.343239e+01,4.68798467
3982,0.000101,9.342478e+01,3.87577978
3983,0.000104,9.341799e+01,3.32568073
3984,0.000105,9.341435e+01,6.23110549
3985,0.000100,9.340472e+01,4.96173722
3986,0.000101,9.339679e+01,4.06528495
3987,0.000103,9.338982e+01,3.45216658
3988,0.000101,9.338745e+01,6.65022620
3989,0.000100,9.337717e+01,5.26255182
3990,0.000108,9.336886e+01,4.27535666
3991,0.000100,9.336169e+01,3.59383308
3992,0.000097,9.336079e+01,7.10715002
3993,0.000105,9.334975e+01,5.59245819
3994,0.000101,9.334102e+01,4.50764220
3995,0.000107,9.333360e+01,3.75205708
3996,0.000107,9.332693e+01,3.24393864
3997,0.001936,9.332250e+01,5.95360827
3998,0.000118,9.331327e+01,4.76388181
3999,0.000108,9.330557e+01,3.92829289
4000,0.000109,9.329873e+01,3.36070344
4001,0.000101,9.329544e+01,6.34839548
4002,0.000104,9.328563e+01,5.04594904
4003,0.000104,9.327760e+01,4.12407343
4004,0.000102,9.327057e+01,3.49178241
4005,0.000104,9.326861e+01,6.77929456
4006,0.000115,9.325812e+01,5.35579059
4007,0.000137,9.324970e+01,4.34099382
4008,0.000108,9.324245e+01,3.63851182
4009,0.000104,9.324203e+01,7.24898527
4010,0.000167,9.323075e+01,5.69548935
4011,0.000163,9.322188e+01,4.58073909
4012,0.000132,9.321438e+01,3.80229880
4013,0.000129,9.320766e+01,3.27720066
4014,0.000170,9.320355e+01,6.06725653
4015,0.000148,9.319416e+01,4.84509198
4016,0.000140,9.318636e+01,3.98463072
4017,0.000156,9.317948e+01,3.39839188
4018,0.000137,9.317656e+01,6.47355481
4019,0.000164,9.316656e+01,5.13597339
4020,0.000138,9.315841e+01,4.18707466
4021,0.000133,9.315133e+01,3.53436196
4022,0.000130,9.314980e+01,6.91693010
4023,0.000131,9.313908e+01,5.45538031
4024,0.000123,9.313054e+01,4.41126204
4025,0.000107,9.312322e+01,3.68647754
4026,0.000117,9.311661e+01,3.20100226
4027,0.000130,9.311177e+01,5.80543548
4028,0.000107,9.310275e+01,4.65891759
4029,0.000129,9.309516e+01,3.85618346
4030,0.000108,9.308840e+01,3.31298117
4031,0.000103,9.308463e+01,6.18849463
4032,0.000103,9.307506e+01,4.93189621
4033,0.000100,9.306716e+01,4.04500402
4034,0.000107,9.306022e+01,3.43889642
4035,0.001796,9.305771e+01,6.60699951
4036,0.000104,9.304750e+01,5.23212666
4037,0.000125,9.303923e+01,4.25452614
4038,0.000104,9.303208e+01,3.58007716
4039,0.000115,9.303103e+01,7.06359163
4040,0.000109,9.302007e+01,5.56166985
4041,0.000101,9.301138e+01,4.48642474
4042,0.000100,9.300399e+01,3.73792410
4043,0.000097,9.299733e+01,3.23489997
4044,0.000105,9.299281e+01,5.92271214
4045,0.000104,9.298363e+01,4.74246951
4046,0.000095,9.297595e+01,3.91391708
4047,0.000099,9.296913e+01,3.35142270
4048,0.000107,9.296574e+01,6.31768055
4049,0.000184,9.295598e+01,5.02456381
4050,0.000147,9.294797e+01,4.10961574
4051,0.000165,9.294097e+01,3.48236685
4052,0.000137,9.293890e+01,6.74908985
4053,0.000174,9.292846e+01,5.33468764
4054,0.000148,9.292007e+01,4.32664415
4055,0.000123,9.291284e+01,3.62909335
4056,0.000122,9.291232e+01,7.21966303
4057,0.000131,9.290109e+01,5.67495927
4058,0.000130,9.289225e+01,4.56671777
4059,0.000125,9.288477e+01,3.79303562
4060,0.000127,9.287806e+01,3.27131771
4061,0.000123,9.287389e+01,6.04762834
4062,0.000161,9.286453e+01,4.83165150
4063,0.000131,9.285675e+01,3.97570870
4064,0.000152,9.284987e+01,3.39268934
4065,0.000113,9.284690e+01,6.45519708
4066,0.000109,9.283693e+01,5.12339976
4067,0.000104,9.282880e+01,4.17870897
4068,0.000097,9.282172e+01,3.52899371
4069,0.000108,9.282014e+01,6.90025706
4070,0.000105,9.280946e+01,5.44399647
4071,0.000122,9.280092e+01,4.40369912
4072,0.000117,9.279362e+01,3.68162419
4073,0.000125,9.278701e+01,3.19800460
4074,0.001618,9.278214e+01,5.79560474
4075,0.000090,9.277314e+01,4.65243731
4076,0.000089,9.276556e+01,3.85205402
4077,0.000093,9.275880e+01,3.31044746
4078,0.000092,9.275502e+01,6.18062144
4079,0.000092,9.274546e+01,4.92681270
4080,0.000097,9.273757e+01,4.04183700
4081,0.000127,9.273063e+01,3.43700084
4082,0.000136,9.272810e+01,6.60153533
4083,0.000179,9.271790e+01,5.22879176
4084,0.000140,9.270964e+01,4.25259166
4085,0.000150,9.270249e+01,3.57902072
4086,0.000146,9.270144e+01,7.06103909
4087,0.000113,9.269049e+01,5.56047583
4088,0.000185,9.268180e+01,4.48602629
4089,0.000179,9.267441e+01,3.73793612
4090,0.000189,9.266775e+01,3.23507207
4091,0.000201,9.266324e+01,5.92409534
4092,0.000165,9.265405e+01,4.74394621
4093,0.000162,9.264638e+01,3.91525681
4094,0.000123,9.263956e+01,3.35250401
4095,0.000168,9.263619e+01,6.32212420
4096,0.000121,9.262642e+01,5.02829244
4097,0.000125,9.261841e+01,4.11257397
4098,0.000122,9.261140e+01,3.48457603
4099,0.000124,9.260936e+01,6.75712979
4100,0.000122,9.259891e+01,5.34108616
4101,0.000124,9.259051e+01,4.33154528
4102,0.000134,9.258328e+01,3.63267743
4103,0.000147,9.258280e+01,7.23189273
4104,0.000133,9.257155e+01,5.68449019
4105,0.000124,9.256270e+01,4.57392203
4106,0.000125,9.255521e+01,3.79827162
4107,0.000127,9.254850e+01,3.27494944
4108,0.000151,9.254438e+01,6.06080364
4109,0.000128,9.253500e+01,4.84155809
4110,0.000139,9.252721e+01,3.98290575
4111,0.000111,9.252032e+01,3.39770137
4112,0.001609,9.251740e+01,6.47258114
4113,0.000113,9.250741e+01,5.13644886
4114,0.000139,9.249926e+01,4.18820965
4115,0.000124,9.249218e+01,3.53564813
4116,0.000148,9.249067e+01,6.92247318
4117,0.000146,9.247995e+01,5.46067348
4118,0.000155,9.247140e+01,4.41588212
4119,0.000171,9.246408e+01,3.69021326
4120,0.000157,9.245747e+01,3.20381347
4121,0.000147,9.245266e+01,5.81644469
4122,0.000107,9.244363e+01,4.66772031
4123,0.000118,9.243603e+01,3.86290218
4124,0.000110,9.242926e+01,3.31785093
4125,0.000139,9.242555e+01,6.20621341
4126,0.000135,9.241596e+01,4.94565527
4127,0.000132,9.240805e+01,4.05530270
4128,0.000120,9.240110e+01,3.44627371
4129,0.000124,9.239867e+01,6.63252818
4130,0.000123,9.238842e+01,5.25169919
4131,0.000119,9.238013e+01,4.26906982
4132,0.000117,9.237297e+01,3.59046841
4133,0.000130,9.237204e+01,7.09814758
4134,0.000122,9.236102e+01,5.58800345
4135,0.000121,9.235230e+01,4.50595109
4136,0.000120,9.234489e+01,3.75189659
4137,0.000133,9.233822e+01,3.24448947
4138,0.000125,9.233380e+01,5.95685413
4139,0.000126,9.232457e+01,4.76779493
4140,0.000126,9.231686e+01,3.93210316
4141,0.000125,9.231003e+01,3.36397784
4142,0.000126,9.230677e+01,6.36078557
4143,0.000132,9.229695e+01,5.05658841
4144,0.000122,9.228890e+01,4.13271613
4145,0.000123,9.228187e+01,3.49842366
4146,0.000109,9.227998e+01,6.80243191
4147,0.000099,9.226946e+01,5.37440330
4148,0.000100,9.226102e+01,4.35543300
4149,0.001621,9.225376e+01,3.64924957
4150,0.000092,9.225346e+01,7.28464758
4151,0.000082,9.224212e+01,5.72345799
4152,0.000083,9.223322e+01,4.60204808
4153,0.000085,9.222570e+01,3.81795441
4154,0.000082,9.221897e+01,3.28823149
4155,0.000083,9.221497e+01,6.10611299
4156,0.000081,9.220553e+01,4.87446241
4157,0.000086,9.219770e+01,4.00612354
4158,0.000102,9.219079e+01,3.41351761
4159,0.000136,9.218803e+01,6.52499119
4160,0.000139,9.217795e+01,5.17472277
4161,0.000115,9.216976e+01,4.21542728
4162,0.000137,9.216265e+01,3.55436170
4163,0.000137,9.216134e+01,6.98281740
4164,0.000123,9.215052e+01,5.50496423
4165,0.000120,9.214191e+01,4.44760802
4166,0.000121,9.213456e+01,3.71222372
4167,0.000115,9.212792e+01,3.21853335
4168,0.000125,9.212326e+01,5.86746176
4169,0.000118,9.211415e+01,4.70451083
4170,0.000118,9.210652e+01,3.88864835
4171,0.000114,9.209972e+01,3.33523240
4172,0.000124,9.209618e+01,6.26473480
4173,0.000116,9.208650e+01,4.98811834
4174,0.000118,9.207854e+01,4.08526451
4175,0.000116,9.207156e+01,3.46669241
4176,0.000126,9.206934e+01,6.69940654
4177,0.000131,9.205898e+01,5.30049890
4178,0.000126,9.205064e+01,4.30377125
4179,0.000130,9.204344e+01,3.61433743
4180,0.000127,9.204276e+01,7.17431821
4181,0.000123,9.203162e+01,5.64386567
4182,0.000134,9.202282e+01,4.54596370
4183,0.000120,9.201536e+01,3.77966854
4184,0.000130,9.200867e+01,3.26306676
4185,0.000131,9.200442e+01,6.02057288
4186,0.000126,9.199510e+01,4.81374232
4187,0.001820,9.198735e+01,3.96427301
4188,0.000087,9.198048e+01,3.38570496
4189,0.000084,9.197744e+01,6.43323120
4190,0.000083,9.196751e+01,5.10915097
4191,0.000084,9.195940e+01,4.16982340
4192,0.000083,9.195233e+01,3.52372722
4193,0.000083,9.195070e+01,6.88455693
4194,0.000084,9.194005e+01,5.43432273
4195,0.000086,9.193153e+01,4.39806475
4196,0.000082,9.192423e+01,3.67859637
4197,0.000090,9.191763e+01,3.19656087
4198,0.000087,9.191275e+01,5.79152926
4199,0.000087,9.190375e+01,4.65084358
4200,0.000087,9.189618e+01,3.85185989
4201,0.000113,9.188942e+01,3.31092733
4202,0.000115,9.188564e+01,6.18328147
4203,0.000098,9.187608e+01,4.93014188
4204,0.000106,9.186819e+01,4.04514991
4205,0.000144,9.186125e+01,3.43990150
4206,0.000144,9.185876e+01,6.61219699
4207,0.000149,9.184854e+01,5.23802814
4208,0.000125,9.184028e+01,4.26016920
4209,0.000121,9.183312e+01,3.58491045
4210,0.000117,9.183213e+01,7.08110957
4211,0.000135,9.182115e+01,5.57671402
4212,0.000119,9.181245e+01,4.49871594
4213,0.000142,9.180504e+01,3.74745896
4214,0.000162,9.179837e+01,3.24190900
4215,0.000129,9.179393e+01,5.94855160
4216,0.000147,9.178471e+01,4.76269264
4217,0.000133,9.177702e+01,3.92913784
4218,0.000118,9.177018e+01,3.36237605
4219,0.000121,9.176691e+01,6.35614450
4220,0.000120,9.175710e+01,5.05414329
4221,0.000135,9.174906e+01,4.13162352
4222,0.000116,9.174203e+01,3.49809605
4223,0.000119,9.174014e+01,6.80220542
4224,0.000151,9.172962e+01,5.37520204
4225,0.000137,9.172118e+01,4.35666536
4226,0.000143,9.171393e+01,3.65053573
4227,0.001949,9.171364e+01,7.28967464
4228,0.000088,9.170230e+01,5.72815464
4229,0.000087,9.169339e+01,4.60611278
4230,0.000083,9.168587e+01,3.82124061
4231,0.000088,9.167914e+01,3.29071850
4232,0.000084,9.167517e+01,6.11543592
4233,0.000085,9.166571e+01,4.88192630
4234,0.000083,9.165788e+01,4.01184579
4235,0.000082,9.165097e+01,3.41769310
4236,0.000088,9.164825e+01,6.53974738
4237,0.000084,9.163815e+01,5.18621527
4238,0.000085,9.162995e+01,4.22407357
4239,0.000083,9.162283e+01,3.56059607
4240,0.000084,9.162159e+01,7.00390238
4241,0.000110,9.161074e+01,5.52118365
4242,0.000110,9.160211e+01,4.45972218
4243,0.000101,9.159475e+01,3.72093454
4244,0.000101,9.158811e+01,3.22452321
4245,0.000096,9.158350e+01,5.88918185
4246,0.000106,9.157437e+01,4.72069677
4247,0.000106,9.156672e+01,3.90030327
4248,0.000100,9.155992e+01,3.34328073
4249,0.000114,9.155646e+01,6.29281052
4250,0.000110,9.154674e+01,5.00904382
4251,0.000157,9.153876e+01,4.10038380
4252,0.000127,9.153176e+01,3.47719708
4253,0.000124,9.152965e+01,6.73478312
4254,0.000131,9.151925e+01,5.32690144
4255,0.000121,9.151087e+01,4.32293140
4256,0.000122,9.150365e+01,3.62774382
4257,0.000126,9.150312e+01,7.21804029
4258,0.000122,9.149191e+01,5.67655870
4259,0.000137,9.148307e+01,4.56980134
4260,0.000150,9.147559e+01,3.79647221
4261,0.000144,9.146888e+01,3.27444152
4262,0.000138,9.146475e+01,6.06045402
4263,0.000128,9.145538e+01,4.84295967
4264,0.000123,9.144759e+01,3.98502325
4265,0.000124,9.144070e+01,3.39988520
4266,0.000132,9.143781e+01,6.48128919
4267,0.000132,9.142781e+01,5.14452024
4268,0.004771,9.141966e+01,4.19512581
4269,0.000118,9.141257e+01,3.54118262
4270,0.000101,9.141112e+01,6.94188159
4271,0.000099,9.140038e+01,5.47669291
4272,0.000124,9.139181e+01,4.42858548
4273,0.000098,9.138448e+01,3.69984732
4274,0.000100,9.137786e+01,3.21078155
4275,0.000100,9.137312e+01,5.84183411
4276,0.000101,9.136405e+01,4.68731467
4277,0.000099,9.135644e+01,3.87748092
4278,0.000099,9.134966e+01,3.32825276
4279,0.000118,9.134605e+01,6.24254782
4280,0.000100,9.133641e+01,4.97336635
4281,0.000101,9.132847e+01,4.07577257
4282,0.000222,9.132150e+01,3.46082246
4283,0.000400,9.131922e+01,6.68155404
4284,0.000393,9.130890e+01,5.28888649
4285,0.000406,9.130057e+01,4.29648618
4286,0.000436,9.129338e+01,3.60996924
4287,0.000424,9.129266e+01,7.16179983
4288,0.000383,9.128155e+01,5.63617189
4289,0.000330,9.127276e+01,4.54148587
4290,0.000428,9.126531e+01,3.77725242
4291,0.000384,9.125862e+01,3.26189308
4292,0.000291,9.125437e+01,6.01766928
4293,0.000312,9.124506e+01,4.81274668
4294,0.000148,9.123730e+01,3.96432159
4295,0.000111,9.123044e+01,3.38622322
4296,0.000227,9.122741e+01,6.43608658
4297,0.000299,9.121747e+01,5.11239088
4298,0.000327,9.120936e+01,4.17291497
4299,0.000372,9.120230e+01,3.52636864
4300,0.000334,9.120069e+01,6.89425080
4301,0.000312,9.119003e+01,5.44263838
4302,0.000363,9.118151e+01,4.40484852
4303,0.000249,9.117420e+01,3.68385179
4304,0.000221,9.116759e+01,3.20042392
4305,0.000352,9.116275e+01,5.80585606
4306,0.000338,9.115374e+01,4.66204522
4307,0.000221,9.114616e+01,3.86028394
4308,0.001772,9.113939e+01,3.31699211
4309,0.000090,9.113567e+01,6.20465670
4310,0.000091,9.112609e+01,4.94656829
4311,0.000087,9.111818e+01,4.05736468
4312,0.000086,9.111123e+01,3.44863552
4313,0.000087,9.110882e+01,6.64177211
4314,0.000087,9.109857e+01,5.26057537
4315,0.000094,9.109027e+01,4.27686936
4316,0.000085,9.108310e+01,3.59684240
4317,0.000083,9.108224e+01,7.12016166
4318,0.000088,9.107120e+01,5.60637515
4319,0.000088,9.106246e+01,4.52067400
4320,0.000088,9.105503e+01,3.76318268
4321,0.000087,9.104835e+01,3.25274463
4322,0.000119,9.104401e+01,5.98642717
4323,0.000109,9.103474e+01,4.79076587
4324,0.000102,9.102701e+01,3.94931718
4325,0.000122,9.102016e+01,3.37635631
4326,0.000101,9.101703e+01,6.40345089
4327,0.000104,9.100715e+01,5.08927931
4328,0.000219,9.099907e+01,4.15699609
4329,0.000140,9.099202e+01,3.51578542
4330,0.000128,9.099031e+01,6.86028815
4331,0.000115,9.097970e+01,5.41844783
4332,0.000123,9.097120e+01,4.38804829
4333,0.000163,9.096392e+01,3.67256562
4334,0.000137,9.096387e+01,7.36002176
4335,0.000137,9.095241e+01,5.78066586
4336,0.000126,9.094344e+01,4.64440881
4337,0.000134,9.093587e+01,3.84831356
4338,0.000146,9.092912e+01,3.30916404
4339,0.000158,9.092532e+01,6.17848843
4340,0.000150,9.091578e+01,4.92813162
4341,0.000161,9.090789e+01,4.04474068
4342,0.000130,9.090095e+01,3.44029216
4343,0.000152,9.089846e+01,6.61474875
4344,0.000144,9.088825e+01,5.24142695
4345,0.000121,9.087998e+01,4.26365008
4346,0.000129,9.087283e+01,3.58801609
4347,0.000284,9.087187e+01,7.09240552
4348,0.000303,9.086088e+01,5.58660919
4349,0.001848,9.085216e+01,4.50692695
4350,0.000096,9.084475e+01,3.75391574
4351,0.000083,9.083808e+01,3.24671944
4352,0.000084,9.083369e+01,5.96615117
4353,0.000085,9.082445e+01,4.77657149
4354,0.000086,9.081674e+01,3.93966402
4355,0.000093,9.080990e+01,3.37001574
4356,0.000083,9.080670e+01,6.38278754
4357,0.000085,9.079685e+01,5.07473236
4358,0.000084,9.078879e+01,4.14702445
4359,0.000084,9.078175e+01,3.50917277
4360,0.000083,9.077997e+01,6.83937912
4361,0.000084,9.076940e+01,5.40365926
4362,0.000114,9.076093e+01,4.37784032
4363,0.000105,9.075365e+01,3.66573652
4364,0.000098,9.075353e+01,7.33902957
4365,0.000107,9.074212e+01,5.76576389
4366,0.000106,9.073316e+01,4.63406182
4367,0.000100,9.072561e+01,3.84133682
4368,0.000094,9.071886e+01,3.30461636
4369,0.000131,9.071503e+01,6.16362032
4370,0.000144,9.070550e+01,4.91775892
4371,0.000119,9.069763e+01,4.03769894
4372,0.000155,9.069070e+01,3.43566572
4373,0.000154,9.068816e+01,6.60008089
4374,0.000136,9.067798e+01,5.23115836
4375,0.000141,9.066972e+01,4.25664054
4376,0.000159,9.066257e+01,3.58337928
4377,0.000135,9.066157e+01,7.07812706
4378,0.000135,9.065061e+01,5.57659298
4379,0.000127,9.064191e+01,4.50006253
4380,0.000179,9.063450e+01,3.74935025
4381,0.000131,9.062784e+01,3.24378220
4382,0.000136,9.062342e+01,5.95655574
4383,0.000118,9.061419e+01,4.76998178
4384,0.000116,9.060649e+01,3.93526566
4385,0.000123,9.059966e+01,3.36717534
4386,0.000113,9.059644e+01,6.37380202
4387,0.000113,9.058660e+01,5.06856428
4388,0.000160,9.057855e+01,4.14290393
4389,0.000120,9.057151e+01,3.50650876
4390,0.001954,9.056971e+01,6.83121669
4391,0.000088,9.055915e+01,5.39807906
4392,0.000087,9.055069e+01,4.37412447
4393,0.000081,9.054342e+01,3.66334194
4394,0.000083,9.054327e+01,7.33192978
4395,0.000083,9.053187e+01,5.76095866
4396,0.000084,9.052292e+01,4.63089469
4397,0.000083,9.051538e+01,3.83931913
4398,0.000084,9.050863e+01,3.30337960
4399,0.000082,9.050478e+01,6.15980026
4400,0.000097,9.049527e+01,4.91530314
4401,0.000085,9.048740e+01,4.03618108
4402,0.000084,9.048047e+01,3.43477137
4403,0.000084,9.047793e+01,6.59748055
4404,0.000109,9.046775e+01,5.22959625
4405,0.000103,9.045950e+01,4.25576191
4406,0.000112,9.045235e+01,3.58293049
4407,0.000097,9.045134e+01,7.07700903
4408,0.000097,9.044038e+01,5.57612881
4409,0.000111,9.043168e+01,4.49998041
4410,0.000114,9.042428e+01,3.74946510
4411,0.000100,9.041761e+01,3.24397427
4412,0.000107,9.041319e+01,5.95741808
4413,0.000120,9.040397e+01,4.77087289
4414,0.000149,9.039627e+01,3.93607828
4415,0.000130,9.038943e+01,3.36785442
4416,0.000110,9.038622e+01,6.37624528
4417,0.000166,9.037638e+01,5.07062603
4418,0.000151,9.036832e+01,4.14456560
4419,0.000154,9.036129e+01,3.50778754
4420,0.000124,9.035950e+01,6.83552468
4421,0.000123,9.034893e+01,5.40153177
4422,0.000124,9.034046e+01,4.37680513
4423,0.000118,9.033319e+01,3.66534865
4424,0.000117,9.033307e+01,7.33841873
4425,0.000126,9.032165e+01,5.76604779
4426,0.000154,9.031270e+01,4.63478434
4427,0.000121,9.030515e+01,3.84219876
4428,0.000125,9.029840e+01,3.30543764
4429,0.000115,9.029457e+01,6.16679913
4430,0.002102,9.028505e+01,4.92061384
4431,0.000097,9.027717e+01,4.04009669
4432,0.000085,9.027024e+01,3.43756288
4433,0.000085,9.026772e+01,6.60669259
4434,0.000087,9.025753e+01,5.23656361
4435,0.000096,9.024927e+01,4.26089584
4436,0.000087,9.024212e+01,3.58659391
4437,0.000084,9.024115e+01,7.08877152
4438,0.000084,9.023017e+01,5.58501462
4439,0.000083,9.022146e+01,4.50653593
4440,0.000089,9.021405e+01,3.75415642
4441,0.000084,9.020738e+01,3.24721893
4442,0.000086,9.020299e+01,5.96851300
4443,0.000108,9.019375e+01,4.77907608
4444,0.000112,9.018604e+01,3.94197238
4445,0.000112,9.017919e+01,3.37194887
4446,0.000100,9.017602e+01,6.38987138
4447,0.000103,9.016616e+01,5.08072749
4448,0.000099,9.015809e+01,4.15185738
4449,0.000096,9.015105e+01,3.51288082
4450,0.000102,9.014931e+01,6.85203896
4451,0.000098,9.013872e+01,5.41380906
4452,0.000099,9.013024e+01,4.38571111
4453,0.000105,9.012295e+01,3.67160808
4454,0.000101,9.012290e+01,7.35821678
4455,0.000112,9.011145e+01,5.78080793
4456,0.000100,9.010248e+01,4.64554437
4457,0.000111,9.009491e+01,3.84981109
4458,0.000141,9.008816e+01,3.31063640
4459,0.000124,9.008438e+01,6.18438185
4460,0.000111,9.007483e+01,4.93349321
4461,0.000123,9.006694e+01,4.04926962
4462,0.000108,9.005999e+01,3.44387404
4463,0.000160,9.005754e+01,6.62747338
4464,0.000127,9.004732e+01,5.25185509
4465,0.000124,9.003904e+01,4.27185911
4466,0.000135,9.003187e+01,3.59419633
4467,0.000130,9.003099e+01,7.11316533
4468,0.000117,9.001996e+01,5.60304104
4469,0.000123,9.001123e+01,4.51954302
4470,0.001992,9.000381e+01,3.76324893
4471,0.000116,8.999713e+01,3.25334300
4472,0.000126,8.999280e+01,5.98963038
4473,0.000109,8.998353e+01,4.79440633
4474,0.000100,8.997580e+01,3.95277515
4475,0.000083,8.996895e+01,3.37928900
4476,0.000085,8.996585e+01,6.41447229
4477,0.000085,8.995595e+01,5.09868810
4478,0.000086,8.994786e+01,4.16461301
4479,0.000083,8.994081e+01,3.52162714
4480,0.000087,8.993916e+01,6.88055600
4481,0.000084,8.992852e+01,5.43473757
4482,0.000084,8.992001e+01,4.40068612
4483,0.000098,8.991272e+01,3.68197107
4484,0.000124,8.990611e+01,3.19981632
4485,0.000109,8.990127e+01,5.80506340
4486,0.000100,8.989226e+01,4.66303305
4487,0.000098,8.988468e+01,3.86202950
4488,0.000105,8.987791e+01,3.31885284
4489,0.000106,8.987422e+01,6.21242828
4490,0.000097,8.986463e+01,4.95383885
4491,0.000107,8.985671e+01,4.06360478
4492,0.000109,8.984975e+01,3.45361021
4493,0.000104,8.984741e+01,6.65973318
4494,0.000101,8.983713e+01,5.27539495
4495,0.000107,8.982882e+01,4.28858272
4496,0.000097,8.982164e+01,3.60567017
4497,0.000100,8.982088e+01,7.15012336
4498,0.000107,8.980979e+01,5.63015510
4499,0.000099,8.980103e+01,4.53895721
4500,0.000100,8.979358e+01,3.77670205
4501,0.000103,8.978689e+01,3.26230661
4502,0.000113,8.978265e+01,6.02073886
4503,0.000102,8.977334e+01,4.81684301
4504,0.000140,8.976558e+01,3.96847282
4505,0.000119,8.975872e+01,3.38986459
4506,0.000105,8.975573e+01,6.45003755
4507,0.000164,8.974578e+01,5.12451021
4508,0.001995,8.973766e+01,4.18284461
4509,0.000115,8.973058e+01,3.53404528
4510,0.000105,8.972907e+01,6.92108573
4511,0.000126,8.971837e+01,5.46434157
4512,0.000106,8.970982e+01,4.42176672
4513,0.000101,8.970250e+01,3.69648386
4514,0.000101,8.969588e+01,3.20941789
4515,0.000103,8.969114e+01,5.83888287
4516,0.000100,8.968208e+01,4.68730577
4517,0.000127,8.967447e+01,3.87891185
4518,0.000105,8.966769e+01,3.33015337
4519,0.000105,8.966411e+01,6.25093819
4520,0.000121,8.965446e+01,4.98167730
4521,0.000170,8.964652e+01,4.08315548
4522,0.000115,8.963954e+01,3.46684800
4523,0.000100,8.963733e+01,6.70345364
4524,0.000097,8.962699e+01,5.30720597
4525,0.000103,8.961864e+01,4.31112602
4526,0.000097,8.961144e+01,3.62110507
4527,0.000096,8.961084e+01,7.19962473
4528,0.000105,8.959967e+01,5.66638240
4529,0.000149,8.959086e+01,4.56484502
4530,0.000139,8.958339e+01,3.79461651
4531,0.000141,8.957668e+01,3.27423662
4532,0.000133,8.957255e+01,6.06186726
4533,0.000105,8.956319e+01,4.84645780
4534,0.000133,8.955540e+01,3.98917358
4535,0.000113,8.954851e+01,3.40381237
4536,0.000105,8.954566e+01,6.49659816
4537,0.000128,8.953564e+01,5.15826807
4538,0.000111,8.952748e+01,4.20666401
4539,0.000107,8.952039e+01,3.55027713
4540,0.000129,8.951904e+01,6.97365994
4541,0.000144,8.950826e+01,5.50269533
4542,0.000110,8.949966e+01,4.44906471
4543,0.000104,8.949231e+01,3.71528893
4544,0.000108,8.948568e+01,3.22188817
4545,0.000114,8.948105e+01,5.88232651
4546,0.000115,8.947194e+01,4.71847289
4547,0.000161,8.946429e+01,3.90060383
4548,0.001777,8.945749e+01,3.34470634
4549,0.000098,8.945405e+01,6.30001221
4550,0.000098,8.944434e+01,5.01713781
4551,0.000086,8.943635e+01,4.10807391
4552,0.000086,8.942935e+01,3.48375545
4553,0.000107,8.942731e+01,6.75874911
4554,0.000102,8.941688e+01,5.34742099
4555,0.000095,8.940848e+01,4.33963832
4556,0.000107,8.940125e+01,3.64066217
4557,0.000104,8.940086e+01,7.26178921
4558,0.000091,8.938959e+01,5.71185420
4559,0.000090,8.938071e+01,4.59734903
4560,0.000092,8.937320e+01,3.81714311
4561,0.000090,8.936648e+01,3.28928660
4562,0.000124,8.936250e+01,6.11314414
4563,0.000112,8.935306e+01,4.88338539
4564,0.000133,8.934522e+01,4.01501630
4565,0.000100,8.933831e+01,3.42127079
4566,0.000120,8.933564e+01,6.55428066
4567,0.000134,8.932553e+01,5.20008867
4568,0.000130,8.931732e+01,4.23619780
4569,0.000104,8.931019e+01,3.57044517
4570,0.000109,8.930906e+01,7.03840503
4571,0.000114,8.929817e+01,5.54991950
4572,0.000106,8.928951e+01,4.48269521
4573,0.000117,8.928212e+01,3.73849309
4574,0.000131,8.927547e+01,3.23732143
4575,0.000124,8.927099e+01,5.93551087
4576,0.000116,8.926180e+01,4.75663990
4577,0.000117,8.925411e+01,3.92719798
4578,0.000107,8.924729e+01,3.36258778
4579,0.000107,8.924403e+01,6.35976582
4580,0.000116,8.923422e+01,5.06031886
4581,0.000110,8.922618e+01,4.13844074
4582,0.000108,8.921915e+01,3.50439250
4583,0.000134,8.921732e+01,6.82573761
4584,0.000135,8.920678e+01,5.39613484
4585,0.000104,8.919832e+01,4.37419155
4586,0.000109,8.919105e+01,3.66438840
4587,0.001766,8.919092e+01,7.33674146
4588,0.000092,8.917952e+01,5.76666564
4589,0.000083,8.917057e+01,4.63653634
4590,0.000085,8.916301e+01,3.84431964
4591,0.000080,8.915626e+01,3.30746312
4592,0.000083,8.915246e+01,6.17466929
4593,0.000086,8.914293e+01,4.92769233
4594,0.000087,8.913504e+01,4.04603406
4595,0.000084,8.912810e+01,3.44223802
4596,0.000088,8.912564e+01,6.62319416
4597,0.000102,8.911543e+01,5.25004270
4598,0.000088,8.910715e+01,4.27147921
4599,0.000087,8.909999e+01,3.59454431
4600,0.000086,8.909911e+01,7.11544424
4601,0.000133,8.908809e+01,5.60609373
4602,0.000101,8.907935e+01,4.52269661
4603,0.000097,8.907193e+01,3.76609343
4604,0.000106,8.906525e+01,3.25567357
4605,0.000101,8.906094e+01,5.99852946
4606,0.000107,8.905166e+01,4.80185534
4607,0.000137,8.904393e+01,3.95869895
4608,0.000099,8.903707e+01,3.38375879
4609,0.000103,8.903402e+01,6.43031114
4610,0.000110,8.902410e+01,5.11128409
4611,0.000104,8.901600e+01,4.17427343
4612,0.000103,8.900893e+01,3.52873125
4613,0.000108,8.900736e+01,6.90455455
4614,0.000107,8.899669e+01,5.45343091
4615,0.000107,8.898816e+01,4.41482092
4616,0.000118,8.898085e+01,3.69227237
4617,0.000109,8.897424e+01,3.20701961
4618,0.000106,8.896946e+01,5.83091344
4619,0.000098,8.896042e+01,4.68246700
4620,0.000109,8.895282e+01,3.87616344
4621,0.000099,8.894604e+01,3.32873855
4622,0.000112,8.894245e+01,6.24661145
4623,0.000107,8.893281e+01,4.97948943
4624,0.000099,8.892487e+01,4.08228344
4625,0.000123,8.891789e+01,3.46671941
4626,0.000113,8.891568e+01,6.70355720
4627,0.000107,8.890534e+01,5.30828151
4628,0.001909,8.889699e+01,4.31260075
4629,0.000106,8.888979e+01,3.62261370
4630,0.000083,8.888921e+01,7.20504090
4631,0.000081,8.887803e+01,5.67140840
4632,0.000082,8.886921e+01,4.56919797
4633,0.000089,8.886174e+01,3.79816497
4634,0.000108,8.885503e+01,3.27697138
4635,0.000092,8.885093e+01,6.07161290
4636,0.000091,8.884155e+01,4.85428639
4637,0.000101,8.883375e+01,3.99521968
4638,0.000102,8.882686e+01,3.40828440
4639,0.000113,8.882406e+01,6.51192092
4640,0.000107,8.881402e+01,5.17024018
4641,0.000159,8.880584e+01,4.21572417
4642,0.000163,8.879874e+01,3.55687669
4643,0.000199,8.879746e+01,6.99551675
4644,0.000114,8.878664e+01,5.51955650
4645,0.000126,8.877803e+01,4.46171849
4646,0.000134,8.877067e+01,3.72445963
4647,0.000127,8.876402e+01,3.22827599
4648,0.000210,8.875946e+01,5.90490790
4649,0.000105,8.875031e+01,4.73536821
4650,0.000106,8.874265e+01,3.91284641
4651,0.000112,8.873584e+01,3.35324465
4652,0.000122,8.873249e+01,6.32923707
4653,0.000112,8.872273e+01,5.03899533
4654,0.000105,8.871472e+01,4.12394926
4655,0.000119,8.870770e+01,3.49487250
4656,0.000108,8.870578e+01,6.79564374
4657,0.000116,8.869529e+01,5.37504131
4658,0.000116,8.868686e+01,4.35977199
4659,0.000107,8.867961e+01,3.65484106
4660,0.000112,8.867938e+01,7.30749374
4661,0.000137,8.866803e+01,5.74612523
4662,0.000116,8.865911e+01,4.62243601
4663,0.000110,8.865158e+01,3.83492505
4664,0.000117,8.864484e+01,3.30141397
4665,0.000115,8.864097e+01,6.15505034
4666,0.000111,8.863147e+01,4.91419609
4667,0.000118,8.862361e+01,4.03700455
4668,0.001533,8.861668e+01,3.43639221
4669,0.000079,8.861416e+01,6.60491209
4670,0.000080,8.860398e+01,5.23747492
4671,0.000078,8.859572e+01,4.26306128
4672,0.000077,8.858857e+01,3.58908096
4673,0.000081,8.858764e+01,7.09896908
4674,0.000082,8.857664e+01,5.59482252
4675,0.000083,8.856793e+01,4.51517344
4676,0.000084,8.856051e+01,3.76122278
4677,0.000115,8.855384e+01,3.25261933
4678,0.000108,8.854951e+01,5.98897098
4679,0.000118,8.854024e+01,4.79554945
4680,0.000122,8.853252e+01,3.95466444
4681,0.000162,8.852567e+01,3.38126072
4682,0.000183,8.852259e+01,6.42293179
4683,0.000158,8.851269e+01,5.10655915
4684,0.000155,8.850460e+01,4.17135340
4685,0.000132,8.849754e+01,3.52699524
4686,0.000119,8.849595e+01,6.89987838
4687,0.000123,8.848529e+01,5.45069626
4688,0.000153,8.847677e+01,4.41333140
4689,0.000129,8.846946e+01,3.69153599
4690,0.000117,8.846285e+01,3.20669800
4691,0.000125,8.845808e+01,5.83062845
4692,0.000119,8.844904e+01,4.68276449
4693,0.000122,8.844144e+01,3.87669807
4694,0.000111,8.843466e+01,3.32929535
4695,0.000116,8.843107e+01,6.24928901
4696,0.000115,8.842143e+01,4.98197352
4697,0.000119,8.841349e+01,4.08439646
4698,0.000117,8.840651e+01,3.46838446
4699,0.000114,8.840432e+01,6.70977076
4700,0.000126,8.839397e+01,5.31339932
4701,0.000111,8.838562e+01,4.31663830
4702,0.000105,8.837841e+01,3.62564934
4703,0.000115,8.837787e+01,7.21543087
4704,0.000110,8.836668e+01,5.67965890
4705,0.000108,8.835785e+01,4.57554793
4706,0.000123,8.835037e+01,3.80286833
4707,0.000106,8.834366e+01,3.28030642
4708,0.000115,8.833959e+01,6.08355287
4709,0.001587,8.833019e+01,4.86338223
4710,0.000082,8.832239e+01,4.00192536
4711,0.000089,8.831549e+01,3.41303862
4712,0.000080,8.831274e+01,6.52816930
4713,0.000082,8.830267e+01,5.18256412
4714,0.000091,8.829449e+01,4.22480655
4715,0.000082,8.828737e+01,3.56333547
4716,0.000081,8.828617e+01,7.01676287
4717,0.000081,8.827532e+01,5.53564494
4718,0.000082,8.826668e+01,4.47359524
4719,0.000081,8.825930e+01,3.73294443
4720,0.000080,8.825266e+01,3.23411526
4721,0.000084,8.824814e+01,5.92535719
4722,0.000081,8.823898e+01,4.75050413
4723,0.000119,8.823130e+01,3.92371750
4724,0.000093,8.822448e+01,3.36077849
4725,0.000136,8.822120e+01,6.35470910
4726,0.000142,8.821140e+01,5.05790622
4727,0.000109,8.820337e+01,4.13760835
4728,0.000110,8.819634e+01,3.50440857
4729,0.000121,8.819452e+01,6.82687369
4730,0.000107,8.818398e+01,5.39829920
4731,0.000110,8.817552e+01,4.37666566
4732,0.000112,8.816825e+01,3.66672464
4733,0.000110,8.816815e+01,7.34529812
4734,0.000160,8.815673e+01,5.77436413
4735,0.000133,8.814777e+01,4.64305948
4736,0.000117,8.814022e+01,3.84954170
4737,0.000111,8.813346e+01,3.31141554
4738,0.000121,8.812970e+01,6.18897331
4739,0.000109,8.812015e+01,4.93909813
4740,0.000107,8.811225e+01,4.05478337
4741,0.000113,8.810531e+01,3.44866105
4742,0.000121,8.810291e+01,6.64529785
4743,0.000110,8.809267e+01,5.26726219
4744,0.000115,8.808437e+01,4.28447765
4745,0.000105,8.807720e+01,3.60398642
4746,0.000108,8.807642e+01,7.14668059
4747,0.000114,8.806535e+01,5.63016568
4748,0.000116,8.805659e+01,4.54075299
4749,0.001674,8.804914e+01,3.77917615
4750,0.000079,8.804245e+01,3.26477960
4751,0.000080,8.803824e+01,6.03061169
4752,0.000077,8.802892e+01,4.82587278
4753,0.000078,8.802116e+01,3.97612203
4754,0.000081,8.801428e+01,3.39592602
4755,0.000083,8.801136e+01,6.47169018
4756,0.000093,8.800138e+01,5.14226672
4757,0.000084,8.799324e+01,4.19681944
4758,0.000082,8.798616e+01,3.54455940
4759,0.000083,8.798475e+01,6.95666129
4760,0.000081,8.797400e+01,5.49249419
4761,0.000084,8.796542e+01,4.44336169
4762,0.000082,8.795808e+01,3.71243632
4763,0.000110,8.795145e+01,3.22072178
4764,0.000093,8.794681e+01,5.87929580
4765,0.000095,8.793771e+01,4.71797134
4766,0.000115,8.793007e+01,3.90141850
4767,0.000113,8.792327e+01,3.34604092
4768,0.000104,8.791984e+01,6.30568532
4769,0.000099,8.791012e+01,5.02303030
4770,0.000095,8.790213e+01,4.11346991
4771,0.000092,8.789512e+01,3.48827032
4772,0.000102,8.789314e+01,6.77484422
4773,0.000096,8.788269e+01,5.36104628
4774,0.000096,8.787427e+01,4.35065035
4775,0.000102,8.786703e+01,3.64913878
4776,0.000130,8.786674e+01,7.29022815
4777,0.000124,8.785543e+01,5.73471007
4778,0.000107,8.784652e+01,4.61514100
4779,0.000115,8.783900e+01,3.83047185
4780,0.000106,8.783226e+01,3.29884967
4781,0.000114,8.782838e+01,6.14690411
4782,0.000107,8.781889e+01,4.90926107
4783,0.000111,8.781103e+01,4.03420394
4784,0.000108,8.780410e+01,3.43494696
4785,0.000143,8.780157e+01,6.60080774
4786,0.000109,8.779140e+01,5.23550159
4787,0.000113,8.778315e+01,4.26237452
4788,0.000112,8.777599e+01,3.58909733
4789,0.000106,8.777506e+01,7.09977552
4790,0.001708,8.776407e+01,5.59648834
4791,0.000094,8.775536e+01,4.51712421
4792,0.000089,8.774794e+01,3.76309618
4793,0.000089,8.774127e+01,3.25421737
4794,0.000088,8.773695e+01,5.99503673
4795,0.000089,8.772768e+01,4.80072862
4796,0.000095,8.771995e+01,3.95884669
4797,0.000089,8.771310e+01,3.38445647
4798,0.000082,8.771006e+01,6.43424741
4799,0.000096,8.770014e+01,5.11562923
4800,0.000084,8.769204e+01,4.17835615
4801,0.000080,8.768497e+01,3.53217416
4802,0.000083,8.768344e+01,6.91739455
4803,0.000109,8.767276e+01,5.46439866
4804,0.000102,8.766421e+01,4.42373077
4805,0.000094,8.765690e+01,3.69913807
4806,0.000092,8.765028e+01,3.21202473
4807,0.000098,8.764556e+01,5.84979146
4808,0.000095,8.763650e+01,4.69720620
4809,0.000101,8.762888e+01,3.88722158
4810,0.000142,8.762210e+01,3.33666331
4811,0.000098,8.761858e+01,6.27483453
4812,0.000097,8.760891e+01,5.00117753
4813,0.000103,8.760094e+01,4.09840120
4814,0.000095,8.759396e+01,3.47822009
4815,0.000093,8.759187e+01,6.74272563
4816,0.000101,8.758147e+01,5.33816718
4817,0.000096,8.757309e+01,4.33475029
4818,0.000094,8.756586e+01,3.63843517
4819,0.000099,8.756546e+01,7.25693798
4820,0.000111,8.755420e+01,5.71088134
4821,0.000097,8.754533e+01,4.59846422
4822,0.000097,8.753783e+01,3.81914641
4823,0.000102,8.753110e+01,3.29142610
4824,0.000097,8.752715e+01,6.12221947
4825,0.000096,8.751770e+01,4.89187726
4826,0.000102,8.750986e+01,4.02230139
4827,0.000107,8.750295e+01,3.42707492
4828,0.000141,8.750034e+01,6.57537751
4829,0.000126,8.749021e+01,5.21749571
4830,0.001652,8.748198e+01,4.24995363
4831,0.000089,8.747484e+01,3.58081096
4832,0.000087,8.747382e+01,7.07373057
4833,0.000097,8.746288e+01,5.57796278
4834,0.000088,8.745419e+01,4.50425917
4835,0.000091,8.744678e+01,3.75444264
4836,0.000094,8.744012e+01,3.24861148
4837,0.000092,8.743575e+01,5.97611280
4838,0.000094,8.742651e+01,4.78750995
4839,0.000096,8.741879e+01,3.94988707
4840,0.000094,8.741195e+01,3.37860496
4841,0.000097,8.740885e+01,6.41506571
4842,0.000099,8.739896e+01,5.10216451
4843,0.000157,8.739088e+01,4.16916677
4844,0.000160,8.738382e+01,3.52612528
4845,0.000111,8.738223e+01,6.89811868
4846,0.000110,8.737158e+01,5.45081466
4847,0.000124,8.736305e+01,4.41440453
4848,0.000109,8.735574e+01,3.69295394
4849,0.000114,8.734913e+01,3.20809132
4850,0.000116,8.734437e+01,5.83623608
4851,0.000123,8.733533e+01,4.68785392
4852,0.000100,8.732773e+01,3.88097946
4853,0.000103,8.732095e+01,3.33266608
4854,0.000095,8.731739e+01,6.26147730
4855,0.000093,8.730774e+01,4.99192874
4856,0.000103,8.729978e+01,4.09219466
4857,0.000092,8.729280e+01,3.47422132
4858,0.000093,8.729067e+01,6.72976142
4859,0.000095,8.728030e+01,5.32917232
4860,0.000101,8.727193e+01,4.32869082
4861,0.000107,8.726471e+01,3.63451206
4862,0.000097,8.726426e+01,7.24458959
4863,0.000103,8.725303e+01,5.70231359
4864,0.000096,8.724417e+01,4.59268257
4865,0.000095,8.723667e+01,3.81539253
4866,0.000101,8.722995e+01,3.28910735
4867,0.000097,8.722597e+01,6.11427695
4868,0.000102,8.721653e+01,4.88652487
4869,0.001586,8.720870e+01,4.01882792
4870,0.000090,8.720179e+01,3.42493207
4871,0.000089,8.719916e+01,6.56828484
4872,0.000090,8.718903e+01,5.21274618
4873,0.000090,8.718081e+01,4.24689077
4874,0.000088,8.717368e+01,3.57893686
4875,0.000091,8.717264e+01,7.06774289
4876,0.000091,8.716170e+01,5.57401425
4877,0.000107,8.715302e+01,4.50175779
4878,0.000152,8.714562e+01,3.75294768
4879,0.000094,8.713895e+01,3.24779119
4880,0.000095,8.713457e+01,5.97319058
4881,0.000092,8.712534e+01,4.78574322
4882,0.000129,8.711762e+01,3.94890057
4883,0.000120,8.711078e+01,3.37812386
4884,0.000105,8.710767e+01,6.41342364
4885,0.000111,8.709779e+01,5.10132918
4886,0.000122,8.708971e+01,4.16883817
4887,0.000105,8.708265e+01,3.52609263
4888,0.000118,8.708105e+01,6.89804318
4889,0.000108,8.707040e+01,5.45113355
4890,0.000112,8.706188e+01,4.41490504
4891,0.000116,8.705457e+01,3.69349757
4892,0.000112,8.704796e+01,3.20859644
4893,0.000112,8.704320e+01,5.83796046
4894,0.000118,8.703416e+01,4.68937807
4895,0.000117,8.702655e+01,3.88224700
4896,0.000107,8.701977e+01,3.33366403
4897,0.000115,8.701623e+01,6.26488902
4898,0.000109,8.700657e+01,4.99469594
4899,0.000111,8.699861e+01,4.09435486
4900,0.000110,8.699163e+01,3.47583812
4901,0.000118,8.698951e+01,6.73517665
4902,0.000110,8.697913e+01,5.33342924
4903,0.000126,8.697075e+01,4.33193499
4904,0.000118,8.696353e+01,3.63689310
4905,0.000096,8.696311e+01,7.25236228
4906,0.000097,8.695187e+01,5.70833642
4907,0.001432,8.694300e+01,4.59722614
4908,0.000080,8.693550e+01,3.81870368
4909,0.000078,8.692877e+01,3.29142424
4910,0.000090,8.692481e+01,6.12237465
4911,0.000081,8.691537e+01,4.89260938
4912,0.000081,8.690753e+01,4.02325693
4913,0.000081,8.690061e+01,3.42803204
4914,0.000083,8.689801e+01,6.57880148
4915,0.000083,8.688788e+01,5.22064090
4916,0.000082,8.687964e+01,4.25264832
4917,0.000080,8.687250e+01,3.58298229
4918,0.000094,8.687151e+01,7.08106202
4919,0.000111,8.686056e+01,5.58401901
4920,0.000094,8.685186e+01,4.50907916
4921,0.000140,8.684445e+01,3.75812185
4922,0.000115,8.683778e+01,3.25129738
4923,0.000113,8.683344e+01,5.98563871
4924,0.000109,8.682418e+01,4.79489021
4925,0.000107,8.681646e+01,3.95540885
4926,0.000117,8.680961e+01,3.38257182
4927,0.000109,8.680655e+01,6.42868516
4928,0.000108,8.679665e+01,5.11259210
4929,0.000113,8.678855e+01,4.17690924
4930,0.000123,8.678149e+01,3.53166046
4931,0.000107,8.677995e+01,6.91652890
4932,0.000112,8.676927e+01,5.46483395
4933,0.000106,8.676073e+01,4.42479248
4934,0.000105,8.675341e+01,3.70038445
4935,0.000110,8.674680e+01,3.21319319
4936,0.000108,8.674209e+01,5.85445446
4937,0.000108,8.673302e+01,4.70136247
4938,0.000107,8.672541e+01,3.89067450
4939,0.000128,8.671862e+01,3.33935454
4940,0.000109,8.671513e+01,6.28457041
4941,0.000104,8.670545e+01,5.00908682
4942,0.000117,8.669747e+01,4.10456794
4943,0.000107,8.669048e+01,3.48281441
4944,0.000113,8.668844e+01,6.75848119
4945,0.001696,8.667802e+01,5.35056788
4946,0.000082,8.666962e+01,4.34420370
4947,0.000078,8.666239e+01,3.64536839
4948,0.000078,8.666207e+01,7.27977237
4949,0.000079,8.665077e+01,5.72859915
4950,0.000079,8.664188e+01,4.61184761
4951,0.000080,8.663436e+01,3.82891356
4952,0.000079,8.662763e+01,3.29827359
4953,0.000104,8.662374e+01,6.14617665
4954,0.000135,8.661426e+01,4.90991035
4955,0.000095,8.660641e+01,4.03546079
4956,0.000087,8.659948e+01,3.43632119
4957,0.000084,8.659697e+01,6.60660130
4958,0.000085,8.658679e+01,5.24098054
4959,0.000116,8.657853e+01,4.26713094
4960,0.000095,8.657138e+01,3.59293667
4961,0.000111,8.657049e+01,7.11336619
4962,0.000093,8.655948e+01,5.60779228
4963,0.000106,8.655076e+01,4.52615279
4964,0.000107,8.654333e+01,3.76998949
4965,0.000092,8.653665e+01,3.25923109
4966,0.000093,8.653239e+01,6.01328069
4967,0.000101,8.652310e+01,4.81489743
4968,0.000094,8.651535e+01,3.96946220
4969,0.000104,8.650849e+01,3.39208449
4970,0.000137,8.650553e+01,6.46067539
4971,0.000105,8.649558e+01,5.13590856
4972,0.000111,8.648745e+01,4.19344649
4973,0.000107,8.648037e+01,3.54298825
4974,0.000098,8.647896e+01,6.95339631
4975,0.000121,8.646822e+01,5.49187194
4976,0.000122,8.645964e+01,4.44413989
4977,0.000129,8.645230e+01,3.71378676
4978,0.000123,8.644567e+01,3.22213342
4979,0.000119,8.644105e+01,5.88566721
4980,0.000130,8.643194e+01,4.72387719
4981,0.000142,8.642430e+01,3.90643566
4982,0.000117,8.641750e+01,3.34999577
4983,0.000148,8.641412e+01,6.32045714
4984,0.000150,8.640438e+01,5.03516008
4985,0.001770,8.639637e+01,4.12299890
4986,0.000087,8.638936e+01,3.49540282
4987,0.000087,8.638746e+01,6.79959193
4988,0.000089,8.637697e+01,5.38062852
4989,0.000088,8.636854e+01,4.36564422
4990,0.000088,8.636128e+01,3.66017426
4991,0.000092,8.636111e+01,7.32671397
4992,0.000094,8.634974e+01,5.76311796
4993,0.000105,8.634080e+01,4.63666905
4994,0.000087,8.633326e+01,3.84623282
4995,0.000082,8.632651e+01,3.30993505
4996,0.000082,8.632273e+01,6.18567162
4997,0.000082,8.631320e+01,4.93851935
4998,0.000083,8.630531e+01,4.05561730
4999,0.000111,8.629836e+01,3.45004480
5000,0.000095,8.629599e+01,6.65164316
5001,0.000094,8.628574e+01,5.27382252
5002,0.000099,8.627744e+01,4.29047830
5003,0.000093,8.627026e+01,3.60900394
5004,0.000116,8.626954e+01,7.16458383
5005,0.000100,8.625845e+01,5.64535561
5006,0.000095,8.624967e+01,4.55307707
5007,0.000095,8.624222e+01,3.78870866
5008,0.000095,8.623552e+01,3.27179115
5009,0.000103,8.623137e+01,6.05610180
5010,0.000098,8.622202e+01,4.84582073
5011,0.000098,8.621424e+01,3.99117038
5012,0.000097,8.620736e+01,3.40680741
5013,0.000101,8.620455e+01,6.50934500
5014,0.000102,8.619452e+01,5.17129289
5015,0.000102,8.618635e+01,4.21851158
5016,0.000095,8.617924e+01,3.56016749
5017,0.000096,8.617801e+01,7.00856461
5018,0.000101,8.616718e+01,5.53222318
5019,0.000103,8.615855e+01,4.47296314
5020,0.000144,8.615118e+01,3.73374361
5021,0.000129,8.614453e+01,3.23546326
5022,0.000118,8.614004e+01,5.93154049
5023,0.000148,8.613086e+01,4.75689686
5024,0.000132,8.612318e+01,3.92952137
5025,0.000121,8.611636e+01,3.36557916
5026,0.000130,8.611313e+01,6.37246284
5027,0.001788,8.610331e+01,5.07285500
5028,0.000095,8.609526e+01,4.14959634
5029,0.000088,8.608823e+01,3.51354598
5030,0.000087,8.608651e+01,6.85840100
5031,0.000090,8.607592e+01,5.42352216
5032,0.000092,8.606744e+01,4.39617034
5033,0.000090,8.606015e+01,3.68121228
5034,0.000090,8.605355e+01,3.20085200
5035,0.000108,8.604872e+01,5.81177526
5036,0.000096,8.603972e+01,4.67158137
5037,0.000095,8.603213e+01,3.87053843
5038,0.000093,8.602536e+01,3.32625577
5039,0.000100,8.602175e+01,6.24076952
5040,0.000095,8.601213e+01,4.97833240
5041,0.000143,8.600419e+01,4.08359387
5042,0.000107,8.599722e+01,3.46903014
5043,0.000099,8.599504e+01,6.71384975
5044,0.000108,8.598469e+01,5.31906498
5045,0.000094,8.597634e+01,4.32255245
5046,0.000099,8.596912e+01,3.63100011
5047,0.000099,8.596864e+01,7.23465107
5048,0.000094,8.595743e+01,5.69661443
5049,0.000095,8.594858e+01,4.58971702
5050,0.000102,8.594109e+01,3.81409485
5051,0.000096,8.593437e+01,3.28873832
5052,0.000096,8.593039e+01,6.11402279
5053,0.000100,8.592096e+01,4.88753775
5054,0.000109,8.591313e+01,4.02035960
5055,0.000097,8.590621e+01,3.42651003
5056,0.000100,8.590360e+01,6.57463804
5057,0.000094,8.589347e+01,5.21864439
5058,0.000096,8.588525e+01,4.25195188
5059,0.000099,8.587811e+01,3.58298835
5060,0.000096,8.587712e+01,7.08200874
5061,0.000097,8.586616e+01,5.58581688
5062,0.000104,8.585747e+01,4.51114015
5063,0.000099,8.585006e+01,3.76007680
5064,0.000109,8.584339e+01,3.25294719
5065,0.000106,8.583906e+01,5.99204021
5066,0.000103,8.582980e+01,4.80033763
5067,0.000099,8.582207e+01,3.95979420
5068,0.001702,8.581522e+01,3.38591191
5069,0.000093,8.581220e+01,6.44059613
5070,0.000089,8.580228e+01,5.12213238
5071,0.000087,8.579417e+01,4.18427098
5072,0.000087,8.578710e+01,3.53710272
5073,0.000088,8.578563e+01,6.93496462
5074,0.000089,8.577492e+01,5.47925908
5075,0.000090,8.576636e+01,4.43574635
5076,0.000090,8.575904e+01,3.70839957
5077,0.000087,8.575241e+01,3.21881780
5078,0.000092,8.574776e+01,5.87465092
5079,0.000114,8.573867e+01,4.71659965
5080,0.000098,8.573103e+01,3.90179611
5081,0.000097,8.572423e+01,3.34716028
5082,0.000137,8.572083e+01,6.31152691
5083,0.000118,8.571111e+01,5.02937941
5084,0.000108,8.570311e+01,4.11939655
5085,0.000130,8.569610e+01,3.49325909
5086,0.000114,8.569418e+01,6.79330146
5087,0.000130,8.568370e+01,5.37677722
5088,0.000112,8.567528e+01,4.36341198
5089,0.000107,8.566802e+01,3.65897075
5090,0.000116,8.566785e+01,7.32368768
5091,0.000112,8.565648e+01,5.76168449
5092,0.000113,8.564755e+01,4.63618600
5093,0.000118,8.564000e+01,3.84625725
5094,0.000108,8.563326e+01,3.31017402
5095,0.000098,8.562949e+01,6.18720613
5096,0.000116,8.561995e+01,4.94021430
5097,0.000098,8.561206e+01,4.05719915
5098,0.000092,8.560511e+01,3.45136158
5099,0.000100,8.560276e+01,6.65676212
5100,0.000095,8.559250e+01,5.27817746
5101,0.000095,8.558420e+01,4.29399142
5102,0.000101,8.557702e+01,3.61168204
5103,0.000096,8.557633e+01,7.17397906
5104,0.000094,8.556523e+01,5.65291135
5105,0.000104,8.555644e+01,4.55894313
5106,0.000116,8.554898e+01,3.79307194
5107,0.001437,8.554228e+01,3.27487932
5108,0.000103,8.553817e+01,6.06746416
5109,0.000093,8.552881e+01,4.85451313
5110,0.000082,8.552102e+01,3.99758570
5111,0.000082,8.551413e+01,3.41133945
5112,0.000084,8.551136e+01,6.52518991
5113,0.000097,8.550132e+01,5.18334039
5114,0.000089,8.549313e+01,4.22739139
5115,0.000084,8.548602e+01,3.56645960
5116,0.000084,8.548486e+01,7.02964725
5117,0.000086,8.547399e+01,5.54821576
5118,0.000085,8.546535e+01,4.48476910
5119,0.000087,8.545797e+01,3.74215332
5120,0.000086,8.545131e+01,3.24120505
5121,0.000117,8.544688e+01,5.95213584
5122,0.000116,8.543768e+01,4.77214395
5123,0.000094,8.542998e+01,3.94045035
5124,0.000110,8.542315e+01,3.37310831
5125,0.000101,8.542000e+01,6.39839255
5126,0.000102,8.541014e+01,5.09211579
5127,0.000095,8.540207e+01,4.16349310
5128,0.000101,8.539502e+01,3.52320888
5129,0.000099,8.539340e+01,6.89047961
5130,0.000100,8.538277e+01,5.44743274
5131,0.000107,8.537426e+01,4.41353404
5132,0.000095,8.536695e+01,3.69339778
5133,0.000105,8.536034e+01,3.20906883
5134,0.000105,8.535560e+01,5.84104235
5135,0.000095,8.534655e+01,4.69296634
5136,0.000096,8.533895e+01,3.88568090
5137,0.000102,8.533216e+01,3.33657811
5138,0.000095,8.532865e+01,6.27617711
5139,0.000096,8.531898e+01,5.00435257
5140,0.000098,8.531102e+01,4.10217590
5141,0.000106,8.530403e+01,3.48183251
5142,0.000099,8.530198e+01,6.75626837
5143,0.000114,8.529157e+01,5.35040013
5144,0.000109,8.528317e+01,4.34510878
5145,0.001749,8.527594e+01,3.64670088
5146,0.000098,8.527563e+01,7.28504767
5147,0.000103,8.526434e+01,5.73401715
5148,0.000103,8.525544e+01,4.61683902
5149,0.000103,8.524792e+01,3.83315911
5150,0.000099,8.524118e+01,3.30165162
5151,0.000099,8.523733e+01,6.15832686
5152,0.000095,8.522783e+01,4.91987900
5153,0.000097,8.521996e+01,4.04330275
5154,0.000100,8.521303e+01,3.44222093
5155,0.000120,8.521058e+01,6.62676728
5156,0.000108,8.520037e+01,5.25692659
5157,0.000103,8.519210e+01,4.27934309
5158,0.000109,8.518493e+01,3.60194366
5159,0.000140,8.518414e+01,7.14298726
5160,0.000135,8.517309e+01,5.63083715
5161,0.000126,8.516433e+01,4.54360703
5162,0.000121,8.515689e+01,3.78277178
5163,0.000107,8.515020e+01,3.26824273
5164,0.000133,8.514602e+01,6.04468000
5165,0.000127,8.513669e+01,4.83857227
5166,0.000118,8.512891e+01,3.98677636
5167,0.000121,8.512203e+01,3.40429503
5168,0.000124,8.511920e+01,6.50183039
5169,0.000118,8.510919e+01,5.16689727
5170,0.000120,8.510102e+01,4.21614340
5171,0.000116,8.509392e+01,3.55904833
5172,0.000106,8.509268e+01,7.00587231
5173,0.000121,8.508186e+01,5.53139464
5174,0.000118,8.507323e+01,4.47317245
5175,0.000149,8.506586e+01,3.73443298
5176,0.000125,8.505921e+01,3.23627901
5177,0.000116,8.505473e+01,5.93508447
5178,0.000106,8.504555e+01,4.76030925
5179,0.000100,8.503787e+01,3.93249673
5180,0.000096,8.503104e+01,3.36797441
5181,0.000151,8.502784e+01,6.38128279
5182,0.000127,8.501802e+01,5.08017505
5183,0.000115,8.500996e+01,4.15540132
5184,0.001688,8.500292e+01,3.51792931
5185,0.000096,8.500124e+01,6.87351130
5186,0.000086,8.499064e+01,5.43554164
5187,0.000088,8.498214e+01,4.40541998
5188,0.000089,8.497484e+01,3.68805262
5189,0.000091,8.496824e+01,3.20569142
5190,0.000092,8.496346e+01,5.82938211
5191,0.000092,8.495443e+01,4.68496790
5192,0.000095,8.494684e+01,3.88036934
5193,0.000092,8.494006e+01,3.33318690
5194,0.000096,8.493651e+01,6.26495545
5195,0.000116,8.492686e+01,4.99663060
5196,0.000097,8.491890e+01,4.09701743
5197,0.000131,8.491192e+01,3.47851099
5198,0.000116,8.490984e+01,6.74572337
5199,0.000111,8.489944e+01,5.34314063
5200,0.000107,8.489106e+01,4.34024464
5201,0.000109,8.488383e+01,3.64355123
5202,0.000097,8.488349e+01,7.27545063
5203,0.000106,8.487221e+01,5.72743308
5204,0.000102,8.486333e+01,4.61243340
5205,0.000093,8.485581e+01,3.83030334
5206,0.000093,8.484908e+01,3.29986421
5207,0.000119,8.484521e+01,6.15266077
5208,0.000130,8.483572e+01,4.91612058
5209,0.000111,8.482786e+01,4.04088389
5210,0.000105,8.482093e+01,3.44071458
5211,0.000119,8.481846e+01,6.62229296
5212,0.000141,8.480826e+01,5.25402987
5213,0.000116,8.480000e+01,4.27752634
5214,0.000112,8.479283e+01,3.60084147
5215,0.000106,8.479203e+01,7.14001433
5216,0.000105,8.478099e+01,5.62904512
5217,0.000113,8.477224e+01,4.54258130
5218,0.000109,8.476479e+01,3.78221713
5219,0.000106,8.475810e+01,3.26795337
5220,0.000114,8.475393e+01,6.04426689
5221,0.000124,8.474460e+01,4.83855184
5222,0.000106,8.473683e+01,3.98693406
5223,0.000111,8.472995e+01,3.40449310
5224,0.000107,8.472712e+01,6.50310374
5225,0.001691,8.471710e+01,5.16812333
5226,0.000094,8.470894e+01,4.21720086
5227,0.000089,8.470184e+01,3.55987610
5228,0.000092,8.470061e+01,7.00917754
5229,0.000087,8.468978e+01,5.53413804
5230,0.000082,8.468116e+01,4.47534136
5231,0.000086,8.467379e+01,3.73605322
5232,0.000083,8.466714e+01,3.23741103
5233,0.000083,8.466267e+01,5.93964877
5234,0.000084,8.465349e+01,4.76382737
5235,0.000083,8.464580e+01,3.93509399
5236,0.000099,8.463897e+01,3.36979226
5237,0.000084,8.463579e+01,6.38800680
5238,0.000082,8.462596e+01,5.08530808
5239,0.000120,8.461790e+01,4.15918315
5240,0.000094,8.461085e+01,3.52059224
5241,0.000095,8.460921e+01,6.88277376
5242,0.000098,8.459859e+01,5.44258609
5243,0.000094,8.459009e+01,4.41061876
5244,0.000100,8.458279e+01,3.69174069
5245,0.000100,8.457618e+01,3.20818594
5246,0.000110,8.457143e+01,5.83866866
5247,0.000096,8.456239e+01,4.69184290
5248,0.000103,8.455478e+01,3.88528481
5249,0.000097,8.454800e+01,3.33655352
5250,0.000097,8.454449e+01,6.27685199
5251,0.000104,8.453483e+01,5.00547007
5252,0.000094,8.452686e+01,4.10338614
5253,0.000093,8.451987e+01,3.48292394
5254,0.000096,8.451784e+01,6.76063974
5255,0.000100,8.450742e+01,5.35426491
5256,0.000114,8.449903e+01,4.34831795
5257,0.000095,8.449179e+01,3.64920605
5258,0.000101,8.449151e+01,7.29384348
5259,0.000116,8.448020e+01,5.74119801
5260,0.000123,8.447130e+01,4.62249041
5261,0.000110,8.446377e+01,3.83741839
5262,0.000099,8.445703e+01,3.30470729
5263,0.000125,8.445321e+01,6.16946188
5264,0.000114,8.444370e+01,4.92847090
5265,0.001702,8.443583e+01,4.04970212
5266,0.000089,8.442889e+01,3.44678795
5267,0.000089,8.442649e+01,6.64256957
5268,0.000088,8.441626e+01,5.26901646
5269,0.000100,8.440797e+01,4.28831710
5270,0.000089,8.440080e+01,3.60835511
5271,0.000091,8.440008e+01,7.16425503
5272,0.000095,8.438899e+01,5.64704810
5273,0.000092,8.438022e+01,4.55564285
5274,0.000093,8.437276e+01,3.79140482
5275,0.000094,8.436606e+01,3.27418695
5276,0.000095,8.436195e+01,6.06570801
5277,0.000098,8.435259e+01,4.85421432
5278,0.000097,8.434480e+01,3.99805531
5279,0.000157,8.433791e+01,3.41212250
5280,0.000120,8.433515e+01,6.52845088
5281,0.000110,8.432510e+01,5.18675185
5282,0.000110,8.431692e+01,4.23054285
5283,0.000101,8.430980e+01,3.56912560
5284,0.000099,8.430867e+01,7.03895025
5285,0.000094,8.429779e+01,5.55613661
5286,0.000099,8.428914e+01,4.49122146
5287,0.000094,8.428175e+01,3.74717216
5288,0.000098,8.427509e+01,3.24492935
5289,0.000143,8.427069e+01,5.96546496
5290,0.000097,8.426148e+01,4.78259638
5291,0.000097,8.425377e+01,3.94835882
5292,0.000098,8.424693e+01,3.37885498
5293,0.000095,8.424384e+01,6.41813657
5294,0.000096,8.423396e+01,5.10735335
5295,0.000103,8.422587e+01,4.17489934
5296,0.000094,8.421881e+01,3.53143859
5297,0.000096,8.421728e+01,6.91776699
5298,0.000110,8.420660e+01,5.46833558
5299,0.000107,8.419806e+01,4.42912340
5300,0.000096,8.419074e+01,3.70463638
5301,0.000096,8.418412e+01,3.21686580
5302,0.000103,8.417945e+01,5.86859564
5303,0.000101,8.417037e+01,4.71350787
5304,0.000095,8.416274e+01,3.90052406
5305,0.000102,8.415594e+01,3.34691315
5306,0.001750,8.415254e+01,6.31148023
5307,0.000101,8.414282e+01,5.03070537
5308,0.000097,8.413482e+01,4.12129359
5309,0.000101,8.412781e+01,3.49521859
5310,0.000107,8.412591e+01,6.80054902
5311,0.000114,8.411542e+01,5.38352263
5312,0.000104,8.410699e+01,4.36925110
5313,0.000103,8.409973e+01,3.66371886
5314,0.000105,8.409961e+01,7.33967607
5315,0.000108,8.408822e+01,5.77497697
5316,0.000121,8.407927e+01,4.64684257
5317,0.000110,8.407172e+01,3.85446208
5318,0.000114,8.406496e+01,3.31622481
5319,0.000103,8.406125e+01,6.20831310
5320,0.000155,8.405169e+01,4.95667501
5321,0.000107,8.404378e+01,4.06962129
5322,0.000102,8.403682e+01,3.46038458
5323,0.000111,8.403456e+01,6.68710235
5324,0.000108,8.402426e+01,5.30154889
5325,0.000117,8.401593e+01,4.31149025
5326,0.000126,8.400873e+01,3.62433226
5327,0.000131,8.400818e+01,7.21514295
5328,0.000115,8.399701e+01,5.68443315
5329,0.000120,8.398819e+01,4.58248521
5330,0.000111,8.398070e+01,3.81009449
5331,0.000108,8.397399e+01,3.28673527
5332,0.000111,8.396999e+01,6.10852343
5333,0.000115,8.396057e+01,4.88518157
5334,0.000110,8.395275e+01,4.01982221
5335,0.000108,8.394584e+01,3.42689109
5336,0.000113,8.394323e+01,6.57733433
5337,0.000120,8.393310e+01,5.22234407
5338,0.000113,8.392488e+01,4.25578633
5339,0.000100,8.391773e+01,3.58643424
5340,0.000095,8.391678e+01,7.09460523
5341,0.000093,8.390582e+01,5.59690271
5342,0.000101,8.389711e+01,4.52037820
5343,0.000097,8.388969e+01,3.76737191
5344,0.000101,8.388302e+01,3.25840575
5345,0.001533,8.387875e+01,6.01200835
5346,0.000115,8.386947e+01,4.81614408
5347,0.000096,8.386172e+01,3.97183400
5348,0.000084,8.385486e+01,3.39469214
5349,0.000094,8.385193e+01,6.47112179
5350,0.000108,8.384197e+01,5.14581471
5351,0.000102,8.383383e+01,4.20206933
5352,0.000102,8.382675e+01,3.54997390
5353,0.000121,8.382541e+01,6.97792580
5354,0.000101,8.381464e+01,5.51228275
5355,0.000107,8.380604e+01,4.46044515
5356,0.000103,8.379869e+01,3.72623891
5357,0.000096,8.379205e+01,3.23119841
5358,0.000130,8.378752e+01,5.91865605
5359,0.000113,8.377837e+01,4.74947971
5360,0.000106,8.377071e+01,3.92559643
5361,0.000100,8.376389e+01,3.36374600
5362,0.000147,8.376065e+01,6.36834348
5363,0.000138,8.375084e+01,5.07187100
5364,0.000109,8.374280e+01,4.15027362
5365,0.000110,8.373576e+01,3.51490510
5366,0.000107,8.373406e+01,6.86497309
5367,0.000104,8.372348e+01,5.43047570
5368,0.000113,8.371499e+01,4.40261441
5369,0.000107,8.370770e+01,3.68664438
5370,0.000124,8.370109e+01,3.20507914
5371,0.000126,8.369632e+01,5.82836012
5372,0.000111,8.368729e+01,4.68510991
5373,0.000110,8.367970e+01,3.88105268
5374,0.000113,8.367292e+01,3.33401352
5375,0.000116,8.366939e+01,6.26888326
5376,0.000112,8.365973e+01,5.00042673
5377,0.000113,8.365178e+01,4.10033612
5378,0.000115,8.364479e+01,3.48118315
5379,0.000129,8.364274e+01,6.75562028
5380,0.000110,8.363233e+01,5.35138691
5381,0.000117,8.362395e+01,4.34681596
5382,0.000106,8.361671e+01,3.64853753
5383,0.000111,8.361643e+01,7.29246182
5384,0.001467,8.360513e+01,5.74102351
5385,0.000081,8.359622e+01,4.62295380
5386,0.000079,8.358870e+01,3.83813880
5387,0.000079,8.358196e+01,3.30544720
5388,0.000081,8.357815e+01,6.17259828
5389,0.000081,8.356863e+01,4.93137274
5390,0.000083,8.356076e+01,4.05217471
5391,0.000084,8.355382e+01,3.44874798
5392,0.000082,8.355144e+01,6.64969870
5393,0.000083,8.354120e+01,5.27488940
5394,0.000082,8.353291e+01,4.29295477
5395,0.000081,8.352573e+01,3.61184824
5396,0.000124,8.352505e+01,7.17614355
5397,0.000148,8.351395e+01,5.65649102
5398,0.000197,8.350516e+01,4.56291223
5399,0.000113,8.349770e+01,3.79678929
5400,0.000101,8.349100e+01,3.27800235
5401,0.000113,8.348692e+01,6.07939292
5402,0.000113,8.347754e+01,4.86464026
5403,0.000117,8.346974e+01,4.00573773
5404,0.000117,8.346285e+01,3.41755951
5405,0.000118,8.346015e+01,6.54712933
5406,0.000108,8.345007e+01,5.20092189
5407,0.000107,8.344187e+01,4.24098141
5408,0.000114,8.343475e+01,3.57653549
5409,0.000104,8.343369e+01,7.06346363
5410,0.000106,8.342278e+01,5.57470777
5411,0.000112,8.341410e+01,4.50493016
5412,0.000107,8.340670e+01,3.75695309
5413,0.000118,8.340004e+01,3.25163431
5414,0.000111,8.339570e+01,5.98917134
5415,0.000105,8.338646e+01,4.80014989
5416,0.000109,8.337873e+01,3.96095915
5417,0.000109,8.337188e+01,3.38756308
5418,0.000106,8.336888e+01,6.44779629
5419,0.000109,8.335895e+01,5.12939189
5420,0.000107,8.335084e+01,4.19082083
5421,0.000132,8.334377e+01,3.54253775
5422,0.000121,8.334235e+01,6.95429284
5423,0.000112,8.333162e+01,5.49557188
5424,0.001654,8.332305e+01,4.44892553
5425,0.000093,8.331571e+01,3.71856306
5426,0.000102,8.330908e+01,3.22628782
5427,0.000078,8.330450e+01,5.90182296
5428,0.000079,8.329537e+01,4.73781310
5429,0.000079,8.328772e+01,3.91776666
5430,0.000077,8.328091e+01,3.35869894
5431,0.000081,8.327762e+01,6.35158039
5432,0.000082,8.326784e+01,5.06020445
5433,0.000082,8.325981e+01,4.14239576
5434,0.000081,8.325278e+01,3.50979116
5435,0.000083,8.325103e+01,6.84850307
5436,0.000082,8.324047e+01,5.41898181
5437,0.000128,8.323200e+01,4.39481626
5438,0.000102,8.322471e+01,3.68155155
5439,0.000092,8.321811e+01,3.20190694
5440,0.000094,8.321330e+01,5.81723967
5441,0.000099,8.320430e+01,4.67754305
5442,0.000093,8.319671e+01,3.87608908
5443,0.000093,8.318993e+01,3.33090834
5444,0.000100,8.318637e+01,6.25836654
5445,0.000095,8.317673e+01,4.99326787
5446,0.000096,8.316878e+01,4.09563165
5447,0.000117,8.316180e+01,3.47823447
5448,0.000121,8.315972e+01,6.74597173
5449,0.000125,8.314933e+01,5.34484077
5450,0.000101,8.314095e+01,4.34252434
5451,0.000103,8.313372e+01,3.64585491
5452,0.000118,8.313340e+01,7.28398353
5453,0.000114,8.312212e+01,5.73532524
5454,0.000116,8.311322e+01,4.61925441
5455,0.000110,8.310570e+01,3.83585364
5456,0.000119,8.309896e+01,3.30413133
5457,0.000118,8.309513e+01,6.16801663
5458,0.000109,8.308563e+01,4.92847260
5459,0.000110,8.307775e+01,4.05044194
5460,0.000111,8.307082e+01,3.44779996
5461,0.000105,8.306842e+01,6.64653840
5462,0.000105,8.305819e+01,5.27302520
5463,0.000111,8.304990e+01,4.29195460
5464,0.000105,8.304272e+01,3.61140020
5465,0.000123,8.304204e+01,7.17475055
5466,0.001716,8.303094e+01,5.65593234
5467,0.000094,8.302215e+01,4.56285230
5468,0.000100,8.301469e+01,3.79699675
5469,0.000085,8.300799e+01,3.27832381
5470,0.000081,8.300391e+01,6.08044563
5471,0.000081,8.299453e+01,4.86575778
5472,0.000081,8.298673e+01,4.00678127
5473,0.000081,8.297984e+01,3.41845321
5474,0.000083,8.297715e+01,6.55013810
5475,0.000081,8.296707e+01,5.20348559
5476,0.000083,8.295886e+01,4.24306825
5477,0.000082,8.295174e+01,3.57815694
5478,0.000084,8.295070e+01,7.06881721
5479,0.000083,8.293978e+01,5.57902123
5480,0.000128,8.293110e+01,4.50829624
5481,0.000102,8.292369e+01,3.75948235
5482,0.000093,8.291702e+01,3.25345706
5483,0.000094,8.291271e+01,5.99557635
5484,0.000099,8.290345e+01,4.80506206
5485,0.000100,8.289572e+01,3.96460235
5486,0.000092,8.288886e+01,3.39015961
5487,0.000094,8.288589e+01,6.45667610
5488,0.000103,8.287595e+01,5.13615010
5489,0.000095,8.286783e+01,4.19581180
5490,0.000111,8.286075e+01,3.54608683
5491,0.000105,8.285938e+01,6.96607730
5492,0.000096,8.284863e+01,5.50451250
5493,0.000094,8.284005e+01,4.45552781
5494,0.000101,8.283270e+01,3.72326883
5495,0.000094,8.282606e+01,3.22950369
5496,0.000095,8.282152e+01,5.91332253
5497,0.000100,8.281238e+01,4.74632223
5498,0.000098,8.280472e+01,3.92386011
5499,0.000095,8.279790e+01,3.36288913
5500,0.000132,8.279465e+01,6.36605894
5501,0.000128,8.278486e+01,5.07095023
5502,0.000109,8.277681e+01,4.15013621
5503,0.000106,8.276978e+01,3.51515670
5504,0.000126,8.276808e+01,6.86642950
5505,0.000110,8.275750e+01,5.43233175
5506,0.000108,8.274901e+01,4.40449337
5507,0.001773,8.274172e+01,3.68831927
5508,0.000091,8.273511e+01,3.20644068
5509,0.000088,8.273035e+01,5.83360277
5510,0.000089,8.272132e+01,4.68947919
5511,0.000087,8.271372e+01,3.88451313
5512,0.000100,8.270694e+01,3.33661483
5513,0.000097,8.270343e+01,6.27819744
5514,0.000094,8.269377e+01,5.00782073
5515,0.000092,8.268580e+01,4.10599499
5516,0.000092,8.267881e+01,3.48533512
5517,0.000096,8.267681e+01,6.76977597
5518,0.000093,8.266638e+01,5.36240685
5519,0.000098,8.265798e+01,4.35514078
5520,0.000097,8.265074e+01,3.65459728
5521,0.000140,8.265052e+01,7.31232346
5522,0.000133,8.263919e+01,5.75634385
5523,0.000106,8.263027e+01,4.63447105
5524,0.000100,8.262273e+01,3.84651287
5525,0.000093,8.261598e+01,3.31130178
5526,0.000099,8.261223e+01,6.19297494
5527,0.000098,8.260269e+01,4.94667311
5528,0.000094,8.259480e+01,4.06332268
5529,0.000093,8.258785e+01,3.45657566
5530,0.000095,8.258555e+01,6.67597644
5531,0.000102,8.257527e+01,5.29463306
5532,0.000110,8.256696e+01,4.30739282
5533,0.000095,8.255976e+01,3.62204727
5534,0.000100,8.255920e+01,7.20926757
5535,0.000095,8.254804e+01,5.68141530
5536,0.000095,8.253922e+01,4.58121800
5537,0.000102,8.253174e+01,3.80980938
5538,0.000092,8.252503e+01,3.28691794
5539,0.000096,8.252104e+01,6.11032096
5540,0.000105,8.251162e+01,4.88745843
5541,0.000098,8.250379e+01,4.02208371
5542,0.000109,8.249688e+01,3.42885144
5543,0.000103,8.249430e+01,6.58497834
5544,0.000098,8.248417e+01,5.22896994
5545,0.000101,8.247594e+01,4.26121690
5546,0.000102,8.246879e+01,3.59064211
5547,0.000096,8.246789e+01,7.10925661
5548,0.000097,8.245690e+01,5.60878387
5549,0.001667,8.244818e+01,4.52968254
5550,0.000093,8.244076e+01,3.77436612
5551,0.000086,8.243407e+01,3.26343061
5552,0.000088,8.242986e+01,6.03016346
5553,0.000089,8.242055e+01,4.83011627
5554,0.000088,8.241279e+01,3.98222746
5555,0.000089,8.240592e+01,3.40212043
5556,0.000104,8.240307e+01,6.49669143
5557,0.000093,8.239307e+01,5.16534520
5558,0.000090,8.238492e+01,4.21655419
5559,0.000090,8.237782e+01,3.56033342
5560,0.000092,8.237659e+01,7.01218888
5561,0.000096,8.236577e+01,5.53836907
5562,0.000117,8.235714e+01,4.47979968
5563,0.000147,8.234977e+01,3.74012963
5564,0.000115,8.234312e+01,3.24079551
5565,0.000111,8.233868e+01,5.95241462
5566,0.000128,8.232949e+01,4.77457597
5567,0.000117,8.232179e+01,3.94369588
5568,0.000114,8.231496e+01,3.37633423
5569,0.000107,8.231184e+01,6.41102073
5570,0.000116,8.230198e+01,5.10368273
5571,0.000110,8.229390e+01,4.17334231
5572,0.000111,8.228684e+01,3.53106913
5573,0.000112,8.228531e+01,6.91796204
5574,0.000131,8.227464e+01,5.47008933
5575,0.000112,8.226610e+01,4.43150288
5576,0.000104,8.225878e+01,3.70704452
5577,0.000099,8.225216e+01,3.21896612
5578,0.000097,8.224751e+01,5.87698745
5579,0.000096,8.223842e+01,4.72076706
5580,0.000102,8.223079e+01,3.90643055
5581,0.000094,8.222399e+01,3.35144388
5582,0.000094,8.222063e+01,6.32787364
5583,0.000102,8.221089e+01,5.04390811
5584,0.000110,8.220288e+01,4.13152003
5585,0.000094,8.219586e+01,3.50279817
5586,0.000103,8.219404e+01,6.82647755
5587,0.000102,8.218352e+01,5.40386614
5588,0.001453,8.217507e+01,4.38472817
5589,0.000085,8.216779e+01,3.67505782
5590,0.000098,8.216120e+01,3.19789845
5591,0.000101,8.215635e+01,5.80379890
5592,0.000086,8.214737e+01,4.66862263
5593,0.000083,8.213979e+01,3.87037667
5594,0.000090,8.213302e+01,3.32740425
5595,0.000096,8.212942e+01,6.24716215
5596,0.000093,8.211980e+01,4.98595124
5597,0.000092,8.211186e+01,4.09103067
5598,0.000094,8.210489e+01,3.47547439
5599,0.000096,8.210278e+01,6.73764192
5600,0.000097,8.209240e+01,5.33962589
5601,0.000147,8.208403e+01,4.33941683
5602,0.000111,8.207681e+01,3.64412236
5603,0.000102,8.207647e+01,7.27925143
5604,0.000105,8.206520e+01,5.73277742
5605,0.000112,8.205631e+01,4.61807807
5606,0.000103,8.204879e+01,3.83547932
5607,0.000103,8.204205e+01,3.30417107
5608,0.000112,8.203823e+01,6.16877585
5609,0.000107,8.202873e+01,4.92972540
5610,0.000126,8.202085e+01,4.05180708
5611,0.000112,8.201391e+01,3.44904701
5612,0.000108,8.201153e+01,6.65132495
5613,0.000111,8.200130e+01,5.27726968
5614,0.000107,8.199300e+01,4.29549440
5615,0.000113,8.198582e+01,3.61418315
5616,0.000109,8.198517e+01,7.18437649
5617,0.000119,8.197406e+01,5.66380289
5618,0.000122,8.196526e+01,4.56906047
5619,0.000126,8.195780e+01,3.80169349
5620,0.000110,8.195109e+01,3.28171638
5621,0.000117,8.194705e+01,6.09265607
5622,0.000108,8.193766e+01,4.87519136
5623,0.000112,8.192985e+01,4.01382243
5624,0.000115,8.192294e+01,3.42349787
5625,0.000108,8.192031e+01,6.56748852
5626,0.000110,8.191020e+01,5.21676997
5627,0.001573,8.190198e+01,4.25294081
5628,0.000080,8.189485e+01,3.58522607
5629,0.000078,8.189389e+01,7.09220548
5630,0.000078,8.188293e+01,5.59685758
5631,0.000079,8.187423e+01,4.52154825
5632,0.000079,8.186681e+01,3.76899963
5633,0.000080,8.186013e+01,3.26002593
5634,0.000092,8.185588e+01,6.01874996
5635,0.000082,8.184660e+01,4.82230794
5636,0.000080,8.183885e+01,3.97704646
5637,0.000082,8.183198e+01,3.39880696
5638,0.000080,8.182910e+01,6.48606400
5639,0.000082,8.181912e+01,5.15807604
5640,0.000083,8.181097e+01,4.21171999
5641,0.000117,8.180388e+01,3.55722744
5642,0.000101,8.180262e+01,7.00266008
5643,0.000101,8.179182e+01,5.53188423
5644,0.000139,8.178320e+01,4.47550082
5645,0.000125,8.177583e+01,3.73737078
5646,0.000107,8.176918e+01,3.23908424
5647,0.000103,8.176473e+01,5.94699412
5648,0.000108,8.175555e+01,4.77102995
5649,0.000101,8.174786e+01,3.94144858
5650,0.000096,8.174102e+01,3.37495576
5651,0.000107,8.173790e+01,6.40698160
5652,0.000102,8.172804e+01,5.10113768
5653,0.000106,8.171997e+01,4.17179726
5654,0.000116,8.171291e+01,3.53016521
5655,0.000101,8.171137e+01,6.91566351
5656,0.000097,8.170071e+01,5.46882709
5657,0.000108,8.169218e+01,4.43087891
5658,0.000122,8.168486e+01,3.70678086
5659,0.000115,8.167824e+01,3.21887619
5660,0.000117,8.167359e+01,5.87732681
5661,0.000121,8.166451e+01,4.72131311
5662,0.000130,8.165687e+01,3.90699831
5663,0.000121,8.165007e+01,3.35192506
5664,0.000125,8.164672e+01,6.33017307
5665,0.000119,8.163698e+01,5.04590518
5666,0.000120,8.162897e+01,4.13313733
5667,0.000137,8.162195e+01,3.50401570
5668,0.000113,8.162014e+01,6.83114053
5669,0.000115,8.160962e+01,5.40763062
5670,0.000377,8.160116e+01,4.38764211
5671,0.000384,8.159389e+01,3.67720142
5672,0.000315,8.158729e+01,3.19938304
5673,0.000393,8.158246e+01,5.80968616
5674,0.000284,8.157347e+01,4.67311152
5675,0.001656,8.156589e+01,3.87366214
5676,0.000080,8.155912e+01,3.32969126
5677,0.000078,8.155555e+01,6.25556981
5678,0.000078,8.154592e+01,4.99232690
5679,0.000079,8.153797e+01,4.09570150
5680,0.000077,8.153099e+01,3.47875033
5681,0.000080,8.152892e+01,6.74901542
5682,0.000105,8.151853e+01,5.34823717
5683,0.000116,8.151015e+01,4.34574639
5684,0.000089,8.150292e+01,3.64859887
5685,0.000094,8.150264e+01,7.29408954
5686,0.000090,8.149134e+01,5.74401399
5687,0.000096,8.148244e+01,4.62637205
5688,0.000106,8.147491e+01,3.84139482
5689,0.000219,8.146817e+01,3.30821785
5690,0.000174,8.146439e+01,6.18307300
5691,0.000188,8.145487e+01,4.94032486
5692,0.000153,8.144698e+01,4.05942879
5693,0.000131,8.144004e+01,3.45432191
5694,0.000136,8.143771e+01,6.66916807
5695,0.000125,8.142745e+01,5.29055429
5696,0.000155,8.141914e+01,4.30512040
5697,0.000199,8.141195e+01,3.62091805
5698,0.000164,8.141137e+01,7.20630773
5699,0.000125,8.140023e+01,5.68019538
5700,0.000122,8.139141e+01,4.58102258
5701,0.000122,8.138393e+01,3.81014811
5702,0.000116,8.137722e+01,3.28746972
5703,0.000121,8.137323e+01,6.11262738
5704,0.000114,8.136381e+01,4.88985853
5705,0.000121,8.135599e+01,4.02428654
5706,0.000125,8.134907e+01,3.43070207
5707,0.000118,8.134651e+01,6.59156288
5708,0.000118,8.133637e+01,5.23455183
5709,0.000124,8.132813e+01,4.26573651
5710,0.000118,8.132098e+01,3.59413246
5711,0.000118,8.132012e+01,7.12096726
5712,0.000123,8.130912e+01,5.61820916
5713,0.000135,8.130038e+01,4.53703299
5714,0.000124,8.129295e+01,3.77988877
5715,0.000128,8.128626e+01,3.26741405
5716,0.000120,8.128208e+01,6.04417719
5717,0.001673,8.127276e+01,4.84087823
5718,0.000135,8.126499e+01,3.99023052
5719,0.000100,8.125811e+01,3.40785161
5720,0.000087,8.125532e+01,6.51612926
5721,0.000087,8.124529e+01,5.18017124
5722,0.000086,8.123712e+01,4.22754512
5723,0.000082,8.123001e+01,3.56819953
5724,0.000085,8.122887e+01,7.03798921
5725,0.000089,8.121801e+01,5.55799150
5726,0.000102,8.120935e+01,4.49435034
5727,0.000107,8.120197e+01,3.75057211
5728,0.000097,8.119531e+01,3.24801278
5729,0.000131,8.119094e+01,5.97765414
5730,0.000123,8.118171e+01,4.79332821
5731,0.000164,8.117400e+01,3.95721430
5732,0.000169,8.116715e+01,3.38573144
5733,0.000119,8.116413e+01,6.44279464
5734,0.000120,8.115422e+01,5.12735407
5735,0.000132,8.114611e+01,4.19049829
5736,0.000113,8.113904e+01,3.54307940
5737,0.000111,8.113763e+01,6.95729647
5738,0.000105,8.112690e+01,5.49948112
5739,0.000114,8.111833e+01,4.45292513
5740,0.000119,8.111098e+01,3.72215760
5741,0.000123,8.110435e+01,3.22923281
5742,0.000126,8.109980e+01,5.91299406
5743,0.000128,8.109066e+01,4.74715737
5744,0.000118,8.108300e+01,3.92519676
5745,0.000122,8.107618e+01,3.36430855
5746,0.000115,8.107295e+01,6.37149156
5747,0.000117,8.106315e+01,5.07604742
5748,0.000121,8.105510e+01,4.15455413
5749,0.000123,8.104806e+01,3.51873911
5750,0.000121,8.104641e+01,6.87881791
5751,0.000135,8.103581e+01,5.44262296
5752,0.000121,8.102730e+01,4.41271451
5753,0.000117,8.102000e+01,3.69461216
5754,0.000114,8.101339e+01,3.21104928
5755,0.000115,8.100867e+01,5.85013903
5756,0.000109,8.099962e+01,4.70232138
5757,0.000108,8.099201e+01,3.89414432
5758,0.000118,8.098522e+01,3.34355831
5759,0.001577,8.098179e+01,6.30215870
5760,0.000081,8.097209e+01,5.02620495
5761,0.000080,8.096410e+01,4.11967818
5762,0.000075,8.095710e+01,3.49515394
5763,0.000079,8.095520e+01,6.80248810
5764,0.000080,8.094472e+01,5.38736812
5765,0.000082,8.093629e+01,4.37368261
5766,0.000088,8.092903e+01,3.66791054
5767,0.000083,8.092896e+01,7.35527454
5768,0.000081,8.091756e+01,5.78904258
5769,0.000081,8.090859e+01,4.65877852
5770,0.000083,8.090103e+01,3.86402380
5771,0.000081,8.089427e+01,3.32345752
5772,0.000082,8.089063e+01,6.23471112
5773,0.000113,8.088104e+01,4.97776281
5774,0.000099,8.087311e+01,4.08582473
5775,0.000104,8.086614e+01,3.47229369
5776,0.000117,8.086400e+01,6.72820284
5777,0.000116,8.085364e+01,5.33364054
5778,0.000114,8.084528e+01,4.33577595
5779,0.000120,8.083806e+01,3.64201759
5780,0.000111,8.083771e+01,7.27360952
5781,0.000115,8.082645e+01,5.72960830
5782,0.000109,8.081757e+01,4.61647700
5783,0.000109,8.081005e+01,3.83480964
5784,0.000115,8.080332e+01,3.30399629
5785,0.000104,8.079949e+01,6.16911423
5786,0.000114,8.078999e+01,4.93070257
5787,0.000106,8.078212e+01,4.05298549
5788,0.000113,8.077518e+01,3.45015699
5789,0.000106,8.077282e+01,6.65594839
5790,0.000107,8.076258e+01,5.28143307
5791,0.000115,8.075428e+01,4.29899202
5792,0.000104,8.074710e+01,3.61693450
5793,0.000108,8.074648e+01,7.19416175
5794,0.000116,8.073536e+01,5.67183804
5795,0.000117,8.072655e+01,4.57541150
5796,0.000109,8.071908e+01,3.80649593
5797,0.000121,8.071237e+01,3.28517172
5798,0.000110,8.070837e+01,6.10533466
5799,0.000110,8.069896e+01,4.88499853
5800,0.000121,8.069114e+01,4.02114253
5801,0.000117,8.068423e+01,3.42873341
5802,0.001649,8.068165e+01,6.58567577
5803,0.000081,8.067152e+01,5.23070995
5804,0.000079,8.066329e+01,4.26330597
5805,0.000078,8.065614e+01,3.59264567
5806,0.000079,8.065526e+01,7.11687302
5807,0.000079,8.064427e+01,5.61568929
5808,0.000083,8.063554e+01,4.53555186
5809,0.000086,8.062811e+01,3.77906247
5810,0.000082,8.062143e+01,3.26697180
5811,0.000082,8.061725e+01,6.04332372
5812,0.000082,8.060793e+01,4.84061534
5813,0.000083,8.060016e+01,3.99027102
5814,0.000081,8.059328e+01,3.40800656
5815,0.000083,8.059049e+01,6.51733020
5816,0.000122,8.058047e+01,5.18143061
5817,0.000104,8.057230e+01,4.22868824
5818,0.000094,8.056518e+01,3.56913018
5819,0.000101,8.056406e+01,7.04168229
5820,0.000101,8.055319e+01,5.56111615
5821,0.000102,8.054454e+01,4.49686373
5822,0.000101,8.053715e+01,3.75248382
5823,0.000095,8.053049e+01,3.24937814
5824,0.000097,8.052614e+01,5.98303025
5825,0.000104,8.051690e+01,4.79751397
5826,0.000100,8.050918e+01,3.96034105
5827,0.000106,8.050233e+01,3.38795369
5828,0.000105,8.049934e+01,6.45085514
5829,0.000106,8.048942e+01,5.13355133
5830,0.000120,8.048131e+01,4.19510460
5831,0.000111,8.047423e+01,3.54636106
5832,0.000116,8.047286e+01,6.96852749
5833,0.000108,8.046212e+01,5.50807018
5834,0.000111,8.045353e+01,4.45930861
5835,0.000114,8.044618e+01,3.72672891
5836,0.000105,8.043955e+01,3.23236546
5837,0.000108,8.043503e+01,5.92440088
5838,0.000120,8.042588e+01,4.75565162
5839,0.000174,8.041821e+01,3.93131764
5840,0.000124,8.041138e+01,3.36854568
5841,0.000124,8.040820e+01,6.38619220
5842,0.000104,8.039837e+01,5.08702512
5843,0.000109,8.039032e+01,4.16251630
5844,0.001859,8.038327e+01,3.52430566
5845,0.000093,8.038167e+01,6.89734512
5846,0.000091,8.037105e+01,5.45650025
5847,0.000091,8.036253e+01,4.42284426
5848,0.000091,8.035522e+01,3.70176193
5849,0.000117,8.034860e+01,3.21590292
5850,0.000088,8.034393e+01,5.86738055
5851,0.000085,8.033486e+01,4.71498287
5852,0.000084,8.032723e+01,3.90316220
5853,0.000082,8.032043e+01,3.34974915
5854,0.000084,8.031706e+01,6.32328242
5855,0.000085,8.030733e+01,5.04180352
5856,0.000086,8.029933e+01,4.13088233
5857,0.000085,8.029231e+01,3.50292847
5858,0.000116,8.029049e+01,6.82807223
5859,0.000100,8.027997e+01,5.40635498
5860,0.000101,8.027152e+01,4.38742745
5861,0.000095,8.026425e+01,3.67754561
5862,0.000098,8.025765e+01,3.19995790
5863,0.000103,8.025283e+01,5.81191481
5864,0.000095,8.024383e+01,4.67546234
5865,0.000103,8.023625e+01,3.87583593
5866,0.000095,8.022948e+01,3.33153035
5867,0.000097,8.022592e+01,6.26206815
5868,0.000102,8.021628e+01,4.99783904
5869,0.000099,8.020833e+01,4.10016256
5870,0.000103,8.020135e+01,3.48219494
5871,0.000105,8.019931e+01,6.76064781
5872,0.000096,8.018891e+01,5.35758476
5873,0.000095,8.018051e+01,4.35301684
5874,0.000100,8.017328e+01,3.65404483
5875,0.000097,8.017305e+01,7.31183030
5876,0.000099,8.016173e+01,5.75795698
5877,0.000106,8.015281e+01,4.63704360
5878,0.000112,8.014527e+01,3.84929658
5879,0.000105,8.013852e+01,3.31385297
5880,0.000155,8.013479e+01,6.20246677
5881,0.000120,8.012524e+01,4.95506500
5882,0.000116,8.011734e+01,4.07030369
5883,0.000107,8.011039e+01,3.46206306
5884,0.000119,8.010814e+01,6.69497202
5885,0.001777,8.009784e+01,5.31011252
5886,0.000098,8.008951e+01,4.31955314
5887,0.000086,8.008231e+01,3.63121437
5888,0.000092,8.008184e+01,7.23959924
5889,0.000091,8.007064e+01,5.70541236
5890,0.000095,8.006179e+01,4.59967096
5891,0.000095,8.005429e+01,3.82351022
5892,0.000095,8.004757e+01,3.29669516
5893,0.000092,8.004367e+01,6.14444503
5894,0.000118,8.003421e+01,4.91346000
5895,0.000102,8.002635e+01,4.04129086
5896,0.000095,8.001943e+01,3.44252186
5897,0.000101,8.001698e+01,6.63103398
5898,0.000143,8.000678e+01,5.26393019
5899,0.000119,7.999851e+01,4.28702974
5900,0.000137,7.999134e+01,3.60904873
5901,0.000105,7.999064e+01,7.16926959
5902,0.000100,7.997956e+01,5.65428403
5903,0.000095,7.997078e+01,4.56333793
5904,0.000094,7.996332e+01,3.79846764
5905,0.000100,7.995661e+01,3.28004898
5906,0.000097,7.995256e+01,6.08797469
5907,0.000096,7.994318e+01,4.87300074
5908,0.000105,7.993537e+01,4.01310642
5909,0.000096,7.992847e+01,3.42355960
5910,0.000096,7.992584e+01,6.56879277
5911,0.000103,7.991573e+01,5.21900744
5912,0.000102,7.990752e+01,4.25542531
5913,0.000103,7.990038e+01,3.58753452
5914,0.000103,7.989945e+01,7.10079378
5915,0.000103,7.988848e+01,5.60453759
5916,0.000100,7.987977e+01,4.52802084
5917,0.000097,7.987235e+01,3.77415420
5918,0.000101,7.986567e+01,3.26390759
5919,0.000095,7.986146e+01,6.03301779
5920,0.000097,7.985215e+01,4.83366117
5921,0.000112,7.984439e+01,3.98573418
5922,0.000096,7.983752e+01,3.40516847
5923,0.000097,7.983470e+01,6.50820674
5924,0.000104,7.982469e+01,5.17531552
5925,0.000099,7.981653e+01,4.22472171
5926,0.001750,7.980942e+01,3.56666247
5927,0.000094,7.980827e+01,7.03412603
5928,0.000087,7.979742e+01,5.55614114
5929,0.000089,7.978877e+01,4.49369907
5930,0.000089,7.978139e+01,3.75055865
5931,0.000112,7.977473e+01,3.24826761
5932,0.000092,7.977037e+01,5.97953886
5933,0.000114,7.976114e+01,4.79541777
5934,0.000105,7.975342e+01,3.95916042
5935,0.000095,7.974657e+01,3.38734296
5936,0.000099,7.974358e+01,6.44923641
5937,0.000101,7.973366e+01,5.13282756
5938,0.000099,7.972555e+01,4.19490228
5939,0.000107,7.971847e+01,3.54642440
5940,0.000141,7.971711e+01,6.96922237
5941,0.000116,7.970636e+01,5.50906406
5942,0.000142,7.969778e+01,4.46035262
5943,0.000137,7.969043e+01,3.72766972
5944,0.000126,7.968379e+01,3.23312501
5945,0.000129,7.967928e+01,5.92750306
5946,0.000114,7.967013e+01,4.75824680
5947,0.000111,7.966246e+01,3.93337037
5948,0.000119,7.965563e+01,3.37007565
5949,0.000111,7.965246e+01,6.39184231
5950,0.000101,7.964263e+01,5.09151574
5951,0.000109,7.963457e+01,4.16594845
5952,0.000097,7.962752e+01,3.52680922
5953,0.000095,7.962596e+01,6.90603840
5954,0.000097,7.961532e+01,5.46327416
5955,0.000100,7.960679e+01,4.42795891
5956,0.000096,7.959947e+01,3.70547240
5957,0.000096,7.959286e+01,3.21847089
5958,0.000104,7.958821e+01,5.87687372
5959,0.000096,7.957913e+01,4.72212156
5960,0.000099,7.957149e+01,3.90834504
5961,0.000110,7.956469e+01,3.35335369
5962,0.000098,7.956136e+01,6.33598317
5963,0.000099,7.955161e+01,5.05134917
5964,0.000108,7.954360e+01,4.13783722
5965,0.000098,7.953658e+01,3.50780007
5966,0.001529,7.953481e+01,6.84452809
5967,0.000108,7.952427e+01,5.41873635
5968,0.000094,7.951580e+01,4.39649095
5969,0.000094,7.950852e+01,3.68394591
5970,0.000089,7.950192e+01,3.20428931
5971,0.000092,7.949714e+01,5.82761141
5972,0.000098,7.948812e+01,4.68701107
5973,0.000093,7.948053e+01,3.88405981
5974,0.000091,7.947375e+01,3.33715727
5975,0.000094,7.947026e+01,6.28161516
5976,0.000095,7.946059e+01,5.01229299
5977,0.000101,7.945262e+01,4.11054029
5978,0.000096,7.944563e+01,3.48937354
5979,0.000097,7.944367e+01,6.78464319
5980,0.000139,7.943323e+01,5.37541192
5981,0.000146,7.942481e+01,4.36591698
5982,0.000117,7.941756e+01,3.66306349
5983,0.000134,7.941744e+01,7.34094217
5984,0.000108,7.940607e+01,5.77967861
5985,0.000114,7.939712e+01,4.65287627
5986,0.000119,7.938957e+01,3.86047807
5987,0.000112,7.938281e+01,3.32145401
5988,0.000114,7.937916e+01,6.22866367
5989,0.000121,7.936957e+01,4.97428605
5990,0.000126,7.936165e+01,4.08400770
5991,0.000130,7.935468e+01,3.47148873
5992,0.000134,7.935254e+01,6.72629097
5993,0.000126,7.934219e+01,5.33322796
5994,0.000115,7.933382e+01,4.33617906
5995,0.000113,7.932661e+01,3.64277862
5996,0.000118,7.932626e+01,7.27676136
5997,0.000112,7.931500e+01,5.73298423
5998,0.000111,7.930612e+01,4.61966156
5999,0.000115,7.929860e+01,3.83756277
6000,0.000140,7.929186e+01,3.30621589
6001,0.000116,7.928806e+01,6.17709812
6002,0.000110,7.927855e+01,4.93730591
6003,0.000097,7.927067e+01,4.05821999
6004,0.000103,7.926373e+01,3.45412668
6005,0.001527,7.926140e+01,6.66946290
6006,0.000080,7.925114e+01,5.29217475
6007,0.000079,7.924283e+01,4.30726512
6008,0.000082,7.923564e+01,3.62307662
6009,0.000079,7.923509e+01,7.21424744
6010,0.000082,7.922394e+01,5.68752937
6011,0.000082,7.921511e+01,4.58735457
6012,0.000084,7.920763e+01,3.81529497
6013,0.000082,7.920091e+01,3.29142158
6014,0.000084,7.919696e+01,6.12688896
6015,0.000092,7.918753e+01,4.90132376
6016,0.000091,7.917969e+01,4.03314990
6017,0.000113,7.917277e+01,3.43726226
6018,0.000091,7.917028e+01,6.61411774
6019,0.000140,7.916010e+01,5.25221722
6020,0.000112,7.915184e+01,4.27914493
6021,0.000124,7.914468e+01,3.60393132
6022,0.000133,7.914392e+01,7.15335372
6023,0.000113,7.913287e+01,5.64327612
6024,0.000140,7.912411e+01,4.55592392
6025,0.000131,7.911666e+01,3.79364844
6026,0.000139,7.910996e+01,3.27704917
6027,0.000139,7.910587e+01,6.07799618
6028,0.000134,7.909651e+01,4.86630739
6029,0.000161,7.908871e+01,4.00877132
6030,0.000142,7.908181e+01,3.42087432
6031,0.000117,7.907915e+01,6.56021348
6032,0.000114,7.906907e+01,5.21332235
6033,0.000177,7.906086e+01,4.25179245
6034,0.000122,7.905372e+01,3.58532236
6035,0.000103,7.905277e+01,7.09403600
6036,0.000103,7.904182e+01,5.60019038
6037,0.000108,7.903311e+01,4.52534344
6038,0.000137,7.902569e+01,3.77260340
6039,0.000108,7.901901e+01,3.26308435
6040,0.000144,7.901479e+01,6.03038448
6041,0.000114,7.900549e+01,4.83223034
6042,0.000116,7.899774e+01,3.98506491
6043,0.001660,7.899086e+01,3.40494959
6044,0.000082,7.898804e+01,6.50771325
6045,0.000079,7.897804e+01,5.17546303
6046,0.000079,7.896987e+01,4.22518845
6047,0.000105,7.896277e+01,3.56723712
6048,0.000087,7.896162e+01,7.03625536
6049,0.000085,7.895077e+01,5.55824397
6050,0.000085,7.894211e+01,4.49559356
6051,0.000087,7.893473e+01,3.75214753
6052,0.000084,7.892807e+01,3.24952100
6053,0.000085,7.892372e+01,5.98402391
6054,0.000087,7.891449e+01,4.79907208
6055,0.000089,7.890677e+01,3.96201803
6056,0.000087,7.889992e+01,3.38948215
6057,0.000121,7.889694e+01,6.45658477
6058,0.000109,7.888701e+01,5.13861723
6059,0.000103,7.887889e+01,4.19931941
6060,0.000094,7.887181e+01,3.54966936
6061,0.000096,7.887048e+01,6.97997668
6062,0.000148,7.885972e+01,5.51741285
6063,0.000128,7.885113e+01,4.46665941
6064,0.000137,7.884377e+01,3.73227369
6065,0.000160,7.883713e+01,3.23635864
6066,0.000134,7.883266e+01,5.93888813
6067,0.000120,7.882349e+01,4.76681602
6068,0.000141,7.881580e+01,3.93962222
6069,0.000119,7.880897e+01,3.37447053
6070,0.000111,7.880585e+01,6.40679895
6071,0.000131,7.879600e+01,5.10276618
6072,0.000117,7.878792e+01,4.17417511
6073,0.000137,7.878087e+01,3.53261610
6074,0.000130,7.877936e+01,6.92516767
6075,0.000116,7.876869e+01,5.47767562
6076,0.000108,7.876015e+01,4.43852848
6077,0.000107,7.875282e+01,3.71297687
6078,0.000110,7.874620e+01,3.22359854
6079,0.000106,7.874160e+01,5.89495247
6080,0.000103,7.873249e+01,4.73544680
6081,0.000149,7.872485e+01,3.91786991
6082,0.000118,7.871804e+01,3.35991362
6083,0.000130,7.871477e+01,6.35832747
6084,0.001814,7.870499e+01,5.06789129
6085,0.000081,7.869696e+01,4.14974496
6086,0.000077,7.868993e+01,3.51607336
6087,0.000080,7.868825e+01,6.87179597
6088,0.000079,7.867766e+01,5.43901012
6089,0.000081,7.866917e+01,4.41118689
6090,0.000110,7.866187e+01,3.69424992
6091,0.000105,7.865527e+01,3.21123909
6092,0.000086,7.865055e+01,5.85219117
6093,0.000083,7.864150e+01,4.70494715
6094,0.000105,7.863389e+01,3.89675059
6095,0.000114,7.862710e+01,3.34580643
6096,0.000089,7.862369e+01,6.31114075
6097,0.000087,7.861399e+01,5.03397173
6098,0.000125,7.860599e+01,4.12601498
6099,0.000102,7.859899e+01,3.50003266
6100,0.000095,7.859714e+01,6.81982808
6101,0.000101,7.858664e+01,5.40139189
6102,0.000120,7.857820e+01,4.38461710
6103,0.000113,7.857093e+01,3.67608075
6104,0.000126,7.856433e+01,3.19927247
6105,0.000110,7.855951e+01,5.81057587
6106,0.000099,7.855052e+01,4.67529583
6107,0.000097,7.854294e+01,3.87624850
6108,0.000111,7.853617e+01,3.33213744
6109,0.000126,7.853262e+01,6.26520646
6110,0.000108,7.852298e+01,5.00098259
6111,0.000131,7.851503e+01,4.10296582
6112,0.000110,7.850805e+01,3.48447884
6113,0.000115,7.850604e+01,6.76922763
6114,0.000114,7.849562e+01,5.36479237
6115,0.000108,7.848722e+01,4.35879629
6116,0.000106,7.847998e+01,3.65845076
6117,0.000122,7.847981e+01,7.32693965
6118,0.000134,7.846847e+01,5.77007911
6119,0.000110,7.845953e+01,4.64646272
6120,0.000139,7.845198e+01,3.85633517
6121,0.000115,7.844523e+01,3.31888163
6122,0.000114,7.844155e+01,6.22046123
6123,0.000116,7.843198e+01,4.96887219
6124,0.000109,7.842407e+01,4.08055569
6125,0.001814,7.841710e+01,3.46937817
6126,0.000102,7.841494e+01,6.71991383
6127,0.000088,7.840460e+01,5.32914834
6128,0.000081,7.839625e+01,4.33367465
6129,0.000081,7.838903e+01,3.64132028
6130,0.000081,7.838868e+01,7.27269696
6131,0.000084,7.837742e+01,5.73062031
6132,0.000082,7.836854e+01,4.61840020
6133,0.000085,7.836103e+01,3.83697978
6134,0.000081,7.835429e+01,3.30601600
6135,0.000090,7.835049e+01,6.17688325
6136,0.000085,7.834098e+01,4.93762492
6137,0.000083,7.833310e+01,4.05877054
6138,0.000111,7.832616e+01,3.45471596
6139,0.000100,7.832384e+01,6.67188647
6140,0.000096,7.831358e+01,5.29445652
6141,0.000095,7.830527e+01,4.30924504
6142,0.000099,7.829808e+01,3.62467836
6143,0.000095,7.829754e+01,7.21986310
6144,0.000095,7.828638e+01,5.69220660
6145,0.000109,7.827755e+01,4.59110063
6146,0.000097,7.827006e+01,3.81816689
6147,0.000096,7.826335e+01,3.29352150
6148,0.000103,7.825942e+01,6.13445015
6149,0.000096,7.824997e+01,4.90721716
6150,0.000098,7.824213e+01,4.03758663
6151,0.000095,7.823521e+01,3.44046908
6152,0.000103,7.823275e+01,6.62511211
6153,0.000105,7.822256e+01,5.26068728
6154,0.000102,7.821429e+01,4.28548073
6155,0.000105,7.820712e+01,3.60850064
6156,0.000098,7.820641e+01,7.16839975
6157,0.000097,7.819534e+01,5.65480578
6158,0.000102,7.818656e+01,4.56453618
6159,0.000107,7.817910e+01,3.79987199
6160,0.000101,7.817240e+01,3.28137629
6161,0.000108,7.816836e+01,6.09312807
6162,0.000141,7.815897e+01,4.87762051
6163,0.000140,7.815116e+01,4.01697966
6164,0.000153,7.814426e+01,3.42661647
6165,0.000114,7.814166e+01,6.57955552
6166,0.000111,7.813154e+01,5.22781181
6167,0.001755,7.812331e+01,4.26235776
6168,0.000093,7.811617e+01,3.59276696
6169,0.000090,7.811529e+01,7.11827019
6170,0.000087,7.810430e+01,5.61838854
6171,0.000090,7.809557e+01,4.53868319
6172,0.000090,7.808814e+01,3.78207583
6173,0.000115,7.808145e+01,3.26956491
6174,0.000096,7.807730e+01,6.05288711
6175,0.000114,7.806797e+01,4.84881150
6176,0.000105,7.806019e+01,3.99693124
6177,0.000097,7.805331e+01,3.41314403
6178,0.000097,7.805057e+01,6.53518589
6179,0.000097,7.804052e+01,5.19580659
6180,0.000138,7.803234e+01,4.23985837
6181,0.000106,7.802521e+01,3.57746444
6182,0.000110,7.802418e+01,7.06944239
6183,0.000114,7.801327e+01,5.58293099
6184,0.000096,7.800459e+01,4.51352423
6185,0.000099,7.799718e+01,3.76476646
6186,0.000107,7.799051e+01,3.25808009
6187,0.000097,7.798625e+01,6.01370251
6188,0.000102,7.797697e+01,4.82077263
6189,0.000097,7.796923e+01,3.97742993
6190,0.000095,7.796236e+01,3.40004556
6191,0.000098,7.795949e+01,6.49197719
6192,0.000104,7.794951e+01,5.16465358
6193,0.000095,7.794136e+01,4.21797122
6194,0.000095,7.793427e+01,3.56258746
6195,0.000101,7.793307e+01,7.02188859
6196,0.000104,7.792225e+01,5.54841408
6197,0.000096,7.791361e+01,4.48904759
6198,0.000103,7.790623e+01,3.74793838
6199,0.000097,7.789958e+01,3.24692175
6200,0.000099,7.789520e+01,5.97555389
6201,0.000106,7.788598e+01,4.79349135
6202,0.000097,7.787827e+01,3.95846989
6203,0.000095,7.787142e+01,3.38732099
6204,0.000103,7.786843e+01,6.44990721
6205,0.000104,7.785851e+01,5.13433898
6206,0.000099,7.785040e+01,4.19668961
6207,0.000103,7.784332e+01,3.54813547
6208,0.001736,7.784198e+01,6.97558430
6209,0.000097,7.783123e+01,5.51482232
6210,0.000108,7.782264e+01,4.46524522
6211,0.000092,7.781528e+01,3.73159002
6212,0.000088,7.780864e+01,3.23609385
6213,0.000110,7.780417e+01,5.93842349
6214,0.000091,7.779500e+01,4.76695781
6215,0.000097,7.778732e+01,3.94004798
6216,0.000095,7.778049e+01,3.37497295
6217,0.000097,7.777737e+01,6.40895557
6218,0.000101,7.776752e+01,5.10485066
6219,0.000107,7.775944e+01,4.17600838
6220,0.000097,7.775238e+01,3.53410924
6221,0.000148,7.775089e+01,6.93050615
6222,0.000135,7.774022e+01,5.48214091
6223,0.000131,7.773167e+01,4.44210956
6224,0.000128,7.772434e+01,3.71571983
6225,0.000109,7.771771e+01,3.22559987
6226,0.000114,7.771314e+01,5.90229366
6227,0.000122,7.770402e+01,4.74116172
6228,0.000116,7.769637e+01,3.92216001
6229,0.000116,7.768956e+01,3.36300234
6230,0.000112,7.768632e+01,6.36910147
6231,0.000098,7.767653e+01,5.07617538
6232,0.000097,7.766849e+01,4.15592045
6233,0.000102,7.766145e+01,3.52050674
6234,0.000094,7.765982e+01,6.88662999
6235,0.000095,7.764921e+01,5.45035350
6236,0.000105,7.764070e+01,4.41963042
6237,0.000100,7.763340e+01,3.70032267
6238,0.000094,7.762679e+01,3.21543873
6239,0.000102,7.762211e+01,5.86714470
6240,0.000093,7.761305e+01,4.71608965
6241,0.000097,7.760542e+01,3.90479758
6242,0.000102,7.759863e+01,3.35140469
6243,0.000095,7.759527e+01,6.33032178
6244,0.000098,7.758554e+01,5.04829642
6245,0.000103,7.757753e+01,4.13641408
6246,0.000107,7.757051e+01,3.50732012
6247,0.001559,7.756874e+01,6.84392919
6248,0.000094,7.755821e+01,5.41944006
6249,0.000092,7.754974e+01,4.39779281
6250,0.000093,7.754246e+01,3.68538733
6251,0.000091,7.753586e+01,3.20560206
6252,0.000095,7.753109e+01,5.83295340
6253,0.000098,7.752207e+01,4.69172348
6254,0.000093,7.751448e+01,3.88794627
6255,0.000106,7.750769e+01,3.34016836
6256,0.000108,7.750423e+01,6.29259018
6257,0.000099,7.749455e+01,5.02119270
6258,0.000115,7.748658e+01,4.11747189
6259,0.000096,7.747958e+01,3.49453465
6260,0.000097,7.747767e+01,6.80237442
6261,0.000142,7.746721e+01,5.38937673
6262,0.000111,7.745878e+01,4.37657660
6263,0.000107,7.745152e+01,3.67089628
6264,0.000114,7.745148e+01,7.36669591
6265,0.000108,7.744007e+01,5.79969743
6266,0.000115,7.743110e+01,4.66803628
6267,0.000111,7.742353e+01,3.87157923
6268,0.000109,7.741676e+01,3.32926864
6269,0.000113,7.741319e+01,6.25584923
6270,0.000164,7.740356e+01,4.99481643
6271,0.000140,7.739562e+01,4.09905441
6272,0.000135,7.738864e+01,3.48211762
6273,0.000120,7.738661e+01,6.76189151
6274,0.000119,7.737620e+01,5.36010483
6275,0.000110,7.736781e+01,4.35593500
6276,0.000109,7.736057e+01,3.65681162
6277,0.000116,7.736039e+01,7.32217925
6278,0.000118,7.734905e+01,5.76730215
6279,0.000111,7.734012e+01,4.64498458
6280,0.000150,7.733257e+01,3.85566841
6281,0.000116,7.732582e+01,3.31868422
6282,0.000139,7.732214e+01,6.22008370
6283,0.000112,7.731257e+01,4.96915693
6284,0.000095,7.730466e+01,4.08115119
6285,0.000101,7.729769e+01,3.47005692
6286,0.001460,7.729554e+01,6.72248785
6287,0.000082,7.728520e+01,5.33162697
6288,0.000079,7.727684e+01,4.33586537
6289,0.000078,7.726962e+01,3.64312593
6290,0.000079,7.726929e+01,7.27884777
6291,0.000082,7.725803e+01,5.73578125
6292,0.000082,7.724914e+01,4.62256601
6293,0.000083,7.724162e+01,3.84020271
6294,0.000087,7.723488e+01,3.30839966
6295,0.000084,7.723110e+01,6.18527876
6296,0.000086,7.722158e+01,4.94419666
6297,0.000093,7.721370e+01,4.06374361
6298,0.000088,7.720675e+01,3.45833381
6299,0.000089,7.720447e+01,6.68413825
6300,0.000132,7.719419e+01,5.30392023
6301,0.000112,7.718587e+01,4.31634675
6302,0.000113,7.717867e+01,3.62981985
6303,0.000105,7.717819e+01,7.23667198
6304,0.000119,7.716701e+01,5.70510979
6305,0.000152,7.715816e+01,4.60075900
6306,0.000110,7.715066e+01,3.82516318
6307,0.000128,7.714394e+01,3.29839819
6308,0.000116,7.714006e+01,6.15140858
6309,0.000104,7.713059e+01,4.91991415
6310,0.000105,7.712273e+01,4.04681352
6311,0.000118,7.711580e+01,3.44693285
6312,0.000113,7.711341e+01,6.64681626
6313,0.000105,7.710319e+01,5.27696339
6314,0.000106,7.709490e+01,4.29736184
6315,0.000142,7.708772e+01,3.61687936
6316,0.000106,7.708711e+01,7.19562479
6317,0.000132,7.707599e+01,5.67526662
6318,0.000121,7.706718e+01,4.57954706
6319,0.000109,7.705971e+01,3.81053710
6320,0.000113,7.705300e+01,3.28867039
6321,0.000128,7.704903e+01,6.11845172
6322,0.000113,7.703961e+01,4.89629331
6323,0.000110,7.703178e+01,4.03034921
6324,0.000122,7.702486e+01,3.43584616
6325,0.000114,7.702235e+01,6.61049982
6326,0.001655,7.701219e+01,5.25074039
6327,0.000083,7.700394e+01,4.27889966
6328,0.000079,7.699678e+01,3.60429778
6329,0.000078,7.699603e+01,7.15568307
6330,0.000079,7.698498e+01,5.64623540
6331,0.000078,7.697621e+01,4.55891947
6332,0.000082,7.696876e+01,3.79631863
6333,0.000082,7.696206e+01,3.27921466
6334,0.000083,7.695800e+01,6.08639130
6335,0.000081,7.694862e+01,4.87332345
6336,0.000090,7.694082e+01,4.01434535
6337,0.000082,7.693392e+01,3.42507305
6338,0.000083,7.693131e+01,6.57517113
6339,0.000082,7.692120e+01,5.22524019
6340,0.000113,7.691298e+01,4.26095490
6341,0.000100,7.690584e+01,3.59207488
6342,0.000094,7.690496e+01,7.11682774
6343,0.000094,7.689397e+01,5.61800430
6344,0.000099,7.688525e+01,4.53887057
6345,0.000101,7.687781e+01,3.78250750
6346,0.000101,7.687113e+01,3.27003542
6347,0.000100,7.686698e+01,6.05521411
6348,0.000112,7.685765e+01,4.85099792
6349,0.000104,7.684987e+01,3.99880099
6350,0.000103,7.684299e+01,3.41461758
6351,0.000108,7.684027e+01,6.54081513
6352,0.000103,7.683021e+01,5.20045469
6353,0.000170,7.682202e+01,4.24352548
6354,0.000154,7.681490e+01,3.58021381
6355,0.000146,7.681389e+01,7.07904151
6356,0.000132,7.680297e+01,5.59056332
6357,0.000116,7.679428e+01,4.51939665
6358,0.000113,7.678687e+01,3.76910542
6359,0.000110,7.678020e+01,3.26113905
6360,0.000124,7.677597e+01,6.02490810
6361,0.000112,7.676668e+01,4.82931114
6362,0.000122,7.675893e+01,3.98371611
6363,0.000157,7.675206e+01,3.40448447
6364,0.000129,7.674924e+01,6.50741746
6365,0.000133,7.673923e+01,5.17637614
6366,0.000155,7.673107e+01,4.22660925
6367,0.000136,7.672397e+01,3.56871717
6368,0.001814,7.672284e+01,7.04230745
6369,0.000092,7.671198e+01,5.56390233
6370,0.000088,7.670333e+01,4.50049317
6371,0.000087,7.669594e+01,3.75611258
6372,0.000089,7.668928e+01,3.25252964
6373,0.000088,7.668496e+01,5.99546032
6374,0.000092,7.667571e+01,4.80825584
6375,0.000082,7.666799e+01,3.96908812
6376,0.000081,7.666113e+01,3.39467495
6377,0.000085,7.665821e+01,6.47496220
6378,0.000083,7.664826e+01,5.15299435
6379,0.000084,7.664013e+01,4.21020069
6380,0.000083,7.663304e+01,3.55758321
6381,0.000083,7.663179e+01,7.00660653
6382,0.000125,7.662099e+01,5.53800813
6383,0.000097,7.661237e+01,4.48215157
6384,0.000095,7.660500e+01,3.74352409
6385,0.000107,7.659835e+01,3.24420513
6386,0.000095,7.659395e+01,5.96685474
6387,0.000101,7.658475e+01,4.78782057
6388,0.000100,7.657705e+01,3.95490909
6389,0.000095,7.657020e+01,3.38518382
6390,0.000097,7.656719e+01,6.44343050
6391,0.000103,7.655728e+01,5.13029509
6392,0.000100,7.654918e+01,4.19428894
6393,0.000097,7.654210e+01,3.54680360
6394,0.000103,7.654075e+01,6.97191715
6395,0.000104,7.653001e+01,5.51286380
6396,0.000141,7.652142e+01,4.46435827
6397,0.000139,7.651407e+01,3.73132873
6398,0.000121,7.650743e+01,3.23615595
6399,0.000143,7.650295e+01,5.93907175
6400,0.000143,7.649379e+01,4.76798908
6401,0.000133,7.648610e+01,3.94116508
6402,0.000122,7.647927e+01,3.37599862
6403,0.000118,7.647617e+01,6.41280018
6404,0.000124,7.646631e+01,5.10825965
6405,0.000131,7.645823e+01,4.17885762
6406,0.000129,7.645117e+01,3.53636336
6407,0.000120,7.644970e+01,6.93821471
6408,0.000117,7.643902e+01,5.48844842
6409,0.000106,7.643046e+01,4.44709473
6410,0.000121,7.642313e+01,3.71950935
6411,0.001867,7.641650e+01,3.22836578
6412,0.000094,7.641195e+01,5.91208855
6413,0.000090,7.640282e+01,4.74874110
6414,0.000091,7.639516e+01,3.92783723
6415,0.000087,7.638834e+01,3.36710129
6416,0.000081,7.638514e+01,6.38304679
6417,0.000084,7.637533e+01,5.08686633
6418,0.000083,7.636728e+01,4.16388653
6419,0.000080,7.636023e+01,3.52624314
6420,0.000083,7.635866e+01,6.90547324
6421,0.000083,7.634803e+01,5.46473914
6422,0.000083,7.633950e+01,4.43033980
6423,0.000085,7.633219e+01,3.70804575
6424,0.000089,7.632557e+01,3.22081487
6425,0.000128,7.632094e+01,5.88588122
6426,0.000095,7.631185e+01,4.73005476
6427,0.000095,7.630421e+01,3.91490481
6428,0.000099,7.629740e+01,3.35847170
6429,0.000098,7.629412e+01,6.35414546
6430,0.000102,7.628435e+01,5.06609277
6431,0.000101,7.627632e+01,4.14935480
6432,0.000095,7.626929e+01,3.51642286
6433,0.000098,7.626762e+01,6.87366701
6434,0.000109,7.625703e+01,5.44171324
6435,0.000100,7.624854e+01,4.41407268
6436,0.000098,7.624124e+01,3.69691824
6437,0.000093,7.623463e+01,3.21348435
6438,0.000100,7.622994e+01,5.86042688
6439,0.000097,7.622088e+01,4.71190957
6440,0.000097,7.621326e+01,3.90234886
6441,0.000102,7.620647e+01,3.35009199
6442,0.000096,7.620310e+01,6.32607319
6443,0.000099,7.619337e+01,5.04591890
6444,0.000113,7.618537e+01,4.13524431
6445,0.000118,7.617835e+01,3.50688587
6446,0.000138,7.617657e+01,6.84277281
6447,0.000113,7.616604e+01,5.41935107
6448,0.000153,7.615758e+01,4.39827620
6449,0.000134,7.615029e+01,3.68611155
6450,0.000134,7.614369e+01,3.20636050
6451,0.000124,7.613893e+01,5.83570616
6452,0.000110,7.612991e+01,4.69428922
6453,0.001870,7.612231e+01,3.89015545
6454,0.000093,7.611553e+01,3.34195021
6455,0.000092,7.611208e+01,6.29881068
6456,0.000090,7.610239e+01,5.02632913
6457,0.000090,7.609441e+01,4.12154241
6458,0.000091,7.608741e+01,3.49762199
6459,0.000118,7.608554e+01,6.81277123
6460,0.000096,7.607506e+01,5.39763757
6461,0.000116,7.606662e+01,4.38293880
6462,0.000100,7.605935e+01,3.67561707
6463,0.000094,7.605276e+01,3.19943736
6464,0.000108,7.604793e+01,5.81170430
6465,0.000100,7.603894e+01,4.67718304
6466,0.000121,7.603136e+01,3.87831736
6467,0.000098,7.602459e+01,3.33404223
6468,0.000093,7.602107e+01,6.27234320
6469,0.000100,7.601142e+01,5.00731336
6470,0.000096,7.600346e+01,4.10824297
6471,0.000093,7.599647e+01,3.48862859
6472,0.000101,7.599451e+01,6.78364723
6473,0.000242,7.598407e+01,5.37656287
6474,0.000108,7.597566e+01,4.36805505
6475,0.000096,7.596841e+01,3.66543332
6476,0.000106,7.596832e+01,7.35008253
6477,0.000098,7.595694e+01,5.78841509
6478,0.000097,7.594798e+01,4.66058161
6479,0.000103,7.594042e+01,3.86682713
6480,0.000094,7.593366e+01,3.32636483
6481,0.000099,7.593006e+01,6.24663259
6482,0.000129,7.592045e+01,4.98884411
6483,0.000102,7.591251e+01,4.09532861
6484,0.000093,7.590554e+01,3.47989732
6485,0.000102,7.590348e+01,6.75534783
6486,0.000098,7.589310e+01,5.35609032
6487,0.000096,7.588471e+01,4.35360196
6488,0.000101,7.587747e+01,3.65554859
6489,0.000095,7.587728e+01,7.31900001
6490,0.000099,7.586595e+01,5.76578764
6491,0.000114,7.585703e+01,4.64446598
6492,0.000115,7.584948e+01,3.85568334
6493,0.000102,7.584273e+01,3.31892591
6494,0.001816,7.583906e+01,6.22168509
6495,0.000089,7.582949e+01,4.97093390
6496,0.000088,7.582157e+01,4.08281475
6497,0.000084,7.581461e+01,3.47144487
6498,0.000088,7.581247e+01,6.72790077
6499,0.000091,7.580212e+01,5.33624467
6500,0.000096,7.579376e+01,4.33960168
6501,0.000095,7.578654e+01,3.64598314
6502,0.000095,7.578624e+01,7.28885917
6503,0.000100,7.577497e+01,5.74385615
6504,0.000097,7.576608e+01,4.62885711
6505,0.000103,7.575855e+01,3.84490102
6506,0.000095,7.575181e+01,3.31173871
6507,0.000116,7.574807e+01,6.19750642
6508,0.000150,7.573853e+01,4.95358737
6509,0.000141,7.573064e+01,4.07070697
6510,0.000115,7.572368e+01,3.46327870
6511,0.000111,7.572146e+01,6.70130042
6512,0.000107,7.571116e+01,5.31702335
6513,0.000122,7.570282e+01,4.32605487
6514,0.000116,7.569562e+01,3.63674070
6515,0.000107,7.569522e+01,7.25964876
6516,0.000102,7.568399e+01,5.72261390
6517,0.000103,7.567513e+01,4.61375221
6518,0.000098,7.566762e+01,3.83448080
6519,0.000096,7.566089e+01,3.30480663
6520,0.000103,7.565708e+01,6.17408671
6521,0.000096,7.564758e+01,4.93679884
6522,0.000097,7.563970e+01,4.05900297
6523,0.000100,7.563276e+01,3.45539925
6524,0.000097,7.563046e+01,6.67553414
6525,0.000097,7.562019e+01,5.29841795
6526,0.000102,7.561188e+01,4.31295641
6527,0.000097,7.560469e+01,3.62781873
6528,0.000098,7.560419e+01,7.23135355
6529,0.000098,7.559302e+01,5.70204988
6530,0.000105,7.558418e+01,4.59914346
6531,0.000097,7.557669e+01,3.82441724
6532,0.000109,7.556996e+01,3.29812601
6533,0.000103,7.556609e+01,6.15141240
6534,0.000098,7.555662e+01,4.92055786
6535,0.000099,7.554877e+01,4.04769456
6536,0.001655,7.554183e+01,3.44779987
6537,0.000097,7.553945e+01,6.65058593
6538,0.000089,7.552923e+01,5.28041556
6539,0.000085,7.552094e+01,4.30029553
6540,0.000087,7.551376e+01,3.61920785
6541,0.000116,7.551317e+01,7.20395517
6542,0.000090,7.550204e+01,5.68214888
6543,0.000113,7.549323e+01,4.58501775
6544,0.000097,7.548575e+01,3.81469849
6545,0.000092,7.547904e+01,3.29168570
6546,0.000091,7.547510e+01,6.12946627
6547,0.000101,7.546567e+01,4.90484928
6548,0.000098,7.545783e+01,4.03676776
6549,0.000095,7.545091e+01,3.44046718
6550,0.000136,7.544845e+01,6.62643676
6551,0.000107,7.543827e+01,5.26299932
6552,0.000147,7.543000e+01,4.28805653
6553,0.000112,7.542283e+01,3.61089284
6554,0.000134,7.542215e+01,7.17743300
6555,0.000132,7.541107e+01,5.66289264
6556,0.000110,7.540228e+01,4.57135800
6557,0.000115,7.539482e+01,3.80530794
6558,0.000118,7.538811e+01,3.28546909
6559,0.000110,7.538411e+01,6.10822877
6560,0.000112,7.537471e+01,4.88965495
6561,0.000116,7.536689e+01,4.02620496
6562,0.000112,7.535997e+01,3.43338356
6563,0.000110,7.535745e+01,6.60306597
6564,0.000114,7.534730e+01,5.24615025
6565,0.000112,7.533905e+01,4.27622113
6566,0.000139,7.533189e+01,3.60285553
6567,0.000113,7.533113e+01,7.15176541
6568,0.000103,7.532009e+01,5.64426153
6569,0.000095,7.531133e+01,4.55814561
6570,0.000095,7.530388e+01,3.79622727
6571,0.000102,7.529718e+01,3.27945787
6572,0.000096,7.529312e+01,6.08767996
6573,0.000103,7.528375e+01,4.87495626
6574,0.000109,7.527594e+01,4.01598808
6575,0.000095,7.526904e+01,3.42653113
6576,0.001463,7.526644e+01,6.58045342
6577,0.000081,7.525633e+01,5.22984995
6578,0.000082,7.524810e+01,4.26477181
6579,0.000087,7.524096e+01,3.59507884
6580,0.000089,7.524011e+01,7.12693210
6581,0.000083,7.522911e+01,5.62623751
6582,0.000100,7.522037e+01,4.54536379
6583,0.000099,7.521294e+01,3.78744048
6584,0.000095,7.520625e+01,3.27363652
6585,0.000093,7.520213e+01,6.06780203
6586,0.000097,7.519278e+01,4.86073719
6587,0.000095,7.518500e+01,4.00610230
6588,0.000096,7.517810e+01,3.41989590
6589,0.000129,7.517544e+01,6.55858149
6590,0.000149,7.516536e+01,5.21408313
6591,0.000117,7.515715e+01,4.25369495
6592,0.000128,7.515002e+01,3.58755040
6593,0.000131,7.514909e+01,7.10291549
6594,0.000115,7.513813e+01,5.60880592
6595,0.000145,7.512942e+01,4.53300011
6596,0.000114,7.512199e+01,3.77893683
6597,0.000113,7.511531e+01,3.26799583
6598,0.000111,7.511114e+01,6.04858096
6599,0.000107,7.510182e+01,4.84698643
6600,0.000118,7.509405e+01,3.99653850
6601,0.000107,7.508717e+01,3.41347067
6602,0.000106,7.508444e+01,6.53743661
6603,0.000108,7.507439e+01,5.19883946
6604,0.000141,7.506620e+01,4.24298290
6605,0.000110,7.505908e+01,3.58026491
6606,0.000149,7.505808e+01,7.07970225
6607,0.000117,7.504716e+01,5.59195720
6608,0.000113,7.503847e+01,4.52104811
6609,0.000116,7.503106e+01,3.77071264
6610,0.000111,7.502438e+01,3.26253461
6611,0.000109,7.502016e+01,6.03000745
6612,0.000106,7.501087e+01,4.83369832
6613,0.000125,7.500311e+01,3.98729424
6614,0.000137,7.499624e+01,3.40725592
6615,0.001663,7.499344e+01,6.51700940
6616,0.000081,7.498343e+01,5.18411369
6617,0.000080,7.497526e+01,4.23263405
6618,0.000081,7.496815e+01,3.57322407
6619,0.000084,7.496707e+01,7.05728256
6620,0.000081,7.495619e+01,5.57568606
6621,0.000081,7.494752e+01,4.50950660
6622,0.000084,7.494012e+01,3.76277041
6623,0.000082,7.493345e+01,3.25725863
6624,0.000083,7.492918e+01,6.01207603
6625,0.000083,7.491992e+01,4.82087176
6626,0.000083,7.491217e+01,3.97837240
6627,0.000084,7.490531e+01,3.40125808
6628,0.000088,7.490246e+01,6.49729384
6629,0.000134,7.489247e+01,5.16990441
6630,0.000140,7.488432e+01,4.22265120
6631,0.000113,7.487722e+01,3.56643446
6632,0.000106,7.487607e+01,7.03564952
6633,0.000110,7.486523e+01,5.55999045
6634,0.000116,7.485658e+01,4.49837787
6635,0.000109,7.484919e+01,3.75511637
6636,0.000111,7.484253e+01,3.25217761
6637,0.000108,7.483821e+01,5.99478346
6638,0.000136,7.482897e+01,4.80850802
6639,0.000131,7.482124e+01,3.96977830
6640,0.000107,7.481439e+01,3.39548608
6641,0.000109,7.481148e+01,6.47828517
6642,0.000111,7.480152e+01,5.15621149
6643,0.000106,7.479339e+01,4.21303835
6644,0.000131,7.478629e+01,3.55990376
6645,0.000124,7.478508e+01,7.01479657
6646,0.000109,7.477427e+01,5.54486851
6647,0.000111,7.476564e+01,4.48766422
6648,0.000111,7.475827e+01,3.74775651
6649,0.000111,7.475161e+01,3.24730063
6650,0.000105,7.474725e+01,5.97812608
6651,0.000106,7.473803e+01,4.79660754
6652,0.000114,7.473031e+01,3.96151598
6653,0.000148,7.472347e+01,3.38994702
6654,0.000132,7.472050e+01,6.45997778
6655,0.000136,7.471058e+01,5.14303334
6656,0.000119,7.470246e+01,4.20379738
6657,0.000110,7.469537e+01,3.55363676
6658,0.001821,7.469409e+01,6.99471608
6659,0.000083,7.468331e+01,5.53031653
6660,0.000079,7.467471e+01,4.47736523
6661,0.000079,7.466734e+01,3.74069312
6662,0.000079,7.466069e+01,3.24263215
6663,0.000081,7.465628e+01,5.96209784
6664,0.000083,7.464709e+01,4.78516743
6665,0.000082,7.463939e+01,3.95358511
6666,0.000080,7.463255e+01,3.38464251
6667,0.000082,7.462953e+01,6.44236329
6668,0.000085,7.461963e+01,5.13036460
6669,0.000084,7.461153e+01,4.19492528
6670,0.000089,7.460445e+01,3.54763222
6671,0.000084,7.460311e+01,6.97539730
6672,0.000119,7.459236e+01,5.51632672
6673,0.000100,7.458377e+01,4.46747532
6674,0.000095,7.457642e+01,3.73392219
6675,0.000094,7.456978e+01,3.23816921
6676,0.000101,7.456532e+01,5.94668880
6677,0.000106,7.455615e+01,4.77417978
6678,0.000106,7.454846e+01,3.94597912
6679,0.000148,7.454163e+01,3.37956684
6680,0.000106,7.453856e+01,6.42542974
6681,0.000102,7.452868e+01,5.11819525
6682,0.000117,7.452059e+01,4.18641319
6683,0.000118,7.451353e+01,3.54188190
6684,0.000108,7.451212e+01,6.95682649
6685,0.000120,7.450141e+01,5.50288721
6686,0.000112,7.449284e+01,4.45798362
6687,0.000110,7.448549e+01,3.72743330
6688,0.000144,7.447886e+01,3.23390142
6689,0.000143,7.447436e+01,5.93188534
6690,0.000139,7.446521e+01,4.76363196
6691,0.000146,7.445753e+01,3.93868569
6692,0.000172,7.445070e+01,3.37470757
6693,0.000160,7.444759e+01,6.40916202
6694,0.000165,7.443774e+01,5.10651118
6695,0.000164,7.442966e+01,4.17824731
6696,0.000118,7.442260e+01,3.53637178
6697,0.000113,7.442114e+01,6.93898722
6698,0.000164,7.441045e+01,5.48998271
6699,0.000112,7.440190e+01,4.44887520
6700,0.002170,7.439456e+01,3.72121125
6701,0.000083,7.438793e+01,3.22981304
6702,0.000087,7.438340e+01,5.91767139
6703,0.000079,7.437426e+01,4.75350832
6704,0.000081,7.436660e+01,3.93168897
6705,0.000081,7.435978e+01,3.37004830
6706,0.000083,7.435661e+01,6.39354346
6707,0.000082,7.434679e+01,5.09529638
6708,0.000082,7.433872e+01,4.17041149
6709,0.000081,7.433167e+01,3.53108523
6710,0.000083,7.433015e+01,6.92186244
6711,0.000082,7.431950e+01,5.47759709
6712,0.000085,7.431095e+01,4.44013400
6713,0.000086,7.430363e+01,3.71523966
6714,0.000120,7.429700e+01,3.22588721
6715,0.000095,7.429243e+01,5.90403079
6716,0.000098,7.428332e+01,4.74379312
6717,0.000100,7.427566e+01,3.92497312
6718,0.000093,7.426885e+01,3.36557285
6719,0.000100,7.426564e+01,6.37855804
6720,0.000107,7.425583e+01,5.08453560
6721,0.000110,7.424778e+01,4.16289071
6722,0.000144,7.424074e+01,3.52600716
6723,0.000130,7.423917e+01,6.90543626
6724,0.000140,7.422854e+01,5.46571571
6725,0.000115,7.422001e+01,4.43174601
6726,0.000145,7.421269e+01,3.70950473
6727,0.000111,7.420607e+01,3.22211025
6728,0.000107,7.420146e+01,5.89094961
6729,0.000133,7.419237e+01,4.73447347
6730,0.000100,7.418472e+01,3.91852584
6731,0.000106,7.417791e+01,3.36126937
6732,0.000114,7.417466e+01,6.36419248
6733,0.000098,7.416488e+01,5.07421708
6734,0.000099,7.415684e+01,4.15567425
6735,0.000101,7.414981e+01,3.52112762
6736,0.000107,7.414818e+01,6.88969601
6737,0.000099,7.413758e+01,5.45432787
6738,0.000107,7.412907e+01,4.42370200
6739,0.000109,7.412176e+01,3.70399845
6740,0.000104,7.411514e+01,3.21847524
6741,0.000103,7.411050e+01,5.87841802
6742,0.001607,7.410142e+01,4.72554149
6743,0.000087,7.409379e+01,3.91234091
6744,0.000081,7.408698e+01,3.35713314
6745,0.000081,7.408369e+01,6.35043762
6746,0.000087,7.407393e+01,5.06433408
6747,0.000086,7.406590e+01,4.14875748
6748,0.000083,7.405888e+01,3.51644391
6749,0.000088,7.405720e+01,6.87463292
6750,0.000088,7.404662e+01,5.44342771
6751,0.000088,7.403813e+01,4.41599866
6752,0.000094,7.403083e+01,3.69871985
6753,0.000093,7.402422e+01,3.21498333
6754,0.000092,7.401954e+01,5.86643076
6755,0.000096,7.401048e+01,4.71699491
6756,0.000143,7.400285e+01,3.90641877
6757,0.000110,7.399606e+01,3.35316706
6758,0.000105,7.399272e+01,6.33728850
6759,0.000103,7.398298e+01,5.05488500
6760,0.000109,7.397497e+01,4.14214183
6761,0.000108,7.396795e+01,3.51196028
6762,0.000104,7.396623e+01,6.86024201
6763,0.000108,7.395567e+01,5.43301392
6764,0.000103,7.394719e+01,4.40863805
6765,0.000106,7.393990e+01,3.69367408
6766,0.000109,7.393329e+01,3.21164250
6767,0.000112,7.392859e+01,5.85498643
6768,0.000107,7.391954e+01,4.70883591
6769,0.000102,7.391193e+01,3.90076498
6770,0.000108,7.390513e+01,3.34937978
6771,0.000112,7.390176e+01,6.32474324
6772,0.000173,7.389204e+01,5.04587175
6773,0.000171,7.388404e+01,4.13583281
6774,0.000120,7.387702e+01,3.50768550
6775,0.000104,7.387526e+01,6.84652060
6776,0.000111,7.386473e+01,5.42308775
6777,0.000101,7.385626e+01,4.40162512
6778,0.000098,7.384898e+01,3.68886952
6779,0.000106,7.384237e+01,3.20846408
6780,0.000107,7.383764e+01,5.84408533
6781,0.000103,7.382861e+01,4.70106857
6782,0.001603,7.382100e+01,3.89538706
6783,0.000088,7.381422e+01,3.34578186
6784,0.000082,7.381081e+01,6.31280091
6785,0.000082,7.380111e+01,5.03729719
6786,0.000085,7.379312e+01,4.12983670
6787,0.000083,7.378611e+01,3.50362891
6788,0.000086,7.378430e+01,6.83346631
6789,0.000087,7.377379e+01,5.41365058
6790,0.000089,7.376533e+01,4.39496460
6791,0.000085,7.375806e+01,3.68431387
6792,0.000086,7.375146e+01,3.20545830
6793,0.000089,7.374669e+01,5.83372710
6794,0.000088,7.373768e+01,4.69369577
6795,0.000120,7.373008e+01,3.89029079
6796,0.000107,7.372330e+01,3.34238149
6797,0.000100,7.371986e+01,6.30145931
6798,0.000098,7.371018e+01,5.02916220
6799,0.000111,7.370219e+01,4.12415710
6800,0.000098,7.369519e+01,3.49979638
6801,0.000099,7.369335e+01,6.82107500
6802,0.000111,7.368286e+01,5.40470121
6803,0.000104,7.367441e+01,4.38865782
6804,0.000106,7.366714e+01,3.68001053
6805,0.000111,7.366055e+01,3.20263013
6806,0.000107,7.365575e+01,5.82390848
6807,0.000108,7.364675e+01,4.68671656
6808,0.000143,7.363916e+01,3.88547702
6809,0.000171,7.363239e+01,3.33918090
6810,0.000142,7.362892e+01,6.29071313
6811,0.000116,7.361925e+01,5.02146359
6812,0.000145,7.361127e+01,4.11879240
6813,0.000113,7.360427e+01,3.49618742
6814,0.000132,7.360239e+01,6.80933942
6815,0.000118,7.359192e+01,5.39623434
6816,0.000102,7.358349e+01,4.38270081
6817,0.000104,7.357622e+01,3.67595640
6818,0.000109,7.356963e+01,3.19997695
6819,0.000104,7.356481e+01,5.81462217
6820,0.000106,7.355582e+01,4.68012479
6821,0.000120,7.354824e+01,3.88094025
6822,0.000110,7.354147e+01,3.33617483
6823,0.000103,7.353797e+01,6.28055328
6824,0.001589,7.352831e+01,5.01419326
6825,0.000083,7.352035e+01,4.11373493
6826,0.000082,7.351336e+01,3.49279437
6827,0.000084,7.351144e+01,6.79824886
6828,0.000084,7.350098e+01,5.38824016
6829,0.000083,7.349256e+01,4.37708406
6830,0.000090,7.348530e+01,3.67214181
6831,0.000088,7.348529e+01,7.37231836
6832,0.000086,7.347387e+01,5.80586028
6833,0.000086,7.346489e+01,4.67390512
6834,0.000088,7.345732e+01,3.87666261
6835,0.000087,7.345055e+01,3.33334522
6836,0.000088,7.344702e+01,6.27094060
6837,0.000089,7.343738e+01,5.00731750
6838,0.000128,7.342942e+01,4.10895586
6839,0.000100,7.342243e+01,3.48959235
6840,0.000101,7.342048e+01,6.78774997
6841,0.000107,7.341004e+01,5.38067587
6842,0.000106,7.340163e+01,4.37177273
6843,0.000106,7.339438e+01,3.66853769
6844,0.000099,7.339432e+01,7.36088352
6845,0.000106,7.338293e+01,5.79756749
6846,0.000101,7.337396e+01,4.66802724
6847,0.000102,7.336639e+01,3.87262517
6848,0.000109,7.335962e+01,3.33067706
6849,0.000103,7.335607e+01,6.26187532
6850,0.000105,7.334644e+01,5.00083704
6851,0.000107,7.333849e+01,4.10445327
6852,0.000102,7.333151e+01,3.48657560
6853,0.000102,7.332952e+01,6.77786503
6854,0.000113,7.331910e+01,5.37355548
6855,0.000106,7.331070e+01,4.36677303
6856,0.000107,7.330345e+01,3.66514344
6857,0.000114,7.330336e+01,7.35012897
6858,0.000105,7.329198e+01,5.78976855
6859,0.000107,7.328302e+01,4.66249831
6860,0.000110,7.327546e+01,3.86882468
6861,0.000111,7.326870e+01,3.32816113
6862,0.000112,7.326512e+01,6.25335767
6863,0.001661,7.325550e+01,4.99474635
6864,0.000095,7.324756e+01,4.10021802
6865,0.000084,7.324058e+01,3.48373270
6866,0.000085,7.323857e+01,6.76858632
6867,0.000091,7.322816e+01,5.36686977
6868,0.000115,7.321976e+01,4.36207467
6869,0.000091,7.321252e+01,3.66194794
6870,0.000115,7.321239e+01,7.34004467
6871,0.000095,7.320103e+01,5.78245364
6872,0.000093,7.319209e+01,4.65730853
6873,0.000093,7.318453e+01,3.86525132
6874,0.000100,7.317777e+01,3.32578759
6875,0.000097,7.317417e+01,6.24537812
6876,0.000094,7.316456e+01,4.98903662
6877,0.000131,7.315663e+01,4.09624183
6878,0.000128,7.314965e+01,3.48105580
6879,0.000115,7.314761e+01,6.75990482
6880,0.000134,7.313722e+01,5.36061101
6881,0.000114,7.312883e+01,4.35767093
6882,0.000113,7.312159e+01,3.65894537
6883,0.000112,7.312143e+01,7.33062212
6884,0.000111,7.311009e+01,5.77561605
6885,0.000117,7.310115e+01,4.65245269
6886,0.000107,7.309360e+01,3.86190118
6887,0.000115,7.308684e+01,3.32355375
6888,0.000141,7.308322e+01,6.23793087
6889,0.000114,7.307363e+01,4.98370401
6890,0.000118,7.306570e+01,4.09252254
6891,0.000120,7.305872e+01,3.47854435
6892,0.000111,7.305666e+01,6.75181551
6893,0.000137,7.304628e+01,5.35477647
6894,0.000119,7.303790e+01,4.35356116
6895,0.000114,7.303066e+01,3.65613704
6896,0.000117,7.303047e+01,7.32185679
6897,0.000107,7.301915e+01,5.76925386
6898,0.000114,7.301022e+01,4.64793130
6899,0.000123,7.300267e+01,3.85877705
6900,0.000103,7.299592e+01,3.32146456
6901,0.000104,7.299227e+01,6.23101442
6902,0.000105,7.298269e+01,4.97874971
6903,0.000099,7.297477e+01,4.08906397
6904,0.001543,7.296780e+01,3.47620464
6905,0.000081,7.296571e+01,6.74431688
6906,0.000080,7.295535e+01,5.34936767
6907,0.000078,7.294697e+01,4.34974978
6908,0.000077,7.293974e+01,3.65353009
6909,0.000081,7.293952e+01,7.31374688
6910,0.000102,7.292821e+01,5.76336851
6911,0.000099,7.291929e+01,4.64374891
6912,0.000087,7.291175e+01,3.85588647
6913,0.000109,7.290500e+01,3.31953025
6914,0.000099,7.290134e+01,6.22462994
6915,0.000103,7.289177e+01,4.97417814
6916,0.000115,7.288385e+01,4.08587364
6917,0.000125,7.287688e+01,3.47404702
6918,0.000163,7.287477e+01,6.73740959
6919,0.000111,7.286442e+01,5.34438851
6920,0.000108,7.285605e+01,4.34624384
6921,0.000101,7.284882e+01,3.65113451
6922,0.000107,7.284858e+01,7.30629224
6923,0.000110,7.283728e+01,5.75796316
6924,0.000115,7.282837e+01,4.63991176
6925,0.000108,7.282083e+01,3.85323859
6926,0.000144,7.281409e+01,3.31776258
6927,0.000123,7.281041e+01,6.21877937
6928,0.000108,7.280084e+01,4.96999430
6929,0.000107,7.279293e+01,4.08295941
6930,0.000112,7.278597e+01,3.47208194
6931,0.000114,7.278384e+01,6.73109415
6932,0.000108,7.277349e+01,5.33984252
6933,0.000116,7.276513e+01,4.34304962
6934,0.000106,7.275791e+01,3.64895906
6935,0.000110,7.275765e+01,7.29949184
6936,0.000117,7.274636e+01,5.75303960
6937,0.000111,7.273745e+01,4.63642430
6938,0.000112,7.272992e+01,3.85084020
6939,0.000117,7.272317e+01,3.31617026
6940,0.000119,7.271948e+01,6.21346287
6941,0.000109,7.270992e+01,4.96620078
6942,0.000116,7.270202e+01,4.08032600
6943,0.001538,7.269506e+01,3.47031585
6944,0.000081,7.269291e+01,6.72536906
6945,0.000084,7.268257e+01,5.33573038
6946,0.000079,7.267422e+01,4.34016966
6947,0.000078,7.266700e+01,3.64700779
6948,0.000080,7.266671e+01,7.29334253
6949,0.000082,7.265543e+01,5.74859668
6950,0.000082,7.264654e+01,4.63328695
6951,0.000082,7.263901e+01,3.84869294
6952,0.000080,7.263226e+01,3.31475578
6953,0.000082,7.262855e+01,6.20867738
6954,0.000082,7.261901e+01,4.96279584
6955,0.000085,7.261110e+01,4.07797262
6956,0.000090,7.260414e+01,3.46874856
6957,0.000125,7.260198e+01,6.72022944
6958,0.000100,7.259165e+01,5.33204834
6959,0.000095,7.258330e+01,4.33760093
6960,0.000096,7.257608e+01,3.64527799
6961,0.000109,7.257578e+01,7.28783776
6962,0.000111,7.256451e+01,5.74462881
6963,0.000101,7.255562e+01,4.63049463
6964,0.000116,7.254809e+01,3.84679179
6965,0.000113,7.254135e+01,3.31351392
6966,0.000118,7.253763e+01,6.20441581
6967,0.000111,7.252809e+01,4.95977273
6968,0.000117,7.252019e+01,4.07589236
6969,0.000105,7.251323e+01,3.46737268
6970,0.000108,7.251105e+01,6.71566698
6971,0.000112,7.250073e+01,5.32878827
6972,0.000107,7.249238e+01,4.33533494
6973,0.000101,7.248517e+01,3.64376047
6974,0.000113,7.248485e+01,7.28296822
6975,0.000118,7.247359e+01,5.74112680
6976,0.000106,7.246470e+01,4.62803765
6977,0.000112,7.245717e+01,3.84512623
6978,0.000104,7.245043e+01,3.31243305
6979,0.000107,7.244670e+01,6.20066809
6980,0.000115,7.243716e+01,4.95712085
6981,0.000114,7.242927e+01,4.07407368
6982,0.000107,7.242231e+01,3.46617549
6983,0.000110,7.242012e+01,6.71167095
6984,0.001716,7.240980e+01,5.32593899
6985,0.000081,7.240146e+01,4.33335959
6986,0.000077,7.239425e+01,3.64244190
6987,0.000079,7.239391e+01,7.27872275
6988,0.000079,7.238266e+01,5.73807917
6989,0.000084,7.237377e+01,4.62590370
6990,0.000084,7.236625e+01,3.84368274
6991,0.000080,7.235951e+01,3.31149836
6992,0.000081,7.235577e+01,6.19742280
6993,0.000083,7.234624e+01,4.95482809
6994,0.000082,7.233834e+01,4.07250335
6995,0.000081,7.233139e+01,3.46514249
6996,0.000083,7.232918e+01,6.70823020
6997,0.000085,7.231888e+01,5.32348886
6998,0.000115,7.231053e+01,4.33166228
6999,0.000095,7.230332e+01,3.64130854
7000,0.000104,7.230297e+01,7.27509063
7001,0.000100,7.229173e+01,5.73547496
7002,0.000096,7.228285e+01,4.62408111
7003,0.000098,7.227533e+01,3.84244870
7004,0.000099,7.226859e+01,3.31069628
7005,0.000094,7.226483e+01,6.19466969
7006,0.000095,7.225531e+01,4.95288380
7007,0.000096,7.224742e+01,4.07117010
7008,0.000101,7.224046e+01,3.46426168
7009,0.000098,7.223825e+01,6.70533527
7010,0.000104,7.222795e+01,5.32142838
7011,0.000102,7.221961e+01,4.33023321
7012,0.000094,7.221240e+01,3.64035017
7013,0.000101,7.221204e+01,7.27206314
7014,0.000115,7.220080e+01,5.73330582
7015,0.000102,7.219192e+01,4.62256162
7016,0.000103,7.218440e+01,3.84141577
7017,0.000106,7.217766e+01,3.31001839
7018,0.000109,7.217390e+01,6.19240161
7019,0.000137,7.216438e+01,4.95128131
7020,0.000130,7.215649e+01,4.07006752
7021,0.000120,7.214954e+01,3.46352692
7022,0.000129,7.214732e+01,6.70298006
7023,0.000133,7.213702e+01,5.31975233
7024,0.000116,7.212868e+01,4.32906785
7025,0.000131,7.212147e+01,3.63956287
7026,0.002024,7.212110e+01,7.26963514
7027,0.000092,7.210987e+01,5.73156787
7028,0.000093,7.210099e+01,4.62134240
7029,0.000090,7.209348e+01,3.84058211
7030,0.000085,7.208674e+01,3.30946384
7031,0.000090,7.208298e+01,6.19061570
7032,0.000093,7.207345e+01,4.95001920
7033,0.000092,7.206557e+01,4.06919559
7034,0.000092,7.205861e+01,3.46293953
7035,0.000092,7.205639e+01,6.70116253
7036,0.000093,7.204609e+01,5.31846045
7037,0.000098,7.203776e+01,4.32816768
7038,0.000095,7.203055e+01,3.63894982
7039,0.000098,7.203018e+01,7.26780509
7040,0.000124,7.201894e+01,5.73026165
7041,0.000095,7.201007e+01,4.62042607
7042,0.000094,7.200256e+01,3.83995240
7043,0.000097,7.199582e+01,3.30903921
7044,0.000103,7.199205e+01,6.18931307
7045,0.000102,7.198253e+01,4.94910092
7046,0.000101,7.197465e+01,4.06856005
7047,0.000093,7.196770e+01,3.46250744
7048,0.000097,7.196547e+01,6.69988403
7049,0.000102,7.195517e+01,5.31755663
7050,0.000104,7.194684e+01,4.32753908
7051,0.000095,7.193963e+01,3.63851983
7052,0.000096,7.193926e+01,7.26657433
7053,0.000103,7.192803e+01,5.72939114
7054,0.000096,7.191915e+01,4.61981924
7055,0.000095,7.191164e+01,3.83953581
7056,0.000101,7.190490e+01,3.30875608
7057,0.000096,7.190113e+01,6.18849745
7058,0.000096,7.189162e+01,4.94853288
7059,0.000110,7.188373e+01,4.06816999
7060,0.000097,7.187678e+01,3.46224226
7061,0.000100,7.187455e+01,6.69914774
7062,0.000126,7.186426e+01,5.31704674
7063,0.000116,7.185593e+01,4.32719063
7064,0.000114,7.184872e+01,3.63828404
7065,0.000139,7.184834e+01,7.26594523
7066,0.000125,7.183711e+01,5.72896140
7067,0.000133,7.182824e+01,4.61952961
7068,0.000126,7.182073e+01,3.83934257
7069,0.000130,7.181399e+01,3.30862689
7070,0.001828,7.181022e+01,6.18817282
7071,0.000093,7.180071e+01,4.94832162
7072,0.000088,7.179282e+01,4.06803437
7073,0.000086,7.178587e+01,3.46215510
7074,0.000088,7.178364e+01,6.69895645
7075,0.000091,7.177335e+01,5.31693594
7076,0.000091,7.176502e+01,4.32712974
7077,0.000091,7.175781e+01,3.63825187
7078,0.000094,7.175743e+01,7.26591928
7079,0.000094,7.174620e+01,5.72897607
7080,0.000107,7.173733e+01,4.61956287
7081,0.000099,7.172982e+01,3.83938019
7082,0.000098,7.172308e+01,3.30866068
7083,0.000098,7.171931e+01,6.18834126
7084,0.000126,7.170980e+01,4.94847098
7085,0.000097,7.170191e+01,4.06815861
7086,0.000098,7.169496e+01,3.46225269
7087,0.000095,7.169273e+01,6.69931060
7088,0.000093,7.168244e+01,5.31722621
7089,0.000104,7.167411e+01,4.32735970
7090,0.000100,7.166690e+01,3.63842765
7091,0.000095,7.166653e+01,7.26649535
7092,0.000103,7.165530e+01,5.72943531
7093,0.000096,7.164643e+01,4.61992019
7094,0.000097,7.163891e+01,3.83965060
7095,0.000102,7.163217e+01,3.30885981
7096,0.000095,7.162841e+01,6.18900123
7097,0.000097,7.161889e+01,4.94898019
7098,0.000100,7.161100e+01,4.06854238
7099,0.000095,7.160405e+01,3.46253485
7100,0.000102,7.160183e+01,6.70020716
7101,0.000096,7.159153e+01,5.31791501
7102,0.000103,7.158320e+01,4.32787811
7103,0.000095,7.157599e+01,3.63880885
7104,0.000096,7.157562e+01,7.26766908
7105,0.000104,7.156439e+01,5.73033504
7106,0.000097,7.155552e+01,4.62059739
7107,0.000098,7.154800e+01,3.84014920
7108,0.000110,7.154126e+01,3.30921902
7109,0.000097,7.153750e+01,6.19014733
7110,0.000104,7.152798e+01,4.94984352
7111,0.000105,7.152009e+01,4.06917931
7112,0.000108,7.151314e+01,3.46299430
7113,0.001752,7.151092e+01,6.70163962
7114,0.000092,7.150062e+01,5.31899538
7115,0.000088,7.149229e+01,4.32867719
7116,0.000083,7.148508e+01,3.63938657
7117,0.000086,7.148471e+01,7.26943313
7118,0.000090,7.147348e+01,5.73166738
7119,0.000092,7.146460e+01,4.62158565
7120,0.000094,7.145709e+01,3.84086589
7121,0.000092,7.145035e+01,3.30972683
7122,0.000097,7.144659e+01,6.19177111
7123,0.000094,7.143707e+01,4.95105154
7124,0.000104,7.142918e+01,4.07005859
7125,0.000096,7.142223e+01,3.46361871
7126,0.000100,7.142001e+01,6.70359928
7127,0.000143,7.140971e+01,5.32045763
7128,0.000113,7.140137e+01,4.32974587
7129,0.000113,7.139416e+01,3.64014815
7130,0.000111,7.139380e+01,7.27177875
7131,0.000109,7.138256e+01,5.73342271
7132,0.000128,7.137369e+01,4.62287400
7133,0.000111,7.136617e+01,3.84178814
7134,0.000111,7.135943e+01,3.31036910
7135,0.000118,7.135568e+01,6.19386320
7136,0.000097,7.134615e+01,4.95259367
7137,0.000099,7.133826e+01,4.07116819
7138,0.000103,7.133131e+01,3.46439452
7139,0.000093,7.132910e+01,6.70607718
7140,0.000096,7.131879e+01,5.32229183
7141,0.000094,7.131045e+01,4.33107292
7142,0.000158,7.130324e+01,3.64108097
7143,0.000144,7.130289e+01,7.27469753
7144,0.000102,7.129165e+01,5.73559190
7145,0.000102,7.128277e+01,4.62445231
7146,0.000095,7.127525e+01,3.84290463
7147,0.000096,7.126851e+01,3.31113338
7148,0.000100,7.126476e+01,6.19641547
7149,0.000097,7.125523e+01,4.95446107
7150,0.000096,7.124734e+01,4.07249835
7151,0.000115,7.124039e+01,3.46531104
7152,0.000095,7.123819e+01,6.70906628
7153,0.000096,7.122788e+01,5.32449053
7154,0.000103,7.121953e+01,4.33265030
7155,0.001603,7.121232e+01,3.64217635
7156,0.000090,7.121198e+01,7.27818355
7157,0.000088,7.120073e+01,5.73816894
7158,0.000088,7.119185e+01,4.62631428
7159,0.000089,7.118433e+01,3.84420875
7160,0.000087,7.117759e+01,3.31201281
7161,0.000093,7.117385e+01,6.19942320
7162,0.000090,7.116432e+01,4.95664911
7163,0.000090,7.115642e+01,4.07404450
7164,0.000090,7.114946e+01,3.46636378
7165,0.000093,7.114728e+01,6.71256301
7166,0.000099,7.113696e+01,5.32705063
7167,0.000095,7.112861e+01,4.33447536
7168,0.000093,7.112140e+01,3.64343208
7169,0.000135,7.112108e+01,7.28223418
7170,0.000113,7.110982e+01,5.74115206
7171,0.000105,7.110093e+01,4.62845899
7172,0.000113,7.109341e+01,3.84570039
7173,0.000107,7.108667e+01,3.31300812
7174,0.000118,7.108294e+01,6.20288584
7175,0.000121,7.107340e+01,4.95915840
7176,0.000115,7.106550e+01,4.07580840
7177,0.000110,7.105854e+01,3.46755569
7178,0.000114,7.105637e+01,6.71656780
7179,0.000119,7.104605e+01,5.32997402
7180,0.000110,7.103770e+01,4.33655144
7181,0.000110,7.103048e+01,3.64485300
7182,0.000115,7.103017e+01,7.28685065
7183,0.000113,7.101891e+01,5.74454411
7184,0.000116,7.101002e+01,4.63089099
7185,0.000116,7.100249e+01,3.84738590
7186,0.000110,7.099575e+01,3.31412738
7187,0.000111,7.099203e+01,6.20680680
7188,0.000107,7.098249e+01,4.96199428
7189,0.000096,7.097459e+01,4.07779743
7190,0.000096,7.096763e+01,3.46889611
7191,0.000105,7.096547e+01,6.72108430
7192,0.000098,7.095514e+01,5.33326640
7193,0.000108,7.094679e+01,4.33888646
7194,0.000105,7.093957e+01,3.64644921
7195,0.001436,7.093928e+01,7.29203650
7196,0.000080,7.092801e+01,5.74835085
7197,0.000079,7.091911e+01,4.63361836
7198,0.000079,7.091158e+01,3.84927566
7199,0.000077,7.090484e+01,3.31538310
7200,0.000078,7.090114e+01,6.21119166
7201,0.000087,7.089159e+01,4.96516467
7202,0.000084,7.088368e+01,4.08002182
7203,0.000088,7.087672e+01,3.47039753
7204,0.000088,7.087458e+01,6.72611770
7205,0.000088,7.086424e+01,5.33693525
7206,0.000099,7.085588e+01,4.34149017
7207,0.000095,7.084866e+01,3.64823268
7208,0.000096,7.084839e+01,7.29779635
7209,0.000132,7.083711e+01,5.75257900
7210,0.000112,7.082821e+01,4.63665000
7211,0.000113,7.082068e+01,3.85138070
7212,0.000110,7.081393e+01,3.31678825
7213,0.000106,7.081024e+01,6.21604612
7214,0.000113,7.080069e+01,4.96867726
7215,0.000111,7.079278e+01,4.08249132
7216,0.000104,7.078581e+01,3.47207147
7217,0.000103,7.078369e+01,6.73167248
7218,0.000116,7.077334e+01,5.34098685
7219,0.000106,7.076498e+01,4.34437071
7220,0.000114,7.075776e+01,3.65021320
7221,0.000118,7.075751e+01,7.30413339
7222,0.000107,7.074622e+01,5.75723336
7223,0.000110,7.073731e+01,4.63999229
7224,0.000116,7.072977e+01,3.85370884
7225,0.000104,7.072302e+01,3.31835182
7226,0.000117,7.071935e+01,6.22137351
7227,0.000117,7.070979e+01,4.97253671
7228,0.000113,7.070187e+01,4.08521170
7229,0.000120,7.069491e+01,3.47392465
7230,0.000113,7.069280e+01,6.73775059
7231,0.000115,7.068245e+01,5.34542416
7232,0.000113,7.067408e+01,4.34753184
7233,0.000117,7.066685e+01,3.65239516
7234,0.001595,7.066663e+01,7.31104827
7235,0.000078,7.065532e+01,5.76231527
7236,0.000079,7.064641e+01,4.64364706
7237,0.000078,7.063887e+01,3.85626221
7238,0.000078,7.063212e+01,3.32007598
7239,0.000079,7.062846e+01,6.22717362
7240,0.000082,7.061889e+01,4.97674298
7241,0.000082,7.061097e+01,4.08818292
7242,0.000080,7.060400e+01,3.47595678
7243,0.000082,7.060191e+01,6.74435041
7244,0.000083,7.059155e+01,5.35024547
7245,0.000088,7.058318e+01,4.35097156
7246,0.000083,7.057595e+01,3.65477601
7247,0.000083,7.057575e+01,7.31853815
7248,0.000083,7.056443e+01,5.76782158
7249,0.000116,7.055551e+01,4.64761062
7250,0.000099,7.054796e+01,3.85903631
7251,0.000098,7.054121e+01,3.32195524
7252,0.000095,7.053757e+01,6.23344224
7253,0.000098,7.052799e+01,4.98129109
7254,0.000100,7.052006e+01,4.09139893
7255,0.000101,7.051309e+01,3.47816055
7256,0.000143,7.051103e+01,6.75146696
7257,0.000144,7.050065e+01,5.35544485
7258,0.000103,7.049227e+01,4.35468265
7259,0.000118,7.048504e+01,3.65734709
7260,0.000116,7.048487e+01,7.32659756
7261,0.000105,7.047353e+01,5.77374577
7262,0.000108,7.046460e+01,4.65187501
7263,0.000112,7.045705e+01,3.86202155
7264,0.000110,7.045030e+01,3.32397833
7265,0.000107,7.044668e+01,6.24017247
7266,0.000112,7.043709e+01,4.98617266
7267,0.000106,7.042916e+01,4.09484963
7268,0.000106,7.042218e+01,3.48052407
7269,0.000109,7.042014e+01,6.75909321
7270,0.000115,7.040975e+01,5.36101384
7271,0.000108,7.040136e+01,4.35865496
7272,0.000112,7.039412e+01,3.66009635
7273,0.000121,7.039398e+01,7.33521959
7274,0.000110,7.038263e+01,5.78007957
7275,0.000108,7.037369e+01,4.65643036
7276,0.001741,7.036614e+01,3.86520621
7277,0.000083,7.035938e+01,3.32613172
7278,0.000080,7.035578e+01,6.24735656
7279,0.000079,7.034618e+01,4.99137845
7280,0.000080,7.033824e+01,4.09852407
7281,0.000079,7.033126e+01,3.48303463
7282,0.000082,7.032925e+01,6.76722217
7283,0.000083,7.031885e+01,5.36694411
7284,0.000083,7.031045e+01,4.36287857
7285,0.000080,7.030321e+01,3.66301230
7286,0.000082,7.030310e+01,7.34439810
7287,0.000082,7.029173e+01,5.78681577
7288,0.000092,7.028278e+01,4.66126808
7289,0.000085,7.027522e+01,3.86858032
7290,0.000124,7.026846e+01,3.32840412
7291,0.000096,7.026489e+01,6.25498844
7292,0.000093,7.025527e+01,4.99690131
7293,0.000096,7.024733e+01,4.10241396
7294,0.000098,7.024035e+01,3.48568287
7295,0.000102,7.023836e+01,6.77584892
7296,0.000095,7.022794e+01,5.37323001
7297,0.000102,7.021954e+01,4.36734705
7298,0.000101,7.021229e+01,3.66608768
7299,0.000097,7.021221e+01,7.35412936
7300,0.000105,7.020083e+01,5.79395018
7301,0.000099,7.019187e+01,4.66638355
7302,0.000096,7.018431e+01,3.87213880
7303,0.000098,7.017754e+01,3.33079011
7304,0.000098,7.017399e+01,6.26306539
7305,0.000098,7.016436e+01,5.00273844
7306,0.000103,7.015641e+01,4.10651638
7307,0.000097,7.014943e+01,3.48846582
7308,0.000106,7.014747e+01,6.78497211
7309,0.000111,7.013704e+01,5.37987040
7310,0.000103,7.012863e+01,4.37205947
7311,0.000108,7.012137e+01,3.66932190
7312,0.000111,7.012133e+01,7.36441320
7313,0.000116,7.010993e+01,5.80148315
7314,0.000116,7.010097e+01,4.67177768
7315,0.000113,7.009339e+01,3.87588320
7316,0.000119,7.008663e+01,3.33329195
7317,0.001712,7.008310e+01,6.27158899
7318,0.000092,7.007346e+01,5.00889226
7319,0.000089,7.006550e+01,4.11083475
7320,0.000087,7.005851e+01,3.49138795
7321,0.000095,7.005658e+01,6.79459429
7322,0.000088,7.004614e+01,5.38686893
7323,0.000096,7.003772e+01,4.37702077
7324,0.000091,7.003046e+01,3.67272124
7325,0.000094,7.003046e+01,7.37525289
7326,0.000096,7.001904e+01,5.80941926
7327,0.000095,7.001006e+01,4.67745653
7328,0.000095,7.000248e+01,3.87982120
7329,0.000098,6.999571e+01,3.33591890
7330,0.000096,6.999221e+01,6.28056445
7331,0.000139,6.998256e+01,5.01536964
7332,0.000096,6.997460e+01,4.11537771
7333,0.000092,6.996760e+01,3.49445973
7334,0.000099,6.996571e+01,6.80472101
7335,0.000094,6.995524e+01,5.39423290
7336,0.000101,6.994682e+01,4.38224016
7337,0.000100,6.993955e+01,3.67629686
7338,0.000094,6.993296e+01,3.20063557
7339,0.000096,6.992815e+01,5.81776307
7340,0.000101,6.991916e+01,4.68343373
7341,0.000103,6.991158e+01,3.88397046
7342,0.000096,6.990480e+01,3.33869010
7343,0.000101,6.990133e+01,6.29002454
7344,0.000095,6.989167e+01,5.02220026
7345,0.000096,6.988369e+01,4.12017201
7346,0.000101,6.987670e+01,3.49770537
7347,0.000095,6.987483e+01,6.81539733
7348,0.000096,6.986436e+01,5.40199940
7349,0.000105,6.985592e+01,4.38774878
7350,0.000097,6.984865e+01,3.68007557
7351,0.000102,6.984206e+01,3.20312774
7352,0.000098,6.983727e+01,5.82656194
7353,0.000104,6.982827e+01,4.68973477
7354,0.000098,6.982068e+01,3.88834693
7355,0.000101,6.981390e+01,3.34161851
7356,0.000105,6.981046e+01,6.29996352
7357,0.000097,6.980078e+01,5.02937932
7358,0.000098,6.979280e+01,4.12521624
7359,0.001639,6.978579e+01,3.50112768
7360,0.000092,6.978397e+01,6.82659558
7361,0.000089,6.977347e+01,5.41014992
7362,0.000089,6.976502e+01,4.39353627
7363,0.000088,6.975775e+01,3.68405397
7364,0.000088,6.975115e+01,3.20576152
7365,0.000092,6.974639e+01,5.83578610
7366,0.000117,6.973738e+01,4.69634719
7367,0.000093,6.972978e+01,3.89294835
7368,0.000090,6.972300e+01,3.34470766
7369,0.000095,6.971958e+01,6.31037343
7370,0.000095,6.970989e+01,5.03690518
7371,0.000100,6.970190e+01,4.13051266
7372,0.000096,6.969489e+01,3.50473123
7373,0.000140,6.969310e+01,6.83831447
7374,0.000111,6.968259e+01,5.41868555
7375,0.000116,6.967413e+01,4.39960527
7376,0.000116,6.966685e+01,3.68823553
7377,0.000106,6.966025e+01,3.20854077
7378,0.000114,6.965551e+01,5.84543676
7379,0.000117,6.964649e+01,4.70327264
7380,0.000112,6.963888e+01,3.89777649
7381,0.000109,6.963209e+01,3.34795920
7382,0.000116,6.962871e+01,6.32125470
7383,0.000114,6.961900e+01,5.04477816
7384,0.000118,6.961100e+01,4.13606124
7385,0.000104,6.960399e+01,3.50851543
7386,0.000102,6.960224e+01,6.85055350
7387,0.000096,6.959170e+01,5.42760527
7388,0.000093,6.958323e+01,4.40595403
7389,0.000101,6.957595e+01,3.69261765
7390,0.000093,6.956934e+01,3.21146186
7391,0.000098,6.956463e+01,5.85551177
7392,0.000101,6.955559e+01,4.71050796
7393,0.000096,6.954798e+01,3.90282701
7394,0.000100,6.954119e+01,3.35136746
7395,0.000102,6.953784e+01,6.33260430
7396,0.000098,6.952811e+01,5.05299396
7397,0.000103,6.952010e+01,4.14185626
7398,0.000102,6.951308e+01,3.51247301
7399,0.001454,6.951137e+01,6.86330901
7400,0.000089,6.950082e+01,5.43690401
7401,0.000082,6.949233e+01,4.41257586
7402,0.000082,6.948504e+01,3.69719187
7403,0.000080,6.947843e+01,3.21451456
7404,0.000084,6.947375e+01,5.86600563
7405,0.000085,6.946470e+01,4.71804591
7406,0.000101,6.945707e+01,3.90809074
7407,0.000102,6.945028e+01,3.35492136
7408,0.000103,6.944696e+01,6.34441663
7409,0.000108,6.943722e+01,5.06154520
7410,0.000107,6.942920e+01,4.14788832
7411,0.000111,6.942217e+01,3.51659250
7412,0.000108,6.942050e+01,6.87657559
7413,0.000153,6.940993e+01,5.44657457
7414,0.000118,6.940143e+01,4.41946155
7415,0.000137,6.939413e+01,3.70194685
7416,0.000123,6.938752e+01,3.21768553
7417,0.000111,6.938287e+01,5.87691160
7418,0.000128,6.937380e+01,4.72587778
7419,0.000114,6.936617e+01,3.91355690
7420,0.000112,6.935936e+01,3.35860809
7421,0.000128,6.935609e+01,6.35668563
7422,0.000126,6.934632e+01,5.07042397
7423,0.000111,6.933829e+01,4.15414756
7424,0.000113,6.933126e+01,3.52086213
7425,0.000106,6.932964e+01,6.89034801
7426,0.000105,6.931904e+01,5.45661008
7427,0.000120,6.931053e+01,4.42660246
7428,0.000106,6.930322e+01,3.70687219
7429,0.000103,6.929660e+01,3.22096280
7430,0.000109,6.929198e+01,5.88822406
7431,0.000117,6.928290e+01,4.73399642
7432,0.000113,6.927525e+01,3.91921680
7433,0.000109,6.926845e+01,3.36241754
7434,0.000116,6.926521e+01,6.36940703
7435,0.000111,6.925542e+01,5.07962475
7436,0.000116,6.924738e+01,4.16062717
7437,0.000120,6.924034e+01,3.52527387
7438,0.001564,6.923877e+01,6.90462345
7439,0.000079,6.922814e+01,5.46700670
7440,0.000080,6.921962e+01,4.43399374
7441,0.000079,6.921231e+01,3.71196213
7442,0.000081,6.920568e+01,3.22433984
7443,0.000081,6.920110e+01,5.89994075
7444,0.000081,6.919199e+01,4.74239890
7445,0.000083,6.918434e+01,3.92506691
7446,0.000081,6.917753e+01,3.36634573
7447,0.000082,6.917433e+01,6.38258008
7448,0.000082,6.916453e+01,5.08914642
7449,0.000083,6.915647e+01,4.16732579
7450,0.000082,6.914943e+01,3.52982625
7451,0.000086,6.914790e+01,6.91940248
7452,0.000125,6.913725e+01,5.47776499
7453,0.000126,6.912872e+01,4.44163606
7454,0.000112,6.912139e+01,3.71721754
7455,0.000114,6.911477e+01,3.22781787
7456,0.000129,6.911022e+01,5.91206378
7457,0.000135,6.910109e+01,4.75108772
7458,0.000122,6.909344e+01,3.93111026
7459,0.000121,6.908662e+01,3.37039634
7460,0.000126,6.908346e+01,6.39620820
7461,0.000131,6.907363e+01,5.09899307
7462,0.000116,6.906557e+01,4.17424831
7463,0.000112,6.905852e+01,3.53452510
7464,0.000112,6.905704e+01,6.93468965
7465,0.000113,6.904637e+01,5.48889030
7466,0.000107,6.903782e+01,4.44953582
7467,0.000113,6.903049e+01,3.72264605
7468,0.000104,6.902385e+01,3.23140570
7469,0.000106,6.901934e+01,5.92459940
7470,0.000120,6.901020e+01,4.76007038
7471,0.000107,6.900253e+01,3.93735580
7472,0.000102,6.899571e+01,3.37457975
7473,0.000114,6.899259e+01,6.41029824
7474,0.000107,6.898275e+01,5.10917288
7475,0.000107,6.897467e+01,4.18140455
7476,0.000122,6.896761e+01,3.53938188
7477,0.000110,6.896618e+01,6.95049207
7478,0.000113,6.895549e+01,5.50039117
7479,0.000177,6.894692e+01,4.45770326
7480,0.001776,6.893958e+01,3.72825966
7481,0.000090,6.893295e+01,3.23511705
7482,0.000084,6.892847e+01,5.93755627
7483,0.000081,6.891931e+01,4.76935723
7484,0.000081,6.891163e+01,3.94381568
7485,0.000079,6.890480e+01,3.37890988
7486,0.000084,6.890173e+01,6.42485875
7487,0.000082,6.889186e+01,5.11969601
7488,0.000085,6.888378e+01,4.18880641
7489,0.000083,6.887671e+01,3.54441025
7490,0.000084,6.887534e+01,6.96681801
7491,0.000083,6.886461e+01,5.51227728
7492,0.000084,6.885603e+01,4.46614968
7493,0.000112,6.884868e+01,3.73407137
7494,0.000124,6.884204e+01,3.23896639
7495,0.000096,6.883760e+01,5.95094329
7496,0.000093,6.882843e+01,4.77895858
7497,0.000101,6.882074e+01,3.95050177
7498,0.000093,6.881390e+01,3.38340003
7499,0.000102,6.881087e+01,6.43989767
7500,0.000104,6.880098e+01,5.13057159
7501,0.000106,6.879288e+01,4.19646435
7502,0.000118,6.878581e+01,3.54962194
7503,0.000125,6.878449e+01,6.98367437
7504,0.000123,6.877374e+01,5.52455643
7505,0.000133,6.876514e+01,4.47488396
7506,0.000105,6.875779e+01,3.74009106
7507,0.000114,6.875114e+01,3.24296445
7508,0.000117,6.874674e+01,5.96476701
7509,0.000117,6.873754e+01,4.78888175
7510,0.000125,6.872984e+01,3.95742209
7511,0.000110,6.872300e+01,3.38805875
7512,0.000106,6.872002e+01,6.45542034
7513,0.000114,6.871011e+01,5.14180534
7514,0.000108,6.870199e+01,4.20438446
7515,0.000107,6.869491e+01,3.55502328
7516,0.000109,6.869365e+01,7.00106539
7517,0.000108,6.868287e+01,5.53723290
7518,0.000116,6.867426e+01,4.48391035
7519,0.000113,6.866689e+01,3.74632290
7520,0.000111,6.866024e+01,3.24711510
7521,0.000106,6.865587e+01,5.97903026
7522,0.000113,6.864666e+01,4.79912920
7523,0.000113,6.863895e+01,3.96457866
7524,0.001852,6.863210e+01,3.39288751
7525,0.000082,6.862917e+01,6.47142837
7526,0.000081,6.861923e+01,5.15339817
7527,0.000081,6.861110e+01,4.21256688
7528,0.000079,6.860401e+01,3.56061350
7529,0.000080,6.860281e+01,7.01899165
7530,0.000083,6.859200e+01,5.55030624
7531,0.000085,6.858337e+01,4.49322734
7532,0.000084,6.857599e+01,3.75276417
7533,0.000088,6.856934e+01,3.25141438
7534,0.000084,6.856501e+01,5.99373167
7535,0.000083,6.855578e+01,4.80969818
7536,0.000084,6.854805e+01,3.97196724
7537,0.000081,6.854120e+01,3.39788048
7538,0.000122,6.853831e+01,6.48791974
7539,0.000100,6.852835e+01,5.16534645
7540,0.000102,6.852021e+01,4.22100622
7541,0.000106,6.851311e+01,3.56638540
7542,0.000100,6.851197e+01,7.03745080
7543,0.000114,6.850113e+01,5.56377234
7544,0.000111,6.849248e+01,4.50282883
7545,0.000102,6.848509e+01,3.75940672
7546,0.000102,6.847843e+01,3.25585211
7547,0.000107,6.847415e+01,6.00886688
7548,0.000100,6.846489e+01,4.82058224
7549,0.000100,6.845715e+01,3.97957918
7550,0.000095,6.845029e+01,3.40302685
7551,0.000107,6.844746e+01,6.50489014
7552,0.000098,6.843747e+01,5.17764375
7553,0.000113,6.842931e+01,4.22969378
7554,0.000111,6.842220e+01,3.57232799
7555,0.000106,6.842112e+01,7.05643887
7556,0.000108,6.841025e+01,5.57762508
7557,0.000112,6.840158e+01,4.51270650
7558,0.000109,6.839419e+01,3.76623992
7559,0.000105,6.838752e+01,3.26041550
7560,0.000112,6.838328e+01,6.02443046
7561,0.000104,6.837400e+01,4.83177379
7562,0.000119,6.836625e+01,3.98740463
7563,0.000113,6.835938e+01,3.40831463
7564,0.000107,6.835660e+01,6.52233508
7565,0.000106,6.834658e+01,5.19028351
7566,0.001751,6.833841e+01,4.23862088
7567,0.000089,6.833129e+01,3.57843052
7568,0.000090,6.833028e+01,7.07595246
7569,0.000090,6.831937e+01,5.59185918
7570,0.000092,6.831069e+01,4.52285306
7571,0.000085,6.830328e+01,3.77325459
7572,0.000082,6.829660e+01,3.26509365
7573,0.000081,6.829241e+01,6.04041848
7574,0.000081,6.828311e+01,4.84326715
7575,0.000082,6.827534e+01,3.99543625
7576,0.000087,6.826846e+01,3.41373491
7577,0.000083,6.826574e+01,6.54025205
7578,0.000084,6.825570e+01,5.20326174
7579,0.000083,6.824751e+01,4.24778211
7580,0.000111,6.824038e+01,3.58468631
7581,0.000096,6.823943e+01,7.09599052
7582,0.000095,6.822849e+01,5.60647237
7583,0.000098,6.821979e+01,4.53326515
7584,0.000093,6.821237e+01,3.78044638
7585,0.000099,6.820569e+01,3.26988141
7586,0.000100,6.820154e+01,6.05683038
7587,0.000136,6.819222e+01,4.85506097
7588,0.000099,6.818444e+01,4.00367199
7589,0.000101,6.817755e+01,3.41928515
7590,0.000097,6.817488e+01,6.55864213
7591,0.000097,6.816481e+01,5.21657900
7592,0.000101,6.815661e+01,4.25717768
7593,0.000093,6.814947e+01,3.59109536
7594,0.000098,6.814859e+01,7.11655561
7595,0.000100,6.813762e+01,5.62146694
7596,0.000102,6.812889e+01,4.54394501
7597,0.000097,6.812146e+01,3.78781763
7598,0.000103,6.811477e+01,3.27478139
7599,0.000097,6.811067e+01,6.07366998
7600,0.000097,6.810133e+01,4.86715926
7601,0.000095,6.809354e+01,4.01211631
7602,0.000103,6.808664e+01,3.42497037
7603,0.000105,6.808403e+01,6.57751042
7604,0.000111,6.807393e+01,5.23024080
7605,0.000108,6.806571e+01,4.26681380
7606,0.000118,6.805857e+01,3.59766474
7607,0.000115,6.805775e+01,7.13765388
7608,0.001710,6.804675e+01,5.63684962
7609,0.000095,6.803800e+01,4.55490027
7610,0.000088,6.803056e+01,3.79537709
7611,0.000087,6.802386e+01,3.27980348
7612,0.000089,6.801981e+01,6.09094492
7613,0.000091,6.801044e+01,4.87957071
7614,0.000093,6.800264e+01,4.02077918
7615,0.000093,6.799573e+01,3.43080192
7616,0.000094,6.799319e+01,6.59686519
7617,0.000095,6.798306e+01,5.24425654
7618,0.000095,6.797482e+01,4.27670125
7619,0.000095,6.796766e+01,3.60440675
7620,0.000106,6.796692e+01,7.15929401
7621,0.000097,6.795588e+01,5.65263016
7622,0.000149,6.794712e+01,4.56614211
7623,0.000115,6.793966e+01,3.80313755
7624,0.000110,6.793296e+01,3.28496201
7625,0.000110,6.792896e+01,6.10866503
7626,0.000112,6.791956e+01,4.89230653
7627,0.000100,6.791174e+01,4.02967341
7628,0.000094,6.790483e+01,3.43679418
7629,0.000101,6.790235e+01,6.61671613
7630,0.000103,6.789219e+01,5.25863712
7631,0.000095,6.788393e+01,4.28685247
7632,0.000097,6.787676e+01,3.61133540
7633,0.000104,6.787610e+01,7.18148533
7634,0.000094,6.786502e+01,5.66881893
7635,0.000095,6.785623e+01,4.57768225
7636,0.000100,6.784877e+01,3.81111217
7637,0.000094,6.784206e+01,3.29027149
7638,0.000096,6.783811e+01,6.12683997
7639,0.000108,6.782869e+01,4.90537749
7640,0.000099,6.782085e+01,4.03881102
7641,0.000095,6.781393e+01,3.44296040
7642,0.000102,6.781151e+01,6.63707206
7643,0.000094,6.780132e+01,5.27339220
7644,0.000098,6.779304e+01,4.29727812
7645,0.000101,6.778587e+01,3.61846232
7646,0.000103,6.778528e+01,7.20423582
7647,0.000096,6.777416e+01,5.68542440
7648,0.000096,6.776536e+01,4.58952984
7649,0.000108,6.775788e+01,3.81931080
7650,0.001610,6.775116e+01,3.29574233
7651,0.000091,6.774727e+01,6.14547699
7652,0.000088,6.773782e+01,4.91879115
7653,0.000087,6.772997e+01,4.04819999
7654,0.000095,6.772304e+01,3.44930881
7655,0.000090,6.772068e+01,6.65793910
7656,0.000090,6.771046e+01,5.28852784
7657,0.000090,6.770216e+01,4.30798425
7658,0.000088,6.769498e+01,3.62579355
7659,0.000094,6.769447e+01,7.22755058
7660,0.000095,6.768331e+01,5.70245121
7661,0.000093,6.767448e+01,4.60168915
7662,0.000094,6.766698e+01,3.82773735
7663,0.000092,6.766026e+01,3.30137792
7664,0.000144,6.765642e+01,6.16457952
7665,0.000118,6.764694e+01,4.93255023
7666,0.000111,6.763908e+01,4.05784224
7667,0.000117,6.763214e+01,3.45584050
7668,0.000116,6.762985e+01,6.67931969
7669,0.000117,6.761959e+01,5.30404537
7670,0.000108,6.761128e+01,4.31897110
7671,0.000115,6.760408e+01,3.63332812
7672,0.000111,6.760365e+01,7.25143128
7673,0.000116,6.759245e+01,5.71989964
7674,0.000119,6.758360e+01,4.61415903
7675,0.000110,6.757609e+01,3.83638913
7676,0.000109,6.756936e+01,3.30717402
7677,0.000117,6.756558e+01,6.18414706
7678,0.000110,6.755607e+01,4.94665247
7679,0.000111,6.754819e+01,4.06773373
7680,0.000114,6.754124e+01,3.46254959
7681,0.000097,6.753902e+01,6.70121284
7682,0.000104,6.752872e+01,5.31994184
7683,0.000097,6.752039e+01,4.33023368
7684,0.000101,6.751318e+01,3.64105895
7685,0.000095,6.751284e+01,7.27587677
7686,0.000096,6.750159e+01,5.73776638
7687,0.000103,6.749272e+01,4.62693393
7688,0.000102,6.748519e+01,3.84525831
7689,0.000094,6.747845e+01,3.31312059
7690,0.001445,6.747473e+01,6.20417631
7691,0.000080,6.746519e+01,4.96109223
7692,0.000079,6.745729e+01,4.07786638
7693,0.000077,6.745034e+01,3.46942563
7694,0.000080,6.744818e+01,6.72361558
7695,0.000084,6.743785e+01,5.33621188
7696,0.000086,6.742950e+01,4.34176410
7697,0.000087,6.742228e+01,3.64897570
7698,0.000088,6.742202e+01,7.30088467
7699,0.000107,6.741073e+01,5.75604665
7700,0.000115,6.740183e+01,4.64000659
7701,0.000096,6.739429e+01,3.85433515
7702,0.000095,6.738754e+01,3.31920555
7703,0.000096,6.738388e+01,6.22466332
7704,0.000141,6.737431e+01,4.97586315
7705,0.000107,6.736640e+01,4.08823143
7706,0.000110,6.735943e+01,3.47645755
7707,0.000106,6.735735e+01,6.74652499
7708,0.000103,6.734698e+01,5.35285029
7709,0.000144,6.733860e+01,4.35355490
7710,0.000110,6.733137e+01,3.65706870
7711,0.000106,6.733120e+01,7.32645326
7712,0.000108,6.731987e+01,5.77473658
7713,0.000113,6.731094e+01,4.65337106
7714,0.000110,6.730339e+01,3.86361169
7715,0.000108,6.729663e+01,3.32541916
7716,0.000116,6.729303e+01,6.24560576
7717,0.000112,6.728343e+01,4.99096102
7718,0.000108,6.727550e+01,4.09882288
7719,0.000117,6.726852e+01,3.48363776
7720,0.000109,6.726651e+01,6.76994036
7721,0.000110,6.725611e+01,5.36985469
7722,0.000118,6.724771e+01,4.36560218
7723,0.000110,6.724047e+01,3.66533271
7724,0.000109,6.724038e+01,7.35258346
7725,0.000119,6.722901e+01,5.79383568
7726,0.000119,6.722005e+01,4.66702557
7727,0.000111,6.721249e+01,3.87308509
7728,0.000115,6.720572e+01,3.33175769
7729,0.001551,6.720218e+01,6.26700484
7730,0.000081,6.719255e+01,5.00638608
7731,0.000083,6.718460e+01,4.10964021
7732,0.000080,6.717761e+01,3.49096516
7733,0.000079,6.717568e+01,6.79386451
7734,0.000078,6.716524e+01,5.38722719
7735,0.000082,6.715682e+01,4.37790759
7736,0.000081,6.714956e+01,3.67376913
7737,0.000080,6.714297e+01,3.19927275
7738,0.000082,6.713815e+01,5.81334526
7739,0.000083,6.712917e+01,4.68097790
7740,0.000082,6.712159e+01,3.88276502
7741,0.000082,6.711481e+01,3.33823058
7742,0.000082,6.711133e+01,6.28889040
7743,0.000116,6.710167e+01,5.02216341
7744,0.000095,6.709370e+01,4.12070403
7745,0.000093,6.708670e+01,3.49845660
7746,0.000100,6.708485e+01,6.81834074
7747,0.000094,6.707437e+01,5.40500197
7748,0.000104,6.706593e+01,4.39049827
7749,0.000114,6.705866e+01,3.68239987
7750,0.000098,6.705206e+01,3.20496642
7751,0.000101,6.704729e+01,5.83331078
7752,0.000101,6.703829e+01,4.69525193
7753,0.000116,6.703069e+01,3.89266566
7754,0.000118,6.702391e+01,3.34484869
7755,0.000125,6.702050e+01,6.31125952
7756,0.000128,6.701080e+01,5.03829025
7757,0.000121,6.700281e+01,4.13201438
7758,0.000117,6.699580e+01,3.50611592
7759,0.000126,6.699403e+01,6.84334695
7760,0.000114,6.698351e+01,5.42316508
7761,0.000124,6.697504e+01,4.40336792
7762,0.000142,6.696776e+01,3.69122533
7763,0.000126,6.696116e+01,3.21079114
7764,0.000114,6.695645e+01,5.85370949
7765,0.000124,6.694741e+01,4.70984131
7766,0.000113,6.693980e+01,3.90279064
7767,0.000131,6.693300e+01,3.35162176
7768,0.000117,6.692966e+01,6.33411137
7769,0.000154,6.691993e+01,5.05477204
7770,0.000118,6.691192e+01,4.14358106
7771,0.001722,6.690490e+01,3.51395598
7772,0.000092,6.690321e+01,6.86888974
7773,0.000084,6.689265e+01,5.44172584
7774,0.000079,6.688416e+01,4.41652810
7775,0.000081,6.687687e+01,3.70025903
7776,0.000080,6.687026e+01,3.21676197
7777,0.000081,6.686560e+01,5.87455168
7778,0.000082,6.685654e+01,4.72475768
7779,0.000082,6.684891e+01,3.91315302
7780,0.000081,6.684211e+01,3.35856412
7781,0.000084,6.683883e+01,6.35745604
7782,0.000083,6.682907e+01,5.07161975
7783,0.000083,6.682104e+01,4.15541608
7784,0.000089,6.681401e+01,3.52198982
7785,0.000083,6.681240e+01,6.89497863
7786,0.000123,6.680180e+01,5.46069419
7787,0.000095,6.679329e+01,4.42998948
7788,0.000100,6.678598e+01,3.70951239
7789,0.000098,6.677936e+01,3.22289094
7790,0.000102,6.677476e+01,5.89584628
7791,0.000094,6.676567e+01,4.74001030
7792,0.000101,6.675802e+01,3.92376248
7793,0.000094,6.675121e+01,3.36568577
7794,0.000103,6.674801e+01,6.38130145
7795,0.000103,6.673821e+01,5.08884123
7796,0.000098,6.673016e+01,4.16752733
7797,0.000096,6.672312e+01,3.53022533
7798,0.000108,6.672160e+01,6.92162059
7799,0.000117,6.671095e+01,5.48007662
7800,0.000108,6.670241e+01,4.44375821
7801,0.000114,6.669509e+01,3.71899120
7802,0.000127,6.668846e+01,3.22918338
7803,0.000129,6.668393e+01,5.91759848
7804,0.000125,6.667480e+01,4.75560363
7805,0.000134,6.666714e+01,3.93462279
7806,0.000115,6.666032e+01,3.37298970
7807,0.000115,6.665719e+01,6.40565171
7808,0.000121,6.664735e+01,5.10643944
7809,0.000114,6.663928e+01,4.17991671
7810,0.000109,6.663222e+01,3.53866332
7811,0.000128,6.663079e+01,6.94881887
7812,0.000106,6.662010e+01,5.49987491
7813,0.001730,6.661154e+01,4.45783461
7814,0.000096,6.660420e+01,3.72869434
7815,0.000089,6.659756e+01,3.23563672
7816,0.000089,6.659309e+01,5.93980923
7817,0.000091,6.658393e+01,4.77153684
7818,0.000089,6.657625e+01,3.94573129
7819,0.000091,6.656942e+01,3.38047147
7820,0.000094,6.656636e+01,6.43050724
7821,0.000090,6.655649e+01,5.12441275
7822,0.000082,6.654840e+01,4.19258048
7823,0.000083,6.654133e+01,3.54729793
7824,0.000091,6.653998e+01,6.97657371
7825,0.000090,6.652925e+01,5.52008697
7826,0.000084,6.652066e+01,4.47221426
7827,0.000121,6.651330e+01,3.73861504
7828,0.000092,6.650666e+01,3.24224192
7829,0.000094,6.650225e+01,5.96247628
7830,0.000094,6.649306e+01,4.78780515
7831,0.000099,6.648536e+01,3.95708071
7832,0.000101,6.647852e+01,3.38812137
7833,0.000096,6.647554e+01,6.45586599
7834,0.000101,6.646562e+01,5.14275646
7835,0.000103,6.645751e+01,4.20551131
7836,0.000095,6.645043e+01,3.55611927
7837,0.000105,6.644918e+01,7.00488352
7838,0.000097,6.643839e+01,5.54070853
7839,0.000094,6.642978e+01,4.48689020
7840,0.000101,6.642240e+01,3.74874371
7841,0.000094,6.641575e+01,3.24898697
7842,0.000095,6.641140e+01,5.98559616
7843,0.000103,6.640218e+01,4.80440243
7844,0.000098,6.639446e+01,3.96866226
7845,0.000103,6.638761e+01,3.39592815
7846,0.000104,6.638471e+01,6.48172552
7847,0.000095,6.637476e+01,5.16146555
7848,0.000098,6.636662e+01,4.21870160
7849,0.000100,6.635952e+01,3.56511734
7850,0.000116,6.635837e+01,7.03374714
7851,0.000124,6.634753e+01,5.56173592
7852,0.000105,6.633889e+01,4.50185633
7853,0.000125,6.633150e+01,3.75907194
7854,0.000123,6.632484e+01,3.25586141
7855,0.001697,6.632056e+01,6.00916670
7856,0.000089,6.631130e+01,4.82132425
7857,0.000087,6.630357e+01,3.98046941
7858,0.000088,6.629670e+01,3.40388336
7859,0.000094,6.629388e+01,6.50808528
7860,0.000089,6.628389e+01,5.18053739
7861,0.000094,6.627573e+01,4.23214685
7862,0.000091,6.626862e+01,3.57428593
7863,0.000097,6.626756e+01,7.06316566
7864,0.000096,6.625668e+01,5.58316838
7865,0.000096,6.624800e+01,4.51711028
7866,0.000097,6.624060e+01,3.76959594
7867,0.000097,6.623393e+01,3.26286027
7868,0.000136,6.622972e+01,6.03318902
7869,0.000124,6.622043e+01,4.83857037
7870,0.000110,6.621267e+01,3.99250077
7871,0.000109,6.620579e+01,3.41198473
7872,0.000117,6.620305e+01,6.53494819
7873,0.000102,6.619302e+01,5.19997380
7874,0.000102,6.618484e+01,4.24584803
7875,0.000098,6.617771e+01,3.58362541
7876,0.000097,6.617675e+01,7.09314371
7877,0.000096,6.616582e+01,5.60500967
7878,0.000109,6.615712e+01,4.53265520
7879,0.000097,6.614970e+01,3.78031856
7880,0.000095,6.614302e+01,3.26998631
7881,0.000104,6.613888e+01,6.05766859
7882,0.000093,6.612955e+01,4.85614592
7883,0.000095,6.612177e+01,4.00476147
7884,0.000096,6.611489e+01,3.42023756
7885,0.000102,6.611223e+01,6.56232125
7886,0.000094,6.610216e+01,5.21978161
7887,0.000096,6.609395e+01,4.25981222
7888,0.000105,6.608681e+01,3.59314333
7889,0.000098,6.608595e+01,7.12368959
7890,0.000095,6.607497e+01,5.62726802
7891,0.000101,6.606624e+01,4.54849978
7892,0.000096,6.605881e+01,3.79124919
7893,0.000102,6.605211e+01,3.27724972
7894,0.000103,6.604804e+01,6.08261480
7895,0.000099,6.603868e+01,4.87406082
7896,0.001632,6.603088e+01,4.01726230
7897,0.000093,6.602399e+01,3.42865368
7898,0.000089,6.602142e+01,6.59021474
7899,0.000087,6.601130e+01,5.23997168
7900,0.000089,6.600306e+01,4.27405122
7901,0.000087,6.599591e+01,3.60285265
7902,0.000091,6.599516e+01,7.15481423
7903,0.000097,6.598413e+01,5.64995488
7904,0.000093,6.597537e+01,4.56465643
7905,0.000092,6.596791e+01,3.80240149
7906,0.000090,6.596121e+01,3.28466541
7907,0.000095,6.595721e+01,6.10803941
7908,0.000094,6.594782e+01,4.89232774
7909,0.000127,6.594000e+01,4.03001717
7910,0.000111,6.593309e+01,3.43724828
7911,0.000112,6.593061e+01,6.61864048
7912,0.000111,6.592045e+01,5.26055656
7913,0.000123,6.591219e+01,4.28857876
7914,0.000109,6.590502e+01,3.61276839
7915,0.000109,6.590437e+01,7.18652937
7916,0.000115,6.589329e+01,5.67308248
7917,0.000111,6.588450e+01,4.58113835
7918,0.000111,6.587703e+01,3.81378983
7919,0.000114,6.587032e+01,3.29224886
7920,0.000111,6.586639e+01,6.13395414
7921,0.000120,6.585696e+01,4.91095911
7922,0.000123,6.584912e+01,4.04303947
7923,0.000116,6.584220e+01,3.44603575
7924,0.000110,6.583980e+01,6.64760960
7925,0.000117,6.582960e+01,5.28154777
7926,0.000118,6.582131e+01,4.30340701
7927,0.000097,6.581413e+01,3.62290348
7928,0.000097,6.581360e+01,7.21884551
7929,0.000103,6.580245e+01,5.69666133
7930,0.000102,6.579363e+01,4.59795638
7931,0.000148,6.578614e+01,3.82542550
7932,0.000109,6.577942e+01,3.30001176
7933,0.000099,6.577557e+01,6.16036849
7934,0.000099,6.576610e+01,4.92996435
7935,0.000106,6.575824e+01,4.05633874
7936,0.001475,6.575130e+01,3.45502571
7937,0.000080,6.574901e+01,6.67713066
7938,0.000080,6.573875e+01,5.30295336
7939,0.000080,6.573044e+01,4.31854377
7940,0.000082,6.572325e+01,3.63326546
7941,0.000085,6.572282e+01,7.25177037
7942,0.000086,6.571162e+01,5.72069822
7943,0.000093,6.570277e+01,4.61511663
7944,0.000094,6.569526e+01,3.83731401
7945,0.000090,6.568853e+01,3.30795895
7946,0.000094,6.568475e+01,6.18728818
7947,0.000101,6.567525e+01,4.94934809
7948,0.000094,6.566736e+01,4.06991860
7949,0.000093,6.566041e+01,3.46422078
7950,0.000136,6.565821e+01,6.70720853
7951,0.000109,6.564791e+01,5.32477670
7952,0.000108,6.563957e+01,4.33399100
7953,0.000104,6.563236e+01,3.64385493
7954,0.000114,6.563204e+01,7.28530826
7955,0.000118,6.562079e+01,5.74519558
7956,0.000111,6.561190e+01,4.63261974
7957,0.000107,6.560437e+01,3.84945425
7958,0.000114,6.559763e+01,3.31608758
7959,0.000108,6.559394e+01,6.21471497
7960,0.000110,6.558439e+01,4.96910997
7961,0.000117,6.557648e+01,4.08377662
7962,0.000105,6.556952e+01,3.47361647
7963,0.000111,6.556741e+01,6.73784463
7964,0.000113,6.555706e+01,5.34701682
7965,0.000124,6.554869e+01,4.34974536
7966,0.000107,6.554146e+01,3.65466621
7967,0.000114,6.554127e+01,7.31946055
7968,0.000117,6.552995e+01,5.77015214
7969,0.000112,6.552103e+01,4.65046186
7970,0.000109,6.551348e+01,3.86183981
7971,0.000116,6.550673e+01,3.32438882
7972,0.000111,6.550312e+01,6.24264772
7973,0.000112,6.549353e+01,4.98924608
7974,0.000131,6.548559e+01,4.09790615
7975,0.000108,6.547862e+01,3.48320350
7976,0.001515,6.547661e+01,6.76903826
7977,0.000080,6.546621e+01,5.36967012
7978,0.000078,6.545781e+01,4.36580041
7979,0.000077,6.545057e+01,3.66569012
7980,0.000084,6.545049e+01,7.35422732
7981,0.000077,6.543912e+01,5.79556500
7982,0.000081,6.543016e+01,4.66863719
7983,0.000082,6.542259e+01,3.87446209
7984,0.000080,6.541583e+01,3.33285146
7985,0.000082,6.541230e+01,6.27108446
7986,0.000081,6.540266e+01,5.00975157
7987,0.000082,6.539471e+01,4.11229956
7988,0.000082,6.538772e+01,3.49297166
7989,0.000081,6.538581e+01,6.80078864
7990,0.000117,6.537536e+01,5.39273299
7991,0.000101,6.536693e+01,4.38214985
7992,0.000094,6.535967e+01,3.67691782
7993,0.000099,6.535308e+01,3.20151690
7994,0.000102,6.534828e+01,5.82142971
7995,0.000110,6.533928e+01,4.68714512
7996,0.000105,6.533170e+01,3.88731986
7997,0.000110,6.532492e+01,3.34147162
7998,0.000114,6.532147e+01,6.30004866
7999,0.000117,6.531180e+01,5.03064279
8000,0.000111,6.530382e+01,4.12696628
8001,0.000116,6.529681e+01,3.50292419
8002,0.000113,6.529500e+01,6.83313281
8003,0.000106,6.528450e+01,5.41623113
8004,0.000107,6.527605e+01,4.39880996
8005,0.000113,6.526877e+01,3.68835796
8006,0.000104,6.526217e+01,3.20908707
8007,0.000105,6.525744e+01,5.84778355
8008,0.000117,6.524841e+01,4.70599956
8009,0.000110,6.524080e+01,3.90041510
8010,0.000107,6.523401e+01,3.35024585
8011,0.000110,6.523065e+01,6.32953163
8012,0.000113,6.522093e+01,5.05190892
8013,0.000109,6.521293e+01,4.14189592
8014,0.000113,6.520591e+01,3.51305223
8015,0.000114,6.520421e+01,6.86604466
8016,0.000106,6.519365e+01,5.44014427
8017,0.000114,6.518517e+01,4.41576579
8018,0.001693,6.517787e+01,3.70000013
8019,0.000079,6.517126e+01,3.21678653
8020,0.000079,6.516660e+01,5.87459933
8021,0.000078,6.515754e+01,4.72518735
8022,0.000079,6.514991e+01,3.91374265
8023,0.000080,6.514311e+01,3.35917337
8024,0.000085,6.513984e+01,6.35952907
8025,0.000081,6.513007e+01,5.07355021
8026,0.000082,6.512204e+01,4.15709148
8027,0.000081,6.511501e+01,3.52336053
8028,0.000082,6.511341e+01,6.89952875
8029,0.000082,6.510280e+01,5.46447836
8030,0.000083,6.509429e+01,4.43302437
8031,0.000083,6.508697e+01,3.71185233
8032,0.000115,6.508035e+01,3.22462410
8033,0.000097,6.507577e+01,5.90188587
8034,0.000098,6.506667e+01,4.74471787
8035,0.000101,6.505902e+01,3.92731267
8036,0.000095,6.505220e+01,3.36826520
8037,0.000106,6.504903e+01,6.39005140
8038,0.000096,6.503922e+01,5.09557748
8039,0.000094,6.503116e+01,4.17256461
8040,0.000101,6.502411e+01,3.53386170
8041,0.000097,6.502263e+01,6.93359650
8042,0.000098,6.501196e+01,5.48924512
8043,0.000106,6.500341e+01,4.45059827
8044,0.000095,6.499608e+01,3.72392820
8045,0.000175,6.498945e+01,3.23261452
8046,0.000127,6.498495e+01,5.92965552
8047,0.000145,6.497581e+01,4.76460424
8048,0.000117,6.496814e+01,3.94113937
8049,0.000142,6.496131e+01,3.37753674
8050,0.000135,6.495822e+01,6.42111133
8051,0.000116,6.494837e+01,5.11800406
8052,0.000126,6.494028e+01,4.18832965
8053,0.000124,6.493322e+01,3.54457127
8054,0.000121,6.493185e+01,6.96826080
8055,0.000116,6.492113e+01,5.51445783
8056,0.000137,6.491255e+01,4.46850159
8057,0.000115,6.490520e+01,3.73624294
8058,0.000113,6.489856e+01,3.24077404
8059,0.000130,6.489413e+01,5.95792121
8060,0.000123,6.488495e+01,4.78485999
8061,0.001835,6.487726e+01,3.95523723
8062,0.000107,6.487041e+01,3.38700341
8063,0.000090,6.486743e+01,6.45272130
8064,0.000092,6.485752e+01,5.14084269
8065,0.000094,6.484941e+01,4.20440003
8066,0.000096,6.484233e+01,3.55550345
8067,0.000101,6.484108e+01,7.00353354
8068,0.000143,6.483030e+01,5.54012829
8069,0.000089,6.482168e+01,4.48674655
8070,0.000084,6.481431e+01,3.74880929
8071,0.000084,6.480766e+01,3.24911585
8072,0.000085,6.480332e+01,5.98669387
8073,0.000093,6.479410e+01,4.80549605
8074,0.000120,6.478638e+01,3.96961736
8075,0.000101,6.477952e+01,3.39667651
8076,0.000097,6.477663e+01,6.48489141
8077,0.000096,6.476668e+01,5.16410301
8078,0.000102,6.475854e+01,4.22078520
8079,0.000096,6.475144e+01,3.56666754
8080,0.000098,6.475031e+01,7.03942409
8081,0.000104,6.473947e+01,5.56626498
8082,0.000104,6.473082e+01,4.50534095
8083,0.000097,6.472343e+01,3.76163454
8084,0.000105,6.471677e+01,3.25764666
8085,0.000099,6.471251e+01,6.01598085
8086,0.000098,6.470324e+01,4.82651868
8087,0.000098,6.469550e+01,3.98428511
8088,0.000102,6.468863e+01,3.40656048
8089,0.000097,6.468584e+01,6.51762809
8090,0.000103,6.467584e+01,5.18778996
8091,0.000106,6.466767e+01,4.23748877
8092,0.000104,6.466056e+01,3.57806586
8093,0.000103,6.465954e+01,7.07593820
8094,0.000114,6.464864e+01,5.59287173
8095,0.000107,6.463996e+01,4.52428692
8096,0.000108,6.463255e+01,3.77471917
8097,0.000108,6.462587e+01,3.26636533
8098,0.000107,6.462169e+01,6.04578527
8099,0.000112,6.461239e+01,4.84792892
8100,0.000126,6.460462e+01,3.99923948
8101,0.000116,6.459774e+01,3.41665236
8102,0.000115,6.459505e+01,6.55093409
8103,0.000119,6.458500e+01,5.21190384
8104,0.001882,6.457680e+01,4.25450865
8105,0.000089,6.456967e+01,3.58969407
8106,0.000089,6.456877e+01,7.11307859
8107,0.000090,6.455781e+01,5.61994849
8108,0.000089,6.454909e+01,4.54358175
8109,0.000088,6.454166e+01,3.78805789
8110,0.000093,6.453497e+01,3.27526414
8111,0.000089,6.453088e+01,6.07610705
8112,0.000093,6.452153e+01,4.86972377
8113,0.000092,6.451374e+01,4.01447470
8114,0.000101,6.450684e+01,3.42694372
8115,0.000093,6.450426e+01,6.58480962
8116,0.000097,6.449415e+01,5.23644177
8117,0.000098,6.448592e+01,4.27183906
8118,0.000097,6.447877e+01,3.60154354
8119,0.000143,6.447800e+01,7.15084606
8120,0.000111,6.446698e+01,5.64749291
8121,0.000121,6.445822e+01,4.56322004
8122,0.000102,6.445077e+01,3.80164238
8123,0.000107,6.444407e+01,3.28433209
8124,0.000100,6.444007e+01,6.10694470
8125,0.000095,6.443067e+01,4.89189868
8126,0.000095,6.442285e+01,4.02998325
8127,0.000101,6.441594e+01,3.43742429
8128,0.000096,6.441346e+01,6.61925435
8129,0.000095,6.440330e+01,5.26140038
8130,0.000105,6.439504e+01,4.28947366
8131,0.000096,6.438788e+01,3.61360520
8132,0.000097,6.438723e+01,7.18924169
8133,0.000131,6.437615e+01,5.67550302
8134,0.000095,6.436735e+01,4.58319698
8135,0.000094,6.435988e+01,3.81546518
8136,0.000103,6.435317e+01,3.29355936
8137,0.000097,6.434925e+01,6.13829786
8138,0.000096,6.433981e+01,4.91445056
8139,0.000094,6.433197e+01,4.04575954
8140,0.000101,6.432504e+01,3.44808625
8141,0.000106,6.432267e+01,6.65426966
8142,0.000109,6.431245e+01,5.28677845
8143,0.000110,6.430416e+01,4.30740894
8144,0.000124,6.429698e+01,3.62587351
8145,0.000111,6.429647e+01,7.22826866
8146,0.001936,6.428531e+01,5.70397957
8147,0.000100,6.427648e+01,4.60351123
8148,0.000086,6.426898e+01,3.82952316
8149,0.000084,6.426226e+01,3.30294129
8150,0.000089,6.425843e+01,6.17016928
8151,0.000089,6.424895e+01,4.93738029
8152,0.000091,6.424108e+01,4.06180290
8153,0.000089,6.423414e+01,3.45892767
8154,0.000102,6.423188e+01,6.68986025
8155,0.000093,6.422160e+01,5.31257903
8156,0.000095,6.421328e+01,4.32564665
8157,0.000095,6.420608e+01,3.63834923
8158,0.000095,6.420570e+01,7.26793357
8159,0.000138,6.419448e+01,5.73292767
8160,0.000118,6.418561e+01,4.62416684
8161,0.000111,6.417809e+01,3.84381965
8162,0.000107,6.417135e+01,3.31248079
8163,0.000121,6.416762e+01,6.20256595
8164,0.000113,6.415809e+01,4.96069399
8165,0.000110,6.415019e+01,4.07811904
8166,0.000109,6.414324e+01,3.46995411
8167,0.000096,6.414109e+01,6.72603483
8168,0.000096,6.413076e+01,5.33881011
8169,0.000102,6.412240e+01,4.34419457
8170,0.000095,6.411518e+01,3.65104026
8171,0.000098,6.411495e+01,7.30824664
8172,0.000094,6.410365e+01,5.76235689
8173,0.000106,6.409474e+01,4.64517333
8174,0.000094,6.408720e+01,3.85836452
8175,0.000100,6.408045e+01,3.32218824
8176,0.000102,6.407682e+01,6.23549878
8177,0.000099,6.406724e+01,4.98440262
8178,0.000096,6.405931e+01,4.09471938
8179,0.000103,6.405234e+01,3.48117771
8180,0.000096,6.405031e+01,6.76280542
8181,0.000098,6.403992e+01,5.36548371
8182,0.000103,6.403153e+01,4.36306530
8183,0.000099,6.402429e+01,3.66396005
8184,0.000097,6.402420e+01,7.34922078
8185,0.000102,6.401283e+01,5.79228006
8186,0.000098,6.400388e+01,4.66654409
8187,0.000096,6.399632e+01,3.87317208
8188,0.000102,6.398956e+01,3.33207896
8189,0.000098,6.398602e+01,6.26898115
8190,0.001702,6.397639e+01,5.00851999
8191,0.000097,6.396844e+01,4.11161865
8192,0.000087,6.396145e+01,3.49261425
8193,0.000087,6.395954e+01,6.80018570
8194,0.000088,6.394909e+01,5.39261377
8195,0.000090,6.394067e+01,4.38227356
8196,0.000091,6.393341e+01,3.67712437
8197,0.000093,6.392682e+01,3.20170930
8198,0.000092,6.392202e+01,5.82270885
8199,0.000091,6.391303e+01,4.68829757
8200,0.000093,6.390544e+01,3.88826338
8201,0.000091,6.389866e+01,3.34217447
8202,0.000097,6.389523e+01,6.30305013
8203,0.000137,6.388555e+01,5.03307880
8204,0.000117,6.387757e+01,4.12884560
8205,0.000110,6.387056e+01,3.50428920
8206,0.000110,6.386877e+01,6.83822399
8207,0.000122,6.385826e+01,5.42023955
8208,0.000114,6.384981e+01,4.40185170
8209,0.000111,6.384253e+01,3.69056037
8210,0.000109,6.383592e+01,3.21059286
8211,0.000112,6.383121e+01,5.85369099
8212,0.000112,6.382218e+01,4.71046043
8213,0.000118,6.381457e+01,3.90365522
8214,0.000113,6.380777e+01,3.35248765
8215,0.000127,6.380444e+01,6.33770597
8216,0.000114,6.379471e+01,5.05807827
8217,0.000116,6.378670e+01,4.14640093
8218,0.000095,6.377968e+01,3.51620559
8219,0.000100,6.377801e+01,6.87690105
8220,0.000103,6.376744e+01,5.44834789
8221,0.000095,6.375895e+01,4.42179210
8222,0.000097,6.375164e+01,3.70426507
8223,0.000103,6.374503e+01,3.21967255
8224,0.000094,6.374041e+01,5.88520369
8225,0.000102,6.373133e+01,4.73302320
8226,0.000102,6.372369e+01,3.91934541
8227,0.000095,6.371688e+01,3.36301996
8228,0.000096,6.371366e+01,6.37294558
8229,0.000105,6.370387e+01,5.08351876
8230,0.000099,6.369583e+01,4.16428656
8231,0.001466,6.368879e+01,3.52836573
8232,0.000087,6.368725e+01,6.91622022
8233,0.000084,6.367662e+01,5.47694192
8234,0.000082,6.366809e+01,4.44209722
8235,0.000098,6.366076e+01,3.71823995
8236,0.000088,6.365414e+01,3.22894864
8237,0.000094,6.364960e+01,5.91725077
8238,0.000093,6.364048e+01,4.75598795
8239,0.000091,6.363281e+01,3.93533424
8240,0.000090,6.362599e+01,3.37376992
8241,0.000094,6.362287e+01,6.40877278
8242,0.000102,6.361303e+01,5.10940172
8243,0.000095,6.360496e+01,4.18250171
8244,0.000129,6.359790e+01,3.54076667
8245,0.000110,6.359649e+01,6.95618534
8246,0.000104,6.358579e+01,5.50602270
8247,0.000112,6.357722e+01,4.46276550
8248,0.000106,6.356988e+01,3.73248091
8249,0.000103,6.356324e+01,3.23841464
8250,0.000120,6.355879e+01,5.94983316
8251,0.000110,6.354962e+01,4.77935268
8252,0.000107,6.354193e+01,3.95161696
8253,0.000112,6.353510e+01,3.38473012
8254,0.000110,6.353209e+01,6.44518876
8255,0.000107,6.352219e+01,5.13572519
8256,0.000119,6.351409e+01,4.20104139
8257,0.000110,6.350701e+01,3.55340054
8258,0.000111,6.350573e+01,6.99679820
8259,0.000119,6.349497e+01,5.53558866
8260,0.000117,6.348636e+01,4.48379218
8261,0.000111,6.347899e+01,3.74698019
8262,0.000108,6.347234e+01,3.24806004
8263,0.000118,6.346798e+01,5.98295005
8264,0.000110,6.345877e+01,4.80311332
8265,0.000109,6.345105e+01,3.96818635
8266,0.000116,6.344420e+01,3.39589049
8267,0.000110,6.344130e+01,6.48219374
8268,0.000115,6.343135e+01,5.16248608
8269,0.000175,6.342321e+01,4.21989938
8270,0.001564,6.341612e+01,3.56625825
8271,0.000086,6.341497e+01,7.03806031
8272,0.000078,6.340414e+01,5.56563801
8273,0.000079,6.339549e+01,4.50517239
8274,0.000085,6.338810e+01,3.76173008
8275,0.000077,6.338143e+01,3.25787456
8276,0.000081,6.337717e+01,6.01660122
8277,0.000081,6.336791e+01,4.82726662
8278,0.000082,6.336017e+01,3.98503644
8279,0.000080,6.335330e+01,3.40724260
8280,0.000082,6.335051e+01,6.51978928
8281,0.000084,6.334050e+01,5.18968303
8282,0.000082,6.333233e+01,4.23907171
8283,0.000112,6.332522e+01,3.57933350
8284,0.000105,6.332421e+01,7.07997512
8285,0.000110,6.331331e+01,5.59617139
8286,0.000101,6.330462e+01,4.52690435
8287,0.000108,6.329721e+01,3.77672664
8288,0.000112,6.329053e+01,3.26785251
8289,0.000110,6.328636e+01,6.05078934
8290,0.000115,6.327705e+01,4.85181302
8291,0.000111,6.326928e+01,4.00216577
8292,0.000106,6.326240e+01,3.41878343
8293,0.000117,6.325973e+01,6.55798005
8294,0.000115,6.324966e+01,5.21731867
8295,0.000108,6.324146e+01,4.25855938
8296,0.000102,6.323432e+01,3.59262600
8297,0.000110,6.323346e+01,7.12254925
8298,0.000106,6.322248e+01,5.62719357
8299,0.000113,6.321375e+01,4.54899141
8300,0.000116,6.320632e+01,3.79197224
8301,0.000105,6.319962e+01,3.27799548
8302,0.000107,6.319556e+01,6.08552121
8303,0.000122,6.318620e+01,4.87675815
8304,0.000105,6.317840e+01,4.01957920
8305,0.000108,6.317150e+01,3.43051735
8306,0.000115,6.316895e+01,6.59677478
8307,0.000109,6.315882e+01,5.24540068
8308,0.000111,6.315058e+01,4.27836953
8309,0.000119,6.314343e+01,3.60614268
8310,0.000114,6.314271e+01,7.16579321
8311,0.000114,6.313166e+01,5.65871405
8312,0.000127,6.312289e+01,4.57144270
8313,0.000116,6.311543e+01,3.80747602
8314,0.001633,6.310872e+01,3.28831287
8315,0.000082,6.310476e+01,6.12080789
8316,0.000083,6.309535e+01,4.90211276
8317,0.000080,6.308752e+01,4.03728772
8318,0.000076,6.308060e+01,3.44245584
8319,0.000078,6.307817e+01,6.63618580
8320,0.000081,6.306799e+01,5.27394113
8321,0.000081,6.305971e+01,4.29851456
8322,0.000080,6.305254e+01,3.61989660
8323,0.000083,6.305197e+01,7.20972039
8324,0.000084,6.304084e+01,5.69074590
8325,0.000083,6.303203e+01,4.59427166
8326,0.000084,6.302455e+01,3.82325217
8327,0.000083,6.301783e+01,3.29881975
8328,0.000123,6.301397e+01,6.15666323
8329,0.000096,6.300450e+01,4.92789098
8330,0.000094,6.299664e+01,4.05530620
8331,0.000100,6.298971e+01,3.45461472
8332,0.000094,6.298741e+01,6.67622756
8333,0.000100,6.297716e+01,5.30295454
8334,0.000102,6.296885e+01,4.31900966
8335,0.000095,6.296165e+01,3.63390388
8336,0.000096,6.296123e+01,7.25434567
8337,0.000107,6.295003e+01,5.72330381
8338,0.000114,6.294118e+01,4.61749343
8339,0.000103,6.293367e+01,3.83931669
8340,0.000113,6.292693e+01,3.30953299
8341,0.000115,6.292318e+01,6.19310183
8342,0.000112,6.291366e+01,4.95410759
8343,0.000107,6.290577e+01,4.07365009
8344,0.000112,6.289882e+01,3.46701024
8345,0.000109,6.289665e+01,6.71691443
8346,0.000109,6.288633e+01,5.33245514
8347,0.000127,6.287799e+01,4.33986943
8348,0.000104,6.287077e+01,3.64817973
8349,0.000108,6.287051e+01,7.29968312
8350,0.000115,6.285923e+01,5.75640128
8351,0.000106,6.285033e+01,4.64112155
8352,0.000115,6.284279e+01,3.85568345
8353,0.000115,6.283605e+01,3.32046681
8354,0.000109,6.283240e+01,6.23013654
8355,0.000110,6.282283e+01,4.98077506
8356,0.000112,6.281491e+01,4.09233183
8357,0.001740,6.280794e+01,3.47965487
8358,0.000086,6.280589e+01,6.75825865
8359,0.000082,6.279551e+01,5.36245429
8360,0.000077,6.278713e+01,4.36110478
8361,0.000079,6.277989e+01,3.66273478
8362,0.000079,6.277978e+01,7.34574454
8363,0.000082,6.276843e+01,5.79004873
8364,0.000081,6.275948e+01,4.66516550
8365,0.000082,6.275192e+01,3.87236123
8366,0.000079,6.274516e+01,3.33162932
8367,0.000082,6.274162e+01,6.26777686
8368,0.000082,6.273199e+01,5.00790148
8369,0.000083,6.272404e+01,4.11135837
8370,0.000113,6.271705e+01,3.49255455
8371,0.000107,6.271514e+01,6.80026906
8372,0.000095,6.270470e+01,5.39295893
8373,0.000094,6.269627e+01,4.38272107
8374,0.000102,6.268901e+01,3.67757297
8375,0.000093,6.268242e+01,3.20210289
8376,0.000095,6.267763e+01,5.82425012
8377,0.000101,6.266864e+01,4.68963330
8378,0.000096,6.266105e+01,3.88935786
8379,0.000095,6.265427e+01,3.34302611
8380,0.000103,6.265084e+01,6.30605143
8381,0.000131,6.264116e+01,5.03550844
8382,0.000160,6.263317e+01,4.13074452
8383,0.000144,6.262617e+01,3.50571794
8384,0.000151,6.262439e+01,6.84298545
8385,0.000098,6.261388e+01,5.42399718
8386,0.000109,6.260541e+01,4.40473665
8387,0.000108,6.259813e+01,3.69270450
8388,0.000105,6.259153e+01,3.21213326
8389,0.000110,6.258683e+01,5.85904231
8390,0.000116,6.257779e+01,4.71453824
8391,0.000108,6.257017e+01,3.90667394
8392,0.000107,6.256337e+01,3.35465112
8393,0.000117,6.256006e+01,6.34495148
8394,0.000107,6.255032e+01,5.06358337
8395,0.000107,6.254230e+01,4.15047621
8396,0.000113,6.253528e+01,3.51913045
8397,0.000109,6.253364e+01,6.88638112
8398,0.000111,6.252305e+01,5.45554570
8399,0.000113,6.251455e+01,4.42713089
8400,0.001705,6.250724e+01,3.70811064
8401,0.000092,6.250063e+01,3.22235588
8402,0.000094,6.249603e+01,5.89439425
8403,0.000092,6.248693e+01,4.73985985
8404,0.000091,6.247929e+01,3.92429371
8405,0.000088,6.247248e+01,3.36648993
8406,0.000093,6.246928e+01,6.38446706
8407,0.000095,6.245948e+01,5.09211759
8408,0.000093,6.245143e+01,4.17054423
8409,0.000088,6.244438e+01,3.53278134
8410,0.000083,6.244289e+01,6.93045433
8411,0.000085,6.243223e+01,5.48760086
8412,0.000086,6.242369e+01,4.44989782
8413,0.000117,6.241636e+01,3.72378291
8414,0.000101,6.240972e+01,3.23275987
8415,0.000094,6.240522e+01,5.93030525
8416,0.000093,6.239608e+01,4.76559449
8417,0.000100,6.238841e+01,3.94221071
8418,0.000100,6.238158e+01,3.37853353
8419,0.000101,6.237850e+01,6.42459966
8420,0.000100,6.236864e+01,5.12110950
8421,0.000097,6.236055e+01,4.19094418
8422,0.000101,6.235349e+01,3.54666368
8423,0.000106,6.235214e+01,6.97520861
8424,0.000097,6.234141e+01,5.52016310
8425,0.000098,6.233282e+01,4.47303516
8426,0.000099,6.232546e+01,3.73971666
8427,0.000094,6.231882e+01,3.24333853
8428,0.000096,6.231442e+01,5.96677783
8429,0.000094,6.230523e+01,4.79174212
8430,0.000103,6.229752e+01,3.96042272
8431,0.000096,6.229068e+01,3.39077786
8432,0.000104,6.228773e+01,6.46535395
8433,0.000104,6.227780e+01,5.15056137
8434,0.000096,6.226968e+01,4.21167631
8435,0.000096,6.226259e+01,3.56077614
8436,0.000103,6.226139e+01,7.02065073
8437,0.000096,6.225059e+01,5.55323692
8438,0.000104,6.224195e+01,4.49654567
8439,0.000106,6.223458e+01,3.75591327
8440,0.000104,6.222792e+01,3.25409220
8441,0.001974,6.222362e+01,6.00381867
8442,0.000098,6.221437e+01,4.81830786
8443,0.000087,6.220664e+01,3.97893375
8444,0.000087,6.219978e+01,3.40322612
8445,0.000088,6.219695e+01,6.50673862
8446,0.000086,6.218697e+01,5.18048047
8447,0.000091,6.217881e+01,4.23274706
8448,0.000087,6.217170e+01,3.57512460
8449,0.000092,6.217065e+01,7.06679130
8450,0.000091,6.215977e+01,5.58683159
8451,0.000093,6.215109e+01,4.52043791
8452,0.000096,6.214369e+01,3.77238105
8453,0.000096,6.213701e+01,3.26502915
8454,0.000141,6.213282e+01,6.04143878
8455,0.000120,6.212353e+01,4.84530212
8456,0.000110,6.211576e+01,3.99775416
8457,0.000107,6.210888e+01,3.41588891
8458,0.000117,6.210619e+01,6.54876623
8459,0.000109,6.209614e+01,5.21087880
8460,0.000107,6.208794e+01,4.25416847
8461,0.000113,6.208081e+01,3.58972155
8462,0.000108,6.207992e+01,7.11364417
8463,0.000115,6.206896e+01,5.62096037
8464,0.000117,6.206024e+01,4.54472524
8465,0.000111,6.205281e+01,3.78913392
8466,0.000111,6.204612e+01,3.27616400
8467,0.000105,6.204204e+01,6.07965243
8468,0.000102,6.203268e+01,4.87273923
8469,0.000093,6.202489e+01,4.01689886
8470,0.000099,6.201799e+01,3.42878193
8471,0.000100,6.201543e+01,6.59145182
8472,0.000101,6.200531e+01,5.24177129
8473,0.000097,6.199708e+01,4.27595601
8474,0.000103,6.198992e+01,3.60458330
8475,0.000095,6.198919e+01,7.16122500
8476,0.000097,6.197815e+01,5.65563854
8477,0.000103,6.196939e+01,4.56942333
8478,0.000096,6.196193e+01,3.80618831
8479,0.000094,6.195523e+01,3.28751403
8480,0.000105,6.195126e+01,6.11847503
8481,0.000098,6.194185e+01,4.90063473
8482,0.000102,6.193402e+01,4.03638400
8483,0.001752,6.192711e+01,3.44192212
8484,0.000088,6.192467e+01,6.63481081
8485,0.000090,6.191449e+01,5.27317316
8486,0.000112,6.190622e+01,4.29812525
8487,0.000119,6.189904e+01,3.61972602
8488,0.000103,6.189847e+01,7.20954915
8489,0.000099,6.188735e+01,5.69088082
8490,0.000097,6.187854e+01,4.59454691
8491,0.000098,6.187106e+01,3.82355931
8492,0.000093,6.186434e+01,3.29909471
8493,0.000093,6.186048e+01,6.15792079
8494,0.000093,6.185102e+01,4.92900240
8495,0.000093,6.184316e+01,4.05622339
8496,0.000096,6.183622e+01,3.45532342
8497,0.000134,6.183393e+01,6.67885686
8498,0.000107,6.182368e+01,5.30509716
8499,0.000107,6.181536e+01,4.32068858
8500,0.000111,6.180817e+01,3.63516192
8501,0.000111,6.180776e+01,7.25862983
8502,0.000115,6.179656e+01,5.72669905
8503,0.000115,6.178770e+01,4.62010696
8504,0.000116,6.178019e+01,3.84125734
8505,0.000112,6.177345e+01,3.31091592
8506,0.000112,6.176971e+01,6.19800068
8507,0.000118,6.176019e+01,4.95785187
8508,0.000111,6.175229e+01,4.07642567
8509,0.000112,6.174534e+01,3.46899359
8510,0.000118,6.174319e+01,6.72360034
8511,0.000109,6.173286e+01,5.33755181
8512,0.000112,6.172451e+01,4.34365301
8513,0.000125,6.171729e+01,3.65089674
8514,0.000110,6.171706e+01,7.30847703
8515,0.000098,6.170576e+01,5.76310081
8516,0.000102,6.169685e+01,4.64610911
8517,0.000094,6.168931e+01,3.85928632
8518,0.000095,6.168256e+01,3.32297996
8519,0.000102,6.167894e+01,6.23872170
8520,0.000096,6.166936e+01,4.98718772
8521,0.000102,6.166143e+01,4.09699324
8522,0.000103,6.165446e+01,3.48293302
8523,0.001455,6.165244e+01,6.76904794
8524,0.000085,6.164205e+01,5.37054093
8525,0.000079,6.163365e+01,4.36701981
8526,0.000080,6.162641e+01,3.66692935
8527,0.000092,6.162635e+01,7.35909749
8528,0.000090,6.161497e+01,5.80008956
8529,0.000087,6.160601e+01,4.67255387
8530,0.000092,6.159844e+01,3.87764402
8531,0.000101,6.159167e+01,3.33528205
8532,0.000106,6.158817e+01,6.28008732
8533,0.000097,6.157853e+01,5.01701012
8534,0.000096,6.157056e+01,4.11792326
8535,0.000091,6.156357e+01,3.49713603
8536,0.000128,6.156170e+01,6.81520355
8537,0.000114,6.155123e+01,5.40406480
8538,0.000105,6.154280e+01,4.39078596
8539,0.000112,6.153553e+01,3.68325364
8540,0.000108,6.152893e+01,3.20597005
8541,0.000104,6.152417e+01,5.83766415
8542,0.000106,6.151516e+01,4.69944254
8543,0.000112,6.150756e+01,3.89633007
8544,0.000104,6.150078e+01,3.34781831
8545,0.000107,6.149740e+01,6.32212218
8546,0.000113,6.148769e+01,5.04733548
8547,0.000108,6.147969e+01,4.13922418
8548,0.000107,6.147268e+01,3.51160392
8549,0.000112,6.147096e+01,6.86210424
8550,0.000113,6.146042e+01,5.43814797
8551,0.000110,6.145193e+01,4.41496542
8552,0.000118,6.144464e+01,3.69987479
8553,0.000117,6.143803e+01,3.21698748
8554,0.000111,6.143338e+01,5.87585926
8555,0.000116,6.142431e+01,4.72678597
8556,0.000119,6.141668e+01,3.91534235
8557,0.000136,6.140988e+01,3.36057976
8558,0.000114,6.140663e+01,6.36481745
8559,0.000114,6.139686e+01,5.07815093
8560,0.000112,6.138882e+01,4.16088156
8561,0.000112,6.138178e+01,3.52632180
8562,0.000120,6.138022e+01,6.90972487
8563,0.001514,6.136960e+01,5.47276863
8564,0.000080,6.136107e+01,4.43953925
8565,0.000079,6.135375e+01,3.71677606
8566,0.000076,6.134713e+01,3.22819367
8567,0.000078,6.134258e+01,5.91464693
8568,0.000081,6.133346e+01,4.75456709
8569,0.000082,6.132580e+01,3.93466909
8570,0.000080,6.131898e+01,3.37355675
8571,0.000082,6.131586e+01,6.40816713
8572,0.000080,6.130602e+01,5.10945243
8573,0.000081,6.129795e+01,4.18289177
8574,0.000089,6.129089e+01,3.54128559
8575,0.000083,6.128948e+01,6.95806842
8576,0.000083,6.127878e+01,5.50792876
8577,0.000117,6.127021e+01,4.46450829
8578,0.000096,6.126286e+01,3.73395715
8579,0.000101,6.125622e+01,3.23958728
8580,0.000103,6.125179e+01,5.95403286
8581,0.000102,6.124261e+01,4.78278999
8582,0.000111,6.123492e+01,3.95431312
8583,0.000101,6.122808e+01,3.38675115
8584,0.000108,6.122509e+01,6.45217961
8585,0.000109,6.121519e+01,5.14124670
8586,0.000102,6.120708e+01,4.20526037
8587,0.000101,6.120000e+01,3.55650007
8588,0.000110,6.119875e+01,7.00714555
8589,0.000097,6.118797e+01,5.54363735
8590,0.000096,6.117935e+01,4.48988050
8591,0.000105,6.117198e+01,3.75142547
8592,0.000097,6.116532e+01,3.25117541
8593,0.000103,6.116100e+01,5.99402797
8594,0.000099,6.115177e+01,4.81146469
8595,0.000103,6.114404e+01,3.97428413
8596,0.000098,6.113719e+01,3.40017256
8597,0.000099,6.113433e+01,6.49686754
8598,0.000102,6.112436e+01,5.17354552
8599,0.000095,6.111621e+01,4.22799893
8600,0.000097,6.110911e+01,3.57197699
8601,0.000107,6.110803e+01,7.05697043
8602,0.000100,6.109716e+01,5.57990766
8603,0.000102,6.108850e+01,4.51566899
8604,0.000105,6.108110e+01,3.76919445
8605,0.001751,6.107443e+01,3.26297200
8606,0.000099,6.107022e+01,6.03464680
8607,0.000095,6.106093e+01,4.84060555
8608,0.000094,6.105317e+01,3.99459684
8609,0.000091,6.104630e+01,3.41383636
8610,0.000096,6.104358e+01,6.54224649
8611,0.000101,6.103354e+01,5.20636414
8612,0.000110,6.102535e+01,4.25112304
8613,0.000108,6.101822e+01,3.58773264
8614,0.000096,6.101731e+01,7.10755948
8615,0.000102,6.100636e+01,5.61675554
8616,0.000113,6.099765e+01,4.54188986
8617,0.000104,6.099022e+01,3.78728085
8618,0.000149,6.098354e+01,3.27499455
8619,0.000108,6.097944e+01,6.07590554
8620,0.000106,6.097010e+01,4.87022874
8621,0.000114,6.096231e+01,4.01526799
8622,0.000106,6.095541e+01,3.42776003
8623,0.000103,6.095284e+01,6.58833281
8624,0.000117,6.094273e+01,5.23971859
8625,0.000109,6.093449e+01,4.27464907
8626,0.000108,6.092734e+01,3.60378400
8627,0.000117,6.092660e+01,7.15892914
8628,0.000111,6.091557e+01,5.65419670
8629,0.000118,6.090681e+01,4.56855880
8630,0.000127,6.089935e+01,3.80570077
8631,0.000156,6.089265e+01,3.28725963
8632,0.000119,6.088868e+01,6.11781955
8633,0.000129,6.087927e+01,4.90034922
8634,0.000118,6.087144e+01,4.03631259
8635,0.000119,6.086453e+01,3.44195880
8636,0.000121,6.086210e+01,6.63514153
8637,0.000129,6.085192e+01,5.27362298
8638,0.000120,6.084364e+01,4.29859080
8639,0.000116,6.083647e+01,3.62014476
8640,0.000123,6.083590e+01,7.21109414
8641,0.000115,6.082478e+01,5.69224445
8642,0.000105,6.081597e+01,4.59568831
8643,0.000110,6.080848e+01,3.82446626
8644,0.000110,6.080176e+01,3.29977884
8645,0.001701,6.079791e+01,6.16040135
8646,0.000091,6.078844e+01,4.93097818
8647,0.000087,6.078058e+01,4.05774096
8648,0.000088,6.077365e+01,3.45644222
8649,0.000089,6.077137e+01,6.68268455
8650,0.000092,6.076111e+01,5.30808737
8651,0.000098,6.075279e+01,4.32295692
8652,0.000090,6.074559e+01,3.63682246
8653,0.000095,6.074521e+01,7.26406600
8654,0.000097,6.073399e+01,5.73090790
8655,0.000102,6.072513e+01,4.62328565
8656,0.000096,6.071761e+01,3.84358296
8657,0.000098,6.071088e+01,3.31255637
8658,0.000097,6.070715e+01,6.20365947
8659,0.000150,6.069762e+01,4.96212177
8660,0.000110,6.068972e+01,4.07955718
8661,0.000107,6.068277e+01,3.47121251
8662,0.000115,6.068063e+01,6.73097009
8663,0.000109,6.067030e+01,5.34311711
8664,0.000113,6.066194e+01,4.34775026
8665,0.000099,6.065472e+01,3.65381767
8666,0.000096,6.065451e+01,7.31785300
8667,0.000097,6.064321e+01,5.77019200
8668,0.000103,6.063429e+01,4.65135280
8669,0.000097,6.062674e+01,3.86305020
8670,0.000097,6.061999e+01,3.32558903
8671,0.000094,6.061639e+01,6.24759873
8672,0.000101,6.060679e+01,4.99378149
8673,0.000097,6.059886e+01,4.10175975
8674,0.000099,6.059188e+01,3.48626533
8675,0.000102,6.058990e+01,6.78000329
8676,0.000096,6.057949e+01,5.37871365
8677,0.000098,6.057109e+01,4.37296894
8678,0.000103,6.056384e+01,3.67112539
8679,0.000107,6.056382e+01,7.37246090
8680,0.000116,6.055242e+01,5.81009853
8681,0.000113,6.054345e+01,4.67988797
8682,0.000105,6.053587e+01,3.88286286
8683,0.000146,6.052909e+01,3.33886867
8684,0.000133,6.052563e+01,6.29222170
8685,0.000119,6.051597e+01,5.02595610
8686,0.000120,6.050799e+01,4.12434389
8687,0.001776,6.050099e+01,3.50159274
8688,0.000091,6.049917e+01,6.82978782
8689,0.000091,6.048868e+01,5.41487669
8690,0.000089,6.048023e+01,4.39860902
8691,0.000090,6.047295e+01,3.68873840
8692,0.000089,6.046635e+01,3.20967928
8693,0.000094,6.046163e+01,5.85062662
8694,0.000092,6.045260e+01,4.70889245
8695,0.000092,6.044499e+01,3.90302047
8696,0.000099,6.043820e+01,3.35239131
8697,0.000098,6.043486e+01,6.33755380
8698,0.000096,6.042514e+01,5.05866273
8699,0.000097,6.041712e+01,4.14731892
8700,0.000096,6.041010e+01,3.51719706
8701,0.000137,6.040844e+01,6.88036214
8702,0.000115,6.039787e+01,5.45163224
8703,0.000110,6.038937e+01,4.42468617
8704,0.000108,6.038207e+01,3.70666385
8705,0.000099,6.037545e+01,3.22155828
8706,0.000101,6.037084e+01,5.89181285
8707,0.000100,6.036175e+01,4.73837953
8708,0.000096,6.035411e+01,3.92352381
8709,0.000094,6.034730e+01,3.36615136
8710,0.000102,6.034410e+01,6.38358906
8711,0.000095,6.033431e+01,5.09189175
8712,0.000097,6.032625e+01,4.17067409
8713,0.000101,6.031921e+01,3.53306761
8714,0.000096,6.031772e+01,6.93170443
8715,0.000107,6.030706e+01,5.48896216
8716,0.000139,6.029851e+01,4.45118565
8717,0.000108,6.029118e+01,3.72488985
8718,0.000102,6.028455e+01,3.23363994
8719,0.000106,6.028005e+01,5.93363338
8720,0.000096,6.027091e+01,4.76833666
8721,0.000099,6.026323e+01,3.94436631
8722,0.000097,6.025640e+01,3.38014506
8723,0.000105,6.025335e+01,6.43032550
8724,0.000100,6.024348e+01,5.12564369
8725,0.000108,6.023539e+01,4.19441107
8726,0.000104,6.022832e+01,3.54920640
8727,0.000097,6.022699e+01,6.98382170
8728,0.000096,6.021625e+01,5.52687301
8729,0.000110,6.020766e+01,4.47811356
8730,0.001755,6.020030e+01,3.74342215
8731,0.000089,6.019365e+01,3.24592973
8732,0.000111,6.018927e+01,5.97609825
8733,0.000086,6.018007e+01,4.79877298
8734,0.000088,6.017236e+01,3.96555659
8735,0.000090,6.016551e+01,3.39438082
8736,0.000090,6.016260e+01,6.47777560
8737,0.000095,6.015266e+01,5.15992994
8738,0.000102,6.014452e+01,4.21854077
8739,0.000092,6.013743e+01,3.56562430
8740,0.000092,6.013628e+01,7.03672837
8741,0.000122,6.012545e+01,5.56537799
8742,0.000104,6.011680e+01,4.50548269
8743,0.000157,6.010942e+01,3.76227363
8744,0.000117,6.010275e+01,3.25844080
8745,0.000106,6.009850e+01,6.01922218
8746,0.000110,6.008923e+01,4.82970274
8747,0.000119,6.008149e+01,3.98710910
8748,0.000110,6.007462e+01,3.40887351
8749,0.000114,6.007185e+01,6.52595532
8750,0.000112,6.006184e+01,5.19476589
8751,0.000112,6.005366e+01,4.24307875
8752,0.000113,6.004655e+01,3.58233741
8753,0.000118,6.004558e+01,7.09044145
8754,0.000125,6.003466e+01,5.60449331
8755,0.000119,6.002596e+01,4.53330931
8756,0.000103,6.001854e+01,3.78146111
8757,0.000094,6.001186e+01,3.27119065
8758,0.000098,6.000773e+01,6.06302198
8759,0.000103,5.999841e+01,4.86114260
8760,0.000095,5.999062e+01,4.00904094
8761,0.000095,5.998373e+01,3.42364094
8762,0.000102,5.998112e+01,6.57488192
8763,0.000098,5.997103e+01,5.23016830
8764,0.000096,5.996281e+01,4.26804204
8765,0.000126,5.995567e+01,3.59936333
8766,0.000098,5.995488e+01,7.14497850
8767,0.000097,5.994387e+01,5.64423568
8768,0.000103,5.993512e+01,4.56161007
8769,0.000103,5.992767e+01,3.80100161
8770,0.000095,5.992097e+01,3.28419678
8771,0.001589,5.991697e+01,6.10751418
8772,0.000104,5.990758e+01,4.89310862
8773,0.000098,5.989976e+01,4.03136825
8774,0.000103,5.989285e+01,3.43869952
8775,0.000103,5.989039e+01,6.62457167
8776,0.000093,5.988022e+01,5.26615253
8777,0.000102,5.987196e+01,4.29344568
8778,0.000117,5.986479e+01,3.61671712
8779,0.000159,5.986419e+01,7.20035564
8780,0.000118,5.985309e+01,5.68461973
8781,0.000119,5.984428e+01,4.59039882
8782,0.000106,5.983681e+01,3.82090866
8783,0.000152,5.983009e+01,3.29747239
8784,0.000108,5.982622e+01,6.15271273
8785,0.000135,5.981676e+01,4.92561349
8786,0.000107,5.980891e+01,4.05410294
8787,0.000113,5.980197e+01,3.45406052
8788,0.000129,5.979967e+01,6.67503805
8789,0.000115,5.978942e+01,5.30273022
8790,0.000130,5.978111e+01,4.31930004
8791,0.000119,5.977392e+01,3.63440811
8792,0.000109,5.977351e+01,7.25658604
8793,0.000111,5.976231e+01,5.72565621
8794,0.000117,5.975345e+01,4.61968453
8795,0.000112,5.974594e+01,3.84118974
8796,0.000117,5.973921e+01,3.31102362
8797,0.000119,5.973547e+01,6.19862780
8798,0.000136,5.972594e+01,4.95866500
8799,0.000115,5.971805e+01,4.07725087
8800,0.000139,5.971109e+01,3.46972805
8801,0.000113,5.970895e+01,6.72629087
8802,0.000112,5.969862e+01,5.33990829
8803,0.000116,5.969027e+01,4.34560960
8804,0.000117,5.968305e+01,3.65243864
8805,0.000113,5.968283e+01,7.31367950
8806,0.000114,5.967153e+01,5.76735154
8807,0.000106,5.966262e+01,4.64947071
8808,0.000095,5.965507e+01,3.86184577
8809,0.000102,5.964832e+01,3.32484901
8810,0.000103,5.964471e+01,6.24526563
8811,0.001544,5.963512e+01,4.99226609
8812,0.000094,5.962719e+01,4.10081196
8813,0.000116,5.962021e+01,3.48569932
8814,0.000114,5.961823e+01,6.77833665
8815,0.000122,5.960782e+01,5.37768952
8816,0.000123,5.959942e+01,4.37237380
8817,0.000127,5.959217e+01,3.67080507
8818,0.000219,5.959215e+01,7.37164319
8819,0.000134,5.958075e+01,5.80970876
8820,0.000121,5.957178e+01,4.67975672
8821,0.000128,5.956420e+01,3.88287277
8822,0.000133,5.955743e+01,3.33894151
8823,0.000123,5.955396e+01,6.29262993
8824,0.000099,5.954430e+01,5.02641647
8825,0.000145,5.953633e+01,4.12478238
8826,0.000151,5.952933e+01,3.50196721
8827,0.000129,5.952751e+01,6.83118009
8828,0.000134,5.951702e+01,5.41607443
8829,0.000129,5.950856e+01,4.39958939
8830,0.000125,5.950129e+01,3.68950073
8831,0.000108,5.949469e+01,3.21024168
8832,0.000114,5.948997e+01,5.85272774
8833,0.000129,5.948094e+01,4.71054434
8834,0.000115,5.947333e+01,3.90427057
8835,0.000127,5.946653e+01,3.35329729
8836,0.000131,5.946321e+01,6.34074647
8837,0.000120,5.945348e+01,5.06113350
8838,0.000116,5.944546e+01,4.14917146
8839,0.000128,5.943844e+01,3.51853392
8840,0.000122,5.943679e+01,6.88485985
8841,0.000119,5.942621e+01,5.45508904
8842,0.000125,5.941771e+01,4.42727189
8843,0.000118,5.941040e+01,3.70853248
8844,0.000115,5.940379e+01,3.22285654
8845,0.000131,5.939919e+01,5.89644488
8846,0.000122,5.939010e+01,4.74184664
8847,0.000119,5.938245e+01,3.92603962
8848,0.000126,5.937564e+01,3.36791023
8849,0.000112,5.937246e+01,6.38960970
8850,0.000101,5.936265e+01,5.09640759
8851,0.001603,5.935460e+01,4.17396821
8852,0.000084,5.934755e+01,3.53538824
8853,0.000082,5.934608e+01,6.93935480
8854,0.000088,5.933541e+01,5.49471544
8855,0.000082,5.932686e+01,4.45540634
8856,0.000086,5.931952e+01,3.72788783
8857,0.000090,5.931289e+01,3.23569133
8858,0.000130,5.930841e+01,5.94083670
8859,0.000110,5.929926e+01,4.77365091
8860,0.000119,5.929158e+01,3.94817270
8861,0.000108,5.928474e+01,3.38277556
8862,0.000108,5.928171e+01,6.43921786
8863,0.000117,5.927183e+01,5.13223904
8864,0.000143,5.926373e+01,4.19917362
8865,0.000141,5.925666e+01,3.55253116
8866,0.000123,5.925537e+01,6.99467222
8867,0.000113,5.924461e+01,5.53496001
8868,0.000125,5.923600e+01,4.48399828
8869,0.000116,5.922864e+01,3.74757163
8870,0.000123,5.922199e+01,3.24875032
8871,0.000133,5.921764e+01,5.98591323
8872,0.000124,5.920842e+01,4.80596584
8873,0.000121,5.920070e+01,3.97067767
8874,0.000123,5.919385e+01,3.39790062
8875,0.000113,5.919097e+01,6.48958350
8876,0.000116,5.918101e+01,5.16863893
8877,0.000124,5.917287e+01,4.22479802
8878,0.000120,5.916577e+01,3.56997265
8879,0.000134,5.916467e+01,7.05082674
8880,0.000143,5.915382e+01,5.57583581
8881,0.000141,5.914516e+01,4.51306007
8882,0.000135,5.913776e+01,3.76759606
8883,0.000135,5.913109e+01,3.26204575
8884,0.000137,5.912687e+01,6.03168927
8885,0.000132,5.911759e+01,4.83880549
8886,0.000131,5.910984e+01,3.99356852
8887,0.000126,5.910296e+01,3.41329966
8888,0.000120,5.910024e+01,6.54072296
8889,0.000125,5.909020e+01,5.20562275
8890,0.001704,5.908201e+01,4.25085680
8891,0.000091,5.907489e+01,3.58772847
8892,0.000095,5.907398e+01,7.10783604
8893,0.000087,5.906303e+01,5.61735944
8894,0.000087,5.905432e+01,4.54260813
8895,0.000089,5.904689e+01,3.78797792
8896,0.000087,5.904020e+01,3.27559497
8897,0.000102,5.903612e+01,6.07818222
8898,0.000104,5.902677e+01,4.87218691
8899,0.000094,5.901897e+01,4.01686263
8900,0.000093,5.901208e+01,3.42899063
8901,0.000106,5.900952e+01,6.59265426
8902,0.000100,5.899940e+01,5.24320785
8903,0.000168,5.899116e+01,4.27736749
8904,0.000165,5.898401e+01,3.60581669
8905,0.000187,5.898329e+01,7.16571862
8906,0.000200,5.897225e+01,5.65954837
8907,0.000179,5.896348e+01,4.57265981
8908,0.000171,5.895602e+01,3.80873494
8909,0.000179,5.894932e+01,3.28941619
8910,0.000164,5.894536e+01,6.12540962
8911,0.000158,5.893595e+01,4.90612710
8912,0.000179,5.892812e+01,4.04057708
8913,0.000175,5.892120e+01,3.44499094
8914,0.000164,5.891880e+01,6.64539493
8915,0.000172,5.890860e+01,5.28141076
8916,0.000171,5.890032e+01,4.30434631
8917,0.000148,5.889314e+01,3.62425360
8918,0.000160,5.889262e+01,7.22449206
8919,0.000138,5.888148e+01,5.70241862
8920,0.000137,5.887265e+01,4.60323034
8921,0.000144,5.886516e+01,3.82988208
8922,0.000139,5.885843e+01,3.30352416
8923,0.000152,5.885462e+01,6.17338691
8924,0.000149,5.884513e+01,4.94064024
8925,0.000145,5.883726e+01,4.06472534
8926,0.000127,5.883032e+01,3.46131356
8927,0.000116,5.882809e+01,6.69895999
8928,0.000137,5.881781e+01,5.32024466
8929,0.000128,5.880948e+01,4.33180524
8930,0.000122,5.880227e+01,3.64305027
8931,0.000133,5.880195e+01,7.28417112
8932,0.001844,5.879071e+01,5.74598249
8933,0.000088,5.878182e+01,4.63433032
8934,0.000086,5.877429e+01,3.85142857
8935,0.000083,5.876755e+01,3.31792692
8936,0.000088,5.876388e+01,6.22212587
8937,0.000083,5.875432e+01,4.97573577
8938,0.000103,5.874641e+01,4.08931501
8939,0.000097,5.873944e+01,3.47796447
8940,0.000093,5.873738e+01,6.75336092
8941,0.000121,5.872701e+01,5.35971813
8942,0.000097,5.871863e+01,4.35975051
8943,0.000094,5.871140e+01,3.66221090
8944,0.000104,5.871129e+01,7.34476731
8945,0.000103,5.869994e+01,5.79024806
8946,0.000176,5.869099e+01,4.66596493
8947,0.000129,5.868343e+01,3.87337713
8948,0.000122,5.867667e+01,3.33262487
8949,0.000126,5.867314e+01,6.27163433
8950,0.000119,5.866351e+01,5.01141818
8951,0.000122,5.865555e+01,4.11434767
8952,0.000117,5.864856e+01,3.49494258
8953,0.000116,5.864668e+01,6.80860575
8954,0.000128,5.863622e+01,5.39983538
8955,0.000114,5.862779e+01,4.38818299
8956,0.000122,5.862052e+01,3.68173333
8957,0.000112,5.861393e+01,3.20513578
8958,0.000122,5.860917e+01,5.83521790
8959,0.000121,5.860016e+01,4.69813870
8960,0.000119,5.859256e+01,3.89573041
8961,0.000121,5.858578e+01,3.34761713
8962,0.000129,5.858240e+01,6.32193927
8963,0.000125,5.857269e+01,5.04770602
8964,0.000126,5.856470e+01,4.13983388
8965,0.000123,5.855768e+01,3.51225130
8966,0.000118,5.855597e+01,6.86473323
8967,0.000127,5.854543e+01,5.44062244
8968,0.000128,5.853694e+01,4.41711802
8969,0.000118,5.852965e+01,3.70162402
8970,0.000139,5.852304e+01,3.21832158
8971,0.000127,5.851840e+01,5.88092732
8972,0.000123,5.850933e+01,4.73086353
8973,0.000125,5.850169e+01,3.91848738
8974,0.000111,5.849489e+01,3.36289557
8975,0.001708,5.849166e+01,6.37303444
8976,0.000090,5.848188e+01,5.08458826
8977,0.000084,5.847383e+01,4.16576033
8978,0.000083,5.846679e+01,3.52987618
8979,0.000083,5.846527e+01,6.92172147
8980,0.000082,5.845463e+01,5.48205950
8981,0.000082,5.844609e+01,4.44653761
8982,0.000086,5.843877e+01,3.72186627
8983,0.000087,5.843214e+01,3.23175116
8984,0.000083,5.842763e+01,5.92735068
8985,0.000101,5.841849e+01,4.76412305
8986,0.000102,5.841082e+01,3.94163574
8987,0.000086,5.840399e+01,3.37844904
8988,0.000166,5.840092e+01,6.42491513
8989,0.000138,5.839106e+01,5.12206092
8990,0.000119,5.838297e+01,4.19212236
8991,0.000116,5.837591e+01,3.54781121
8992,0.000130,5.837457e+01,6.97957457
8993,0.000119,5.836383e+01,5.52414846
8994,0.000114,5.835524e+01,4.47644143
8995,0.000129,5.834789e+01,3.74245763
8996,0.000114,5.834124e+01,3.24542012
8997,0.000120,5.833686e+01,5.97449364
8998,0.000128,5.832766e+01,4.79792018
8999,0.000119,5.831995e+01,3.96517615
9000,0.000123,5.831310e+01,3.39427628
9001,0.000119,5.831018e+01,6.47758992
9002,0.000122,5.830025e+01,5.16012969
9003,0.000119,5.829211e+01,4.21892346
9004,0.000126,5.828502e+01,3.56605811
9005,0.000117,5.828387e+01,7.03830370
9006,0.000125,5.827304e+01,5.56689759
9007,0.000113,5.826440e+01,4.50683564
9008,0.000136,5.825701e+01,3.76340273
9009,0.000124,5.825034e+01,3.25933192
9010,0.000127,5.824610e+01,6.02236687
9011,0.000134,5.823683e+01,4.83226359
9012,0.000117,5.822908e+01,3.98911591
9013,0.000121,5.822221e+01,3.41038368
9014,0.000126,5.821946e+01,6.53107175
9015,0.001697,5.820943e+01,5.19880555
9016,0.000088,5.820125e+01,4.24617341
9017,0.000083,5.819413e+01,3.58462601
9018,0.000085,5.819319e+01,7.09792392
9019,0.000083,5.818226e+01,5.61031996
9020,0.000081,5.817355e+01,4.53773221
9021,0.000091,5.816613e+01,3.78471305
9022,0.000082,5.815945e+01,3.27349784
9023,0.000084,5.815534e+01,6.07098534
9024,0.000083,5.814600e+01,4.86716715
9025,0.000082,5.813821e+01,4.01346855
9026,0.000082,5.813132e+01,3.42678476
9027,0.000085,5.812873e+01,6.58537727
9028,0.000083,5.811863e+01,5.23810395
9029,0.000109,5.811040e+01,4.27388734
9030,0.000099,5.810325e+01,3.60353017
9031,0.000100,5.810251e+01,7.15845342
9032,0.000112,5.809148e+01,5.65443235
9033,0.000108,5.808272e+01,4.56914753
9034,0.000115,5.807526e+01,3.80640519
9035,0.000110,5.806856e+01,3.28793491
9036,0.000148,5.806459e+01,6.12036691
9037,0.000123,5.805518e+01,4.90264813
9038,0.000123,5.804735e+01,4.03825150
9039,0.000117,5.804044e+01,3.44349745
9040,0.000115,5.803802e+01,6.64052524
9041,0.000132,5.802783e+01,5.27804281
9042,0.000120,5.801956e+01,4.30208316
9043,0.000119,5.801238e+01,3.62278896
9044,0.000126,5.801184e+01,7.21991174
9045,0.000124,5.800071e+01,5.69925305
9046,0.000120,5.799188e+01,4.60109960
9047,0.000119,5.798439e+01,3.82849746
9048,0.000118,5.797767e+01,3.30266190
9049,0.000117,5.797385e+01,6.17053011
9050,0.000120,5.796437e+01,4.93872441
9051,0.000127,5.795650e+01,4.06348269
9052,0.000115,5.794956e+01,3.46054003
9053,0.000119,5.794732e+01,6.69653438
9054,0.000130,5.793704e+01,5.31863969
9055,0.000123,5.792871e+01,4.33077813
9056,0.000125,5.792151e+01,3.64241976
9057,0.001849,5.792118e+01,7.28231776
9058,0.000087,5.790994e+01,5.74479927
9059,0.000089,5.790106e+01,4.63360487
9060,0.000082,5.789353e+01,3.85100610
9061,0.000082,5.788679e+01,3.31769493
9062,0.000092,5.788312e+01,6.22149180
9063,0.000118,5.787356e+01,4.97541156
9064,0.000092,5.786565e+01,4.08917704
9065,0.000088,5.785868e+01,3.47792700
9066,0.000089,5.785662e+01,6.75342126
9067,0.000090,5.784626e+01,5.35990929
9068,0.000096,5.783788e+01,4.35998581
9069,0.000099,5.783064e+01,3.66243533
9070,0.000119,5.783053e+01,7.34568796
9071,0.000134,5.781918e+01,5.79108497
9072,0.000110,5.781024e+01,4.66667560
9073,0.000098,5.780267e+01,3.87394213
9074,0.000096,5.779591e+01,3.33304397
9075,0.000104,5.779239e+01,6.27326542
9076,0.000107,5.778276e+01,5.01272070
9077,0.000100,5.777480e+01,4.11534395
9078,0.000097,5.776781e+01,3.49566629
9079,0.000117,5.776593e+01,6.81119908
9080,0.000109,5.775547e+01,5.40186190
9081,0.000106,5.774704e+01,4.38971419
9082,0.000127,5.773977e+01,3.68284175
9083,0.000112,5.773318e+01,3.20589790
9084,0.000117,5.772842e+01,5.83811817
9085,0.000120,5.771941e+01,4.70032254
9086,0.000121,5.771181e+01,3.89731538
9087,0.000116,5.770503e+01,3.34871616
9088,0.000125,5.770166e+01,6.32588229
9089,0.000118,5.769195e+01,5.05067548
9090,0.000115,5.768395e+01,4.14199988
9091,0.000121,5.767693e+01,3.51376799
9092,0.000111,5.767524e+01,6.86991003
9093,0.000118,5.766469e+01,5.44452752
9094,0.000121,5.765620e+01,4.41998323
9095,0.000125,5.764890e+01,3.70365069
9096,0.000121,5.764229e+01,3.21969340
9097,0.000120,5.763767e+01,5.88593700
9098,0.000123,5.762859e+01,4.73456101
9099,0.001936,5.762095e+01,3.92112866
9100,0.000091,5.761414e+01,3.36470750
9101,0.000083,5.761093e+01,6.37933862
9102,0.000087,5.760114e+01,5.08926739
9103,0.000084,5.759310e+01,4.16913410
9104,0.000082,5.758605e+01,3.53222021
9105,0.000083,5.758455e+01,6.92953404
9106,0.000082,5.757390e+01,5.48788793
9107,0.000084,5.756536e+01,4.45077625
9108,0.000089,5.755803e+01,3.72484650
9109,0.000085,5.755140e+01,3.23376448
9110,0.000083,5.754691e+01,5.93451659
9111,0.000083,5.753776e+01,4.76937478
9112,0.000118,5.753009e+01,3.94536926
9113,0.000104,5.752326e+01,3.38100590
9114,0.000096,5.752021e+01,6.43362945
9115,0.000097,5.751034e+01,5.12849146
9116,0.000104,5.750224e+01,4.19674026
9117,0.000095,5.749517e+01,3.55101451
9118,0.000126,5.749387e+01,6.99007428
9119,0.000136,5.748312e+01,5.53194323
9120,0.000121,5.747452e+01,4.48209023
9121,0.000100,5.746715e+01,3.74642310
9122,0.000105,5.746050e+01,3.24810220
9123,0.000100,5.745615e+01,5.98386021
9124,0.000102,5.744693e+01,4.80476334
9125,0.000097,5.743922e+01,3.97003328
9126,0.000107,5.743236e+01,3.39760442
9127,0.000122,5.742948e+01,6.48876059
9128,0.000114,5.741953e+01,5.16834949
9129,0.000112,5.741138e+01,4.22481668
9130,0.000106,5.740428e+01,3.57014619
9131,0.000125,5.740318e+01,7.05153902
9132,0.000131,5.739233e+01,5.57669754
9133,0.000129,5.738367e+01,4.51392584
9134,0.000127,5.737627e+01,3.76837826
9135,0.000139,5.736960e+01,3.26270184
9136,0.000161,5.736539e+01,6.03397443
9137,0.000165,5.735611e+01,4.84072985
9138,0.000169,5.734835e+01,3.99512109
9139,0.000154,5.734147e+01,3.41450114
9140,0.000156,5.733876e+01,6.54474114
9141,0.002117,5.732872e+01,5.20884719
9142,0.000109,5.732053e+01,4.25336642
9143,0.000104,5.731340e+01,3.58961622
9144,0.000099,5.731251e+01,7.11393989
9145,0.000087,5.730155e+01,5.62215914
9146,0.000084,5.729283e+01,4.54628882
9147,0.000087,5.728540e+01,3.79071580
9148,0.000083,5.727871e+01,3.27756576
9149,0.000084,5.727464e+01,6.08486999
9150,0.000085,5.726528e+01,4.87728262
9151,0.000086,5.725748e+01,4.02063931
9152,0.000089,5.725058e+01,3.43170143
9153,0.000086,5.724805e+01,6.60158420
9154,0.000086,5.723792e+01,5.24999527
9155,0.000113,5.722967e+01,4.28239865
9156,0.000109,5.722252e+01,3.60943277
9157,0.000102,5.722184e+01,7.17729228
9158,0.000106,5.721077e+01,5.66834097
9159,0.000100,5.720199e+01,4.57919068
9160,0.000106,5.719452e+01,3.81344645
9161,0.000101,5.718782e+01,3.29270421
9162,0.000104,5.718389e+01,6.13656195
9163,0.000099,5.717446e+01,4.91443524
9164,0.000103,5.716662e+01,4.04660087
9165,0.000100,5.715970e+01,3.44921797
9166,0.000100,5.715734e+01,6.65930677
9167,0.000107,5.714712e+01,5.29180917
9168,0.000100,5.713883e+01,4.31192818
9169,0.000100,5.713164e+01,3.62961056
9170,0.000106,5.713118e+01,7.24161497
9171,0.000159,5.712000e+01,5.71526007
9172,0.000145,5.711116e+01,4.61264773
9173,0.000163,5.710366e+01,3.83658650
9174,0.000164,5.709693e+01,3.30813374
9175,0.000159,5.709316e+01,6.18906863
9176,0.000155,5.708365e+01,4.95220518
9177,0.000143,5.707577e+01,4.07302317
9178,0.000127,5.706881e+01,3.46706853
9179,0.000123,5.706664e+01,6.71792830
9180,0.000122,5.705633e+01,5.33430720
9181,0.000116,5.704798e+01,4.34197314
9182,0.000120,5.704077e+01,3.65016807
9183,0.000127,5.704053e+01,7.30692838
9184,0.001993,5.702924e+01,5.76293533
9185,0.000096,5.702033e+01,4.64667846
9186,0.000107,5.701279e+01,3.86015468
9187,0.000104,5.700604e+01,3.32387350
9188,0.000085,5.700243e+01,6.24240946
9189,0.000085,5.699284e+01,4.99061105
9190,0.000084,5.698491e+01,4.09992484
9191,0.000083,5.697794e+01,3.48527205
9192,0.000084,5.697595e+01,6.77746864
9193,0.000085,5.696555e+01,5.37750794
9194,0.000084,5.695715e+01,4.37255173
9195,0.000086,5.694990e+01,3.67112361
9196,0.000084,5.694989e+01,7.37325282
9197,0.000083,5.693849e+01,5.81138523
9198,0.000127,5.692951e+01,4.68130048
9199,0.000103,5.692194e+01,3.88416839
9200,0.000105,5.691516e+01,3.33994087
9201,0.000099,5.691171e+01,6.29660270
9202,0.000099,5.690204e+01,5.02966975
9203,0.000111,5.689407e+01,4.12732213
9204,0.000101,5.688707e+01,3.50384450
9205,0.000096,5.688527e+01,6.83794592
9206,0.000107,5.687477e+01,5.42142755
9207,0.000100,5.686631e+01,4.40367900
9208,0.000109,5.685903e+01,3.69249157
9209,0.000107,5.685243e+01,3.21231888
9210,0.000097,5.684774e+01,5.86062362
9211,0.000101,5.683870e+01,4.71653155
9212,0.000099,5.683108e+01,3.90864573
9213,0.000102,5.682428e+01,3.35635251
9214,0.000098,5.682099e+01,6.35168537
9215,0.000102,5.681125e+01,5.06941165
9216,0.000117,5.680322e+01,4.15523948
9217,0.000197,5.679619e+01,3.52280511
9218,0.000186,5.679460e+01,6.89940773
9219,0.000136,5.678400e+01,5.46610235
9220,0.000109,5.677548e+01,4.43538230
9221,0.000104,5.676817e+01,3.71429214
9222,0.000147,5.676155e+01,3.22677284
9223,0.000110,5.675699e+01,5.91069426
9224,0.000138,5.674788e+01,4.75239356
9225,0.000118,5.674022e+01,3.93359712
9226,0.002283,5.673341e+01,3.37311299
9227,0.000097,5.673028e+01,6.40765856
9228,0.000096,5.672045e+01,5.10983391
9229,0.000092,5.671238e+01,4.18367268
9230,0.000094,5.670532e+01,3.54214942
9231,0.000092,5.670393e+01,6.96183813
9232,0.000097,5.669322e+01,5.51151881
9233,0.000093,5.668465e+01,4.46765033
9234,0.000092,5.667730e+01,3.73651573
9235,0.000089,5.667066e+01,3.24153477
9236,0.000094,5.666625e+01,5.96157608
9237,0.000088,5.665706e+01,4.78887449
9238,0.000090,5.664937e+01,3.95901451
9239,0.000091,5.664252e+01,3.39021528
9240,0.000133,5.663957e+01,6.46452020
9241,0.000123,5.662965e+01,5.15093464
9242,0.000115,5.662153e+01,4.21261866
9243,0.000107,5.661444e+01,3.56187242
9244,0.000109,5.661326e+01,7.02524238
9245,0.000115,5.660245e+01,5.55767903
9246,0.000106,5.659382e+01,4.50048201
9247,0.000114,5.658643e+01,3.75915815
9248,0.000105,5.657977e+01,3.25659750
9249,0.000106,5.657550e+01,6.01327338
9250,0.000115,5.656625e+01,4.82597459
9251,0.000119,5.655851e+01,3.98489446
9252,0.000106,5.655164e+01,3.40765253
9253,0.000113,5.654886e+01,6.52227635
9254,0.000107,5.653885e+01,5.19271533
9255,0.000107,5.653068e+01,4.24207489
9256,0.000114,5.652356e+01,3.58196799
9257,0.000113,5.652259e+01,7.08962831
9258,0.000131,5.651168e+01,5.60458599
9259,0.000171,5.650298e+01,4.53387612
9260,0.000133,5.649556e+01,3.78221446
9261,0.000115,5.648888e+01,3.27195277
9262,0.000122,5.648476e+01,6.06579097
9263,0.000122,5.647543e+01,4.86369428
9264,0.000156,5.646764e+01,4.01123358
9265,0.000132,5.646075e+01,3.42541807
9266,0.000126,5.645815e+01,6.58093387
9267,0.001948,5.644805e+01,5.23517838
9268,0.000097,5.643983e+01,4.27203995
9269,0.000085,5.643268e+01,3.60243142
9270,0.000088,5.643193e+01,7.15500510
9271,0.000094,5.642090e+01,5.65224431
9272,0.000091,5.641214e+01,4.56783343
9273,0.000093,5.640469e+01,3.80568220
9274,0.000090,5.639798e+01,3.28759539
9275,0.000092,5.639401e+01,6.11913582
9276,0.000091,5.638461e+01,4.90203675
9277,0.000093,5.637678e+01,4.03803196
9278,0.000088,5.636986e+01,3.44350933
9279,0.000095,5.636745e+01,6.64050225
9280,0.000094,5.635726e+01,5.27832949
9281,0.000121,5.634898e+01,4.30251654
9282,0.000115,5.634180e+01,3.62326297
9283,0.000113,5.634127e+01,7.22138483
9284,0.000116,5.633013e+01,5.70066226
9285,0.000104,5.632131e+01,4.60235931
9286,0.000113,5.631381e+01,3.82956451
9287,0.000113,5.630709e+01,3.30352668
9288,0.000115,5.630328e+01,6.17331878
9289,0.000112,5.629379e+01,4.94101000
9290,0.000108,5.628592e+01,4.06529552
9291,0.000118,5.627897e+01,3.46193071
9292,0.000108,5.627675e+01,6.70099489
9293,0.000109,5.626646e+01,5.32217920
9294,0.000111,5.625813e+01,4.33351326
9295,0.000107,5.625092e+01,3.64446992
9296,0.000107,5.625062e+01,7.28878336
9297,0.000120,5.623936e+01,5.74985279
9298,0.000105,5.623047e+01,4.63746487
9299,0.000110,5.622294e+01,3.85387135
9300,0.000112,5.621620e+01,3.31975586
9301,0.000108,5.621254e+01,6.22835508
9302,0.000107,5.620298e+01,4.98062738
9303,0.000120,5.619506e+01,4.09303661
9304,0.000136,5.618809e+01,3.48069402
9305,0.000178,5.618606e+01,6.76242911
9306,0.000117,5.617568e+01,5.36674290
9307,0.000104,5.616729e+01,4.36504452
9308,0.000111,5.616005e+01,3.66606633
9309,0.001919,5.615998e+01,7.35722002
9310,0.000100,5.614861e+01,5.79983308
9311,0.000100,5.613965e+01,4.67316623
9312,0.000096,5.613208e+01,3.87861858
9313,0.000084,5.612531e+01,3.33629888
9314,0.000089,5.612182e+01,6.28426345
9315,0.000098,5.611217e+01,5.02090645
9316,0.000104,5.610421e+01,4.12127249
9317,0.000098,5.609721e+01,3.49981672
9318,0.000094,5.609538e+01,6.82482506
9319,0.000093,5.608490e+01,5.41203925
9320,0.000094,5.607645e+01,4.39712860
9321,0.000094,5.606918e+01,3.68807066
9322,0.000092,5.606258e+01,3.20944945
9323,0.000136,5.605786e+01,5.85062106
9324,0.000113,5.604883e+01,4.70948614
9325,0.000117,5.604122e+01,3.90383049
9326,0.000117,5.603443e+01,3.35317987
9327,0.000145,5.603111e+01,6.34108574
9328,0.000144,5.602138e+01,5.06188373
9329,0.000147,5.601336e+01,4.15003535
9330,0.000124,5.600634e+01,3.51932751
9331,0.000127,5.600471e+01,6.88823576
9332,0.000124,5.599412e+01,5.45811162
9333,0.000126,5.598562e+01,4.42980174
9334,0.000151,5.597831e+01,3.71051402
9335,0.000121,5.597169e+01,3.22430407
9336,0.000144,5.596711e+01,5.90226798
9337,0.000126,5.595802e+01,4.74645623
9338,0.000147,5.595037e+01,3.92952949
9339,0.000123,5.594355e+01,3.37041757
9340,0.000120,5.594040e+01,6.39883154
9341,0.000137,5.593058e+01,5.10356686
9342,0.000125,5.592252e+01,4.17933360
9343,0.000123,5.591547e+01,3.53923672
9344,0.000128,5.591405e+01,6.95265406
9345,0.000152,5.590336e+01,5.50495701
9346,0.000143,5.589479e+01,4.46306525
9347,0.000171,5.588745e+01,3.73340162
9348,0.000153,5.588081e+01,3.23948442
9349,0.001999,5.587638e+01,5.95476296
9350,0.000109,5.586721e+01,4.78407653
9351,0.000099,5.585952e+01,3.95572170
9352,0.000102,5.585268e+01,3.38802118
9353,0.000133,5.584970e+01,6.45750791
9354,0.000104,5.583980e+01,5.14596485
9355,0.000127,5.583168e+01,4.20917716
9356,0.000107,5.582460e+01,3.55955440
9357,0.000112,5.582339e+01,7.01809322
9358,0.000102,5.581259e+01,5.55258717
9359,0.000108,5.580397e+01,4.49692959
9360,0.000110,5.579659e+01,3.75674272
9361,0.000106,5.578993e+01,3.25499847
9362,0.000159,5.578565e+01,6.00811863
9363,0.000171,5.577640e+01,4.82235714
9364,0.000148,5.576866e+01,3.98241519
9365,0.000108,5.576180e+01,3.40599694
9366,0.000109,5.575901e+01,6.51712775
9367,0.000100,5.574901e+01,5.18908731
9368,0.000098,5.574084e+01,4.23957292
9369,0.000105,5.573373e+01,3.58028512
9370,0.000100,5.573274e+01,7.08456656
9371,0.000097,5.572183e+01,5.60101139
9372,0.000108,5.571314e+01,4.53140075
9373,0.000104,5.570573e+01,3.78054051
9374,0.000102,5.569905e+01,3.27084685
9375,0.000104,5.569492e+01,6.06234427
9376,0.000104,5.568559e+01,4.86130352
9377,0.000102,5.567781e+01,4.00961212
9378,0.000104,5.567092e+01,3.42434406
9379,0.000107,5.566831e+01,6.57770080
9380,0.000101,5.565822e+01,5.23293957
9381,0.000101,5.565000e+01,4.27052250
9382,0.000104,5.564286e+01,3.60142719
9383,0.000099,5.564209e+01,7.15208462
9384,0.000107,5.563107e+01,5.65023537
9385,0.000107,5.562232e+01,4.56648027
9386,0.000099,5.561486e+01,3.80479288
9387,0.000097,5.560816e+01,3.28702417
9388,0.000107,5.560419e+01,6.11744639
9389,0.000104,5.559478e+01,4.90091764
9390,0.000111,5.558696e+01,4.03731051
9391,0.004256,5.558004e+01,3.44305705
9392,0.000104,5.557762e+01,6.63923479
9393,0.000103,5.556743e+01,5.27752451
9394,0.000093,5.555916e+01,4.30202454
9395,0.000090,5.555198e+01,3.62297552
9396,0.000112,5.555145e+01,7.22065677
9397,0.000087,5.554031e+01,5.70026328
9398,0.000089,5.553149e+01,4.60216788
9399,0.000090,5.552400e+01,3.82949565
9400,0.000091,5.551727e+01,3.30352278
9401,0.000093,5.551346e+01,6.17343085
9402,0.000091,5.550397e+01,4.94120070
9403,0.000111,5.549610e+01,4.06550756
9404,0.000185,5.548916e+01,3.46212957
9405,0.000298,5.548693e+01,6.70173755
9406,0.000300,5.547665e+01,5.32284515
9407,0.000363,5.546831e+01,4.33407798
9408,0.000292,5.546110e+01,3.64492552
9409,0.000287,5.546080e+01,7.29029310
9410,0.000369,5.544955e+01,5.75110027
9411,0.000358,5.544066e+01,4.63846459
9412,0.000332,5.543313e+01,3.85464636
9413,0.000560,5.542638e+01,3.32033722
9414,0.000463,5.542273e+01,6.23030516
9415,0.000438,5.541316e+01,4.98215607
9416,0.000557,5.540524e+01,4.09420319
9417,0.000427,5.539827e+01,3.48155863
9418,0.000435,5.539625e+01,6.76521919
9419,0.000342,5.538586e+01,5.36890739
9420,0.000188,5.537747e+01,4.36668533
9421,0.000175,5.537022e+01,3.66727692
9422,0.000171,5.537017e+01,7.36100641
9423,0.000189,5.535879e+01,5.80275486
9424,0.000180,5.534983e+01,4.67537559
9425,0.000418,5.534226e+01,3.88024756
9426,0.000511,5.533549e+01,3.33746792
9427,0.000451,5.533201e+01,6.28808048
9428,0.000495,5.532235e+01,5.02379158
9429,0.000527,5.531438e+01,4.12340276
9430,0.000416,5.530739e+01,3.50134773
9431,0.000484,5.530557e+01,6.82969346
9432,0.003272,5.529508e+01,5.41572167
9433,0.000162,5.528663e+01,4.39985469
9434,0.000158,5.527935e+01,3.69003617
9435,0.000151,5.527275e+01,3.21082850
9436,0.000148,5.526804e+01,5.85523844
9437,0.000154,5.525900e+01,4.71291537
9438,0.000132,5.525139e+01,3.90631368
9439,0.000120,5.524460e+01,3.35492777
9440,0.000121,5.524129e+01,6.34679360
9441,0.000123,5.523155e+01,5.06613749
9442,0.000143,5.522353e+01,4.15313096
9443,0.000134,5.521650e+01,3.52151698
9444,0.000137,5.521489e+01,6.89520997
9445,0.000215,5.520430e+01,5.46332706
9446,0.000249,5.519579e+01,4.43361720
9447,0.000252,5.518848e+01,3.71322855
9448,0.000226,5.518186e+01,3.22617757
9449,0.000208,5.517729e+01,5.90859978
9450,0.000279,5.516819e+01,4.75111281
9451,0.000291,5.516053e+01,3.93286412
9452,0.000190,5.515371e+01,3.37273235
9453,0.000201,5.515058e+01,6.40645381
9454,0.000197,5.514075e+01,5.10920101
9455,0.000215,5.513268e+01,4.18339583
9456,0.000239,5.512563e+01,3.54207654
9457,0.000205,5.512423e+01,6.96176293
9458,0.000197,5.511353e+01,5.51172212
9459,0.000202,5.510496e+01,4.46797613
9460,0.000205,5.509761e+01,3.73686180
9461,0.000168,5.509097e+01,3.24184076
9462,0.000183,5.508656e+01,5.96283130
9463,0.000168,5.507737e+01,4.78997187
9464,0.000168,5.506968e+01,3.95990983
9465,0.000175,5.506283e+01,3.39089676
9466,0.000146,5.505989e+01,6.46707257
9467,0.000132,5.504997e+01,5.15299659
9468,0.000134,5.504184e+01,4.21421400
9469,0.000143,5.503475e+01,3.56304459
9470,0.000140,5.503358e+01,7.02937098
9471,0.000146,5.502277e+01,5.56092523
9472,0.000171,5.501413e+01,4.50295010
9473,0.000277,5.500675e+01,3.76095505
9474,0.000434,5.500009e+01,3.25783765
9475,0.000509,5.499583e+01,6.01795296
9476,0.000460,5.498657e+01,4.82951174
9477,0.003365,5.497883e+01,3.98746993
9478,0.000145,5.497196e+01,3.40944022
9479,0.000139,5.496920e+01,6.52867057
9480,0.000146,5.495918e+01,5.19754340
9481,0.000146,5.495101e+01,4.24560402
9482,0.000141,5.494389e+01,3.58443954
9483,0.000149,5.494294e+01,7.09805526
9484,0.000156,5.493202e+01,5.61095531
9485,0.000137,5.492331e+01,4.53855686
9486,0.000142,5.491589e+01,3.78552555
9487,0.000142,5.490921e+01,3.27418510
9488,0.000147,5.490511e+01,6.07398351
9489,0.000158,5.489577e+01,4.86974939
9490,0.000202,5.488798e+01,4.01556037
9491,0.000183,5.488108e+01,3.42837800
9492,0.000169,5.487852e+01,6.59126646
9493,0.000166,5.486841e+01,5.24285766
9494,0.000173,5.486017e+01,4.27758055
9495,0.000163,5.485302e+01,3.60627491
9496,0.000170,5.485231e+01,7.16783455
9497,0.000176,5.484127e+01,5.66182798
9498,0.000178,5.483249e+01,4.57480986
9499,0.000175,5.482503e+01,3.81058512
9500,0.000208,5.481833e+01,3.29089352
9501,0.000196,5.481439e+01,6.13093816
9502,0.000190,5.480497e+01,4.91069720
9503,0.000187,5.479713e+01,4.04419138
9504,0.000204,5.479021e+01,3.44771852
9505,0.000152,5.478784e+01,6.65487535
9506,0.000161,5.477763e+01,5.28895097
9507,0.000170,5.476934e+01,4.31015248
9508,0.000240,5.476216e+01,3.62855734
9509,0.000356,5.476168e+01,7.23872419
9510,0.000210,5.475052e+01,5.71355443
9511,0.000198,5.474168e+01,4.61171698
9512,0.000194,5.473418e+01,3.83613890
9513,0.000206,5.472745e+01,3.30796557
9514,0.000199,5.472368e+01,6.18882810
9515,0.000197,5.471417e+01,4.95236245
9516,0.000182,5.470629e+01,4.07336702
9517,0.000166,5.469934e+01,3.46746296
9518,0.000174,5.469717e+01,6.71950887
9519,0.000174,5.468686e+01,5.33583046
9520,0.000167,5.467851e+01,4.34332319
9521,0.000176,5.467129e+01,3.65128695
9522,0.000176,5.467106e+01,7.31073669
9523,0.002595,5.465977e+01,5.76614210
9524,0.000167,5.465086e+01,4.64928141
9525,0.000159,5.464332e+01,3.86218645
9526,0.000161,5.463656e+01,3.32539752
9527,0.000162,5.463297e+01,6.24766150
9528,0.000162,5.462337e+01,4.99474863
9529,0.000165,5.461544e+01,4.10308673
9530,0.000169,5.460846e+01,3.48760721
9531,0.000163,5.460650e+01,6.78517633
9532,0.000167,5.459608e+01,5.38350039
9533,0.000162,5.458767e+01,4.37709257
9534,0.000172,5.458042e+01,3.67445979
9535,0.000171,5.457383e+01,3.20055454
9536,0.000229,5.456903e+01,5.81959487
9537,0.000246,5.456004e+01,4.68750761
9538,0.000221,5.455246e+01,3.88872950
9539,0.000204,5.454568e+01,3.34318705
9540,0.000222,5.454226e+01,6.30746607
9541,0.000169,5.453257e+01,5.03787444
9542,0.000167,5.452459e+01,4.13336091
9543,0.000173,5.451758e+01,3.50815434
9544,0.000165,5.451583e+01,6.85191758
9545,0.000166,5.450531e+01,5.43198759
9546,0.000182,5.449683e+01,4.41147670
9547,0.000171,5.448955e+01,3.69808315
9548,0.000146,5.448294e+01,3.21620255
9549,0.000134,5.447828e+01,5.87394916
9550,0.000152,5.446922e+01,4.72640962
9551,0.000138,5.446159e+01,3.91576973
9552,0.000139,5.445479e+01,3.36132901
9553,0.000154,5.445155e+01,6.36824066
9554,0.000164,5.444177e+01,5.08173365
9555,0.000172,5.443374e+01,4.16418093
9556,0.000173,5.442670e+01,3.52909458
9557,0.000170,5.442517e+01,6.91971784
9558,0.000174,5.441453e+01,5.48127859
9559,0.000179,5.440600e+01,4.44646360
9560,0.000178,5.439867e+01,3.72214626
9561,0.000180,5.439204e+01,3.23215658
9562,0.000197,5.438754e+01,5.92918701
9563,0.000195,5.437840e+01,4.76597780
9564,0.000193,5.437073e+01,3.94330134
9565,0.000200,5.436390e+01,3.37981891
9566,0.000191,5.436084e+01,6.42998743
9567,0.002940,5.435098e+01,5.12632881
9568,0.000144,5.434289e+01,4.19554885
9569,0.000148,5.433582e+01,3.55042907
9570,0.000150,5.433451e+01,6.98858806
9571,0.000152,5.432376e+01,5.53138200
9572,0.000138,5.431516e+01,4.48205990
9573,0.000144,5.430780e+01,3.74665421
9574,0.000138,5.430115e+01,3.24842033
9575,0.000144,5.429680e+01,5.98532095
9576,0.000148,5.428759e+01,4.80622222
9577,0.000146,5.427987e+01,3.97133268
9578,0.000104,5.427301e+01,3.39866382
9579,0.000092,5.427014e+01,6.49272195
9580,0.000087,5.426018e+01,5.17167282
9581,0.000125,5.425204e+01,4.22747583
9582,0.000105,5.424494e+01,3.57216784
9583,0.000100,5.424386e+01,7.05854651
9584,0.000107,5.423300e+01,5.58231318
9585,0.000099,5.422433e+01,4.51827926
9586,0.000107,5.421693e+01,3.77161965
9587,0.000110,5.421026e+01,3.26500588
9588,0.000102,5.420607e+01,6.04236860
9589,0.000110,5.419677e+01,4.84715869
9590,0.000117,5.418901e+01,3.99987868
9591,0.000107,5.418213e+01,3.41787826
9592,0.000109,5.417946e+01,6.55646392
9593,0.000112,5.416940e+01,5.21778337
9594,0.000163,5.416120e+01,4.25997867
9595,0.000155,5.415406e+01,3.59432744
9596,0.000135,5.415322e+01,7.12961479
9597,0.000137,5.414224e+01,5.63409149
9598,0.000142,5.413351e+01,4.55513998
9599,0.000133,5.412607e+01,3.79706069
9600,0.000170,5.411937e+01,3.28193138
9601,0.000226,5.411535e+01,6.10035075
9602,0.000191,5.410597e+01,4.88880672
9603,0.000186,5.409816e+01,4.02895855
9604,0.000165,5.409125e+01,3.43748157
9605,0.000128,5.408878e+01,6.62123542
9606,0.000119,5.407862e+01,5.26468091
9607,0.000116,5.407036e+01,4.29307732
9608,0.000121,5.406319e+01,3.61692791
9609,0.000122,5.406260e+01,7.20181620
9610,0.000123,5.405149e+01,5.68673809
9611,0.000121,5.404269e+01,4.59266240
9612,0.000121,5.403521e+01,3.82299760
9613,0.001950,5.402849e+01,3.29921727
9614,0.000085,5.402464e+01,6.15928915
9615,0.000084,5.401518e+01,4.93118679
9616,0.000083,5.400732e+01,4.05859241
9617,0.000084,5.400038e+01,3.45749394
9618,0.000084,5.399811e+01,6.68705872
9619,0.000085,5.398785e+01,5.31238589
9620,0.000088,5.397953e+01,4.32679145
9621,0.000082,5.397233e+01,3.63998875
9622,0.000084,5.397198e+01,7.27517356
9623,0.000084,5.396075e+01,5.74027335
9624,0.000083,5.395188e+01,4.63086561
9625,0.000087,5.394436e+01,3.84944893
9626,0.000083,5.393762e+01,3.31688177
9627,0.000118,5.393394e+01,6.21920414
9628,0.000105,5.392439e+01,4.97431733
9629,0.000107,5.391648e+01,4.08879769
9630,0.000103,5.390951e+01,3.47793216
9631,0.000110,5.390745e+01,6.75395424
9632,0.000136,5.389709e+01,5.36091612
9633,0.000124,5.388871e+01,4.36113734
9634,0.000151,5.388147e+01,3.66352519
9635,0.000147,5.388138e+01,7.34970754
9636,0.000144,5.387002e+01,5.79471462
9637,0.000129,5.386107e+01,4.66976476
9638,0.000144,5.385351e+01,3.87642832
9639,0.000144,5.384674e+01,3.33493725
9640,0.000126,5.384324e+01,6.28011280
9641,0.000115,5.383360e+01,5.01821254
9642,0.000123,5.382564e+01,4.11958652
9643,0.000115,5.381864e+01,3.49880669
9644,0.000114,5.381680e+01,6.82193908
9645,0.000148,5.380632e+01,5.41028515
9646,0.000120,5.379788e+01,4.39612581
9647,0.000116,5.379061e+01,3.68754593
9648,0.000123,5.378401e+01,3.20920984
9649,0.000117,5.377929e+01,5.85007356
9650,0.000116,5.377026e+01,4.70937341
9651,0.000120,5.376266e+01,3.90394802
9652,0.000126,5.375586e+01,3.35339311
9653,0.000124,5.375254e+01,6.34204921
9654,0.000124,5.374281e+01,5.06289837
9655,0.001805,5.373480e+01,4.15097751
9656,0.000090,5.372777e+01,3.52012971
9657,0.000084,5.372615e+01,6.89105800
9658,0.000087,5.371556e+01,5.46052515
9659,0.000083,5.370706e+01,4.43177885
9660,0.000082,5.369975e+01,3.71206461
9661,0.000084,5.369313e+01,3.22546998
9662,0.000084,5.368856e+01,5.90639008
9663,0.000139,5.367946e+01,4.74970914
9664,0.000088,5.367180e+01,3.93201326
9665,0.000082,5.366499e+01,3.37224773
9666,0.000084,5.366185e+01,6.40501377
9667,0.000093,5.365203e+01,5.10836987
9668,0.000119,5.364396e+01,4.18296299
9669,0.000132,5.363690e+01,3.54189199
9670,0.000112,5.363550e+01,6.96129623
9671,0.000103,5.362480e+01,5.51162209
9672,0.000107,5.361623e+01,4.46808316
9673,0.000104,5.360888e+01,3.73706840
9674,0.000111,5.360224e+01,3.24207886
9675,0.000114,5.359783e+01,5.96364413
9676,0.000122,5.358865e+01,4.79075919
9677,0.000172,5.358095e+01,3.96061396
9678,0.000189,5.357410e+01,3.39149110
9679,0.000158,5.357116e+01,6.46900552
9680,0.000136,5.356124e+01,5.15462510
9681,0.000137,5.355311e+01,4.21553897
9682,0.000147,5.354602e+01,3.56408703
9683,0.000128,5.354486e+01,7.03266085
9684,0.000126,5.353404e+01,5.56357902
9685,0.000125,5.352540e+01,4.50503802
9686,0.000113,5.351801e+01,3.76255307
9687,0.000113,5.351135e+01,3.25902903
9688,0.000121,5.350710e+01,6.02184208
9689,0.000115,5.349784e+01,4.83252541
9690,0.000116,5.349009e+01,3.98974810
9691,0.000122,5.348322e+01,3.41111777
9692,0.000114,5.348047e+01,6.53403363
9693,0.000120,5.347045e+01,5.20166836
9694,0.000128,5.346227e+01,4.24870570
9695,0.001879,5.345515e+01,3.58671161
9696,0.000088,5.345422e+01,7.10516381
9697,0.000083,5.344328e+01,5.61640278
9698,0.000084,5.343457e+01,4.54264614
9699,0.000085,5.342715e+01,3.78851790
9700,0.000083,5.342046e+01,3.27631686
9701,0.000084,5.341638e+01,6.08099342
9702,0.000087,5.340703e+01,4.87501310
9703,0.000090,5.339923e+01,4.01941762
9704,0.000082,5.339233e+01,3.43112694
9705,0.000087,5.338979e+01,6.60011035
9706,0.000083,5.337967e+01,5.24950764
9707,0.000084,5.337142e+01,4.28246789
9708,0.000083,5.336427e+01,3.60976787
9709,0.000107,5.336359e+01,7.17882017
9710,0.000111,5.335253e+01,5.67010413
9711,0.000101,5.334375e+01,4.58091503
9712,0.000098,5.333628e+01,3.81496801
9713,0.000106,5.332957e+01,3.29394553
9714,0.000105,5.332566e+01,6.14111170
9715,0.000099,5.331622e+01,4.91823257
9716,0.000104,5.330838e+01,4.04963054
9717,0.000099,5.330145e+01,3.45152490
9718,0.000098,5.329912e+01,6.66725199
9719,0.000108,5.328889e+01,5.29815594
9720,0.000100,5.328058e+01,4.31683634
9721,0.000099,5.327339e+01,3.63326509
9722,0.000108,5.327297e+01,7.25364900
9723,0.000115,5.326178e+01,5.72469864
9724,0.000112,5.325292e+01,4.61985807
9725,0.000113,5.324541e+01,3.84191541
9726,0.000121,5.323868e+01,3.31192616
9727,0.000123,5.323495e+01,6.20221488
9728,0.000121,5.322542e+01,4.96219951
9729,0.000126,5.321753e+01,4.08040130
9730,0.000121,5.321057e+01,3.47232543
9731,0.000126,5.320845e+01,6.73547879
9732,0.000124,5.319811e+01,5.34763106
9733,0.000128,5.318975e+01,4.35182757
9734,0.000114,5.318252e+01,3.65721926
9735,0.002006,5.318236e+01,7.32967268
9736,0.000107,5.317104e+01,5.78020596
9737,0.000101,5.316211e+01,4.65949350
9738,0.000111,5.315455e+01,3.86937787
9739,0.000094,5.314780e+01,3.33027641
9740,0.000083,5.314425e+01,6.26432434
9741,0.000088,5.313463e+01,5.00693365
9742,0.000089,5.312668e+01,4.11174904
9743,0.000083,5.311969e+01,3.49354764
9744,0.000085,5.311780e+01,6.80481371
9745,0.000084,5.310735e+01,5.39795392
9746,0.000084,5.309892e+01,4.38746172
9747,0.000084,5.309166e+01,3.68165049
9748,0.000085,5.308507e+01,3.20534383
9749,0.000130,5.308031e+01,5.83664656
9750,0.000100,5.307130e+01,4.69984581
9751,0.000100,5.306370e+01,3.89738100
9752,0.000125,5.305692e+01,3.34902150
9753,0.000106,5.305355e+01,6.32748339
9754,0.000104,5.304384e+01,5.05247263
9755,0.000098,5.303584e+01,4.14370690
9756,0.000105,5.302882e+01,3.51522109
9757,0.000101,5.302715e+01,6.87531087
9758,0.000100,5.301659e+01,5.44916875
9759,0.000108,5.300810e+01,4.42377581
9760,0.000101,5.300080e+01,3.70659055
9761,0.000102,5.299418e+01,3.22184901
9762,0.000106,5.298958e+01,5.89407218
9763,0.000100,5.298050e+01,4.74094767
9764,0.000098,5.297285e+01,3.92594839
9765,0.000103,5.296604e+01,3.36818127
9766,0.000098,5.296287e+01,6.39170452
9767,0.000098,5.295307e+01,5.09882642
9768,0.000106,5.294501e+01,4.17628514
9769,0.000100,5.293796e+01,3.53735751
9770,0.000103,5.293652e+01,6.94696711
9771,0.000155,5.292584e+01,5.50127552
9772,0.000129,5.291728e+01,4.46077333
9773,0.000130,5.290994e+01,3.73204626
9774,0.001992,5.290331e+01,3.23873261
9775,0.000111,5.289887e+01,5.95247547
9776,0.000104,5.288970e+01,4.78280133
9777,0.000107,5.288201e+01,3.95508758
9778,0.000097,5.287517e+01,3.38776580
9779,0.000101,5.287220e+01,6.45699745
9780,0.000099,5.286229e+01,5.14600584
9781,0.000107,5.285418e+01,4.20949487
9782,0.000106,5.284709e+01,3.55996774
9783,0.000103,5.284589e+01,7.01979826
9784,0.000106,5.283509e+01,5.55428776
9785,0.000104,5.282647e+01,4.49846596
9786,0.000106,5.281909e+01,3.75802770
9787,0.000149,5.281243e+01,3.25600313
9788,0.000126,5.280815e+01,6.01187099
9789,0.000108,5.279890e+01,4.82541826
9790,0.000101,5.279116e+01,3.98480755
9791,0.000101,5.278430e+01,3.40778189
9792,0.000098,5.278152e+01,6.52337732
9793,0.000098,5.277152e+01,5.19402203
9794,0.000105,5.276335e+01,4.24334405
9795,0.000101,5.275623e+01,3.58305708
9796,0.000099,5.275527e+01,7.09382015
9797,0.000116,5.274435e+01,5.60821653
9798,0.000100,5.273565e+01,4.53686092
9799,0.000105,5.272823e+01,3.78453891
9800,0.000096,5.272155e+01,3.27366173
9801,0.000105,5.271744e+01,6.07227006
9802,0.000099,5.270811e+01,4.86880535
9803,0.000105,5.270032e+01,4.01511153
9804,0.000104,5.269342e+01,3.42822953
9805,0.000100,5.269086e+01,6.59085616
9806,0.000099,5.268075e+01,5.24288202
9807,0.000108,5.267251e+01,4.27783556
9808,0.000098,5.266536e+01,3.60662474
9809,0.000106,5.266465e+01,7.16904597
9810,0.000104,5.265361e+01,5.66306948
9811,0.000101,5.264483e+01,4.57596123
9812,0.000100,5.263737e+01,3.81157893
9813,0.000105,5.263066e+01,3.29170389
9814,0.001867,5.262674e+01,6.13368143
9815,0.000101,5.261731e+01,4.91296627
9816,0.000101,5.260947e+01,4.04599887
9817,0.000097,5.260255e+01,3.44910426
9818,0.000096,5.260019e+01,6.65944426
9819,0.000097,5.258997e+01,5.29259062
9820,0.000099,5.258168e+01,4.31296957
9821,0.000101,5.257449e+01,3.63066693
9822,0.000095,5.257404e+01,7.24548796
9823,0.000102,5.256286e+01,5.71885299
9824,0.000100,5.255402e+01,4.61576838
9825,0.000104,5.254651e+01,3.83914504
9826,0.000101,5.253978e+01,3.31012324
9827,0.000105,5.253603e+01,6.19611344
9828,0.000139,5.252651e+01,4.95790424
9829,0.000139,5.251862e+01,4.07746844
9830,0.000137,5.251167e+01,3.47040123
9831,0.000139,5.250953e+01,6.72915227
9832,0.000126,5.249920e+01,5.34315312
9833,0.000135,5.249084e+01,4.34874693
9834,0.000127,5.248362e+01,3.65518072
9835,0.000122,5.248343e+01,7.32315938
9836,0.000125,5.247212e+01,5.77557474
9837,0.000113,5.246320e+01,4.65628550
9838,0.000102,5.245565e+01,3.86723665
9839,0.000101,5.244889e+01,3.32891599
9840,0.000107,5.244532e+01,6.25957641
9841,0.000100,5.243571e+01,5.00362492
9842,0.000100,5.242777e+01,4.10952219
9843,0.000104,5.242078e+01,3.49211932
9844,0.000098,5.241887e+01,6.79999333
9845,0.000101,5.240843e+01,5.39457790
9846,0.000106,5.240001e+01,4.38517232
9847,0.000103,5.239275e+01,3.68016784
9848,0.000096,5.238615e+01,3.20444276
9849,0.000101,5.238138e+01,5.83324446
9850,0.000104,5.237238e+01,4.69752367
9851,0.000099,5.236479e+01,3.89586333
9852,0.001611,5.235800e+01,3.34808894
9853,0.000096,5.235463e+01,6.32410467
9854,0.000100,5.234492e+01,5.05015484
9855,0.000094,5.233692e+01,4.14217993
9856,0.000094,5.232990e+01,3.51427272
9857,0.000094,5.232822e+01,6.87201458
9858,0.000096,5.231766e+01,5.44690054
9859,0.000097,5.230917e+01,4.42227238
9860,0.000096,5.230187e+01,3.70564813
9861,0.000094,5.229526e+01,3.22130575
9862,0.000133,5.229065e+01,5.89190768
9863,0.000143,5.228157e+01,4.73950829
9864,0.000109,5.227393e+01,3.92504034
9865,0.000155,5.226712e+01,3.36765272
9866,0.000149,5.226394e+01,6.38970736
9867,0.000133,5.225413e+01,5.09749988
9868,0.000137,5.224608e+01,4.17544721
9869,0.000136,5.223903e+01,3.53686800
9870,0.000120,5.223758e+01,6.94521185
9871,0.000115,5.222691e+01,5.50011973
9872,0.000120,5.221835e+01,4.46004921
9873,0.000118,5.221101e+01,3.73162706
9874,0.000124,5.220437e+01,3.23852099
9875,0.000131,5.219993e+01,5.95155829
9876,0.000123,5.219076e+01,4.78224317
9877,0.000125,5.218307e+01,3.95477734
9878,0.000120,5.217624e+01,3.38762029
9879,0.000129,5.217326e+01,6.45639733
9880,0.000118,5.216335e+01,5.14567484
9881,0.000126,5.215524e+01,4.20934024
9882,0.000124,5.214816e+01,3.55992240
9883,0.000126,5.214695e+01,7.01960577
9884,0.000124,5.213616e+01,5.55425501
9885,0.000136,5.212753e+01,4.49852207
9886,0.000123,5.212015e+01,3.75812407
9887,0.000100,5.211349e+01,3.25610816
9888,0.000105,5.210922e+01,6.01221838
9889,0.000100,5.209996e+01,4.82574923
9890,0.001519,5.209223e+01,3.98509499
9891,0.000086,5.208536e+01,3.40801240
9892,0.000082,5.208259e+01,6.52419827
9893,0.000081,5.207258e+01,5.19470159
9894,0.000083,5.206441e+01,4.24388024
9895,0.000080,5.205729e+01,3.58345712
9896,0.000081,5.205634e+01,7.09522126
9897,0.000082,5.204541e+01,5.60932890
9898,0.000082,5.203671e+01,4.53771235
9899,0.000084,5.202929e+01,3.78516028
9900,0.000088,5.202261e+01,3.27408833
9901,0.000086,5.201851e+01,6.07391094
9902,0.000094,5.200917e+01,4.87004783
9903,0.000110,5.200138e+01,4.01601399
9904,0.000109,5.199449e+01,3.42884953
9905,0.000137,5.199193e+01,6.59313366
9906,0.000136,5.198182e+01,5.24460133
9907,0.000143,5.197358e+01,4.27908730
9908,0.000140,5.196643e+01,3.60749170
9909,0.000145,5.196573e+01,7.17208239
9910,0.000138,5.195468e+01,5.66536241
9911,0.000160,5.194591e+01,4.57763937
9912,0.000243,5.193844e+01,3.81275409
9913,0.000128,5.193173e+01,3.29247916
9914,0.000121,5.192782e+01,6.13665693
9915,0.000126,5.191839e+01,4.91515750
9916,0.000127,5.191055e+01,4.04755145
9917,0.000114,5.190362e+01,3.45014773
9918,0.000125,5.190128e+01,6.66322458
9919,0.000116,5.189106e+01,5.29539197
9920,0.000112,5.188276e+01,4.31497724
9921,0.000116,5.187557e+01,3.63204050
9922,0.000113,5.187514e+01,7.25021061
9923,0.000123,5.186395e+01,5.72237306
9924,0.000133,5.185510e+01,4.61831787
9925,0.000126,5.184759e+01,3.84091820
9926,0.000118,5.184086e+01,3.31129166
9927,0.001685,5.183713e+01,6.20047374
9928,0.000091,5.182760e+01,4.96109214
9929,0.000083,5.181971e+01,4.07971865
9930,0.000083,5.181275e+01,3.47191615
9931,0.000085,5.181063e+01,6.73448862
9932,0.000084,5.180030e+01,5.34708686
9933,0.000084,5.179194e+01,4.35156018
9934,0.000082,5.178471e+01,3.65711100
9935,0.000082,5.178455e+01,7.32962410
9936,0.000082,5.177323e+01,5.78037403
9937,0.000082,5.176430e+01,4.65975715
9938,0.000083,5.175674e+01,3.86965879
9939,0.000083,5.174998e+01,3.33052918
9940,0.000091,5.174644e+01,6.26537483
9941,0.000120,5.173682e+01,5.00786068
9942,0.000102,5.172887e+01,4.11252080
9943,0.000097,5.172188e+01,3.49415679
9944,0.000104,5.171999e+01,6.80693999
9945,0.000099,5.170954e+01,5.39969504
9946,0.000106,5.170111e+01,4.38884090
9947,0.000118,5.169385e+01,3.68270435
9948,0.000127,5.168725e+01,3.20612137
9949,0.000146,5.168250e+01,5.83937350
9950,0.000174,5.167349e+01,4.70196562
9951,0.000144,5.166589e+01,3.89898152
9952,0.000136,5.165911e+01,3.35019334
9953,0.000144,5.165575e+01,6.33139105
9954,0.000144,5.164604e+01,5.05548464
9955,0.000131,5.163803e+01,4.14597102
9956,0.000125,5.163101e+01,3.51687537
9957,0.000129,5.162936e+01,6.88062093
9958,0.000124,5.161879e+01,5.45324529
9959,0.000119,5.161029e+01,4.42683715
9960,0.000123,5.160298e+01,3.70882925
9961,0.000113,5.159637e+01,3.22344271
9962,0.000111,5.159178e+01,5.89940897
9963,0.000121,5.158269e+01,4.74495828
9964,0.000131,5.157504e+01,3.92888864
9965,0.000122,5.156822e+01,3.37027911
9966,0.000125,5.156507e+01,6.39852309
9967,0.001897,5.155525e+01,5.10395872
9968,0.000088,5.154719e+01,4.18006074
9969,0.000084,5.154014e+01,3.54006136
9970,0.000087,5.153872e+01,6.95551872
9971,0.000083,5.152803e+01,5.50772493
9972,0.000086,5.151946e+01,4.46553652
9973,0.000083,5.151212e+01,3.73547344
9974,0.000083,5.150548e+01,3.24113166
9975,0.000085,5.150106e+01,5.96046320
9976,0.000083,5.149188e+01,4.78872462
9977,0.000088,5.148418e+01,3.95937219
9978,0.000084,5.147734e+01,3.39077867
9979,0.000084,5.147439e+01,6.46677319
9980,0.000085,5.146447e+01,5.15328411
9981,0.000124,5.145635e+01,4.21478932
9982,0.000099,5.144926e+01,3.56371198
9983,0.000101,5.144809e+01,7.03164434
9984,0.000099,5.143728e+01,5.56314103
9985,0.000110,5.142864e+01,4.50494275
9986,0.000104,5.142125e+01,3.76263782
9987,0.000101,5.141459e+01,3.25918660
9988,0.000104,5.141034e+01,6.02254738
9989,0.000099,5.140107e+01,4.83327190
9990,0.000100,5.139333e+01,3.99043634
9991,0.000108,5.138645e+01,3.41169367
9992,0.000102,5.138372e+01,6.53615597
9993,0.000107,5.137369e+01,5.20347121
9994,0.000128,5.136551e+01,4.25016402
9995,0.000121,5.135838e+01,3.58783209
9996,0.000113,5.135747e+01,7.10901559
9997,0.000161,5.134653e+01,5.61950699
9998,0.000122,5.133781e+01,4.54506607
9999,0.000118,5.133039e+01,3.79033034
10000,0.000126,5.132370e+01,3.27761371
