iter,step,backtrack
1,0.001953125,9
2,0.001953125,9
3,0.001953125,9
4,0.001953125,9
5,0.001953125,9
6,0.00390625,8
7,0.001953125,9
8,0.001953125,9
9,0.00390625,8
10,0.001953125,9
11,0.0009765625,10
12,0.00390625,8
13,0.0009765625,10
14,0.00390625,8
15,0.0009765625,10
16,0.001953125,9
17,0.0009765625,10
18,0.001953125,9
19,0.001953125,9
20,0.0009765625,10
21,0.001953125,9
22,0.0009765625,10
23,0.001953125,9
24,0.0009765625,10
25,0.001953125,9
26,0.0009765625,10
27,0.001953125,9
28,0.0009765625,10
29,0.001953125,9
30,0.0009765625,10
31,0.001953125,9
32,0.0009765625,10
33,0.001953125,9
34,0.0009765625,10
35,0.0009765625,10
36,0.001953125,9
37,0.0009765625,10
38,0.0009765625,10
39,0.001953125,9
40,0.0009765625,10
41,0.001953125,9
42,0.0009765625,10
43,0.0009765625,10
44,0.001953125,9
45,0.0009765625,10
46,0.001953125,9
47,0.0009765625,10
48,0.001953125,9
49,0.0009765625,10
50,0.001953125,9
51,0.0009765625,10
52,0.001953125,9
53,0.0009765625,10
54,0.0009765625,10
55,0.001953125,9
56,0.0009765625,10
57,0.001953125,9
58,0.0009765625,10
59,0.001953125,9
60,0.0009765625,10
61,0.001953125,9
62,0.0009765625,10
63,0.001953125,9
64,0.0009765625,10
65,0.001953125,9
66,0.0009765625,10
67,0.001953125,9
68,0.0009765625,10
69,0.001953125,9
70,0.0009765625,10
71,0.0009765625,10
72,0.001953125,9
73,0.0009765625,10
74,0.001953125,9
75,0.0009765625,10
76,0.001953125,9
77,0.0009765625,10
78,0.001953125,9
79,0.0009765625,10
80,0.001953125,9
81,0.0009765625,10
82,0.001953125,9
83,0.0009765625,10
84,0.0009765625,10
85,0.001953125,9
86,0.0009765625,10
87,0.001953125,9
88,0.0009765625,10
89,0.001953125,9
90,0.0009765625,10
91,0.001953125,9
92,0.0009765625,10
93,0.0009765625,10
94,0.001953125,9
95,0.0009765625,10
96,0.001953125,9
97,0.0009765625,10
98,0.001953125,9
99,0.0009765625,10
100,0.001953125,9
101,0.0009765625,10
102,0.0009765625,10
103,0.001953125,9
104,0.0009765625,10
105,0.001953125,9
106,0.0009765625,10
107,0.001953125,9
108,0.0009765625,10
109,0.001953125,9
110,0.0009765625,10
111,0.0009765625,10
112,0.001953125,9
113,0.0009765625,10
114,0.001953125,9
115,0.0009765625,10
116,0.001953125,9
117,0.0009765625,10
118,0.001953125,9
119,0.0009765625,10
120,0.0009765625,10
121,0.001953125,9
122,0.0009765625,10
123,0.001953125,9
124,0.0009765625,10
125,0.001953125,9
126,0.0009765625,10
127,0.0009765625,10
128,0.001953125,9
129,0.0009765625,10
130,0.001953125,9
131,0.0009765625,10
132,0.001953125,9
133,0.0009765625,10
134,0.0009765625,10
135,0.001953125,9
136,0.0009765625,10
137,0.001953125,9
138,0.0009765625,10
139,0.001953125,9
140,0.0009765625,10
141,0.0009765625,10
142,0.001953125,9
143,0.0009765625,10
144,0.001953125,9
145,0.0009765625,10
146,0.001953125,9
147,0.0009765625,10
148,0.0009765625,10
149,0.001953125,9
150,0.0009765625,10
151,0.001953125,9
152,0.0009765625,10
153,0.0009765625,10
154,0.001953125,9
155,0.0009765625,10
156,0.001953125,9
157,0.0009765625,10
158,0.001953125,9
159,0.0009765625,10
160,0.0009765625,10
161,0.001953125,9
162,0.0009765625,10
163,0.001953125,9
164,0.0009765625,10
165,0.0009765625,10
166,0.001953125,9
167,0.0009765625,10
168,0.001953125,9
169,0.0009765625,10
170,0.001953125,9
171,0.0009765625,10
172,0.0009765625,10
173,0.001953125,9
174,0.0009765625,10
175,0.001953125,9
176,0.0009765625,10
177,0.0009765625,10
178,0.001953125,9
179,0.0009765625,10
180,0.001953125,9
181,0.0009765625,10
182,0.0009765625,10
183,0.001953125,9
184,0.0009765625,10
185,0.001953125,9
186,0.0009765625,10
187,0.0009765625,10
188,0.001953125,9
189,0.0009765625,10
190,0.001953125,9
191,0.0009765625,10
192,0.001953125,9
193,0.0009765625,10
194,0.0009765625,10
195,0.001953125,9
196,0.0009765625,10
197,0.001953125,9
198,0.0009765625,10
199,0.0009765625,10
200,0.001953125,9
201,0.0009765625,10
202,0.001953125,9
203,0.0009765625,10
204,0.0009765625,10
205,0.001953125,9
206,0.0009765625,10
207,0.001953125,9
208,0.0009765625,10
209,0.0009765625,10
210,0.001953125,9
211,0.0009765625,10
212,0.001953125,9
213,0.0009765625,10
214,0.0009765625,10
215,0.001953125,9
216,0.0009765625,10
217,0.001953125,9
218,0.0009765625,10
219,0.0009765625,10
220,0.001953125,9
221,0.0009765625,10
222,0.0009765625,10
223,0.001953125,9
224,0.0009765625,10
225,0.001953125,9
226,0.0009765625,10
227,0.0009765625,10
228,0.001953125,9
229,0.0009765625,10
230,0.001953125,9
231,0.0009765625,10
232,0.0009765625,10
233,0.001953125,9
234,0.0009765625,10
235,0.001953125,9
236,0.0009765625,10
237,0.0009765625,10
238,0.001953125,9
239,0.0009765625,10
240,0.001953125,9
241,0.0009765625,10
242,0.0009765625,10
243,0.001953125,9
244,0.0009765625,10
245,0.0009765625,10
246,0.001953125,9
247,0.0009765625,10
248,0.001953125,9
249,0.0009765625,10
250,0.0009765625,10
251,0.001953125,9
252,0.0009765625,10
253,0.001953125,9
254,0.0009765625,10
255,0.0009765625,10
256,0.001953125,9
257,0.0009765625,10
258,0.0009765625,10
259,0.001953125,9
260,0.0009765625,10
261,0.001953125,9
262,0.0009765625,10
263,0.0009765625,10
264,0.001953125,9
265,0.0009765625,10
266,0.0009765625,10
267,0.001953125,9
268,0.0009765625,10
269,0.001953125,9
270,0.0009765625,10
271,0.0009765625,10
272,0.001953125,9
273,0.0009765625,10
274,0.001953125,9
275,0.0009765625,10
276,0.0009765625,10
277,0.001953125,9
278,0.0009765625,10
279,0.0009765625,10
280,0.001953125,9
281,0.0009765625,10
282,0.001953125,9
283,0.0009765625,10
284,0.0009765625,10
285,0.001953125,9
286,0.0009765625,10
287,0.0009765625,10
288,0.001953125,9
289,0.0009765625,10
290,0.0009765625,10
291,0.001953125,9
292,0.0009765625,10
293,0.001953125,9
294,0.0009765625,10
295,0.0009765625,10
296,0.001953125,9
297,0.0009765625,10
298,0.0009765625,10
299,0.001953125,9
300,0.0009765625,10
301,0.0009765625,10
302,0.001953125,9
303,0.0009765625,10
304,0.001953125,9
305,0.0009765625,10
306,0.0009765625,10
307,0.001953125,9
308,0.0009765625,10
309,0.0009765625,10
310,0.001953125,9
311,0.0009765625,10
312,0.0009765625,10
313,0.001953125,9
314,0.0009765625,10
315,0.0009765625,10
316,0.001953125,9
317,0.0009765625,10
318,0.001953125,9
319,0.0009765625,10
320,0.0009765625,10
321,0.001953125,9
322,0.0009765625,10
323,0.0009765625,10
324,0.001953125,9
325,0.0009765625,10
326,0.0009765625,10
327,0.001953125,9
328,0.0009765625,10
329,0.0009765625,10
330,0.001953125,9
331,0.0009765625,10
332,0.0009765625,10
333,0.001953125,9
334,0.0009765625,10
335,0.0009765625,10
336,0.001953125,9
337,0.0009765625,10
338,0.0009765625,10
339,0.001953125,9
340,0.0009765625,10
341,0.0009765625,10
342,0.001953125,9
343,0.0009765625,10
344,0.0009765625,10
345,0.001953125,9
346,0.0009765625,10
347,0.0009765625,10
348,0.001953125,9
349,0.0009765625,10
350,0.0009765625,10
351,0.001953125,9
352,0.0009765625,10
353,0.0009765625,10
354,0.001953125,9
355,0.0009765625,10
356,0.0009765625,10
357,0.001953125,9
358,0.0009765625,10
359,0.0009765625,10
360,0.001953125,9
361,0.0009765625,10
362,0.0009765625,10
363,0.001953125,9
364,0.0009765625,10
365,0.0009765625,10
366,0.001953125,9
367,0.0009765625,10
368,0.0009765625,10
369,0.001953125,9
370,0.0009765625,10
371,0.0009765625,10
372,0.001953125,9
373,0.0009765625,10
374,0.0009765625,10
375,0.001953125,9
376,0.0009765625,10
377,0.0009765625,10
378,0.001953125,9
379,0.0009765625,10
380,0.0009765625,10
381,0.001953125,9
382,0.0009765625,10
383,0.0009765625,10
384,0.001953125,9
385,0.0009765625,10
386,0.0009765625,10
387,0.001953125,9
388,0.0009765625,10
389,0.0009765625,10
390,0.001953125,9
391,0.0009765625,10
392,0.0009765625,10
393,0.001953125,9
394,0.0009765625,10
395,0.0009765625,10
396,0.001953125,9
397,0.0009765625,10
398,0.0009765625,10
399,0.001953125,9
400,0.0009765625,10
401,0.0009765625,10
402,0.001953125,9
403,0.0009765625,10
404,0.0009765625,10
405,0.001953125,9
406,0.0009765625,10
407,0.0009765625,10
408,0.001953125,9
409,0.0009765625,10
410,0.0009765625,10
411,0.001953125,9
412,0.0009765625,10
413,0.0009765625,10
414,0.001953125,9
415,0.0009765625,10
416,0.0009765625,10
417,0.001953125,9
418,0.0009765625,10
419,0.0009765625,10
420,0.001953125,9
421,0.0009765625,10
422,0.0009765625,10
423,0.001953125,9
424,0.0009765625,10
425,0.0009765625,10
426,0.001953125,9
427,0.0009765625,10
428,0.0009765625,10
429,0.0009765625,10
430,0.001953125,9
431,0.0009765625,10
432,0.0009765625,10
433,0.001953125,9
434,0.0009765625,10
435,0.0009765625,10
436,0.001953125,9
437,0.0009765625,10
438,0.0009765625,10
439,0.001953125,9
440,0.0009765625,10
441,0.0009765625,10
442,0.001953125,9
443,0.0009765625,10
444,0.0009765625,10
445,0.001953125,9
446,0.0009765625,10
447,0.0009765625,10
448,0.001953125,9
449,0.0009765625,10
450,0.0009765625,10
451,0.001953125,9
452,0.0009765625,10
453,0.0009765625,10
454,0.0009765625,10
455,0.001953125,9
456,0.0009765625,10
457,0.0009765625,10
458,0.001953125,9
459,0.0009765625,10
460,0.0009765625,10
461,0.001953125,9
462,0.0009765625,10
463,0.0009765625,10
464,0.001953125,9
465,0.0009765625,10
466,0.0009765625,10
467,0.001953125,9
468,0.0009765625,10
469,0.0009765625,10
470,0.001953125,9
471,0.0009765625,10
472,0.0009765625,10
473,0.001953125,9
474,0.0009765625,10
475,0.0009765625,10
476,0.0009765625,10
477,0.001953125,9
478,0.0009765625,10
479,0.0009765625,10
480,0.001953125,9
481,0.0009765625,10
482,0.0009765625,10
483,0.001953125,9
484,0.0009765625,10
485,0.0009765625,10
486,0.001953125,9
487,0.0009765625,10
488,0.0009765625,10
489,0.001953125,9
490,0.0009765625,10
491,0.0009765625,10
492,0.0009765625,10
493,0.001953125,9
494,0.0009765625,10
495,0.0009765625,10
496,0.001953125,9
497,0.0009765625,10
498,0.0009765625,10
499,0.001953125,9
500,0.0009765625,10
501,0.0009765625,10
502,0.001953125,9
503,0.0009765625,10
504,0.0009765625,10
505,0.001953125,9
506,0.0009765625,10
507,0.0009765625,10
508,0.0009765625,10
509,0.001953125,9
510,0.0009765625,10
511,0.0009765625,10
512,0.001953125,9
513,0.0009765625,10
514,0.0009765625,10
515,0.001953125,9
516,0.0009765625,10
517,0.0009765625,10
518,0.001953125,9
519,0.0009765625,10
520,0.0009765625,10
521,0.001953125,9
522,0.0009765625,10
523,0.0009765625,10
524,0.0009765625,10
525,0.001953125,9
526,0.0009765625,10
527,0.0009765625,10
528,0.001953125,9
529,0.0009765625,10
530,0.0009765625,10
531,0.001953125,9
532,0.0009765625,10
533,0.0009765625,10
534,0.001953125,9
535,0.0009765625,10
536,0.0009765625,10
537,0.0009765625,10
538,0.001953125,9
539,0.0009765625,10
540,0.0009765625,10
541,0.001953125,9
542,0.0009765625,10
543,0.0009765625,10
544,0.001953125,9
545,0.0009765625,10
546,0.0009765625,10
547,0.0009765625,10
548,0.001953125,9
549,0.0009765625,10
550,0.0009765625,10
551,0.001953125,9
552,0.0009765625,10
553,0.0009765625,10
554,0.001953125,9
555,0.0009765625,10
556,0.0009765625,10
557,0.0009765625,10
558,0.001953125,9
559,0.0009765625,10
560,0.0009765625,10
561,0.001953125,9
562,0.0009765625,10
563,0.0009765625,10
564,0.0009765625,10
565,0.001953125,9
566,0.0009765625,10
567,0.0009765625,10
568,0.001953125,9
569,0.0009765625,10
570,0.0009765625,10
571,0.001953125,9
572,0.0009765625,10
573,0.0009765625,10
574,0.0009765625,10
575,0.001953125,9
576,0.0009765625,10
577,0.0009765625,10
578,0.001953125,9
579,0.0009765625,10
580,0.0009765625,10
581,0.0009765625,10
582,0.001953125,9
583,0.0009765625,10
584,0.0009765625,10
585,0.001953125,9
586,0.0009765625,10
587,0.0009765625,10
588,0.0009765625,10
589,0.001953125,9
590,0.0009765625,10
591,0.0009765625,10
592,0.001953125,9
593,0.0009765625,10
594,0.0009765625,10
595,0.0009765625,10
596,0.001953125,9
597,0.0009765625,10
598,0.0009765625,10
599,0.001953125,9
600,0.0009765625,10
601,0.0009765625,10
602,0.0009765625,10
603,0.001953125,9
604,0.0009765625,10
605,0.0009765625,10
606,0.001953125,9
607,0.0009765625,10
608,0.0009765625,10
609,0.0009765625,10
610,0.001953125,9
611,0.0009765625,10
612,0.0009765625,10
613,0.001953125,9
614,0.0009765625,10
615,0.0009765625,10
616,0.0009765625,10
617,0.001953125,9
618,0.0009765625,10
619,0.0009765625,10
620,0.001953125,9
621,0.0009765625,10
622,0.0009765625,10
623,0.0009765625,10
624,0.001953125,9
625,0.0009765625,10
626,0.0009765625,10
627,0.001953125,9
628,0.0009765625,10
629,0.0009765625,10
630,0.001953125,9
631,0.0009765625,10
632,0.0009765625,10
633,0.0009765625,10
634,0.001953125,9
635,0.0009765625,10
636,0.0009765625,10
637,0.001953125,9
638,0.0009765625,10
639,0.0009765625,10
640,0.0009765625,10
641,0.001953125,9
642,0.0009765625,10
643,0.0009765625,10
644,0.0009765625,10
645,0.001953125,9
646,0.0009765625,10
647,0.0009765625,10
648,0.001953125,9
649,0.0009765625,10
650,0.0009765625,10
651,0.0009765625,10
652,0.001953125,9
653,0.0009765625,10
654,0.0009765625,10
655,0.001953125,9
656,0.0009765625,10
657,0.0009765625,10
658,0.0009765625,10
659,0.001953125,9
660,0.0009765625,10
661,0.0009765625,10
662,0.001953125,9
663,0.0009765625,10
664,0.0009765625,10
665,0.0009765625,10
666,0.001953125,9
667,0.0009765625,10
668,0.0009765625,10
669,0.001953125,9
670,0.0009765625,10
671,0.0009765625,10
672,0.0009765625,10
673,0.001953125,9
674,0.0009765625,10
675,0.0009765625,10
676,0.001953125,9
677,0.0009765625,10
678,0.0009765625,10
679,0.0009765625,10
680,0.001953125,9
681,0.0009765625,10
682,0.0009765625,10
683,0.001953125,9
684,0.0009765625,10
685,0.0009765625,10
686,0.0009765625,10
687,0.001953125,9
688,0.0009765625,10
689,0.0009765625,10
690,0.001953125,9
691,0.0009765625,10
692,0.0009765625,10
693,0.0009765625,10
694,0.001953125,9
695,0.0009765625,10
696,0.0009765625,10
697,0.0009765625,10
698,0.001953125,9
699,0.0009765625,10
700,0.0009765625,10
701,0.001953125,9
702,0.0009765625,10
703,0.0009765625,10
704,0.0009765625,10
705,0.001953125,9
706,0.0009765625,10
707,0.0009765625,10
708,0.001953125,9
709,0.0009765625,10
710,0.0009765625,10
711,0.0009765625,10
712,0.001953125,9
713,0.0009765625,10
714,0.0009765625,10
715,0.001953125,9
716,0.0009765625,10
717,0.0009765625,10
718,0.0009765625,10
719,0.001953125,9
720,0.0009765625,10
721,0.0009765625,10
722,0.0009765625,10
723,0.001953125,9
724,0.0009765625,10
725,0.0009765625,10
726,0.001953125,9
727,0.0009765625,10
728,0.0009765625,10
729,0.0009765625,10
730,0.001953125,9
731,0.0009765625,10
732,0.0009765625,10
733,0.001953125,9
734,0.0009765625,10
735,0.0009765625,10
736,0.0009765625,10
737,0.001953125,9
738,0.0009765625,10
739,0.0009765625,10
740,0.001953125,9
741,0.0009765625,10
742,0.0009765625,10
743,0.0009765625,10
744,0.001953125,9
745,0.0009765625,10
746,0.0009765625,10
747,0.0009765625,10
748,0.001953125,9
749,0.0009765625,10
750,0.0009765625,10
751,0.001953125,9
752,0.0009765625,10
753,0.0009765625,10
754,0.0009765625,10
755,0.001953125,9
756,0.0009765625,10
757,0.0009765625,10
758,0.001953125,9
759,0.0009765625,10
760,0.0009765625,10
761,0.0009765625,10
762,0.001953125,9
763,0.0009765625,10
764,0.0009765625,10
765,0.0009765625,10
766,0.001953125,9
767,0.0009765625,10
768,0.0009765625,10
769,0.001953125,9
770,0.0009765625,10
771,0.0009765625,10
772,0.0009765625,10
773,0.001953125,9
774,0.0009765625,10
775,0.0009765625,10
776,0.001953125,9
777,0.0009765625,10
778,0.0009765625,10
779,0.0009765625,10
780,0.001953125,9
781,0.0009765625,10
782,0.0009765625,10
783,0.0009765625,10
784,0.001953125,9
785,0.0009765625,10
786,0.0009765625,10
787,0.001953125,9
788,0.0009765625,10
789,0.0009765625,10
790,0.0009765625,10
791,0.001953125,9
792,0.0009765625,10
793,0.0009765625,10
794,0.0009765625,10
795,0.001953125,9
796,0.0009765625,10
797,0.0009765625,10
798,0.001953125,9
799,0.0009765625,10
800,0.0009765625,10
801,0.0009765625,10
802,0.001953125,9
803,0.0009765625,10
804,0.0009765625,10
805,0.0009765625,10
806,0.001953125,9
807,0.0009765625,10
808,0.0009765625,10
809,0.0009765625,10
810,0.001953125,9
811,0.0009765625,10
812,0.0009765625,10
813,0.001953125,9
814,0.0009765625,10
815,0.0009765625,10
816,0.0009765625,10
817,0.001953125,9
818,0.0009765625,10
819,0.0009765625,10
820,0.0009765625,10
821,0.001953125,9
822,0.0009765625,10
823,0.0009765625,10
824,0.0009765625,10
825,0.001953125,9
826,0.0009765625,10
827,0.0009765625,10
828,0.0009765625,10
829,0.001953125,9
830,0.0009765625,10
831,0.0009765625,10
832,0.001953125,9
833,0.0009765625,10
834,0.0009765625,10
835,0.0009765625,10
836,0.001953125,9
837,0.0009765625,10
838,0.0009765625,10
839,0.0009765625,10
840,0.001953125,9
841,0.0009765625,10
842,0.0009765625,10
843,0.0009765625,10
844,0.001953125,9
845,0.0009765625,10
846,0.0009765625,10
847,0.0009765625,10
848,0.001953125,9
849,0.0009765625,10
850,0.0009765625,10
851,0.001953125,9
852,0.0009765625,10
853,0.0009765625,10
854,0.0009765625,10
855,0.001953125,9
856,0.0009765625,10
857,0.0009765625,10
858,0.0009765625,10
859,0.001953125,9
860,0.0009765625,10
861,0.0009765625,10
862,0.0009765625,10
863,0.001953125,9
864,0.0009765625,10
865,0.0009765625,10
866,0.001953125,9
867,0.0009765625,10
868,0.0009765625,10
869,0.0009765625,10
870,0.001953125,9
871,0.0009765625,10
872,0.0009765625,10
873,0.0009765625,10
874,0.001953125,9
875,0.0009765625,10
876,0.0009765625,10
877,0.0009765625,10
878,0.001953125,9
879,0.0009765625,10
880,0.0009765625,10
881,0.0009765625,10
882,0.001953125,9
883,0.0009765625,10
884,0.0009765625,10
885,0.001953125,9
886,0.0009765625,10
887,0.0009765625,10
888,0.0009765625,10
889,0.001953125,9
890,0.0009765625,10
891,0.0009765625,10
892,0.0009765625,10
893,0.001953125,9
894,0.0009765625,10
895,0.0009765625,10
896,0.0009765625,10
897,0.001953125,9
898,0.0009765625,10
899,0.0009765625,10
900,0.0009765625,10
901,0.001953125,9
902,0.0009765625,10
903,0.0009765625,10
904,0.001953125,9
905,0.0009765625,10
906,0.0009765625,10
907,0.0009765625,10
908,0.001953125,9
909,0.0009765625,10
910,0.0009765625,10
911,0.0009765625,10
912,0.001953125,9
913,0.0009765625,10
914,0.0009765625,10
915,0.0009765625,10
916,0.001953125,9
917,0.0009765625,10
918,0.0009765625,10
919,0.0009765625,10
920,0.001953125,9
921,0.0009765625,10
922,0.0009765625,10
923,0.001953125,9
924,0.0009765625,10
925,0.0009765625,10
926,0.0009765625,10
927,0.001953125,9
928,0.0009765625,10
929,0.0009765625,10
930,0.0009765625,10
931,0.001953125,9
932,0.0009765625,10
933,0.0009765625,10
934,0.0009765625,10
935,0.001953125,9
936,0.0009765625,10
937,0.0009765625,10
938,0.0009765625,10
939,0.001953125,9
940,0.0009765625,10
941,0.0009765625,10
942,0.0009765625,10
943,0.001953125,9
944,0.0009765625,10
945,0.0009765625,10
946,0.001953125,9
947,0.0009765625,10
948,0.0009765625,10
949,0.0009765625,10
950,0.001953125,9
951,0.0009765625,10
952,0.0009765625,10
953,0.0009765625,10
954,0.001953125,9
955,0.0009765625,10
956,0.0009765625,10
957,0.0009765625,10
958,0.001953125,9
959,0.0009765625,10
960,0.0009765625,10
961,0.0009765625,10
962,0.001953125,9
963,0.0009765625,10
964,0.0009765625,10
965,0.001953125,9
966,0.0009765625,10
967,0.0009765625,10
968,0.0009765625,10
969,0.001953125,9
970,0.0009765625,10
971,0.0009765625,10
972,0.0009765625,10
973,0.001953125,9
974,0.0009765625,10
975,0.0009765625,10
976,0.0009765625,10
977,0.001953125,9
978,0.0009765625,10
979,0.0009765625,10
980,0.0009765625,10
981,0.001953125,9
982,0.0009765625,10
983,0.0009765625,10
984,0.001953125,9
985,0.0009765625,10
986,0.0009765625,10
987,0.0009765625,10
988,0.001953125,9
989,0.0009765625,10
990,0.0009765625,10
991,0.0009765625,10
992,0.001953125,9
993,0.0009765625,10
994,0.0009765625,10
995,0.0009765625,10
996,0.001953125,9
997,0.0009765625,10
998,0.0009765625,10
999,0.0009765625,10
1000,0.001953125,9
1001,0.0009765625,10
1002,0.0009765625,10
1003,0.001953125,9
1004,0.0009765625,10
1005,0.0009765625,10
1006,0.0009765625,10
1007,0.001953125,9
1008,0.0009765625,10
1009,0.0009765625,10
1010,0.0009765625,10
1011,0.001953125,9
1012,0.0009765625,10
1013,0.0009765625,10
1014,0.0009765625,10
1015,0.001953125,9
1016,0.0009765625,10
1017,0.0009765625,10
1018,0.0009765625,10
1019,0.001953125,9
1020,0.0009765625,10
1021,0.0009765625,10
1022,0.001953125,9
1023,0.0009765625,10
1024,0.0009765625,10
1025,0.0009765625,10
1026,0.001953125,9
1027,0.0009765625,10
1028,0.0009765625,10
1029,0.0009765625,10
1030,0.001953125,9
1031,0.0009765625,10
1032,0.0009765625,10
1033,0.0009765625,10
1034,0.001953125,9
1035,0.0009765625,10
1036,0.0009765625,10
1037,0.0009765625,10
1038,0.001953125,9
1039,0.0009765625,10
1040,0.0009765625,10
1041,0.0009765625,10
1042,0.001953125,9
1043,0.0009765625,10
1044,0.0009765625,10
1045,0.001953125,9
1046,0.0009765625,10
1047,0.0009765625,10
1048,0.0009765625,10
1049,0.001953125,9
1050,0.0009765625,10
1051,0.0009765625,10
1052,0.0009765625,10
1053,0.001953125,9
1054,0.0009765625,10
1055,0.0009765625,10
1056,0.0009765625,10
1057,0.001953125,9
1058,0.0009765625,10
1059,0.0009765625,10
1060,0.0009765625,10
1061,0.001953125,9
1062,0.0009765625,10
1063,0.0009765625,10
1064,0.0009765625,10
1065,0.001953125,9
1066,0.0009765625,10
1067,0.0009765625,10
1068,0.0009765625,10
1069,0.001953125,9
1070,0.0009765625,10
1071,0.0009765625,10
1072,0.0009765625,10
1073,0.001953125,9
1074,0.0009765625,10
1075,0.0009765625,10
1076,0.0009765625,10
1077,0.001953125,9
1078,0.0009765625,10
1079,0.0009765625,10
1080,0.0009765625,10
1081,0.001953125,9
1082,0.0009765625,10
1083,0.0009765625,10
1084,0.0009765625,10
1085,0.001953125,9
1086,0.0009765625,10
1087,0.0009765625,10
1088,0.0009765625,10
1089,0.001953125,9
1090,0.0009765625,10
1091,0.0009765625,10
1092,0.0009765625,10
1093,0.001953125,9
1094,0.0009765625,10
1095,0.0009765625,10
1096,0.0009765625,10
1097,0.001953125,9
1098,0.0009765625,10
1099,0.0009765625,10
1100,0.0009765625,10
1101,0.001953125,9
1102,0.0009765625,10
1103,0.0009765625,10
1104,0.0009765625,10
1105,0.001953125,9
1106,0.0009765625,10
1107,0.0009765625,10
1108,0.0009765625,10
1109,0.001953125,9
1110,0.0009765625,10
1111,0.0009765625,10
1112,0.0009765625,10
1113,0.001953125,9
1114,0.0009765625,10
1115,0.0009765625,10
1116,0.0009765625,10
1117,0.001953125,9
1118,0.0009765625,10
1119,0.0009765625,10
1120,0.0009765625,10
1121,0.001953125,9
1122,0.0009765625,10
1123,0.0009765625,10
1124,0.0009765625,10
1125,0.001953125,9
1126,0.0009765625,10
1127,0.0009765625,10
1128,0.0009765625,10
1129,0.001953125,9
1130,0.0009765625,10
1131,0.0009765625,10
1132,0.0009765625,10
1133,0.001953125,9
1134,0.0009765625,10
1135,0.0009765625,10
1136,0.001953125,9
1137,0.0009765625,10
1138,0.0009765625,10
1139,0.0009765625,10
1140,0.001953125,9
1141,0.0009765625,10
1142,0.0009765625,10
1143,0.0009765625,10
1144,0.001953125,9
1145,0.0009765625,10
1146,0.0009765625,10
1147,0.0009765625,10
1148,0.001953125,9
1149,0.0009765625,10
1150,0.0009765625,10
1151,0.0009765625,10
1152,0.001953125,9
1153,0.0009765625,10
1154,0.0009765625,10
1155,0.0009765625,10
1156,0.001953125,9
1157,0.0009765625,10
1158,0.0009765625,10
1159,0.0009765625,10
1160,0.001953125,9
1161,0.0009765625,10
1162,0.0009765625,10
1163,0.0009765625,10
1164,0.001953125,9
1165,0.0009765625,10
1166,0.0009765625,10
1167,0.0009765625,10
1168,0.001953125,9
1169,0.0009765625,10
1170,0.0009765625,10
1171,0.0009765625,10
1172,0.001953125,9
1173,0.0009765625,10
1174,0.0009765625,10
1175,0.0009765625,10
1176,0.001953125,9
1177,0.0009765625,10
1178,0.0009765625,10
1179,0.0009765625,10
1180,0.001953125,9
1181,0.0009765625,10
1182,0.0009765625,10
1183,0.0009765625,10
1184,0.001953125,9
1185,0.0009765625,10
1186,0.0009765625,10
1187,0.0009765625,10
1188,0.001953125,9
1189,0.0009765625,10
1190,0.0009765625,10
1191,0.0009765625,10
1192,0.001953125,9
1193,0.0009765625,10
1194,0.0009765625,10
1195,0.001953125,9
1196,0.0009765625,10
1197,0.0009765625,10
1198,0.0009765625,10
1199,0.001953125,9
1200,0.0009765625,10
1201,0.0009765625,10
1202,0.0009765625,10
1203,0.001953125,9
1204,0.0009765625,10
1205,0.0009765625,10
1206,0.0009765625,10
1207,0.001953125,9
1208,0.0009765625,10
1209,0.0009765625,10
1210,0.0009765625,10
1211,0.001953125,9
1212,0.0009765625,10
1213,0.0009765625,10
1214,0.0009765625,10
1215,0.001953125,9
1216,0.0009765625,10
1217,0.0009765625,10
1218,0.0009765625,10
1219,0.001953125,9
1220,0.0009765625,10
1221,0.0009765625,10
1222,0.0009765625,10
1223,0.001953125,9
1224,0.0009765625,10
1225,0.0009765625,10
1226,0.0009765625,10
1227,0.001953125,9
1228,0.0009765625,10
1229,0.0009765625,10
1230,0.0009765625,10
1231,0.001953125,9
1232,0.0009765625,10
1233,0.0009765625,10
1234,0.0009765625,10
1235,0.001953125,9
1236,0.0009765625,10
1237,0.0009765625,10
1238,0.0009765625,10
1239,0.001953125,9
1240,0.0009765625,10
1241,0.0009765625,10
1242,0.001953125,9
1243,0.0009765625,10
1244,0.0009765625,10
1245,0.0009765625,10
1246,0.001953125,9
1247,0.0009765625,10
1248,0.0009765625,10
1249,0.0009765625,10
1250,0.001953125,9
1251,0.0009765625,10
1252,0.0009765625,10
1253,0.0009765625,10
1254,0.001953125,9
1255,0.0009765625,10
1256,0.0009765625,10
1257,0.0009765625,10
1258,0.001953125,9
1259,0.0009765625,10
1260,0.0009765625,10
1261,0.0009765625,10
1262,0.001953125,9
1263,0.0009765625,10
1264,0.0009765625,10
1265,0.0009765625,10
1266,0.001953125,9
1267,0.0009765625,10
1268,0.0009765625,10
1269,0.0009765625,10
1270,0.001953125,9
1271,0.0009765625,10
1272,0.0009765625,10
1273,0.0009765625,10
1274,0.001953125,9
1275,0.0009765625,10
1276,0.0009765625,10
1277,0.001953125,9
1278,0.0009765625,10
1279,0.0009765625,10
1280,0.0009765625,10
1281,0.001953125,9
1282,0.0009765625,10
1283,0.0009765625,10
1284,0.0009765625,10
1285,0.001953125,9
1286,0.0009765625,10
1287,0.0009765625,10
1288,0.0009765625,10
1289,0.001953125,9
1290,0.0009765625,10
1291,0.0009765625,10
1292,0.0009765625,10
1293,0.001953125,9
1294,0.0009765625,10
1295,0.0009765625,10
1296,0.0009765625,10
1297,0.001953125,9
1298,0.0009765625,10
1299,0.0009765625,10
1300,0.0009765625,10
1301,0.001953125,9
1302,0.0009765625,10
1303,0.0009765625,10
1304,0.0009765625,10
1305,0.001953125,9
1306,0.0009765625,10
1307,0.0009765625,10
1308,0.0009765625,10
1309,0.001953125,9
1310,0.0009765625,10
1311,0.0009765625,10
1312,0.0009765625,10
1313,0.001953125,9
1314,0.0009765625,10
1315,0.0009765625,10
1316,0.0009765625,10
1317,0.001953125,9
1318,0.0009765625,10
1319,0.0009765625,10
1320,0.0009765625,10
1321,0.001953125,9
1322,0.0009765625,10
1323,0.0009765625,10
1324,0.0009765625,10
1325,0.0009765625,10
1326,0.001953125,9
1327,0.0009765625,10
1328,0.0009765625,10
1329,0.0009765625,10
1330,0.001953125,9
1331,0.0009765625,10
1332,0.0009765625,10
1333,0.0009765625,10
1334,0.001953125,9
1335,0.0009765625,10
1336,0.0009765625,10
1337,0.0009765625,10
1338,0.001953125,9
1339,0.0009765625,10
1340,0.0009765625,10
1341,0.0009765625,10
1342,0.001953125,9
1343,0.0009765625,10
1344,0.0009765625,10
1345,0.0009765625,10
1346,0.001953125,9
1347,0.0009765625,10
1348,0.0009765625,10
1349,0.0009765625,10
1350,0.001953125,9
1351,0.0009765625,10
1352,0.0009765625,10
1353,0.0009765625,10
1354,0.001953125,9
1355,0.0009765625,10
1356,0.0009765625,10
1357,0.0009765625,10
1358,0.001953125,9
1359,0.0009765625,10
1360,0.0009765625,10
1361,0.0009765625,10
1362,0.001953125,9
1363,0.0009765625,10
1364,0.0009765625,10
1365,0.0009765625,10
1366,0.001953125,9
1367,0.0009765625,10
1368,0.0009765625,10
1369,0.0009765625,10
1370,0.001953125,9
1371,0.0009765625,10
1372,0.0009765625,10
1373,0.0009765625,10
1374,0.001953125,9
1375,0.0009765625,10
1376,0.0009765625,10
1377,0.0009765625,10
1378,0.001953125,9
1379,0.0009765625,10
1380,0.0009765625,10
1381,0.0009765625,10
1382,0.001953125,9
1383,0.0009765625,10
1384,0.0009765625,10
1385,0.0009765625,10
1386,0.001953125,9
1387,0.0009765625,10
1388,0.0009765625,10
1389,0.0009765625,10
1390,0.001953125,9
1391,0.0009765625,10
1392,0.0009765625,10
1393,0.0009765625,10
1394,0.001953125,9
1395,0.0009765625,10
1396,0.0009765625,10
1397,0.0009765625,10
1398,0.001953125,9
1399,0.0009765625,10
1400,0.0009765625,10
1401,0.0009765625,10
1402,0.001953125,9
1403,0.0009765625,10
1404,0.0009765625,10
1405,0.0009765625,10
1406,0.001953125,9
1407,0.0009765625,10
1408,0.0009765625,10
1409,0.0009765625,10
1410,0.001953125,9
1411,0.0009765625,10
1412,0.0009765625,10
1413,0.0009765625,10
1414,0.001953125,9
1415,0.0009765625,10
1416,0.0009765625,10
1417,0.0009765625,10
1418,0.001953125,9
1419,0.0009765625,10
1420,0.0009765625,10
1421,0.0009765625,10
1422,0.001953125,9
1423,0.0009765625,10
1424,0.0009765625,10
1425,0.0009765625,10
1426,0.001953125,9
1427,0.0009765625,10
1428,0.0009765625,10
1429,0.0009765625,10
1430,0.001953125,9
1431,0.0009765625,10
1432,0.0009765625,10
1433,0.0009765625,10
1434,0.001953125,9
1435,0.0009765625,10
1436,0.0009765625,10
1437,0.0009765625,10
1438,0.001953125,9
1439,0.0009765625,10
1440,0.0009765625,10
1441,0.0009765625,10
1442,0.001953125,9
1443,0.0009765625,10
1444,0.0009765625,10
1445,0.0009765625,10
1446,0.001953125,9
1447,0.0009765625,10
1448,0.0009765625,10
1449,0.0009765625,10
1450,0.001953125,9
1451,0.0009765625,10
1452,0.0009765625,10
1453,0.0009765625,10
1454,0.001953125,9
1455,0.0009765625,10
1456,0.0009765625,10
1457,0.0009765625,10
1458,0.001953125,9
1459,0.0009765625,10
1460,0.0009765625,10
1461,0.0009765625,10
1462,0.001953125,9
1463,0.0009765625,10
1464,0.0009765625,10
1465,0.0009765625,10
1466,0.001953125,9
1467,0.0009765625,10
1468,0.0009765625,10
1469,0.0009765625,10
1470,0.001953125,9
1471,0.0009765625,10
1472,0.0009765625,10
1473,0.0009765625,10
1474,0.001953125,9
1475,0.0009765625,10
1476,0.0009765625,10
1477,0.0009765625,10
1478,0.001953125,9
1479,0.0009765625,10
1480,0.0009765625,10
1481,0.0009765625,10
1482,0.001953125,9
1483,0.0009765625,10
1484,0.0009765625,10
1485,0.0009765625,10
1486,0.001953125,9
1487,0.0009765625,10
1488,0.0009765625,10
1489,0.0009765625,10
1490,0.001953125,9
1491,0.0009765625,10
1492,0.0009765625,10
1493,0.0009765625,10
1494,0.001953125,9
1495,0.0009765625,10
1496,0.0009765625,10
1497,0.0009765625,10
1498,0.001953125,9
1499,0.0009765625,10
1500,0.0009765625,10
1501,0.0009765625,10
1502,0.001953125,9
1503,0.0009765625,10
1504,0.0009765625,10
1505,0.0009765625,10
1506,0.001953125,9
1507,0.0009765625,10
1508,0.0009765625,10
1509,0.0009765625,10
1510,0.001953125,9
1511,0.0009765625,10
1512,0.0009765625,10
1513,0.0009765625,10
1514,0.001953125,9
1515,0.0009765625,10
1516,0.0009765625,10
1517,0.0009765625,10
1518,0.001953125,9
1519,0.0009765625,10
1520,0.0009765625,10
1521,0.0009765625,10
1522,0.001953125,9
1523,0.0009765625,10
1524,0.0009765625,10
1525,0.0009765625,10
1526,0.001953125,9
1527,0.0009765625,10
1528,0.0009765625,10
1529,0.0009765625,10
1530,0.001953125,9
1531,0.0009765625,10
1532,0.0009765625,10
1533,0.0009765625,10
1534,0.001953125,9
1535,0.0009765625,10
1536,0.0009765625,10
1537,0.0009765625,10
1538,0.001953125,9
1539,0.0009765625,10
1540,0.0009765625,10
1541,0.0009765625,10
1542,0.001953125,9
1543,0.0009765625,10
1544,0.0009765625,10
1545,0.0009765625,10
1546,0.001953125,9
1547,0.0009765625,10
1548,0.0009765625,10
1549,0.0009765625,10
1550,0.001953125,9
1551,0.0009765625,10
1552,0.0009765625,10
1553,0.0009765625,10
1554,0.001953125,9
1555,0.0009765625,10
1556,0.0009765625,10
1557,0.0009765625,10
1558,0.001953125,9
1559,0.0009765625,10
1560,0.0009765625,10
1561,0.0009765625,10
1562,0.001953125,9
1563,0.0009765625,10
1564,0.0009765625,10
1565,0.0009765625,10
1566,0.001953125,9
1567,0.0009765625,10
1568,0.0009765625,10
1569,0.0009765625,10
1570,0.001953125,9
1571,0.0009765625,10
1572,0.0009765625,10
1573,0.0009765625,10
1574,0.0009765625,10
1575,0.001953125,9
1576,0.0009765625,10
1577,0.0009765625,10
1578,0.0009765625,10
1579,0.001953125,9
1580,0.0009765625,10
1581,0.0009765625,10
1582,0.0009765625,10
1583,0.001953125,9
1584,0.0009765625,10
1585,0.0009765625,10
1586,0.0009765625,10
1587,0.001953125,9
1588,0.0009765625,10
1589,0.0009765625,10
1590,0.0009765625,10
1591,0.001953125,9
1592,0.0009765625,10
1593,0.0009765625,10
1594,0.0009765625,10
1595,0.001953125,9
1596,0.0009765625,10
1597,0.0009765625,10
1598,0.0009765625,10
1599,0.0009765625,10
1600,0.001953125,9
1601,0.0009765625,10
1602,0.0009765625,10
1603,0.0009765625,10
1604,0.001953125,9
1605,0.0009765625,10
1606,0.0009765625,10
1607,0.0009765625,10
1608,0.001953125,9
1609,0.0009765625,10
1610,0.0009765625,10
1611,0.0009765625,10
1612,0.001953125,9
1613,0.0009765625,10
1614,0.0009765625,10
1615,0.0009765625,10
1616,0.001953125,9
1617,0.0009765625,10
1618,0.0009765625,10
1619,0.0009765625,10
1620,0.001953125,9
1621,0.0009765625,10
1622,0.0009765625,10
1623,0.0009765625,10
1624,0.001953125,9
1625,0.0009765625,10
1626,0.0009765625,10
1627,0.0009765625,10
1628,0.001953125,9
1629,0.0009765625,10
1630,0.0009765625,10
1631,0.0009765625,10
1632,0.001953125,9
1633,0.0009765625,10
1634,0.0009765625,10
1635,0.0009765625,10
1636,0.001953125,9
1637,0.0009765625,10
1638,0.0009765625,10
1639,0.0009765625,10
1640,0.001953125,9
1641,0.0009765625,10
1642,0.0009765625,10
1643,0.0009765625,10
1644,0.0009765625,10
1645,0.001953125,9
1646,0.0009765625,10
1647,0.0009765625,10
1648,0.0009765625,10
1649,0.001953125,9
1650,0.0009765625,10
1651,0.0009765625,10
1652,0.0009765625,10
1653,0.001953125,9
1654,0.0009765625,10
1655,0.0009765625,10
1656,0.0009765625,10
1657,0.001953125,9
1658,0.0009765625,10
1659,0.0009765625,10
1660,0.0009765625,10
1661,0.001953125,9
1662,0.0009765625,10
1663,0.0009765625,10
1664,0.0009765625,10
1665,0.001953125,9
1666,0.0009765625,10
1667,0.0009765625,10
1668,0.0009765625,10
1669,0.001953125,9
1670,0.0009765625,10
1671,0.0009765625,10
1672,0.0009765625,10
1673,0.001953125,9
1674,0.0009765625,10
1675,0.0009765625,10
1676,0.0009765625,10
1677,0.001953125,9
1678,0.0009765625,10
1679,0.0009765625,10
1680,0.0009765625,10
1681,0.001953125,9
1682,0.0009765625,10
1683,0.0009765625,10
1684,0.0009765625,10
1685,0.001953125,9
1686,0.0009765625,10
1687,0.0009765625,10
1688,0.0009765625,10
1689,0.001953125,9
1690,0.0009765625,10
1691,0.0009765625,10
1692,0.0009765625,10
1693,0.001953125,9
1694,0.0009765625,10
1695,0.0009765625,10
1696,0.0009765625,10
1697,0.001953125,9
1698,0.0009765625,10
1699,0.0009765625,10
1700,0.0009765625,10
1701,0.001953125,9
1702,0.0009765625,10
1703,0.0009765625,10
1704,0.0009765625,10
1705,0.001953125,9
1706,0.0009765625,10
1707,0.0009765625,10
1708,0.0009765625,10
1709,0.0009765625,10
1710,0.001953125,9
1711,0.0009765625,10
1712,0.0009765625,10
1713,0.0009765625,10
1714,0.001953125,9
1715,0.0009765625,10
1716,0.0009765625,10
1717,0.0009765625,10
1718,0.001953125,9
1719,0.0009765625,10
1720,0.0009765625,10
1721,0.0009765625,10
1722,0.001953125,9
1723,0.0009765625,10
1724,0.0009765625,10
1725,0.0009765625,10
1726,0.001953125,9
1727,0.0009765625,10
1728,0.0009765625,10
1729,0.0009765625,10
1730,0.001953125,9
1731,0.0009765625,10
1732,0.0009765625,10
1733,0.0009765625,10
1734,0.001953125,9
1735,0.0009765625,10
1736,0.0009765625,10
1737,0.0009765625,10
1738,0.001953125,9
1739,0.0009765625,10
1740,0.0009765625,10
1741,0.0009765625,10
1742,0.001953125,9
1743,0.0009765625,10
1744,0.0009765625,10
1745,0.0009765625,10
1746,0.001953125,9
1747,0.0009765625,10
1748,0.0009765625,10
1749,0.0009765625,10
1750,0.001953125,9
1751,0.0009765625,10
1752,0.0009765625,10
1753,0.0009765625,10
1754,0.001953125,9
1755,0.0009765625,10
1756,0.0009765625,10
1757,0.0009765625,10
1758,0.001953125,9
1759,0.0009765625,10
1760,0.0009765625,10
1761,0.0009765625,10
1762,0.001953125,9
1763,0.0009765625,10
1764,0.0009765625,10
1765,0.0009765625,10
1766,0.001953125,9
1767,0.0009765625,10
1768,0.0009765625,10
1769,0.0009765625,10
1770,0.001953125,9
1771,0.0009765625,10
1772,0.0009765625,10
1773,0.0009765625,10
1774,0.001953125,9
1775,0.0009765625,10
1776,0.0009765625,10
1777,0.0009765625,10
1778,0.001953125,9
1779,0.0009765625,10
1780,0.0009765625,10
1781,0.0009765625,10
1782,0.001953125,9
1783,0.0009765625,10
1784,0.0009765625,10
1785,0.0009765625,10
1786,0.001953125,9
1787,0.0009765625,10
1788,0.0009765625,10
1789,0.0009765625,10
1790,0.001953125,9
1791,0.0009765625,10
1792,0.0009765625,10
1793,0.0009765625,10
1794,0.001953125,9
1795,0.0009765625,10
1796,0.0009765625,10
1797,0.0009765625,10
1798,0.001953125,9
1799,0.0009765625,10
1800,0.0009765625,10
1801,0.0009765625,10
1802,0.001953125,9
1803,0.0009765625,10
1804,0.0009765625,10
1805,0.0009765625,10
1806,0.001953125,9
1807,0.0009765625,10
1808,0.0009765625,10
1809,0.0009765625,10
1810,0.001953125,9
1811,0.0009765625,10
1812,0.0009765625,10
1813,0.0009765625,10
1814,0.0009765625,10
1815,0.001953125,9
1816,0.0009765625,10
1817,0.0009765625,10
1818,0.0009765625,10
1819,0.001953125,9
1820,0.0009765625,10
1821,0.0009765625,10
1822,0.0009765625,10
1823,0.001953125,9
1824,0.0009765625,10
1825,0.0009765625,10
1826,0.0009765625,10
1827,0.001953125,9
1828,0.0009765625,10
1829,0.0009765625,10
1830,0.0009765625,10
1831,0.001953125,9
1832,0.0009765625,10
1833,0.0009765625,10
1834,0.0009765625,10
1835,0.0009765625,10
1836,0.001953125,9
1837,0.0009765625,10
1838,0.0009765625,10
1839,0.0009765625,10
1840,0.001953125,9
1841,0.0009765625,10
1842,0.0009765625,10
1843,0.0009765625,10
1844,0.001953125,9
1845,0.0009765625,10
1846,0.0009765625,10
1847,0.0009765625,10
1848,0.001953125,9
1849,0.0009765625,10
1850,0.0009765625,10
1851,0.0009765625,10
1852,0.001953125,9
1853,0.0009765625,10
1854,0.0009765625,10
1855,0.0009765625,10
1856,0.0009765625,10
1857,0.001953125,9
1858,0.0009765625,10
1859,0.0009765625,10
1860,0.0009765625,10
1861,0.001953125,9
1862,0.0009765625,10
1863,0.0009765625,10
1864,0.0009765625,10
1865,0.001953125,9
1866,0.0009765625,10
1867,0.0009765625,10
1868,0.0009765625,10
1869,0.001953125,9
1870,0.0009765625,10
1871,0.0009765625,10
1872,0.0009765625,10
1873,0.001953125,9
1874,0.0009765625,10
1875,0.0009765625,10
1876,0.0009765625,10
1877,0.001953125,9
1878,0.0009765625,10
1879,0.0009765625,10
1880,0.0009765625,10
1881,0.001953125,9
1882,0.0009765625,10
1883,0.0009765625,10
1884,0.0009765625,10
1885,0.001953125,9
1886,0.0009765625,10
1887,0.0009765625,10
1888,0.0009765625,10
1889,0.0009765625,10
1890,0.001953125,9
1891,0.0009765625,10
1892,0.0009765625,10
1893,0.0009765625,10
1894,0.001953125,9
1895,0.0009765625,10
1896,0.0009765625,10
1897,0.0009765625,10
1898,0.001953125,9
1899,0.0009765625,10
1900,0.0009765625,10
1901,0.0009765625,10
1902,0.001953125,9
1903,0.0009765625,10
1904,0.0009765625,10
1905,0.0009765625,10
1906,0.001953125,9
1907,0.0009765625,10
1908,0.0009765625,10
1909,0.0009765625,10
1910,0.001953125,9
1911,0.0009765625,10
1912,0.0009765625,10
1913,0.0009765625,10
1914,0.001953125,9
1915,0.0009765625,10
1916,0.0009765625,10
1917,0.0009765625,10
1918,0.001953125,9
1919,0.0009765625,10
1920,0.0009765625,10
1921,0.0009765625,10
1922,0.001953125,9
1923,0.0009765625,10
1924,0.0009765625,10
1925,0.0009765625,10
1926,0.0009765625,10
1927,0.001953125,9
1928,0.0009765625,10
1929,0.0009765625,10
1930,0.0009765625,10
1931,0.001953125,9
1932,0.0009765625,10
1933,0.0009765625,10
1934,0.0009765625,10
1935,0.001953125,9
1936,0.0009765625,10
1937,0.0009765625,10
1938,0.0009765625,10
1939,0.001953125,9
1940,0.0009765625,10
1941,0.0009765625,10
1942,0.0009765625,10
1943,0.001953125,9
1944,0.0009765625,10
1945,0.0009765625,10
1946,0.0009765625,10
1947,0.001953125,9
1948,0.0009765625,10
1949,0.0009765625,10
1950,0.0009765625,10
1951,0.001953125,9
1952,0.0009765625,10
1953,0.0009765625,10
1954,0.0009765625,10
1955,0.001953125,9
1956,0.0009765625,10
1957,0.0009765625,10
1958,0.0009765625,10
1959,0.001953125,9
1960,0.0009765625,10
1961,0.0009765625,10
1962,0.0009765625,10
1963,0.001953125,9
1964,0.0009765625,10
1965,0.0009765625,10
1966,0.0009765625,10
1967,0.0009765625,10
1968,0.001953125,9
1969,0.0009765625,10
1970,0.0009765625,10
1971,0.0009765625,10
1972,0.001953125,9
1973,0.0009765625,10
1974,0.0009765625,10
1975,0.0009765625,10
1976,0.001953125,9
1977,0.0009765625,10
1978,0.0009765625,10
1979,0.0009765625,10
1980,0.001953125,9
1981,0.0009765625,10
1982,0.0009765625,10
1983,0.0009765625,10
1984,0.001953125,9
1985,0.0009765625,10
1986,0.0009765625,10
1987,0.0009765625,10
1988,0.001953125,9
1989,0.0009765625,10
1990,0.0009765625,10
1991,0.0009765625,10
1992,0.001953125,9
1993,0.0009765625,10
1994,0.0009765625,10
1995,0.0009765625,10
1996,0.001953125,9
1997,0.0009765625,10
1998,0.0009765625,10
1999,0.0009765625,10
2000,0.001953125,9
2001,0.0009765625,10
2002,0.0009765625,10
2003,0.0009765625,10
2004,0.001953125,9
2005,0.0009765625,10
2006,0.0009765625,10
2007,0.0009765625,10
2008,0.001953125,9
2009,0.0009765625,10
2010,0.0009765625,10
2011,0.0009765625,10
2012,0.001953125,9
2013,0.0009765625,10
2014,0.0009765625,10
2015,0.0009765625,10
2016,0.001953125,9
2017,0.0009765625,10
2018,0.0009765625,10
2019,0.0009765625,10
2020,0.001953125,9
2021,0.0009765625,10
2022,0.0009765625,10
2023,0.0009765625,10
2024,0.001953125,9
2025,0.0009765625,10
2026,0.0009765625,10
2027,0.0009765625,10
2028,0.001953125,9
2029,0.0009765625,10
2030,0.0009765625,10
2031,0.0009765625,10
2032,0.001953125,9
2033,0.0009765625,10
2034,0.0009765625,10
2035,0.0009765625,10
2036,0.001953125,9
2037,0.0009765625,10
2038,0.0009765625,10
2039,0.0009765625,10
2040,0.0009765625,10
2041,0.001953125,9
2042,0.0009765625,10
2043,0.0009765625,10
2044,0.0009765625,10
2045,0.001953125,9
2046,0.0009765625,10
2047,0.0009765625,10
2048,0.0009765625,10
2049,0.001953125,9
2050,0.0009765625,10
2051,0.0009765625,10
2052,0.0009765625,10
2053,0.001953125,9
2054,0.0009765625,10
2055,0.0009765625,10
2056,0.0009765625,10
2057,0.001953125,9
2058,0.0009765625,10
2059,0.0009765625,10
2060,0.0009765625,10
2061,0.001953125,9
2062,0.0009765625,10
2063,0.0009765625,10
2064,0.0009765625,10
2065,0.001953125,9
2066,0.0009765625,10
2067,0.0009765625,10
2068,0.0009765625,10
2069,0.001953125,9
2070,0.0009765625,10
2071,0.0009765625,10
2072,0.0009765625,10
2073,0.0009765625,10
2074,0.001953125,9
2075,0.0009765625,10
2076,0.0009765625,10
2077,0.0009765625,10
2078,0.001953125,9
2079,0.0009765625,10
2080,0.0009765625,10
2081,0.0009765625,10
2082,0.001953125,9
2083,0.0009765625,10
2084,0.0009765625,10
2085,0.0009765625,10
2086,0.001953125,9
2087,0.0009765625,10
2088,0.0009765625,10
2089,0.0009765625,10
2090,0.0009765625,10
2091,0.001953125,9
2092,0.0009765625,10
2093,0.0009765625,10
2094,0.0009765625,10
2095,0.001953125,9
2096,0.0009765625,10
2097,0.0009765625,10
2098,0.0009765625,10
2099,0.001953125,9
2100,0.0009765625,10
2101,0.0009765625,10
2102,0.0009765625,10
2103,0.001953125,9
2104,0.0009765625,10
2105,0.0009765625,10
2106,0.0009765625,10
2107,0.0009765625,10
2108,0.001953125,9
2109,0.0009765625,10
2110,0.0009765625,10
2111,0.0009765625,10
2112,0.001953125,9
2113,0.0009765625,10
2114,0.0009765625,10
2115,0.0009765625,10
2116,0.001953125,9
2117,0.0009765625,10
2118,0.0009765625,10
2119,0.0009765625,10
2120,0.001953125,9
2121,0.0009765625,10
2122,0.0009765625,10
2123,0.0009765625,10
2124,0.001953125,9
2125,0.0009765625,10
2126,0.0009765625,10
2127,0.0009765625,10
2128,0.0009765625,10
2129,0.001953125,9
2130,0.0009765625,10
2131,0.0009765625,10
2132,0.0009765625,10
2133,0.001953125,9
2134,0.0009765625,10
2135,0.0009765625,10
2136,0.0009765625,10
2137,0.001953125,9
2138,0.0009765625,10
2139,0.0009765625,10
2140,0.0009765625,10
2141,0.001953125,9
2142,0.0009765625,10
2143,0.0009765625,10
2144,0.0009765625,10
2145,0.001953125,9
2146,0.0009765625,10
2147,0.0009765625,10
2148,0.0009765625,10
2149,0.001953125,9
2150,0.0009765625,10
2151,0.0009765625,10
2152,0.0009765625,10
2153,0.001953125,9
2154,0.0009765625,10
2155,0.0009765625,10
2156,0.0009765625,10
2157,0.0009765625,10
2158,0.001953125,9
2159,0.0009765625,10
2160,0.0009765625,10
2161,0.0009765625,10
2162,0.001953125,9
2163,0.0009765625,10
2164,0.0009765625,10
2165,0.0009765625,10
2166,0.001953125,9
2167,0.0009765625,10
2168,0.0009765625,10
2169,0.0009765625,10
2170,0.001953125,9
2171,0.0009765625,10
2172,0.0009765625,10
2173,0.0009765625,10
2174,0.001953125,9
2175,0.0009765625,10
2176,0.0009765625,10
2177,0.0009765625,10
2178,0.001953125,9
2179,0.0009765625,10
2180,0.0009765625,10
2181,0.0009765625,10
2182,0.001953125,9
2183,0.0009765625,10
2184,0.0009765625,10
2185,0.0009765625,10
2186,0.0009765625,10
2187,0.001953125,9
2188,0.0009765625,10
2189,0.0009765625,10
2190,0.0009765625,10
2191,0.001953125,9
2192,0.0009765625,10
2193,0.0009765625,10
2194,0.0009765625,10
2195,0.001953125,9
2196,0.0009765625,10
2197,0.0009765625,10
2198,0.0009765625,10
2199,0.001953125,9
2200,0.0009765625,10
2201,0.0009765625,10
2202,0.0009765625,10
2203,0.001953125,9
2204,0.0009765625,10
2205,0.0009765625,10
2206,0.0009765625,10
2207,0.001953125,9
2208,0.0009765625,10
2209,0.0009765625,10
2210,0.0009765625,10
2211,0.001953125,9
2212,0.0009765625,10
2213,0.0009765625,10
2214,0.0009765625,10
2215,0.001953125,9
2216,0.0009765625,10
2217,0.0009765625,10
2218,0.0009765625,10
2219,0.0009765625,10
2220,0.001953125,9
2221,0.0009765625,10
2222,0.0009765625,10
2223,0.0009765625,10
2224,0.001953125,9
2225,0.0009765625,10
2226,0.0009765625,10
2227,0.0009765625,10
2228,0.001953125,9
2229,0.0009765625,10
2230,0.0009765625,10
2231,0.0009765625,10
2232,0.001953125,9
2233,0.0009765625,10
2234,0.0009765625,10
2235,0.0009765625,10
2236,0.001953125,9
2237,0.0009765625,10
2238,0.0009765625,10
2239,0.0009765625,10
2240,0.001953125,9
2241,0.0009765625,10
2242,0.0009765625,10
2243,0.0009765625,10
2244,0.001953125,9
2245,0.0009765625,10
2246,0.0009765625,10
2247,0.0009765625,10
2248,0.001953125,9
2249,0.0009765625,10
2250,0.0009765625,10
2251,0.0009765625,10
2252,0.001953125,9
2253,0.0009765625,10
2254,0.0009765625,10
2255,0.0009765625,10
2256,0.0009765625,10
2257,0.001953125,9
2258,0.0009765625,10
2259,0.0009765625,10
2260,0.0009765625,10
2261,0.001953125,9
2262,0.0009765625,10
2263,0.0009765625,10
2264,0.0009765625,10
2265,0.001953125,9
2266,0.0009765625,10
2267,0.0009765625,10
2268,0.0009765625,10
2269,0.001953125,9
2270,0.0009765625,10
2271,0.0009765625,10
2272,0.0009765625,10
2273,0.001953125,9
2274,0.0009765625,10
2275,0.0009765625,10
2276,0.0009765625,10
2277,0.001953125,9
2278,0.0009765625,10
2279,0.0009765625,10
2280,0.0009765625,10
2281,0.001953125,9
2282,0.0009765625,10
2283,0.0009765625,10
2284,0.0009765625,10
2285,0.001953125,9
2286,0.0009765625,10
2287,0.0009765625,10
2288,0.0009765625,10
2289,0.001953125,9
2290,0.0009765625,10
2291,0.0009765625,10
2292,0.0009765625,10
2293,0.001953125,9
2294,0.0009765625,10
2295,0.0009765625,10
2296,0.0009765625,10
2297,0.001953125,9
2298,0.0009765625,10
2299,0.0009765625,10
2300,0.0009765625,10
2301,0.001953125,9
2302,0.0009765625,10
2303,0.0009765625,10
2304,0.0009765625,10
2305,0.001953125,9
2306,0.0009765625,10
2307,0.0009765625,10
2308,0.0009765625,10
2309,0.0009765625,10
2310,0.001953125,9
2311,0.0009765625,10
2312,0.0009765625,10
2313,0.0009765625,10
2314,0.001953125,9
2315,0.0009765625,10
2316,0.0009765625,10
2317,0.0009765625,10
2318,0.001953125,9
2319,0.0009765625,10
2320,0.0009765625,10
2321,0.0009765625,10
2322,0.001953125,9
2323,0.0009765625,10
2324,0.0009765625,10
2325,0.0009765625,10
2326,0.0009765625,10
2327,0.001953125,9
2328,0.0009765625,10
2329,0.0009765625,10
2330,0.0009765625,10
2331,0.001953125,9
2332,0.0009765625,10
2333,0.0009765625,10
2334,0.0009765625,10
2335,0.001953125,9
2336,0.0009765625,10
2337,0.0009765625,10
2338,0.0009765625,10
2339,0.001953125,9
2340,0.0009765625,10
2341,0.0009765625,10
2342,0.0009765625,10
2343,0.0009765625,10
2344,0.001953125,9
2345,0.0009765625,10
2346,0.0009765625,10
2347,0.0009765625,10
2348,0.001953125,9
2349,0.0009765625,10
2350,0.0009765625,10
2351,0.0009765625,10
2352,0.001953125,9
2353,0.0009765625,10
2354,0.0009765625,10
2355,0.0009765625,10
2356,0.0009765625,10
2357,0.001953125,9
2358,0.0009765625,10
2359,0.0009765625,10
2360,0.0009765625,10
2361,0.001953125,9
2362,0.0009765625,10
2363,0.0009765625,10
2364,0.0009765625,10
2365,0.001953125,9
2366,0.0009765625,10
2367,0.0009765625,10
2368,0.0009765625,10
2369,0.001953125,9
2370,0.0009765625,10
2371,0.0009765625,10
2372,0.0009765625,10
2373,0.001953125,9
2374,0.0009765625,10
2375,0.0009765625,10
2376,0.0009765625,10
2377,0.0009765625,10
2378,0.001953125,9
2379,0.0009765625,10
2380,0.0009765625,10
2381,0.0009765625,10
2382,0.001953125,9
2383,0.0009765625,10
2384,0.0009765625,10
2385,0.0009765625,10
2386,0.001953125,9
2387,0.0009765625,10
2388,0.0009765625,10
2389,0.0009765625,10
2390,0.001953125,9
2391,0.0009765625,10
2392,0.0009765625,10
2393,0.0009765625,10
2394,0.001953125,9
2395,0.0009765625,10
2396,0.0009765625,10
2397,0.0009765625,10
2398,0.0009765625,10
2399,0.001953125,9
2400,0.0009765625,10
2401,0.0009765625,10
2402,0.0009765625,10
2403,0.001953125,9
2404,0.0009765625,10
2405,0.0009765625,10
2406,0.0009765625,10
2407,0.001953125,9
2408,0.0009765625,10
2409,0.0009765625,10
2410,0.0009765625,10
2411,0.001953125,9
2412,0.0009765625,10
2413,0.0009765625,10
2414,0.0009765625,10
2415,0.001953125,9
2416,0.0009765625,10
2417,0.0009765625,10
2418,0.0009765625,10
2419,0.001953125,9
2420,0.0009765625,10
2421,0.0009765625,10
2422,0.0009765625,10
2423,0.0009765625,10
2424,0.001953125,9
2425,0.0009765625,10
2426,0.0009765625,10
2427,0.0009765625,10
2428,0.001953125,9
2429,0.0009765625,10
2430,0.0009765625,10
2431,0.0009765625,10
2432,0.001953125,9
2433,0.0009765625,10
2434,0.0009765625,10
2435,0.0009765625,10
2436,0.001953125,9
2437,0.0009765625,10
2438,0.0009765625,10
2439,0.0009765625,10
2440,0.001953125,9
2441,0.0009765625,10
2442,0.0009765625,10
2443,0.0009765625,10
2444,0.001953125,9
2445,0.0009765625,10
2446,0.0009765625,10
2447,0.0009765625,10
2448,0.0009765625,10
2449,0.001953125,9
2450,0.0009765625,10
2451,0.0009765625,10
2452,0.0009765625,10
2453,0.001953125,9
2454,0.0009765625,10
2455,0.0009765625,10
2456,0.0009765625,10
2457,0.001953125,9
2458,0.0009765625,10
2459,0.0009765625,10
2460,0.0009765625,10
2461,0.001953125,9
2462,0.0009765625,10
2463,0.0009765625,10
2464,0.0009765625,10
2465,0.001953125,9
2466,0.0009765625,10
2467,0.0009765625,10
2468,0.0009765625,10
2469,0.001953125,9
2470,0.0009765625,10
2471,0.0009765625,10
2472,0.0009765625,10
2473,0.001953125,9
2474,0.0009765625,10
2475,0.0009765625,10
2476,0.0009765625,10
2477,0.0009765625,10
2478,0.001953125,9
2479,0.0009765625,10
2480,0.0009765625,10
2481,0.0009765625,10
2482,0.001953125,9
2483,0.0009765625,10
2484,0.0009765625,10
2485,0.0009765625,10
2486,0.001953125,9
2487,0.0009765625,10
2488,0.0009765625,10
2489,0.0009765625,10
2490,0.001953125,9
2491,0.0009765625,10
2492,0.0009765625,10
2493,0.0009765625,10
2494,0.001953125,9
2495,0.0009765625,10
2496,0.0009765625,10
2497,0.0009765625,10
2498,0.001953125,9
2499,0.0009765625,10
2500,0.0009765625,10
2501,0.0009765625,10
2502,0.001953125,9
2503,0.0009765625,10
2504,0.0009765625,10
2505,0.0009765625,10
2506,0.001953125,9
2507,0.0009765625,10
2508,0.0009765625,10
2509,0.0009765625,10
2510,0.0009765625,10
2511,0.001953125,9
2512,0.0009765625,10
2513,0.0009765625,10
2514,0.0009765625,10
2515,0.001953125,9
2516,0.0009765625,10
2517,0.0009765625,10
2518,0.0009765625,10
2519,0.001953125,9
2520,0.0009765625,10
2521,0.0009765625,10
2522,0.0009765625,10
2523,0.001953125,9
2524,0.0009765625,10
2525,0.0009765625,10
2526,0.0009765625,10
2527,0.001953125,9
2528,0.0009765625,10
2529,0.0009765625,10
2530,0.0009765625,10
2531,0.001953125,9
2532,0.0009765625,10
2533,0.0009765625,10
2534,0.0009765625,10
2535,0.001953125,9
2536,0.0009765625,10
2537,0.0009765625,10
2538,0.0009765625,10
2539,0.001953125,9
2540,0.0009765625,10
2541,0.0009765625,10
2542,0.0009765625,10
2543,0.001953125,9
2544,0.0009765625,10
2545,0.0009765625,10
2546,0.0009765625,10
2547,0.001953125,9
2548,0.0009765625,10
2549,0.0009765625,10
2550,0.0009765625,10
2551,0.0009765625,10
2552,0.001953125,9
2553,0.0009765625,10
2554,0.0009765625,10
2555,0.0009765625,10
2556,0.001953125,9
2557,0.0009765625,10
2558,0.0009765625,10
2559,0.0009765625,10
2560,0.001953125,9
2561,0.0009765625,10
2562,0.0009765625,10
2563,0.0009765625,10
2564,0.001953125,9
2565,0.0009765625,10
2566,0.0009765625,10
2567,0.0009765625,10
2568,0.001953125,9
2569,0.0009765625,10
2570,0.0009765625,10
2571,0.0009765625,10
2572,0.001953125,9
2573,0.0009765625,10
2574,0.0009765625,10
2575,0.0009765625,10
2576,0.0009765625,10
2577,0.001953125,9
2578,0.0009765625,10
2579,0.0009765625,10
2580,0.0009765625,10
2581,0.001953125,9
2582,0.0009765625,10
2583,0.0009765625,10
2584,0.0009765625,10
2585,0.001953125,9
2586,0.0009765625,10
2587,0.0009765625,10
2588,0.0009765625,10
2589,0.0009765625,10
2590,0.001953125,9
2591,0.0009765625,10
2592,0.0009765625,10
2593,0.0009765625,10
2594,0.001953125,9
2595,0.0009765625,10
2596,0.0009765625,10
2597,0.0009765625,10
2598,0.001953125,9
2599,0.0009765625,10
2600,0.0009765625,10
2601,0.0009765625,10
2602,0.0009765625,10
2603,0.001953125,9
2604,0.0009765625,10
2605,0.0009765625,10
2606,0.0009765625,10
2607,0.001953125,9
2608,0.0009765625,10
2609,0.0009765625,10
2610,0.0009765625,10
2611,0.001953125,9
2612,0.0009765625,10
2613,0.0009765625,10
2614,0.0009765625,10
2615,0.001953125,9
2616,0.0009765625,10
2617,0.0009765625,10
2618,0.0009765625,10
2619,0.0009765625,10
2620,0.001953125,9
2621,0.0009765625,10
2622,0.0009765625,10
2623,0.0009765625,10
2624,0.001953125,9
2625,0.0009765625,10
2626,0.0009765625,10
2627,0.0009765625,10
2628,0.001953125,9
2629,0.0009765625,10
2630,0.0009765625,10
2631,0.0009765625,10
2632,0.001953125,9
2633,0.0009765625,10
2634,0.0009765625,10
2635,0.0009765625,10
2636,0.0009765625,10
2637,0.001953125,9
2638,0.0009765625,10
2639,0.0009765625,10
2640,0.0009765625,10
2641,0.001953125,9
2642,0.0009765625,10
2643,0.0009765625,10
2644,0.0009765625,10
2645,0.001953125,9
2646,0.0009765625,10
2647,0.0009765625,10
2648,0.0009765625,10
2649,0.001953125,9
2650,0.0009765625,10
2651,0.0009765625,10
2652,0.0009765625,10
2653,0.001953125,9
2654,0.0009765625,10
2655,0.0009765625,10
2656,0.0009765625,10
2657,0.0009765625,10
2658,0.001953125,9
2659,0.0009765625,10
2660,0.0009765625,10
2661,0.0009765625,10
2662,0.001953125,9
2663,0.0009765625,10
2664,0.0009765625,10
2665,0.0009765625,10
2666,0.001953125,9
2667,0.0009765625,10
2668,0.0009765625,10
2669,0.0009765625,10
2670,0.001953125,9
2671,0.0009765625,10
2672,0.0009765625,10
2673,0.0009765625,10
2674,0.001953125,9
2675,0.0009765625,10
2676,0.0009765625,10
2677,0.0009765625,10
2678,0.0009765625,10
2679,0.001953125,9
2680,0.0009765625,10
2681,0.0009765625,10
2682,0.0009765625,10
2683,0.001953125,9
2684,0.0009765625,10
2685,0.0009765625,10
2686,0.0009765625,10
2687,0.001953125,9
2688,0.0009765625,10
2689,0.0009765625,10
2690,0.0009765625,10
2691,0.001953125,9
2692,0.0009765625,10
2693,0.0009765625,10
2694,0.0009765625,10
2695,0.001953125,9
2696,0.0009765625,10
2697,0.0009765625,10
2698,0.0009765625,10
2699,0.001953125,9
2700,0.0009765625,10
2701,0.0009765625,10
2702,0.0009765625,10
2703,0.0009765625,10
2704,0.001953125,9
2705,0.0009765625,10
2706,0.0009765625,10
2707,0.0009765625,10
2708,0.001953125,9
2709,0.0009765625,10
2710,0.0009765625,10
2711,0.0009765625,10
2712,0.001953125,9
2713,0.0009765625,10
2714,0.0009765625,10
2715,0.0009765625,10
2716,0.001953125,9
2717,0.0009765625,10
2718,0.0009765625,10
2719,0.0009765625,10
2720,0.001953125,9
2721,0.0009765625,10
2722,0.0009765625,10
2723,0.0009765625,10
2724,0.0009765625,10
2725,0.001953125,9
2726,0.0009765625,10
2727,0.0009765625,10
2728,0.0009765625,10
2729,0.001953125,9
2730,0.0009765625,10
2731,0.0009765625,10
2732,0.0009765625,10
2733,0.001953125,9
2734,0.0009765625,10
2735,0.0009765625,10
2736,0.0009765625,10
2737,0.001953125,9
2738,0.0009765625,10
2739,0.0009765625,10
2740,0.0009765625,10
2741,0.001953125,9
2742,0.0009765625,10
2743,0.0009765625,10
2744,0.0009765625,10
2745,0.001953125,9
2746,0.0009765625,10
2747,0.0009765625,10
2748,0.0009765625,10
2749,0.001953125,9
2750,0.0009765625,10
2751,0.0009765625,10
2752,0.0009765625,10
2753,0.0009765625,10
2754,0.001953125,9
2755,0.0009765625,10
2756,0.0009765625,10
2757,0.0009765625,10
2758,0.001953125,9
2759,0.0009765625,10
2760,0.0009765625,10
2761,0.0009765625,10
2762,0.001953125,9
2763,0.0009765625,10
2764,0.0009765625,10
2765,0.0009765625,10
2766,0.001953125,9
2767,0.0009765625,10
2768,0.0009765625,10
2769,0.0009765625,10
2770,0.001953125,9
2771,0.0009765625,10
2772,0.0009765625,10
2773,0.0009765625,10
2774,0.001953125,9
2775,0.0009765625,10
2776,0.0009765625,10
2777,0.0009765625,10
2778,0.001953125,9
2779,0.0009765625,10
2780,0.0009765625,10
2781,0.0009765625,10
2782,0.001953125,9
2783,0.0009765625,10
2784,0.0009765625,10
2785,0.0009765625,10
2786,0.0009765625,10
2787,0.001953125,9
2788,0.0009765625,10
2789,0.0009765625,10
2790,0.0009765625,10
2791,0.001953125,9
2792,0.0009765625,10
2793,0.0009765625,10
2794,0.0009765625,10
2795,0.001953125,9
2796,0.0009765625,10
2797,0.0009765625,10
2798,0.0009765625,10
2799,0.001953125,9
2800,0.0009765625,10
2801,0.0009765625,10
2802,0.0009765625,10
2803,0.001953125,9
2804,0.0009765625,10
2805,0.0009765625,10
2806,0.0009765625,10
2807,0.001953125,9
2808,0.0009765625,10
2809,0.0009765625,10
2810,0.0009765625,10
2811,0.001953125,9
2812,0.0009765625,10
2813,0.0009765625,10
2814,0.0009765625,10
2815,0.0009765625,10
2816,0.001953125,9
2817,0.0009765625,10
2818,0.0009765625,10
2819,0.0009765625,10
2820,0.001953125,9
2821,0.0009765625,10
2822,0.0009765625,10
2823,0.0009765625,10
2824,0.001953125,9
2825,0.0009765625,10
2826,0.0009765625,10
2827,0.0009765625,10
2828,0.001953125,9
2829,0.0009765625,10
2830,0.0009765625,10
2831,0.0009765625,10
2832,0.0009765625,10
2833,0.001953125,9
2834,0.0009765625,10
2835,0.0009765625,10
2836,0.0009765625,10
2837,0.001953125,9
2838,0.0009765625,10
2839,0.0009765625,10
2840,0.0009765625,10
2841,0.001953125,9
2842,0.0009765625,10
2843,0.0009765625,10
2844,0.0009765625,10
2845,0.001953125,9
2846,0.0009765625,10
2847,0.0009765625,10
2848,0.0009765625,10
2849,0.0009765625,10
2850,0.001953125,9
2851,0.0009765625,10
2852,0.0009765625,10
2853,0.0009765625,10
2854,0.001953125,9
2855,0.0009765625,10
2856,0.0009765625,10
2857,0.0009765625,10
2858,0.0009765625,10
2859,0.001953125,9
2860,0.0009765625,10
2861,0.0009765625,10
2862,0.0009765625,10
2863,0.001953125,9
2864,0.0009765625,10
2865,0.0009765625,10
2866,0.0009765625,10
2867,0.001953125,9
2868,0.0009765625,10
2869,0.0009765625,10
2870,0.0009765625,10
2871,0.001953125,9
2872,0.0009765625,10
2873,0.0009765625,10
2874,0.0009765625,10
2875,0.0009765625,10
2876,0.001953125,9
2877,0.0009765625,10
2878,0.0009765625,10
2879,0.0009765625,10
2880,0.001953125,9
2881,0.0009765625,10
2882,0.0009765625,10
2883,0.0009765625,10
2884,0.001953125,9
2885,0.0009765625,10
2886,0.0009765625,10
2887,0.0009765625,10
2888,0.001953125,9
2889,0.0009765625,10
2890,0.0009765625,10
2891,0.0009765625,10
2892,0.0009765625,10
2893,0.001953125,9
2894,0.0009765625,10
2895,0.0009765625,10
2896,0.0009765625,10
2897,0.001953125,9
2898,0.0009765625,10
2899,0.0009765625,10
2900,0.0009765625,10
2901,0.001953125,9
2902,0.0009765625,10
2903,0.0009765625,10
2904,0.0009765625,10
2905,0.001953125,9
2906,0.0009765625,10
2907,0.0009765625,10
2908,0.0009765625,10
2909,0.001953125,9
2910,0.0009765625,10
2911,0.0009765625,10
2912,0.0009765625,10
2913,0.0009765625,10
2914,0.001953125,9
2915,0.0009765625,10
2916,0.0009765625,10
2917,0.0009765625,10
2918,0.001953125,9
2919,0.0009765625,10
2920,0.0009765625,10
2921,0.0009765625,10
2922,0.001953125,9
2923,0.0009765625,10
2924,0.0009765625,10
2925,0.0009765625,10
2926,0.001953125,9
2927,0.0009765625,10
2928,0.0009765625,10
2929,0.0009765625,10
2930,0.0009765625,10
2931,0.001953125,9
2932,0.0009765625,10
2933,0.0009765625,10
2934,0.0009765625,10
2935,0.001953125,9
2936,0.0009765625,10
2937,0.0009765625,10
2938,0.0009765625,10
2939,0.001953125,9
2940,0.0009765625,10
2941,0.0009765625,10
2942,0.0009765625,10
2943,0.001953125,9
2944,0.0009765625,10
2945,0.0009765625,10
2946,0.0009765625,10
2947,0.001953125,9
2948,0.0009765625,10
2949,0.0009765625,10
2950,0.0009765625,10
2951,0.0009765625,10
2952,0.001953125,9
2953,0.0009765625,10
2954,0.0009765625,10
2955,0.0009765625,10
2956,0.001953125,9
2957,0.0009765625,10
2958,0.0009765625,10
2959,0.0009765625,10
2960,0.001953125,9
2961,0.0009765625,10
2962,0.0009765625,10
2963,0.0009765625,10
2964,0.001953125,9
2965,0.0009765625,10
2966,0.0009765625,10
2967,0.0009765625,10
2968,0.001953125,9
2969,0.0009765625,10
2970,0.0009765625,10
2971,0.0009765625,10
2972,0.0009765625,10
2973,0.001953125,9
2974,0.0009765625,10
2975,0.0009765625,10
2976,0.0009765625,10
2977,0.001953125,9
2978,0.0009765625,10
2979,0.0009765625,10
2980,0.0009765625,10
2981,0.001953125,9
2982,0.0009765625,10
2983,0.0009765625,10
2984,0.0009765625,10
2985,0.001953125,9
2986,0.0009765625,10
2987,0.0009765625,10
2988,0.0009765625,10
2989,0.001953125,9
2990,0.0009765625,10
2991,0.0009765625,10
2992,0.0009765625,10
2993,0.001953125,9
2994,0.0009765625,10
2995,0.0009765625,10
2996,0.0009765625,10
2997,0.0009765625,10
2998,0.001953125,9
2999,0.0009765625,10
3000,0.0009765625,10
3001,0.0009765625,10
3002,0.001953125,9
3003,0.0009765625,10
3004,0.0009765625,10
3005,0.0009765625,10
3006,0.001953125,9
3007,0.0009765625,10
3008,0.0009765625,10
3009,0.0009765625,10
3010,0.001953125,9
3011,0.0009765625,10
3012,0.0009765625,10
3013,0.0009765625,10
3014,0.001953125,9
3015,0.0009765625,10
3016,0.0009765625,10
3017,0.0009765625,10
3018,0.001953125,9
3019,0.0009765625,10
3020,0.0009765625,10
3021,0.0009765625,10
3022,0.0009765625,10
3023,0.001953125,9
3024,0.0009765625,10
3025,0.0009765625,10
3026,0.0009765625,10
3027,0.001953125,9
3028,0.0009765625,10
3029,0.0009765625,10
3030,0.0009765625,10
3031,0.001953125,9
3032,0.0009765625,10
3033,0.0009765625,10
3034,0.0009765625,10
3035,0.001953125,9
3036,0.0009765625,10
3037,0.0009765625,10
3038,0.0009765625,10
3039,0.001953125,9
3040,0.0009765625,10
3041,0.0009765625,10
3042,0.0009765625,10
3043,0.001953125,9
3044,0.0009765625,10
3045,0.0009765625,10
3046,0.0009765625,10
3047,0.001953125,9
3048,0.0009765625,10
3049,0.0009765625,10
3050,0.0009765625,10
3051,0.001953125,9
3052,0.0009765625,10
3053,0.0009765625,10
3054,0.0009765625,10
3055,0.0009765625,10
3056,0.001953125,9
3057,0.0009765625,10
3058,0.0009765625,10
3059,0.0009765625,10
3060,0.001953125,9
3061,0.0009765625,10
3062,0.0009765625,10
3063,0.0009765625,10
3064,0.001953125,9
3065,0.0009765625,10
3066,0.0009765625,10
3067,0.0009765625,10
3068,0.001953125,9
3069,0.0009765625,10
3070,0.0009765625,10
3071,0.0009765625,10
3072,0.001953125,9
3073,0.0009765625,10
3074,0.0009765625,10
3075,0.0009765625,10
3076,0.0009765625,10
3077,0.001953125,9
3078,0.0009765625,10
3079,0.0009765625,10
3080,0.0009765625,10
3081,0.001953125,9
3082,0.0009765625,10
3083,0.0009765625,10
3084,0.0009765625,10
3085,0.001953125,9
3086,0.0009765625,10
3087,0.0009765625,10
3088,0.0009765625,10
3089,0.001953125,9
3090,0.0009765625,10
3091,0.0009765625,10
3092,0.0009765625,10
3093,0.0009765625,10
3094,0.001953125,9
3095,0.0009765625,10
3096,0.0009765625,10
3097,0.0009765625,10
3098,0.001953125,9
3099,0.0009765625,10
3100,0.0009765625,10
3101,0.0009765625,10
3102,0.0009765625,10
3103,0.001953125,9
3104,0.0009765625,10
3105,0.0009765625,10
3106,0.0009765625,10
3107,0.001953125,9
3108,0.0009765625,10
3109,0.0009765625,10
3110,0.0009765625,10
3111,0.001953125,9
3112,0.0009765625,10
3113,0.0009765625,10
3114,0.0009765625,10
3115,0.0009765625,10
3116,0.001953125,9
3117,0.0009765625,10
3118,0.0009765625,10
3119,0.0009765625,10
3120,0.001953125,9
3121,0.0009765625,10
3122,0.0009765625,10
3123,0.0009765625,10
3124,0.001953125,9
3125,0.0009765625,10
3126,0.0009765625,10
3127,0.0009765625,10
3128,0.001953125,9
3129,0.0009765625,10
3130,0.0009765625,10
3131,0.0009765625,10
3132,0.0009765625,10
3133,0.001953125,9
3134,0.0009765625,10
3135,0.0009765625,10
3136,0.0009765625,10
3137,0.001953125,9
3138,0.0009765625,10
3139,0.0009765625,10
3140,0.0009765625,10
3141,0.001953125,9
3142,0.0009765625,10
3143,0.0009765625,10
3144,0.0009765625,10
3145,0.0009765625,10
3146,0.001953125,9
3147,0.0009765625,10
3148,0.0009765625,10
3149,0.0009765625,10
3150,0.001953125,9
3151,0.0009765625,10
3152,0.0009765625,10
3153,0.0009765625,10
3154,0.001953125,9
3155,0.0009765625,10
3156,0.0009765625,10
3157,0.0009765625,10
3158,0.001953125,9
3159,0.0009765625,10
3160,0.0009765625,10
3161,0.0009765625,10
3162,0.001953125,9
3163,0.0009765625,10
3164,0.0009765625,10
3165,0.0009765625,10
3166,0.0009765625,10
3167,0.001953125,9
3168,0.0009765625,10
3169,0.0009765625,10
3170,0.0009765625,10
3171,0.001953125,9
3172,0.0009765625,10
3173,0.0009765625,10
3174,0.0009765625,10
3175,0.001953125,9
3176,0.0009765625,10
3177,0.0009765625,10
3178,0.0009765625,10
3179,0.001953125,9
3180,0.0009765625,10
3181,0.0009765625,10
3182,0.0009765625,10
3183,0.0009765625,10
3184,0.001953125,9
3185,0.0009765625,10
3186,0.0009765625,10
3187,0.0009765625,10
3188,0.001953125,9
3189,0.0009765625,10
3190,0.0009765625,10
3191,0.0009765625,10
3192,0.001953125,9
3193,0.0009765625,10
3194,0.0009765625,10
3195,0.0009765625,10
3196,0.001953125,9
3197,0.0009765625,10
3198,0.0009765625,10
3199,0.0009765625,10
3200,0.001953125,9
3201,0.0009765625,10
3202,0.0009765625,10
3203,0.0009765625,10
3204,0.0009765625,10
3205,0.001953125,9
3206,0.0009765625,10
3207,0.0009765625,10
3208,0.0009765625,10
3209,0.001953125,9
3210,0.0009765625,10
3211,0.0009765625,10
3212,0.0009765625,10
3213,0.001953125,9
3214,0.0009765625,10
3215,0.0009765625,10
3216,0.0009765625,10
3217,0.001953125,9
3218,0.0009765625,10
3219,0.0009765625,10
3220,0.0009765625,10
3221,0.0009765625,10
3222,0.001953125,9
3223,0.0009765625,10
3224,0.0009765625,10
3225,0.0009765625,10
3226,0.001953125,9
3227,0.0009765625,10
3228,0.0009765625,10
3229,0.0009765625,10
3230,0.001953125,9
3231,0.0009765625,10
3232,0.0009765625,10
3233,0.0009765625,10
3234,0.001953125,9
3235,0.0009765625,10
3236,0.0009765625,10
3237,0.0009765625,10
3238,0.001953125,9
3239,0.0009765625,10
3240,0.0009765625,10
3241,0.0009765625,10
3242,0.0009765625,10
3243,0.001953125,9
3244,0.0009765625,10
3245,0.0009765625,10
3246,0.0009765625,10
3247,0.001953125,9
3248,0.0009765625,10
3249,0.0009765625,10
3250,0.0009765625,10
3251,0.001953125,9
3252,0.0009765625,10
3253,0.0009765625,10
3254,0.0009765625,10
3255,0.001953125,9
3256,0.0009765625,10
3257,0.0009765625,10
3258,0.0009765625,10
3259,0.001953125,9
3260,0.0009765625,10
3261,0.0009765625,10
3262,0.0009765625,10
3263,0.001953125,9
3264,0.0009765625,10
3265,0.0009765625,10
3266,0.0009765625,10
3267,0.0009765625,10
3268,0.001953125,9
3269,0.0009765625,10
3270,0.0009765625,10
3271,0.0009765625,10
3272,0.001953125,9
3273,0.0009765625,10
3274,0.0009765625,10
3275,0.0009765625,10
3276,0.001953125,9
3277,0.0009765625,10
3278,0.0009765625,10
3279,0.0009765625,10
3280,0.001953125,9
3281,0.0009765625,10
3282,0.0009765625,10
3283,0.0009765625,10
3284,0.001953125,9
3285,0.0009765625,10
3286,0.0009765625,10
3287,0.0009765625,10
3288,0.001953125,9
3289,0.0009765625,10
3290,0.0009765625,10
3291,0.0009765625,10
3292,0.0009765625,10
3293,0.001953125,9
3294,0.0009765625,10
3295,0.0009765625,10
3296,0.0009765625,10
3297,0.001953125,9
3298,0.0009765625,10
3299,0.0009765625,10
3300,0.0009765625,10
3301,0.001953125,9
3302,0.0009765625,10
3303,0.0009765625,10
3304,0.0009765625,10
3305,0.001953125,9
3306,0.0009765625,10
3307,0.0009765625,10
3308,0.0009765625,10
3309,0.001953125,9
3310,0.0009765625,10
3311,0.0009765625,10
3312,0.0009765625,10
3313,0.001953125,9
3314,0.0009765625,10
3315,0.0009765625,10
3316,0.0009765625,10
3317,0.001953125,9
3318,0.0009765625,10
3319,0.0009765625,10
3320,0.0009765625,10
3321,0.0009765625,10
3322,0.001953125,9
3323,0.0009765625,10
3324,0.0009765625,10
3325,0.0009765625,10
3326,0.001953125,9
3327,0.0009765625,10
3328,0.0009765625,10
3329,0.0009765625,10
3330,0.001953125,9
3331,0.0009765625,10
3332,0.0009765625,10
3333,0.0009765625,10
3334,0.001953125,9
3335,0.0009765625,10
3336,0.0009765625,10
3337,0.0009765625,10
3338,0.0009765625,10
3339,0.001953125,9
3340,0.0009765625,10
3341,0.0009765625,10
3342,0.0009765625,10
3343,0.001953125,9
3344,0.0009765625,10
3345,0.0009765625,10
3346,0.0009765625,10
3347,0.001953125,9
3348,0.0009765625,10
3349,0.0009765625,10
3350,0.0009765625,10
3351,0.0009765625,10
3352,0.001953125,9
3353,0.0009765625,10
3354,0.0009765625,10
3355,0.0009765625,10
3356,0.001953125,9
3357,0.0009765625,10
3358,0.0009765625,10
3359,0.0009765625,10
3360,0.0009765625,10
3361,0.001953125,9
3362,0.0009765625,10
3363,0.0009765625,10
3364,0.0009765625,10
3365,0.001953125,9
3366,0.0009765625,10
3367,0.0009765625,10
3368,0.0009765625,10
3369,0.001953125,9
3370,0.0009765625,10
3371,0.0009765625,10
3372,0.0009765625,10
3373,0.0009765625,10
3374,0.001953125,9
3375,0.0009765625,10
3376,0.0009765625,10
3377,0.0009765625,10
3378,0.001953125,9
3379,0.0009765625,10
3380,0.0009765625,10
3381,0.0009765625,10
3382,0.001953125,9
3383,0.0009765625,10
3384,0.0009765625,10
3385,0.0009765625,10
3386,0.001953125,9
3387,0.0009765625,10
3388,0.0009765625,10
3389,0.0009765625,10
3390,0.0009765625,10
3391,0.001953125,9
3392,0.0009765625,10
3393,0.0009765625,10
3394,0.0009765625,10
3395,0.001953125,9
3396,0.0009765625,10
3397,0.0009765625,10
3398,0.0009765625,10
3399,0.001953125,9
3400,0.0009765625,10
3401,0.0009765625,10
3402,0.0009765625,10
3403,0.0009765625,10
3404,0.001953125,9
3405,0.0009765625,10
3406,0.0009765625,10
3407,0.0009765625,10
3408,0.001953125,9
3409,0.0009765625,10
3410,0.0009765625,10
3411,0.0009765625,10
3412,0.001953125,9
3413,0.0009765625,10
3414,0.0009765625,10
3415,0.0009765625,10
3416,0.001953125,9
3417,0.0009765625,10
3418,0.0009765625,10
3419,0.0009765625,10
3420,0.0009765625,10
3421,0.001953125,9
3422,0.0009765625,10
3423,0.0009765625,10
3424,0.0009765625,10
3425,0.001953125,9
3426,0.0009765625,10
3427,0.0009765625,10
3428,0.0009765625,10
3429,0.001953125,9
3430,0.0009765625,10
3431,0.0009765625,10
3432,0.0009765625,10
3433,0.001953125,9
3434,0.0009765625,10
3435,0.0009765625,10
3436,0.0009765625,10
3437,0.001953125,9
3438,0.0009765625,10
3439,0.0009765625,10
3440,0.0009765625,10
3441,0.0009765625,10
3442,0.001953125,9
3443,0.0009765625,10
3444,0.0009765625,10
3445,0.0009765625,10
3446,0.001953125,9
3447,0.0009765625,10
3448,0.0009765625,10
3449,0.0009765625,10
3450,0.001953125,9
3451,0.0009765625,10
3452,0.0009765625,10
3453,0.0009765625,10
3454,0.001953125,9
3455,0.0009765625,10
3456,0.0009765625,10
3457,0.0009765625,10
3458,0.0009765625,10
3459,0.001953125,9
3460,0.0009765625,10
3461,0.0009765625,10
3462,0.0009765625,10
3463,0.001953125,9
3464,0.0009765625,10
3465,0.0009765625,10
3466,0.0009765625,10
3467,0.001953125,9
3468,0.0009765625,10
3469,0.0009765625,10
3470,0.0009765625,10
3471,0.001953125,9
3472,0.0009765625,10
3473,0.0009765625,10
3474,0.0009765625,10
3475,0.0009765625,10
3476,0.001953125,9
3477,0.0009765625,10
3478,0.0009765625,10
3479,0.0009765625,10
3480,0.001953125,9
3481,0.0009765625,10
3482,0.0009765625,10
3483,0.0009765625,10
3484,0.001953125,9
3485,0.0009765625,10
3486,0.0009765625,10
3487,0.0009765625,10
3488,0.001953125,9
3489,0.0009765625,10
3490,0.0009765625,10
3491,0.0009765625,10
3492,0.001953125,9
3493,0.0009765625,10
3494,0.0009765625,10
3495,0.0009765625,10
3496,0.0009765625,10
3497,0.001953125,9
3498,0.0009765625,10
3499,0.0009765625,10
3500,0.0009765625,10
3501,0.001953125,9
3502,0.0009765625,10
3503,0.0009765625,10
3504,0.0009765625,10
3505,0.001953125,9
3506,0.0009765625,10
3507,0.0009765625,10
3508,0.0009765625,10
3509,0.001953125,9
3510,0.0009765625,10
3511,0.0009765625,10
3512,0.0009765625,10
3513,0.001953125,9
3514,0.0009765625,10
3515,0.0009765625,10
3516,0.0009765625,10
3517,0.0009765625,10
3518,0.001953125,9
3519,0.0009765625,10
3520,0.0009765625,10
3521,0.0009765625,10
3522,0.001953125,9
3523,0.0009765625,10
3524,0.0009765625,10
3525,0.0009765625,10
3526,0.001953125,9
3527,0.0009765625,10
3528,0.0009765625,10
3529,0.0009765625,10
3530,0.001953125,9
3531,0.0009765625,10
3532,0.0009765625,10
3533,0.0009765625,10
3534,0.001953125,9
3535,0.0009765625,10
3536,0.0009765625,10
3537,0.0009765625,10
3538,0.001953125,9
3539,0.0009765625,10
3540,0.0009765625,10
3541,0.0009765625,10
3542,0.0009765625,10
3543,0.001953125,9
3544,0.0009765625,10
3545,0.0009765625,10
3546,0.0009765625,10
3547,0.001953125,9
3548,0.0009765625,10
3549,0.0009765625,10
3550,0.0009765625,10
3551,0.001953125,9
3552,0.0009765625,10
3553,0.0009765625,10
3554,0.0009765625,10
3555,0.001953125,9
3556,0.0009765625,10
3557,0.0009765625,10
3558,0.0009765625,10
3559,0.001953125,9
3560,0.0009765625,10
3561,0.0009765625,10
3562,0.0009765625,10
3563,0.001953125,9
3564,0.0009765625,10
3565,0.0009765625,10
3566,0.0009765625,10
3567,0.0009765625,10
3568,0.001953125,9
3569,0.0009765625,10
3570,0.0009765625,10
3571,0.0009765625,10
3572,0.001953125,9
3573,0.0009765625,10
3574,0.0009765625,10
3575,0.0009765625,10
3576,0.001953125,9
3577,0.0009765625,10
3578,0.0009765625,10
3579,0.0009765625,10
3580,0.001953125,9
3581,0.0009765625,10
3582,0.0009765625,10
3583,0.0009765625,10
3584,0.001953125,9
3585,0.0009765625,10
3586,0.0009765625,10
3587,0.0009765625,10
3588,0.0009765625,10
3589,0.001953125,9
3590,0.0009765625,10
3591,0.0009765625,10
3592,0.0009765625,10
3593,0.001953125,9
3594,0.0009765625,10
3595,0.0009765625,10
3596,0.0009765625,10
3597,0.001953125,9
3598,0.0009765625,10
3599,0.0009765625,10
3600,0.0009765625,10
3601,0.0009765625,10
3602,0.001953125,9
3603,0.0009765625,10
3604,0.0009765625,10
3605,0.0009765625,10
3606,0.001953125,9
3607,0.0009765625,10
3608,0.0009765625,10
3609,0.0009765625,10
3610,0.0009765625,10
3611,0.001953125,9
3612,0.0009765625,10
3613,0.0009765625,10
3614,0.0009765625,10
3615,0.001953125,9
3616,0.0009765625,10
3617,0.0009765625,10
3618,0.0009765625,10
3619,0.001953125,9
3620,0.0009765625,10
3621,0.0009765625,10
3622,0.0009765625,10
3623,0.0009765625,10
3624,0.001953125,9
3625,0.0009765625,10
3626,0.0009765625,10
3627,0.0009765625,10
3628,0.001953125,9
3629,0.0009765625,10
3630,0.0009765625,10
3631,0.0009765625,10
3632,0.001953125,9
3633,0.0009765625,10
3634,0.0009765625,10
3635,0.0009765625,10
3636,0.0009765625,10
3637,0.001953125,9
3638,0.0009765625,10
3639,0.0009765625,10
3640,0.0009765625,10
3641,0.001953125,9
3642,0.0009765625,10
3643,0.0009765625,10
3644,0.0009765625,10
3645,0.001953125,9
3646,0.0009765625,10
3647,0.0009765625,10
3648,0.0009765625,10
3649,0.0009765625,10
3650,0.001953125,9
3651,0.0009765625,10
3652,0.0009765625,10
3653,0.0009765625,10
3654,0.001953125,9
3655,0.0009765625,10
3656,0.0009765625,10
3657,0.0009765625,10
3658,0.001953125,9
3659,0.0009765625,10
3660,0.0009765625,10
3661,0.0009765625,10
3662,0.001953125,9
3663,0.0009765625,10
3664,0.0009765625,10
3665,0.0009765625,10
3666,0.0009765625,10
3667,0.001953125,9
3668,0.0009765625,10
3669,0.0009765625,10
3670,0.0009765625,10
3671,0.001953125,9
3672,0.0009765625,10
3673,0.0009765625,10
3674,0.0009765625,10
3675,0.001953125,9
3676,0.0009765625,10
3677,0.0009765625,10
3678,0.0009765625,10
3679,0.001953125,9
3680,0.0009765625,10
3681,0.0009765625,10
3682,0.0009765625,10
3683,0.0009765625,10
3684,0.001953125,9
3685,0.0009765625,10
3686,0.0009765625,10
3687,0.0009765625,10
3688,0.001953125,9
3689,0.0009765625,10
3690,0.0009765625,10
3691,0.0009765625,10
3692,0.001953125,9
3693,0.0009765625,10
3694,0.0009765625,10
3695,0.0009765625,10
3696,0.001953125,9
3697,0.0009765625,10
3698,0.0009765625,10
3699,0.0009765625,10
3700,0.0009765625,10
3701,0.001953125,9
3702,0.0009765625,10
3703,0.0009765625,10
3704,0.0009765625,10
3705,0.001953125,9
3706,0.0009765625,10
3707,0.0009765625,10
3708,0.0009765625,10
3709,0.001953125,9
3710,0.0009765625,10
3711,0.0009765625,10
3712,0.0009765625,10
3713,0.001953125,9
3714,0.0009765625,10
3715,0.0009765625,10
3716,0.0009765625,10
3717,0.0009765625,10
3718,0.001953125,9
3719,0.0009765625,10
3720,0.0009765625,10
3721,0.0009765625,10
3722,0.001953125,9
3723,0.0009765625,10
3724,0.0009765625,10
3725,0.0009765625,10
3726,0.001953125,9
3727,0.0009765625,10
3728,0.0009765625,10
3729,0.0009765625,10
3730,0.001953125,9
3731,0.0009765625,10
3732,0.0009765625,10
3733,0.0009765625,10
3734,0.0009765625,10
3735,0.001953125,9
3736,0.0009765625,10
3737,0.0009765625,10
3738,0.0009765625,10
3739,0.001953125,9
3740,0.0009765625,10
3741,0.0009765625,10
3742,0.0009765625,10
3743,0.001953125,9
3744,0.0009765625,10
3745,0.0009765625,10
3746,0.0009765625,10
3747,0.001953125,9
3748,0.0009765625,10
3749,0.0009765625,10
3750,0.0009765625,10
3751,0.001953125,9
3752,0.0009765625,10
3753,0.0009765625,10
3754,0.0009765625,10
3755,0.0009765625,10
3756,0.001953125,9
3757,0.0009765625,10
3758,0.0009765625,10
3759,0.0009765625,10
3760,0.001953125,9
3761,0.0009765625,10
3762,0.0009765625,10
3763,0.0009765625,10
3764,0.001953125,9
3765,0.0009765625,10
3766,0.0009765625,10
3767,0.0009765625,10
3768,0.001953125,9
3769,0.0009765625,10
3770,0.0009765625,10
3771,0.0009765625,10
3772,0.001953125,9
3773,0.0009765625,10
3774,0.0009765625,10
3775,0.0009765625,10
3776,0.0009765625,10
3777,0.001953125,9
3778,0.0009765625,10
3779,0.0009765625,10
3780,0.0009765625,10
3781,0.001953125,9
3782,0.0009765625,10
3783,0.0009765625,10
3784,0.0009765625,10
3785,0.001953125,9
3786,0.0009765625,10
3787,0.0009765625,10
3788,0.0009765625,10
3789,0.001953125,9
3790,0.0009765625,10
3791,0.0009765625,10
3792,0.0009765625,10
3793,0.001953125,9
3794,0.0009765625,10
3795,0.0009765625,10
3796,0.0009765625,10
3797,0.0009765625,10
3798,0.001953125,9
3799,0.0009765625,10
3800,0.0009765625,10
3801,0.0009765625,10
3802,0.001953125,9
3803,0.0009765625,10
3804,0.0009765625,10
3805,0.0009765625,10
3806,0.001953125,9
3807,0.0009765625,10
3808,0.0009765625,10
3809,0.0009765625,10
3810,0.001953125,9
3811,0.0009765625,10
3812,0.0009765625,10
3813,0.0009765625,10
3814,0.001953125,9
3815,0.0009765625,10
3816,0.0009765625,10
3817,0.0009765625,10
3818,0.001953125,9
3819,0.0009765625,10
3820,0.0009765625,10
3821,0.0009765625,10
3822,0.0009765625,10
3823,0.001953125,9
3824,0.0009765625,10
3825,0.0009765625,10
3826,0.0009765625,10
3827,0.001953125,9
3828,0.0009765625,10
3829,0.0009765625,10
3830,0.0009765625,10
3831,0.001953125,9
3832,0.0009765625,10
3833,0.0009765625,10
3834,0.0009765625,10
3835,0.001953125,9
3836,0.0009765625,10
3837,0.0009765625,10
3838,0.0009765625,10
3839,0.001953125,9
3840,0.0009765625,10
3841,0.0009765625,10
3842,0.0009765625,10
3843,0.0009765625,10
3844,0.001953125,9
3845,0.0009765625,10
3846,0.0009765625,10
3847,0.0009765625,10
3848,0.001953125,9
3849,0.0009765625,10
3850,0.0009765625,10
3851,0.0009765625,10
3852,0.001953125,9
3853,0.0009765625,10
3854,0.0009765625,10
3855,0.0009765625,10
3856,0.0009765625,10
3857,0.001953125,9
3858,0.0009765625,10
3859,0.0009765625,10
3860,0.0009765625,10
3861,0.001953125,9
3862,0.0009765625,10
3863,0.0009765625,10
3864,0.0009765625,10
3865,0.0009765625,10
3866,0.001953125,9
3867,0.0009765625,10
3868,0.0009765625,10
3869,0.0009765625,10
3870,0.001953125,9
3871,0.0009765625,10
3872,0.0009765625,10
3873,0.0009765625,10
3874,0.001953125,9
3875,0.0009765625,10
3876,0.0009765625,10
3877,0.0009765625,10
3878,0.0009765625,10
3879,0.001953125,9
3880,0.0009765625,10
3881,0.0009765625,10
3882,0.0009765625,10
3883,0.001953125,9
3884,0.0009765625,10
3885,0.0009765625,10
3886,0.0009765625,10
3887,0.0009765625,10
3888,0.001953125,9
3889,0.0009765625,10
3890,0.0009765625,10
3891,0.0009765625,10
3892,0.001953125,9
3893,0.0009765625,10
3894,0.0009765625,10
3895,0.0009765625,10
3896,0.001953125,9
3897,0.0009765625,10
3898,0.0009765625,10
3899,0.0009765625,10
3900,0.001953125,9
3901,0.0009765625,10
3902,0.0009765625,10
3903,0.0009765625,10
3904,0.0009765625,10
3905,0.001953125,9
3906,0.0009765625,10
3907,0.0009765625,10
3908,0.0009765625,10
3909,0.001953125,9
3910,0.0009765625,10
3911,0.0009765625,10
3912,0.0009765625,10
3913,0.001953125,9
3914,0.0009765625,10
3915,0.0009765625,10
3916,0.0009765625,10
3917,0.0009765625,10
3918,0.001953125,9
3919,0.0009765625,10
3920,0.0009765625,10
3921,0.0009765625,10
3922,0.001953125,9
3923,0.0009765625,10
3924,0.0009765625,10
3925,0.0009765625,10
3926,0.001953125,9
3927,0.0009765625,10
3928,0.0009765625,10
3929,0.0009765625,10
3930,0.001953125,9
3931,0.0009765625,10
3932,0.0009765625,10
3933,0.0009765625,10
3934,0.0009765625,10
3935,0.001953125,9
3936,0.0009765625,10
3937,0.0009765625,10
3938,0.0009765625,10
3939,0.001953125,9
3940,0.0009765625,10
3941,0.0009765625,10
3942,0.0009765625,10
3943,0.001953125,9
3944,0.0009765625,10
3945,0.0009765625,10
3946,0.0009765625,10
3947,0.001953125,9
3948,0.0009765625,10
3949,0.0009765625,10
3950,0.0009765625,10
3951,0.0009765625,10
3952,0.001953125,9
3953,0.0009765625,10
3954,0.0009765625,10
3955,0.0009765625,10
3956,0.001953125,9
3957,0.0009765625,10
3958,0.0009765625,10
3959,0.0009765625,10
3960,0.001953125,9
3961,0.0009765625,10
3962,0.0009765625,10
3963,0.0009765625,10
3964,0.001953125,9
3965,0.0009765625,10
3966,0.0009765625,10
3967,0.0009765625,10
3968,0.0009765625,10
3969,0.001953125,9
3970,0.0009765625,10
3971,0.0009765625,10
3972,0.0009765625,10
3973,0.001953125,9
3974,0.0009765625,10
3975,0.0009765625,10
3976,0.0009765625,10
3977,0.001953125,9
3978,0.0009765625,10
3979,0.0009765625,10
3980,0.0009765625,10
3981,0.001953125,9
3982,0.0009765625,10
3983,0.0009765625,10
3984,0.0009765625,10
3985,0.0009765625,10
3986,0.001953125,9
3987,0.0009765625,10
3988,0.0009765625,10
3989,0.0009765625,10
3990,0.001953125,9
3991,0.0009765625,10
3992,0.0009765625,10
3993,0.0009765625,10
3994,0.001953125,9
3995,0.0009765625,10
3996,0.0009765625,10
3997,0.0009765625,10
3998,0.001953125,9
3999,0.0009765625,10
4000,0.0009765625,10
4001,0.0009765625,10
4002,0.0009765625,10
4003,0.001953125,9
4004,0.0009765625,10
4005,0.0009765625,10
4006,0.0009765625,10
4007,0.001953125,9
4008,0.0009765625,10
4009,0.0009765625,10
4010,0.0009765625,10
4011,0.001953125,9
4012,0.0009765625,10
4013,0.0009765625,10
4014,0.0009765625,10
4015,0.001953125,9
4016,0.0009765625,10
4017,0.0009765625,10
4018,0.0009765625,10
4019,0.0009765625,10
4020,0.001953125,9
4021,0.0009765625,10
4022,0.0009765625,10
4023,0.0009765625,10
4024,0.001953125,9
4025,0.0009765625,10
4026,0.0009765625,10
4027,0.0009765625,10
4028,0.001953125,9
4029,0.0009765625,10
4030,0.0009765625,10
4031,0.0009765625,10
4032,0.001953125,9
4033,0.0009765625,10
4034,0.0009765625,10
4035,0.0009765625,10
4036,0.001953125,9
4037,0.0009765625,10
4038,0.0009765625,10
4039,0.0009765625,10
4040,0.0009765625,10
4041,0.001953125,9
4042,0.0009765625,10
4043,0.0009765625,10
4044,0.0009765625,10
4045,0.001953125,9
4046,0.0009765625,10
4047,0.0009765625,10
4048,0.0009765625,10
4049,0.001953125,9
4050,0.0009765625,10
4051,0.0009765625,10
4052,0.0009765625,10
4053,0.001953125,9
4054,0.0009765625,10
4055,0.0009765625,10
4056,0.0009765625,10
4057,0.001953125,9
4058,0.0009765625,10
4059,0.0009765625,10
4060,0.0009765625,10
4061,0.001953125,9
4062,0.0009765625,10
4063,0.0009765625,10
4064,0.0009765625,10
4065,0.0009765625,10
4066,0.001953125,9
4067,0.0009765625,10
4068,0.0009765625,10
4069,0.0009765625,10
4070,0.001953125,9
4071,0.0009765625,10
4072,0.0009765625,10
4073,0.0009765625,10
4074,0.001953125,9
4075,0.0009765625,10
4076,0.0009765625,10
4077,0.0009765625,10
4078,0.001953125,9
4079,0.0009765625,10
4080,0.0009765625,10
4081,0.0009765625,10
4082,0.001953125,9
4083,0.0009765625,10
4084,0.0009765625,10
4085,0.0009765625,10
4086,0.0009765625,10
4087,0.001953125,9
4088,0.0009765625,10
4089,0.0009765625,10
4090,0.0009765625,10
4091,0.001953125,9
4092,0.0009765625,10
4093,0.0009765625,10
4094,0.0009765625,10
4095,0.001953125,9
4096,0.0009765625,10
4097,0.0009765625,10
4098,0.0009765625,10
4099,0.001953125,9
4100,0.0009765625,10
4101,0.0009765625,10
4102,0.0009765625,10
4103,0.0009765625,10
4104,0.001953125,9
4105,0.0009765625,10
4106,0.0009765625,10
4107,0.0009765625,10
4108,0.001953125,9
4109,0.0009765625,10
4110,0.0009765625,10
4111,0.0009765625,10
4112,0.0009765625,10
4113,0.001953125,9
4114,0.0009765625,10
4115,0.0009765625,10
4116,0.0009765625,10
4117,0.001953125,9
4118,0.0009765625,10
4119,0.0009765625,10
4120,0.0009765625,10
4121,0.001953125,9
4122,0.0009765625,10
4123,0.0009765625,10
4124,0.0009765625,10
4125,0.0009765625,10
4126,0.001953125,9
4127,0.0009765625,10
4128,0.0009765625,10
4129,0.0009765625,10
4130,0.001953125,9
4131,0.0009765625,10
4132,0.0009765625,10
4133,0.0009765625,10
4134,0.0009765625,10
4135,0.001953125,9
4136,0.0009765625,10
4137,0.0009765625,10
4138,0.0009765625,10
4139,0.001953125,9
4140,0.0009765625,10
4141,0.0009765625,10
4142,0.0009765625,10
4143,0.001953125,9
4144,0.0009765625,10
4145,0.0009765625,10
4146,0.0009765625,10
4147,0.0009765625,10
4148,0.001953125,9
4149,0.0009765625,10
4150,0.0009765625,10
4151,0.0009765625,10
4152,0.001953125,9
4153,0.0009765625,10
4154,0.0009765625,10
4155,0.0009765625,10
4156,0.001953125,9
4157,0.0009765625,10
4158,0.0009765625,10
4159,0.0009765625,10
4160,0.001953125,9
4161,0.0009765625,10
4162,0.0009765625,10
4163,0.0009765625,10
4164,0.0009765625,10
4165,0.001953125,9
4166,0.0009765625,10
4167,0.0009765625,10
4168,0.0009765625,10
4169,0.001953125,9
4170,0.0009765625,10
4171,0.0009765625,10
4172,0.0009765625,10
4173,0.001953125,9
4174,0.0009765625,10
4175,0.0009765625,10
4176,0.0009765625,10
4177,0.0009765625,10
4178,0.001953125,9
4179,0.0009765625,10
4180,0.0009765625,10
4181,0.0009765625,10
4182,0.001953125,9
4183,0.0009765625,10
4184,0.0009765625,10
4185,0.0009765625,10
4186,0.001953125,9
4187,0.0009765625,10
4188,0.0009765625,10
4189,0.0009765625,10
4190,0.001953125,9
4191,0.0009765625,10
4192,0.0009765625,10
4193,0.0009765625,10
4194,0.0009765625,10
4195,0.001953125,9
4196,0.0009765625,10
4197,0.0009765625,10
4198,0.0009765625,10
4199,0.001953125,9
4200,0.0009765625,10
4201,0.0009765625,10
4202,0.0009765625,10
4203,0.001953125,9
4204,0.0009765625,10
4205,0.0009765625,10
4206,0.0009765625,10
4207,0.0009765625,10
4208,0.001953125,9
4209,0.0009765625,10
4210,0.0009765625,10
4211,0.0009765625,10
4212,0.001953125,9
4213,0.0009765625,10
4214,0.0009765625,10
4215,0.0009765625,10
4216,0.001953125,9
4217,0.0009765625,10
4218,0.0009765625,10
4219,0.0009765625,10
4220,0.001953125,9
4221,0.0009765625,10
4222,0.0009765625,10
4223,0.0009765625,10
4224,0.0009765625,10
4225,0.001953125,9
4226,0.0009765625,10
4227,0.0009765625,10
4228,0.0009765625,10
4229,0.001953125,9
4230,0.0009765625,10
4231,0.0009765625,10
4232,0.0009765625,10
4233,0.001953125,9
4234,0.0009765625,10
4235,0.0009765625,10
4236,0.0009765625,10
4237,0.001953125,9
4238,0.0009765625,10
4239,0.0009765625,10
4240,0.0009765625,10
4241,0.0009765625,10
4242,0.001953125,9
4243,0.0009765625,10
4244,0.0009765625,10
4245,0.0009765625,10
4246,0.001953125,9
4247,0.0009765625,10
4248,0.0009765625,10
4249,0.0009765625,10
4250,0.001953125,9
4251,0.0009765625,10
4252,0.0009765625,10
4253,0.0009765625,10
4254,0.001953125,9
4255,0.0009765625,10
4256,0.0009765625,10
4257,0.0009765625,10
4258,0.0009765625,10
4259,0.001953125,9
4260,0.0009765625,10
4261,0.0009765625,10
4262,0.0009765625,10
4263,0.001953125,9
4264,0.0009765625,10
4265,0.0009765625,10
4266,0.0009765625,10
4267,0.001953125,9
4268,0.0009765625,10
4269,0.0009765625,10
4270,0.0009765625,10
4271,0.001953125,9
4272,0.0009765625,10
4273,0.0009765625,10
4274,0.0009765625,10
4275,0.0009765625,10
4276,0.001953125,9
4277,0.0009765625,10
4278,0.0009765625,10
4279,0.0009765625,10
4280,0.001953125,9
4281,0.0009765625,10
4282,0.0009765625,10
4283,0.0009765625,10
4284,0.001953125,9
4285,0.0009765625,10
4286,0.0009765625,10
4287,0.0009765625,10
4288,0.001953125,9
4289,0.0009765625,10
4290,0.0009765625,10
4291,0.0009765625,10
4292,0.001953125,9
4293,0.0009765625,10
4294,0.0009765625,10
4295,0.0009765625,10
4296,0.0009765625,10
4297,0.001953125,9
4298,0.0009765625,10
4299,0.0009765625,10
4300,0.0009765625,10
4301,0.001953125,9
4302,0.0009765625,10
4303,0.0009765625,10
4304,0.0009765625,10
4305,0.001953125,9
4306,0.0009765625,10
4307,0.0009765625,10
4308,0.0009765625,10
4309,0.001953125,9
4310,0.0009765625,10
4311,0.0009765625,10
4312,0.0009765625,10
4313,0.001953125,9
4314,0.0009765625,10
4315,0.0009765625,10
4316,0.0009765625,10
4317,0.001953125,9
4318,0.0009765625,10
4319,0.0009765625,10
4320,0.0009765625,10
4321,0.0009765625,10
4322,0.001953125,9
4323,0.0009765625,10
4324,0.0009765625,10
4325,0.0009765625,10
4326,0.001953125,9
4327,0.0009765625,10
4328,0.0009765625,10
4329,0.0009765625,10
4330,0.001953125,9
4331,0.0009765625,10
4332,0.0009765625,10
4333,0.0009765625,10
4334,0.001953125,9
4335,0.0009765625,10
4336,0.0009765625,10
4337,0.0009765625,10
4338,0.001953125,9
4339,0.0009765625,10
4340,0.0009765625,10
4341,0.0009765625,10
4342,0.0009765625,10
4343,0.001953125,9
4344,0.0009765625,10
4345,0.0009765625,10
4346,0.0009765625,10
4347,0.001953125,9
4348,0.0009765625,10
4349,0.0009765625,10
4350,0.0009765625,10
4351,0.001953125,9
4352,0.0009765625,10
4353,0.0009765625,10
4354,0.0009765625,10
4355,0.0009765625,10
4356,0.001953125,9
4357,0.0009765625,10
4358,0.0009765625,10
4359,0.0009765625,10
4360,0.001953125,9
4361,0.0009765625,10
4362,0.0009765625,10
4363,0.0009765625,10
4364,0.001953125,9
4365,0.0009765625,10
4366,0.0009765625,10
4367,0.0009765625,10
4368,0.0009765625,10
4369,0.001953125,9
4370,0.0009765625,10
4371,0.0009765625,10
4372,0.0009765625,10
4373,0.001953125,9
4374,0.0009765625,10
4375,0.0009765625,10
4376,0.0009765625,10
4377,0.0009765625,10
4378,0.001953125,9
4379,0.0009765625,10
4380,0.0009765625,10
4381,0.0009765625,10
4382,0.001953125,9
4383,0.0009765625,10
4384,0.0009765625,10
4385,0.0009765625,10
4386,0.001953125,9
4387,0.0009765625,10
4388,0.0009765625,10
4389,0.0009765625,10
4390,0.0009765625,10
4391,0.001953125,9
4392,0.0009765625,10
4393,0.0009765625,10
4394,0.0009765625,10
4395,0.001953125,9
4396,0.0009765625,10
4397,0.0009765625,10
4398,0.0009765625,10
4399,0.001953125,9
4400,0.0009765625,10
4401,0.0009765625,10
4402,0.0009765625,10
4403,0.0009765625,10
4404,0.001953125,9
4405,0.0009765625,10
4406,0.0009765625,10
4407,0.0009765625,10
4408,0.001953125,9
4409,0.0009765625,10
4410,0.0009765625,10
4411,0.0009765625,10
4412,0.001953125,9
4413,0.0009765625,10
4414,0.0009765625,10
4415,0.0009765625,10
4416,0.0009765625,10
4417,0.001953125,9
4418,0.0009765625,10
4419,0.0009765625,10
4420,0.0009765625,10
4421,0.001953125,9
4422,0.0009765625,10
4423,0.0009765625,10
4424,0.0009765625,10
4425,0.001953125,9
4426,0.0009765625,10
4427,0.0009765625,10
4428,0.0009765625,10
4429,0.0009765625,10
4430,0.001953125,9
4431,0.0009765625,10
4432,0.0009765625,10
4433,0.0009765625,10
4434,0.001953125,9
4435,0.0009765625,10
4436,0.0009765625,10
4437,0.0009765625,10
4438,0.001953125,9
4439,0.0009765625,10
4440,0.0009765625,10
4441,0.0009765625,10
4442,0.001953125,9
4443,0.0009765625,10
4444,0.0009765625,10
4445,0.0009765625,10
4446,0.0009765625,10
4447,0.001953125,9
4448,0.0009765625,10
4449,0.0009765625,10
4450,0.0009765625,10
4451,0.001953125,9
4452,0.0009765625,10
4453,0.0009765625,10
4454,0.0009765625,10
4455,0.001953125,9
4456,0.0009765625,10
4457,0.0009765625,10
4458,0.0009765625,10
4459,0.0009765625,10
4460,0.001953125,9
4461,0.0009765625,10
4462,0.0009765625,10
4463,0.0009765625,10
4464,0.001953125,9
4465,0.0009765625,10
4466,0.0009765625,10
4467,0.0009765625,10
4468,0.001953125,9
4469,0.0009765625,10
4470,0.0009765625,10
4471,0.0009765625,10
4472,0.001953125,9
4473,0.0009765625,10
4474,0.0009765625,10
4475,0.0009765625,10
4476,0.0009765625,10
4477,0.001953125,9
4478,0.0009765625,10
4479,0.0009765625,10
4480,0.0009765625,10
4481,0.001953125,9
4482,0.0009765625,10
4483,0.0009765625,10
4484,0.0009765625,10
4485,0.001953125,9
4486,0.0009765625,10
4487,0.0009765625,10
4488,0.0009765625,10
4489,0.001953125,9
4490,0.0009765625,10
4491,0.0009765625,10
4492,0.0009765625,10
4493,0.0009765625,10
4494,0.001953125,9
4495,0.0009765625,10
4496,0.0009765625,10
4497,0.0009765625,10
4498,0.001953125,9
4499,0.0009765625,10
4500,0.0009765625,10
4501,0.0009765625,10
4502,0.001953125,9
4503,0.0009765625,10
4504,0.0009765625,10
4505,0.0009765625,10
4506,0.001953125,9
4507,0.0009765625,10
4508,0.0009765625,10
4509,0.0009765625,10
4510,0.0009765625,10
4511,0.001953125,9
4512,0.0009765625,10
4513,0.0009765625,10
4514,0.0009765625,10
4515,0.001953125,9
4516,0.0009765625,10
4517,0.0009765625,10
4518,0.0009765625,10
4519,0.001953125,9
4520,0.0009765625,10
4521,0.0009765625,10
4522,0.0009765625,10
4523,0.001953125,9
4524,0.0009765625,10
4525,0.0009765625,10
4526,0.0009765625,10
4527,0.0009765625,10
4528,0.001953125,9
4529,0.0009765625,10
4530,0.0009765625,10
4531,0.0009765625,10
4532,0.001953125,9
4533,0.0009765625,10
4534,0.0009765625,10
4535,0.0009765625,10
4536,0.001953125,9
4537,0.0009765625,10
4538,0.0009765625,10
4539,0.0009765625,10
4540,0.001953125,9
4541,0.0009765625,10
4542,0.0009765625,10
4543,0.0009765625,10
4544,0.0009765625,10
4545,0.001953125,9
4546,0.0009765625,10
4547,0.0009765625,10
4548,0.0009765625,10
4549,0.001953125,9
4550,0.0009765625,10
4551,0.0009765625,10
4552,0.0009765625,10
4553,0.001953125,9
4554,0.0009765625,10
4555,0.0009765625,10
4556,0.0009765625,10
4557,0.001953125,9
4558,0.0009765625,10
4559,0.0009765625,10
4560,0.0009765625,10
4561,0.001953125,9
4562,0.0009765625,10
4563,0.0009765625,10
4564,0.0009765625,10
4565,0.0009765625,10
4566,0.001953125,9
4567,0.0009765625,10
4568,0.0009765625,10
4569,0.0009765625,10
4570,0.001953125,9
4571,0.0009765625,10
4572,0.0009765625,10
4573,0.0009765625,10
4574,0.001953125,9
4575,0.0009765625,10
4576,0.0009765625,10
4577,0.0009765625,10
4578,0.001953125,9
4579,0.0009765625,10
4580,0.0009765625,10
4581,0.0009765625,10
4582,0.001953125,9
4583,0.0009765625,10
4584,0.0009765625,10
4585,0.0009765625,10
4586,0.0009765625,10
4587,0.001953125,9
4588,0.0009765625,10
4589,0.0009765625,10
4590,0.0009765625,10
4591,0.001953125,9
4592,0.0009765625,10
4593,0.0009765625,10
4594,0.0009765625,10
4595,0.001953125,9
4596,0.0009765625,10
4597,0.0009765625,10
4598,0.0009765625,10
4599,0.001953125,9
4600,0.0009765625,10
4601,0.0009765625,10
4602,0.0009765625,10
4603,0.0009765625,10
4604,0.001953125,9
4605,0.0009765625,10
4606,0.0009765625,10
4607,0.0009765625,10
4608,0.001953125,9
4609,0.0009765625,10
4610,0.0009765625,10
4611,0.0009765625,10
4612,0.001953125,9
4613,0.0009765625,10
4614,0.0009765625,10
4615,0.0009765625,10
4616,0.0009765625,10
4617,0.001953125,9
4618,0.0009765625,10
4619,0.0009765625,10
4620,0.0009765625,10
4621,0.001953125,9
4622,0.0009765625,10
4623,0.0009765625,10
4624,0.0009765625,10
4625,0.001953125,9
4626,0.0009765625,10
4627,0.0009765625,10
4628,0.0009765625,10
4629,0.0009765625,10
4630,0.001953125,9
4631,0.0009765625,10
4632,0.0009765625,10
4633,0.0009765625,10
4634,0.001953125,9
4635,0.0009765625,10
4636,0.0009765625,10
4637,0.0009765625,10
4638,0.0009765625,10
4639,0.001953125,9
4640,0.0009765625,10
4641,0.0009765625,10
4642,0.0009765625,10
4643,0.001953125,9
4644,0.0009765625,10
4645,0.0009765625,10
4646,0.0009765625,10
4647,0.001953125,9
4648,0.0009765625,10
4649,0.0009765625,10
4650,0.0009765625,10
4651,0.0009765625,10
4652,0.001953125,9
4653,0.0009765625,10
4654,0.0009765625,10
4655,0.0009765625,10
4656,0.001953125,9
4657,0.0009765625,10
4658,0.0009765625,10
4659,0.0009765625,10
4660,0.001953125,9
4661,0.0009765625,10
4662,0.0009765625,10
4663,0.0009765625,10
4664,0.0009765625,10
4665,0.001953125,9
4666,0.0009765625,10
4667,0.0009765625,10
4668,0.0009765625,10
4669,0.001953125,9
4670,0.0009765625,10
4671,0.0009765625,10
4672,0.0009765625,10
4673,0.001953125,9
4674,0.0009765625,10
4675,0.0009765625,10
4676,0.0009765625,10
4677,0.0009765625,10
4678,0.001953125,9
4679,0.0009765625,10
4680,0.0009765625,10
4681,0.0009765625,10
4682,0.001953125,9
4683,0.0009765625,10
4684,0.0009765625,10
4685,0.0009765625,10
4686,0.001953125,9
4687,0.0009765625,10
4688,0.0009765625,10
4689,0.0009765625,10
4690,0.0009765625,10
4691,0.001953125,9
4692,0.0009765625,10
4693,0.0009765625,10
4694,0.0009765625,10
4695,0.001953125,9
4696,0.0009765625,10
4697,0.0009765625,10
4698,0.0009765625,10
4699,0.001953125,9
4700,0.0009765625,10
4701,0.0009765625,10
4702,0.0009765625,10
4703,0.001953125,9
4704,0.0009765625,10
4705,0.0009765625,10
4706,0.0009765625,10
4707,0.0009765625,10
4708,0.001953125,9
4709,0.0009765625,10
4710,0.0009765625,10
4711,0.0009765625,10
4712,0.001953125,9
4713,0.0009765625,10
4714,0.0009765625,10
4715,0.0009765625,10
4716,0.001953125,9
4717,0.0009765625,10
4718,0.0009765625,10
4719,0.0009765625,10
4720,0.0009765625,10
4721,0.001953125,9
4722,0.0009765625,10
4723,0.0009765625,10
4724,0.0009765625,10
4725,0.001953125,9
4726,0.0009765625,10
4727,0.0009765625,10
4728,0.0009765625,10
4729,0.001953125,9
4730,0.0009765625,10
4731,0.0009765625,10
4732,0.0009765625,10
4733,0.001953125,9
4734,0.0009765625,10
4735,0.0009765625,10
4736,0.0009765625,10
4737,0.0009765625,10
4738,0.001953125,9
4739,0.0009765625,10
4740,0.0009765625,10
4741,0.0009765625,10
4742,0.001953125,9
4743,0.0009765625,10
4744,0.0009765625,10
4745,0.0009765625,10
4746,0.001953125,9
4747,0.0009765625,10
4748,0.0009765625,10
4749,0.0009765625,10
4750,0.0009765625,10
4751,0.001953125,9
4752,0.0009765625,10
4753,0.0009765625,10
4754,0.0009765625,10
4755,0.001953125,9
4756,0.0009765625,10
4757,0.0009765625,10
4758,0.0009765625,10
4759,0.001953125,9
4760,0.0009765625,10
4761,0.0009765625,10
4762,0.0009765625,10
4763,0.001953125,9
4764,0.0009765625,10
4765,0.0009765625,10
4766,0.0009765625,10
4767,0.0009765625,10
4768,0.001953125,9
4769,0.0009765625,10
4770,0.0009765625,10
4771,0.0009765625,10
4772,0.001953125,9
4773,0.0009765625,10
4774,0.0009765625,10
4775,0.0009765625,10
4776,0.001953125,9
4777,0.0009765625,10
4778,0.0009765625,10
4779,0.0009765625,10
4780,0.001953125,9
4781,0.0009765625,10
4782,0.0009765625,10
4783,0.0009765625,10
4784,0.0009765625,10
4785,0.001953125,9
4786,0.0009765625,10
4787,0.0009765625,10
4788,0.0009765625,10
4789,0.001953125,9
4790,0.0009765625,10
4791,0.0009765625,10
4792,0.0009765625,10
4793,0.001953125,9
4794,0.0009765625,10
4795,0.0009765625,10
4796,0.0009765625,10
4797,0.001953125,9
4798,0.0009765625,10
4799,0.0009765625,10
4800,0.0009765625,10
4801,0.001953125,9
4802,0.0009765625,10
4803,0.0009765625,10
4804,0.0009765625,10
4805,0.0009765625,10
4806,0.001953125,9
4807,0.0009765625,10
4808,0.0009765625,10
4809,0.0009765625,10
4810,0.001953125,9
4811,0.0009765625,10
4812,0.0009765625,10
4813,0.0009765625,10
4814,0.001953125,9
4815,0.0009765625,10
4816,0.0009765625,10
4817,0.0009765625,10
4818,0.001953125,9
4819,0.0009765625,10
4820,0.0009765625,10
4821,0.0009765625,10
4822,0.001953125,9
4823,0.0009765625,10
4824,0.0009765625,10
4825,0.0009765625,10
4826,0.0009765625,10
4827,0.001953125,9
4828,0.0009765625,10
4829,0.0009765625,10
4830,0.0009765625,10
4831,0.001953125,9
4832,0.0009765625,10
4833,0.0009765625,10
4834,0.0009765625,10
4835,0.001953125,9
4836,0.0009765625,10
4837,0.0009765625,10
4838,0.0009765625,10
4839,0.001953125,9
4840,0.0009765625,10
4841,0.0009765625,10
4842,0.0009765625,10
4843,0.001953125,9
4844,0.0009765625,10
4845,0.0009765625,10
4846,0.0009765625,10
4847,0.0009765625,10
4848,0.001953125,9
4849,0.0009765625,10
4850,0.0009765625,10
4851,0.0009765625,10
4852,0.001953125,9
4853,0.0009765625,10
4854,0.0009765625,10
4855,0.0009765625,10
4856,0.001953125,9
4857,0.0009765625,10
4858,0.0009765625,10
4859,0.0009765625,10
4860,0.0009765625,10
4861,0.001953125,9
4862,0.0009765625,10
4863,0.0009765625,10
4864,0.0009765625,10
4865,0.001953125,9
4866,0.0009765625,10
4867,0.0009765625,10
4868,0.0009765625,10
4869,0.001953125,9
4870,0.0009765625,10
4871,0.0009765625,10
4872,0.0009765625,10
4873,0.0009765625,10
4874,0.001953125,9
4875,0.0009765625,10
4876,0.0009765625,10
4877,0.0009765625,10
4878,0.001953125,9
4879,0.0009765625,10
4880,0.0009765625,10
4881,0.0009765625,10
4882,0.001953125,9
4883,0.0009765625,10
4884,0.0009765625,10
4885,0.0009765625,10
4886,0.0009765625,10
4887,0.001953125,9
4888,0.0009765625,10
4889,0.0009765625,10
4890,0.0009765625,10
4891,0.001953125,9
4892,0.0009765625,10
4893,0.0009765625,10
4894,0.0009765625,10
4895,0.0009765625,10
4896,0.001953125,9
4897,0.0009765625,10
4898,0.0009765625,10
4899,0.0009765625,10
4900,0.001953125,9
4901,0.0009765625,10
4902,0.0009765625,10
4903,0.0009765625,10
4904,0.001953125,9
4905,0.0009765625,10
4906,0.0009765625,10
4907,0.0009765625,10
4908,0.0009765625,10
4909,0.001953125,9
4910,0.0009765625,10
4911,0.0009765625,10
4912,0.0009765625,10
4913,0.001953125,9
4914,0.0009765625,10
4915,0.0009765625,10
4916,0.0009765625,10
4917,0.0009765625,10
4918,0.001953125,9
4919,0.0009765625,10
4920,0.0009765625,10
4921,0.0009765625,10
4922,0.001953125,9
4923,0.0009765625,10
4924,0.0009765625,10
4925,0.0009765625,10
4926,0.001953125,9
4927,0.0009765625,10
4928,0.0009765625,10
4929,0.0009765625,10
4930,0.0009765625,10
4931,0.001953125,9
4932,0.0009765625,10
4933,0.0009765625,10
4934,0.0009765625,10
4935,0.001953125,9
4936,0.0009765625,10
4937,0.0009765625,10
4938,0.0009765625,10
4939,0.001953125,9
4940,0.0009765625,10
4941,0.0009765625,10
4942,0.0009765625,10
4943,0.001953125,9
4944,0.0009765625,10
4945,0.0009765625,10
4946,0.0009765625,10
4947,0.0009765625,10
4948,0.001953125,9
4949,0.0009765625,10
4950,0.0009765625,10
4951,0.0009765625,10
4952,0.001953125,9
4953,0.0009765625,10
4954,0.0009765625,10
4955,0.0009765625,10
4956,0.001953125,9
4957,0.0009765625,10
4958,0.0009765625,10
4959,0.0009765625,10
4960,0.0009765625,10
4961,0.001953125,9
4962,0.0009765625,10
4963,0.0009765625,10
4964,0.0009765625,10
4965,0.001953125,9
4966,0.0009765625,10
4967,0.0009765625,10
4968,0.0009765625,10
4969,0.001953125,9
4970,0.0009765625,10
4971,0.0009765625,10
4972,0.0009765625,10
4973,0.001953125,9
4974,0.0009765625,10
4975,0.0009765625,10
4976,0.0009765625,10
4977,0.0009765625,10
4978,0.001953125,9
4979,0.0009765625,10
4980,0.0009765625,10
4981,0.0009765625,10
4982,0.001953125,9
4983,0.0009765625,10
4984,0.0009765625,10
4985,0.0009765625,10
4986,0.001953125,9
4987,0.0009765625,10
4988,0.0009765625,10
4989,0.0009765625,10
4990,0.0009765625,10
4991,0.001953125,9
4992,0.0009765625,10
4993,0.0009765625,10
4994,0.0009765625,10
4995,0.001953125,9
4996,0.0009765625,10
4997,0.0009765625,10
4998,0.0009765625,10
4999,0.001953125,9
5000,0.0009765625,10
5001,0.0009765625,10
5002,0.0009765625,10
5003,0.001953125,9
5004,0.0009765625,10
5005,0.0009765625,10
5006,0.0009765625,10
5007,0.0009765625,10
5008,0.001953125,9
5009,0.0009765625,10
5010,0.0009765625,10
5011,0.0009765625,10
5012,0.001953125,9
5013,0.0009765625,10
5014,0.0009765625,10
5015,0.0009765625,10
5016,0.001953125,9
5017,0.0009765625,10
5018,0.0009765625,10
5019,0.0009765625,10
5020,0.001953125,9
5021,0.0009765625,10
5022,0.0009765625,10
5023,0.0009765625,10
5024,0.0009765625,10
5025,0.001953125,9
5026,0.0009765625,10
5027,0.0009765625,10
5028,0.0009765625,10
5029,0.001953125,9
5030,0.0009765625,10
5031,0.0009765625,10
5032,0.0009765625,10
5033,0.001953125,9
5034,0.0009765625,10
5035,0.0009765625,10
5036,0.0009765625,10
5037,0.001953125,9
5038,0.0009765625,10
5039,0.0009765625,10
5040,0.0009765625,10
5041,0.0009765625,10
5042,0.001953125,9
5043,0.0009765625,10
5044,0.0009765625,10
5045,0.0009765625,10
5046,0.001953125,9
5047,0.0009765625,10
5048,0.0009765625,10
5049,0.0009765625,10
5050,0.001953125,9
5051,0.0009765625,10
5052,0.0009765625,10
5053,0.0009765625,10
5054,0.001953125,9
5055,0.0009765625,10
5056,0.0009765625,10
5057,0.0009765625,10
5058,0.0009765625,10
5059,0.001953125,9
5060,0.0009765625,10
5061,0.0009765625,10
5062,0.0009765625,10
5063,0.001953125,9
5064,0.0009765625,10
5065,0.0009765625,10
5066,0.0009765625,10
5067,0.001953125,9
5068,0.0009765625,10
5069,0.0009765625,10
5070,0.0009765625,10
5071,0.001953125,9
5072,0.0009765625,10
5073,0.0009765625,10
5074,0.0009765625,10
5075,0.001953125,9
5076,0.0009765625,10
5077,0.0009765625,10
5078,0.0009765625,10
5079,0.0009765625,10
5080,0.001953125,9
5081,0.0009765625,10
5082,0.0009765625,10
5083,0.0009765625,10
5084,0.001953125,9
5085,0.0009765625,10
5086,0.0009765625,10
5087,0.0009765625,10
5088,0.001953125,9
5089,0.0009765625,10
5090,0.0009765625,10
5091,0.0009765625,10
5092,0.001953125,9
5093,0.0009765625,10
5094,0.0009765625,10
5095,0.0009765625,10
5096,0.001953125,9
5097,0.0009765625,10
5098,0.0009765625,10
5099,0.0009765625,10
5100,0.0009765625,10
5101,0.001953125,9
5102,0.0009765625,10
5103,0.0009765625,10
5104,0.0009765625,10
5105,0.001953125,9
5106,0.0009765625,10
5107,0.0009765625,10
5108,0.0009765625,10
5109,0.001953125,9
5110,0.0009765625,10
5111,0.0009765625,10
5112,0.0009765625,10
5113,0.0009765625,10
5114,0.001953125,9
5115,0.0009765625,10
5116,0.0009765625,10
5117,0.0009765625,10
5118,0.001953125,9
5119,0.0009765625,10
5120,0.0009765625,10
5121,0.0009765625,10
5122,0.001953125,9
5123,0.0009765625,10
5124,0.0009765625,10
5125,0.0009765625,10
5126,0.0009765625,10
5127,0.001953125,9
5128,0.0009765625,10
5129,0.0009765625,10
5130,0.0009765625,10
5131,0.001953125,9
5132,0.0009765625,10
5133,0.0009765625,10
5134,0.0009765625,10
5135,0.001953125,9
5136,0.0009765625,10
5137,0.0009765625,10
5138,0.0009765625,10
5139,0.0009765625,10
5140,0.001953125,9
5141,0.0009765625,10
5142,0.0009765625,10
5143,0.0009765625,10
5144,0.001953125,9
5145,0.0009765625,10
5146,0.0009765625,10
5147,0.0009765625,10
5148,0.0009765625,10
5149,0.001953125,9
5150,0.0009765625,10
5151,0.0009765625,10
5152,0.0009765625,10
5153,0.001953125,9
5154,0.0009765625,10
5155,0.0009765625,10
5156,0.0009765625,10
5157,0.0009765625,10
5158,0.001953125,9
5159,0.0009765625,10
5160,0.0009765625,10
5161,0.0009765625,10
5162,0.001953125,9
5163,0.0009765625,10
5164,0.0009765625,10
5165,0.0009765625,10
5166,0.001953125,9
5167,0.0009765625,10
5168,0.0009765625,10
5169,0.0009765625,10
5170,0.0009765625,10
5171,0.001953125,9
5172,0.0009765625,10
5173,0.0009765625,10
5174,0.0009765625,10
5175,0.001953125,9
5176,0.0009765625,10
5177,0.0009765625,10
5178,0.0009765625,10
5179,0.001953125,9
5180,0.0009765625,10
5181,0.0009765625,10
5182,0.0009765625,10
5183,0.0009765625,10
5184,0.001953125,9
5185,0.0009765625,10
5186,0.0009765625,10
5187,0.0009765625,10
5188,0.001953125,9
5189,0.0009765625,10
5190,0.0009765625,10
5191,0.0009765625,10
5192,0.001953125,9
5193,0.0009765625,10
5194,0.0009765625,10
5195,0.0009765625,10
5196,0.0009765625,10
5197,0.001953125,9
5198,0.0009765625,10
5199,0.0009765625,10
5200,0.0009765625,10
5201,0.001953125,9
5202,0.0009765625,10
5203,0.0009765625,10
5204,0.0009765625,10
5205,0.001953125,9
5206,0.0009765625,10
5207,0.0009765625,10
5208,0.0009765625,10
5209,0.001953125,9
5210,0.0009765625,10
5211,0.0009765625,10
5212,0.0009765625,10
5213,0.0009765625,10
5214,0.001953125,9
5215,0.0009765625,10
5216,0.0009765625,10
5217,0.0009765625,10
5218,0.001953125,9
5219,0.0009765625,10
5220,0.0009765625,10
5221,0.0009765625,10
5222,0.001953125,9
5223,0.0009765625,10
5224,0.0009765625,10
5225,0.0009765625,10
5226,0.0009765625,10
5227,0.001953125,9
5228,0.0009765625,10
5229,0.0009765625,10
5230,0.0009765625,10
5231,0.001953125,9
5232,0.0009765625,10
5233,0.0009765625,10
5234,0.0009765625,10
5235,0.001953125,9
5236,0.0009765625,10
5237,0.0009765625,10
5238,0.0009765625,10
5239,0.001953125,9
5240,0.0009765625,10
5241,0.0009765625,10
5242,0.0009765625,10
5243,0.0009765625,10
5244,0.001953125,9
5245,0.0009765625,10
5246,0.0009765625,10
5247,0.0009765625,10
5248,0.001953125,9
5249,0.0009765625,10
5250,0.0009765625,10
5251,0.0009765625,10
5252,0.001953125,9
5253,0.0009765625,10
5254,0.0009765625,10
5255,0.0009765625,10
5256,0.0009765625,10
5257,0.001953125,9
5258,0.0009765625,10
5259,0.0009765625,10
5260,0.0009765625,10
5261,0.001953125,9
5262,0.0009765625,10
5263,0.0009765625,10
5264,0.0009765625,10
5265,0.001953125,9
5266,0.0009765625,10
5267,0.0009765625,10
5268,0.0009765625,10
5269,0.001953125,9
5270,0.0009765625,10
5271,0.0009765625,10
5272,0.0009765625,10
5273,0.0009765625,10
5274,0.001953125,9
5275,0.0009765625,10
5276,0.0009765625,10
5277,0.0009765625,10
5278,0.001953125,9
5279,0.0009765625,10
5280,0.0009765625,10
5281,0.0009765625,10
5282,0.001953125,9
5283,0.0009765625,10
5284,0.0009765625,10
5285,0.0009765625,10
5286,0.0009765625,10
5287,0.001953125,9
5288,0.0009765625,10
5289,0.0009765625,10
5290,0.0009765625,10
5291,0.001953125,9
5292,0.0009765625,10
5293,0.0009765625,10
5294,0.0009765625,10
5295,0.001953125,9
5296,0.0009765625,10
5297,0.0009765625,10
5298,0.0009765625,10
5299,0.001953125,9
5300,0.0009765625,10
5301,0.0009765625,10
5302,0.0009765625,10
5303,0.001953125,9
5304,0.0009765625,10
5305,0.0009765625,10
5306,0.0009765625,10
5307,0.0009765625,10
5308,0.001953125,9
5309,0.0009765625,10
5310,0.0009765625,10
5311,0.0009765625,10
5312,0.001953125,9
5313,0.0009765625,10
5314,0.0009765625,10
5315,0.0009765625,10
5316,0.001953125,9
5317,0.0009765625,10
5318,0.0009765625,10
5319,0.0009765625,10
5320,0.001953125,9
5321,0.0009765625,10
5322,0.0009765625,10
5323,0.0009765625,10
5324,0.0009765625,10
5325,0.001953125,9
5326,0.0009765625,10
5327,0.0009765625,10
5328,0.0009765625,10
5329,0.001953125,9
5330,0.0009765625,10
5331,0.0009765625,10
5332,0.0009765625,10
5333,0.001953125,9
5334,0.0009765625,10
5335,0.0009765625,10
5336,0.0009765625,10
5337,0.001953125,9
5338,0.0009765625,10
5339,0.0009765625,10
5340,0.0009765625,10
5341,0.001953125,9
5342,0.0009765625,10
5343,0.0009765625,10
5344,0.0009765625,10
5345,0.0009765625,10
5346,0.001953125,9
5347,0.0009765625,10
5348,0.0009765625,10
5349,0.0009765625,10
5350,0.001953125,9
5351,0.0009765625,10
5352,0.0009765625,10
5353,0.0009765625,10
5354,0.001953125,9
5355,0.0009765625,10
5356,0.0009765625,10
5357,0.0009765625,10
5358,0.001953125,9
5359,0.0009765625,10
5360,0.0009765625,10
5361,0.0009765625,10
5362,0.0009765625,10
5363,0.001953125,9
5364,0.0009765625,10
5365,0.0009765625,10
5366,0.0009765625,10
5367,0.001953125,9
5368,0.0009765625,10
5369,0.0009765625,10
5370,0.0009765625,10
5371,0.001953125,9
5372,0.0009765625,10
5373,0.0009765625,10
5374,0.0009765625,10
5375,0.001953125,9
5376,0.0009765625,10
5377,0.0009765625,10
5378,0.0009765625,10
5379,0.0009765625,10
5380,0.001953125,9
5381,0.0009765625,10
5382,0.0009765625,10
5383,0.0009765625,10
5384,0.001953125,9
5385,0.0009765625,10
5386,0.0009765625,10
5387,0.0009765625,10
5388,0.0009765625,10
5389,0.001953125,9
5390,0.0009765625,10
5391,0.0009765625,10
5392,0.0009765625,10
5393,0.001953125,9
5394,0.0009765625,10
5395,0.0009765625,10
5396,0.0009765625,10
5397,0.0009765625,10
5398,0.001953125,9
5399,0.0009765625,10
5400,0.0009765625,10
5401,0.0009765625,10
5402,0.001953125,9
5403,0.0009765625,10
5404,0.0009765625,10
5405,0.0009765625,10
5406,0.001953125,9
5407,0.0009765625,10
5408,0.0009765625,10
5409,0.0009765625,10
5410,0.0009765625,10
5411,0.001953125,9
5412,0.0009765625,10
5413,0.0009765625,10
5414,0.0009765625,10
5415,0.001953125,9
5416,0.0009765625,10
5417,0.0009765625,10
5418,0.0009765625,10
5419,0.0009765625,10
5420,0.001953125,9
5421,0.0009765625,10
5422,0.0009765625,10
5423,0.0009765625,10
5424,0.001953125,9
5425,0.0009765625,10
5426,0.0009765625,10
5427,0.0009765625,10
5428,0.001953125,9
5429,0.0009765625,10
5430,0.0009765625,10
5431,0.0009765625,10
5432,0.0009765625,10
5433,0.001953125,9
5434,0.0009765625,10
5435,0.0009765625,10
5436,0.0009765625,10
5437,0.001953125,9
5438,0.0009765625,10
5439,0.0009765625,10
5440,0.0009765625,10
5441,0.001953125,9
5442,0.0009765625,10
5443,0.0009765625,10
5444,0.0009765625,10
5445,0.0009765625,10
5446,0.001953125,9
5447,0.0009765625,10
5448,0.0009765625,10
5449,0.0009765625,10
5450,0.001953125,9
5451,0.0009765625,10
5452,0.0009765625,10
5453,0.0009765625,10
5454,0.001953125,9
5455,0.0009765625,10
5456,0.0009765625,10
5457,0.0009765625,10
5458,0.0009765625,10
5459,0.001953125,9
5460,0.0009765625,10
5461,0.0009765625,10
5462,0.0009765625,10
5463,0.001953125,9
5464,0.0009765625,10
5465,0.0009765625,10
5466,0.0009765625,10
5467,0.001953125,9
5468,0.0009765625,10
5469,0.0009765625,10
5470,0.0009765625,10
5471,0.001953125,9
5472,0.0009765625,10
5473,0.0009765625,10
5474,0.0009765625,10
5475,0.0009765625,10
5476,0.001953125,9
5477,0.0009765625,10
5478,0.0009765625,10
5479,0.0009765625,10
5480,0.001953125,9
5481,0.0009765625,10
5482,0.0009765625,10
5483,0.0009765625,10
5484,0.001953125,9
5485,0.0009765625,10
5486,0.0009765625,10
5487,0.0009765625,10
5488,0.0009765625,10
5489,0.001953125,9
5490,0.0009765625,10
5491,0.0009765625,10
5492,0.0009765625,10
5493,0.001953125,9
5494,0.0009765625,10
5495,0.0009765625,10
5496,0.0009765625,10
5497,0.001953125,9
5498,0.0009765625,10
5499,0.0009765625,10
5500,0.0009765625,10
5501,0.0009765625,10
5502,0.001953125,9
5503,0.0009765625,10
5504,0.0009765625,10
5505,0.0009765625,10
5506,0.001953125,9
5507,0.0009765625,10
5508,0.0009765625,10
5509,0.0009765625,10
5510,0.001953125,9
5511,0.0009765625,10
5512,0.0009765625,10
5513,0.0009765625,10
5514,0.001953125,9
5515,0.0009765625,10
5516,0.0009765625,10
5517,0.0009765625,10
5518,0.0009765625,10
5519,0.001953125,9
5520,0.0009765625,10
5521,0.0009765625,10
5522,0.0009765625,10
5523,0.001953125,9
5524,0.0009765625,10
5525,0.0009765625,10
5526,0.0009765625,10
5527,0.001953125,9
5528,0.0009765625,10
5529,0.0009765625,10
5530,0.0009765625,10
5531,0.001953125,9
5532,0.0009765625,10
5533,0.0009765625,10
5534,0.0009765625,10
5535,0.0009765625,10
5536,0.001953125,9
5537,0.0009765625,10
5538,0.0009765625,10
5539,0.0009765625,10
5540,0.001953125,9
5541,0.0009765625,10
5542,0.0009765625,10
5543,0.0009765625,10
5544,0.001953125,9
5545,0.0009765625,10
5546,0.0009765625,10
5547,0.0009765625,10
5548,0.0009765625,10
5549,0.001953125,9
5550,0.0009765625,10
5551,0.0009765625,10
5552,0.0009765625,10
5553,0.001953125,9
5554,0.0009765625,10
5555,0.0009765625,10
5556,0.0009765625,10
5557,0.001953125,9
5558,0.0009765625,10
5559,0.0009765625,10
5560,0.0009765625,10
5561,0.001953125,9
5562,0.0009765625,10
5563,0.0009765625,10
5564,0.0009765625,10
5565,0.0009765625,10
5566,0.001953125,9
5567,0.0009765625,10
5568,0.0009765625,10
5569,0.0009765625,10
5570,0.001953125,9
5571,0.0009765625,10
5572,0.0009765625,10
5573,0.0009765625,10
5574,0.001953125,9
5575,0.0009765625,10
5576,0.0009765625,10
5577,0.0009765625,10
5578,0.001953125,9
5579,0.0009765625,10
5580,0.0009765625,10
5581,0.0009765625,10
5582,0.001953125,9
5583,0.0009765625,10
5584,0.0009765625,10
5585,0.0009765625,10
5586,0.0009765625,10
5587,0.001953125,9
5588,0.0009765625,10
5589,0.0009765625,10
5590,0.0009765625,10
5591,0.001953125,9
5592,0.0009765625,10
5593,0.0009765625,10
5594,0.0009765625,10
5595,0.001953125,9
5596,0.0009765625,10
5597,0.0009765625,10
5598,0.0009765625,10
5599,0.001953125,9
5600,0.0009765625,10
5601,0.0009765625,10
5602,0.0009765625,10
5603,0.001953125,9
5604,0.0009765625,10
5605,0.0009765625,10
5606,0.0009765625,10
5607,0.0009765625,10
5608,0.001953125,9
5609,0.0009765625,10
5610,0.0009765625,10
5611,0.0009765625,10
5612,0.001953125,9
5613,0.0009765625,10
5614,0.0009765625,10
5615,0.0009765625,10
5616,0.001953125,9
5617,0.0009765625,10
5618,0.0009765625,10
5619,0.0009765625,10
5620,0.001953125,9
5621,0.0009765625,10
5622,0.0009765625,10
5623,0.0009765625,10
5624,0.0009765625,10
5625,0.001953125,9
5626,0.0009765625,10
5627,0.0009765625,10
5628,0.0009765625,10
5629,0.001953125,9
5630,0.0009765625,10
5631,0.0009765625,10
5632,0.0009765625,10
5633,0.001953125,9
5634,0.0009765625,10
5635,0.0009765625,10
5636,0.0009765625,10
5637,0.0009765625,10
5638,0.001953125,9
5639,0.0009765625,10
5640,0.0009765625,10
5641,0.0009765625,10
5642,0.001953125,9
5643,0.0009765625,10
5644,0.0009765625,10
5645,0.0009765625,10
5646,0.0009765625,10
5647,0.001953125,9
5648,0.0009765625,10
5649,0.0009765625,10
5650,0.0009765625,10
5651,0.001953125,9
5652,0.0009765625,10
5653,0.0009765625,10
5654,0.0009765625,10
5655,0.0009765625,10
5656,0.001953125,9
5657,0.0009765625,10
5658,0.0009765625,10
5659,0.0009765625,10
5660,0.001953125,9
5661,0.0009765625,10
5662,0.0009765625,10
5663,0.0009765625,10
5664,0.001953125,9
5665,0.0009765625,10
5666,0.0009765625,10
5667,0.0009765625,10
5668,0.0009765625,10
5669,0.001953125,9
5670,0.0009765625,10
5671,0.0009765625,10
5672,0.0009765625,10
5673,0.001953125,9
5674,0.0009765625,10
5675,0.0009765625,10
5676,0.0009765625,10
5677,0.0009765625,10
5678,0.001953125,9
5679,0.0009765625,10
5680,0.0009765625,10
5681,0.0009765625,10
5682,0.001953125,9
5683,0.0009765625,10
5684,0.0009765625,10
5685,0.0009765625,10
5686,0.001953125,9
5687,0.0009765625,10
5688,0.0009765625,10
5689,0.0009765625,10
5690,0.0009765625,10
5691,0.001953125,9
5692,0.0009765625,10
5693,0.0009765625,10
5694,0.0009765625,10
5695,0.001953125,9
5696,0.0009765625,10
5697,0.0009765625,10
5698,0.0009765625,10
5699,0.001953125,9
5700,0.0009765625,10
5701,0.0009765625,10
5702,0.0009765625,10
5703,0.0009765625,10
5704,0.001953125,9
5705,0.0009765625,10
5706,0.0009765625,10
5707,0.0009765625,10
5708,0.001953125,9
5709,0.0009765625,10
5710,0.0009765625,10
5711,0.0009765625,10
5712,0.001953125,9
5713,0.0009765625,10
5714,0.0009765625,10
5715,0.0009765625,10
5716,0.0009765625,10
5717,0.001953125,9
5718,0.0009765625,10
5719,0.0009765625,10
5720,0.0009765625,10
5721,0.001953125,9
5722,0.0009765625,10
5723,0.0009765625,10
5724,0.0009765625,10
5725,0.001953125,9
5726,0.0009765625,10
5727,0.0009765625,10
5728,0.0009765625,10
5729,0.001953125,9
5730,0.0009765625,10
5731,0.0009765625,10
5732,0.0009765625,10
5733,0.0009765625,10
5734,0.001953125,9
5735,0.0009765625,10
5736,0.0009765625,10
5737,0.0009765625,10
5738,0.001953125,9
5739,0.0009765625,10
5740,0.0009765625,10
5741,0.0009765625,10
5742,0.001953125,9
5743,0.0009765625,10
5744,0.0009765625,10
5745,0.0009765625,10
5746,0.0009765625,10
5747,0.001953125,9
5748,0.0009765625,10
5749,0.0009765625,10
5750,0.0009765625,10
5751,0.001953125,9
5752,0.0009765625,10
5753,0.0009765625,10
5754,0.0009765625,10
5755,0.001953125,9
5756,0.0009765625,10
5757,0.0009765625,10
5758,0.0009765625,10
5759,0.0009765625,10
5760,0.001953125,9
5761,0.0009765625,10
5762,0.0009765625,10
5763,0.0009765625,10
5764,0.001953125,9
5765,0.0009765625,10
5766,0.0009765625,10
5767,0.0009765625,10
5768,0.001953125,9
5769,0.0009765625,10
5770,0.0009765625,10
5771,0.0009765625,10
5772,0.001953125,9
5773,0.0009765625,10
5774,0.0009765625,10
5775,0.0009765625,10
5776,0.0009765625,10
5777,0.001953125,9
5778,0.0009765625,10
5779,0.0009765625,10
5780,0.0009765625,10
5781,0.001953125,9
5782,0.0009765625,10
5783,0.0009765625,10
5784,0.0009765625,10
5785,0.001953125,9
5786,0.0009765625,10
5787,0.0009765625,10
5788,0.0009765625,10
5789,0.0009765625,10
5790,0.001953125,9
5791,0.0009765625,10
5792,0.0009765625,10
5793,0.0009765625,10
5794,0.001953125,9
5795,0.0009765625,10
5796,0.0009765625,10
5797,0.0009765625,10
5798,0.001953125,9
5799,0.0009765625,10
5800,0.0009765625,10
5801,0.0009765625,10
5802,0.001953125,9
5803,0.0009765625,10
5804,0.0009765625,10
5805,0.0009765625,10
5806,0.0009765625,10
5807,0.001953125,9
5808,0.0009765625,10
5809,0.0009765625,10
5810,0.0009765625,10
5811,0.001953125,9
5812,0.0009765625,10
5813,0.0009765625,10
5814,0.0009765625,10
5815,0.001953125,9
5816,0.0009765625,10
5817,0.0009765625,10
5818,0.0009765625,10
5819,0.001953125,9
5820,0.0009765625,10
5821,0.0009765625,10
5822,0.0009765625,10
5823,0.0009765625,10
5824,0.001953125,9
5825,0.0009765625,10
5826,0.0009765625,10
5827,0.0009765625,10
5828,0.001953125,9
5829,0.0009765625,10
5830,0.0009765625,10
5831,0.0009765625,10
5832,0.001953125,9
5833,0.0009765625,10
5834,0.0009765625,10
5835,0.0009765625,10
5836,0.001953125,9
5837,0.0009765625,10
5838,0.0009765625,10
5839,0.0009765625,10
5840,0.001953125,9
5841,0.0009765625,10
5842,0.0009765625,10
5843,0.0009765625,10
5844,0.0009765625,10
5845,0.001953125,9
5846,0.0009765625,10
5847,0.0009765625,10
5848,0.0009765625,10
5849,0.001953125,9
5850,0.0009765625,10
5851,0.0009765625,10
5852,0.0009765625,10
5853,0.001953125,9
5854,0.0009765625,10
5855,0.0009765625,10
5856,0.0009765625,10
5857,0.001953125,9
5858,0.0009765625,10
5859,0.0009765625,10
5860,0.0009765625,10
5861,0.0009765625,10
5862,0.001953125,9
5863,0.0009765625,10
5864,0.0009765625,10
5865,0.0009765625,10
5866,0.001953125,9
5867,0.0009765625,10
5868,0.0009765625,10
5869,0.0009765625,10
5870,0.001953125,9
5871,0.0009765625,10
5872,0.0009765625,10
5873,0.0009765625,10
5874,0.001953125,9
5875,0.0009765625,10
5876,0.0009765625,10
5877,0.0009765625,10
5878,0.0009765625,10
5879,0.001953125,9
5880,0.0009765625,10
5881,0.0009765625,10
5882,0.0009765625,10
5883,0.001953125,9
5884,0.0009765625,10
5885,0.0009765625,10
5886,0.0009765625,10
5887,0.001953125,9
5888,0.0009765625,10
5889,0.0009765625,10
5890,0.0009765625,10
5891,0.0009765625,10
5892,0.001953125,9
5893,0.0009765625,10
5894,0.0009765625,10
5895,0.0009765625,10
5896,0.001953125,9
5897,0.0009765625,10
5898,0.0009765625,10
5899,0.0009765625,10
5900,0.001953125,9
5901,0.0009765625,10
5902,0.0009765625,10
5903,0.0009765625,10
5904,0.0009765625,10
5905,0.001953125,9
5906,0.0009765625,10
5907,0.0009765625,10
5908,0.0009765625,10
5909,0.001953125,9
5910,0.0009765625,10
5911,0.0009765625,10
5912,0.0009765625,10
5913,0.0009765625,10
5914,0.001953125,9
5915,0.0009765625,10
5916,0.0009765625,10
5917,0.0009765625,10
5918,0.001953125,9
5919,0.0009765625,10
5920,0.0009765625,10
5921,0.0009765625,10
5922,0.0009765625,10
5923,0.001953125,9
5924,0.0009765625,10
5925,0.0009765625,10
5926,0.0009765625,10
5927,0.001953125,9
5928,0.0009765625,10
5929,0.0009765625,10
5930,0.0009765625,10
5931,0.001953125,9
5932,0.0009765625,10
5933,0.0009765625,10
5934,0.0009765625,10
5935,0.0009765625,10
5936,0.001953125,9
5937,0.0009765625,10
5938,0.0009765625,10
5939,0.0009765625,10
5940,0.001953125,9
5941,0.0009765625,10
5942,0.0009765625,10
5943,0.0009765625,10
5944,0.0009765625,10
5945,0.001953125,9
5946,0.0009765625,10
5947,0.0009765625,10
5948,0.0009765625,10
5949,0.001953125,9
5950,0.0009765625,10
5951,0.0009765625,10
5952,0.0009765625,10
5953,0.001953125,9
5954,0.0009765625,10
5955,0.0009765625,10
5956,0.0009765625,10
5957,0.0009765625,10
5958,0.001953125,9
5959,0.0009765625,10
5960,0.0009765625,10
5961,0.0009765625,10
5962,0.001953125,9
5963,0.0009765625,10
5964,0.0009765625,10
5965,0.0009765625,10
5966,0.001953125,9
5967,0.0009765625,10
5968,0.0009765625,10
5969,0.0009765625,10
5970,0.001953125,9
5971,0.0009765625,10
5972,0.0009765625,10
5973,0.0009765625,10
5974,0.0009765625,10
5975,0.001953125,9
5976,0.0009765625,10
5977,0.0009765625,10
5978,0.0009765625,10
5979,0.001953125,9
5980,0.0009765625,10
5981,0.0009765625,10
5982,0.0009765625,10
5983,0.001953125,9
5984,0.0009765625,10
5985,0.0009765625,10
5986,0.0009765625,10
5987,0.0009765625,10
5988,0.001953125,9
5989,0.0009765625,10
5990,0.0009765625,10
5991,0.0009765625,10
5992,0.001953125,9
5993,0.0009765625,10
5994,0.0009765625,10
5995,0.0009765625,10
5996,0.001953125,9
5997,0.0009765625,10
5998,0.0009765625,10
5999,0.0009765625,10
6000,0.0009765625,10
6001,0.001953125,9
6002,0.0009765625,10
6003,0.0009765625,10
6004,0.0009765625,10
6005,0.001953125,9
6006,0.0009765625,10
6007,0.0009765625,10
6008,0.0009765625,10
6009,0.001953125,9
6010,0.0009765625,10
6011,0.0009765625,10
6012,0.0009765625,10
6013,0.0009765625,10
6014,0.001953125,9
6015,0.0009765625,10
6016,0.0009765625,10
6017,0.0009765625,10
6018,0.001953125,9
6019,0.0009765625,10
6020,0.0009765625,10
6021,0.0009765625,10
6022,0.001953125,9
6023,0.0009765625,10
6024,0.0009765625,10
6025,0.0009765625,10
6026,0.001953125,9
6027,0.0009765625,10
6028,0.0009765625,10
6029,0.0009765625,10
6030,0.0009765625,10
6031,0.001953125,9
6032,0.0009765625,10
6033,0.0009765625,10
6034,0.0009765625,10
6035,0.001953125,9
6036,0.0009765625,10
6037,0.0009765625,10
6038,0.0009765625,10
6039,0.001953125,9
6040,0.0009765625,10
6041,0.0009765625,10
6042,0.0009765625,10
6043,0.0009765625,10
6044,0.001953125,9
6045,0.0009765625,10
6046,0.0009765625,10
6047,0.0009765625,10
6048,0.001953125,9
6049,0.0009765625,10
6050,0.0009765625,10
6051,0.0009765625,10
6052,0.001953125,9
6053,0.0009765625,10
6054,0.0009765625,10
6055,0.0009765625,10
6056,0.001953125,9
6057,0.0009765625,10
6058,0.0009765625,10
6059,0.0009765625,10
6060,0.0009765625,10
6061,0.001953125,9
6062,0.0009765625,10
6063,0.0009765625,10
6064,0.0009765625,10
6065,0.001953125,9
6066,0.0009765625,10
6067,0.0009765625,10
6068,0.0009765625,10
6069,0.001953125,9
6070,0.0009765625,10
6071,0.0009765625,10
6072,0.0009765625,10
6073,0.001953125,9
6074,0.0009765625,10
6075,0.0009765625,10
6076,0.0009765625,10
6077,0.0009765625,10
6078,0.001953125,9
6079,0.0009765625,10
6080,0.0009765625,10
6081,0.0009765625,10
6082,0.001953125,9
6083,0.0009765625,10
6084,0.0009765625,10
6085,0.0009765625,10
6086,0.001953125,9
6087,0.0009765625,10
6088,0.0009765625,10
6089,0.0009765625,10
6090,0.001953125,9
6091,0.0009765625,10
6092,0.0009765625,10
6093,0.0009765625,10
6094,0.001953125,9
6095,0.0009765625,10
6096,0.0009765625,10
6097,0.0009765625,10
6098,0.0009765625,10
6099,0.001953125,9
6100,0.0009765625,10
6101,0.0009765625,10
6102,0.0009765625,10
6103,0.001953125,9
6104,0.0009765625,10
6105,0.0009765625,10
6106,0.0009765625,10
6107,0.001953125,9
6108,0.0009765625,10
6109,0.0009765625,10
6110,0.0009765625,10
6111,0.001953125,9
6112,0.0009765625,10
6113,0.0009765625,10
6114,0.0009765625,10
6115,0.0009765625,10
6116,0.001953125,9
6117,0.0009765625,10
6118,0.0009765625,10
6119,0.0009765625,10
6120,0.001953125,9
6121,0.0009765625,10
6122,0.0009765625,10
6123,0.0009765625,10
6124,0.001953125,9
6125,0.0009765625,10
6126,0.0009765625,10
6127,0.0009765625,10
6128,0.001953125,9
6129,0.0009765625,10
6130,0.0009765625,10
6131,0.0009765625,10
6132,0.0009765625,10
6133,0.001953125,9
6134,0.0009765625,10
6135,0.0009765625,10
6136,0.0009765625,10
6137,0.001953125,9
6138,0.0009765625,10
6139,0.0009765625,10
6140,0.0009765625,10
6141,0.001953125,9
6142,0.0009765625,10
6143,0.0009765625,10
6144,0.0009765625,10
6145,0.0009765625,10
6146,0.001953125,9
6147,0.0009765625,10
6148,0.0009765625,10
6149,0.0009765625,10
6150,0.001953125,9
6151,0.0009765625,10
6152,0.0009765625,10
6153,0.0009765625,10
6154,0.001953125,9
6155,0.0009765625,10
6156,0.0009765625,10
6157,0.0009765625,10
6158,0.0009765625,10
6159,0.001953125,9
6160,0.0009765625,10
6161,0.0009765625,10
6162,0.0009765625,10
6163,0.001953125,9
6164,0.0009765625,10
6165,0.0009765625,10
6166,0.0009765625,10
6167,0.0009765625,10
6168,0.001953125,9
6169,0.0009765625,10
6170,0.0009765625,10
6171,0.0009765625,10
6172,0.001953125,9
6173,0.0009765625,10
6174,0.0009765625,10
6175,0.0009765625,10
6176,0.0009765625,10
6177,0.001953125,9
6178,0.0009765625,10
6179,0.0009765625,10
6180,0.0009765625,10
6181,0.001953125,9
6182,0.0009765625,10
6183,0.0009765625,10
6184,0.0009765625,10
6185,0.0009765625,10
6186,0.001953125,9
6187,0.0009765625,10
6188,0.0009765625,10
6189,0.0009765625,10
6190,0.001953125,9
6191,0.0009765625,10
6192,0.0009765625,10
6193,0.0009765625,10
6194,0.001953125,9
6195,0.0009765625,10
6196,0.0009765625,10
6197,0.0009765625,10
6198,0.0009765625,10
6199,0.001953125,9
6200,0.0009765625,10
6201,0.0009765625,10
6202,0.0009765625,10
6203,0.001953125,9
6204,0.0009765625,10
6205,0.0009765625,10
6206,0.0009765625,10
6207,0.001953125,9
6208,0.0009765625,10
6209,0.0009765625,10
6210,0.0009765625,10
6211,0.0009765625,10
6212,0.001953125,9
6213,0.0009765625,10
6214,0.0009765625,10
6215,0.0009765625,10
6216,0.001953125,9
6217,0.0009765625,10
6218,0.0009765625,10
6219,0.0009765625,10
6220,0.001953125,9
6221,0.0009765625,10
6222,0.0009765625,10
6223,0.0009765625,10
6224,0.0009765625,10
6225,0.001953125,9
6226,0.0009765625,10
6227,0.0009765625,10
6228,0.0009765625,10
6229,0.001953125,9
6230,0.0009765625,10
6231,0.0009765625,10
6232,0.0009765625,10
6233,0.001953125,9
6234,0.0009765625,10
6235,0.0009765625,10
6236,0.0009765625,10
6237,0.0009765625,10
6238,0.001953125,9
6239,0.0009765625,10
6240,0.0009765625,10
6241,0.0009765625,10
6242,0.001953125,9
6243,0.0009765625,10
6244,0.0009765625,10
6245,0.0009765625,10
6246,0.001953125,9
6247,0.0009765625,10
6248,0.0009765625,10
6249,0.0009765625,10
6250,0.001953125,9
6251,0.0009765625,10
6252,0.0009765625,10
6253,0.0009765625,10
6254,0.0009765625,10
6255,0.001953125,9
6256,0.0009765625,10
6257,0.0009765625,10
6258,0.0009765625,10
6259,0.001953125,9
6260,0.0009765625,10
6261,0.0009765625,10
6262,0.0009765625,10
6263,0.001953125,9
6264,0.0009765625,10
6265,0.0009765625,10
6266,0.0009765625,10
6267,0.0009765625,10
6268,0.001953125,9
6269,0.0009765625,10
6270,0.0009765625,10
6271,0.0009765625,10
6272,0.001953125,9
6273,0.0009765625,10
6274,0.0009765625,10
6275,0.0009765625,10
6276,0.001953125,9
6277,0.0009765625,10
6278,0.0009765625,10
6279,0.0009765625,10
6280,0.0009765625,10
6281,0.001953125,9
6282,0.0009765625,10
6283,0.0009765625,10
6284,0.0009765625,10
6285,0.001953125,9
6286,0.0009765625,10
6287,0.0009765625,10
6288,0.0009765625,10
6289,0.001953125,9
6290,0.0009765625,10
6291,0.0009765625,10
6292,0.0009765625,10
6293,0.001953125,9
6294,0.0009765625,10
6295,0.0009765625,10
6296,0.0009765625,10
6297,0.0009765625,10
6298,0.001953125,9
6299,0.0009765625,10
6300,0.0009765625,10
6301,0.0009765625,10
6302,0.001953125,9
6303,0.0009765625,10
6304,0.0009765625,10
6305,0.0009765625,10
6306,0.001953125,9
6307,0.0009765625,10
6308,0.0009765625,10
6309,0.0009765625,10
6310,0.0009765625,10
6311,0.001953125,9
6312,0.0009765625,10
6313,0.0009765625,10
6314,0.0009765625,10
6315,0.001953125,9
6316,0.0009765625,10
6317,0.0009765625,10
6318,0.0009765625,10
6319,0.001953125,9
6320,0.0009765625,10
6321,0.0009765625,10
6322,0.0009765625,10
6323,0.001953125,9
6324,0.0009765625,10
6325,0.0009765625,10
6326,0.0009765625,10
6327,0.0009765625,10
6328,0.001953125,9
6329,0.0009765625,10
6330,0.0009765625,10
6331,0.0009765625,10
6332,0.001953125,9
6333,0.0009765625,10
6334,0.0009765625,10
6335,0.0009765625,10
6336,0.001953125,9
6337,0.0009765625,10
6338,0.0009765625,10
6339,0.0009765625,10
6340,0.001953125,9
6341,0.0009765625,10
6342,0.0009765625,10
6343,0.0009765625,10
6344,0.0009765625,10
6345,0.001953125,9
6346,0.0009765625,10
6347,0.0009765625,10
6348,0.0009765625,10
6349,0.001953125,9
6350,0.0009765625,10
6351,0.0009765625,10
6352,0.0009765625,10
6353,0.001953125,9
6354,0.0009765625,10
6355,0.0009765625,10
6356,0.0009765625,10
6357,0.001953125,9
6358,0.0009765625,10
6359,0.0009765625,10
6360,0.0009765625,10
6361,0.001953125,9
6362,0.0009765625,10
6363,0.0009765625,10
6364,0.0009765625,10
6365,0.0009765625,10
6366,0.001953125,9
6367,0.0009765625,10
6368,0.0009765625,10
6369,0.0009765625,10
6370,0.001953125,9
6371,0.0009765625,10
6372,0.0009765625,10
6373,0.0009765625,10
6374,0.001953125,9
6375,0.0009765625,10
6376,0.0009765625,10
6377,0.0009765625,10
6378,0.001953125,9
6379,0.0009765625,10
6380,0.0009765625,10
6381,0.0009765625,10
6382,0.0009765625,10
6383,0.001953125,9
6384,0.0009765625,10
6385,0.0009765625,10
6386,0.0009765625,10
6387,0.001953125,9
6388,0.0009765625,10
6389,0.0009765625,10
6390,0.0009765625,10
6391,0.001953125,9
6392,0.0009765625,10
6393,0.0009765625,10
6394,0.0009765625,10
6395,0.0009765625,10
6396,0.001953125,9
6397,0.0009765625,10
6398,0.0009765625,10
6399,0.0009765625,10
6400,0.001953125,9
6401,0.0009765625,10
6402,0.0009765625,10
6403,0.0009765625,10
6404,0.001953125,9
6405,0.0009765625,10
6406,0.0009765625,10
6407,0.0009765625,10
6408,0.0009765625,10
6409,0.001953125,9
6410,0.0009765625,10
6411,0.0009765625,10
6412,0.0009765625,10
6413,0.001953125,9
6414,0.0009765625,10
6415,0.0009765625,10
6416,0.0009765625,10
6417,0.0009765625,10
6418,0.001953125,9
6419,0.0009765625,10
6420,0.0009765625,10
6421,0.0009765625,10
6422,0.001953125,9
6423,0.0009765625,10
6424,0.0009765625,10
6425,0.0009765625,10
6426,0.0009765625,10
6427,0.001953125,9
6428,0.0009765625,10
6429,0.0009765625,10
6430,0.0009765625,10
6431,0.001953125,9
6432,0.0009765625,10
6433,0.0009765625,10
6434,0.0009765625,10
6435,0.001953125,9
6436,0.0009765625,10
6437,0.0009765625,10
6438,0.0009765625,10
6439,0.0009765625,10
6440,0.001953125,9
6441,0.0009765625,10
6442,0.0009765625,10
6443,0.0009765625,10
6444,0.001953125,9
6445,0.0009765625,10
6446,0.0009765625,10
6447,0.0009765625,10
6448,0.0009765625,10
6449,0.001953125,9
6450,0.0009765625,10
6451,0.0009765625,10
6452,0.0009765625,10
6453,0.001953125,9
6454,0.0009765625,10
6455,0.0009765625,10
6456,0.0009765625,10
6457,0.001953125,9
6458,0.0009765625,10
6459,0.0009765625,10
6460,0.0009765625,10
6461,0.0009765625,10
6462,0.001953125,9
6463,0.0009765625,10
6464,0.0009765625,10
6465,0.0009765625,10
6466,0.001953125,9
6467,0.0009765625,10
6468,0.0009765625,10
6469,0.0009765625,10
6470,0.001953125,9
6471,0.0009765625,10
6472,0.0009765625,10
6473,0.0009765625,10
6474,0.0009765625,10
6475,0.001953125,9
6476,0.0009765625,10
6477,0.0009765625,10
6478,0.0009765625,10
6479,0.001953125,9
6480,0.0009765625,10
6481,0.0009765625,10
6482,0.0009765625,10
6483,0.001953125,9
6484,0.0009765625,10
6485,0.0009765625,10
6486,0.0009765625,10
6487,0.0009765625,10
6488,0.001953125,9
6489,0.0009765625,10
6490,0.0009765625,10
6491,0.0009765625,10
6492,0.001953125,9
6493,0.0009765625,10
6494,0.0009765625,10
6495,0.0009765625,10
6496,0.001953125,9
6497,0.0009765625,10
6498,0.0009765625,10
6499,0.0009765625,10
6500,0.001953125,9
6501,0.0009765625,10
6502,0.0009765625,10
6503,0.0009765625,10
6504,0.0009765625,10
6505,0.001953125,9
6506,0.0009765625,10
6507,0.0009765625,10
6508,0.0009765625,10
6509,0.001953125,9
6510,0.0009765625,10
6511,0.0009765625,10
6512,0.0009765625,10
6513,0.001953125,9
6514,0.0009765625,10
6515,0.0009765625,10
6516,0.0009765625,10
6517,0.0009765625,10
6518,0.001953125,9
6519,0.0009765625,10
6520,0.0009765625,10
6521,0.0009765625,10
6522,0.001953125,9
6523,0.0009765625,10
6524,0.0009765625,10
6525,0.0009765625,10
6526,0.001953125,9
6527,0.0009765625,10
6528,0.0009765625,10
6529,0.0009765625,10
6530,0.0009765625,10
6531,0.001953125,9
6532,0.0009765625,10
6533,0.0009765625,10
6534,0.0009765625,10
6535,0.001953125,9
6536,0.0009765625,10
6537,0.0009765625,10
6538,0.0009765625,10
6539,0.001953125,9
6540,0.0009765625,10
6541,0.0009765625,10
6542,0.0009765625,10
6543,0.0009765625,10
6544,0.001953125,9
6545,0.0009765625,10
6546,0.0009765625,10
6547,0.0009765625,10
6548,0.001953125,9
6549,0.0009765625,10
6550,0.0009765625,10
6551,0.0009765625,10
6552,0.001953125,9
6553,0.0009765625,10
6554,0.0009765625,10
6555,0.0009765625,10
6556,0.001953125,9
6557,0.0009765625,10
6558,0.0009765625,10
6559,0.0009765625,10
6560,0.0009765625,10
6561,0.001953125,9
6562,0.0009765625,10
6563,0.0009765625,10
6564,0.0009765625,10
6565,0.001953125,9
6566,0.0009765625,10
6567,0.0009765625,10
6568,0.0009765625,10
6569,0.001953125,9
6570,0.0009765625,10
6571,0.0009765625,10
6572,0.0009765625,10
6573,0.001953125,9
6574,0.0009765625,10
6575,0.0009765625,10
6576,0.0009765625,10
6577,0.0009765625,10
6578,0.001953125,9
6579,0.0009765625,10
6580,0.0009765625,10
6581,0.0009765625,10
6582,0.001953125,9
6583,0.0009765625,10
6584,0.0009765625,10
6585,0.0009765625,10
6586,0.001953125,9
6587,0.0009765625,10
6588,0.0009765625,10
6589,0.0009765625,10
6590,0.001953125,9
6591,0.0009765625,10
6592,0.0009765625,10
6593,0.0009765625,10
6594,0.0009765625,10
6595,0.001953125,9
6596,0.0009765625,10
6597,0.0009765625,10
6598,0.0009765625,10
6599,0.001953125,9
6600,0.0009765625,10
6601,0.0009765625,10
6602,0.0009765625,10
6603,0.001953125,9
6604,0.0009765625,10
6605,0.0009765625,10
6606,0.0009765625,10
6607,0.001953125,9
6608,0.0009765625,10
6609,0.0009765625,10
6610,0.0009765625,10
6611,0.0009765625,10
6612,0.001953125,9
6613,0.0009765625,10
6614,0.0009765625,10
6615,0.0009765625,10
6616,0.001953125,9
6617,0.0009765625,10
6618,0.0009765625,10
6619,0.0009765625,10
6620,0.001953125,9
6621,0.0009765625,10
6622,0.0009765625,10
6623,0.0009765625,10
6624,0.001953125,9
6625,0.0009765625,10
6626,0.0009765625,10
6627,0.0009765625,10
6628,0.0009765625,10
6629,0.001953125,9
6630,0.0009765625,10
6631,0.0009765625,10
6632,0.0009765625,10
6633,0.001953125,9
6634,0.0009765625,10
6635,0.0009765625,10
6636,0.0009765625,10
6637,0.001953125,9
6638,0.0009765625,10
6639,0.0009765625,10
6640,0.0009765625,10
6641,0.001953125,9
6642,0.0009765625,10
6643,0.0009765625,10
6644,0.0009765625,10
6645,0.0009765625,10
6646,0.001953125,9
6647,0.0009765625,10
6648,0.0009765625,10
6649,0.0009765625,10
6650,0.001953125,9
6651,0.0009765625,10
6652,0.0009765625,10
6653,0.0009765625,10
6654,0.001953125,9
6655,0.0009765625,10
6656,0.0009765625,10
6657,0.0009765625,10
6658,0.0009765625,10
6659,0.001953125,9
6660,0.0009765625,10
6661,0.0009765625,10
6662,0.0009765625,10
6663,0.001953125,9
6664,0.0009765625,10
6665,0.0009765625,10
6666,0.0009765625,10
6667,0.0009765625,10
6668,0.001953125,9
6669,0.0009765625,10
6670,0.0009765625,10
6671,0.0009765625,10
6672,0.001953125,9
6673,0.0009765625,10
6674,0.0009765625,10
6675,0.0009765625,10
6676,0.001953125,9
6677,0.0009765625,10
6678,0.0009765625,10
6679,0.0009765625,10
6680,0.0009765625,10
6681,0.001953125,9
6682,0.0009765625,10
6683,0.0009765625,10
6684,0.0009765625,10
6685,0.001953125,9
6686,0.0009765625,10
6687,0.0009765625,10
6688,0.0009765625,10
6689,0.0009765625,10
6690,0.001953125,9
6691,0.0009765625,10
6692,0.0009765625,10
6693,0.0009765625,10
6694,0.001953125,9
6695,0.0009765625,10
6696,0.0009765625,10
6697,0.0009765625,10
6698,0.0009765625,10
6699,0.001953125,9
6700,0.0009765625,10
6701,0.0009765625,10
6702,0.0009765625,10
6703,0.001953125,9
6704,0.0009765625,10
6705,0.0009765625,10
6706,0.0009765625,10
6707,0.001953125,9
6708,0.0009765625,10
6709,0.0009765625,10
6710,0.0009765625,10
6711,0.0009765625,10
6712,0.001953125,9
6713,0.0009765625,10
6714,0.0009765625,10
6715,0.0009765625,10
6716,0.001953125,9
6717,0.0009765625,10
6718,0.0009765625,10
6719,0.0009765625,10
6720,0.001953125,9
6721,0.0009765625,10
6722,0.0009765625,10
6723,0.0009765625,10
6724,0.0009765625,10
6725,0.001953125,9
6726,0.0009765625,10
6727,0.0009765625,10
6728,0.0009765625,10
6729,0.001953125,9
6730,0.0009765625,10
6731,0.0009765625,10
6732,0.0009765625,10
6733,0.001953125,9
6734,0.0009765625,10
6735,0.0009765625,10
6736,0.0009765625,10
6737,0.0009765625,10
6738,0.001953125,9
6739,0.0009765625,10
6740,0.0009765625,10
6741,0.0009765625,10
6742,0.001953125,9
6743,0.0009765625,10
6744,0.0009765625,10
6745,0.0009765625,10
6746,0.001953125,9
6747,0.0009765625,10
6748,0.0009765625,10
6749,0.0009765625,10
6750,0.0009765625,10
6751,0.001953125,9
6752,0.0009765625,10
6753,0.0009765625,10
6754,0.0009765625,10
6755,0.001953125,9
6756,0.0009765625,10
6757,0.0009765625,10
6758,0.0009765625,10
6759,0.001953125,9
6760,0.0009765625,10
6761,0.0009765625,10
6762,0.0009765625,10
6763,0.0009765625,10
6764,0.001953125,9
6765,0.0009765625,10
6766,0.0009765625,10
6767,0.0009765625,10
6768,0.001953125,9
6769,0.0009765625,10
6770,0.0009765625,10
6771,0.0009765625,10
6772,0.001953125,9
6773,0.0009765625,10
6774,0.0009765625,10
6775,0.0009765625,10
6776,0.0009765625,10
6777,0.001953125,9
6778,0.0009765625,10
6779,0.0009765625,10
6780,0.0009765625,10
6781,0.001953125,9
6782,0.0009765625,10
6783,0.0009765625,10
6784,0.0009765625,10
6785,0.001953125,9
6786,0.0009765625,10
6787,0.0009765625,10
6788,0.0009765625,10
6789,0.001953125,9
6790,0.0009765625,10
6791,0.0009765625,10
6792,0.0009765625,10
6793,0.0009765625,10
6794,0.001953125,9
6795,0.0009765625,10
6796,0.0009765625,10
6797,0.0009765625,10
6798,0.001953125,9
6799,0.0009765625,10
6800,0.0009765625,10
6801,0.0009765625,10
6802,0.001953125,9
6803,0.0009765625,10
6804,0.0009765625,10
6805,0.0009765625,10
6806,0.0009765625,10
6807,0.001953125,9
6808,0.0009765625,10
6809,0.0009765625,10
6810,0.0009765625,10
6811,0.001953125,9
6812,0.0009765625,10
6813,0.0009765625,10
6814,0.0009765625,10
6815,0.001953125,9
6816,0.0009765625,10
6817,0.0009765625,10
6818,0.0009765625,10
6819,0.001953125,9
6820,0.0009765625,10
6821,0.0009765625,10
6822,0.0009765625,10
6823,0.0009765625,10
6824,0.001953125,9
6825,0.0009765625,10
6826,0.0009765625,10
6827,0.0009765625,10
6828,0.001953125,9
6829,0.0009765625,10
6830,0.0009765625,10
6831,0.0009765625,10
6832,0.001953125,9
6833,0.0009765625,10
6834,0.0009765625,10
6835,0.0009765625,10
6836,0.0009765625,10
6837,0.001953125,9
6838,0.0009765625,10
6839,0.0009765625,10
6840,0.0009765625,10
6841,0.001953125,9
6842,0.0009765625,10
6843,0.0009765625,10
6844,0.0009765625,10
6845,0.001953125,9
6846,0.0009765625,10
6847,0.0009765625,10
6848,0.0009765625,10
6849,0.001953125,9
6850,0.0009765625,10
6851,0.0009765625,10
6852,0.0009765625,10
6853,0.0009765625,10
6854,0.001953125,9
6855,0.0009765625,10
6856,0.0009765625,10
6857,0.0009765625,10
6858,0.001953125,9
6859,0.0009765625,10
6860,0.0009765625,10
6861,0.0009765625,10
6862,0.001953125,9
6863,0.0009765625,10
6864,0.0009765625,10
6865,0.0009765625,10
6866,0.001953125,9
6867,0.0009765625,10
6868,0.0009765625,10
6869,0.0009765625,10
6870,0.001953125,9
6871,0.0009765625,10
6872,0.0009765625,10
6873,0.0009765625,10
6874,0.0009765625,10
6875,0.001953125,9
6876,0.0009765625,10
6877,0.0009765625,10
6878,0.0009765625,10
6879,0.001953125,9
6880,0.0009765625,10
6881,0.0009765625,10
6882,0.0009765625,10
6883,0.001953125,9
6884,0.0009765625,10
6885,0.0009765625,10
6886,0.0009765625,10
6887,0.001953125,9
6888,0.0009765625,10
6889,0.0009765625,10
6890,0.0009765625,10
6891,0.0009765625,10
6892,0.001953125,9
6893,0.0009765625,10
6894,0.0009765625,10
6895,0.0009765625,10
6896,0.001953125,9
6897,0.0009765625,10
6898,0.0009765625,10
6899,0.0009765625,10
6900,0.001953125,9
6901,0.0009765625,10
6902,0.0009765625,10
6903,0.0009765625,10
6904,0.0009765625,10
6905,0.001953125,9
6906,0.0009765625,10
6907,0.0009765625,10
6908,0.0009765625,10
6909,0.001953125,9
6910,0.0009765625,10
6911,0.0009765625,10
6912,0.0009765625,10
6913,0.001953125,9
6914,0.0009765625,10
6915,0.0009765625,10
6916,0.0009765625,10
6917,0.0009765625,10
6918,0.001953125,9
6919,0.0009765625,10
6920,0.0009765625,10
6921,0.0009765625,10
6922,0.001953125,9
6923,0.0009765625,10
6924,0.0009765625,10
6925,0.0009765625,10
6926,0.0009765625,10
6927,0.001953125,9
6928,0.0009765625,10
6929,0.0009765625,10
6930,0.0009765625,10
6931,0.001953125,9
6932,0.0009765625,10
6933,0.0009765625,10
6934,0.0009765625,10
6935,0.0009765625,10
6936,0.001953125,9
6937,0.0009765625,10
6938,0.0009765625,10
6939,0.0009765625,10
6940,0.001953125,9
6941,0.0009765625,10
6942,0.0009765625,10
6943,0.0009765625,10
6944,0.001953125,9
6945,0.0009765625,10
6946,0.0009765625,10
6947,0.0009765625,10
6948,0.0009765625,10
6949,0.001953125,9
6950,0.0009765625,10
6951,0.0009765625,10
6952,0.0009765625,10
6953,0.001953125,9
6954,0.0009765625,10
6955,0.0009765625,10
6956,0.0009765625,10
6957,0.0009765625,10
6958,0.001953125,9
6959,0.0009765625,10
6960,0.0009765625,10
6961,0.0009765625,10
6962,0.001953125,9
6963,0.0009765625,10
6964,0.0009765625,10
6965,0.0009765625,10
6966,0.001953125,9
6967,0.0009765625,10
6968,0.0009765625,10
6969,0.0009765625,10
6970,0.0009765625,10
6971,0.001953125,9
6972,0.0009765625,10
6973,0.0009765625,10
6974,0.0009765625,10
6975,0.001953125,9
6976,0.0009765625,10
6977,0.0009765625,10
6978,0.0009765625,10
6979,0.001953125,9
6980,0.0009765625,10
6981,0.0009765625,10
6982,0.0009765625,10
6983,0.0009765625,10
6984,0.001953125,9
6985,0.0009765625,10
6986,0.0009765625,10
6987,0.0009765625,10
6988,0.001953125,9
6989,0.0009765625,10
6990,0.0009765625,10
6991,0.0009765625,10
6992,0.001953125,9
6993,0.0009765625,10
6994,0.0009765625,10
6995,0.0009765625,10
6996,0.0009765625,10
6997,0.001953125,9
6998,0.0009765625,10
6999,0.0009765625,10
7000,0.0009765625,10
7001,0.001953125,9
7002,0.0009765625,10
7003,0.0009765625,10
7004,0.0009765625,10
7005,0.001953125,9
7006,0.0009765625,10
7007,0.0009765625,10
7008,0.0009765625,10
7009,0.0009765625,10
7010,0.001953125,9
7011,0.0009765625,10
7012,0.0009765625,10
7013,0.0009765625,10
7014,0.001953125,9
7015,0.0009765625,10
7016,0.0009765625,10
7017,0.0009765625,10
7018,0.001953125,9
7019,0.0009765625,10
7020,0.0009765625,10
7021,0.0009765625,10
7022,0.0009765625,10
7023,0.001953125,9
7024,0.0009765625,10
7025,0.0009765625,10
7026,0.0009765625,10
7027,0.001953125,9
7028,0.0009765625,10
7029,0.0009765625,10
7030,0.0009765625,10
7031,0.001953125,9
7032,0.0009765625,10
7033,0.0009765625,10
7034,0.0009765625,10
7035,0.0009765625,10
7036,0.001953125,9
7037,0.0009765625,10
7038,0.0009765625,10
7039,0.0009765625,10
7040,0.001953125,9
7041,0.0009765625,10
7042,0.0009765625,10
7043,0.0009765625,10
7044,0.001953125,9
7045,0.0009765625,10
7046,0.0009765625,10
7047,0.0009765625,10
7048,0.001953125,9
7049,0.0009765625,10
7050,0.0009765625,10
7051,0.0009765625,10
7052,0.0009765625,10
7053,0.001953125,9
7054,0.0009765625,10
7055,0.0009765625,10
7056,0.0009765625,10
7057,0.001953125,9
7058,0.0009765625,10
7059,0.0009765625,10
7060,0.0009765625,10
7061,0.001953125,9
7062,0.0009765625,10
7063,0.0009765625,10
7064,0.0009765625,10
7065,0.0009765625,10
7066,0.001953125,9
7067,0.0009765625,10
7068,0.0009765625,10
7069,0.0009765625,10
7070,0.001953125,9
7071,0.0009765625,10
7072,0.0009765625,10
7073,0.0009765625,10
7074,0.001953125,9
7075,0.0009765625,10
7076,0.0009765625,10
7077,0.0009765625,10
7078,0.001953125,9
7079,0.0009765625,10
7080,0.0009765625,10
7081,0.0009765625,10
7082,0.0009765625,10
7083,0.001953125,9
7084,0.0009765625,10
7085,0.0009765625,10
7086,0.0009765625,10
7087,0.001953125,9
7088,0.0009765625,10
7089,0.0009765625,10
7090,0.0009765625,10
7091,0.001953125,9
7092,0.0009765625,10
7093,0.0009765625,10
7094,0.0009765625,10
7095,0.0009765625,10
7096,0.001953125,9
7097,0.0009765625,10
7098,0.0009765625,10
7099,0.0009765625,10
7100,0.001953125,9
7101,0.0009765625,10
7102,0.0009765625,10
7103,0.0009765625,10
7104,0.001953125,9
7105,0.0009765625,10
7106,0.0009765625,10
7107,0.0009765625,10
7108,0.001953125,9
7109,0.0009765625,10
7110,0.0009765625,10
7111,0.0009765625,10
7112,0.001953125,9
7113,0.0009765625,10
7114,0.0009765625,10
7115,0.0009765625,10
7116,0.0009765625,10
7117,0.001953125,9
7118,0.0009765625,10
7119,0.0009765625,10
7120,0.0009765625,10
7121,0.001953125,9
7122,0.0009765625,10
7123,0.0009765625,10
7124,0.0009765625,10
7125,0.001953125,9
7126,0.0009765625,10
7127,0.0009765625,10
7128,0.0009765625,10
7129,0.001953125,9
7130,0.0009765625,10
7131,0.0009765625,10
7132,0.0009765625,10
7133,0.0009765625,10
7134,0.001953125,9
7135,0.0009765625,10
7136,0.0009765625,10
7137,0.0009765625,10
7138,0.001953125,9
7139,0.0009765625,10
7140,0.0009765625,10
7141,0.0009765625,10
7142,0.001953125,9
7143,0.0009765625,10
7144,0.0009765625,10
7145,0.0009765625,10
7146,0.001953125,9
7147,0.0009765625,10
7148,0.0009765625,10
7149,0.0009765625,10
7150,0.0009765625,10
7151,0.001953125,9
7152,0.0009765625,10
7153,0.0009765625,10
7154,0.0009765625,10
7155,0.001953125,9
7156,0.0009765625,10
7157,0.0009765625,10
7158,0.0009765625,10
7159,0.001953125,9
7160,0.0009765625,10
7161,0.0009765625,10
7162,0.0009765625,10
7163,0.0009765625,10
7164,0.001953125,9
7165,0.0009765625,10
7166,0.0009765625,10
7167,0.0009765625,10
7168,0.001953125,9
7169,0.0009765625,10
7170,0.0009765625,10
7171,0.0009765625,10
7172,0.001953125,9
7173,0.0009765625,10
7174,0.0009765625,10
7175,0.0009765625,10
7176,0.0009765625,10
7177,0.001953125,9
7178,0.0009765625,10
7179,0.0009765625,10
7180,0.0009765625,10
7181,0.001953125,9
7182,0.0009765625,10
7183,0.0009765625,10
7184,0.0009765625,10
7185,0.0009765625,10
7186,0.001953125,9
7187,0.0009765625,10
7188,0.0009765625,10
7189,0.0009765625,10
7190,0.001953125,9
7191,0.0009765625,10
7192,0.0009765625,10
7193,0.0009765625,10
7194,0.0009765625,10
7195,0.001953125,9
7196,0.0009765625,10
7197,0.0009765625,10
7198,0.0009765625,10
7199,0.001953125,9
7200,0.0009765625,10
7201,0.0009765625,10
7202,0.0009765625,10
7203,0.0009765625,10
7204,0.001953125,9
7205,0.0009765625,10
7206,0.0009765625,10
7207,0.0009765625,10
7208,0.001953125,9
7209,0.0009765625,10
7210,0.0009765625,10
7211,0.0009765625,10
7212,0.001953125,9
7213,0.0009765625,10
7214,0.0009765625,10
7215,0.0009765625,10
7216,0.0009765625,10
7217,0.001953125,9
7218,0.0009765625,10
7219,0.0009765625,10
7220,0.0009765625,10
7221,0.001953125,9
7222,0.0009765625,10
7223,0.0009765625,10
7224,0.0009765625,10
7225,0.001953125,9
7226,0.0009765625,10
7227,0.0009765625,10
7228,0.0009765625,10
7229,0.0009765625,10
7230,0.001953125,9
7231,0.0009765625,10
7232,0.0009765625,10
7233,0.0009765625,10
7234,0.001953125,9
7235,0.0009765625,10
7236,0.0009765625,10
7237,0.0009765625,10
7238,0.001953125,9
7239,0.0009765625,10
7240,0.0009765625,10
7241,0.0009765625,10
7242,0.0009765625,10
7243,0.001953125,9
7244,0.0009765625,10
7245,0.0009765625,10
7246,0.0009765625,10
7247,0.001953125,9
7248,0.0009765625,10
7249,0.0009765625,10
7250,0.0009765625,10
7251,0.001953125,9
7252,0.0009765625,10
7253,0.0009765625,10
7254,0.0009765625,10
7255,0.0009765625,10
7256,0.001953125,9
7257,0.0009765625,10
7258,0.0009765625,10
7259,0.0009765625,10
7260,0.001953125,9
7261,0.0009765625,10
7262,0.0009765625,10
7263,0.0009765625,10
7264,0.001953125,9
7265,0.0009765625,10
7266,0.0009765625,10
7267,0.0009765625,10
7268,0.0009765625,10
7269,0.001953125,9
7270,0.0009765625,10
7271,0.0009765625,10
7272,0.0009765625,10
7273,0.001953125,9
7274,0.0009765625,10
7275,0.0009765625,10
7276,0.0009765625,10
7277,0.001953125,9
7278,0.0009765625,10
7279,0.0009765625,10
7280,0.0009765625,10
7281,0.0009765625,10
7282,0.001953125,9
7283,0.0009765625,10
7284,0.0009765625,10
7285,0.0009765625,10
7286,0.001953125,9
7287,0.0009765625,10
7288,0.0009765625,10
7289,0.0009765625,10
7290,0.001953125,9
7291,0.0009765625,10
7292,0.0009765625,10
7293,0.0009765625,10
7294,0.0009765625,10
7295,0.001953125,9
7296,0.0009765625,10
7297,0.0009765625,10
7298,0.0009765625,10
7299,0.001953125,9
7300,0.0009765625,10
7301,0.0009765625,10
7302,0.0009765625,10
7303,0.001953125,9
7304,0.0009765625,10
7305,0.0009765625,10
7306,0.0009765625,10
7307,0.0009765625,10
7308,0.001953125,9
7309,0.0009765625,10
7310,0.0009765625,10
7311,0.0009765625,10
7312,0.001953125,9
7313,0.0009765625,10
7314,0.0009765625,10
7315,0.0009765625,10
7316,0.001953125,9
7317,0.0009765625,10
7318,0.0009765625,10
7319,0.0009765625,10
7320,0.001953125,9
7321,0.0009765625,10
7322,0.0009765625,10
7323,0.0009765625,10
7324,0.0009765625,10
7325,0.001953125,9
7326,0.0009765625,10
7327,0.0009765625,10
7328,0.0009765625,10
7329,0.001953125,9
7330,0.0009765625,10
7331,0.0009765625,10
7332,0.0009765625,10
7333,0.001953125,9
7334,0.0009765625,10
7335,0.0009765625,10
7336,0.0009765625,10
7337,0.0009765625,10
7338,0.001953125,9
7339,0.0009765625,10
7340,0.0009765625,10
7341,0.0009765625,10
7342,0.001953125,9
7343,0.0009765625,10
7344,0.0009765625,10
7345,0.0009765625,10
7346,0.001953125,9
7347,0.0009765625,10
7348,0.0009765625,10
7349,0.0009765625,10
7350,0.001953125,9
7351,0.0009765625,10
7352,0.0009765625,10
7353,0.0009765625,10
7354,0.0009765625,10
7355,0.001953125,9
7356,0.0009765625,10
7357,0.0009765625,10
7358,0.0009765625,10
7359,0.001953125,9
7360,0.0009765625,10
7361,0.0009765625,10
7362,0.0009765625,10
7363,0.001953125,9
7364,0.0009765625,10
7365,0.0009765625,10
7366,0.0009765625,10
7367,0.001953125,9
7368,0.0009765625,10
7369,0.0009765625,10
7370,0.0009765625,10
7371,0.0009765625,10
7372,0.001953125,9
7373,0.0009765625,10
7374,0.0009765625,10
7375,0.0009765625,10
7376,0.001953125,9
7377,0.0009765625,10
7378,0.0009765625,10
7379,0.0009765625,10
7380,0.001953125,9
7381,0.0009765625,10
7382,0.0009765625,10
7383,0.0009765625,10
7384,0.001953125,9
7385,0.0009765625,10
7386,0.0009765625,10
7387,0.0009765625,10
7388,0.0009765625,10
7389,0.001953125,9
7390,0.0009765625,10
7391,0.0009765625,10
7392,0.0009765625,10
7393,0.001953125,9
7394,0.0009765625,10
7395,0.0009765625,10
7396,0.0009765625,10
7397,0.001953125,9
7398,0.0009765625,10
7399,0.0009765625,10
7400,0.0009765625,10
7401,0.001953125,9
7402,0.0009765625,10
7403,0.0009765625,10
7404,0.0009765625,10
7405,0.0009765625,10
7406,0.001953125,9
7407,0.0009765625,10
7408,0.0009765625,10
7409,0.0009765625,10
7410,0.001953125,9
7411,0.0009765625,10
7412,0.0009765625,10
7413,0.0009765625,10
7414,0.001953125,9
7415,0.0009765625,10
7416,0.0009765625,10
7417,0.0009765625,10
7418,0.0009765625,10
7419,0.001953125,9
7420,0.0009765625,10
7421,0.0009765625,10
7422,0.0009765625,10
7423,0.001953125,9
7424,0.0009765625,10
7425,0.0009765625,10
7426,0.0009765625,10
7427,0.001953125,9
7428,0.0009765625,10
7429,0.0009765625,10
7430,0.0009765625,10
7431,0.0009765625,10
7432,0.001953125,9
7433,0.0009765625,10
7434,0.0009765625,10
7435,0.0009765625,10
7436,0.001953125,9
7437,0.0009765625,10
7438,0.0009765625,10
7439,0.0009765625,10
7440,0.0009765625,10
7441,0.001953125,9
7442,0.0009765625,10
7443,0.0009765625,10
7444,0.0009765625,10
7445,0.001953125,9
7446,0.0009765625,10
7447,0.0009765625,10
7448,0.0009765625,10
7449,0.0009765625,10
7450,0.001953125,9
7451,0.0009765625,10
7452,0.0009765625,10
7453,0.0009765625,10
7454,0.001953125,9
7455,0.0009765625,10
7456,0.0009765625,10
7457,0.0009765625,10
7458,0.001953125,9
7459,0.0009765625,10
7460,0.0009765625,10
7461,0.0009765625,10
7462,0.0009765625,10
7463,0.001953125,9
7464,0.0009765625,10
7465,0.0009765625,10
7466,0.0009765625,10
7467,0.001953125,9
7468,0.0009765625,10
7469,0.0009765625,10
7470,0.0009765625,10
7471,0.0009765625,10
7472,0.001953125,9
7473,0.0009765625,10
7474,0.0009765625,10
7475,0.0009765625,10
7476,0.001953125,9
7477,0.0009765625,10
7478,0.0009765625,10
7479,0.0009765625,10
7480,0.001953125,9
7481,0.0009765625,10
7482,0.0009765625,10
7483,0.0009765625,10
7484,0.0009765625,10
7485,0.001953125,9
7486,0.0009765625,10
7487,0.0009765625,10
7488,0.0009765625,10
7489,0.001953125,9
7490,0.0009765625,10
7491,0.0009765625,10
7492,0.0009765625,10
7493,0.001953125,9
7494,0.0009765625,10
7495,0.0009765625,10
7496,0.0009765625,10
7497,0.0009765625,10
7498,0.001953125,9
7499,0.0009765625,10
7500,0.0009765625,10
7501,0.0009765625,10
7502,0.001953125,9
7503,0.0009765625,10
7504,0.0009765625,10
7505,0.0009765625,10
7506,0.001953125,9
7507,0.0009765625,10
7508,0.0009765625,10
7509,0.0009765625,10
7510,0.0009765625,10
7511,0.001953125,9
7512,0.0009765625,10
7513,0.0009765625,10
7514,0.0009765625,10
7515,0.001953125,9
7516,0.0009765625,10
7517,0.0009765625,10
7518,0.0009765625,10
7519,0.001953125,9
7520,0.0009765625,10
7521,0.0009765625,10
7522,0.0009765625,10
7523,0.0009765625,10
7524,0.001953125,9
7525,0.0009765625,10
7526,0.0009765625,10
7527,0.0009765625,10
7528,0.001953125,9
7529,0.0009765625,10
7530,0.0009765625,10
7531,0.0009765625,10
7532,0.001953125,9
7533,0.0009765625,10
7534,0.0009765625,10
7535,0.0009765625,10
7536,0.0009765625,10
7537,0.001953125,9
7538,0.0009765625,10
7539,0.0009765625,10
7540,0.0009765625,10
7541,0.001953125,9
7542,0.0009765625,10
7543,0.0009765625,10
7544,0.0009765625,10
7545,0.001953125,9
7546,0.0009765625,10
7547,0.0009765625,10
7548,0.0009765625,10
7549,0.0009765625,10
7550,0.001953125,9
7551,0.0009765625,10
7552,0.0009765625,10
7553,0.0009765625,10
7554,0.001953125,9
7555,0.0009765625,10
7556,0.0009765625,10
7557,0.0009765625,10
7558,0.001953125,9
7559,0.0009765625,10
7560,0.0009765625,10
7561,0.0009765625,10
7562,0.0009765625,10
7563,0.001953125,9
7564,0.0009765625,10
7565,0.0009765625,10
7566,0.0009765625,10
7567,0.001953125,9
7568,0.0009765625,10
7569,0.0009765625,10
7570,0.0009765625,10
7571,0.001953125,9
7572,0.0009765625,10
7573,0.0009765625,10
7574,0.0009765625,10
7575,0.001953125,9
7576,0.0009765625,10
7577,0.0009765625,10
7578,0.0009765625,10
7579,0.0009765625,10
7580,0.001953125,9
7581,0.0009765625,10
7582,0.0009765625,10
7583,0.0009765625,10
7584,0.001953125,9
7585,0.0009765625,10
7586,0.0009765625,10
7587,0.0009765625,10
7588,0.001953125,9
7589,0.0009765625,10
7590,0.0009765625,10
7591,0.0009765625,10
7592,0.0009765625,10
7593,0.001953125,9
7594,0.0009765625,10
7595,0.0009765625,10
7596,0.0009765625,10
7597,0.001953125,9
7598,0.0009765625,10
7599,0.0009765625,10
7600,0.0009765625,10
7601,0.001953125,9
7602,0.0009765625,10
7603,0.0009765625,10
7604,0.0009765625,10
7605,0.001953125,9
7606,0.0009765625,10
7607,0.0009765625,10
7608,0.0009765625,10
7609,0.0009765625,10
7610,0.001953125,9
7611,0.0009765625,10
7612,0.0009765625,10
7613,0.0009765625,10
7614,0.001953125,9
7615,0.0009765625,10
7616,0.0009765625,10
7617,0.0009765625,10
7618,0.001953125,9
7619,0.0009765625,10
7620,0.0009765625,10
7621,0.0009765625,10
7622,0.001953125,9
7623,0.0009765625,10
7624,0.0009765625,10
7625,0.0009765625,10
7626,0.0009765625,10
7627,0.001953125,9
7628,0.0009765625,10
7629,0.0009765625,10
7630,0.0009765625,10
7631,0.001953125,9
7632,0.0009765625,10
7633,0.0009765625,10
7634,0.0009765625,10
7635,0.001953125,9
7636,0.0009765625,10
7637,0.0009765625,10
7638,0.0009765625,10
7639,0.001953125,9
7640,0.0009765625,10
7641,0.0009765625,10
7642,0.0009765625,10
7643,0.0009765625,10
7644,0.001953125,9
7645,0.0009765625,10
7646,0.0009765625,10
7647,0.0009765625,10
7648,0.001953125,9
7649,0.0009765625,10
7650,0.0009765625,10
7651,0.0009765625,10
7652,0.001953125,9
7653,0.0009765625,10
7654,0.0009765625,10
7655,0.0009765625,10
7656,0.001953125,9
7657,0.0009765625,10
7658,0.0009765625,10
7659,0.0009765625,10
7660,0.0009765625,10
7661,0.001953125,9
7662,0.0009765625,10
7663,0.0009765625,10
7664,0.0009765625,10
7665,0.001953125,9
7666,0.0009765625,10
7667,0.0009765625,10
7668,0.0009765625,10
7669,0.001953125,9
7670,0.0009765625,10
7671,0.0009765625,10
7672,0.0009765625,10
7673,0.0009765625,10
7674,0.001953125,9
7675,0.0009765625,10
7676,0.0009765625,10
7677,0.0009765625,10
7678,0.001953125,9
7679,0.0009765625,10
7680,0.0009765625,10
7681,0.0009765625,10
7682,0.001953125,9
7683,0.0009765625,10
7684,0.0009765625,10
7685,0.0009765625,10
7686,0.0009765625,10
7687,0.001953125,9
7688,0.0009765625,10
7689,0.0009765625,10
7690,0.0009765625,10
7691,0.001953125,9
7692,0.0009765625,10
7693,0.0009765625,10
7694,0.0009765625,10
7695,0.0009765625,10
7696,0.001953125,9
7697,0.0009765625,10
7698,0.0009765625,10
7699,0.0009765625,10
7700,0.001953125,9
7701,0.0009765625,10
7702,0.0009765625,10
7703,0.0009765625,10
7704,0.0009765625,10
7705,0.001953125,9
7706,0.0009765625,10
7707,0.0009765625,10
7708,0.0009765625,10
7709,0.001953125,9
7710,0.0009765625,10
7711,0.0009765625,10
7712,0.0009765625,10
7713,0.001953125,9
7714,0.0009765625,10
7715,0.0009765625,10
7716,0.0009765625,10
7717,0.0009765625,10
7718,0.001953125,9
7719,0.0009765625,10
7720,0.0009765625,10
7721,0.0009765625,10
7722,0.001953125,9
7723,0.0009765625,10
7724,0.0009765625,10
7725,0.0009765625,10
7726,0.0009765625,10
7727,0.001953125,9
7728,0.0009765625,10
7729,0.0009765625,10
7730,0.0009765625,10
7731,0.001953125,9
7732,0.0009765625,10
7733,0.0009765625,10
7734,0.0009765625,10
7735,0.001953125,9
7736,0.0009765625,10
7737,0.0009765625,10
7738,0.0009765625,10
7739,0.0009765625,10
7740,0.001953125,9
7741,0.0009765625,10
7742,0.0009765625,10
7743,0.0009765625,10
7744,0.001953125,9
7745,0.0009765625,10
7746,0.0009765625,10
7747,0.0009765625,10
7748,0.001953125,9
7749,0.0009765625,10
7750,0.0009765625,10
7751,0.0009765625,10
7752,0.0009765625,10
7753,0.001953125,9
7754,0.0009765625,10
7755,0.0009765625,10
7756,0.0009765625,10
7757,0.001953125,9
7758,0.0009765625,10
7759,0.0009765625,10
7760,0.0009765625,10
7761,0.001953125,9
7762,0.0009765625,10
7763,0.0009765625,10
7764,0.0009765625,10
7765,0.0009765625,10
7766,0.001953125,9
7767,0.0009765625,10
7768,0.0009765625,10
7769,0.0009765625,10
7770,0.001953125,9
7771,0.0009765625,10
7772,0.0009765625,10
7773,0.0009765625,10
7774,0.001953125,9
7775,0.0009765625,10
7776,0.0009765625,10
7777,0.0009765625,10
7778,0.0009765625,10
7779,0.001953125,9
7780,0.0009765625,10
7781,0.0009765625,10
7782,0.0009765625,10
7783,0.001953125,9
7784,0.0009765625,10
7785,0.0009765625,10
7786,0.0009765625,10
7787,0.001953125,9
7788,0.0009765625,10
7789,0.0009765625,10
7790,0.0009765625,10
7791,0.0009765625,10
7792,0.001953125,9
7793,0.0009765625,10
7794,0.0009765625,10
7795,0.0009765625,10
7796,0.001953125,9
7797,0.0009765625,10
7798,0.0009765625,10
7799,0.0009765625,10
7800,0.001953125,9
7801,0.0009765625,10
7802,0.0009765625,10
7803,0.0009765625,10
7804,0.0009765625,10
7805,0.001953125,9
7806,0.0009765625,10
7807,0.0009765625,10
7808,0.0009765625,10
7809,0.001953125,9
7810,0.0009765625,10
7811,0.0009765625,10
7812,0.0009765625,10
7813,0.001953125,9
7814,0.0009765625,10
7815,0.0009765625,10
7816,0.0009765625,10
7817,0.0009765625,10
7818,0.001953125,9
7819,0.0009765625,10
7820,0.0009765625,10
7821,0.0009765625,10
7822,0.001953125,9
7823,0.0009765625,10
7824,0.0009765625,10
7825,0.0009765625,10
7826,0.001953125,9
7827,0.0009765625,10
7828,0.0009765625,10
7829,0.0009765625,10
7830,0.001953125,9
7831,0.0009765625,10
7832,0.0009765625,10
7833,0.0009765625,10
7834,0.0009765625,10
7835,0.001953125,9
7836,0.0009765625,10
7837,0.0009765625,10
7838,0.0009765625,10
7839,0.001953125,9
7840,0.0009765625,10
7841,0.0009765625,10
7842,0.0009765625,10
7843,0.001953125,9
7844,0.0009765625,10
7845,0.0009765625,10
7846,0.0009765625,10
7847,0.0009765625,10
7848,0.001953125,9
7849,0.0009765625,10
7850,0.0009765625,10
7851,0.0009765625,10
7852,0.001953125,9
7853,0.0009765625,10
7854,0.0009765625,10
7855,0.0009765625,10
7856,0.001953125,9
7857,0.0009765625,10
7858,0.0009765625,10
7859,0.0009765625,10
7860,0.001953125,9
7861,0.0009765625,10
7862,0.0009765625,10
7863,0.0009765625,10
7864,0.0009765625,10
7865,0.001953125,9
7866,0.0009765625,10
7867,0.0009765625,10
7868,0.0009765625,10
7869,0.001953125,9
7870,0.0009765625,10
7871,0.0009765625,10
7872,0.0009765625,10
7873,0.001953125,9
7874,0.0009765625,10
7875,0.0009765625,10
7876,0.0009765625,10
7877,0.001953125,9
7878,0.0009765625,10
7879,0.0009765625,10
7880,0.0009765625,10
7881,0.0009765625,10
7882,0.001953125,9
7883,0.0009765625,10
7884,0.0009765625,10
7885,0.0009765625,10
7886,0.001953125,9
7887,0.0009765625,10
7888,0.0009765625,10
7889,0.0009765625,10
7890,0.001953125,9
7891,0.0009765625,10
7892,0.0009765625,10
7893,0.0009765625,10
7894,0.001953125,9
7895,0.0009765625,10
7896,0.0009765625,10
7897,0.0009765625,10
7898,0.0009765625,10
7899,0.001953125,9
7900,0.0009765625,10
7901,0.0009765625,10
7902,0.0009765625,10
7903,0.001953125,9
7904,0.0009765625,10
7905,0.0009765625,10
7906,0.0009765625,10
7907,0.001953125,9
7908,0.0009765625,10
7909,0.0009765625,10
7910,0.0009765625,10
7911,0.001953125,9
7912,0.0009765625,10
7913,0.0009765625,10
7914,0.0009765625,10
7915,0.0009765625,10
7916,0.001953125,9
7917,0.0009765625,10
7918,0.0009765625,10
7919,0.0009765625,10
7920,0.001953125,9
7921,0.0009765625,10
7922,0.0009765625,10
7923,0.0009765625,10
7924,0.001953125,9
7925,0.0009765625,10
7926,0.0009765625,10
7927,0.0009765625,10
7928,0.0009765625,10
7929,0.001953125,9
7930,0.0009765625,10
7931,0.0009765625,10
7932,0.0009765625,10
7933,0.001953125,9
7934,0.0009765625,10
7935,0.0009765625,10
7936,0.0009765625,10
7937,0.001953125,9
7938,0.0009765625,10
7939,0.0009765625,10
7940,0.0009765625,10
7941,0.0009765625,10
7942,0.001953125,9
7943,0.0009765625,10
7944,0.0009765625,10
7945,0.0009765625,10
7946,0.001953125,9
7947,0.0009765625,10
7948,0.0009765625,10
7949,0.0009765625,10
7950,0.0009765625,10
7951,0.001953125,9
7952,0.0009765625,10
7953,0.0009765625,10
7954,0.0009765625,10
7955,0.001953125,9
7956,0.0009765625,10
7957,0.0009765625,10
7958,0.0009765625,10
7959,0.0009765625,10
7960,0.001953125,9
7961,0.0009765625,10
7962,0.0009765625,10
7963,0.0009765625,10
7964,0.001953125,9
7965,0.0009765625,10
7966,0.0009765625,10
7967,0.0009765625,10
7968,0.0009765625,10
7969,0.001953125,9
7970,0.0009765625,10
7971,0.0009765625,10
7972,0.0009765625,10
7973,0.001953125,9
7974,0.0009765625,10
7975,0.0009765625,10
7976,0.0009765625,10
7977,0.001953125,9
7978,0.0009765625,10
7979,0.0009765625,10
7980,0.0009765625,10
7981,0.0009765625,10
7982,0.001953125,9
7983,0.0009765625,10
7984,0.0009765625,10
7985,0.0009765625,10
7986,0.001953125,9
7987,0.0009765625,10
7988,0.0009765625,10
7989,0.0009765625,10
7990,0.0009765625,10
7991,0.001953125,9
7992,0.0009765625,10
7993,0.0009765625,10
7994,0.0009765625,10
7995,0.001953125,9
7996,0.0009765625,10
7997,0.0009765625,10
7998,0.0009765625,10
7999,0.001953125,9
8000,0.0009765625,10
8001,0.0009765625,10
8002,0.0009765625,10
8003,0.0009765625,10
8004,0.001953125,9
8005,0.0009765625,10
8006,0.0009765625,10
8007,0.0009765625,10
8008,0.001953125,9
8009,0.0009765625,10
8010,0.0009765625,10
8011,0.0009765625,10
8012,0.001953125,9
8013,0.0009765625,10
8014,0.0009765625,10
8015,0.0009765625,10
8016,0.0009765625,10
8017,0.001953125,9
8018,0.0009765625,10
8019,0.0009765625,10
8020,0.0009765625,10
8021,0.001953125,9
8022,0.0009765625,10
8023,0.0009765625,10
8024,0.0009765625,10
8025,0.001953125,9
8026,0.0009765625,10
8027,0.0009765625,10
8028,0.0009765625,10
8029,0.0009765625,10
8030,0.001953125,9
8031,0.0009765625,10
8032,0.0009765625,10
8033,0.0009765625,10
8034,0.001953125,9
8035,0.0009765625,10
8036,0.0009765625,10
8037,0.0009765625,10
8038,0.001953125,9
8039,0.0009765625,10
8040,0.0009765625,10
8041,0.0009765625,10
8042,0.0009765625,10
8043,0.001953125,9
8044,0.0009765625,10
8045,0.0009765625,10
8046,0.0009765625,10
8047,0.001953125,9
8048,0.0009765625,10
8049,0.0009765625,10
8050,0.0009765625,10
8051,0.001953125,9
8052,0.0009765625,10
8053,0.0009765625,10
8054,0.0009765625,10
8055,0.0009765625,10
8056,0.001953125,9
8057,0.0009765625,10
8058,0.0009765625,10
8059,0.0009765625,10
8060,0.001953125,9
8061,0.0009765625,10
8062,0.0009765625,10
8063,0.0009765625,10
8064,0.001953125,9
8065,0.0009765625,10
8066,0.0009765625,10
8067,0.0009765625,10
8068,0.001953125,9
8069,0.0009765625,10
8070,0.0009765625,10
8071,0.0009765625,10
8072,0.0009765625,10
8073,0.001953125,9
8074,0.0009765625,10
8075,0.0009765625,10
8076,0.0009765625,10
8077,0.001953125,9
8078,0.0009765625,10
8079,0.0009765625,10
8080,0.0009765625,10
8081,0.001953125,9
8082,0.0009765625,10
8083,0.0009765625,10
8084,0.0009765625,10
8085,0.0009765625,10
8086,0.001953125,9
8087,0.0009765625,10
8088,0.0009765625,10
8089,0.0009765625,10
8090,0.001953125,9
8091,0.0009765625,10
8092,0.0009765625,10
8093,0.0009765625,10
8094,0.001953125,9
8095,0.0009765625,10
8096,0.0009765625,10
8097,0.0009765625,10
8098,0.0009765625,10
8099,0.001953125,9
8100,0.0009765625,10
8101,0.0009765625,10
8102,0.0009765625,10
8103,0.001953125,9
8104,0.0009765625,10
8105,0.0009765625,10
8106,0.0009765625,10
8107,0.001953125,9
8108,0.0009765625,10
8109,0.0009765625,10
8110,0.0009765625,10
8111,0.001953125,9
8112,0.0009765625,10
8113,0.0009765625,10
8114,0.0009765625,10
8115,0.0009765625,10
8116,0.001953125,9
8117,0.0009765625,10
8118,0.0009765625,10
8119,0.0009765625,10
8120,0.001953125,9
8121,0.0009765625,10
8122,0.0009765625,10
8123,0.0009765625,10
8124,0.001953125,9
8125,0.0009765625,10
8126,0.0009765625,10
8127,0.0009765625,10
8128,0.001953125,9
8129,0.0009765625,10
8130,0.0009765625,10
8131,0.0009765625,10
8132,0.0009765625,10
8133,0.001953125,9
8134,0.0009765625,10
8135,0.0009765625,10
8136,0.0009765625,10
8137,0.001953125,9
8138,0.0009765625,10
8139,0.0009765625,10
8140,0.0009765625,10
8141,0.001953125,9
8142,0.0009765625,10
8143,0.0009765625,10
8144,0.0009765625,10
8145,0.001953125,9
8146,0.0009765625,10
8147,0.0009765625,10
8148,0.0009765625,10
8149,0.0009765625,10
8150,0.001953125,9
8151,0.0009765625,10
8152,0.0009765625,10
8153,0.0009765625,10
8154,0.001953125,9
8155,0.0009765625,10
8156,0.0009765625,10
8157,0.0009765625,10
8158,0.001953125,9
8159,0.0009765625,10
8160,0.0009765625,10
8161,0.0009765625,10
8162,0.001953125,9
8163,0.0009765625,10
8164,0.0009765625,10
8165,0.0009765625,10
8166,0.0009765625,10
8167,0.001953125,9
8168,0.0009765625,10
8169,0.0009765625,10
8170,0.0009765625,10
8171,0.001953125,9
8172,0.0009765625,10
8173,0.0009765625,10
8174,0.0009765625,10
8175,0.001953125,9
8176,0.0009765625,10
8177,0.0009765625,10
8178,0.0009765625,10
8179,0.001953125,9
8180,0.0009765625,10
8181,0.0009765625,10
8182,0.0009765625,10
8183,0.0009765625,10
8184,0.001953125,9
8185,0.0009765625,10
8186,0.0009765625,10
8187,0.0009765625,10
8188,0.001953125,9
8189,0.0009765625,10
8190,0.0009765625,10
8191,0.0009765625,10
8192,0.0009765625,10
8193,0.001953125,9
8194,0.0009765625,10
8195,0.0009765625,10
8196,0.0009765625,10
8197,0.001953125,9
8198,0.0009765625,10
8199,0.0009765625,10
8200,0.0009765625,10
8201,0.0009765625,10
8202,0.001953125,9
8203,0.0009765625,10
8204,0.0009765625,10
8205,0.0009765625,10
8206,0.001953125,9
8207,0.0009765625,10
8208,0.0009765625,10
8209,0.0009765625,10
8210,0.001953125,9
8211,0.0009765625,10
8212,0.0009765625,10
8213,0.0009765625,10
8214,0.0009765625,10
8215,0.001953125,9
8216,0.0009765625,10
8217,0.0009765625,10
8218,0.0009765625,10
8219,0.001953125,9
8220,0.0009765625,10
8221,0.0009765625,10
8222,0.0009765625,10
8223,0.0009765625,10
8224,0.001953125,9
8225,0.0009765625,10
8226,0.0009765625,10
8227,0.0009765625,10
8228,0.001953125,9
8229,0.0009765625,10
8230,0.0009765625,10
8231,0.0009765625,10
8232,0.0009765625,10
8233,0.001953125,9
8234,0.0009765625,10
8235,0.0009765625,10
8236,0.0009765625,10
8237,0.001953125,9
8238,0.0009765625,10
8239,0.0009765625,10
8240,0.0009765625,10
8241,0.001953125,9
8242,0.0009765625,10
8243,0.0009765625,10
8244,0.0009765625,10
8245,0.0009765625,10
8246,0.001953125,9
8247,0.0009765625,10
8248,0.0009765625,10
8249,0.0009765625,10
8250,0.001953125,9
8251,0.0009765625,10
8252,0.0009765625,10
8253,0.0009765625,10
8254,0.0009765625,10
8255,0.001953125,9
8256,0.0009765625,10
8257,0.0009765625,10
8258,0.0009765625,10
8259,0.001953125,9
8260,0.0009765625,10
8261,0.0009765625,10
8262,0.0009765625,10
8263,0.001953125,9
8264,0.0009765625,10
8265,0.0009765625,10
8266,0.0009765625,10
8267,0.0009765625,10
8268,0.001953125,9
8269,0.0009765625,10
8270,0.0009765625,10
8271,0.0009765625,10
8272,0.001953125,9
8273,0.0009765625,10
8274,0.0009765625,10
8275,0.0009765625,10
8276,0.001953125,9
8277,0.0009765625,10
8278,0.0009765625,10
8279,0.0009765625,10
8280,0.0009765625,10
8281,0.001953125,9
8282,0.0009765625,10
8283,0.0009765625,10
8284,0.0009765625,10
8285,0.001953125,9
8286,0.0009765625,10
8287,0.0009765625,10
8288,0.0009765625,10
8289,0.001953125,9
8290,0.0009765625,10
8291,0.0009765625,10
8292,0.0009765625,10
8293,0.0009765625,10
8294,0.001953125,9
8295,0.0009765625,10
8296,0.0009765625,10
8297,0.0009765625,10
8298,0.001953125,9
8299,0.0009765625,10
8300,0.0009765625,10
8301,0.0009765625,10
8302,0.001953125,9
8303,0.0009765625,10
8304,0.0009765625,10
8305,0.0009765625,10
8306,0.001953125,9
8307,0.0009765625,10
8308,0.0009765625,10
8309,0.0009765625,10
8310,0.0009765625,10
8311,0.001953125,9
8312,0.0009765625,10
8313,0.0009765625,10
8314,0.0009765625,10
8315,0.001953125,9
8316,0.0009765625,10
8317,0.0009765625,10
8318,0.0009765625,10
8319,0.001953125,9
8320,0.0009765625,10
8321,0.0009765625,10
8322,0.0009765625,10
8323,0.0009765625,10
8324,0.001953125,9
8325,0.0009765625,10
8326,0.0009765625,10
8327,0.0009765625,10
8328,0.001953125,9
8329,0.0009765625,10
8330,0.0009765625,10
8331,0.0009765625,10
8332,0.001953125,9
8333,0.0009765625,10
8334,0.0009765625,10
8335,0.0009765625,10
8336,0.0009765625,10
8337,0.001953125,9
8338,0.0009765625,10
8339,0.0009765625,10
8340,0.0009765625,10
8341,0.001953125,9
8342,0.0009765625,10
8343,0.0009765625,10
8344,0.0009765625,10
8345,0.001953125,9
8346,0.0009765625,10
8347,0.0009765625,10
8348,0.0009765625,10
8349,0.0009765625,10
8350,0.001953125,9
8351,0.0009765625,10
8352,0.0009765625,10
8353,0.0009765625,10
8354,0.001953125,9
8355,0.0009765625,10
8356,0.0009765625,10
8357,0.0009765625,10
8358,0.001953125,9
8359,0.0009765625,10
8360,0.0009765625,10
8361,0.0009765625,10
8362,0.001953125,9
8363,0.0009765625,10
8364,0.0009765625,10
8365,0.0009765625,10
8366,0.0009765625,10
8367,0.001953125,9
8368,0.0009765625,10
8369,0.0009765625,10
8370,0.0009765625,10
8371,0.001953125,9
8372,0.0009765625,10
8373,0.0009765625,10
8374,0.0009765625,10
8375,0.001953125,9
8376,0.0009765625,10
8377,0.0009765625,10
8378,0.0009765625,10
8379,0.0009765625,10
8380,0.001953125,9
8381,0.0009765625,10
8382,0.0009765625,10
8383,0.0009765625,10
8384,0.001953125,9
8385,0.0009765625,10
8386,0.0009765625,10
8387,0.0009765625,10
8388,0.001953125,9
8389,0.0009765625,10
8390,0.0009765625,10
8391,0.0009765625,10
8392,0.001953125,9
8393,0.0009765625,10
8394,0.0009765625,10
8395,0.0009765625,10
8396,0.001953125,9
8397,0.0009765625,10
8398,0.0009765625,10
8399,0.0009765625,10
8400,0.0009765625,10
8401,0.001953125,9
8402,0.0009765625,10
8403,0.0009765625,10
8404,0.0009765625,10
8405,0.001953125,9
8406,0.0009765625,10
8407,0.0009765625,10
8408,0.0009765625,10
8409,0.001953125,9
8410,0.0009765625,10
8411,0.0009765625,10
8412,0.0009765625,10
8413,0.001953125,9
8414,0.0009765625,10
8415,0.0009765625,10
8416,0.0009765625,10
8417,0.0009765625,10
8418,0.001953125,9
8419,0.0009765625,10
8420,0.0009765625,10
8421,0.0009765625,10
8422,0.001953125,9
8423,0.0009765625,10
8424,0.0009765625,10
8425,0.0009765625,10
8426,0.001953125,9
8427,0.0009765625,10
8428,0.0009765625,10
8429,0.0009765625,10
8430,0.0009765625,10
8431,0.001953125,9
8432,0.0009765625,10
8433,0.0009765625,10
8434,0.0009765625,10
8435,0.001953125,9
8436,0.0009765625,10
8437,0.0009765625,10
8438,0.0009765625,10
8439,0.001953125,9
8440,0.0009765625,10
8441,0.0009765625,10
8442,0.0009765625,10
8443,0.0009765625,10
8444,0.001953125,9
8445,0.0009765625,10
8446,0.0009765625,10
8447,0.0009765625,10
8448,0.001953125,9
8449,0.0009765625,10
8450,0.0009765625,10
8451,0.0009765625,10
8452,0.001953125,9
8453,0.0009765625,10
8454,0.0009765625,10
8455,0.0009765625,10
8456,0.0009765625,10
8457,0.001953125,9
8458,0.0009765625,10
8459,0.0009765625,10
8460,0.0009765625,10
8461,0.001953125,9
8462,0.0009765625,10
8463,0.0009765625,10
8464,0.0009765625,10
8465,0.0009765625,10
8466,0.001953125,9
8467,0.0009765625,10
8468,0.0009765625,10
8469,0.0009765625,10
8470,0.001953125,9
8471,0.0009765625,10
8472,0.0009765625,10
8473,0.0009765625,10
8474,0.0009765625,10
8475,0.001953125,9
8476,0.0009765625,10
8477,0.0009765625,10
8478,0.0009765625,10
8479,0.001953125,9
8480,0.0009765625,10
8481,0.0009765625,10
8482,0.0009765625,10
8483,0.0009765625,10
8484,0.001953125,9
8485,0.0009765625,10
8486,0.0009765625,10
8487,0.0009765625,10
8488,0.001953125,9
8489,0.0009765625,10
8490,0.0009765625,10
8491,0.0009765625,10
8492,0.001953125,9
8493,0.0009765625,10
8494,0.0009765625,10
8495,0.0009765625,10
8496,0.0009765625,10
8497,0.001953125,9
8498,0.0009765625,10
8499,0.0009765625,10
8500,0.0009765625,10
8501,0.001953125,9
8502,0.0009765625,10
8503,0.0009765625,10
8504,0.0009765625,10
8505,0.0009765625,10
8506,0.001953125,9
8507,0.0009765625,10
8508,0.0009765625,10
8509,0.0009765625,10
8510,0.001953125,9
8511,0.0009765625,10
8512,0.0009765625,10
8513,0.0009765625,10
8514,0.001953125,9
8515,0.0009765625,10
8516,0.0009765625,10
8517,0.0009765625,10
8518,0.0009765625,10
8519,0.001953125,9
8520,0.0009765625,10
8521,0.0009765625,10
8522,0.0009765625,10
8523,0.001953125,9
8524,0.0009765625,10
8525,0.0009765625,10
8526,0.0009765625,10
8527,0.001953125,9
8528,0.0009765625,10
8529,0.0009765625,10
8530,0.0009765625,10
8531,0.0009765625,10
8532,0.001953125,9
8533,0.0009765625,10
8534,0.0009765625,10
8535,0.0009765625,10
8536,0.001953125,9
8537,0.0009765625,10
8538,0.0009765625,10
8539,0.0009765625,10
8540,0.001953125,9
8541,0.0009765625,10
8542,0.0009765625,10
8543,0.0009765625,10
8544,0.0009765625,10
8545,0.001953125,9
8546,0.0009765625,10
8547,0.0009765625,10
8548,0.0009765625,10
8549,0.001953125,9
8550,0.0009765625,10
8551,0.0009765625,10
8552,0.0009765625,10
8553,0.001953125,9
8554,0.0009765625,10
8555,0.0009765625,10
8556,0.0009765625,10
8557,0.0009765625,10
8558,0.001953125,9
8559,0.0009765625,10
8560,0.0009765625,10
8561,0.0009765625,10
8562,0.001953125,9
8563,0.0009765625,10
8564,0.0009765625,10
8565,0.0009765625,10
8566,0.001953125,9
8567,0.0009765625,10
8568,0.0009765625,10
8569,0.0009765625,10
8570,0.001953125,9
8571,0.0009765625,10
8572,0.0009765625,10
8573,0.0009765625,10
8574,0.0009765625,10
8575,0.001953125,9
8576,0.0009765625,10
8577,0.0009765625,10
8578,0.0009765625,10
8579,0.001953125,9
8580,0.0009765625,10
8581,0.0009765625,10
8582,0.0009765625,10
8583,0.001953125,9
8584,0.0009765625,10
8585,0.0009765625,10
8586,0.0009765625,10
8587,0.0009765625,10
8588,0.001953125,9
8589,0.0009765625,10
8590,0.0009765625,10
8591,0.0009765625,10
8592,0.001953125,9
8593,0.0009765625,10
8594,0.0009765625,10
8595,0.0009765625,10
8596,0.001953125,9
8597,0.0009765625,10
8598,0.0009765625,10
8599,0.0009765625,10
8600,0.0009765625,10
8601,0.001953125,9
8602,0.0009765625,10
8603,0.0009765625,10
8604,0.0009765625,10
8605,0.001953125,9
8606,0.0009765625,10
8607,0.0009765625,10
8608,0.0009765625,10
8609,0.001953125,9
8610,0.0009765625,10
8611,0.0009765625,10
8612,0.0009765625,10
8613,0.0009765625,10
8614,0.001953125,9
8615,0.0009765625,10
8616,0.0009765625,10
8617,0.0009765625,10
8618,0.001953125,9
8619,0.0009765625,10
8620,0.0009765625,10
8621,0.0009765625,10
8622,0.001953125,9
8623,0.0009765625,10
8624,0.0009765625,10
8625,0.0009765625,10
8626,0.001953125,9
8627,0.0009765625,10
8628,0.0009765625,10
8629,0.0009765625,10
8630,0.0009765625,10
8631,0.001953125,9
8632,0.0009765625,10
8633,0.0009765625,10
8634,0.0009765625,10
8635,0.001953125,9
8636,0.0009765625,10
8637,0.0009765625,10
8638,0.0009765625,10
8639,0.001953125,9
8640,0.0009765625,10
8641,0.0009765625,10
8642,0.0009765625,10
8643,0.001953125,9
8644,0.0009765625,10
8645,0.0009765625,10
8646,0.0009765625,10
8647,0.0009765625,10
8648,0.001953125,9
8649,0.0009765625,10
8650,0.0009765625,10
8651,0.0009765625,10
8652,0.001953125,9
8653,0.0009765625,10
8654,0.0009765625,10
8655,0.0009765625,10
8656,0.001953125,9
8657,0.0009765625,10
8658,0.0009765625,10
8659,0.0009765625,10
8660,0.001953125,9
8661,0.0009765625,10
8662,0.0009765625,10
8663,0.0009765625,10
8664,0.0009765625,10
8665,0.001953125,9
8666,0.0009765625,10
8667,0.0009765625,10
8668,0.0009765625,10
8669,0.001953125,9
8670,0.0009765625,10
8671,0.0009765625,10
8672,0.0009765625,10
8673,0.001953125,9
8674,0.0009765625,10
8675,0.0009765625,10
8676,0.0009765625,10
8677,0.001953125,9
8678,0.0009765625,10
8679,0.0009765625,10
8680,0.0009765625,10
8681,0.0009765625,10
8682,0.001953125,9
8683,0.0009765625,10
8684,0.0009765625,10
8685,0.0009765625,10
8686,0.001953125,9
8687,0.0009765625,10
8688,0.0009765625,10
8689,0.0009765625,10
8690,0.001953125,9
8691,0.0009765625,10
8692,0.0009765625,10
8693,0.0009765625,10
8694,0.0009765625,10
8695,0.001953125,9
8696,0.0009765625,10
8697,0.0009765625,10
8698,0.0009765625,10
8699,0.001953125,9
8700,0.0009765625,10
8701,0.0009765625,10
8702,0.0009765625,10
8703,0.001953125,9
8704,0.0009765625,10
8705,0.0009765625,10
8706,0.0009765625,10
8707,0.0009765625,10
8708,0.001953125,9
8709,0.0009765625,10
8710,0.0009765625,10
8711,0.0009765625,10
8712,0.001953125,9
8713,0.0009765625,10
8714,0.0009765625,10
8715,0.0009765625,10
8716,0.0009765625,10
8717,0.001953125,9
8718,0.0009765625,10
8719,0.0009765625,10
8720,0.0009765625,10
8721,0.001953125,9
8722,0.0009765625,10
8723,0.0009765625,10
8724,0.0009765625,10
8725,0.0009765625,10
8726,0.001953125,9
8727,0.0009765625,10
8728,0.0009765625,10
8729,0.0009765625,10
8730,0.001953125,9
8731,0.0009765625,10
8732,0.0009765625,10
8733,0.0009765625,10
8734,0.0009765625,10
8735,0.001953125,9
8736,0.0009765625,10
8737,0.0009765625,10
8738,0.0009765625,10
8739,0.001953125,9
8740,0.0009765625,10
8741,0.0009765625,10
8742,0.0009765625,10
8743,0.001953125,9
8744,0.0009765625,10
8745,0.0009765625,10
8746,0.0009765625,10
8747,0.0009765625,10
8748,0.001953125,9
8749,0.0009765625,10
8750,0.0009765625,10
8751,0.0009765625,10
8752,0.001953125,9
8753,0.0009765625,10
8754,0.0009765625,10
8755,0.0009765625,10
8756,0.0009765625,10
8757,0.001953125,9
8758,0.0009765625,10
8759,0.0009765625,10
8760,0.0009765625,10
8761,0.001953125,9
8762,0.0009765625,10
8763,0.0009765625,10
8764,0.0009765625,10
8765,0.001953125,9
8766,0.0009765625,10
8767,0.0009765625,10
8768,0.0009765625,10
8769,0.0009765625,10
8770,0.001953125,9
8771,0.0009765625,10
8772,0.0009765625,10
8773,0.0009765625,10
8774,0.001953125,9
8775,0.0009765625,10
8776,0.0009765625,10
8777,0.0009765625,10
8778,0.001953125,9
8779,0.0009765625,10
8780,0.0009765625,10
8781,0.0009765625,10
8782,0.0009765625,10
8783,0.001953125,9
8784,0.0009765625,10
8785,0.0009765625,10
8786,0.0009765625,10
8787,0.001953125,9
8788,0.0009765625,10
8789,0.0009765625,10
8790,0.0009765625,10
8791,0.001953125,9
8792,0.0009765625,10
8793,0.0009765625,10
8794,0.0009765625,10
8795,0.0009765625,10
8796,0.001953125,9
8797,0.0009765625,10
8798,0.0009765625,10
8799,0.0009765625,10
8800,0.001953125,9
8801,0.0009765625,10
8802,0.0009765625,10
8803,0.0009765625,10
8804,0.001953125,9
8805,0.0009765625,10
8806,0.0009765625,10
8807,0.0009765625,10
8808,0.0009765625,10
8809,0.001953125,9
8810,0.0009765625,10
8811,0.0009765625,10
8812,0.0009765625,10
8813,0.001953125,9
8814,0.0009765625,10
8815,0.0009765625,10
8816,0.0009765625,10
8817,0.001953125,9
8818,0.0009765625,10
8819,0.0009765625,10
8820,0.0009765625,10
8821,0.0009765625,10
8822,0.001953125,9
8823,0.0009765625,10
8824,0.0009765625,10
8825,0.0009765625,10
8826,0.001953125,9
8827,0.0009765625,10
8828,0.0009765625,10
8829,0.0009765625,10
8830,0.001953125,9
8831,0.0009765625,10
8832,0.0009765625,10
8833,0.0009765625,10
8834,0.0009765625,10
8835,0.001953125,9
8836,0.0009765625,10
8837,0.0009765625,10
8838,0.0009765625,10
8839,0.001953125,9
8840,0.0009765625,10
8841,0.0009765625,10
8842,0.0009765625,10
8843,0.001953125,9
8844,0.0009765625,10
8845,0.0009765625,10
8846,0.0009765625,10
8847,0.0009765625,10
8848,0.001953125,9
8849,0.0009765625,10
8850,0.0009765625,10
8851,0.0009765625,10
8852,0.001953125,9
8853,0.0009765625,10
8854,0.0009765625,10
8855,0.0009765625,10
8856,0.001953125,9
8857,0.0009765625,10
8858,0.0009765625,10
8859,0.0009765625,10
8860,0.001953125,9
8861,0.0009765625,10
8862,0.0009765625,10
8863,0.0009765625,10
8864,0.0009765625,10
8865,0.001953125,9
8866,0.0009765625,10
8867,0.0009765625,10
8868,0.0009765625,10
8869,0.001953125,9
8870,0.0009765625,10
8871,0.0009765625,10
8872,0.0009765625,10
8873,0.001953125,9
8874,0.0009765625,10
8875,0.0009765625,10
8876,0.0009765625,10
8877,0.0009765625,10
8878,0.001953125,9
8879,0.0009765625,10
8880,0.0009765625,10
8881,0.0009765625,10
8882,0.001953125,9
8883,0.0009765625,10
8884,0.0009765625,10
8885,0.0009765625,10
8886,0.001953125,9
8887,0.0009765625,10
8888,0.0009765625,10
8889,0.0009765625,10
8890,0.001953125,9
8891,0.0009765625,10
8892,0.0009765625,10
8893,0.0009765625,10
8894,0.0009765625,10
8895,0.001953125,9
8896,0.0009765625,10
8897,0.0009765625,10
8898,0.0009765625,10
8899,0.001953125,9
8900,0.0009765625,10
8901,0.0009765625,10
8902,0.0009765625,10
8903,0.001953125,9
8904,0.0009765625,10
8905,0.0009765625,10
8906,0.0009765625,10
8907,0.001953125,9
8908,0.0009765625,10
8909,0.0009765625,10
8910,0.0009765625,10
8911,0.0009765625,10
8912,0.001953125,9
8913,0.0009765625,10
8914,0.0009765625,10
8915,0.0009765625,10
8916,0.001953125,9
8917,0.0009765625,10
8918,0.0009765625,10
8919,0.0009765625,10
8920,0.001953125,9
8921,0.0009765625,10
8922,0.0009765625,10
8923,0.0009765625,10
8924,0.001953125,9
8925,0.0009765625,10
8926,0.0009765625,10
8927,0.0009765625,10
8928,0.0009765625,10
8929,0.001953125,9
8930,0.0009765625,10
8931,0.0009765625,10
8932,0.0009765625,10
8933,0.001953125,9
8934,0.0009765625,10
8935,0.0009765625,10
8936,0.0009765625,10
8937,0.001953125,9
8938,0.0009765625,10
8939,0.0009765625,10
8940,0.0009765625,10
8941,0.001953125,9
8942,0.0009765625,10
8943,0.0009765625,10
8944,0.0009765625,10
8945,0.0009765625,10
8946,0.001953125,9
8947,0.0009765625,10
8948,0.0009765625,10
8949,0.0009765625,10
8950,0.001953125,9
8951,0.0009765625,10
8952,0.0009765625,10
8953,0.0009765625,10
8954,0.001953125,9
8955,0.0009765625,10
8956,0.0009765625,10
8957,0.0009765625,10
8958,0.0009765625,10
8959,0.001953125,9
8960,0.0009765625,10
8961,0.0009765625,10
8962,0.0009765625,10
8963,0.001953125,9
8964,0.0009765625,10
8965,0.0009765625,10
8966,0.0009765625,10
8967,0.0009765625,10
8968,0.001953125,9
8969,0.0009765625,10
8970,0.0009765625,10
8971,0.0009765625,10
8972,0.001953125,9
8973,0.0009765625,10
8974,0.0009765625,10
8975,0.0009765625,10
8976,0.0009765625,10
8977,0.001953125,9
8978,0.0009765625,10
8979,0.0009765625,10
8980,0.0009765625,10
8981,0.001953125,9
8982,0.0009765625,10
8983,0.0009765625,10
8984,0.0009765625,10
8985,0.0009765625,10
8986,0.001953125,9
8987,0.0009765625,10
8988,0.0009765625,10
8989,0.0009765625,10
8990,0.001953125,9
8991,0.0009765625,10
8992,0.0009765625,10
8993,0.0009765625,10
8994,0.0009765625,10
8995,0.001953125,9
8996,0.0009765625,10
8997,0.0009765625,10
8998,0.0009765625,10
8999,0.001953125,9
9000,0.0009765625,10
9001,0.0009765625,10
9002,0.0009765625,10
9003,0.001953125,9
9004,0.0009765625,10
9005,0.0009765625,10
9006,0.0009765625,10
9007,0.0009765625,10
9008,0.001953125,9
9009,0.0009765625,10
9010,0.0009765625,10
9011,0.0009765625,10
9012,0.001953125,9
9013,0.0009765625,10
9014,0.0009765625,10
9015,0.0009765625,10
9016,0.001953125,9
9017,0.0009765625,10
9018,0.0009765625,10
9019,0.0009765625,10
9020,0.0009765625,10
9021,0.001953125,9
9022,0.0009765625,10
9023,0.0009765625,10
9024,0.0009765625,10
9025,0.001953125,9
9026,0.0009765625,10
9027,0.0009765625,10
9028,0.0009765625,10
9029,0.0009765625,10
9030,0.001953125,9
9031,0.0009765625,10
9032,0.0009765625,10
9033,0.0009765625,10
9034,0.001953125,9
9035,0.0009765625,10
9036,0.0009765625,10
9037,0.0009765625,10
9038,0.001953125,9
9039,0.0009765625,10
9040,0.0009765625,10
9041,0.0009765625,10
9042,0.0009765625,10
9043,0.001953125,9
9044,0.0009765625,10
9045,0.0009765625,10
9046,0.0009765625,10
9047,0.001953125,9
9048,0.0009765625,10
9049,0.0009765625,10
9050,0.0009765625,10
9051,0.001953125,9
9052,0.0009765625,10
9053,0.0009765625,10
9054,0.0009765625,10
9055,0.0009765625,10
9056,0.001953125,9
9057,0.0009765625,10
9058,0.0009765625,10
9059,0.0009765625,10
9060,0.001953125,9
9061,0.0009765625,10
9062,0.0009765625,10
9063,0.0009765625,10
9064,0.001953125,9
9065,0.0009765625,10
9066,0.0009765625,10
9067,0.0009765625,10
9068,0.0009765625,10
9069,0.001953125,9
9070,0.0009765625,10
9071,0.0009765625,10
9072,0.0009765625,10
9073,0.001953125,9
9074,0.0009765625,10
9075,0.0009765625,10
9076,0.0009765625,10
9077,0.001953125,9
9078,0.0009765625,10
9079,0.0009765625,10
9080,0.0009765625,10
9081,0.0009765625,10
9082,0.001953125,9
9083,0.0009765625,10
9084,0.0009765625,10
9085,0.0009765625,10
9086,0.001953125,9
9087,0.0009765625,10
9088,0.0009765625,10
9089,0.0009765625,10
9090,0.001953125,9
9091,0.0009765625,10
9092,0.0009765625,10
9093,0.0009765625,10
9094,0.001953125,9
9095,0.0009765625,10
9096,0.0009765625,10
9097,0.0009765625,10
9098,0.0009765625,10
9099,0.001953125,9
9100,0.0009765625,10
9101,0.0009765625,10
9102,0.0009765625,10
9103,0.001953125,9
9104,0.0009765625,10
9105,0.0009765625,10
9106,0.0009765625,10
9107,0.001953125,9
9108,0.0009765625,10
9109,0.0009765625,10
9110,0.0009765625,10
9111,0.0009765625,10
9112,0.001953125,9
9113,0.0009765625,10
9114,0.0009765625,10
9115,0.0009765625,10
9116,0.001953125,9
9117,0.0009765625,10
9118,0.0009765625,10
9119,0.0009765625,10
9120,0.001953125,9
9121,0.0009765625,10
9122,0.0009765625,10
9123,0.0009765625,10
9124,0.0009765625,10
9125,0.001953125,9
9126,0.0009765625,10
9127,0.0009765625,10
9128,0.0009765625,10
9129,0.001953125,9
9130,0.0009765625,10
9131,0.0009765625,10
9132,0.0009765625,10
9133,0.001953125,9
9134,0.0009765625,10
9135,0.0009765625,10
9136,0.0009765625,10
9137,0.001953125,9
9138,0.0009765625,10
9139,0.0009765625,10
9140,0.0009765625,10
9141,0.0009765625,10
9142,0.001953125,9
9143,0.0009765625,10
9144,0.0009765625,10
9145,0.0009765625,10
9146,0.001953125,9
9147,0.0009765625,10
9148,0.0009765625,10
9149,0.0009765625,10
9150,0.001953125,9
9151,0.0009765625,10
9152,0.0009765625,10
9153,0.0009765625,10
9154,0.001953125,9
9155,0.0009765625,10
9156,0.0009765625,10
9157,0.0009765625,10
9158,0.0009765625,10
9159,0.001953125,9
9160,0.0009765625,10
9161,0.0009765625,10
9162,0.0009765625,10
9163,0.001953125,9
9164,0.0009765625,10
9165,0.0009765625,10
9166,0.0009765625,10
9167,0.001953125,9
9168,0.0009765625,10
9169,0.0009765625,10
9170,0.0009765625,10
9171,0.001953125,9
9172,0.0009765625,10
9173,0.0009765625,10
9174,0.0009765625,10
9175,0.0009765625,10
9176,0.001953125,9
9177,0.0009765625,10
9178,0.0009765625,10
9179,0.0009765625,10
9180,0.001953125,9
9181,0.0009765625,10
9182,0.0009765625,10
9183,0.0009765625,10
9184,0.001953125,9
9185,0.0009765625,10
9186,0.0009765625,10
9187,0.0009765625,10
9188,0.001953125,9
9189,0.0009765625,10
9190,0.0009765625,10
9191,0.0009765625,10
9192,0.0009765625,10
9193,0.001953125,9
9194,0.0009765625,10
9195,0.0009765625,10
9196,0.0009765625,10
9197,0.001953125,9
9198,0.0009765625,10
9199,0.0009765625,10
9200,0.0009765625,10
9201,0.001953125,9
9202,0.0009765625,10
9203,0.0009765625,10
9204,0.0009765625,10
9205,0.0009765625,10
9206,0.001953125,9
9207,0.0009765625,10
9208,0.0009765625,10
9209,0.0009765625,10
9210,0.001953125,9
9211,0.0009765625,10
9212,0.0009765625,10
9213,0.0009765625,10
9214,0.001953125,9
9215,0.0009765625,10
9216,0.0009765625,10
9217,0.0009765625,10
9218,0.0009765625,10
9219,0.001953125,9
9220,0.0009765625,10
9221,0.0009765625,10
9222,0.0009765625,10
9223,0.001953125,9
9224,0.0009765625,10
9225,0.0009765625,10
9226,0.0009765625,10
9227,0.0009765625,10
9228,0.001953125,9
9229,0.0009765625,10
9230,0.0009765625,10
9231,0.0009765625,10
9232,0.001953125,9
9233,0.0009765625,10
9234,0.0009765625,10
9235,0.0009765625,10
9236,0.0009765625,10
9237,0.001953125,9
9238,0.0009765625,10
9239,0.0009765625,10
9240,0.0009765625,10
9241,0.001953125,9
9242,0.0009765625,10
9243,0.0009765625,10
9244,0.0009765625,10
9245,0.0009765625,10
9246,0.001953125,9
9247,0.0009765625,10
9248,0.0009765625,10
9249,0.0009765625,10
9250,0.001953125,9
9251,0.0009765625,10
9252,0.0009765625,10
9253,0.0009765625,10
9254,0.0009765625,10
9255,0.001953125,9
9256,0.0009765625,10
9257,0.0009765625,10
9258,0.0009765625,10
9259,0.001953125,9
9260,0.0009765625,10
9261,0.0009765625,10
9262,0.0009765625,10
9263,0.001953125,9
9264,0.0009765625,10
9265,0.0009765625,10
9266,0.0009765625,10
9267,0.0009765625,10
9268,0.001953125,9
9269,0.0009765625,10
9270,0.0009765625,10
9271,0.0009765625,10
9272,0.001953125,9
9273,0.0009765625,10
9274,0.0009765625,10
9275,0.0009765625,10
9276,0.001953125,9
9277,0.0009765625,10
9278,0.0009765625,10
9279,0.0009765625,10
9280,0.0009765625,10
9281,0.001953125,9
9282,0.0009765625,10
9283,0.0009765625,10
9284,0.0009765625,10
9285,0.001953125,9
9286,0.0009765625,10
9287,0.0009765625,10
9288,0.0009765625,10
9289,0.001953125,9
9290,0.0009765625,10
9291,0.0009765625,10
9292,0.0009765625,10
9293,0.0009765625,10
9294,0.001953125,9
9295,0.0009765625,10
9296,0.0009765625,10
9297,0.0009765625,10
9298,0.001953125,9
9299,0.0009765625,10
9300,0.0009765625,10
9301,0.0009765625,10
9302,0.001953125,9
9303,0.0009765625,10
9304,0.0009765625,10
9305,0.0009765625,10
9306,0.0009765625,10
9307,0.001953125,9
9308,0.0009765625,10
9309,0.0009765625,10
9310,0.0009765625,10
9311,0.001953125,9
9312,0.0009765625,10
9313,0.0009765625,10
9314,0.0009765625,10
9315,0.001953125,9
9316,0.0009765625,10
9317,0.0009765625,10
9318,0.0009765625,10
9319,0.0009765625,10
9320,0.001953125,9
9321,0.0009765625,10
9322,0.0009765625,10
9323,0.0009765625,10
9324,0.001953125,9
9325,0.0009765625,10
9326,0.0009765625,10
9327,0.0009765625,10
9328,0.001953125,9
9329,0.0009765625,10
9330,0.0009765625,10
9331,0.0009765625,10
9332,0.0009765625,10
9333,0.001953125,9
9334,0.0009765625,10
9335,0.0009765625,10
9336,0.0009765625,10
9337,0.001953125,9
9338,0.0009765625,10
9339,0.0009765625,10
9340,0.0009765625,10
9341,0.001953125,9
9342,0.0009765625,10
9343,0.0009765625,10
9344,0.0009765625,10
9345,0.0009765625,10
9346,0.001953125,9
9347,0.0009765625,10
9348,0.0009765625,10
9349,0.0009765625,10
9350,0.001953125,9
9351,0.0009765625,10
9352,0.0009765625,10
9353,0.0009765625,10
9354,0.001953125,9
9355,0.0009765625,10
9356,0.0009765625,10
9357,0.0009765625,10
9358,0.001953125,9
9359,0.0009765625,10
9360,0.0009765625,10
9361,0.0009765625,10
9362,0.0009765625,10
9363,0.001953125,9
9364,0.0009765625,10
9365,0.0009765625,10
9366,0.0009765625,10
9367,0.001953125,9
9368,0.0009765625,10
9369,0.0009765625,10
9370,0.0009765625,10
9371,0.001953125,9
9372,0.0009765625,10
9373,0.0009765625,10
9374,0.0009765625,10
9375,0.001953125,9
9376,0.0009765625,10
9377,0.0009765625,10
9378,0.0009765625,10
9379,0.001953125,9
9380,0.0009765625,10
9381,0.0009765625,10
9382,0.0009765625,10
9383,0.0009765625,10
9384,0.001953125,9
9385,0.0009765625,10
9386,0.0009765625,10
9387,0.0009765625,10
9388,0.001953125,9
9389,0.0009765625,10
9390,0.0009765625,10
9391,0.0009765625,10
9392,0.001953125,9
9393,0.0009765625,10
9394,0.0009765625,10
9395,0.0009765625,10
9396,0.001953125,9
9397,0.0009765625,10
9398,0.0009765625,10
9399,0.0009765625,10
9400,0.001953125,9
9401,0.0009765625,10
9402,0.0009765625,10
9403,0.0009765625,10
9404,0.001953125,9
9405,0.0009765625,10
9406,0.0009765625,10
9407,0.0009765625,10
9408,0.001953125,9
9409,0.0009765625,10
9410,0.0009765625,10
9411,0.0009765625,10
9412,0.001953125,9
9413,0.0009765625,10
9414,0.0009765625,10
9415,0.0009765625,10
9416,0.001953125,9
9417,0.0009765625,10
9418,0.0009765625,10
9419,0.001953125,9
9420,0.0009765625,10
9421,0.0009765625,10
9422,0.0009765625,10
9423,0.001953125,9
9424,0.0009765625,10
9425,0.0009765625,10
9426,0.001953125,9
9427,0.0009765625,10
9428,0.0009765625,10
9429,0.0009765625,10
9430,0.001953125,9
9431,0.0009765625,10
9432,0.0009765625,10
9433,0.001953125,9
9434,0.0009765625,10
9435,0.0009765625,10
9436,0.001953125,9
9437,0.0009765625,10
9438,0.0009765625,10
9439,0.0009765625,10
9440,0.001953125,9
9441,0.0009765625,10
9442,0.0009765625,10
9443,0.001953125,9
9444,0.0009765625,10
9445,0.0009765625,10
9446,0.0009765625,10
9447,0.001953125,9
9448,0.0009765625,10
9449,0.0009765625,10
9450,0.0009765625,10
9451,0.0009765625,10
9452,0.0009765625,10
9453,0.0009765625,10
9454,0.001953125,9
9455,0.0009765625,10
9456,0.0009765625,10
9457,0.0009765625,10
9458,0.0009765625,10
9459,0.0009765625,10
9460,0.0009765625,10
9461,0.0009765625,10
9462,0.0009765625,10
9463,0.0009765625,10
9464,0.0009765625,10
9465,0.0009765625,10
9466,0.0009765625,10
9467,0.0009765625,10
9468,0.0009765625,10
9469,0.0009765625,10
9470,0.0009765625,10
9471,0.0009765625,10
9472,0.0009765625,10
9473,0.0009765625,10
9474,0.0009765625,10
9475,0.0009765625,10
9476,0.0009765625,10
9477,0.0009765625,10
9478,0.0009765625,10
9479,0.0009765625,10
9480,0.0009765625,10
9481,0.001953125,9
9482,0.0009765625,10
9483,0.0009765625,10
9484,0.0009765625,10
9485,0.0009765625,10
9486,0.0009765625,10
9487,0.0009765625,10
9488,0.0009765625,10
9489,0.0009765625,10
9490,0.0009765625,10
9491,0.0009765625,10
9492,0.0009765625,10
9493,0.0009765625,10
9494,0.0009765625,10
9495,0.0009765625,10
9496,0.0009765625,10
9497,0.001953125,9
9498,0.0009765625,10
9499,0.0009765625,10
9500,0.0009765625,10
9501,0.0009765625,10
9502,0.001953125,9
9503,0.0009765625,10
9504,0.0009765625,10
9505,0.0009765625,10
9506,0.001953125,9
9507,0.0009765625,10
9508,0.0009765625,10
9509,0.0009765625,10
9510,0.001953125,9
9511,0.0009765625,10
9512,0.0009765625,10
9513,0.0009765625,10
9514,0.0009765625,10
9515,0.001953125,9
9516,0.0009765625,10
9517,0.0009765625,10
9518,0.0009765625,10
9519,0.001953125,9
9520,0.0009765625,10
9521,0.0009765625,10
9522,0.0009765625,10
9523,0.001953125,9
9524,0.0009765625,10
9525,0.0009765625,10
9526,0.0009765625,10
9527,0.0009765625,10
9528,0.001953125,9
9529,0.0009765625,10
9530,0.0009765625,10
9531,0.0009765625,10
9532,0.001953125,9
9533,0.0009765625,10
9534,0.0009765625,10
9535,0.0009765625,10
9536,0.001953125,9
9537,0.0009765625,10
9538,0.0009765625,10
9539,0.0009765625,10
9540,0.0009765625,10
9541,0.001953125,9
9542,0.0009765625,10
9543,0.0009765625,10
9544,0.0009765625,10
9545,0.001953125,9
9546,0.0009765625,10
9547,0.0009765625,10
9548,0.0009765625,10
9549,0.0009765625,10
9550,0.001953125,9
9551,0.0009765625,10
9552,0.0009765625,10
9553,0.0009765625,10
9554,0.001953125,9
9555,0.0009765625,10
9556,0.0009765625,10
9557,0.0009765625,10
9558,0.001953125,9
9559,0.0009765625,10
9560,0.0009765625,10
9561,0.0009765625,10
9562,0.0009765625,10
9563,0.001953125,9
9564,0.0009765625,10
9565,0.0009765625,10
9566,0.0009765625,10
9567,0.001953125,9
9568,0.0009765625,10
9569,0.0009765625,10
9570,0.0009765625,10
9571,0.001953125,9
9572,0.0009765625,10
9573,0.0009765625,10
9574,0.0009765625,10
9575,0.0009765625,10
9576,0.001953125,9
9577,0.0009765625,10
9578,0.0009765625,10
9579,0.0009765625,10
9580,0.001953125,9
9581,0.0009765625,10
9582,0.0009765625,10
9583,0.0009765625,10
9584,0.001953125,9
9585,0.0009765625,10
9586,0.0009765625,10
9587,0.0009765625,10
9588,0.0009765625,10
9589,0.001953125,9
9590,0.0009765625,10
9591,0.0009765625,10
9592,0.0009765625,10
9593,0.001953125,9
9594,0.0009765625,10
9595,0.0009765625,10
9596,0.0009765625,10
9597,0.001953125,9
9598,0.0009765625,10
9599,0.0009765625,10
9600,0.0009765625,10
9601,0.0009765625,10
9602,0.001953125,9
9603,0.0009765625,10
9604,0.0009765625,10
9605,0.0009765625,10
9606,0.001953125,9
9607,0.0009765625,10
9608,0.0009765625,10
9609,0.0009765625,10
9610,0.001953125,9
9611,0.0009765625,10
9612,0.0009765625,10
9613,0.0009765625,10
9614,0.0009765625,10
9615,0.001953125,9
9616,0.0009765625,10
9617,0.0009765625,10
9618,0.0009765625,10
9619,0.001953125,9
9620,0.0009765625,10
9621,0.0009765625,10
9622,0.0009765625,10
9623,0.0009765625,10
9624,0.001953125,9
9625,0.0009765625,10
9626,0.0009765625,10
9627,0.0009765625,10
9628,0.001953125,9
9629,0.0009765625,10
9630,0.0009765625,10
9631,0.0009765625,10
9632,0.001953125,9
9633,0.0009765625,10
9634,0.0009765625,10
9635,0.0009765625,10
9636,0.0009765625,10
9637,0.001953125,9
9638,0.0009765625,10
9639,0.0009765625,10
9640,0.0009765625,10
9641,0.001953125,9
9642,0.0009765625,10
9643,0.0009765625,10
9644,0.0009765625,10
9645,0.001953125,9
9646,0.0009765625,10
9647,0.0009765625,10
9648,0.0009765625,10
9649,0.0009765625,10
9650,0.001953125,9
9651,0.0009765625,10
9652,0.0009765625,10
9653,0.0009765625,10
9654,0.001953125,9
9655,0.0009765625,10
9656,0.0009765625,10
9657,0.0009765625,10
9658,0.001953125,9
9659,0.0009765625,10
9660,0.0009765625,10
9661,0.0009765625,10
9662,0.0009765625,10
9663,0.001953125,9
9664,0.0009765625,10
9665,0.0009765625,10
9666,0.0009765625,10
9667,0.001953125,9
9668,0.0009765625,10
9669,0.0009765625,10
9670,0.0009765625,10
9671,0.001953125,9
9672,0.0009765625,10
9673,0.0009765625,10
9674,0.0009765625,10
9675,0.0009765625,10
9676,0.001953125,9
9677,0.0009765625,10
9678,0.0009765625,10
9679,0.0009765625,10
9680,0.001953125,9
9681,0.0009765625,10
9682,0.0009765625,10
9683,0.0009765625,10
9684,0.001953125,9
9685,0.0009765625,10
9686,0.0009765625,10
9687,0.0009765625,10
9688,0.0009765625,10
9689,0.001953125,9
9690,0.0009765625,10
9691,0.0009765625,10
9692,0.0009765625,10
9693,0.001953125,9
9694,0.0009765625,10
9695,0.0009765625,10
9696,0.0009765625,10
9697,0.0009765625,10
9698,0.001953125,9
9699,0.0009765625,10
9700,0.0009765625,10
9701,0.0009765625,10
9702,0.001953125,9
9703,0.0009765625,10
9704,0.0009765625,10
9705,0.0009765625,10
9706,0.001953125,9
9707,0.0009765625,10
9708,0.0009765625,10
9709,0.0009765625,10
9710,0.0009765625,10
9711,0.001953125,9
9712,0.0009765625,10
9713,0.0009765625,10
9714,0.0009765625,10
9715,0.001953125,9
9716,0.0009765625,10
9717,0.0009765625,10
9718,0.0009765625,10
9719,0.001953125,9
9720,0.0009765625,10
9721,0.0009765625,10
9722,0.0009765625,10
9723,0.0009765625,10
9724,0.001953125,9
9725,0.0009765625,10
9726,0.0009765625,10
9727,0.0009765625,10
9728,0.001953125,9
9729,0.0009765625,10
9730,0.0009765625,10
9731,0.0009765625,10
9732,0.001953125,9
9733,0.0009765625,10
9734,0.0009765625,10
9735,0.0009765625,10
9736,0.0009765625,10
9737,0.001953125,9
9738,0.0009765625,10
9739,0.0009765625,10
9740,0.0009765625,10
9741,0.001953125,9
9742,0.0009765625,10
9743,0.0009765625,10
9744,0.0009765625,10
9745,0.001953125,9
9746,0.0009765625,10
9747,0.0009765625,10
9748,0.0009765625,10
9749,0.0009765625,10
9750,0.001953125,9
9751,0.0009765625,10
9752,0.0009765625,10
9753,0.0009765625,10
9754,0.001953125,9
9755,0.0009765625,10
9756,0.0009765625,10
9757,0.0009765625,10
9758,0.001953125,9
9759,0.0009765625,10
9760,0.0009765625,10
9761,0.0009765625,10
9762,0.0009765625,10
9763,0.001953125,9
9764,0.0009765625,10
9765,0.0009765625,10
9766,0.0009765625,10
9767,0.001953125,9
9768,0.0009765625,10
9769,0.0009765625,10
9770,0.0009765625,10
9771,0.0009765625,10
9772,0.001953125,9
9773,0.0009765625,10
9774,0.0009765625,10
9775,0.0009765625,10
9776,0.001953125,9
9777,0.0009765625,10
9778,0.0009765625,10
9779,0.0009765625,10
9780,0.001953125,9
9781,0.0009765625,10
9782,0.0009765625,10
9783,0.0009765625,10
9784,0.0009765625,10
9785,0.001953125,9
9786,0.0009765625,10
9787,0.0009765625,10
9788,0.0009765625,10
9789,0.001953125,9
9790,0.0009765625,10
9791,0.0009765625,10
9792,0.0009765625,10
9793,0.001953125,9
9794,0.0009765625,10
9795,0.0009765625,10
9796,0.0009765625,10
9797,0.0009765625,10
9798,0.001953125,9
9799,0.0009765625,10
9800,0.0009765625,10
9801,0.0009765625,10
9802,0.001953125,9
9803,0.0009765625,10
9804,0.0009765625,10
9805,0.0009765625,10
9806,0.001953125,9
9807,0.0009765625,10
9808,0.0009765625,10
9809,0.0009765625,10
9810,0.0009765625,10
9811,0.001953125,9
9812,0.0009765625,10
9813,0.0009765625,10
9814,0.0009765625,10
9815,0.001953125,9
9816,0.0009765625,10
9817,0.0009765625,10
9818,0.0009765625,10
9819,0.001953125,9
9820,0.0009765625,10
9821,0.0009765625,10
9822,0.0009765625,10
9823,0.0009765625,10
9824,0.001953125,9
9825,0.0009765625,10
9826,0.0009765625,10
9827,0.0009765625,10
9828,0.001953125,9
9829,0.0009765625,10
9830,0.0009765625,10
9831,0.0009765625,10
9832,0.0009765625,10
9833,0.001953125,9
9834,0.0009765625,10
9835,0.0009765625,10
9836,0.0009765625,10
9837,0.001953125,9
9838,0.0009765625,10
9839,0.0009765625,10
9840,0.0009765625,10
9841,0.001953125,9
9842,0.0009765625,10
9843,0.0009765625,10
9844,0.0009765625,10
9845,0.0009765625,10
9846,0.001953125,9
9847,0.0009765625,10
9848,0.0009765625,10
9849,0.0009765625,10
9850,0.001953125,9
9851,0.0009765625,10
9852,0.0009765625,10
9853,0.0009765625,10
9854,0.001953125,9
9855,0.0009765625,10
9856,0.0009765625,10
9857,0.0009765625,10
9858,0.0009765625,10
9859,0.001953125,9
9860,0.0009765625,10
9861,0.0009765625,10
9862,0.0009765625,10
9863,0.001953125,9
9864,0.0009765625,10
9865,0.0009765625,10
9866,0.0009765625,10
9867,0.001953125,9
9868,0.0009765625,10
9869,0.0009765625,10
9870,0.0009765625,10
9871,0.0009765625,10
9872,0.001953125,9
9873,0.0009765625,10
9874,0.0009765625,10
9875,0.0009765625,10
9876,0.001953125,9
9877,0.0009765625,10
9878,0.0009765625,10
9879,0.0009765625,10
9880,0.0009765625,10
9881,0.001953125,9
9882,0.0009765625,10
9883,0.0009765625,10
9884,0.0009765625,10
9885,0.001953125,9
9886,0.0009765625,10
9887,0.0009765625,10
9888,0.0009765625,10
9889,0.001953125,9
9890,0.0009765625,10
9891,0.0009765625,10
9892,0.0009765625,10
9893,0.0009765625,10
9894,0.001953125,9
9895,0.0009765625,10
9896,0.0009765625,10
9897,0.0009765625,10
9898,0.001953125,9
9899,0.0009765625,10
9900,0.0009765625,10
9901,0.0009765625,10
9902,0.001953125,9
9903,0.0009765625,10
9904,0.0009765625,10
9905,0.0009765625,10
9906,0.0009765625,10
9907,0.001953125,9
9908,0.0009765625,10
9909,0.0009765625,10
9910,0.0009765625,10
9911,0.001953125,9
9912,0.0009765625,10
9913,0.0009765625,10
9914,0.0009765625,10
9915,0.001953125,9
9916,0.0009765625,10
9917,0.0009765625,10
9918,0.0009765625,10
9919,0.0009765625,10
9920,0.001953125,9
9921,0.0009765625,10
9922,0.0009765625,10
9923,0.0009765625,10
9924,0.001953125,9
9925,0.0009765625,10
9926,0.0009765625,10
9927,0.0009765625,10
9928,0.001953125,9
9929,0.0009765625,10
9930,0.0009765625,10
9931,0.0009765625,10
9932,0.0009765625,10
9933,0.001953125,9
9934,0.0009765625,10
9935,0.0009765625,10
9936,0.0009765625,10
9937,0.001953125,9
9938,0.0009765625,10
9939,0.0009765625,10
9940,0.0009765625,10
9941,0.0009765625,10
9942,0.001953125,9
9943,0.0009765625,10
9944,0.0009765625,10
9945,0.0009765625,10
9946,0.001953125,9
9947,0.0009765625,10
9948,0.0009765625,10
9949,0.0009765625,10
9950,0.001953125,9
9951,0.0009765625,10
9952,0.0009765625,10
9953,0.0009765625,10
9954,0.0009765625,10
9955,0.001953125,9
9956,0.0009765625,10
9957,0.0009765625,10
9958,0.0009765625,10
9959,0.001953125,9
9960,0.0009765625,10
9961,0.0009765625,10
9962,0.0009765625,10
9963,0.001953125,9
9964,0.0009765625,10
9965,0.0009765625,10
9966,0.0009765625,10
9967,0.0009765625,10
9968,0.001953125,9
9969,0.0009765625,10
9970,0.0009765625,10
9971,0.0009765625,10
9972,0.001953125,9
9973,0.0009765625,10
9974,0.0009765625,10
9975,0.0009765625,10
9976,0.001953125,9
9977,0.0009765625,10
9978,0.0009765625,10
9979,0.0009765625,10
9980,0.0009765625,10
9981,0.001953125,9
9982,0.0009765625,10
9983,0.0009765625,10
9984,0.0009765625,10
9985,0.001953125,9
9986,0.0009765625,10
9987,0.0009765625,10
9988,0.0009765625,10
9989,0.001953125,9
9990,0.0009765625,10
9991,0.0009765625,10
9992,0.0009765625,10
9993,0.0009765625,10
9994,0.001953125,9
9995,0.0009765625,10
9996,0.0009765625,10
9997,0.0009765625,10
9998,0.001953125,9
9999,0.0009765625,10
10000,0.0009765625,10
