iter,time,f(xk),||Df(xk)||
1,0.000273,2.346094e+03,1551.54693884
2,0.000136,1.337720e+03,1027.37134743
3,0.000126,1.145789e+03,903.38671567
4,0.000190,9.700931e+02,670.19145640
5,0.000130,7.685663e+02,364.99652519
6,0.002083,6.774874e+02,208.68141701
7,0.000107,6.748430e+02,366.63118208
8,0.000105,5.905458e+02,219.10795174
9,0.000095,5.457256e+02,167.34734382
10,0.000090,5.279042e+02,360.44512244
11,0.000090,5.263012e+02,458.07466910
12,0.000086,4.356783e+02,150.00360931
13,0.000088,4.121286e+02,336.99442618
14,0.000088,3.639103e+02,138.27097742
15,0.000093,3.613135e+02,364.02827475
16,0.000103,3.137961e+02,149.64819530
17,0.000111,3.061553e+02,214.57824799
18,0.000149,2.865016e+02,110.51105318
19,0.000194,2.753485e+02,144.93219974
20,0.000208,2.729899e+02,227.28936268
21,0.000143,2.537379e+02,115.83683186
22,0.000161,2.479137e+02,173.07710648
23,0.000124,2.356552e+02,98.66697234
24,0.000178,2.289889e+02,141.85080814
25,0.000184,2.200527e+02,88.04612821
26,0.000211,2.134997e+02,122.69662081
27,0.000177,2.064790e+02,79.68596638
28,0.000133,2.007708e+02,108.94943816
29,0.000133,1.952473e+02,71.06960725
30,0.000137,1.910189e+02,97.58685061
31,0.000131,1.868504e+02,61.64832286
32,0.000133,1.843897e+02,87.89595272
33,0.000126,1.813929e+02,52.21062258
34,0.000122,1.805439e+02,80.33723535
35,0.000143,1.784106e+02,44.37788984
36,0.000175,1.775142e+02,28.14458691
37,0.000154,1.770449e+02,39.24454159
38,0.000168,1.765039e+02,22.34672994
39,0.000162,1.762620e+02,14.53584596
40,0.000171,1.761179e+02,19.58027207
41,0.000144,1.759792e+02,11.42893924
42,0.000147,1.759694e+02,18.70458733
43,0.000143,1.758639e+02,10.32472811
44,0.000144,1.758205e+02,6.52880511
45,0.000152,1.758008e+02,10.09530717
46,0.000139,1.757636e+02,6.19989439
47,0.003202,1.757533e+02,10.20490867
48,0.000196,1.757170e+02,6.19101109
49,0.000171,1.757105e+02,10.45747560
50,0.000161,1.756735e+02,6.29450450
51,0.000207,1.756694e+02,10.79825175
52,0.000146,1.756309e+02,6.45065833
53,0.000105,1.756295e+02,11.21666524
54,0.000177,1.755890e+02,6.64621212
55,0.000112,1.755679e+02,4.73210217
56,0.000153,1.755477e+02,6.87260207
57,0.000311,1.755260e+02,4.81277863
58,0.000260,1.755070e+02,7.14309092
59,0.000255,1.754846e+02,4.91179931
60,0.000364,1.754672e+02,7.46426261
61,0.000481,1.754438e+02,5.03326221
62,0.000376,1.754283e+02,7.84432293
63,0.000351,1.754037e+02,5.18235374
64,0.000465,1.753904e+02,8.29293748
65,0.000316,1.753644e+02,5.36524406
66,0.000258,1.753538e+02,8.82132295
67,0.000258,1.753259e+02,5.58911424
68,0.000233,1.753186e+02,9.44243708
69,0.000215,1.752883e+02,5.86222893
70,0.000250,1.752850e+02,10.17125041
71,0.000237,1.752517e+02,6.19403937
72,0.000267,1.752333e+02,4.46815624
73,0.000300,1.752160e+02,6.58836301
74,0.000284,1.751967e+02,4.61336208
75,0.000284,1.751815e+02,7.06321224
76,0.000307,1.751609e+02,4.79983334
77,0.000381,1.751482e+02,7.63235380
78,0.000401,1.751259e+02,5.03638344
79,0.000342,1.751163e+02,8.31175203
80,0.000328,1.750917e+02,5.33318747
81,0.000313,1.750859e+02,9.11996404
82,0.000360,1.750583e+02,5.70194987
83,0.000355,1.750574e+02,10.07870280
84,0.000314,1.750259e+02,6.15612947
85,0.000299,1.750087e+02,4.38691860
86,0.000312,1.749944e+02,6.70471342
87,0.000275,1.749757e+02,4.61178835
88,0.000275,1.749640e+02,7.37071910
89,0.000335,1.749434e+02,4.89992839
90,0.000304,1.749350e+02,8.17479970
91,0.000307,1.749117e+02,5.26457999
92,0.004128,1.749076e+02,9.14137211
93,0.000275,1.748807e+02,5.72116624
94,0.000189,1.748651e+02,4.18682715
95,0.000217,1.748505e+02,6.28264810
96,0.000153,1.748335e+02,4.41967368
97,0.000148,1.748213e+02,6.97354373
98,0.000158,1.748023e+02,4.72152977
99,0.000154,1.747933e+02,7.81810066
100,0.000148,1.747716e+02,5.10813417
101,0.000168,1.747669e+02,8.84509824
102,0.000208,1.747416e+02,5.59794692
103,0.000171,1.747265e+02,4.12937652
104,0.000163,1.747122e+02,6.20799868
105,0.000140,1.746957e+02,4.38842219
106,0.000297,1.746839e+02,6.96659379
107,0.000278,1.746652e+02,4.72697102
108,0.000309,1.746568e+02,7.90314527
109,0.000230,1.746352e+02,5.16433983
110,0.000221,1.746316e+02,9.05274691
111,0.000418,1.746057e+02,5.72321494
112,0.000296,1.745905e+02,4.18588456
113,0.000206,1.745772e+02,6.42596618
114,0.000171,1.745601e+02,4.49398302
115,0.000187,1.745497e+02,7.30660040
116,0.000181,1.745301e+02,4.89914949
117,0.000188,1.745239e+02,8.40187094
118,0.000240,1.745006e+02,5.42565186
119,0.000220,1.745004e+02,9.75603121
120,0.000189,1.744719e+02,6.10197554
121,0.000189,1.744558e+02,4.36076763
122,0.000159,1.744442e+02,6.95704930
123,0.000169,1.744257e+02,4.75111679
124,0.000178,1.744180e+02,8.03358571
125,0.000154,1.743961e+02,5.26593294
126,0.000151,1.743941e+02,9.37894794
127,0.000155,1.743673e+02,5.93622136
128,0.000167,1.743516e+02,4.29872437
129,0.000168,1.743395e+02,6.79444611
130,0.000164,1.743215e+02,4.69024487
131,0.000166,1.743133e+02,7.88649512
132,0.000151,1.742919e+02,5.21311883
133,0.000157,1.742894e+02,9.26422289
134,0.000160,1.742631e+02,5.90160968
135,0.000157,1.742475e+02,4.29494437
136,0.000268,1.742353e+02,6.79216389
137,0.003298,1.742174e+02,4.70384925
138,0.000203,1.742093e+02,7.93532098
139,0.000189,1.741878e+02,5.25539217
140,0.000172,1.741858e+02,9.38893659
141,0.000177,1.741590e+02,5.98795055
142,0.000209,1.741433e+02,4.34557366
143,0.000194,1.741315e+02,6.94307425
144,0.000185,1.741132e+02,4.79000881
145,0.000199,1.741059e+02,8.17743958
146,0.000193,1.740837e+02,5.39378103
147,0.000189,1.740832e+02,9.75689277
148,0.000192,1.740551e+02,6.20049322
149,0.000175,1.740388e+02,4.45484424
150,0.000197,1.740280e+02,7.25786891
151,0.000244,1.740088e+02,4.95661036
152,0.000222,1.740032e+02,8.63085436
153,0.000233,1.739795e+02,5.64107358
154,0.000218,1.739646e+02,4.21216974
155,0.000211,1.739513e+02,6.55506682
156,0.000215,1.739341e+02,4.63342921
157,0.000184,1.739250e+02,7.76049439
158,0.000187,1.739042e+02,5.21985900
159,0.000209,1.739016e+02,9.33021918
160,0.000185,1.738752e+02,6.02064700
161,0.000186,1.738594e+02,4.39590304
162,0.000166,1.738478e+02,7.09070664
163,0.000168,1.738291e+02,4.90460274
164,0.000169,1.738228e+02,8.50310439
165,0.000192,1.737995e+02,5.61204681
166,0.000244,1.737847e+02,4.22055214
167,0.000205,1.737712e+02,6.57298263
168,0.000201,1.737540e+02,4.66792464
169,0.000221,1.737450e+02,7.85884669
170,0.000241,1.737239e+02,5.30101385
171,0.000209,1.737221e+02,9.55493940
172,0.000222,1.736950e+02,6.17769506
173,0.000201,1.736787e+02,4.49263888
174,0.000198,1.736678e+02,7.36362042
175,0.000204,1.736483e+02,5.06779497
176,0.000180,1.736436e+02,8.94572721
177,0.000189,1.736188e+02,5.87637293
178,0.000185,1.736033e+02,4.36344065
179,0.000233,1.735909e+02,6.98480902
180,0.000217,1.735725e+02,4.89427753
181,0.000206,1.735657e+02,8.47990148
182,0.002942,1.735426e+02,5.65112068
183,0.000171,1.735275e+02,4.27059564
184,0.000177,1.735141e+02,6.70170432
185,0.000170,1.734964e+02,4.76885050
186,0.000168,1.734881e+02,8.13369296
187,0.000162,1.734661e+02,5.48842910
188,0.000163,1.734515e+02,4.20706238
189,0.000170,1.734372e+02,6.49890351
190,0.000159,1.734201e+02,4.68311108
191,0.000180,1.734106e+02,7.88970332
192,0.000148,1.733895e+02,5.37859022
193,0.000152,1.733880e+02,9.76977167
194,0.000159,1.733602e+02,6.36833580
195,0.000213,1.733434e+02,4.63255307
196,0.000220,1.733332e+02,7.73937454
197,0.000242,1.733125e+02,5.31675251
198,0.000244,1.733101e+02,9.60653432
199,0.000246,1.732829e+02,6.29924561
200,0.000209,1.732662e+02,4.61196621
201,0.000323,1.732556e+02,7.67082804
202,0.000302,1.732350e+02,5.29687153
203,0.000186,1.732322e+02,9.55092038
204,0.000135,1.732052e+02,6.28785935
205,0.000213,1.731885e+02,4.61957617
206,0.000179,1.731777e+02,7.68037972
207,0.000165,1.731571e+02,5.31727615
208,0.000114,1.731543e+02,9.59983219
209,0.000113,1.731271e+02,6.33296628
210,0.000111,1.731102e+02,4.65514755
211,0.000112,1.730995e+02,7.76774151
212,0.000125,1.730786e+02,5.37835547
213,0.000113,1.730762e+02,9.75453982
214,0.000118,1.730485e+02,6.43603608
215,0.000117,1.730313e+02,4.71999379
216,0.000123,1.730209e+02,7.93608887
217,0.000218,1.729995e+02,5.48259453
218,0.000135,1.729981e+02,10.02081408
219,0.000185,1.729692e+02,6.60132618
220,0.000204,1.729515e+02,4.81706459
221,0.000187,1.729419e+02,8.19225467
222,0.000172,1.729196e+02,5.63472057
223,0.000136,1.729041e+02,4.36318535
224,0.000120,1.728893e+02,6.83296166
225,0.002343,1.728709e+02,4.94965883
226,0.000208,1.728624e+02,8.54308451
227,0.000148,1.728388e+02,5.83992312
228,0.000124,1.728228e+02,4.47709307
229,0.000128,1.728087e+02,7.14483782
230,0.000200,1.727893e+02,5.12607431
231,0.000157,1.727823e+02,9.00798265
232,0.000134,1.727571e+02,6.11033171
233,0.000137,1.727403e+02,4.62592682
234,0.000132,1.727272e+02,7.55137696
235,0.000133,1.727065e+02,5.35569022
236,0.000132,1.727018e+02,9.60787637
237,0.000136,1.726743e+02,6.45970536
238,0.000207,1.726565e+02,4.81824994
239,0.000291,1.726448e+02,8.07231337
240,0.000267,1.726225e+02,5.65123294
241,0.000277,1.726208e+02,10.37089100
242,0.000274,1.725902e+02,6.90640622
243,0.000249,1.725711e+02,5.06559301
244,0.000232,1.725615e+02,8.73380339
245,0.000256,1.725369e+02,6.02962864
246,0.000233,1.725198e+02,4.64956581
247,0.000177,1.725049e+02,7.47114180
248,0.000169,1.724840e+02,5.38164621
249,0.000160,1.724773e+02,9.56569939
250,0.000196,1.724496e+02,6.51078836
251,0.000173,1.724311e+02,4.91402112
252,0.000221,1.724181e+02,8.18892795
253,0.000178,1.723948e+02,5.78819730
254,0.000192,1.723924e+02,10.61717825
255,0.000151,1.723604e+02,7.12606180
256,0.000176,1.723400e+02,5.25617516
257,0.000190,1.723299e+02,9.10121541
258,0.000188,1.723033e+02,6.31211894
259,0.000165,1.722848e+02,4.87175192
260,0.000156,1.722692e+02,7.91018645
261,0.000166,1.722462e+02,5.69873418
262,0.000152,1.722404e+02,10.25815654
263,0.000158,1.722093e+02,6.98653039
264,0.000167,1.721887e+02,5.24699399
265,0.002746,1.721759e+02,8.91770928
266,0.000183,1.721494e+02,6.27608741
267,0.000190,1.721304e+02,4.92083615
268,0.000156,1.721125e+02,7.85735230
269,0.000158,1.720891e+02,5.73851530
270,0.000109,1.720809e+02,10.21170421
271,0.000132,1.720493e+02,7.02976567
272,0.000106,1.720279e+02,5.34123732
273,0.000101,1.720132e+02,8.99153783
274,0.000105,1.719857e+02,6.38858616
275,0.000111,1.719849e+02,11.88842544
276,0.000111,1.719460e+02,8.02174893
277,0.000127,1.719212e+02,5.90128688
278,0.000108,1.719118e+02,10.47570373
279,0.000160,1.718784e+02,7.25344218
280,0.000138,1.718555e+02,5.53555447
281,0.000122,1.718396e+02,9.32914771
282,0.000179,1.718101e+02,6.65116385
283,0.000139,1.718097e+02,12.42289345
284,0.000129,1.717675e+02,8.40760079
285,0.000131,1.717407e+02,6.18648619
286,0.000152,1.717315e+02,11.06955899
287,0.000134,1.716949e+02,7.66673054
288,0.000128,1.716699e+02,5.83004384
289,0.000134,1.716541e+02,9.95681544
290,0.000131,1.716215e+02,7.07492448
291,0.000120,1.715977e+02,5.55940572
292,0.000134,1.715767e+02,9.04398392
293,0.000134,1.715470e+02,6.60456854
294,0.000126,1.715405e+02,12.05189551
295,0.000128,1.714990e+02,8.30077713
296,0.000135,1.714713e+02,6.23378010
297,0.000133,1.714579e+02,10.93769859
298,0.000180,1.714208e+02,7.69170544
299,0.000197,1.713946e+02,5.93885897
300,0.000163,1.713758e+02,10.00645264
301,0.000187,1.713421e+02,7.19193859
302,0.000240,1.713171e+02,5.70221045
303,0.000282,1.712941e+02,9.22671483
304,0.000244,1.712630e+02,6.77976527
305,0.002168,1.712563e+02,12.39800672
306,0.000100,1.712128e+02,8.57613836
307,0.000101,1.711837e+02,6.43887224
308,0.000103,1.711714e+02,11.42324034
309,0.000101,1.711321e+02,8.02566034
310,0.000100,1.711047e+02,6.15057748
311,0.000115,1.710881e+02,10.59092024
312,0.000105,1.710522e+02,7.55660748
313,0.000099,1.710263e+02,5.90233663
314,0.000106,1.710065e+02,9.87719160
315,0.000100,1.709735e+02,7.15318196
316,0.000110,1.709489e+02,5.68416037
317,0.000110,1.709269e+02,9.26204687
318,0.000107,1.708964e+02,6.80254851
319,0.000200,1.708928e+02,12.63020959
320,0.000160,1.708496e+02,8.73381721
321,0.000159,1.708211e+02,6.49709383
322,0.000187,1.708140e+02,11.85861024
323,0.000146,1.707746e+02,8.27308305
324,0.000223,1.707479e+02,6.22610167
325,0.000148,1.707384e+02,11.18835494
326,0.000111,1.707022e+02,7.86990217
327,0.000112,1.706772e+02,5.98426146
328,0.000141,1.706658e+02,10.60536473
329,0.000119,1.706324e+02,7.51621630
330,0.000112,1.706089e+02,5.76779746
331,0.000144,1.705964e+02,10.09798921
332,0.000369,1.705653e+02,7.20571864
333,0.000183,1.705431e+02,5.57413507
334,0.000155,1.705299e+02,9.65664325
335,0.000380,1.705009e+02,6.93345017
336,0.000169,1.704798e+02,5.40150780
337,0.000142,1.704661e+02,9.27341836
338,0.000147,1.704388e+02,6.69546033
339,0.000116,1.704188e+02,5.24862307
340,0.000132,1.704048e+02,8.94169582
341,0.000119,1.703791e+02,6.48846267
342,0.000100,1.703600e+02,5.11438605
343,0.000119,1.703459e+02,8.65585727
344,0.000142,1.703214e+02,6.30962098
345,0.000100,1.703031e+02,4.99772743
346,0.000100,1.702889e+02,8.41104393
347,0.001760,1.702655e+02,6.15636881
348,0.000136,1.702478e+02,4.89750333
349,0.000127,1.702337e+02,8.20301053
350,0.000120,1.702112e+02,6.02634340
351,0.000117,1.701941e+02,4.81247784
352,0.000118,1.701800e+02,8.02801378
353,0.000119,1.701582e+02,5.91733436
354,0.000119,1.701416e+02,4.74134292
355,0.000151,1.701275e+02,7.88276186
356,0.000157,1.701064e+02,5.82730223
357,0.000102,1.700901e+02,4.68277398
358,0.000102,1.700760e+02,7.76436996
359,0.000101,1.700554e+02,5.75438018
360,0.000172,1.700394e+02,4.63548275
361,0.000178,1.700254e+02,7.67034555
362,0.000194,1.700052e+02,5.69690919
363,0.000152,1.699894e+02,4.59827219
364,0.000140,1.699755e+02,7.59856144
365,0.000128,1.699556e+02,5.65343925
366,0.000150,1.699400e+02,4.57006997
367,0.000206,1.699262e+02,7.54724333
368,0.000253,1.699065e+02,5.62274912
369,0.000241,1.698911e+02,4.54995445
370,0.000239,1.698773e+02,7.51494091
371,0.000253,1.698578e+02,5.60383152
372,0.000154,1.698425e+02,4.53715987
373,0.000127,1.698288e+02,7.50051047
374,0.000134,1.698094e+02,5.59589607
375,0.000130,1.697942e+02,4.53107822
376,0.000121,1.697807e+02,7.50308387
377,0.000133,1.697613e+02,5.59834390
378,0.000133,1.697461e+02,4.53124763
379,0.000147,1.697328e+02,7.52205039
380,0.000151,1.697134e+02,5.61076338
381,0.000157,1.696983e+02,4.53734386
382,0.000132,1.696851e+02,7.55702876
383,0.000133,1.696658e+02,5.63290309
384,0.000147,1.696506e+02,4.54916439
385,0.002212,1.696377e+02,7.60785315
386,0.000101,1.696182e+02,5.66466842
387,0.000093,1.696030e+02,4.56661932
388,0.000095,1.695904e+02,7.67455166
389,0.000102,1.695708e+02,5.70609832
390,0.000095,1.695555e+02,4.58971796
391,0.000097,1.695433e+02,7.75733884
392,0.000097,1.695235e+02,5.75736648
393,0.000096,1.695081e+02,4.61856362
394,0.000099,1.694963e+02,7.85660149
395,0.000150,1.694763e+02,5.81876355
396,0.000158,1.694608e+02,4.65334471
397,0.000131,1.694494e+02,7.97289801
398,0.000126,1.694291e+02,5.89070366
399,0.000490,1.694135e+02,4.69433417
400,0.000219,1.694027e+02,8.10695097
401,0.000522,1.693820e+02,5.97371179
402,0.000277,1.693663e+02,4.74188509
403,0.000387,1.693561e+02,8.25965264
404,0.000275,1.693350e+02,6.06843522
405,0.000225,1.693191e+02,4.79643423
406,0.000157,1.693095e+02,8.43206360
407,0.000193,1.692880e+02,6.17563509
408,0.000161,1.692719e+02,4.85850118
409,0.000170,1.692631e+02,8.62542371
410,0.000165,1.692411e+02,6.29620230
411,0.000150,1.692247e+02,4.92869541
412,0.000172,1.692168e+02,8.84115641
413,0.000165,1.691942e+02,6.43115248
414,0.000150,1.691776e+02,5.00771831
415,0.000157,1.691707e+02,9.08088485
416,0.000169,1.691473e+02,6.58164612
417,0.000170,1.691304e+02,5.09637310
418,0.000153,1.691247e+02,9.34644177
419,0.000149,1.691005e+02,6.74898656
420,0.000134,1.690832e+02,5.19556941
421,0.000149,1.690788e+02,9.63989128
422,0.000158,1.690537e+02,6.93464460
423,0.000149,1.690360e+02,5.30633595
424,0.002892,1.690331e+02,9.96354480
425,0.000134,1.690070e+02,7.14025960
426,0.000122,1.689888e+02,5.42982745
427,0.000134,1.689875e+02,10.31998936
428,0.000126,1.689603e+02,7.36766920
429,0.000124,1.689416e+02,5.56734032
430,0.000121,1.689266e+02,4.53967260
431,0.000136,1.689136e+02,7.61721516
432,0.000166,1.688943e+02,5.71940998
433,0.000121,1.688790e+02,4.62647577
434,0.000130,1.688670e+02,7.89306767
435,0.000124,1.688470e+02,5.88861517
436,0.000129,1.688314e+02,4.72386936
437,0.000165,1.688205e+02,8.19757029
438,0.000259,1.687996e+02,6.07668652
439,0.000137,1.687837e+02,4.83307693
440,0.000138,1.687741e+02,8.53348080
441,0.000140,1.687523e+02,6.28560435
442,0.000149,1.687358e+02,4.95549138
443,0.000150,1.687277e+02,8.90391148
444,0.000148,1.687049e+02,6.51759335
445,0.000149,1.686879e+02,5.09268283
446,0.000139,1.686815e+02,9.31234345
447,0.000161,1.686574e+02,6.77513322
448,0.000152,1.686399e+02,5.24641247
449,0.000140,1.686354e+02,9.76266297
450,0.000152,1.686100e+02,7.06099012
451,0.000151,1.685918e+02,5.41865313
452,0.000164,1.685895e+02,10.25920787
453,0.000164,1.685625e+02,7.37824225
454,0.000162,1.685435e+02,5.61160970
455,0.000146,1.685282e+02,4.59645791
456,0.000132,1.685150e+02,7.72866297
457,0.000140,1.684951e+02,5.82684953
458,0.000132,1.684794e+02,4.72145338
459,0.000132,1.684674e+02,8.11787249
460,0.001638,1.684466e+02,6.06803532
461,0.000325,1.684304e+02,4.86297672
462,0.000274,1.684200e+02,8.54997541
463,0.000194,1.683979e+02,6.33817071
464,0.002701,1.683811e+02,5.02318996
465,0.000153,1.683725e+02,9.02970023
466,0.000153,1.683491e+02,6.64066206
467,0.000151,1.683316e+02,5.20454213
468,0.000144,1.683252e+02,9.56238643
469,0.000139,1.683001e+02,6.97933245
470,0.000164,1.682818e+02,5.40979065
471,0.000142,1.682779e+02,10.15404150
472,0.000133,1.682509e+02,7.35846695
473,0.000150,1.682317e+02,5.64203266
474,0.000151,1.682309e+02,10.81142961
475,0.000155,1.682016e+02,7.78286965
476,0.000153,1.681813e+02,5.90474305
477,0.000230,1.681650e+02,4.81009655
478,0.000234,1.681522e+02,8.25613794
479,0.000848,1.681305e+02,6.20085004
480,0.000344,1.681135e+02,4.98712394
481,0.000410,1.681026e+02,8.78627454
482,0.000153,1.680794e+02,6.53570908
483,0.000318,1.680617e+02,5.18952202
484,0.000209,1.680529e+02,9.37993387
485,0.000280,1.680279e+02,6.91416203
486,0.000141,1.680092e+02,5.42081414
487,0.000148,1.680032e+02,10.04479508
488,0.000139,1.679761e+02,7.34171593
489,0.000136,1.679562e+02,5.68499395
490,0.000148,1.679535e+02,10.78961087
491,0.000139,1.679238e+02,7.82460265
492,0.000151,1.679026e+02,5.98657285
493,0.000135,1.678855e+02,4.91693909
494,0.000148,1.678711e+02,8.36804318
495,0.000142,1.678484e+02,6.32965103
496,0.000136,1.678303e+02,5.12596875
497,0.000147,1.678179e+02,8.98194627
498,0.000142,1.677934e+02,6.72095166
499,0.000143,1.677744e+02,5.36672154
500,0.000143,1.677645e+02,9.67523545
501,0.000129,1.677377e+02,7.16691957
502,0.000141,1.677174e+02,5.64383654
503,0.000147,1.677106e+02,10.45824239
504,0.002663,1.676812e+02,7.67492390
505,0.000162,1.676595e+02,5.96260209
506,0.000335,1.676566e+02,11.34284440
507,0.000566,1.676239e+02,8.25337817
508,0.000456,1.676005e+02,6.32904064
509,0.000132,1.675815e+02,5.20317734
510,0.000146,1.675658e+02,8.90986819
511,0.000134,1.675404e+02,6.74891820
512,0.000125,1.675202e+02,5.46430990
513,0.000137,1.675070e+02,9.65752869
514,0.000136,1.674791e+02,7.23114296
515,0.000141,1.674575e+02,5.76630055
516,0.000140,1.674474e+02,10.50887336
517,0.000137,1.674166e+02,7.78464074
518,0.000186,1.673933e+02,6.11543366
519,0.000188,1.673874e+02,11.47853516
520,0.000189,1.673529e+02,8.41975325
521,0.000158,1.673277e+02,6.51899163
522,0.000175,1.673271e+02,12.58354556
523,0.000186,1.672881e+02,9.14847027
524,0.000598,1.672606e+02,6.98542894
525,0.000291,1.672383e+02,5.70181102
526,0.000259,1.672224e+02,9.98225836
527,0.000271,1.671920e+02,7.52327276
528,0.000290,1.671681e+02,6.03824258
529,0.000577,1.671559e+02,10.93996293
530,0.000287,1.671221e+02,8.14533196
531,0.000151,1.670963e+02,6.42893362
532,0.000292,1.670891e+02,12.04035240
533,0.000239,1.670510e+02,8.86501396
534,0.000192,1.670230e+02,6.88333977
535,0.000200,1.670224e+02,13.30568446
536,0.000189,1.669791e+02,9.69817468
537,0.000170,1.669485e+02,7.41278021
538,0.000160,1.669237e+02,6.04485160
539,0.000170,1.669068e+02,10.66074096
540,0.000166,1.668729e+02,8.02928523
541,0.000152,1.668464e+02,6.42261768
542,0.000166,1.668348e+02,11.77775565
543,0.000148,1.667968e+02,8.75044207
544,0.003817,1.667682e+02,6.86683137
545,0.000169,1.667638e+02,13.07503199
546,0.000218,1.667207e+02,9.59527731
547,0.000157,1.666897e+02,7.39165322
548,0.000143,1.666643e+02,6.07204246
549,0.000221,1.666454e+02,10.58354910
550,0.000191,1.666113e+02,8.01263833
551,0.000227,1.665845e+02,6.43796638
552,0.000196,1.665718e+02,11.74475744
553,0.000222,1.665339e+02,8.75155696
554,0.000133,1.665052e+02,6.87894146
555,0.000133,1.665009e+02,13.10990268
556,0.000133,1.664581e+02,9.63214424
557,0.000186,1.664272e+02,7.41371836
558,0.000199,1.664021e+02,6.07041369
559,0.000160,1.663848e+02,10.67910919
560,0.000153,1.663511e+02,8.06269130
561,0.000206,1.663248e+02,6.43985437
562,0.000173,1.663151e+02,11.92725526
563,0.000140,1.662775e+02,8.85256980
564,0.000157,1.662496e+02,6.90300466
565,0.000138,1.662265e+02,5.73043498
566,0.000136,1.662073e+02,9.80917346
567,0.000147,1.661773e+02,7.48181307
568,0.000134,1.661534e+02,6.04553535
569,0.000138,1.661413e+02,10.96693639
570,0.000132,1.661082e+02,8.20349023
571,0.000150,1.660831e+02,6.45720361
572,0.000228,1.660802e+02,12.36188519
573,0.000273,1.660428e+02,9.09640652
574,0.000163,1.660160e+02,6.98916095
575,0.000149,1.659944e+02,5.69219162
576,0.000173,1.659817e+02,10.18917238
577,0.000158,1.659524e+02,7.66541499
578,0.000153,1.659299e+02,6.07343775
579,0.000153,1.659254e+02,11.51927573
580,0.000155,1.658923e+02,8.51462706
581,0.000159,1.658683e+02,6.57760258
582,0.000157,1.658488e+02,5.38743806
583,0.003557,1.658362e+02,9.56426202
584,0.000178,1.658099e+02,7.22744927
585,0.000150,1.657895e+02,5.75528207
586,0.000138,1.657843e+02,10.84997042
587,0.000229,1.657546e+02,8.04995386
588,0.000218,1.657328e+02,6.24630142
589,0.000179,1.657149e+02,5.14005536
590,0.000299,1.657026e+02,9.07164161
591,0.000313,1.656786e+02,6.88202989
592,0.000148,1.656598e+02,5.50455244
593,0.000150,1.656542e+02,10.32698288
594,0.000154,1.656269e+02,7.68828394
595,0.000158,1.656067e+02,5.99022287
596,0.000158,1.655900e+02,4.95092474
597,0.000223,1.655780e+02,8.69139887
598,0.000198,1.655556e+02,6.61809990
599,0.000208,1.655380e+02,5.31592770
600,0.000193,1.655320e+02,9.92558889
601,0.000186,1.655065e+02,7.41375037
602,0.000211,1.654874e+02,5.79916028
603,0.000302,1.654715e+02,4.81310335
604,0.000157,1.654595e+02,8.40409829
605,0.000201,1.654383e+02,6.42197728
606,0.000141,1.654214e+02,5.17908454
607,0.000148,1.654150e+02,9.62383302
608,0.000152,1.653908e+02,7.21042502
609,0.000143,1.653725e+02,5.66074746
610,0.000143,1.653571e+02,4.71612208
611,0.000154,1.653450e+02,8.19248279
612,0.000157,1.653246e+02,6.28027389
613,0.000143,1.653083e+02,5.08278339
614,0.000146,1.653015e+02,9.40371227
615,0.000156,1.652781e+02,7.06456179
616,0.000140,1.652603e+02,5.56368871
617,0.000141,1.652453e+02,4.65001338
618,0.000159,1.652331e+02,8.04280850
619,0.000144,1.652132e+02,6.18202858
620,0.000139,1.651972e+02,5.01763932
621,0.000163,1.651901e+02,9.25162505
622,0.002190,1.651673e+02,6.96567890
623,0.000128,1.651499e+02,5.49933522
624,0.000126,1.651351e+02,4.60719074
625,0.000122,1.651228e+02,7.94507681
626,0.000122,1.651033e+02,6.11932146
627,0.000121,1.650875e+02,4.97696565
628,0.000121,1.650802e+02,9.15798156
629,0.000126,1.650577e+02,6.90648936
630,0.000128,1.650405e+02,5.46179589
631,0.000129,1.650403e+02,10.64788915
632,0.000143,1.650136e+02,7.89349774
633,0.000125,1.649943e+02,6.08746299
634,0.000135,1.649786e+02,4.95676377
635,0.000124,1.649713e+02,9.11728161
636,0.000160,1.649490e+02,6.88281764
637,0.000152,1.649319e+02,5.44770463
638,0.000142,1.649316e+02,10.62417287
639,0.000152,1.649051e+02,7.88239311
640,0.000147,1.648858e+02,6.08253210
641,0.000150,1.648703e+02,4.95414508
642,0.000145,1.648630e+02,9.12458011
643,0.000154,1.648408e+02,6.89126716
644,0.000147,1.648237e+02,5.45462003
645,0.000147,1.648092e+02,4.57772765
646,0.000176,1.647971e+02,7.90885174
647,0.000168,1.647778e+02,6.10250324
648,0.000238,1.647622e+02,4.96762477
649,0.000312,1.647553e+02,9.17727729
650,0.000303,1.647329e+02,6.93011087
651,0.000157,1.647158e+02,5.48135132
652,0.000213,1.647012e+02,4.59467060
653,0.000149,1.646894e+02,7.97328517
654,0.000150,1.646700e+02,6.14747591
655,0.000152,1.646543e+02,4.99712310
656,0.000162,1.646478e+02,9.27585193
657,0.000147,1.646252e+02,6.99969377
658,0.000141,1.646080e+02,5.52811874
659,0.000151,1.645933e+02,4.62433674
660,0.000162,1.645819e+02,8.07552368
661,0.005431,1.645623e+02,6.21753392
662,0.000147,1.645465e+02,5.04278873
663,0.000137,1.645406e+02,9.42086062
664,0.000132,1.645177e+02,7.10060081
665,0.000142,1.645002e+02,5.59544650
666,0.001107,1.644854e+02,4.66712971
667,0.000243,1.644745e+02,8.21670497
668,0.000233,1.644546e+02,6.31362868
669,0.000307,1.644386e+02,5.10536845
670,0.000145,1.644336e+02,9.61410202
671,0.000147,1.644101e+02,7.23428899
672,0.000137,1.643923e+02,5.68448590
673,0.000193,1.643774e+02,4.72391134
674,0.000137,1.643671e+02,8.39891097
675,0.000201,1.643467e+02,6.43740000
676,0.000190,1.643305e+02,5.18611854
677,0.000178,1.643265e+02,9.85844923
678,0.000165,1.643023e+02,7.40299980
679,0.000217,1.642842e+02,5.79697089
680,0.000181,1.642691e+02,4.79598045
681,0.000271,1.642596e+02,8.62513705
682,0.000182,1.642387e+02,6.59116503
683,0.000162,1.642221e+02,5.28680537
684,0.000161,1.642194e+02,10.15785468
685,0.000161,1.641943e+02,7.60977064
686,0.000177,1.641757e+02,5.93523458
687,0.000155,1.641603e+02,4.88509293
688,0.000166,1.641519e+02,8.89932566
689,0.000171,1.641302e+02,6.77794950
690,0.000159,1.641133e+02,5.40973718
691,0.000159,1.641121e+02,10.51741623
692,0.000166,1.640860e+02,7.85848849
693,0.000166,1.640668e+02,6.10225577
694,0.000180,1.640510e+02,4.99350607
695,0.000189,1.640438e+02,9.22644962
696,0.000471,1.640212e+02,7.00155438
697,0.000179,1.640038e+02,5.55782173
698,0.000172,1.639889e+02,4.66743886
699,0.000178,1.639771e+02,8.15314159
700,0.002964,1.639571e+02,6.30127974
701,0.000144,1.639410e+02,5.12380666
702,0.000147,1.639352e+02,9.61195611
703,0.000146,1.639115e+02,7.26623649
704,0.000141,1.638935e+02,5.73439959
705,0.000150,1.638782e+02,4.78211686
706,0.000143,1.638675e+02,8.50080691
707,0.000141,1.638466e+02,6.53742383
708,0.000146,1.638299e+02,5.27976027
709,0.000148,1.638259e+02,10.06412274
710,0.000140,1.638009e+02,7.57814181
711,0.000142,1.637820e+02,5.94410188
712,0.000135,1.637663e+02,4.91977110
713,0.000140,1.637569e+02,8.90826760
714,0.000650,1.637349e+02,6.81598705
715,0.000212,1.637175e+02,5.46551888
716,0.000217,1.637157e+02,10.59177150
717,0.000190,1.636890e+02,7.94400277
718,0.000547,1.636692e+02,6.19214074
719,0.003598,1.636528e+02,5.08446279
720,0.000313,1.636450e+02,9.38402064
721,0.000393,1.636216e+02,7.14347256
722,0.001762,1.636034e+02,5.68613301
723,0.000259,1.635878e+02,4.78521337
724,0.000279,1.635754e+02,8.37108565
725,0.000231,1.635544e+02,6.48431095
726,0.000304,1.635374e+02,5.28083402
727,0.002215,1.635315e+02,9.93757901
728,0.000837,1.635063e+02,7.52722565
729,0.000223,1.634871e+02,5.94737146
730,0.000238,1.634708e+02,4.96131639
731,0.000257,1.634597e+02,8.87027434
732,0.000215,1.634373e+02,6.82864113
733,0.000284,1.634193e+02,5.51495828
734,0.000214,1.634157e+02,10.58196669
735,0.000171,1.633884e+02,7.97693730
736,0.000166,1.633679e+02,6.25658922
737,0.000222,1.633507e+02,5.17243679
738,0.000194,1.633413e+02,9.45275920
739,0.000166,1.633170e+02,7.23371485
740,0.002670,1.632978e+02,5.79349895
741,0.000139,1.632971e+02,11.33157301
742,0.000131,1.632671e+02,8.50339451
743,0.000137,1.632450e+02,6.62198262
744,0.000134,1.632268e+02,5.42486606
745,0.000140,1.632193e+02,10.13215332
746,0.000140,1.631927e+02,7.70969050
747,0.000140,1.631721e+02,6.12410739
748,0.000137,1.631545e+02,5.13708191
749,0.000137,1.631416e+02,9.11834906
750,0.000140,1.631174e+02,7.05244741
751,0.000147,1.630979e+02,5.72529775
752,0.000136,1.630929e+02,10.92386570
753,0.000142,1.630634e+02,8.26787912
754,0.000234,1.630410e+02,6.51503423
755,0.000183,1.630221e+02,5.41234919
756,0.000181,1.630108e+02,9.83808180
757,0.000185,1.629841e+02,7.55928806
758,0.000165,1.629629e+02,6.08142496
759,0.000159,1.629611e+02,11.84792862
760,0.000147,1.629280e+02,8.92228433
761,0.000160,1.629033e+02,6.97577117
762,0.000228,1.628829e+02,5.73806624
763,0.000343,1.628737e+02,10.67958065
764,0.000243,1.628439e+02,8.15411956
765,0.000153,1.628206e+02,6.50059348
766,0.000326,1.628006e+02,5.47151767
767,0.000170,1.627855e+02,9.68713200
768,0.000161,1.627580e+02,7.51544746
769,0.000152,1.627357e+02,6.11909223
770,0.000168,1.627296e+02,11.66238831
771,0.000166,1.626959e+02,8.84956165
772,0.000152,1.626701e+02,6.98976436
773,0.000156,1.626483e+02,5.81735548
774,0.000146,1.626353e+02,10.58184332
775,0.000152,1.626044e+02,8.14529339
776,0.000233,1.625798e+02,6.56007482
777,0.000249,1.625781e+02,12.81194809
778,0.002524,1.625397e+02,9.66132453
779,0.000124,1.625110e+02,7.55671869
780,0.000110,1.624873e+02,6.21118888
781,0.000113,1.624776e+02,11.62759855
782,0.000161,1.624428e+02,8.87734697
783,0.000117,1.624157e+02,7.06521815
784,0.000115,1.623925e+02,5.92736126
785,0.000117,1.623764e+02,10.60691096
786,0.000116,1.623444e+02,8.21019065
787,0.000115,1.623186e+02,6.65392913
788,0.000124,1.623143e+02,12.85129095
789,0.000149,1.622748e+02,9.72770968
790,0.000123,1.622450e+02,7.64142319
791,0.000117,1.622202e+02,6.30680968
792,0.000170,1.622087e+02,11.71429847
793,0.000140,1.621730e+02,8.96645065
794,0.000134,1.621450e+02,7.15211039
795,0.000128,1.621211e+02,6.00808500
796,0.000139,1.621043e+02,10.72129728
797,0.001089,1.620716e+02,8.30388891
798,0.000188,1.620453e+02,6.72605305
799,0.000187,1.620415e+02,13.02003780
800,0.000169,1.620014e+02,9.85155786
801,0.000453,1.619714e+02,7.72308828
802,0.000161,1.619466e+02,6.34927308
803,0.000151,1.619369e+02,11.89971302
804,0.000139,1.619010e+02,9.08372997
805,0.000137,1.618733e+02,7.20784859
806,0.000175,1.618499e+02,6.00954572
807,0.000140,1.618359e+02,10.90803031
808,0.000135,1.618036e+02,8.40198730
809,0.000144,1.617781e+02,6.74614488
810,0.000134,1.617561e+02,5.69830801
811,0.000135,1.617392e+02,10.02686223
812,0.000143,1.617101e+02,7.79317084
813,0.000137,1.616865e+02,6.32884741
814,0.000142,1.616825e+02,12.19664733
815,0.000139,1.616473e+02,9.24239936
816,0.000143,1.616209e+02,7.24776782
817,0.002055,1.615992e+02,5.95012402
818,0.000123,1.615915e+02,11.19816589
819,0.000120,1.615603e+02,8.54094471
820,0.000123,1.615364e+02,6.75741084
821,0.000116,1.615164e+02,5.60578603
822,0.000118,1.615062e+02,10.30688613
823,0.000126,1.614784e+02,7.91362438
824,0.000117,1.614567e+02,6.31706573
825,0.000113,1.614382e+02,5.29399418
826,0.000119,1.614261e+02,9.51098958
827,0.000117,1.614012e+02,7.35315529
828,0.000118,1.613814e+02,5.92298640
829,0.000115,1.613643e+02,5.01378322
830,0.000118,1.613510e+02,8.80044624
831,0.000179,1.613285e+02,6.85349778
832,0.000133,1.613104e+02,5.57214453
833,0.000179,1.613074e+02,10.76141753
834,0.000140,1.612802e+02,8.16745295
835,0.000144,1.612598e+02,6.40985801
836,0.000158,1.612430e+02,5.26198008
837,0.000145,1.612376e+02,9.95868570
838,0.000148,1.612132e+02,7.60300576
839,0.000137,1.611945e+02,6.01660004
840,0.000135,1.611789e+02,4.98912066
841,0.000152,1.611714e+02,9.24031202
842,0.000140,1.611493e+02,7.10043513
843,0.000138,1.611321e+02,5.66913175
844,0.000158,1.611174e+02,4.75039063
845,0.000141,1.611082e+02,8.59730045
846,0.000140,1.610881e+02,6.65338329
847,0.000147,1.610721e+02,5.36286626
848,0.000135,1.610582e+02,4.54235945
849,0.000137,1.610476e+02,8.02150912
850,0.000148,1.610290e+02,6.25593878
851,0.000151,1.610140e+02,5.09334773
852,0.000137,1.610117e+02,9.87075759
853,0.000137,1.609889e+02,7.50622999
854,0.002289,1.609717e+02,5.90300395
855,0.000143,1.609575e+02,4.85653408
856,0.000120,1.609528e+02,9.20459728
857,0.000130,1.609319e+02,7.04403328
858,0.000124,1.609158e+02,5.58914345
859,0.000121,1.609023e+02,4.64824670
860,0.000123,1.608955e+02,8.60333169
861,0.000128,1.608763e+02,6.62938581
862,0.000130,1.608611e+02,5.31003305
863,0.000116,1.608481e+02,4.46498677
864,0.000125,1.608397e+02,8.06022717
865,0.000140,1.608218e+02,6.25724340
866,0.000116,1.608074e+02,5.06174914
867,0.000159,1.608074e+02,9.98404326
868,0.000154,1.607850e+02,7.56979657
869,0.000140,1.607682e+02,5.92338530
870,0.000138,1.607545e+02,4.84094045
871,0.000144,1.607519e+02,9.34361273
872,0.000141,1.607312e+02,7.12597968
873,0.000134,1.607155e+02,5.62343725
874,0.000145,1.607024e+02,4.64432119
875,0.000137,1.606975e+02,8.76111686
876,0.000136,1.606784e+02,6.72438235
877,0.000142,1.606635e+02,5.35401114
878,0.000131,1.606509e+02,4.46922616
879,0.000146,1.606441e+02,8.23110057
880,0.000134,1.606263e+02,6.36096581
881,0.000141,1.606121e+02,5.11203400
882,0.000130,1.605999e+02,4.31327750
883,0.000144,1.605916e+02,7.74867149
884,0.000141,1.605748e+02,6.03211338
885,0.000154,1.605613e+02,4.89475941
886,0.000132,1.605608e+02,9.61968485
887,0.000134,1.605397e+02,7.30985827
888,0.000125,1.605240e+02,5.73479919
889,0.000131,1.605110e+02,4.69983838
890,0.000150,1.605081e+02,9.04177265
891,0.000134,1.604886e+02,6.91013328
892,0.002201,1.604737e+02,5.46581137
893,0.000117,1.604612e+02,4.52492281
894,0.000112,1.604562e+02,8.51299942
895,0.000111,1.604380e+02,6.54622533
896,0.000114,1.604238e+02,5.22265016
897,0.000113,1.604117e+02,4.36808585
898,0.000200,1.604051e+02,8.02919242
899,0.000129,1.603880e+02,6.21505946
900,0.000137,1.603744e+02,5.00299917
901,0.000119,1.603627e+02,4.22757022
902,0.000124,1.603545e+02,7.58654416
903,0.000149,1.603385e+02,5.91383463
904,0.000119,1.603254e+02,4.80475130
905,0.000129,1.603248e+02,9.44075755
906,0.000197,1.603046e+02,7.18195208
907,0.000146,1.602893e+02,5.64018810
908,0.000146,1.602768e+02,4.62608305
909,0.000145,1.602740e+02,8.90524904
910,0.000252,1.602551e+02,6.81174161
911,0.000172,1.602406e+02,5.39154085
912,0.000138,1.602285e+02,4.46513294
913,0.000147,1.602238e+02,8.41316093
914,0.000155,1.602060e+02,6.47329147
915,0.000137,1.601922e+02,5.16589453
916,0.000142,1.601804e+02,4.32037022
917,0.000144,1.601741e+02,7.96108805
918,0.000132,1.601574e+02,6.16410075
919,0.000156,1.601441e+02,4.96137591
920,0.000153,1.601327e+02,4.19038596
921,0.000153,1.601249e+02,7.54589300
922,0.000158,1.601091e+02,5.88187383
923,0.000139,1.600963e+02,4.77627105
924,0.000146,1.600960e+02,9.41735755
925,0.000205,1.600760e+02,7.16503869
926,0.000166,1.600611e+02,5.62468278
927,0.000163,1.600487e+02,4.60910033
928,0.000171,1.600463e+02,8.91136994
929,0.000185,1.600276e+02,6.81540320
930,0.002837,1.600133e+02,5.39037157
931,0.000148,1.600013e+02,4.45833408
932,0.000490,1.599970e+02,8.44486148
933,0.000284,1.599794e+02,6.49482722
934,0.000133,1.599657e+02,5.17730748
935,0.000132,1.599540e+02,4.32273512
936,0.000127,1.599481e+02,8.01497365
937,0.000125,1.599314e+02,6.20123326
938,0.000127,1.599182e+02,4.98395661
939,0.000121,1.599068e+02,4.20116867
940,0.000131,1.598995e+02,7.61906403
941,0.000131,1.598836e+02,5.93271622
942,0.000126,1.598708e+02,4.80892301
943,0.000189,1.598596e+02,4.09261726
944,0.000163,1.598510e+02,7.25473282
945,0.000148,1.598359e+02,5.68755278
946,0.000142,1.598235e+02,4.65095118
947,0.000150,1.598218e+02,9.05528631
948,0.000144,1.598027e+02,6.92010168
949,0.000155,1.597882e+02,5.46434202
950,0.000155,1.597761e+02,4.50899434
951,0.000154,1.597725e+02,8.60684441
952,0.000148,1.597545e+02,6.61274786
953,0.000160,1.597405e+02,5.26146489
954,0.000150,1.597287e+02,4.38195341
955,0.000387,1.597233e+02,8.19277873
956,0.000177,1.597062e+02,6.33108490
957,0.000182,1.596927e+02,5.07776407
958,0.000162,1.596811e+02,4.26899363
959,0.000175,1.596742e+02,7.81092950
960,0.000167,1.596578e+02,6.07359909
961,0.000220,1.596447e+02,4.91217463
962,0.000155,1.596333e+02,4.16937790
963,0.000167,1.596249e+02,7.45931977
964,0.000159,1.596093e+02,5.83893031
965,0.000159,1.595964e+02,4.76375959
966,0.000166,1.595955e+02,9.34605543
967,0.000156,1.595755e+02,7.13647871
968,0.000437,1.595604e+02,5.62603251
969,0.000157,1.595478e+02,4.63178512
970,0.002109,1.595447e+02,8.91091908
971,0.000124,1.595257e+02,6.84034958
972,0.000118,1.595111e+02,5.43362900
973,0.000117,1.594987e+02,4.51546241
974,0.000126,1.594937e+02,8.50916439
975,0.000128,1.594755e+02,6.56973911
976,0.000130,1.594612e+02,5.26091318
977,0.000127,1.594489e+02,4.41426277
978,0.000140,1.594422e+02,8.13904909
979,0.000138,1.594247e+02,6.32350835
980,0.000133,1.594107e+02,5.10715631
981,0.000128,1.593985e+02,4.32773780
982,0.000135,1.593900e+02,7.79899360
983,0.000129,1.593731e+02,6.10065580
984,0.000181,1.593593e+02,4.97173685
985,0.000157,1.593588e+02,9.80672455
986,0.000148,1.593371e+02,7.48792586
987,0.000145,1.593206e+02,5.90047686
988,0.000148,1.593069e+02,4.85420134
989,0.000159,1.593040e+02,9.38325138
990,0.000160,1.592831e+02,7.20408373
991,0.000153,1.592670e+02,5.72196504
992,0.000143,1.592534e+02,4.75397299
993,0.000156,1.592481e+02,8.99326891
994,0.000144,1.592280e+02,6.94658631
995,0.000189,1.592121e+02,5.56454014
996,0.000154,1.591984e+02,4.67064737
997,0.000201,1.591910e+02,8.63533061
998,0.000153,1.591714e+02,6.71450386
999,0.000148,1.591556e+02,5.42757608
1000,0.000156,1.591418e+02,4.60375127
1001,0.000148,1.591323e+02,8.30804567
1002,0.000159,1.591131e+02,6.50690855
1003,0.000162,1.590974e+02,5.31038102
1004,0.000170,1.590967e+02,10.47607254
1005,0.000137,1.590718e+02,8.01042823
1006,0.000147,1.590529e+02,6.32299487
1007,0.000135,1.590371e+02,5.21219646
1008,0.002125,1.590335e+02,10.06399386
1009,0.000131,1.590093e+02,7.74046258
1010,0.000128,1.589906e+02,6.16133430
1011,0.000142,1.589746e+02,5.13180389
1012,0.000127,1.589681e+02,9.68530972
1013,0.000128,1.589446e+02,7.49685236
1014,0.000132,1.589259e+02,6.02062734
1015,0.000126,1.589097e+02,5.06777624
1016,0.000129,1.589005e+02,9.33809479
1017,0.000127,1.588773e+02,7.27786054
1018,0.000146,1.588586e+02,5.89908512
1019,0.000132,1.588421e+02,5.01814372
1020,0.000129,1.588303e+02,9.02010576
1021,0.000174,1.588074e+02,7.08130865
1022,0.000153,1.587886e+02,5.79436049
1023,0.000147,1.587871e+02,11.39467966
1024,0.000146,1.587575e+02,8.72916186
1025,0.000170,1.587348e+02,6.90469404
1026,0.000143,1.587158e+02,5.70355051
1027,0.000145,1.587110e+02,10.98511243
1028,0.000153,1.586821e+02,8.46140872
1029,0.000198,1.586596e+02,6.74434510
1030,0.000148,1.586404e+02,5.62283375
1031,0.000157,1.586325e+02,10.60419321
1032,0.000146,1.586043e+02,8.21354225
1033,0.000284,1.585819e+02,6.59647303
1034,0.000160,1.585626e+02,5.54797072
1035,0.000169,1.585519e+02,10.24822246
1036,0.000338,1.585243e+02,7.98158237
1037,0.000250,1.585021e+02,6.45669845
1038,0.000173,1.584827e+02,5.47425005
1039,0.000152,1.584697e+02,9.91313369
1040,0.000155,1.584428e+02,7.76120572
1041,0.000166,1.584208e+02,6.32038600
1042,0.000154,1.584014e+02,5.39685949
1043,0.000155,1.583865e+02,9.59477642
1044,0.000160,1.583603e+02,7.54808623
1045,0.000159,1.583387e+02,6.18306020
1046,0.000160,1.583367e+02,12.12381414
1047,0.002587,1.583033e+02,9.28979113
1048,0.000159,1.582778e+02,7.33858146
1049,0.000146,1.582567e+02,6.04102573
1050,0.000159,1.582527e+02,11.70718846
1051,0.000155,1.582208e+02,8.99396555
1052,0.000139,1.581963e+02,7.12922424
1053,0.000135,1.581758e+02,5.89144764
1054,0.000214,1.581704e+02,11.30805413
1055,0.000141,1.581401e+02,8.70533305
1056,0.000143,1.581167e+02,6.91841726
1057,0.000135,1.580970e+02,5.73331548
1058,0.000139,1.580908e+02,10.92473627
1059,0.000401,1.580621e+02,8.42290367
1060,0.000123,1.580398e+02,6.70595753
1061,0.000163,1.580211e+02,5.56732810
1062,0.000146,1.580146e+02,10.55647369
1063,0.000127,1.579876e+02,8.14689394
1064,0.000130,1.579666e+02,6.49310200
1065,0.000137,1.579489e+02,5.39582130
1066,0.000139,1.579425e+02,10.20339617
1067,0.000131,1.579171e+02,7.87857809
1068,0.000138,1.578974e+02,6.28229141
1069,0.000140,1.578809e+02,5.22236805
1070,0.000133,1.578747e+02,9.86626358
1071,0.000135,1.578510e+02,7.61990651
1072,0.000143,1.578326e+02,6.07664243
1073,0.000128,1.578171e+02,5.05115484
1074,0.000136,1.578114e+02,9.54608974
1075,0.000142,1.577892e+02,7.37301607
1076,0.000145,1.577720e+02,5.87934604
1077,0.000132,1.577575e+02,4.88628604
1078,0.000141,1.577523e+02,9.24376517
1079,0.000132,1.577315e+02,7.13976534
1080,0.000133,1.577154e+02,5.69312318
1081,0.000138,1.577019e+02,4.73118113
1082,0.000133,1.576970e+02,8.95977342
1083,0.000143,1.576776e+02,6.92140299
1084,0.000152,1.576625e+02,5.51985671
1085,0.002156,1.576497e+02,4.58818916
1086,0.000131,1.576452e+02,8.69405201
1087,0.000149,1.576269e+02,6.71842214
1088,0.000118,1.576126e+02,5.36045141
1089,0.000115,1.576006e+02,4.45846885
1090,0.000126,1.575963e+02,8.44599692
1091,0.000118,1.575790e+02,6.53059088
1092,0.000125,1.575654e+02,5.21490156
1093,0.000154,1.575540e+02,4.34210212
1094,0.000121,1.575498e+02,8.21457116
1095,0.000124,1.575333e+02,6.35710473
1096,0.000119,1.575204e+02,5.08249607
1097,0.000111,1.575095e+02,4.23835596
1098,0.000168,1.575052e+02,7.99846269
1099,0.000143,1.574894e+02,6.19679184
1100,0.000133,1.574771e+02,4.96207699
1101,0.000128,1.574666e+02,4.14599424
1102,0.000143,1.574621e+02,7.79624323
1103,0.000148,1.574470e+02,6.04831249
1104,0.000193,1.574351e+02,4.85228260
1105,0.000166,1.574250e+02,4.06356204
1106,0.000146,1.574203e+02,7.60649717
1107,0.000149,1.574058e+02,5.91031725
1108,0.000159,1.573943e+02,4.75173537
1109,0.000147,1.573844e+02,3.98959929
1110,0.000149,1.573795e+02,7.42790858
1111,0.000155,1.573654e+02,5.78155159
1112,0.000160,1.573542e+02,4.65916301
1113,0.000147,1.573446e+02,3.92277412
1114,0.000149,1.573394e+02,7.25930792
1115,0.000158,1.573258e+02,5.66091099
1116,0.000144,1.573149e+02,4.57345987
1117,0.000141,1.573054e+02,3.86194695
1118,0.000166,1.573000e+02,7.09968735
1119,0.000152,1.572867e+02,5.54745858
1120,0.000150,1.572761e+02,4.49370468
1121,0.000151,1.572668e+02,3.80618519
1122,0.000145,1.572610e+02,6.94819546
1123,0.000147,1.572482e+02,5.44041883
1124,0.002312,1.572377e+02,4.41915102
1125,0.000155,1.572286e+02,3.75474875
1126,0.000159,1.572225e+02,6.80412061
1127,0.000127,1.572099e+02,5.33915866
1128,0.000297,1.571997e+02,4.34920443
1129,0.000463,1.571907e+02,3.70706174
1130,0.000132,1.571843e+02,6.66687000
1131,0.000127,1.571720e+02,5.24316402
1132,0.000122,1.571620e+02,4.28339520
1133,0.000120,1.571531e+02,3.66268078
1134,0.000134,1.571464e+02,6.53594855
1135,0.000125,1.571344e+02,5.15201693
1136,0.000123,1.571245e+02,4.22135242
1137,0.000129,1.571242e+02,8.35097009
1138,0.000176,1.571087e+02,6.41107993
1139,0.000169,1.570970e+02,5.06543789
1140,0.000159,1.570872e+02,4.16280629
1141,0.000155,1.570864e+02,8.18165438
1142,0.000154,1.570713e+02,6.29164432
1143,0.000158,1.570597e+02,4.98302177
1144,0.000159,1.570501e+02,4.10747089
1145,0.000157,1.570487e+02,8.01928241
1146,0.000147,1.570340e+02,6.17743707
1147,0.000171,1.570226e+02,4.90457965
1148,0.000168,1.570131e+02,4.05517693
1149,0.000148,1.570112e+02,7.86355282
1150,0.000146,1.569968e+02,6.06822272
1151,0.000158,1.569857e+02,4.82992579
1152,0.000145,1.569763e+02,4.00577593
1153,0.000155,1.569738e+02,7.71416822
1154,0.000153,1.569597e+02,5.96378130
1155,0.000153,1.569488e+02,4.75889604
1156,0.000146,1.569395e+02,3.95914429
1157,0.000154,1.569365e+02,7.57085568
1158,0.000143,1.569228e+02,5.86391663
1159,0.000147,1.569120e+02,4.69134958
1160,0.000164,1.569028e+02,3.91518157
1161,0.000155,1.568994e+02,7.43336923
1162,0.000156,1.568859e+02,5.76845621
1163,0.000161,1.568752e+02,4.62716743
1164,0.003367,1.568661e+02,3.87380825
1165,0.000161,1.568622e+02,7.30148861
1166,0.000153,1.568490e+02,5.67724981
1167,0.000156,1.568384e+02,4.56625094
1168,0.000151,1.568294e+02,3.83496422
1169,0.000154,1.568251e+02,7.17501745
1170,0.000160,1.568121e+02,5.59016810
1171,0.000164,1.568017e+02,4.50852079
1172,0.000151,1.567927e+02,3.79860798
1173,0.000170,1.567880e+02,7.05378199
1174,0.000151,1.567752e+02,5.50710187
1175,0.000150,1.567649e+02,4.45391661
1176,0.000161,1.567560e+02,3.76471651
1177,0.000160,1.567508e+02,6.93763014
1178,0.000191,1.567382e+02,5.42796178
1179,0.000349,1.567280e+02,4.40239713
1180,0.000317,1.567192e+02,3.73328571
1181,0.000292,1.567136e+02,6.82643125
1182,0.000288,1.567012e+02,5.35267860
1183,0.000256,1.566911e+02,4.35394081
1184,0.000682,1.566822e+02,3.70433127
1185,0.000300,1.566763e+02,6.72007615
1186,0.000254,1.566640e+02,5.28120387
1187,0.000193,1.566540e+02,4.30854696
1188,0.000213,1.566452e+02,3.67789005
1189,0.000197,1.566389e+02,6.61847779
1190,0.000203,1.566267e+02,5.21351103
1191,0.000322,1.566168e+02,4.26623719
1192,0.000287,1.566079e+02,3.65402177
1193,0.000315,1.566012e+02,6.52157217
1194,0.000313,1.565892e+02,5.14959690
1195,0.000284,1.565793e+02,4.22705728
1196,0.000284,1.565789e+02,8.36051265
1197,0.000278,1.565634e+02,6.42943791
1198,0.000313,1.565515e+02,5.08953186
1199,0.000272,1.565416e+02,4.19109478
1200,0.000283,1.565406e+02,8.23167939
1201,0.000309,1.565253e+02,6.34182445
1202,0.000293,1.565135e+02,5.03326163
1203,0.000273,1.565036e+02,4.15841193
1204,0.003072,1.565019e+02,8.10852869
1205,0.000142,1.564868e+02,6.25883967
1206,0.000125,1.564751e+02,4.98091001
1207,0.000120,1.564652e+02,4.12916063
1208,0.000125,1.564629e+02,7.99107537
1209,0.000128,1.564480e+02,6.18055280
1210,0.000131,1.564363e+02,4.93260041
1211,0.000138,1.564264e+02,4.10351251
1212,0.000135,1.564235e+02,7.87932998
1213,0.000142,1.564087e+02,6.10704791
1214,0.000135,1.563970e+02,4.88848243
1215,0.000135,1.563871e+02,4.08167174
1216,0.000133,1.563836e+02,7.77332622
1217,0.000140,1.563688e+02,6.03843909
1218,0.000179,1.563572e+02,4.84874040
1219,0.000159,1.563472e+02,4.06387957
1220,0.000174,1.563430e+02,7.67312953
1221,0.000179,1.563284e+02,5.97487578
1222,0.000192,1.563167e+02,4.81359636
1223,0.000253,1.563066e+02,4.05041562
1224,0.000246,1.563017e+02,7.57884017
1225,0.000243,1.562871e+02,5.91654455
1226,0.000228,1.562754e+02,4.78331050
1227,0.000223,1.562652e+02,4.04159657
1228,0.000249,1.562596e+02,7.49059394
1229,0.000233,1.562451e+02,5.86366854
1230,0.000229,1.562333e+02,4.75817868
1231,0.000235,1.562229e+02,4.03777148
1232,0.000227,1.562166e+02,7.40856059
1233,0.000367,1.562020e+02,5.81650399
1234,0.006146,1.561901e+02,4.73852629
1235,0.000231,1.561796e+02,4.03931251
1236,0.009383,1.561724e+02,7.33293927
1237,0.000211,1.561578e+02,5.77533260
1238,0.000148,1.561457e+02,4.72469662
1239,0.000189,1.561350e+02,4.04659901
1240,0.000155,1.561270e+02,7.26394958
1241,0.000149,1.561122e+02,5.74044801
1242,0.000147,1.560999e+02,4.71703178
1243,0.000145,1.560996e+02,9.35092586
1244,0.000221,1.560801e+02,7.20197279
1245,0.000183,1.560652e+02,5.71219597
1246,0.000191,1.560526e+02,4.71586151
1247,0.000213,1.560511e+02,9.25443494
1248,0.003063,1.560315e+02,7.14689976
1249,0.000203,1.560164e+02,5.69068252
1250,0.000402,1.560036e+02,4.72137750
1251,0.000267,1.560008e+02,9.16567360
1252,0.000294,1.559811e+02,7.09901147
1253,0.000158,1.559657e+02,5.67612260
1254,0.000149,1.559525e+02,4.73371824
1255,0.000242,1.559484e+02,9.08476517
1256,0.000192,1.559285e+02,7.05839566
1257,0.000135,1.559128e+02,5.66853814
1258,0.000130,1.558993e+02,4.75280161
1259,0.000137,1.558938e+02,9.01167826
1260,0.000134,1.558737e+02,7.02495436
1261,0.000331,1.558576e+02,5.66771455
1262,0.000241,1.558436e+02,4.77825093
1263,0.000187,1.558366e+02,8.94620254
1264,0.000182,1.558162e+02,6.99834649
1265,0.000538,1.557997e+02,5.67311954
1266,0.000305,1.557852e+02,4.80929927
1267,0.000167,1.557768e+02,8.88788925
1268,0.000148,1.557560e+02,6.97790817
1269,0.000149,1.557391e+02,5.68380919
1270,0.000152,1.557241e+02,4.84468948
1271,0.000136,1.557142e+02,8.83598136
1272,0.000139,1.556930e+02,6.96256985
1273,0.000151,1.556755e+02,5.69833910
1274,0.000136,1.556600e+02,4.88258788
1275,0.000136,1.556486e+02,8.78935003
1276,0.000155,1.556270e+02,6.95078886
1277,0.000141,1.556091e+02,5.71470212
1278,0.000146,1.556087e+02,11.34811409
1279,0.000141,1.555801e+02,8.74671021
1280,0.000150,1.555582e+02,6.94061430
1281,0.000257,1.555398e+02,5.73033968
1282,0.000199,1.555378e+02,11.26944843
1283,0.000161,1.555090e+02,8.70559727
1284,0.000151,1.554867e+02,6.92932137
1285,0.000207,1.554679e+02,5.74210880
1286,0.000280,1.554645e+02,11.19359463
1287,0.000162,1.554355e+02,8.66398610
1288,0.002292,1.554129e+02,6.91418521
1289,0.000131,1.553938e+02,5.74667949
1290,0.000123,1.553892e+02,11.11881975
1291,0.000117,1.553602e+02,8.61956055
1292,0.000119,1.553375e+02,6.89232403
1293,0.000129,1.553182e+02,5.74069472
1294,0.000129,1.553127e+02,11.04336428
1295,0.000187,1.552838e+02,8.57010630
1296,0.000134,1.552611e+02,6.86110595
1297,0.000159,1.552418e+02,5.72121357
1298,0.000192,1.552358e+02,10.96576355
1299,0.000138,1.552072e+02,8.51387981
1300,0.000132,1.551847e+02,6.81857621
1301,0.000133,1.551655e+02,5.68618906
1302,0.000178,1.551596e+02,10.88514017
1303,0.000174,1.551313e+02,8.44995784
1304,0.000146,1.551092e+02,6.76385791
1305,0.000215,1.550904e+02,5.63490287
1306,0.000143,1.550849e+02,10.80143185
1307,0.000139,1.550572e+02,8.37849793
1308,0.000173,1.550357e+02,6.69743261
1309,0.000142,1.550175e+02,5.56824826
1310,0.000290,1.550127e+02,10.71548997
1311,0.000184,1.549858e+02,8.30082760
1312,0.000161,1.549650e+02,6.62120655
1313,0.000177,1.549475e+02,5.48876136
1314,0.000208,1.549438e+02,10.62900123
1315,0.000198,1.549179e+02,8.21931027
1316,0.000227,1.548979e+02,6.53831000
1317,0.000197,1.548812e+02,5.40035129
1318,0.000189,1.548789e+02,10.54423225
1319,0.000194,1.548538e+02,8.13699727
1320,0.000187,1.548347e+02,6.45265016
1321,0.000194,1.548189e+02,5.30776086
1322,0.000176,1.548180e+02,10.46365404
1323,0.000174,1.547940e+02,8.05714418
1324,0.000194,1.547757e+02,6.36831665
1325,0.000188,1.547608e+02,5.21587328
1326,0.000205,1.547477e+02,4.45606505
1327,0.002429,1.547383e+02,7.98240592
1328,0.000134,1.547209e+02,6.28883075
1329,0.000125,1.547067e+02,5.12895478
1330,0.000124,1.546944e+02,4.36122111
1331,0.000121,1.546864e+02,7.91562675
1332,0.000126,1.546698e+02,6.21729023
1333,0.000125,1.546564e+02,5.05043970
1334,0.000118,1.546448e+02,4.27547454
1335,0.000096,1.546381e+02,7.85804560
1336,0.000099,1.546222e+02,6.15533919
1337,0.000118,1.546094e+02,4.98229417
1338,0.000122,1.545984e+02,4.20100861
1339,0.000126,1.545928e+02,7.81014764
1340,0.000113,1.545775e+02,6.10361347
1341,0.000167,1.545652e+02,4.92525683
1342,0.000125,1.545547e+02,4.13860768
1343,0.000129,1.545500e+02,7.77171950
1344,0.000121,1.545351e+02,6.06188772
1345,0.000129,1.545233e+02,4.87905452
1346,0.000139,1.545132e+02,4.08792372
1347,0.000139,1.545093e+02,7.74204925
1348,0.000129,1.544948e+02,6.02934223
1349,0.000130,1.544833e+02,4.84272943
1350,0.000140,1.544735e+02,4.04785308
1351,0.000127,1.544702e+02,7.72015034
1352,0.000123,1.544559e+02,6.00484010
1353,0.000137,1.544447e+02,4.81496783
1354,0.000127,1.544352e+02,4.01690873
1355,0.000157,1.544324e+02,7.70495045
1356,0.000137,1.544183e+02,5.98715414
1357,0.000154,1.544073e+02,4.79436459
1358,0.000130,1.543980e+02,3.99351628
1359,0.000122,1.543955e+02,7.69542290
1360,0.000129,1.543816e+02,5.97512079
1361,0.000104,1.543708e+02,4.77959928
1362,0.000097,1.543616e+02,3.97620849
1363,0.000112,1.543594e+02,7.69066121
1364,0.000121,1.543457e+02,5.96772442
1365,0.000126,1.543349e+02,4.76953012
1366,0.001992,1.543258e+02,3.96372635
1367,0.000100,1.543239e+02,7.68990897
1368,0.000088,1.543102e+02,5.96412850
1369,0.000088,1.542996e+02,4.76322586
1370,0.000085,1.542906e+02,3.95505074
1371,0.000089,1.542888e+02,7.69256038
1372,0.000104,1.542752e+02,5.96367249
1373,0.000120,1.542647e+02,4.75995884
1374,0.000099,1.542557e+02,3.94939143
1375,0.000105,1.542541e+02,7.69814459
1376,0.000107,1.542406e+02,5.96585086
1377,0.000109,1.542300e+02,4.75917831
1378,0.000123,1.542212e+02,3.94615496
1379,0.000195,1.542197e+02,7.70630359
1380,0.000121,1.542062e+02,5.97028554
1381,0.000114,1.541957e+02,4.76047717
1382,0.000107,1.541868e+02,3.94490615
1383,0.000106,1.541855e+02,7.71676961
1384,0.000111,1.541720e+02,5.97669855
1385,0.000111,1.541615e+02,4.76355977
1386,0.000102,1.541527e+02,3.94533158
1387,0.000117,1.541515e+02,7.72934490
1388,0.000114,1.541380e+02,5.98488823
1389,0.000110,1.541275e+02,4.76821437
1390,0.000127,1.541187e+02,3.94720875
1391,0.000101,1.541176e+02,7.74388514
1392,0.000093,1.541041e+02,5.99471011
1393,0.000100,1.540936e+02,4.77429136
1394,0.000097,1.540848e+02,3.95038202
1395,0.000102,1.540838e+02,7.76028661
1396,0.000163,1.540702e+02,6.00606235
1397,0.000152,1.540598e+02,4.78168690
1398,0.000128,1.540510e+02,3.95474457
1399,0.000147,1.540501e+02,7.77847653
1400,0.000125,1.540365e+02,6.01887504
1401,0.001783,1.540260e+02,4.79033100
1402,0.000093,1.540172e+02,3.96022565
1403,0.000087,1.540164e+02,7.79840598
1404,0.000088,1.540028e+02,6.03310255
1405,0.000090,1.539923e+02,4.80017932
1406,0.000091,1.539835e+02,3.96678169
1407,0.000092,1.539827e+02,7.82004495
1408,0.000092,1.539691e+02,6.04871826
1409,0.000091,1.539586e+02,4.81120741
1410,0.000092,1.539498e+02,3.97439027
1411,0.000095,1.539491e+02,7.84337875
1412,0.000111,1.539354e+02,6.06571094
1413,0.000103,1.539248e+02,4.82340702
1414,0.000098,1.539160e+02,3.98304629
1415,0.000135,1.539154e+02,7.86840565
1416,0.000120,1.539017e+02,6.08408238
1417,0.000111,1.538911e+02,4.83678364
1418,0.000110,1.538822e+02,3.99275948
1419,0.000106,1.538817e+02,7.89513523
1420,0.000119,1.538679e+02,6.10384587
1421,0.000122,1.538572e+02,4.85135514
1422,0.000115,1.538484e+02,4.00355312
1423,0.000106,1.538479e+02,7.92358744
1424,0.000110,1.538340e+02,6.12502540
1425,0.000173,1.538233e+02,4.86715094
1426,0.000108,1.538144e+02,4.01546336
1427,0.000108,1.538140e+02,7.95379205
1428,0.000119,1.538000e+02,6.14765525
1429,0.000128,1.537893e+02,4.88421192
1430,0.000114,1.537803e+02,4.02853923
1431,0.000115,1.537800e+02,7.98578845
1432,0.000112,1.537659e+02,6.17178008
1433,0.000113,1.537551e+02,4.90259058
1434,0.000109,1.537461e+02,4.04284301
1435,0.000114,1.537458e+02,8.01962585
1436,0.000111,1.537317e+02,6.19745519
1437,0.001653,1.537208e+02,4.92235160
1438,0.000090,1.537117e+02,4.05845108
1439,0.000090,1.537115e+02,8.05536362
1440,0.000089,1.536972e+02,6.22474723
1441,0.000085,1.536863e+02,4.94357272
1442,0.000097,1.536771e+02,4.07545497
1443,0.000093,1.536769e+02,8.09307196
1444,0.000092,1.536625e+02,6.25373500
1445,0.000085,1.536515e+02,4.96634585
1446,0.000087,1.536423e+02,4.09396279
1447,0.000117,1.536421e+02,8.13283269
1448,0.000112,1.536276e+02,6.28451053
1449,0.000096,1.536164e+02,4.99077845
1450,0.000089,1.536071e+02,4.11410085
1451,0.000137,1.536069e+02,8.17474030
1452,0.000155,1.535923e+02,6.31718036
1453,0.000123,1.535810e+02,5.01699503
1454,0.000137,1.535716e+02,4.13601552
1455,0.000127,1.535714e+02,8.21890308
1456,0.000129,1.535566e+02,6.35186697
1457,0.000127,1.535452e+02,5.04513888
1458,0.000125,1.535357e+02,4.15987511
1459,0.000137,1.535355e+02,8.26544439
1460,0.000131,1.535205e+02,6.38871023
1461,0.000129,1.535090e+02,5.07537379
1462,0.000125,1.534993e+02,4.18587186
1463,0.000132,1.534991e+02,8.31450404
1464,0.000125,1.534839e+02,6.42786893
1465,0.000123,1.534722e+02,5.10788568
1466,0.000131,1.534624e+02,4.21422359
1467,0.000132,1.534621e+02,8.36623948
1468,0.000130,1.534467e+02,6.46952210
1469,0.000121,1.534349e+02,5.14288395
1470,0.000120,1.534249e+02,4.24517496
1471,0.000166,1.534245e+02,8.42082687
1472,0.001682,1.534089e+02,6.51386993
1473,0.000105,1.533968e+02,5.18060220
1474,0.000083,1.533867e+02,4.27899776
1475,0.000084,1.533862e+02,8.47846170
1476,0.000086,1.533703e+02,6.56113406
1477,0.000086,1.533580e+02,5.22129790
1478,0.000085,1.533477e+02,4.31598968
1479,0.000092,1.533470e+02,8.53935856
1480,0.000105,1.533308e+02,6.61155655
1481,0.000090,1.533182e+02,5.26525027
1482,0.000088,1.533077e+02,4.35647076
1483,0.000117,1.533068e+02,8.60374969
1484,0.000114,1.532903e+02,6.66539709
1485,0.000142,1.532774e+02,5.31275570
1486,0.000107,1.532666e+02,4.40077636
1487,0.000103,1.532655e+02,8.67188162
1488,0.000103,1.532486e+02,6.72292751
1489,0.000131,1.532354e+02,5.36411929
1490,0.000106,1.532243e+02,4.44924535
1491,0.000104,1.532229e+02,8.74400905
1492,0.000113,1.532056e+02,6.78442232
1493,0.000135,1.531921e+02,5.41964138
1494,0.000146,1.531806e+02,4.50220159
1495,0.000120,1.531788e+02,8.82038483
1496,0.000105,1.531611e+02,6.85014407
1497,0.000117,1.531472e+02,5.47959697
1498,0.000112,1.531353e+02,4.55992691
1499,0.000117,1.531331e+02,8.90124499
1500,0.000109,1.531148e+02,6.92032191
1501,0.000111,1.531005e+02,5.54420657
1502,0.000115,1.530883e+02,4.62262342
1503,0.000110,1.530855e+02,8.98678720
1504,0.000114,1.530667e+02,6.99512155
1505,0.000110,1.530518e+02,5.61359635
1506,0.000121,1.530391e+02,4.69036336
1507,0.000139,1.530358e+02,9.07714172
1508,0.001473,1.530164e+02,7.07460571
1509,0.000104,1.530010e+02,5.68774657
1510,0.000087,1.529878e+02,4.76302573
1511,0.000089,1.529837e+02,9.17233416
1512,0.000095,1.529637e+02,7.15868432
1513,0.000091,1.529477e+02,5.76642849
1514,0.000089,1.529339e+02,4.84022066
1515,0.000092,1.529291e+02,9.27224067
1516,0.000093,1.529084e+02,7.24705632
1517,0.000092,1.528918e+02,5.84913247
1518,0.000090,1.528774e+02,4.92120586
1519,0.000093,1.528718e+02,9.37653859
1520,0.000094,1.528503e+02,7.33914733
1521,0.000095,1.528331e+02,5.93499384
1522,0.000145,1.528180e+02,5.00480390
1523,0.000108,1.528116e+02,9.48465866
1524,0.000115,1.527894e+02,7.43405230
1525,0.000125,1.527714e+02,6.02272846
1526,0.000107,1.527557e+02,5.08933534
1527,0.000119,1.527485e+02,9.59574932
1528,0.000105,1.527254e+02,7.53049722
1529,0.000104,1.527068e+02,6.11059618
1530,0.000113,1.526904e+02,5.17258910
1531,0.000126,1.526824e+02,9.70866832
1532,0.000118,1.526586e+02,7.62683938
1533,0.000121,1.526393e+02,6.19641557
1534,0.000103,1.526223e+02,5.25185669
1535,0.000111,1.526136e+02,9.82201952
1536,0.000110,1.525891e+02,7.72112856
1537,0.000115,1.525692e+02,6.27765575
1538,0.000109,1.525517e+02,5.32405800
1539,0.000106,1.525425e+02,9.93425252
1540,0.000131,1.525173e+02,7.81124901
1541,0.000110,1.524968e+02,6.35162635
1542,0.001464,1.524789e+02,5.38597927
1543,0.000079,1.524695e+02,10.04383438
1544,0.000077,1.524438e+02,7.89515063
1545,0.000079,1.524230e+02,6.41577165
1546,0.000085,1.524048e+02,5.43462548
1547,0.000078,1.523954e+02,10.14948638
1548,0.000081,1.523694e+02,7.97115597
1549,0.000081,1.523483e+02,6.46804802
1550,0.000080,1.523300e+02,5.46765899
1551,0.000081,1.523211e+02,10.25045392
1552,0.000081,1.522949e+02,8.03829938
1553,0.000082,1.522738e+02,6.50732909
1554,0.000081,1.522555e+02,5.48385824
1555,0.000082,1.522476e+02,10.34675269
1556,0.000121,1.522214e+02,8.09662482
1557,0.000097,1.522004e+02,6.53375021
1558,0.000138,1.521824e+02,5.48349657
1559,0.000110,1.521759e+02,10.43931898
1560,0.000122,1.521498e+02,8.14735417
1561,0.000150,1.521292e+02,6.54888932
1562,0.000136,1.521117e+02,5.46852801
1563,0.000123,1.521069e+02,10.53000087
1564,0.000112,1.520811e+02,8.19285147
1565,0.000121,1.520610e+02,6.55570072
1566,0.000110,1.520440e+02,5.44249084
1567,0.000107,1.520413e+02,10.62136411
1568,0.000108,1.520159e+02,8.23635711
1569,0.000111,1.519963e+02,6.55817565
1570,0.000103,1.519801e+02,5.41010353
1571,0.000106,1.519796e+02,10.71634305
1572,0.000117,1.519547e+02,8.28153611
1573,0.000105,1.519358e+02,6.56078624
1574,0.000121,1.519202e+02,5.37661829
1575,0.000142,1.519066e+02,4.58804711
1576,0.000110,1.518977e+02,8.33170903
1577,0.000110,1.518794e+02,6.56773758
1578,0.001774,1.518645e+02,5.34703745
1579,0.000097,1.518516e+02,4.52888240
1580,0.000088,1.518448e+02,8.39035449
1581,0.000089,1.518270e+02,6.58285380
1582,0.000085,1.518128e+02,5.32565269
1583,0.000079,1.518006e+02,4.47805824
1584,0.000079,1.517956e+02,8.45941589
1585,0.000083,1.517784e+02,6.60855149
1586,0.000081,1.517647e+02,5.31532739
1587,0.000079,1.517531e+02,4.43880832
1588,0.000098,1.517499e+02,8.53998549
1589,0.000082,1.517330e+02,6.64612063
1590,0.000082,1.517198e+02,5.31755781
1591,0.000082,1.517087e+02,4.41281324
1592,0.000118,1.517071e+02,8.63231751
1593,0.000101,1.516905e+02,6.69581314
1594,0.000093,1.516776e+02,5.33260895
1595,0.000092,1.516669e+02,4.40036182
1596,0.000098,1.516667e+02,8.73602226
1597,0.000101,1.516502e+02,6.75710370
1598,0.000109,1.516376e+02,5.35983187
1599,0.000102,1.516272e+02,4.40070918
1600,0.000094,1.516180e+02,3.76540546
1601,0.000095,1.516118e+02,6.82886649
1602,0.000095,1.515993e+02,5.39797434
1603,0.000103,1.515891e+02,4.41247209
1604,0.000092,1.515802e+02,3.75740468
1605,0.000093,1.515748e+02,6.91019327
1606,0.000100,1.515625e+02,5.44576043
1607,0.000094,1.515524e+02,4.43410641
1608,0.000095,1.515436e+02,3.75943657
1609,0.000107,1.515390e+02,6.99982025
1610,0.000096,1.515266e+02,5.50175169
1611,0.000102,1.515167e+02,4.46400592
1612,0.000109,1.515080e+02,3.76976644
1613,0.000100,1.515041e+02,7.09667676
1614,0.001656,1.514917e+02,5.56469932
1615,0.000092,1.514817e+02,4.50076003
1616,0.000082,1.514731e+02,3.78686340
1617,0.000086,1.514698e+02,7.19989300
1618,0.000086,1.514573e+02,5.63358180
1619,0.000087,1.514473e+02,4.54321059
1620,0.000089,1.514388e+02,3.80946838
1621,0.000099,1.514361e+02,7.30879582
1622,0.000095,1.514234e+02,5.70760555
1623,0.000112,1.514134e+02,4.59045570
1624,0.000099,1.514049e+02,3.83659949
1625,0.000100,1.514027e+02,7.42288776
1626,0.000098,1.513899e+02,5.78618052
1627,0.000099,1.513799e+02,4.64182213
1628,0.000134,1.513713e+02,3.86752201
1629,0.000120,1.513697e+02,7.54181768
1630,0.000106,1.513567e+02,5.86888496
1631,0.000107,1.513466e+02,4.69682501
1632,0.000121,1.513380e+02,3.90170425
1633,0.000122,1.513369e+02,7.66535046
1634,0.000107,1.513238e+02,5.95542915
1635,0.000117,1.513135e+02,4.75512634
1636,0.000113,1.513049e+02,3.93877250
1637,0.000109,1.513043e+02,7.79334002
1638,0.000103,1.512910e+02,6.04562341
1639,0.000100,1.512806e+02,4.81649866
1640,0.000093,1.512720e+02,3.97847141
1641,0.000094,1.512719e+02,7.92570725
1642,0.000113,1.512583e+02,6.13935224
1643,0.000096,1.512478e+02,4.88079577
1644,0.000094,1.512391e+02,4.02063239
1645,0.000099,1.512314e+02,3.45515006
1646,0.000093,1.512258e+02,6.23649626
1647,0.000097,1.512152e+02,4.94791575
1648,0.000101,1.512064e+02,4.06515302
1649,0.000092,1.511986e+02,3.48320279
1650,0.000095,1.511933e+02,6.33719491
1651,0.000099,1.511825e+02,5.01788368
1652,0.000113,1.511737e+02,4.11199763
1653,0.001483,1.511658e+02,3.51317334
1654,0.000099,1.511609e+02,6.44139278
1655,0.000090,1.511499e+02,5.09065490
1656,0.000087,1.511410e+02,4.16112416
1657,0.000101,1.511331e+02,3.54501959
1658,0.000100,1.511285e+02,6.54910451
1659,0.000091,1.511174e+02,5.16623265
1660,0.000127,1.511083e+02,4.21252722
1661,0.000290,1.511004e+02,3.57873078
1662,0.000137,1.510961e+02,6.66037628
1663,0.000098,1.510848e+02,5.24464587
1664,0.000101,1.510756e+02,4.26622456
1665,0.000113,1.510676e+02,3.61431832
1666,0.000137,1.510637e+02,6.77527345
1667,0.000164,1.510522e+02,5.32594111
1668,0.000112,1.510429e+02,4.32225119
1669,0.000105,1.510348e+02,3.65181127
1670,0.000098,1.510312e+02,6.89387579
1671,0.000113,1.510195e+02,5.41017901
1672,0.000111,1.510101e+02,4.38065650
1673,0.000107,1.510020e+02,3.69125379
1674,0.000113,1.509987e+02,7.01627545
1675,0.000105,1.509868e+02,5.49743246
1676,0.000109,1.509773e+02,4.44150272
1677,0.000111,1.509690e+02,3.73270373
1678,0.000102,1.509662e+02,7.14257603
1679,0.000111,1.509540e+02,5.58778583
1680,0.000117,1.509443e+02,4.50486407
1681,0.000109,1.509359e+02,3.77623206
1682,0.000117,1.509335e+02,7.27289211
1683,0.000116,1.509210e+02,5.68133458
1684,0.000111,1.509112e+02,4.57082659
1685,0.000109,1.509027e+02,3.82192272
1686,0.000120,1.509006e+02,7.40734930
1687,0.000110,1.508879e+02,5.77818524
1688,0.001545,1.508779e+02,4.63948818
1689,0.000081,1.508693e+02,3.86987290
1690,0.000078,1.508676e+02,7.54608440
1691,0.000078,1.508546e+02,5.87845577
1692,0.000080,1.508444e+02,4.71095904
1693,0.000078,1.508357e+02,3.92019361
1694,0.000081,1.508344e+02,7.68924588
1695,0.000083,1.508211e+02,5.98227598
1696,0.000082,1.508107e+02,4.78536228
1697,0.000082,1.508019e+02,3.97301048
1698,0.000082,1.508010e+02,7.83699444
1699,0.000089,1.507873e+02,6.08978827
1700,0.000106,1.507767e+02,4.86283472
1701,0.000157,1.507677e+02,4.02846483
1702,0.000107,1.507673e+02,7.98950383
1703,0.000113,1.507532e+02,6.20114843
1704,0.000121,1.507424e+02,4.94352791
1705,0.000119,1.507333e+02,4.08671477
1706,0.000113,1.507332e+02,8.14696168
1707,0.000129,1.507188e+02,6.31652658
1708,0.000129,1.507077e+02,5.02760911
1709,0.000123,1.506984e+02,4.14793648
1710,0.000110,1.506901e+02,3.57123904
1711,0.000111,1.506840e+02,6.43605000
1712,0.000106,1.506726e+02,5.11524969
1713,0.000106,1.506631e+02,4.21233118
1714,0.000107,1.506547e+02,3.61929337
1715,0.000103,1.506487e+02,6.56008568
1716,0.000110,1.506370e+02,5.20672089
1717,0.000113,1.506273e+02,4.28013753
1718,0.000103,1.506187e+02,3.67051667
1719,0.000104,1.506128e+02,6.68878343
1720,0.000111,1.506008e+02,5.30220834
1721,0.000106,1.505909e+02,4.35157558
1722,0.000102,1.505821e+02,3.72516348
1723,0.000115,1.505764e+02,6.82236083
1724,0.001654,1.505640e+02,5.40194185
1725,0.000081,1.505538e+02,4.42689835
1726,0.000077,1.505448e+02,3.78351708
1727,0.000079,1.505392e+02,6.96106724
1728,0.000079,1.505265e+02,5.50617677
1729,0.000079,1.505160e+02,4.50638199
1730,0.000081,1.505067e+02,3.84588364
1731,0.000086,1.505012e+02,7.10517321
1732,0.000081,1.504880e+02,5.61518727
1733,0.000082,1.504772e+02,4.59032049
1734,0.000079,1.504677e+02,3.91258693
1735,0.000081,1.504622e+02,7.25496548
1736,0.000082,1.504486e+02,5.72926131
1737,0.000083,1.504374e+02,4.67901963
1738,0.000120,1.504276e+02,3.98396033
1739,0.000095,1.504221e+02,7.41074236
1740,0.000092,1.504080e+02,5.84869414
1741,0.000099,1.503965e+02,4.77278778
1742,0.000101,1.503863e+02,4.06033466
1743,0.000100,1.503808e+02,7.57280694
1744,0.000100,1.503662e+02,5.97377838
1745,0.000094,1.503542e+02,4.87192226
1746,0.000094,1.503437e+02,4.14201998
1747,0.000102,1.503381e+02,7.74145719
1748,0.000095,1.503228e+02,6.10478965
1749,0.000110,1.503104e+02,4.97668938
1750,0.000093,1.502994e+02,4.22927970
1751,0.000113,1.502937e+02,7.91697150
1752,0.000116,1.502778e+02,6.24196605
1753,0.000115,1.502648e+02,5.08729688
1754,0.000108,1.502534e+02,4.32229514
1755,0.000117,1.502475e+02,8.09958881
1756,0.000108,1.502309e+02,6.38548049
1757,0.000118,1.502174e+02,5.20385720
1758,0.000108,1.502054e+02,4.42111930
1759,0.000108,1.501993e+02,8.28948253
1760,0.000119,1.501819e+02,6.53540495
1761,0.001623,1.501677e+02,5.32634079
1762,0.000089,1.501552e+02,4.52561903
1763,0.000088,1.501488e+02,8.48672790
1764,0.000092,1.501306e+02,6.69166670
1765,0.000093,1.501157e+02,5.45452013
1766,0.000088,1.501026e+02,4.63540690
1767,0.000091,1.500958e+02,8.69126403
1768,0.000096,1.500767e+02,6.85399830
1769,0.000092,1.500611e+02,5.58790698
1770,0.000095,1.500473e+02,4.74976663
1771,0.000098,1.500402e+02,8.90285344
1772,0.000096,1.500201e+02,7.02188580
1773,0.000097,1.500036e+02,5.72568929
1774,0.000101,1.499892e+02,4.86758032
1775,0.000209,1.499817e+02,9.12104530
1776,0.000122,1.499606e+02,7.19452353
1777,0.000097,1.499433e+02,5.86667870
1778,0.000092,1.499281e+02,4.98727099
1779,0.000099,1.499202e+02,9.34515171
1780,0.000100,1.498981e+02,7.37078830
1781,0.000096,1.498800e+02,6.00928490
1782,0.000099,1.498641e+02,5.10678011
1783,0.000102,1.498559e+02,9.57425052
1784,0.000095,1.498327e+02,7.54925031
1785,0.000099,1.498138e+02,6.15153820
1786,0.000095,1.497972e+02,5.22360464
1787,0.000096,1.497889e+02,9.80723038
1788,0.000100,1.497647e+02,7.72824038
1789,0.000092,1.497450e+02,6.29118350
1790,0.000094,1.497277e+02,5.33491959
1791,0.000101,1.497194e+02,10.04289223
1792,0.000094,1.496942e+02,7.90599049
1793,0.000094,1.496738e+02,6.42586455
1794,0.000106,1.496560e+02,5.43780579
1795,0.000098,1.496480e+02,10.28011415
1796,0.000096,1.496220e+02,8.08085382
1797,0.001520,1.496010e+02,6.55340351
1798,0.000091,1.495827e+02,5.52958610
1799,0.000087,1.495755e+02,10.51807087
1800,0.000090,1.495487e+02,8.25159030
1801,0.000091,1.495272e+02,6.67215602
1802,0.000088,1.495087e+02,5.60824439
1803,0.000089,1.495026e+02,10.75647727
1804,0.000092,1.494752e+02,8.41767602
1805,0.000088,1.494534e+02,6.78138873
1806,0.000089,1.494348e+02,5.67286457
1807,0.000091,1.494303e+02,10.99580268
1808,0.000094,1.494025e+02,8.57956749
1809,0.000095,1.493806e+02,6.88159500
1810,0.000103,1.493621e+02,5.72399280
1811,0.000130,1.493597e+02,11.23739049
1812,0.000116,1.493316e+02,8.73883845
1813,0.000106,1.493098e+02,6.97465025
1814,0.000109,1.492916e+02,5.76381129
1815,0.000114,1.492754e+02,4.96095114
1816,0.000119,1.492634e+02,8.89792317
1817,0.000110,1.492418e+02,7.06365688
1818,0.000113,1.492240e+02,5.79601975
1819,0.000123,1.492084e+02,4.94825035
1820,0.000114,1.491987e+02,9.06070828
1821,0.000111,1.491774e+02,7.15295095
1822,0.000115,1.491601e+02,5.82554000
1823,0.000105,1.491451e+02,4.93029238
1824,0.000112,1.491380e+02,9.23079160
1825,0.000114,1.491170e+02,7.24697277
1826,0.000112,1.491003e+02,5.85764299
1827,0.000108,1.490859e+02,4.91305380
1828,0.000124,1.490814e+02,9.41173137
1829,0.000111,1.490608e+02,7.34999764
1830,0.000102,1.490446e+02,5.89736194
1831,0.000101,1.490309e+02,4.90224755
1832,0.001407,1.490291e+02,9.60652238
1833,0.000081,1.490087e+02,7.46555561
1834,0.000077,1.489929e+02,5.94883081
1835,0.000081,1.489798e+02,4.90258396
1836,0.000076,1.489683e+02,4.20394827
1837,0.000077,1.489603e+02,7.59594417
1838,0.000082,1.489450e+02,6.01482261
1839,0.000082,1.489324e+02,4.91728454
1840,0.000078,1.489214e+02,4.17938526
1841,0.000082,1.489154e+02,7.74279251
1842,0.000080,1.489003e+02,6.09695513
1843,0.000081,1.488882e+02,4.94808925
1844,0.000082,1.488776e+02,4.17082571
1845,0.000081,1.488735e+02,7.90630318
1846,0.000136,1.488585e+02,6.19543377
1847,0.000107,1.488466e+02,4.99524934
1848,0.000097,1.488364e+02,4.17858687
1849,0.000116,1.488339e+02,8.08603741
1850,0.000112,1.488189e+02,6.30963924
1851,0.000115,1.488072e+02,5.05802553
1852,0.000112,1.487973e+02,4.20186955
1853,0.000111,1.487963e+02,8.28117017
1854,0.000110,1.487812e+02,6.43847387
1855,0.000121,1.487695e+02,5.13510459
1856,0.000106,1.487598e+02,4.23921916
1857,0.000104,1.487511e+02,3.64507224
1858,0.000112,1.487450e+02,6.58058460
1859,0.000107,1.487333e+02,5.22493314
1860,0.000105,1.487236e+02,4.28892628
1861,0.000111,1.487151e+02,3.66514561
1862,0.000106,1.487099e+02,6.73496451
1863,0.000109,1.486981e+02,5.32614366
1864,0.000120,1.486885e+02,4.34937978
1865,0.000105,1.486800e+02,3.69535659
1866,0.000106,1.486757e+02,6.90051669
1867,0.001622,1.486637e+02,5.43744046
1868,0.000084,1.486541e+02,4.41912481
1869,0.000083,1.486457e+02,3.73414777
1870,0.000079,1.486421e+02,7.07642145
1871,0.000078,1.486300e+02,5.55781342
1872,0.000080,1.486202e+02,4.49700172
1873,0.000080,1.486118e+02,3.78026278
1874,0.000081,1.486092e+02,7.26210249
1875,0.000082,1.485968e+02,5.68652104
1876,0.000079,1.485869e+02,4.58213982
1877,0.000080,1.485785e+02,3.83274650
1878,0.000082,1.485766e+02,7.45719100
1879,0.000082,1.485639e+02,5.82305477
1880,0.000083,1.485539e+02,4.67392186
1881,0.000119,1.485454e+02,3.89090980
1882,0.000095,1.485444e+02,7.66148709
1883,0.000099,1.485314e+02,5.96709545
1884,0.000093,1.485212e+02,4.77193690
1885,0.000093,1.485126e+02,3.95428048
1886,0.000105,1.485125e+02,7.87492325
1887,0.000095,1.484991e+02,6.11847121
1888,0.000093,1.484887e+02,4.87593378
1889,0.000101,1.484800e+02,4.02255422
1890,0.000094,1.484723e+02,3.45814719
1891,0.000133,1.484670e+02,6.27707485
1892,0.000246,1.484564e+02,4.98577313
1893,0.000144,1.484476e+02,4.09555965
1894,0.000139,1.484398e+02,3.50416252
1895,0.000114,1.484350e+02,6.44307300
1896,0.000102,1.484242e+02,5.10147360
1897,0.000101,1.484153e+02,4.17323125
1898,0.000106,1.484075e+02,3.55386676
1899,0.000112,1.484032e+02,6.61649335
1900,0.000119,1.483921e+02,5.22302845
1901,0.000121,1.483830e+02,4.25553562
1902,0.000124,1.483751e+02,3.60720705
1903,0.000108,1.483715e+02,6.79745178
1904,0.001844,1.483601e+02,5.35049995
1905,0.000101,1.483509e+02,4.34249837
1906,0.000091,1.483429e+02,3.66418456
1907,0.000091,1.483398e+02,6.98611265
1908,0.000093,1.483281e+02,5.48399295
1909,0.000098,1.483187e+02,4.43418464
1910,0.000100,1.483106e+02,3.72483853
1911,0.000111,1.483082e+02,7.18267357
1912,0.000101,1.482962e+02,5.62364280
1913,0.000103,1.482866e+02,4.53068866
1914,0.000102,1.482784e+02,3.78923676
1915,0.000119,1.482767e+02,7.38735836
1916,0.000108,1.482642e+02,5.76960900
1917,0.000106,1.482544e+02,4.63212751
1918,0.000152,1.482461e+02,3.85746957
1919,0.000125,1.482451e+02,7.60041343
1920,0.000123,1.482323e+02,5.92207142
1921,0.000113,1.482223e+02,4.73863741
1922,0.000119,1.482138e+02,3.92964596
1923,0.000118,1.482136e+02,7.82210577
1924,0.000122,1.482003e+02,6.08122819
1925,0.000097,1.481900e+02,4.85037131
1926,0.000096,1.481814e+02,4.00589122
1927,0.000107,1.481737e+02,3.44833572
1928,0.000104,1.481683e+02,6.24725566
1929,0.000100,1.481577e+02,4.96749434
1930,0.000105,1.481489e+02,4.08635580
1931,0.000104,1.481412e+02,3.50215015
1932,0.000099,1.481362e+02,6.42051798
1933,0.000104,1.481253e+02,5.09024417
1934,0.000101,1.481164e+02,4.17121110
1935,0.000099,1.481085e+02,3.55937689
1936,0.000101,1.481039e+02,6.60120828
1937,0.000105,1.480928e+02,5.21879079
1938,0.000100,1.480836e+02,4.26061223
1939,0.000107,1.480756e+02,3.62016162
1940,0.000098,1.480716e+02,6.78957609
1941,0.001545,1.480601e+02,5.35333906
1942,0.000084,1.480507e+02,4.35473790
1943,0.000080,1.480426e+02,3.68466895
1944,0.000087,1.480391e+02,6.98589943
1945,0.000084,1.480272e+02,5.49411470
1946,0.000084,1.480176e+02,4.45378398
1947,0.000084,1.480093e+02,3.75307979
1948,0.000086,1.480064e+02,7.19047732
1949,0.000085,1.479941e+02,5.64136071
1950,0.000089,1.479843e+02,4.55796191
1951,0.000087,1.479758e+02,3.82559100
1952,0.000087,1.479735e+02,7.40362818
1953,0.000088,1.479608e+02,5.79533684
1954,0.000101,1.479506e+02,4.66749890
1955,0.000124,1.479420e+02,3.90241589
1956,0.000101,1.479403e+02,7.62569005
1957,0.000099,1.479271e+02,5.95632008
1958,0.000104,1.479167e+02,4.78263848
1959,0.000097,1.479078e+02,3.98378489
1960,0.000102,1.479068e+02,7.85702141
1961,0.000107,1.478931e+02,6.12460546
1962,0.000100,1.478824e+02,4.90364131
1963,0.000109,1.478733e+02,4.06994641
1964,0.000099,1.478730e+02,8.09800224
1965,0.000110,1.478587e+02,6.30050694
1966,0.000102,1.478476e+02,5.03078603
1967,0.000101,1.478383e+02,4.16116756
1968,0.000102,1.478299e+02,3.58873278
1969,0.000101,1.478238e+02,6.48431379
1970,0.000101,1.478124e+02,5.16436508
1971,0.000112,1.478028e+02,4.25774507
1972,0.000099,1.477942e+02,3.65896286
1973,0.000112,1.477884e+02,6.67652728
1974,0.000108,1.477765e+02,5.30475541
1975,0.000101,1.477666e+02,4.36000362
1976,0.000102,1.477579e+02,3.73407042
1977,0.004171,1.477524e+02,6.87746287
1978,0.000114,1.477400e+02,5.45226219
1979,0.000090,1.477298e+02,4.46825306
1980,0.000089,1.477208e+02,3.81438159
1981,0.000090,1.477156e+02,7.08750097
1982,0.000098,1.477028e+02,5.60723111
1983,0.000092,1.476922e+02,4.58283074
1984,0.000092,1.476829e+02,3.90024419
1985,0.000099,1.476781e+02,7.30705501
1986,0.000097,1.476646e+02,5.77003057
1987,0.000103,1.476536e+02,4.70409042
1988,0.000100,1.476440e+02,3.99201912
1989,0.000100,1.476395e+02,7.53656055
1990,0.000229,1.476255e+02,5.94104343
1991,0.000329,1.476141e+02,4.83239427
1992,0.000286,1.476041e+02,4.09007102
1993,0.000280,1.475999e+02,7.77646902
1994,0.000317,1.475852e+02,6.12065957
1995,0.000351,1.475733e+02,4.96810308
1996,0.000319,1.475629e+02,4.19475530
1997,0.000361,1.475590e+02,8.02724110
1998,0.000303,1.475436e+02,6.30926630
1999,0.000304,1.475311e+02,5.11156268
2000,0.000343,1.475203e+02,4.30639986
2001,0.000297,1.475167e+02,8.28933773
2002,0.000293,1.475005e+02,6.50723487
2003,0.000388,1.474874e+02,5.26308506
2004,0.000340,1.474761e+02,4.42527983
2005,0.000349,1.474728e+02,8.56320760
2006,0.000371,1.474557e+02,6.71490224
2007,0.000336,1.474419e+02,5.42292304
2008,0.000301,1.474301e+02,4.55158414
2009,0.000313,1.474271e+02,8.84927054
2010,0.000341,1.474089e+02,6.93254710
2011,0.000301,1.473945e+02,5.59123744
2012,0.000335,1.473820e+02,4.68537284
2013,0.000366,1.473793e+02,9.14789633
2014,0.002071,1.473601e+02,7.16035986
2015,0.000116,1.473448e+02,5.76805679
2016,0.000105,1.473317e+02,4.82652544
2017,0.000101,1.473293e+02,9.45937929
2018,0.000115,1.473089e+02,7.39840744
2019,0.000111,1.472928e+02,5.95323068
2020,0.000101,1.472789e+02,4.97468194
2021,0.000100,1.472768e+02,9.78391031
2022,0.000110,1.472551e+02,7.64659518
2023,0.000108,1.472381e+02,6.14638027
2024,0.000096,1.472234e+02,5.12918150
2025,0.000136,1.472216e+02,10.12154965
2026,0.000171,1.471987e+02,7.90463078
2027,0.000153,1.471806e+02,6.34685269
2028,0.000196,1.471651e+02,5.28900747
2029,0.000206,1.471636e+02,10.47220646
2030,0.000157,1.471393e+02,8.17199846
2031,0.000162,1.471201e+02,6.55369039
2032,0.000153,1.471039e+02,5.45275264
2033,0.000137,1.471029e+02,10.83563366
2034,0.000159,1.470770e+02,8.44795539
2035,0.000148,1.470568e+02,6.76563074
2036,0.000127,1.470396e+02,5.61862378
2037,0.000120,1.470393e+02,11.21144959
2038,0.000120,1.470120e+02,8.73156493
2039,0.000137,1.469906e+02,6.98115464
2040,0.000195,1.469726e+02,5.78450786
2041,0.000200,1.469564e+02,4.99944101
2042,0.000275,1.469443e+02,9.02165958
2043,0.000234,1.469219e+02,7.19858765
2044,0.000217,1.469031e+02,5.94814911
2045,0.000223,1.468863e+02,5.12396768
2046,0.000209,1.468744e+02,9.31761782
2047,0.000207,1.468510e+02,7.41648169
2048,0.000219,1.468315e+02,6.10738551
2049,0.000217,1.468141e+02,5.23977954
2050,0.000211,1.468030e+02,9.61852459
2051,0.003480,1.467786e+02,7.63347788
2052,0.000236,1.467585e+02,6.26038096
2053,0.000195,1.467408e+02,5.34457039
2054,0.000197,1.467307e+02,9.92407131
2055,0.000199,1.467056e+02,7.84891319
2056,0.000215,1.466850e+02,6.40612079
2057,0.000195,1.466670e+02,5.43698393
2058,0.000195,1.466585e+02,10.23471364
2059,0.000213,1.466327e+02,8.06307860
2060,0.000209,1.466119e+02,6.54475603
2061,0.000209,1.465938e+02,5.51702859
2062,0.000193,1.465875e+02,10.55181579
2063,0.000224,1.465611e+02,8.27741069
2064,0.000220,1.465402e+02,6.67784257
2065,0.000167,1.465223e+02,5.58636184
2066,0.000162,1.465185e+02,10.87767542
2067,0.000146,1.464918e+02,8.49451516
2068,0.000284,1.464708e+02,6.80836824
2069,0.000145,1.464532e+02,5.64832875
2070,0.000150,1.464526e+02,11.21537854
2071,0.000162,1.464255e+02,8.71796950
2072,0.000158,1.464047e+02,6.94050785
2073,0.000147,1.463875e+02,5.70768567
2074,0.000158,1.463723e+02,4.87944754
2075,0.000278,1.463630e+02,8.95176055
2076,0.000264,1.463424e+02,7.07907981
2077,0.000257,1.463256e+02,5.77002843
2078,0.000261,1.463110e+02,4.88218848
2079,0.000250,1.463046e+02,9.20051363
2080,0.000266,1.462842e+02,7.22918759
2081,0.000256,1.462679e+02,5.84111011
2082,0.000244,1.462539e+02,4.89119339
2083,0.000240,1.462505e+02,9.46781964
2084,0.000266,1.462302e+02,7.39508250
2085,0.000258,1.462143e+02,5.92590141
2086,0.000250,1.462009e+02,4.91209058
2087,0.000236,1.462006e+02,9.75656045
2088,0.000171,1.461802e+02,7.58003606
2089,0.000167,1.461646e+02,6.02817514
2090,0.000562,1.461518e+02,4.94917328
2091,0.000534,1.461405e+02,4.22210692
2092,0.000520,1.461339e+02,7.78599605
2093,0.000556,1.461185e+02,6.15020822
2094,0.000504,1.461061e+02,5.00507999
2095,0.000441,1.460953e+02,4.22752487
2096,0.003246,1.460909e+02,8.01420314
2097,0.000203,1.460756e+02,6.29308635
2098,0.000159,1.460633e+02,5.08092878
2099,0.000168,1.460529e+02,4.25202056
2100,0.000154,1.460506e+02,8.26461962
2101,0.000154,1.460352e+02,6.45662821
2102,0.000158,1.460231e+02,5.17648751
2103,0.000148,1.460129e+02,4.29538399
2104,0.000160,1.460126e+02,8.53673609
2105,0.000174,1.459969e+02,6.64001658
2106,0.000170,1.459849e+02,5.29073175
2107,0.000167,1.459748e+02,4.35648792
2108,0.000166,1.459660e+02,3.73135345
2109,0.000168,1.459604e+02,6.84207291
2110,0.000284,1.459482e+02,5.42224549
2111,0.000211,1.459383e+02,4.43375858
2112,0.000182,1.459295e+02,3.76825515
2113,0.000175,1.459252e+02,7.06188763
2114,0.000159,1.459129e+02,5.56969425
2115,0.000155,1.459029e+02,4.52558996
2116,0.000120,1.458942e+02,3.81847064
2117,0.000115,1.458911e+02,7.29845136
2118,0.000104,1.458785e+02,5.73178937
2119,0.000114,1.458684e+02,4.63048709
2120,0.000107,1.458597e+02,3.88037993
2121,0.000108,1.458578e+02,7.55105022
2122,0.000115,1.458448e+02,5.90753855
2123,0.000104,1.458346e+02,4.74725061
2124,0.000100,1.458259e+02,3.95265443
2125,0.000120,1.458252e+02,7.81924857
2126,0.000106,1.458118e+02,6.09625039
2127,0.000107,1.458014e+02,4.87499764
2128,0.000239,1.457926e+02,4.03428872
2129,0.000218,1.457848e+02,3.47647578
2130,0.000131,1.457792e+02,6.29746183
2131,0.000161,1.457686e+02,5.01312866
2132,0.000152,1.457597e+02,4.12458542
2133,0.000141,1.457518e+02,3.53160922
2134,0.000159,1.457471e+02,6.51112134
2135,0.000151,1.457361e+02,5.16135863
2136,0.000143,1.457271e+02,4.22311803
2137,0.000142,1.457192e+02,3.59340737
2138,0.002383,1.457152e+02,6.73717355
2139,0.000127,1.457039e+02,5.31951219
2140,0.000127,1.456947e+02,4.32962821
2141,0.000125,1.456867e+02,3.66155896
2142,0.000128,1.456836e+02,6.97574175
2143,0.000133,1.456719e+02,5.48758222
2144,0.000134,1.456625e+02,4.44402084
2145,0.000129,1.456544e+02,3.73591264
2146,0.000133,1.456522e+02,7.22706959
2147,0.000113,1.456401e+02,5.66568017
2148,0.000090,1.456305e+02,4.56631857
2149,0.000091,1.456223e+02,3.81643405
2150,0.000094,1.456210e+02,7.49148906
2151,0.000092,1.456084e+02,5.85400455
2152,0.000141,1.455986e+02,4.69663020
2153,0.000124,1.455902e+02,3.90317426
2154,0.000109,1.455900e+02,7.76940082
2155,0.000112,1.455769e+02,6.05281998
2156,0.000116,1.455667e+02,4.83512861
2157,0.000108,1.455582e+02,3.99624708
2158,0.000105,1.455507e+02,3.43949681
2159,0.000098,1.455454e+02,6.26241177
2160,0.000101,1.455350e+02,4.98203639
2161,0.000109,1.455263e+02,4.09582591
2162,0.000205,1.455186e+02,3.50435793
2163,0.000149,1.455141e+02,6.48326178
2164,0.000118,1.455033e+02,5.13766484
2165,0.000107,1.454944e+02,4.20212398
2166,0.000105,1.454866e+02,3.57430019
2167,0.000115,1.454827e+02,6.71571911
2168,0.000109,1.454716e+02,5.30228347
2169,0.000130,1.454625e+02,4.31535700
2170,0.000131,1.454545e+02,3.64950013
2171,0.000125,1.454515e+02,6.96020264
2172,0.000126,1.454399e+02,5.47620872
2173,0.000126,1.454305e+02,4.43577462
2174,0.000132,1.454225e+02,3.73016207
2175,0.000127,1.454202e+02,7.21717413
2176,0.000132,1.454081e+02,5.65978891
2177,0.000152,1.453985e+02,4.56365148
2178,0.002000,1.453903e+02,3.81651235
2179,0.000107,1.453890e+02,7.48713001
2180,0.000103,1.453764e+02,5.85339920
2181,0.000106,1.453665e+02,4.69928383
2182,0.000099,1.453581e+02,3.90879654
2183,0.000101,1.453577e+02,7.77059913
2184,0.000092,1.453446e+02,6.05744009
2185,0.000086,1.453344e+02,4.84298819
2186,0.000083,1.453258e+02,4.00727818
2187,0.000087,1.453181e+02,3.45357890
2188,0.000084,1.453127e+02,6.27230721
2189,0.000085,1.453021e+02,4.99510262
2190,0.000084,1.452933e+02,4.11225114
2191,0.000083,1.452855e+02,3.52417514
2192,0.000120,1.452807e+02,6.49857103
2193,0.000110,1.452698e+02,5.15603241
2194,0.000098,1.452607e+02,4.22402843
2195,0.000097,1.452528e+02,3.59996312
2196,0.000103,1.452486e+02,6.73666130
2197,0.000102,1.452372e+02,5.32613107
2198,0.000102,1.452280e+02,4.34291476
2199,0.000096,1.452198e+02,3.68121487
2200,0.000104,1.452164e+02,6.98707081
2201,0.000099,1.452045e+02,5.50579187
2202,0.000099,1.451950e+02,4.46924180
2203,0.000106,1.451866e+02,3.76822412
2204,0.000099,1.451839e+02,7.25033190
2205,0.000100,1.451716e+02,5.69543627
2206,0.000103,1.451617e+02,4.60336277
2207,0.000103,1.451532e+02,3.86130403
2208,0.000101,1.451513e+02,7.52701060
2209,0.000104,1.451384e+02,5.89551134
2210,0.000102,1.451281e+02,4.74565156
2211,0.000150,1.451194e+02,3.96078698
2212,0.000141,1.451184e+02,7.81770613
2213,0.000117,1.451048e+02,6.10649002
2214,0.000139,1.450942e+02,4.89650320
2215,0.000150,1.450852e+02,4.06702493
2216,0.000147,1.450852e+02,8.12305195
2217,0.001980,1.450710e+02,6.32887212
2218,0.000108,1.450599e+02,5.05633462
2219,0.000099,1.450506e+02,4.18039001
2220,0.000104,1.450424e+02,3.60024960
2221,0.000105,1.450366e+02,6.56315097
2222,0.000115,1.450251e+02,5.22558723
2223,0.000103,1.450156e+02,4.30128959
2224,0.000102,1.450071e+02,3.68629246
2225,0.000108,1.450019e+02,6.81002037
2226,0.000108,1.449898e+02,5.40478002
2227,0.000105,1.449799e+02,4.43015379
2228,0.000104,1.449712e+02,3.77880384
2229,0.000086,1.449665e+02,7.07001401
2230,0.000114,1.449539e+02,5.59437343
2231,0.000108,1.449436e+02,4.56740376
2232,0.000105,1.449346e+02,3.87818967
2233,0.000097,1.449305e+02,7.34373777
2234,0.000099,1.449173e+02,5.79487287
2235,0.000109,1.449066e+02,4.71349001
2236,0.000102,1.448972e+02,3.98487795
2237,0.000100,1.448938e+02,7.63184174
2238,0.000105,1.448799e+02,6.00681338
2239,0.000097,1.448687e+02,4.86888296
2240,0.000099,1.448590e+02,4.09931133
2241,0.000102,1.448562e+02,7.93501134
2242,0.000105,1.448415e+02,6.23075320
2243,0.000098,1.448298e+02,5.03406673
2244,0.000096,1.448197e+02,4.22193957
2245,0.000109,1.448176e+02,8.25396328
2246,0.000099,1.448021e+02,6.46726870
2247,0.000098,1.447898e+02,5.20953195
2248,0.000103,1.447792e+02,4.35320932
2249,0.000105,1.447779e+02,8.58944161
2250,0.000099,1.447615e+02,6.71694784
2251,0.000105,1.447485e+02,5.39576577
2252,0.000097,1.447375e+02,4.49354976
2253,0.000101,1.447369e+02,8.94221231
2254,0.000110,1.447194e+02,6.98038103
2255,0.001811,1.447057e+02,5.59323800
2256,0.000100,1.446941e+02,4.64335307
2257,0.000161,1.446837e+02,4.01931890
2258,0.000173,1.446758e+02,7.25809799
2259,0.000123,1.446613e+02,5.80238123
2260,0.000096,1.446491e+02,4.80296554
2261,0.000099,1.446381e+02,4.14445422
2262,0.000099,1.446304e+02,7.55083405
2263,0.000098,1.446150e+02,6.02364344
2264,0.000101,1.446021e+02,4.97264276
2265,0.000111,1.445906e+02,4.27820391
2266,0.000106,1.445830e+02,7.85902263
2267,0.000104,1.445667e+02,6.25727212
2268,0.000106,1.445530e+02,5.15246457
2269,0.000172,1.445408e+02,4.42049755
2270,0.000130,1.445334e+02,8.18307763
2271,0.000127,1.445160e+02,6.50341725
2272,0.000118,1.445015e+02,5.34234141
2273,0.000152,1.444886e+02,4.57102786
2274,0.000127,1.444814e+02,8.52332915
2275,0.000120,1.444628e+02,6.76207528
2276,0.000132,1.444474e+02,5.54195683
2277,0.000103,1.444338e+02,4.72918613
2278,0.000096,1.444267e+02,8.87998717
2279,0.000105,1.444069e+02,7.03304928
2280,0.000100,1.443906e+02,5.75072074
2281,0.000095,1.443761e+02,4.89400690
2282,0.000117,1.443693e+02,9.25312026
2283,0.000097,1.443481e+02,7.31592416
2284,0.000098,1.443308e+02,5.96774009
2285,0.000101,1.443156e+02,5.06413357
2286,0.000097,1.443091e+02,9.64265318
2287,0.000095,1.442865e+02,7.61006584
2288,0.000103,1.442681e+02,6.19182062
2289,0.000097,1.442520e+02,5.23782309
2290,0.000099,1.442462e+02,10.04839263
2291,0.001500,1.442221e+02,7.91465866
2292,0.000089,1.442026e+02,6.42151822
2293,0.000091,1.441856e+02,5.41301172
2294,0.000100,1.441806e+02,10.47009284
2295,0.000092,1.441550e+02,8.22879560
2296,0.000092,1.441344e+02,6.65525811
2297,0.000095,1.441167e+02,5.58746412
2298,0.000107,1.441128e+02,10.90756922
2299,0.000096,1.440856e+02,8.55163170
2300,0.000097,1.440640e+02,6.89153421
2301,0.000094,1.440456e+02,5.75901929
2302,0.000099,1.440432e+02,11.36086015
2303,0.000098,1.440146e+02,8.88259889
2304,0.000097,1.439920e+02,7.12918504
2305,0.000154,1.439729e+02,5.92592879
2306,0.000118,1.439727e+02,11.83042175
2307,0.000129,1.439426e+02,9.22166058
2308,0.000124,1.439192e+02,7.36771758
2309,0.000118,1.438996e+02,6.08725238
2310,0.000120,1.438821e+02,5.23418044
2311,0.000124,1.438706e+02,9.56943670
2312,0.000118,1.438465e+02,7.60761266
2313,0.000120,1.438265e+02,6.24327708
2314,0.000128,1.438090e+02,5.32601950
2315,0.000130,1.437995e+02,9.92805657
2316,0.000126,1.437748e+02,7.85073839
2317,0.000131,1.437547e+02,6.39577148
2318,0.000120,1.437372e+02,5.40833892
2319,0.000117,1.437304e+02,10.30005879
2320,0.000123,1.437052e+02,8.09994940
2321,0.000121,1.436851e+02,6.54792951
2322,0.000119,1.436678e+02,5.48459970
2323,0.000132,1.436643e+02,10.68895799
2324,0.000128,1.436386e+02,8.35921385
2325,0.000123,1.436185e+02,6.70426266
2326,0.001511,1.436016e+02,5.55980929
2327,0.000084,1.435866e+02,4.79345257
2328,0.000081,1.435757e+02,8.63303384
2329,0.000090,1.435557e+02,6.87004255
2330,0.000082,1.435392e+02,5.63994880
2331,0.000079,1.435247e+02,4.80749234
2332,0.000081,1.435169e+02,8.92647440
2333,0.000081,1.434970e+02,7.05084216
2334,0.000081,1.434809e+02,5.73124448
2335,0.000079,1.434671e+02,4.82923249
2336,0.000082,1.434624e+02,9.24369870
2337,0.000082,1.434425e+02,7.25145737
2338,0.000079,1.434268e+02,5.83921006
2339,0.000079,1.434135e+02,4.86483270
2340,0.000102,1.434122e+02,9.58811064
2341,0.000117,1.433922e+02,7.47565996
2342,0.000104,1.433767e+02,5.96813559
2343,0.000108,1.433639e+02,4.91912673
2344,0.000105,1.433526e+02,4.21150199
2345,0.000126,1.433456e+02,7.72585396
2346,0.000119,1.433303e+02,6.12075345
2347,0.000119,1.433178e+02,4.99523868
2348,0.000119,1.433069e+02,4.22945783
2349,0.000154,1.433024e+02,8.00359911
2350,0.000127,1.432870e+02,6.29847751
2351,0.000126,1.432748e+02,5.09465400
2352,0.000113,1.432643e+02,4.26903034
2353,0.000114,1.432620e+02,8.30917372
2354,0.000122,1.432465e+02,6.50139477
2355,0.000117,1.432343e+02,5.21741139
2356,0.000114,1.432241e+02,4.33030820
2357,0.000128,1.432149e+02,3.73775411
2358,0.000115,1.432082e+02,6.72882586
2359,0.000117,1.431960e+02,5.36264790
2360,0.000122,1.431859e+02,4.41235711
2361,0.000114,1.431769e+02,3.77295655
2362,0.000118,1.431717e+02,6.98002038
2363,0.002057,1.431594e+02,5.52918688
2364,0.000097,1.431493e+02,4.51376443
2365,0.000083,1.431404e+02,3.82570623
2366,0.000085,1.431367e+02,7.25399747
2367,0.000093,1.431241e+02,5.71569115
2368,0.000082,1.431139e+02,4.63296132
2369,0.000087,1.431051e+02,3.89431082
2370,0.000084,1.431028e+02,7.55000568
2371,0.000084,1.430898e+02,5.92102722
2372,0.000084,1.430795e+02,4.76855129
2373,0.000085,1.430707e+02,3.97722284
2374,0.000086,1.430699e+02,7.86758733
2375,0.000084,1.430564e+02,6.14436524
2376,0.000110,1.430458e+02,4.91943956
2377,0.000106,1.430369e+02,4.07318740
2378,0.000109,1.430290e+02,3.50917027
2379,0.000099,1.430236e+02,6.38516309
2380,0.000102,1.430127e+02,5.08486428
2381,0.000096,1.430037e+02,4.18129700
2382,0.000096,1.429958e+02,3.57498863
2383,0.000100,1.429913e+02,6.64335375
2384,0.000099,1.429801e+02,5.26444459
2385,0.000108,1.429710e+02,4.30097977
2386,0.000104,1.429629e+02,3.65018393
2387,0.000098,1.429595e+02,6.91895271
2388,0.000114,1.429479e+02,5.45799009
2389,0.000110,1.429385e+02,4.43190797
2390,0.000114,1.429304e+02,3.73434327
2391,0.000107,1.429280e+02,7.21222105
2392,0.000115,1.429159e+02,5.66554668
2393,0.000113,1.429063e+02,4.57398419
2394,0.000105,1.428981e+02,3.82727947
2395,0.000103,1.428968e+02,7.52359897
2396,0.000108,1.428842e+02,5.88733691
2397,0.000116,1.428743e+02,4.72728537
2398,0.000105,1.428659e+02,3.92897733
2399,0.000106,1.428584e+02,3.39970248
2400,0.000104,1.428528e+02,6.12369118
2401,0.001594,1.428425e+02,4.89202059
2402,0.000086,1.428340e+02,4.03956121
2403,0.000079,1.428263e+02,3.47057472
2404,0.000082,1.428215e+02,6.37517737
2405,0.000083,1.428109e+02,5.06854271
2406,0.000085,1.428021e+02,4.15925586
2407,0.000086,1.427944e+02,3.54833455
2408,0.000083,1.427903e+02,6.64230341
2409,0.000084,1.427793e+02,5.25721841
2410,0.000085,1.427703e+02,4.28833503
2411,0.000087,1.427625e+02,3.63318871
2412,0.000091,1.427593e+02,6.92567767
2413,0.000106,1.427479e+02,5.45849194
2414,0.000090,1.427386e+02,4.42713616
2415,0.000128,1.427306e+02,3.72540117
2416,0.000108,1.427285e+02,7.22598026
2417,0.000103,1.427165e+02,5.67286509
2418,0.000116,1.427069e+02,4.57604472
2419,0.000100,1.426987e+02,3.82527942
2420,0.000111,1.426977e+02,7.54395207
2421,0.000118,1.426851e+02,5.90088822
2422,0.000170,1.426753e+02,4.73548578
2423,0.000161,1.426669e+02,3.93316614
2424,0.000160,1.426594e+02,3.40116003
2425,0.000139,1.426539e+02,6.14313294
2426,0.000151,1.426436e+02,4.90592302
2427,0.000142,1.426350e+02,4.04944692
2428,0.000142,1.426274e+02,3.47780247
2429,0.000129,1.426226e+02,6.40033885
2430,0.000150,1.426119e+02,5.08789139
2431,0.000149,1.426031e+02,4.17453476
2432,0.000124,1.425954e+02,3.56101992
2433,0.000122,1.425913e+02,6.67314678
2434,0.000138,1.425802e+02,5.28189666
2435,0.000141,1.425712e+02,4.30884641
2436,0.000153,1.425632e+02,3.65116397
2437,0.000158,1.425601e+02,6.96227044
2438,0.000114,1.425485e+02,5.48849196
2439,0.001968,1.425391e+02,4.45283097
2440,0.000099,1.425310e+02,3.74861216
2441,0.000104,1.425288e+02,7.26847724
2442,0.000101,1.425167e+02,5.70826810
2443,0.000100,1.425070e+02,4.60696481
2444,0.000098,1.424986e+02,3.85376502
2445,0.000112,1.424975e+02,7.59258398
2446,0.000107,1.424847e+02,5.94185171
2447,0.000108,1.424747e+02,4.77175066
2448,0.000106,1.424661e+02,3.96704521
2449,0.000103,1.424585e+02,3.43431706
2450,0.000092,1.424527e+02,6.18988250
2451,0.000094,1.424422e+02,4.94772162
2452,0.000124,1.424334e+02,4.08891035
2453,0.000114,1.424256e+02,3.51679132
2454,0.000125,1.424205e+02,6.45316510
2455,0.000147,1.424096e+02,5.13547765
2456,0.000123,1.424005e+02,4.21984086
2457,0.000103,1.423925e+02,3.60614207
2458,0.000116,1.423881e+02,6.73240172
2459,0.000105,1.423767e+02,5.33558660
2460,0.000119,1.423674e+02,4.36031868
2461,0.000139,1.423591e+02,3.70279245
2462,0.000146,1.423556e+02,7.02836744
2463,0.000136,1.423436e+02,5.54866332
2464,0.000134,1.423339e+02,4.51085782
2465,0.000130,1.423255e+02,3.80719185
2466,0.000127,1.423228e+02,7.34189217
2467,0.000131,1.423102e+02,5.77536113
2468,0.000152,1.423001e+02,4.67200048
2469,0.000146,1.422914e+02,3.91981401
2470,0.000143,1.422897e+02,7.67385718
2471,0.000131,1.422764e+02,6.01637078
2472,0.000129,1.422659e+02,4.84431683
2473,0.000116,1.422569e+02,4.04115677
2474,0.000117,1.422563e+02,8.02519619
2475,0.000115,1.422422e+02,6.27242171
2476,0.000124,1.422312e+02,5.02840595
2477,0.002007,1.422219e+02,4.17174221
2478,0.000103,1.422136e+02,3.60417100
2479,0.000109,1.422076e+02,6.54425594
2480,0.000105,1.421961e+02,5.22490107
2481,0.000107,1.421864e+02,4.31213207
2482,0.000105,1.421778e+02,3.70406787
2483,0.000115,1.421724e+02,6.83280852
2484,0.000114,1.421603e+02,5.43451218
2485,0.000105,1.421502e+02,4.46291175
2486,0.000129,1.421413e+02,3.81225757
2487,0.000133,1.421366e+02,7.13888953
2488,0.000124,1.421238e+02,5.65790775
2489,0.000118,1.421133e+02,4.62466393
2490,0.000110,1.421040e+02,3.92927448
2491,0.000165,1.421000e+02,7.46339065
2492,0.000137,1.420865e+02,5.89580614
2493,0.000131,1.420755e+02,4.79800107
2494,0.000120,1.420659e+02,4.05567209
2495,0.000142,1.420627e+02,7.80726119
2496,0.000124,1.420483e+02,6.14896174
2497,0.000120,1.420367e+02,4.98355562
2498,0.000122,1.420267e+02,4.19201354
2499,0.000120,1.420243e+02,8.17150037
2500,0.000128,1.420090e+02,6.41815842
2501,0.000131,1.419969e+02,5.18197234
2502,0.000119,1.419864e+02,4.33886112
2503,0.000149,1.419849e+02,8.55715348
2504,0.000123,1.419686e+02,6.70420360
2505,0.000118,1.419557e+02,5.39389900
2506,0.000127,1.419447e+02,4.49676243
2507,0.000124,1.419442e+02,8.96530776
2508,0.000124,1.419268e+02,7.00792052
2509,0.000125,1.419131e+02,5.61997398
2510,0.000134,1.419015e+02,4.66623194
2511,0.000107,1.418910e+02,4.03701730
2512,0.000109,1.418834e+02,7.33009701
2513,0.000097,1.418688e+02,5.86081442
2514,0.000097,1.418566e+02,4.84774792
2515,0.000102,1.418455e+02,4.17673333
2516,0.000107,1.418383e+02,7.67172370
2517,0.002044,1.418227e+02,6.11705485
2518,0.000112,1.418097e+02,5.04170092
2519,0.000103,1.417981e+02,4.32671410
2520,0.000113,1.417912e+02,8.03352927
2521,0.000102,1.417745e+02,6.38915527
2522,0.000104,1.417607e+02,5.24832313
2523,0.000101,1.417484e+02,4.48699690
2524,0.000102,1.417419e+02,8.41624625
2525,0.000099,1.417241e+02,6.67749927
2526,0.000101,1.417093e+02,5.46769577
2527,0.000097,1.416963e+02,4.65739765
2528,0.000101,1.416903e+02,8.82055584
2529,0.000101,1.416711e+02,6.98234636
2530,0.000137,1.416554e+02,5.69969991
2531,0.000150,1.416416e+02,4.83745411
2532,0.000160,1.416361e+02,9.24705944
2533,0.000153,1.416155e+02,7.30380093
2534,0.000140,1.415987e+02,5.94397920
2535,0.000127,1.415840e+02,5.02638026
2536,0.000140,1.415792e+02,9.69626583
2537,0.000138,1.415570e+02,7.64179694
2538,0.000123,1.415391e+02,6.19992133
2539,0.000132,1.415235e+02,5.22304315
2540,0.000120,1.415196e+02,10.16859718
2541,0.000125,1.414957e+02,7.99610704
2542,0.000115,1.414766e+02,6.46667101
2543,0.000097,1.414601e+02,5.42597973
2544,0.000100,1.414573e+02,10.66442242
2545,0.000108,1.414317e+02,8.36638850
2546,0.000102,1.414113e+02,6.74319144
2547,0.000098,1.413939e+02,5.63347439
2548,0.000100,1.413925e+02,11.18412743
2549,0.000105,1.413650e+02,8.75227853
2550,0.000098,1.413434e+02,7.02839000
2551,0.000099,1.413251e+02,5.84371661
2552,0.000102,1.413085e+02,5.06114598
2553,0.000099,1.412962e+02,9.15346445
2554,0.001806,1.412734e+02,7.32132426
2555,0.000126,1.412542e+02,6.05508923
2556,0.000104,1.412370e+02,5.21227061
2557,0.000113,1.412258e+02,9.57038018
2558,0.000129,1.412018e+02,7.62158481
2559,0.000113,1.411818e+02,6.26645660
2560,0.000112,1.411641e+02,5.35701405
2561,0.000118,1.411545e+02,10.00357734
2562,0.000118,1.411294e+02,7.92927673
2563,0.000110,1.411088e+02,6.47747572
2564,0.000108,1.410907e+02,5.49456855
2565,0.000107,1.410833e+02,10.45448819
2566,0.000115,1.410571e+02,8.24553617
2567,0.000101,1.410360e+02,6.68902829
2568,0.000164,1.410178e+02,5.62554297
2569,0.000124,1.410132e+02,10.92549964
2570,0.000121,1.409861e+02,8.57266877
2571,0.000130,1.409646e+02,6.90342139
2572,0.000114,1.409463e+02,5.75222730
2573,0.000122,1.409453e+02,11.41993719
2574,0.000128,1.409172e+02,8.91413288
2575,0.000126,1.408954e+02,7.12437779
2576,0.000136,1.408772e+02,5.87860626
2577,0.000126,1.408611e+02,5.03867116
2578,0.000125,1.408514e+02,9.27420453
2579,0.000121,1.408294e+02,7.35674671
2580,0.000122,1.408114e+02,6.01007818
2581,0.000133,1.407957e+02,5.09199405
2582,0.000129,1.407893e+02,9.65815388
2583,0.000125,1.407671e+02,7.60616598
2584,0.000128,1.407494e+02,6.15285320
2585,0.000121,1.407342e+02,5.15152694
2586,0.000121,1.407315e+02,10.07074420
2587,0.000131,1.407090e+02,7.87801045
2588,0.000108,1.406915e+02,6.31304886
2589,0.000101,1.406768e+02,5.22408739
2590,0.001519,1.406638e+02,4.48916623
2591,0.000083,1.406553e+02,8.17696677
2592,0.000083,1.406379e+02,6.49602495
2593,0.000082,1.406236e+02,5.31572685
2594,0.000081,1.406112e+02,4.51090478
2595,0.000086,1.406057e+02,8.50705280
2596,0.000124,1.405883e+02,6.70601481
2597,0.000098,1.405743e+02,5.43111526
2598,0.000092,1.405624e+02,4.55341226
2599,0.000101,1.405600e+02,8.87074344
2600,0.000102,1.405424e+02,6.94560553
2601,0.000116,1.405286e+02,5.57313208
2602,0.000122,1.405171e+02,4.61992042
2603,0.000126,1.405068e+02,3.97859009
2604,0.000167,1.404997e+02,7.21600859
2605,0.000170,1.404860e+02,5.74304607
2606,0.000142,1.404747e+02,4.71187337
2607,0.000159,1.404648e+02,4.01205431
2608,0.000159,1.404598e+02,7.51772221
2609,0.000144,1.404460e+02,5.94101880
2610,0.000151,1.404348e+02,4.82933574
2611,0.000136,1.404251e+02,4.06865369
2612,0.000132,1.404223e+02,7.85042877
2613,0.000131,1.404081e+02,6.16635492
2614,0.000118,1.403969e+02,4.97141676
2615,0.000114,1.403873e+02,4.14743549
2616,0.000122,1.403866e+02,8.21367134
2617,0.000114,1.403719e+02,6.41809910
2618,0.000115,1.403606e+02,5.13684244
2619,0.000132,1.403510e+02,4.24696780
2620,0.000113,1.403426e+02,3.64958908
2621,0.000120,1.403372e+02,6.69531051
2622,0.000128,1.403255e+02,5.32432862
2623,0.000120,1.403159e+02,4.36576256
2624,0.000117,1.403075e+02,3.71733442
2625,0.000123,1.403035e+02,6.99749270
2626,0.001680,1.402915e+02,5.53289621
2627,0.000091,1.402818e+02,4.50254981
2628,0.000085,1.402733e+02,3.80037956
2629,0.000084,1.402707e+02,7.32429337
2630,0.000083,1.402582e+02,5.76181638
2631,0.000084,1.402483e+02,4.65635148
2632,0.000085,1.402398e+02,3.89760362
2633,0.000082,1.402386e+02,7.67574580
2634,0.000083,1.402256e+02,6.01073951
2635,0.000081,1.402154e+02,4.82655854
2636,0.000082,1.402067e+02,4.00824306
2637,0.000082,1.401990e+02,3.46277620
2638,0.000082,1.401934e+02,6.27962473
2639,0.000103,1.401829e+02,5.01289907
2640,0.000105,1.401741e+02,4.13187721
2641,0.000103,1.401663e+02,3.54017008
2642,0.000152,1.401617e+02,6.56885492
2643,0.000130,1.401508e+02,5.21543419
2644,0.000117,1.401417e+02,4.26837354
2645,0.000120,1.401338e+02,3.62761398
2646,0.000137,1.401304e+02,6.87889662
2647,0.000127,1.401189e+02,5.43438852
2648,0.000127,1.401097e+02,4.41779995
2649,0.000116,1.401016e+02,3.72507345
2650,0.000109,1.400993e+02,7.21043325
2651,0.000188,1.400874e+02,5.67018358
2652,0.000120,1.400778e+02,4.58040737
2653,0.000117,1.400696e+02,3.83268892
2654,0.000129,1.400686e+02,7.56431102
2655,0.000110,1.400560e+02,5.92338965
2656,0.000113,1.400461e+02,4.75658449
2657,0.000103,1.400377e+02,3.95073202
2658,0.000100,1.400302e+02,3.41420263
2659,0.000114,1.400248e+02,6.19467433
2660,0.000103,1.400145e+02,4.94683106
2661,0.000104,1.400060e+02,4.07958700
2662,0.000105,1.399983e+02,3.49787221
2663,0.000102,1.399938e+02,6.48492355
2664,0.000100,1.399831e+02,5.15176865
2665,0.001641,1.399743e+02,4.21971473
2666,0.000085,1.399665e+02,3.58997870
2667,0.000085,1.399630e+02,6.79497483
2668,0.000084,1.399518e+02,5.37203176
2669,0.000084,1.399426e+02,4.37161675
2670,0.000084,1.399347e+02,3.69092769
2671,0.000091,1.399323e+02,7.12577319
2672,0.000092,1.399205e+02,5.60833269
2673,0.000091,1.399111e+02,4.53585358
2674,0.000099,1.399029e+02,3.80117533
2675,0.000087,1.399017e+02,7.47834905
2676,0.000088,1.398893e+02,5.86144742
2677,0.000087,1.398795e+02,4.71303429
2678,0.000086,1.398712e+02,3.92121910
2679,0.000133,1.398637e+02,3.39522250
2680,0.000112,1.398581e+02,6.13219237
2681,0.000104,1.398479e+02,4.90381733
2682,0.000108,1.398394e+02,4.05160618
2683,0.000103,1.398318e+02,3.48132557
2684,0.000121,1.398270e+02,6.42155394
2685,0.000115,1.398164e+02,5.10893672
2686,0.000116,1.398076e+02,4.19291592
2687,0.000123,1.397998e+02,3.57554368
2688,0.000123,1.397960e+02,6.73045040
2689,0.000134,1.397848e+02,5.32911429
2690,0.000185,1.397757e+02,4.34574094
2691,0.000186,1.397677e+02,3.67837456
2692,0.000160,1.397649e+02,7.05988833
2693,0.000136,1.397532e+02,5.56512984
2694,0.000166,1.397437e+02,4.51071320
2695,0.000131,1.397356e+02,3.79034754
2696,0.000135,1.397339e+02,7.41094744
2697,0.000136,1.397215e+02,5.81781387
2698,0.000133,1.397117e+02,4.68850024
2699,0.000124,1.397033e+02,3.91202104
2700,0.000125,1.397028e+02,7.78477847
2701,0.000126,1.396897e+02,6.08804734
2702,0.002044,1.396795e+02,4.87980524
2703,0.000114,1.396708e+02,4.04398188
2704,0.000097,1.396631e+02,3.48677150
2705,0.000103,1.396579e+02,6.37674438
2706,0.000095,1.396471e+02,5.08537589
2707,0.000104,1.396382e+02,4.18686193
2708,0.000099,1.396303e+02,3.58367942
2709,0.000098,1.396259e+02,6.68499929
2710,0.000096,1.396146e+02,5.30603443
2711,0.000098,1.396053e+02,4.34131908
2712,0.000097,1.395972e+02,3.68932609
2713,0.000097,1.395937e+02,7.01382214
2714,0.000092,1.395819e+02,5.54258371
2715,0.000131,1.395722e+02,4.50802121
2716,0.000233,1.395639e+02,3.80428652
2717,0.000249,1.395614e+02,7.36431733
2718,0.000220,1.395489e+02,5.79588781
2719,0.000300,1.395389e+02,4.68767692
2720,0.000138,1.395302e+02,3.92916751
2721,0.000181,1.395289e+02,7.73766716
2722,0.000191,1.395156e+02,6.06686475
2723,0.000175,1.395051e+02,4.88103238
2724,0.000182,1.394962e+02,4.06460585
2725,0.000192,1.394881e+02,3.52367781
2726,0.000226,1.394820e+02,6.35646572
2727,0.000182,1.394710e+02,5.08887753
2728,0.000186,1.394617e+02,4.21128264
2729,0.000179,1.394534e+02,3.62600277
2730,0.000167,1.394480e+02,6.66582273
2731,0.000187,1.394364e+02,5.31207921
2732,0.000182,1.394268e+02,4.36990817
2733,0.000171,1.394182e+02,3.73758379
2734,0.000174,1.394136e+02,6.99598801
2735,0.000180,1.394013e+02,5.55148647
2736,0.000186,1.393912e+02,4.54120278
2737,0.000172,1.393824e+02,3.85905806
2738,0.000168,1.393786e+02,7.34810754
2739,0.000157,1.393656e+02,5.80800860
2740,0.000166,1.393551e+02,4.72592589
2741,0.000161,1.393458e+02,3.99109200
2742,0.002290,1.393431e+02,7.72340465
2743,0.000113,1.393292e+02,6.08260685
2744,0.000110,1.393181e+02,4.92487096
2745,0.000102,1.393085e+02,4.13437640
2746,0.000109,1.393068e+02,8.12317726
2747,0.000102,1.392921e+02,6.37629278
2748,0.000096,1.392803e+02,5.13886293
2749,0.000093,1.392703e+02,4.28962170
2750,0.000104,1.392698e+02,8.54879877
2751,0.000096,1.392540e+02,6.69012776
2752,0.000148,1.392415e+02,5.36875543
2753,0.000169,1.392310e+02,4.45755180
2754,0.000394,1.392215e+02,3.85344434
2755,0.000156,1.392148e+02,7.02519352
2756,0.000204,1.392016e+02,5.61543438
2757,0.000184,1.391905e+02,4.63891570
2758,0.000356,1.391806e+02,3.98807294
2759,0.000216,1.391745e+02,7.38278576
2760,0.000143,1.391604e+02,5.87985228
2761,0.000133,1.391487e+02,4.83445213
2762,0.000112,1.391383e+02,4.13419707
2763,0.000127,1.391329e+02,7.76405177
2764,0.000120,1.391178e+02,6.16288871
2765,0.000291,1.391053e+02,5.04484945
2766,0.000192,1.390944e+02,4.29236867
2767,0.000136,1.390896e+02,8.17021441
2768,0.000135,1.390735e+02,6.46544006
2769,0.000121,1.390602e+02,5.27076351
2770,0.000130,1.390486e+02,4.46306536
2771,0.000123,1.390447e+02,8.60253544
2772,0.000122,1.390273e+02,6.78838915
2773,0.000313,1.390132e+02,5.51278585
2774,0.000138,1.390009e+02,4.64665178
2775,0.000111,1.389979e+02,9.06229562
2776,0.000117,1.389790e+02,7.13258154
2777,0.000147,1.389639e+02,5.77141245
2778,0.000175,1.389509e+02,4.84333788
2779,0.000153,1.389489e+02,9.55077914
2780,0.000150,1.389285e+02,7.49880284
2781,0.000133,1.389123e+02,6.04701190
2782,0.000143,1.388984e+02,5.05313547
2783,0.000135,1.388976e+02,10.06926047
2784,0.000146,1.388755e+02,7.88775830
2785,0.002538,1.388581e+02,6.33979597
2786,0.000127,1.388432e+02,5.27581789
2787,0.000109,1.388298e+02,4.57409588
2788,0.000114,1.388198e+02,8.30001136
2789,0.000100,1.388011e+02,6.64981174
2790,0.000096,1.387853e+02,5.51092528
2791,0.000110,1.387710e+02,4.75591909
2792,0.000103,1.387615e+02,8.73630339
2793,0.000120,1.387413e+02,6.97700546
2794,0.000120,1.387244e+02,5.75772003
2795,0.000125,1.387093e+02,4.94499225
2796,0.000122,1.387003e+02,9.19699721
2797,0.000118,1.386786e+02,7.32104548
2798,0.000120,1.386606e+02,6.01519133
2799,0.000204,1.386446e+02,5.13964952
2800,0.000187,1.386366e+02,9.68250865
2801,0.000219,1.386133e+02,7.68156419
2802,0.000369,1.385941e+02,6.28221405
2803,0.000175,1.385772e+02,5.33803520
2804,0.000147,1.385704e+02,10.19336451
2805,0.000251,1.385454e+02,8.05827073
2806,0.000129,1.385252e+02,6.55771158
2807,0.000127,1.385075e+02,5.53831041
2808,0.000120,1.385023e+02,10.73033758
2809,0.000130,1.384757e+02,8.45113997
2810,0.000140,1.384543e+02,6.84090336
2811,0.000122,1.384358e+02,5.73895856
2812,0.000119,1.384329e+02,11.29462755
2813,0.000127,1.384045e+02,8.86065217
2814,0.000120,1.383821e+02,7.13161333
2815,0.000129,1.383630e+02,5.93916536
2816,0.000126,1.383458e+02,5.14643446
2817,0.000123,1.383329e+02,9.28796704
2818,0.000223,1.383095e+02,7.43059902
2819,0.000210,1.382899e+02,6.13925548
2820,0.000159,1.382725e+02,5.27176762
2821,0.000126,1.382618e+02,9.73560058
2822,0.000109,1.382376e+02,7.73992362
2823,0.000117,1.382176e+02,6.34097977
2824,0.000143,1.382000e+02,5.39111434
2825,0.000131,1.381923e+02,10.20668099
2826,0.000109,1.381672e+02,8.06275327
2827,0.000102,1.381469e+02,6.54759439
2828,0.002066,1.381294e+02,5.50775423
2829,0.000107,1.381252e+02,10.70538723
2830,0.000093,1.380994e+02,8.40347437
2831,0.000092,1.380789e+02,6.76381915
2832,0.000091,1.380616e+02,5.62670150
2833,0.000091,1.380462e+02,4.86287607
2834,0.000097,1.380349e+02,8.76722894
2835,0.000088,1.380144e+02,6.99538985
2836,0.000138,1.379973e+02,5.75425362
2837,0.000098,1.379824e+02,4.91057164
2838,0.000259,1.379745e+02,9.15984771
2839,0.000096,1.379538e+02,7.24855793
2840,0.000095,1.379370e+02,5.89725917
2841,0.000150,1.379226e+02,4.96824981
2842,0.000132,1.379185e+02,9.58652360
2843,0.000121,1.378975e+02,7.52905981
2844,0.000115,1.378810e+02,6.06215473
2845,0.000111,1.378670e+02,5.04299700
2846,0.000104,1.378669e+02,10.05181424
2847,0.000103,1.378455e+02,7.84174037
2848,0.000108,1.378291e+02,6.25431316
2849,0.000107,1.378155e+02,5.14078679
2850,0.000219,1.378036e+02,4.38242838
2851,0.000160,1.377976e+02,8.19013719
2852,0.000116,1.377811e+02,6.47759221
2853,0.000109,1.377678e+02,5.26593302
2854,0.000107,1.377564e+02,4.43246703
2855,0.000138,1.377533e+02,8.57687315
2856,0.000119,1.377366e+02,6.73441711
2857,0.000157,1.377235e+02,5.42097176
2858,0.000160,1.377124e+02,4.50914624
2859,0.000160,1.377024e+02,3.89602557
2860,0.000186,1.376952e+02,7.02570428
2861,0.000169,1.376820e+02,5.60679240
2862,0.000206,1.376711e+02,4.61347142
2863,0.000238,1.376615e+02,3.93949097
2864,0.000236,1.376564e+02,7.35176402
2865,0.000234,1.376430e+02,5.82330322
2866,0.000203,1.376321e+02,4.74520943
2867,0.002637,1.376227e+02,4.00735093
2868,0.000197,1.376197e+02,7.71230053
2869,0.000153,1.376060e+02,6.06974971
2870,0.000170,1.375950e+02,4.90336242
2871,0.000147,1.375857e+02,4.09851634
2872,0.000144,1.375848e+02,8.10702641
2873,0.000158,1.375705e+02,6.34527470
2874,0.000142,1.375593e+02,5.08671459
2875,0.000144,1.375500e+02,4.21159222
2876,0.000138,1.375416e+02,3.62339569
2877,0.000178,1.375363e+02,6.64916837
2878,0.000145,1.375248e+02,5.29417046
2879,0.000146,1.375153e+02,4.34525832
2880,0.000205,1.375070e+02,3.70220802
2881,0.000173,1.375031e+02,6.98122344
2882,0.000154,1.374912e+02,5.52500760
2883,0.000175,1.374815e+02,4.49848547
2884,0.000191,1.374732e+02,3.79727901
2885,0.000184,1.374707e+02,7.34145114
2886,0.000181,1.374583e+02,5.77880991
2887,0.000167,1.374484e+02,4.67058107
2888,0.000190,1.374399e+02,3.90775635
2889,0.000166,1.374390e+02,7.73027510
2890,0.000200,1.374260e+02,6.05555948
2891,0.000169,1.374157e+02,4.86123377
2892,0.000137,1.374071e+02,4.03315326
2893,0.000229,1.373994e+02,3.47902359
2894,0.000217,1.373941e+02,6.35556103
2895,0.000521,1.373835e+02,5.07047261
2896,0.000146,1.373747e+02,4.17332239
2897,0.000139,1.373668e+02,3.56807997
2898,0.000264,1.373627e+02,6.67953684
2899,0.000127,1.373516e+02,5.29864842
2900,0.000129,1.373425e+02,4.32838955
2901,0.000203,1.373346e+02,3.66863896
2902,0.000160,1.373317e+02,7.02830749
2903,0.000154,1.373200e+02,5.54627686
2904,0.000150,1.373106e+02,4.49867353
2905,0.000149,1.373025e+02,3.78088920
2906,0.000154,1.373009e+02,7.40291962
2907,0.000147,1.372887e+02,5.81407081
2908,0.000147,1.372789e+02,4.68466972
2909,0.000167,1.372706e+02,3.90518443
2910,0.000153,1.372705e+02,7.80459752
2911,0.002440,1.372575e+02,6.10289756
2912,0.000123,1.372474e+02,4.88700961
2913,0.000101,1.372389e+02,4.04200395
2914,0.000122,1.372313e+02,3.47521924
2915,0.000125,1.372266e+02,6.41373556
2916,0.000411,1.372160e+02,5.10644271
2917,0.000239,1.372072e+02,4.19194168
2918,0.000273,1.371995e+02,3.57365501
2919,0.000234,1.371958e+02,6.74779677
2920,0.000258,1.371847e+02,5.34384454
2921,0.000398,1.371757e+02,4.35566605
2922,0.000161,1.371678e+02,3.68241561
2923,0.000286,1.371653e+02,7.10625940
2924,0.000428,1.371536e+02,5.60011337
2925,0.000267,1.371442e+02,4.53389155
2926,0.000182,1.371361e+02,3.80208657
2927,0.000204,1.371349e+02,7.49043282
2928,0.000262,1.371225e+02,5.87624019
2929,0.000167,1.371127e+02,4.72739982
2930,0.000165,1.371044e+02,3.93330839
2931,0.000159,1.370969e+02,3.40420759
2932,0.000149,1.370915e+02,6.17328176
2933,0.000150,1.370813e+02,4.93703841
2934,0.000156,1.370727e+02,4.07678315
2935,0.000154,1.370651e+02,3.49901414
2936,0.000162,1.370606e+02,6.49247762
2937,0.000149,1.370498e+02,5.16374071
2938,0.000174,1.370410e+02,4.23325349
2939,0.000163,1.370332e+02,3.60345968
2940,0.000143,1.370297e+02,6.83502785
2941,0.000143,1.370184e+02,5.40844571
2942,0.000152,1.370093e+02,4.40348658
2943,0.000132,1.370013e+02,3.71818572
2944,0.000139,1.369990e+02,7.20224182
2945,0.000152,1.369870e+02,5.67216492
2946,0.000216,1.369775e+02,4.58829870
2947,0.000199,1.369692e+02,3.84387312
2948,0.000162,1.369683e+02,7.59552580
2949,0.000373,1.369556e+02,5.95597693
2950,0.000205,1.369456e+02,4.78855246
2951,0.000189,1.369371e+02,3.98123950
2952,0.000234,1.369295e+02,3.44318582
2953,0.003230,1.369241e+02,6.26101345
2954,0.000232,1.369136e+02,5.00516562
2955,0.000207,1.369049e+02,4.13105411
2956,0.000136,1.368971e+02,3.54395947
2957,0.000152,1.368926e+02,6.58858581
2958,0.000134,1.368815e+02,5.23913565
2959,0.000150,1.368724e+02,4.29411941
2960,0.000135,1.368644e+02,3.65463185
2961,0.000133,1.368610e+02,6.93995838
2962,0.000132,1.368493e+02,5.49146056
2963,0.000122,1.368399e+02,4.47125836
2964,0.000132,1.368316e+02,3.77590101
2965,0.000178,1.368293e+02,7.31650499
2966,0.000170,1.368169e+02,5.76321003
2967,0.000181,1.368070e+02,4.66334165
2968,0.000206,1.367985e+02,3.90850251
2969,0.000161,1.367975e+02,7.71969740
2970,0.000258,1.367843e+02,6.05552113
2971,0.000245,1.367740e+02,4.87128606
2972,0.000271,1.367652e+02,4.05320807
2973,0.000149,1.367573e+02,3.50889461
2974,0.000133,1.367515e+02,6.36958388
2975,0.000128,1.367406e+02,5.09606418
2976,0.000117,1.367315e+02,4.21084161
2977,0.000122,1.367233e+02,3.61750705
2978,0.000119,1.367185e+02,6.70677566
2979,0.000108,1.367069e+02,5.33873165
2980,0.000119,1.366974e+02,4.38226135
2981,0.000123,1.366890e+02,3.73661468
2982,0.000126,1.366851e+02,7.06842335
2983,0.000125,1.366729e+02,5.60034379
2984,0.000112,1.366629e+02,4.56834609
2985,0.000115,1.366542e+02,3.86697602
2986,0.000107,1.366513e+02,7.45596725
2987,0.000107,1.366383e+02,5.88203011
2988,0.000125,1.366279e+02,4.77002351
2989,0.000113,1.366188e+02,4.00938695
2990,0.000148,1.366172e+02,7.87094889
2991,0.000123,1.366033e+02,6.18498932
2992,0.000114,1.365923e+02,4.98826777
2993,0.000121,1.365828e+02,4.16467799
2994,0.000117,1.365825e+02,8.31501153
2995,0.002038,1.365677e+02,6.51049085
2996,0.000106,1.365560e+02,5.22410013
2997,0.000104,1.365461e+02,4.33371277
2998,0.000097,1.365373e+02,3.74042709
2999,0.000092,1.365313e+02,6.85985701
3000,0.000088,1.365189e+02,5.47860009
3001,0.000089,1.365086e+02,4.51740616
3002,0.000089,1.364994e+02,3.87281897
3003,0.000101,1.364942e+02,7.23462982
3004,0.000119,1.364810e+02,5.75293559
3005,0.000105,1.364701e+02,4.71669601
3006,0.000111,1.364605e+02,4.01753136
3007,0.000112,1.364562e+02,7.63626756
3008,0.000115,1.364421e+02,6.04825371
3009,0.000169,1.364305e+02,4.93252083
3010,0.000129,1.364204e+02,4.17536418
3011,0.000189,1.364172e+02,8.06634624
3012,0.000183,1.364020e+02,6.36576745
3013,0.000144,1.363897e+02,5.16584612
3014,0.000144,1.363791e+02,4.34711713
3015,0.000144,1.363770e+02,8.52653705
3016,0.000128,1.363606e+02,6.70674019
3017,0.000127,1.363475e+02,5.41764946
3018,0.000128,1.363363e+02,4.53357090
3019,0.000119,1.363354e+02,9.01859856
3020,0.000116,1.363177e+02,7.07247622
3021,0.000126,1.363037e+02,5.68890639
3022,0.000113,1.362918e+02,4.73546584
3023,0.000120,1.362810e+02,4.10439778
3024,0.000112,1.362731e+02,7.46428253
3025,0.000107,1.362581e+02,5.98058534
3026,0.000119,1.362454e+02,4.95350104
3027,0.000124,1.362340e+02,4.27000839
3028,0.000120,1.362267e+02,7.88366834
3029,0.000123,1.362105e+02,6.29366790
3030,0.000122,1.361969e+02,5.18827380
3031,0.000137,1.361848e+02,4.44880671
3032,0.000119,1.361782e+02,8.33194249
3033,0.000127,1.361606e+02,6.62898848
3034,0.000133,1.361461e+02,5.44022463
3035,0.002050,1.361333e+02,4.64089872
3036,0.000111,1.361274e+02,8.81045348
3037,0.000112,1.361084e+02,6.98732511
3038,0.000113,1.360928e+02,5.70964720
3039,0.000106,1.360791e+02,4.84615670
3040,0.000101,1.360741e+02,9.32055147
3041,0.000093,1.360535e+02,7.36936888
3042,0.000106,1.360368e+02,5.99665719
3043,0.000093,1.360222e+02,5.06418193
3044,0.000101,1.360183e+02,9.86357937
3045,0.000100,1.359960e+02,7.77571608
3046,0.000103,1.359780e+02,6.30118314
3047,0.000097,1.359624e+02,5.29429144
3048,0.000147,1.359599e+02,10.44088616
3049,0.000161,1.359356e+02,8.20688558
3050,0.000115,1.359162e+02,6.62298844
3051,0.000172,1.358996e+02,5.53554361
3052,0.000150,1.358990e+02,11.05386641
3053,0.000162,1.358725e+02,8.66337051
3054,0.000143,1.358517e+02,6.96173834
3055,0.000137,1.358341e+02,5.78682100
3056,0.000144,1.358181e+02,5.00680697
3057,0.000135,1.358070e+02,9.14568244
3058,0.000137,1.357846e+02,7.31714764
3059,0.000133,1.357659e+02,6.04703506
3060,0.000122,1.357492e+02,5.19714691
3061,0.000121,1.357392e+02,9.65488041
3062,0.000114,1.357154e+02,7.68923717
3063,0.000104,1.356956e+02,6.31530056
3064,0.000108,1.356781e+02,5.38818435
3065,0.000110,1.356699e+02,10.19204828
3066,0.000103,1.356445e+02,8.07833165
3067,0.000118,1.356238e+02,6.59121500
3068,0.000142,1.356056e+02,5.57879434
3069,0.000134,1.355998e+02,10.75896572
3070,0.000129,1.355728e+02,8.48553290
3071,0.000134,1.355512e+02,6.87527530
3072,0.000144,1.355325e+02,5.76887731
3073,0.002012,1.355297e+02,11.35824428
3074,0.000111,1.355012e+02,8.91293404
3075,0.000101,1.354787e+02,7.16917339
3076,0.000102,1.354597e+02,5.95973971
3077,0.000100,1.354426e+02,5.14905645
3078,0.000096,1.354307e+02,9.36368165
3079,0.000104,1.354075e+02,7.47598423
3080,0.000098,1.353883e+02,6.15437123
3081,0.000098,1.353712e+02,5.25794101
3082,0.000111,1.353624e+02,9.84240130
3083,0.000095,1.353385e+02,7.80024178
3084,0.000087,1.353191e+02,6.35739416
3085,0.000086,1.353023e+02,5.36725951
3086,0.000086,1.352972e+02,10.35417413
3087,0.000113,1.352726e+02,8.14734991
3088,0.000107,1.352531e+02,6.57466478
3089,0.000100,1.352366e+02,5.48325487
3090,0.000101,1.352359e+02,10.90464854
3091,0.000096,1.352106e+02,8.52329866
3092,0.000111,1.351910e+02,6.81274239
3093,0.000114,1.351747e+02,5.61307495
3094,0.000119,1.351604e+02,4.79621911
3095,0.000116,1.351527e+02,8.93395372
3096,0.000119,1.351330e+02,7.07811543
3097,0.000126,1.351170e+02,5.76390759
3098,0.000138,1.351032e+02,4.85862508
3099,0.000161,1.350994e+02,9.38494786
3100,0.000147,1.350793e+02,7.37662601
3101,0.000141,1.350635e+02,5.94211382
3102,0.000137,1.350502e+02,4.94330904
3103,0.000129,1.350383e+02,4.26865513
3104,0.000111,1.350299e+02,7.71263605
3105,0.000138,1.350141e+02,6.15250977
3106,0.000143,1.350011e+02,5.05562309
3107,0.000130,1.349897e+02,4.30672105
3108,0.000126,1.349842e+02,8.08944021
3109,0.000119,1.349684e+02,6.39836104
3110,0.000112,1.349556e+02,5.19908133
3111,0.000122,1.349446e+02,4.37198446
3112,0.000120,1.349421e+02,8.50890394
3113,0.001964,1.349259e+02,6.68130812
3114,0.000106,1.349131e+02,5.37536750
3115,0.000087,1.349024e+02,4.46630544
3116,0.000083,1.348928e+02,3.85336220
3117,0.000085,1.348862e+02,7.00188554
3118,0.000089,1.348733e+02,5.58481995
3119,0.000086,1.348626e+02,4.59002196
3120,0.000083,1.348532e+02,3.91300924
3121,0.000086,1.348487e+02,7.36023971
3122,0.000082,1.348355e+02,5.82706055
3123,0.000086,1.348249e+02,4.74252321
3124,0.000083,1.348156e+02,3.99782870
3125,0.000083,1.348132e+02,7.75618078
3126,0.000109,1.347995e+02,6.10133785
3127,0.000111,1.347887e+02,4.92273824
3128,0.000097,1.347795e+02,4.10660795
3129,0.000102,1.347792e+02,8.18972131
3130,0.000098,1.347649e+02,6.40701335
3131,0.000103,1.347538e+02,5.12961114
3132,0.000103,1.347445e+02,4.23807165
3133,0.000097,1.347363e+02,3.63631473
3134,0.000105,1.347314e+02,6.74374448
3135,0.000097,1.347199e+02,5.36236204
3136,0.000099,1.347105e+02,4.39118010
3137,0.000106,1.347022e+02,3.72999558
3138,0.000110,1.346989e+02,7.11175686
3139,0.000247,1.346868e+02,5.62065429
3140,0.000230,1.346771e+02,4.56525855
3141,0.000196,1.346687e+02,3.84074512
3142,0.000218,1.346670e+02,7.51153827
3143,0.000157,1.346544e+02,5.90449230
3144,0.000149,1.346444e+02,4.75999831
3145,0.000130,1.346358e+02,3.96806945
3146,0.000142,1.346281e+02,3.43932784
3147,0.000133,1.346225e+02,6.21426249
3148,0.000113,1.346120e+02,4.97547183
3149,0.000116,1.346033e+02,4.11184437
3150,0.000137,1.345955e+02,3.53018637
3151,0.001966,1.345910e+02,6.55080096
3152,0.000115,1.345801e+02,5.21210831
3153,0.000100,1.345711e+02,4.27225298
3154,0.000096,1.345632e+02,3.63385331
3155,0.000100,1.345599e+02,6.91510718
3156,0.000101,1.345485e+02,5.47054812
3157,0.000098,1.345392e+02,4.44970658
3158,0.000100,1.345312e+02,3.75058666
3159,0.000102,1.345292e+02,7.30844298
3160,0.000099,1.345171e+02,5.75166029
3161,0.000132,1.345075e+02,4.64482029
3162,0.000090,1.344993e+02,3.88083499
3163,0.000085,1.344989e+02,7.73228374
3164,0.000084,1.344860e+02,6.05649770
3165,0.000123,1.344760e+02,4.85836958
3166,0.000108,1.344675e+02,4.02519397
3167,0.000094,1.344599e+02,3.46592025
3168,0.000095,1.344552e+02,6.38625456
3169,0.000101,1.344446e+02,5.09126992
3170,0.000102,1.344359e+02,4.18439172
3171,0.000108,1.344282e+02,3.57045864
3172,0.000099,1.344245e+02,6.74237383
3173,0.000105,1.344134e+02,5.34457864
3174,0.000099,1.344044e+02,4.35924586
3175,0.000097,1.343965e+02,3.68671080
3176,0.000105,1.343941e+02,7.12630260
3177,0.000097,1.343823e+02,5.61939993
3178,0.000095,1.343729e+02,4.55063602
3179,0.000102,1.343648e+02,3.81539865
3180,0.000103,1.343638e+02,7.53964285
3181,0.000142,1.343514e+02,5.91694822
3182,0.000126,1.343415e+02,4.75952170
3183,0.000115,1.343332e+02,3.95730967
3184,0.000119,1.343257e+02,3.42104812
3185,0.000140,1.343205e+02,6.23852549
3186,0.000180,1.343102e+02,4.98694318
3187,0.000216,1.343016e+02,4.11330398
3188,0.000189,1.342939e+02,3.52433005
3189,0.000135,1.342898e+02,6.58563204
3190,0.001952,1.342789e+02,5.23403798
3191,0.000101,1.342700e+02,4.28429077
3192,0.000100,1.342621e+02,3.63873612
3193,0.000099,1.342591e+02,6.95975598
3194,0.000108,1.342476e+02,5.50196675
3195,0.000099,1.342383e+02,4.47121506
3196,0.000097,1.342303e+02,3.76505517
3197,0.000114,1.342286e+02,7.36251821
3198,0.000106,1.342164e+02,5.79197897
3199,0.000104,1.342067e+02,4.67508184
3200,0.000101,1.341984e+02,3.90412356
3201,0.000107,1.341981e+02,7.79566306
3202,0.000105,1.341851e+02,6.10540964
3203,0.000098,1.341750e+02,4.89695446
3204,0.000120,1.341664e+02,4.05682282
3205,0.000122,1.341587e+02,3.49331928
3206,0.000110,1.341539e+02,6.44366943
3207,0.000100,1.341432e+02,5.13796752
3208,0.000103,1.341343e+02,4.22409763
3209,0.000101,1.341264e+02,3.60611063
3210,0.000096,1.341226e+02,6.80837173
3211,0.000097,1.341113e+02,5.39934850
3212,0.000105,1.341020e+02,4.40693277
3213,0.000095,1.340939e+02,3.73053206
3214,0.000100,1.340913e+02,7.20110438
3215,0.000105,1.340793e+02,5.68234099
3216,0.000109,1.340696e+02,4.60634421
3217,0.000097,1.340612e+02,3.86743940
3218,0.000103,1.340600e+02,7.62359240
3219,0.000098,1.340472e+02,5.98827930
3220,0.000098,1.340370e+02,4.82340771
3221,0.000100,1.340283e+02,4.01773396
3222,0.000093,1.340205e+02,3.48081754
3223,0.000100,1.340149e+02,6.31857248
3224,0.000103,1.340042e+02,5.05926711
3225,0.000106,1.339952e+02,4.18237706
3226,0.000145,1.339872e+02,3.59329535
3227,0.000118,1.339824e+02,6.67482338
3228,0.000127,1.339711e+02,5.31515671
3229,0.000124,1.339617e+02,4.36237148
3230,0.002176,1.339535e+02,3.71733503
3231,0.000108,1.339498e+02,7.05861643
3232,0.000098,1.339377e+02,5.59232878
3233,0.000099,1.339279e+02,4.55875118
3234,0.000110,1.339194e+02,3.85381710
3235,0.000101,1.339169e+02,7.47166839
3236,0.000100,1.339040e+02,5.89212294
3237,0.000103,1.338937e+02,4.77260802
3238,0.000102,1.338848e+02,4.00366689
3239,0.000103,1.338837e+02,7.91582039
3240,0.000108,1.338699e+02,6.21596419
3241,0.000103,1.338590e+02,5.00509140
3242,0.000104,1.338498e+02,4.16785302
3243,0.000155,1.338414e+02,3.61045842
3244,0.000155,1.338354e+02,6.56535142
3245,0.000128,1.338238e+02,5.25742030
3246,0.000128,1.338141e+02,4.34740464
3247,0.000122,1.338055e+02,3.73705199
3248,0.000122,1.338003e+02,6.94199356
3249,0.000104,1.337880e+02,5.53090912
3250,0.000097,1.337778e+02,4.54339012
3251,0.000117,1.337688e+02,3.87634264
3252,0.000099,1.337647e+02,7.34756995
3253,0.000099,1.337515e+02,5.82688444
3254,0.000105,1.337408e+02,4.75690329
3255,0.000097,1.337313e+02,4.02926698
3256,0.000097,1.337283e+02,7.78389751
3257,0.000227,1.337142e+02,6.14676017
3258,0.000108,1.337028e+02,4.98908994
3259,0.000109,1.336929e+02,4.19679335
3260,0.000105,1.336912e+02,8.25291898
3261,0.000098,1.336760e+02,6.49203142
3262,0.000097,1.336639e+02,5.24114239
3263,0.000106,1.336535e+02,4.37991366
3264,0.000101,1.336532e+02,8.75670330
3265,0.000100,1.336367e+02,6.86427408
3266,0.000097,1.336238e+02,5.51429590
3267,0.000107,1.336128e+02,4.57963450
3268,0.000130,1.336029e+02,3.95713316
3269,0.000136,1.335962e+02,7.26512398
3270,0.000120,1.335823e+02,5.80983731
3271,0.000118,1.335707e+02,4.79699011
3272,0.002179,1.335603e+02,4.11818071
3273,0.000108,1.335544e+02,7.69645226
3274,0.000098,1.335394e+02,6.12912657
3275,0.000103,1.335270e+02,5.03299617
3276,0.000101,1.335160e+02,4.29397769
3277,0.000116,1.335111e+02,8.16002805
3278,0.000103,1.334949e+02,6.47347059
3279,0.000106,1.334816e+02,5.28861540
3280,0.000103,1.334699e+02,4.48522545
3281,0.000110,1.334660e+02,8.65773311
3282,0.000105,1.334484e+02,6.84420830
3283,0.000104,1.334342e+02,5.56477207
3284,0.000104,1.334217e+02,4.69252490
3285,0.000109,1.334190e+02,9.19153143
3286,0.000175,1.333999e+02,7.24268460
3287,0.000131,1.333845e+02,5.86232275
3288,0.000143,1.333713e+02,4.91633835
3289,0.000111,1.333700e+02,9.76345648
3290,0.000109,1.333491e+02,7.67023343
3291,0.000102,1.333325e+02,6.18203189
3292,0.000104,1.333183e+02,5.15695423
3293,0.000097,1.333054e+02,4.47916816
3294,0.000110,1.332958e+02,8.12813671
3295,0.000107,1.332779e+02,6.52457115
3296,0.000098,1.332626e+02,5.41449215
3297,0.000096,1.332489e+02,4.67593497
3298,0.000105,1.332399e+02,8.61786787
3299,0.000099,1.332205e+02,6.89055376
3300,0.000096,1.332042e+02,5.68884752
3301,0.000100,1.331896e+02,4.88423049
3302,0.000098,1.331814e+02,9.14064856
3303,0.000097,1.331603e+02,7.28039305
3304,0.000117,1.331428e+02,5.97969059
3305,0.000099,1.331273e+02,5.10303203
3306,0.000098,1.331202e+02,9.69778936
3307,0.000101,1.330974e+02,7.69448645
3308,0.000097,1.330786e+02,6.28657900
3309,0.000099,1.330621e+02,5.33110857
3310,0.000104,1.330566e+02,10.29073215
3311,0.000107,1.330318e+02,8.13329752
3312,0.000116,1.330117e+02,6.60907638
3313,0.002239,1.329943e+02,5.56717124
3314,0.000107,1.329908e+02,10.92115696
3315,0.000101,1.329640e+02,8.59750401
3316,0.000103,1.329426e+02,6.94694693
3317,0.000097,1.329242e+02,5.81011526
3318,0.000098,1.329234e+02,11.59113410
3319,0.000098,1.328944e+02,9.08819904
3320,0.000103,1.328717e+02,7.30041627
3321,0.000099,1.328525e+02,6.05934531
3322,0.000120,1.328352e+02,5.22840367
3323,0.000103,1.328239e+02,9.60706820
3324,0.000109,1.327998e+02,7.67049587
3325,0.000117,1.327798e+02,6.31520334
3326,0.000143,1.327620e+02,5.39812459
3327,0.000139,1.327532e+02,10.15702124
3328,0.000131,1.327278e+02,8.05933047
3329,0.000136,1.327071e+02,6.57924957
3330,0.000204,1.326890e+02,5.56684968
3331,0.000156,1.326834e+02,10.74156037
3332,0.000139,1.326567e+02,8.47010764
3333,0.000137,1.326354e+02,6.85446280
3334,0.000125,1.326172e+02,5.73732418
3335,0.000119,1.326155e+02,11.36529440
3336,0.000120,1.325876e+02,8.90728412
3337,0.000128,1.325657e+02,7.14533774
3338,0.000116,1.325474e+02,5.91409644
3339,0.000114,1.325312e+02,5.08025811
3340,0.000107,1.325213e+02,9.37628225
3341,0.000104,1.324990e+02,7.45762561
3342,0.000108,1.324807e+02,6.10327785
3343,0.000100,1.324648e+02,5.17455972
3344,0.000103,1.324588e+02,9.88350999
3345,0.000106,1.324360e+02,7.79792026
3346,0.000115,1.324177e+02,6.31191099
3347,0.000102,1.324021e+02,5.28077854
3348,0.000106,1.324006e+02,10.43507424
3349,0.000098,1.323771e+02,8.17269768
3350,0.000100,1.323588e+02,6.54708675
3351,0.000106,1.323436e+02,5.40663772
3352,0.000107,1.323302e+02,4.62966254
3353,0.000115,1.323226e+02,8.58784164
3354,0.002161,1.323043e+02,6.81522668
3355,0.000104,1.322893e+02,5.55921212
3356,0.000095,1.322764e+02,4.69345500
3357,0.000095,1.322725e+02,9.04855495
3358,0.000095,1.322539e+02,7.12160154
3359,0.000093,1.322391e+02,5.74417974
3360,0.000093,1.322266e+02,4.78445576
3361,0.000095,1.322154e+02,4.13579411
3362,0.000096,1.322074e+02,7.46979427
3363,0.000094,1.321926e+02,5.96537721
3364,0.000095,1.321804e+02,4.90689156
3365,0.000101,1.321697e+02,4.18381402
3366,0.000096,1.321645e+02,7.86228086
3367,0.000134,1.321495e+02,6.22505607
3368,0.000130,1.321374e+02,5.06310300
3369,0.000129,1.321269e+02,4.26131498
3370,0.000115,1.321246e+02,8.30035103
3371,0.000112,1.321092e+02,6.52408153
3372,0.000118,1.320970e+02,5.25383371
3373,0.000124,1.320868e+02,4.36909347
3374,0.000111,1.320776e+02,3.77240082
3375,0.000149,1.320713e+02,6.86255460
3376,0.000135,1.320589e+02,5.47884992
3377,0.000120,1.320487e+02,4.50680726
3378,0.000118,1.320396e+02,3.84499618
3379,0.000126,1.320353e+02,7.24049587
3380,0.000127,1.320226e+02,5.73756275
3381,0.000124,1.320122e+02,4.67356249
3382,0.000123,1.320032e+02,3.94249132
3383,0.000125,1.320009e+02,7.65788816
3384,0.000120,1.319877e+02,6.02932751
3385,0.000122,1.319771e+02,4.86834362
3386,0.000109,1.319681e+02,4.06368766
3387,0.000112,1.319679e+02,8.11509643
3388,0.000124,1.319539e+02,6.35381257
3389,0.000128,1.319430e+02,5.09037008
3390,0.000124,1.319339e+02,4.20755898
3391,0.000123,1.319258e+02,3.61101424
3392,0.000118,1.319211e+02,6.71109806
3393,0.002130,1.319098e+02,5.33925757
3394,0.000109,1.319004e+02,4.37344139
3395,0.000095,1.318922e+02,3.71491570
3396,0.000095,1.318891e+02,7.10185919
3397,0.000103,1.318772e+02,5.61509871
3398,0.000107,1.318675e+02,4.56107540
3399,0.000099,1.318592e+02,3.83616099
3400,0.000100,1.318577e+02,7.52705779
3401,0.000098,1.318451e+02,5.91833489
3402,0.000102,1.318351e+02,4.77056674
3403,0.000101,1.318267e+02,3.97465155
3404,0.000100,1.318190e+02,3.44195038
3405,0.000098,1.318136e+02,6.24977375
3406,0.000104,1.318031e+02,5.00237750
3407,0.000171,1.317944e+02,4.13062994
3408,0.000149,1.317867e+02,3.54183105
3409,0.000130,1.317824e+02,6.61064230
3410,0.000127,1.317715e+02,5.25729072
3411,0.000140,1.317625e+02,4.30460746
3412,0.000129,1.317546e+02,3.65541875
3413,0.000124,1.317516e+02,7.00232379
3414,0.000135,1.317401e+02,5.53627931
3415,0.000128,1.317307e+02,4.49729397
3416,0.000116,1.317227e+02,3.78324402
3417,0.000135,1.317212e+02,7.42645760
3418,0.000121,1.317089e+02,5.84052839
3419,0.000105,1.316992e+02,4.70957970
3420,0.000106,1.316909e+02,3.92600175
3421,0.000099,1.316834e+02,3.40228217
3422,0.000099,1.316780e+02,6.17138903
3423,0.000113,1.316678e+02,4.94250922
3424,0.000097,1.316593e+02,4.08453017
3425,0.000098,1.316517e+02,3.50586308
3426,0.000096,1.316473e+02,6.53046246
3427,0.000102,1.316366e+02,5.19727809
3428,0.000099,1.316278e+02,4.25976989
3429,0.000097,1.316200e+02,3.62188260
3430,0.000103,1.316169e+02,6.91939547
3431,0.000105,1.316055e+02,5.47515120
3432,0.001868,1.315963e+02,4.45273671
3433,0.000095,1.315883e+02,3.75117649
3434,0.000092,1.315867e+02,7.34000505
3435,0.000103,1.315746e+02,5.77751472
3436,0.000090,1.315649e+02,4.66453473
3437,0.000087,1.315567e+02,3.89465469
3438,0.000087,1.315567e+02,7.79426671
3439,0.000090,1.315437e+02,6.10586881
3440,0.000089,1.315336e+02,4.89634956
3441,0.000086,1.315251e+02,4.05329270
3442,0.000085,1.315176e+02,3.48593754
3443,0.000091,1.315130e+02,6.46181784
3444,0.000085,1.315024e+02,5.14945918
3445,0.000086,1.314936e+02,4.22814601
3446,0.000144,1.314858e+02,3.60268989
3447,0.000112,1.314824e+02,6.84718824
3448,0.000110,1.314712e+02,5.42525059
3449,0.000106,1.314620e+02,4.42032352
3450,0.000100,1.314540e+02,3.73235109
3451,0.000111,1.314520e+02,7.26381303
3452,0.000100,1.314400e+02,5.72514823
3453,0.000099,1.314304e+02,4.63097940
3454,0.000103,1.314221e+02,3.87588493
3455,0.000111,1.314216e+02,7.71368782
3456,0.000100,1.314088e+02,6.05068551
3457,0.000105,1.313987e+02,4.86134019
3458,0.000098,1.313902e+02,4.03431015
3459,0.000101,1.313825e+02,3.47944114
3460,0.000108,1.313776e+02,6.40349307
3461,0.000104,1.313670e+02,5.11271593
3462,0.000099,1.313581e+02,4.20871659
3463,0.000105,1.313503e+02,3.59694693
3464,0.000123,1.313465e+02,6.78541373
3465,0.000121,1.313352e+02,5.38651889
3466,0.000113,1.313259e+02,4.40024272
3467,0.000120,1.313179e+02,3.72722153
3468,0.000112,1.313153e+02,7.19829672
3469,0.002236,1.313033e+02,5.68419599
3470,0.000120,1.312936e+02,4.61006896
3471,0.000112,1.312853e+02,3.87125643
3472,0.000107,1.312841e+02,7.64414896
3473,0.000106,1.312713e+02,6.00729904
3474,0.000107,1.312611e+02,4.83944504
3475,0.000126,1.312525e+02,4.03009595
3476,0.000104,1.312447e+02,3.48943350
3477,0.000097,1.312392e+02,6.35747368
3478,0.000096,1.312284e+02,5.08970092
3479,0.000101,1.312194e+02,4.20485294
3480,0.000122,1.312114e+02,3.60873510
3481,0.000111,1.312069e+02,6.73657317
3482,0.000113,1.311955e+02,5.36226735
3483,0.000172,1.311861e+02,4.39668932
3484,0.000124,1.311778e+02,3.74086631
3485,0.000121,1.311744e+02,7.14645952
3486,0.000128,1.311623e+02,5.65861002
3487,0.000114,1.311524e+02,4.60680868
3488,0.000130,1.311438e+02,3.88684554
3489,0.000120,1.311418e+02,7.58915007
3490,0.000111,1.311288e+02,5.98029779
3491,0.000119,1.311183e+02,4.83648295
3492,0.000123,1.311094e+02,4.04774348
3493,0.000119,1.311089e+02,8.06681291
3494,0.000120,1.310949e+02,6.32900322
3495,0.000125,1.310838e+02,5.08705350
3496,0.000144,1.310745e+02,4.22468226
3497,0.000123,1.310661e+02,3.64760789
3498,0.000123,1.310606e+02,6.70649577
3499,0.000130,1.310488e+02,5.35994741
3500,0.000119,1.310390e+02,4.41885572
3501,0.000117,1.310303e+02,3.78416540
3502,0.000125,1.310258e+02,7.11477683
3503,0.000116,1.310133e+02,5.65670067
3504,0.000130,1.310029e+02,4.63150478
3505,0.000131,1.309938e+02,3.93492147
3506,0.000121,1.309905e+02,7.55584314
3507,0.001987,1.309770e+02,5.97887934
3508,0.000097,1.309661e+02,4.86390807
3509,0.000105,1.309566e+02,4.10095894
3510,0.000138,1.309546e+02,8.03185789
3511,0.000106,1.309400e+02,6.32815724
3512,0.000106,1.309284e+02,5.11741003
3513,0.000123,1.309184e+02,4.28340210
3514,0.000108,1.309179e+02,8.54514195
3515,0.000110,1.309022e+02,6.70631262
3516,0.000116,1.308898e+02,5.39341787
3517,0.000110,1.308792e+02,4.48341018
3518,0.000105,1.308697e+02,3.87635198
3519,0.000108,1.308633e+02,7.11521403
3520,0.000107,1.308500e+02,5.69341395
3521,0.000185,1.308388e+02,4.70219342
3522,0.000163,1.308289e+02,4.03635124
3523,0.000134,1.308234e+02,7.55697578
3524,0.000132,1.308090e+02,6.01897643
3525,0.000119,1.307971e+02,4.94097449
3526,0.000111,1.307866e+02,4.21204069
3527,0.000128,1.307821e+02,8.03366823
3528,0.000123,1.307666e+02,6.37167511
3529,0.000159,1.307539e+02,5.20096463
3530,0.000124,1.307427e+02,4.40437000
3531,0.000121,1.307394e+02,8.54751146
3532,0.000108,1.307226e+02,6.75315152
3533,0.000113,1.307089e+02,5.48338168
3534,0.000101,1.306970e+02,4.61424226
3535,0.000105,1.306952e+02,9.10085437
3536,0.000139,1.306767e+02,7.16510132
3537,0.000140,1.306620e+02,5.78942908
3538,0.000128,1.306494e+02,4.84248453
3539,0.000130,1.306491e+02,9.69616791
3540,0.000132,1.306289e+02,7.60926313
3541,0.000134,1.306130e+02,6.12027717
3542,0.000131,1.305994e+02,5.08981794
3543,0.000151,1.305872e+02,4.40449962
3544,0.000140,1.305789e+02,8.08738610
3545,0.001967,1.305616e+02,6.47706619
3546,0.000107,1.305470e+02,5.35686326
3547,0.000102,1.305340e+02,4.60708600
3548,0.000104,1.305265e+02,8.60144568
3549,0.000093,1.305077e+02,6.86092351
3550,0.000088,1.304920e+02,5.64407088
3551,0.000130,1.304781e+02,4.82439620
3552,0.000112,1.304716e+02,9.15322230
3553,0.000102,1.304511e+02,7.27281818
3554,0.000095,1.304342e+02,5.95169902
3555,0.000109,1.304194e+02,5.05604867
3556,0.000097,1.304142e+02,9.74459887
3557,0.000110,1.303918e+02,7.71370255
3558,0.000149,1.303736e+02,6.27987776
3559,0.000191,1.303577e+02,5.30142432
3560,0.000144,1.303542e+02,10.37756995
3561,0.000133,1.303297e+02,8.18454593
3562,0.000154,1.303101e+02,6.62866263
3563,0.000142,1.302932e+02,5.55973549
3564,0.000139,1.302918e+02,11.05430342
3565,0.000133,1.302651e+02,8.68642077
3566,0.000126,1.302440e+02,6.99814844
3567,0.000123,1.302260e+02,5.83016754
3568,0.000113,1.302097e+02,5.05263111
3569,0.000110,1.301982e+02,9.22060254
3570,0.000128,1.301756e+02,7.38867585
3571,0.000116,1.301565e+02,6.11215159
3572,0.000110,1.301394e+02,5.25433043
3573,0.000112,1.301296e+02,9.78907974
3574,0.000114,1.301053e+02,7.80111318
3575,0.000119,1.300852e+02,6.40559326
3576,0.000111,1.300675e+02,5.45857207
3577,0.000116,1.300599e+02,10.39413897
3578,0.000130,1.300340e+02,8.23691575
3579,0.000120,1.300129e+02,6.71119757
3580,0.000116,1.299945e+02,5.66532036
3581,0.000127,1.299901e+02,11.03897140
3582,0.000121,1.299625e+02,8.69855742
3583,0.000124,1.299404e+02,7.03085730
3584,0.000129,1.299216e+02,5.87590809
3585,0.001671,1.299211e+02,11.72776378
3586,0.000086,1.298917e+02,9.18967601
3587,0.000082,1.298689e+02,7.36786148
3588,0.000083,1.298497e+02,6.09332315
3589,0.000081,1.298326e+02,5.22980591
3590,0.000082,1.298229e+02,9.71502699
3591,0.000083,1.297992e+02,7.72693910
3592,0.000096,1.297797e+02,6.32231494
3593,0.000082,1.297628e+02,5.35871901
3594,0.000081,1.297569e+02,10.28072530
3595,0.000084,1.297323e+02,8.11410831
3596,0.000085,1.297127e+02,6.56907902
3597,0.000088,1.296960e+02,5.49636594
3598,0.000106,1.296946e+02,10.89310607
3599,0.000138,1.296692e+02,8.53592201
3600,0.000130,1.296493e+02,6.84063694
3601,0.000120,1.296328e+02,5.65025496
3602,0.000177,1.296182e+02,4.83863991
3603,0.000225,1.296102e+02,8.99903053
3604,0.000191,1.295901e+02,7.14416941
3605,0.000166,1.295737e+02,5.82820188
3606,0.000152,1.295596e+02,4.91976339
3607,0.000138,1.295557e+02,9.50995194
3608,0.000123,1.295352e+02,7.48635119
3609,0.000142,1.295190e+02,6.03738643
3610,0.000135,1.295052e+02,5.02559262
3611,0.000123,1.294930e+02,4.33980942
3612,0.000123,1.294846e+02,7.87249926
3613,0.000108,1.294683e+02,6.28355937
3614,0.000119,1.294549e+02,5.16242836
3615,0.000123,1.294432e+02,4.39367642
3616,0.000122,1.294380e+02,8.30684024
3617,0.000107,1.294216e+02,6.57089401
3618,0.000118,1.294083e+02,5.33472034
3619,0.000119,1.293970e+02,4.47784340
3620,0.000119,1.293952e+02,8.79215812
3621,0.000117,1.293783e+02,6.90187181
3622,0.000129,1.293650e+02,5.54498886
3623,0.000161,1.293539e+02,4.59504047
3624,0.001819,1.293440e+02,3.95014003
3625,0.000083,1.293380e+02,7.27777829
3626,0.000090,1.293245e+02,5.79427035
3627,0.000083,1.293134e+02,4.74630861
3628,0.000083,1.293038e+02,4.02765098
3629,0.000083,1.293002e+02,7.69942360
3630,0.000086,1.292863e+02,6.08274666
3631,0.000082,1.292752e+02,4.93156092
3632,0.000082,1.292656e+02,4.13452243
3633,0.000083,1.292645e+02,8.16725692
3634,0.000084,1.292501e+02,6.41015233
3635,0.000080,1.292387e+02,5.15012923
3636,0.000083,1.292291e+02,4.26991525
3637,0.000094,1.292206e+02,3.67484794
3638,0.000107,1.292153e+02,6.77629116
3639,0.000098,1.292036e+02,5.40130494
3640,0.000099,1.291939e+02,4.43284876
3641,0.000119,1.291854e+02,3.77187700
3642,0.000122,1.291819e+02,7.18145383
3643,0.000118,1.291696e+02,5.68469425
3644,0.000122,1.291597e+02,4.62253529
3645,0.000120,1.291511e+02,3.89094494
3646,0.000180,1.291495e+02,7.62626046
3647,0.000176,1.291366e+02,6.00026535
3648,0.000212,1.291263e+02,4.83853328
3649,0.000168,1.291176e+02,4.03137861
3650,0.000115,1.291098e+02,3.48971239
3651,0.000125,1.291043e+02,6.34845946
3652,0.000170,1.290936e+02,5.08084904
3653,0.000138,1.290847e+02,4.19292219
3654,0.000128,1.290768e+02,3.59137155
3655,0.000118,1.290726e+02,6.73028111
3656,0.000112,1.290614e+02,5.34994697
3657,0.000112,1.290522e+02,4.37571546
3658,0.000107,1.290441e+02,3.70958518
3659,0.000114,1.290415e+02,7.14703238
3660,0.000129,1.290296e+02,5.64662021
3661,0.000116,1.290201e+02,4.58022926
3662,0.000119,1.290118e+02,3.84461683
3663,0.000121,1.290108e+02,7.60039677
3664,0.001905,1.289982e+02,5.97199850
3665,0.000084,1.289883e+02,4.80723465
3666,0.000083,1.289798e+02,3.99700893
3667,0.000081,1.289722e+02,3.45284050
3668,0.000083,1.289672e+02,6.32748155
3669,0.000081,1.289567e+02,5.05775738
3670,0.000084,1.289480e+02,4.16754266
3671,0.000081,1.289403e+02,3.56401004
3672,0.000094,1.289365e+02,6.71480607
3673,0.000084,1.289254e+02,5.33305379
3674,0.000082,1.289164e+02,4.35717469
3675,0.000080,1.289085e+02,3.68953711
3676,0.000085,1.289061e+02,7.13581930
3677,0.000082,1.288944e+02,5.63451073
3678,0.000082,1.288849e+02,4.56699321
3679,0.000112,1.288768e+02,3.83030216
3680,0.000098,1.288760e+02,7.59259669
3681,0.000101,1.288635e+02,5.96368742
3682,0.000096,1.288536e+02,4.79821914
3683,0.000111,1.288452e+02,3.98729946
3684,0.000105,1.288377e+02,3.44264282
3685,0.000100,1.288328e+02,6.32229060
3686,0.000106,1.288224e+02,5.05220091
3687,0.000139,1.288137e+02,4.16163522
3688,0.000115,1.288061e+02,3.55790394
3689,0.000115,1.288023e+02,6.71227054
3690,0.000126,1.287913e+02,5.33042139
3691,0.000134,1.287823e+02,4.35449575
3692,0.000145,1.287744e+02,3.68694826
3693,0.000146,1.287721e+02,7.13562807
3694,0.000156,1.287603e+02,5.63442994
3695,0.000145,1.287509e+02,4.56713380
3696,0.000130,1.287428e+02,3.83081728
3697,0.000108,1.287420e+02,7.59455015
3698,0.000146,1.287295e+02,5.96590361
3699,0.000143,1.287196e+02,4.80088964
3700,0.000138,1.287112e+02,3.99062175
3701,0.000114,1.287037e+02,3.44677870
3702,0.000120,1.286987e+02,6.32663749
3703,0.000122,1.286883e+02,5.05720089
3704,0.001959,1.286796e+02,4.16755458
3705,0.000101,1.286718e+02,3.56493362
3706,0.000101,1.286680e+02,6.71864911
3707,0.000099,1.286569e+02,5.33761856
3708,0.000129,1.286479e+02,4.36286833
3709,0.000095,1.286399e+02,3.69674290
3710,0.000083,1.286374e+02,7.14399427
3711,0.000084,1.286256e+02,5.64374722
3712,0.000084,1.286161e+02,4.57786921
3713,0.000082,1.286080e+02,3.84329889
3714,0.000083,1.286070e+02,7.60490627
3715,0.000085,1.285943e+02,5.97731030
3716,0.000084,1.285844e+02,4.81394232
3717,0.000085,1.285759e+02,4.00575489
3718,0.000116,1.285682e+02,3.46417992
3719,0.000154,1.285630e+02,6.34014341
3720,0.000155,1.285525e+02,5.07256450
3721,0.000143,1.285436e+02,4.18534092
3722,0.000151,1.285358e+02,3.58542090
3723,0.000188,1.285317e+02,6.73430094
3724,0.000143,1.285205e+02,5.35532249
3725,0.000150,1.285113e+02,4.38334348
3726,0.000151,1.285032e+02,3.72038803
3727,0.000149,1.285004e+02,7.16187345
3728,0.000192,1.284884e+02,5.66385459
3729,0.000207,1.284787e+02,4.60110087
3730,0.000202,1.284704e+02,3.87020503
3731,0.000220,1.284690e+02,7.62512785
3732,0.000220,1.284562e+02,5.99991676
3733,0.000244,1.284460e+02,4.84002936
3734,0.000216,1.284373e+02,4.03605559
3735,0.000238,1.284294e+02,3.49891177
3736,0.000233,1.284238e+02,6.36537611
3737,0.000175,1.284130e+02,5.10163610
3738,0.000205,1.284039e+02,4.21919927
3739,0.000200,1.283958e+02,3.62444326
3740,0.000215,1.283912e+02,6.76231949
3741,0.000204,1.283797e+02,5.38753904
3742,0.000191,1.283702e+02,4.42095278
3743,0.002873,1.283618e+02,3.76396887
3744,0.000122,1.283584e+02,7.19287004
3745,0.000121,1.283461e+02,5.69940770
3746,0.000125,1.283361e+02,4.64268455
3747,0.000117,1.283274e+02,3.91864358
3748,0.000126,1.283254e+02,7.65932779
3749,0.000122,1.283121e+02,6.03902954
3750,0.000140,1.283015e+02,4.88584085
3751,0.000140,1.282924e+02,4.08968132
3752,0.000112,1.282920e+02,8.16416871
3753,0.000111,1.282777e+02,6.40831287
3754,0.000122,1.282665e+02,5.15194835
3755,0.000151,1.282569e+02,4.27835432
3756,0.000209,1.282484e+02,3.69288079
3757,0.000266,1.282429e+02,6.80928387
3758,0.000229,1.282308e+02,5.44263269
3759,0.000171,1.282208e+02,4.48601436
3760,0.000173,1.282119e+02,3.83973499
3761,0.000158,1.282075e+02,7.24421936
3762,0.000168,1.281946e+02,5.75964029
3763,0.000172,1.281839e+02,4.71406652
3764,0.000152,1.281746e+02,4.00227733
3765,0.000149,1.281714e+02,7.71541705
3766,0.000147,1.281575e+02,6.10476324
3767,0.000154,1.281462e+02,4.96396140
3768,0.000129,1.281364e+02,4.18172339
3769,0.000136,1.281347e+02,8.22536595
3770,0.000136,1.281196e+02,6.47991698
3771,0.000130,1.281075e+02,5.23722277
3772,0.000125,1.280972e+02,4.37933067
3773,0.000139,1.280971e+02,8.77673988
3774,0.000151,1.280806e+02,6.88713805
3775,0.000140,1.280677e+02,5.53544438
3776,0.000152,1.280568e+02,4.59639068
3777,0.000137,1.280469e+02,3.96834082
3778,0.000142,1.280406e+02,7.32857250
3779,0.000158,1.280267e+02,5.86030465
3780,0.000135,1.280150e+02,4.83424566
3781,0.000131,1.280046e+02,4.14310492
3782,0.000129,1.279993e+02,7.80663330
3783,0.000121,1.279842e+02,6.21358360
3784,0.000122,1.279717e+02,5.09424328
3785,0.000120,1.279607e+02,4.33514844
3786,0.000132,1.279565e+02,8.32370387
3787,0.000111,1.279401e+02,6.59705741
3788,0.001776,1.279267e+02,5.37771313
3789,0.000102,1.279150e+02,4.54546478
3790,0.000117,1.279121e+02,8.88233896
3791,0.000115,1.278942e+02,7.01258106
3792,0.000151,1.278797e+02,5.68598397
3793,0.000125,1.278672e+02,4.77497890
3794,0.000123,1.278660e+02,9.48524500
3795,0.000106,1.278463e+02,7.46207141
3796,0.000098,1.278307e+02,6.02036299
3797,0.000117,1.278173e+02,5.02451691
3798,0.000120,1.278051e+02,4.36377413
3799,0.000103,1.277962e+02,7.94747928
3800,0.000119,1.277792e+02,6.38213907
3801,0.000109,1.277648e+02,5.29481021
3802,0.000150,1.277519e+02,4.56839115
3803,0.000135,1.277438e+02,8.47098017
3804,0.000130,1.277253e+02,6.77259755
3805,0.000131,1.277098e+02,5.58643246
3806,0.000125,1.276959e+02,4.78853131
3807,0.000124,1.276889e+02,9.03460781
3808,0.000117,1.276687e+02,7.19289701
3809,0.000113,1.276519e+02,5.89978450
3810,0.000119,1.276371e+02,5.02391831
3811,0.000114,1.276314e+02,9.64052268
3812,0.000120,1.276093e+02,7.64420091
3813,0.000130,1.275913e+02,6.23515823
3814,0.000122,1.275754e+02,5.27405546
3815,0.000121,1.275714e+02,10.29103061
3816,0.000132,1.275472e+02,8.12771907
3817,0.000120,1.275278e+02,6.59279733
3818,0.000119,1.275109e+02,5.53830144
3819,0.000125,1.275091e+02,10.98865114
3820,0.000124,1.274826e+02,8.64480024
3821,0.000122,1.274616e+02,6.97301786
3822,0.000131,1.274437e+02,5.81601923
3823,0.000115,1.274274e+02,5.04543872
3824,0.000132,1.274158e+02,9.19704337
3825,0.000127,1.273932e+02,7.37642188
3826,0.000112,1.273741e+02,6.10685491
3827,0.001527,1.273571e+02,5.25295684
3828,0.000086,1.273472e+02,9.78678279
3829,0.000087,1.273230e+02,7.80417410
3830,0.000087,1.273029e+02,6.41097083
3831,0.000096,1.272851e+02,5.46433057
3832,0.000095,1.272777e+02,10.41672024
3833,0.000093,1.272517e+02,8.25807943
3834,0.000095,1.272306e+02,6.72937589
3835,0.000097,1.272122e+02,5.67978879
3836,0.000103,1.272080e+02,11.09049894
3837,0.000176,1.271803e+02,8.74099624
3838,0.000171,1.271582e+02,7.06430319
3839,0.000160,1.271394e+02,5.90096972
3840,0.000145,1.271393e+02,11.81279113
3841,0.000154,1.271098e+02,9.25697308
3842,0.000138,1.270868e+02,7.41940649
3843,0.000148,1.270675e+02,6.13119526
3844,0.000129,1.270504e+02,5.25626955
3845,0.000148,1.270411e+02,9.81119596
3846,0.000135,1.270172e+02,7.79979010
3847,0.000117,1.269977e+02,6.37555965
3848,0.000108,1.269807e+02,5.39590914
3849,0.000114,1.269754e+02,10.41019494
3850,0.000123,1.269506e+02,8.21182599
3851,0.000120,1.269308e+02,6.64058135
3852,0.000109,1.269140e+02,5.54659851
3853,0.000116,1.269135e+02,11.06072423
3854,0.000124,1.268877e+02,8.66239945
3855,0.000116,1.268676e+02,6.93356819
3856,0.000119,1.268509e+02,5.71611649
3857,0.000124,1.268363e+02,4.88324787
3858,0.000125,1.268290e+02,9.15846955
3859,0.000117,1.268086e+02,7.26194368
3860,0.000127,1.267921e+02,5.91249613
3861,0.000125,1.267778e+02,4.97767508
3862,0.000124,1.267748e+02,9.70684019
3863,0.000129,1.267539e+02,7.63257866
3864,0.001635,1.267374e+02,6.14306922
3865,0.000089,1.267236e+02,5.09923375
3866,0.000081,1.267113e+02,4.38887724
3867,0.000083,1.267036e+02,8.05097846
3868,0.000084,1.266870e+02,6.41370619
3869,0.000082,1.266734e+02,5.25432136
3870,0.000083,1.266616e+02,4.45596472
3871,0.000082,1.266573e+02,8.52157366
3872,0.000081,1.266405e+02,6.72869030
3873,0.000083,1.266270e+02,5.44745080
3874,0.000079,1.266155e+02,4.55545498
3875,0.000081,1.266148e+02,9.04739947
3876,0.000082,1.265974e+02,7.09064443
3877,0.000092,1.265838e+02,5.68121465
3878,0.000155,1.265725e+02,4.69012621
3879,0.000123,1.265626e+02,4.01385600
3880,0.000117,1.265573e+02,7.50105730
3881,0.000124,1.265435e+02,5.95676610
3882,0.000124,1.265322e+02,4.86109022
3883,0.000207,1.265224e+02,4.10571379
3884,0.000219,1.265198e+02,7.96101266
3885,0.000185,1.265055e+02,6.27445840
3886,0.000128,1.264941e+02,5.06836625
3887,0.000131,1.264844e+02,4.22878556
3888,0.000132,1.264757e+02,3.66319047
3889,0.000142,1.264694e+02,6.63423581
3890,0.000134,1.264577e+02,5.31144472
3891,0.000131,1.264480e+02,4.38235848
3892,0.000111,1.264393e+02,3.75021364
3893,0.000120,1.264349e+02,7.03631628
3894,0.000115,1.264228e+02,5.58986447
3895,0.000115,1.264128e+02,4.56560890
3896,0.000118,1.264042e+02,3.86194264
3897,0.000114,1.264017e+02,7.48118996
3898,0.000116,1.263890e+02,5.90341645
3899,0.000147,1.263788e+02,4.77790910
3900,0.000144,1.263700e+02,3.99752434
3901,0.000116,1.263696e+02,7.96988847
3902,0.000125,1.263561e+02,6.25236824
3903,0.000126,1.263455e+02,5.01903798
3904,0.001759,1.263366e+02,4.15645942
3905,0.000086,1.263286e+02,3.57307332
3906,0.000084,1.263240e+02,6.63748306
3907,0.000085,1.263129e+02,5.28924455
3908,0.000083,1.263037e+02,4.33868353
3909,0.000082,1.262956e+02,3.68957038
3910,0.000082,1.262925e+02,7.06011918
3911,0.000084,1.262808e+02,5.58925485
3912,0.000087,1.262713e+02,4.54453746
3913,0.000080,1.262631e+02,3.82449453
3914,0.000081,1.262617e+02,7.52195033
3915,0.000084,1.262492e+02,5.92014054
3916,0.000080,1.262393e+02,4.77470573
3917,0.000106,1.262308e+02,3.97828559
3918,0.000105,1.262232e+02,3.44361555
3919,0.000098,1.262180e+02,6.28332343
3920,0.000096,1.262076e+02,5.03019674
3921,0.000095,1.261989e+02,4.15168490
3922,0.000104,1.261911e+02,3.55611840
3923,0.000133,1.261872e+02,6.68061965
3924,0.000125,1.261762e+02,5.31230576
3925,0.000123,1.261671e+02,4.34566332
3926,0.000118,1.261592e+02,3.68413859
3927,0.000119,1.261567e+02,7.11401722
3928,0.000205,1.261450e+02,5.62250945
3929,0.000216,1.261356e+02,4.56136743
3930,0.000182,1.261275e+02,3.82859393
3931,0.000156,1.261267e+02,7.58577554
3932,0.000136,1.261141e+02,5.96249502
3933,0.000124,1.261043e+02,4.80011051
3934,0.000135,1.260959e+02,3.99054792
3935,0.000156,1.260884e+02,3.44614079
3936,0.000139,1.260835e+02,6.33413157
3937,0.000129,1.260731e+02,5.06336155
3938,0.000125,1.260644e+02,4.17120080
3939,0.000107,1.260567e+02,3.56544955
3940,0.000105,1.260531e+02,6.73955707
3941,0.000119,1.260420e+02,5.35274641
3942,0.000121,1.260330e+02,4.37185289
3943,0.001959,1.260251e+02,3.69965807
3944,0.000092,1.260229e+02,7.18099383
3945,0.000083,1.260111e+02,5.66998154
3946,0.000089,1.260017e+02,4.59388883
3947,0.000084,1.259935e+02,3.84991579
3948,0.000083,1.259930e+02,7.66087740
3949,0.000082,1.259803e+02,6.01693156
3950,0.000086,1.259704e+02,4.83879605
3951,0.000084,1.259620e+02,4.01745408
3952,0.000080,1.259544e+02,3.46458571
3953,0.000083,1.259497e+02,6.39560178
3954,0.000083,1.259392e+02,5.10817537
3955,0.000087,1.259304e+02,4.20359859
3956,0.000110,1.259227e+02,3.58891267
3957,0.000111,1.259192e+02,6.80824013
3958,0.000098,1.259080e+02,5.40375545
3959,0.000098,1.258989e+02,4.40974497
3960,0.000102,1.258909e+02,3.72811814
3961,0.000097,1.258889e+02,7.25715919
3962,0.000097,1.258769e+02,5.72733641
3963,0.000104,1.258673e+02,4.63735434
3964,0.000098,1.258591e+02,3.88342256
3965,0.000097,1.258587e+02,7.74487497
3966,0.000109,1.258458e+02,6.08085552
3967,0.000136,1.258357e+02,4.88797897
3968,0.000126,1.258272e+02,4.05611606
3969,0.000115,1.258195e+02,3.49608565
3970,0.000122,1.258148e+02,6.46638405
3971,0.000128,1.258041e+02,5.16327791
3972,0.000190,1.257952e+02,4.24757595
3973,0.000203,1.257873e+02,3.62535618
3974,0.000222,1.257838e+02,6.88623474
3975,0.000133,1.257724e+02,5.46503437
3976,0.000128,1.257631e+02,4.45924442
3977,0.000142,1.257550e+02,3.76970356
3978,0.000139,1.257529e+02,7.34278027
3979,0.000133,1.257406e+02,5.79509984
3980,0.000128,1.257308e+02,4.69262648
3981,0.000115,1.257224e+02,3.93038802
3982,0.000111,1.257220e+02,7.83859766
3983,0.001937,1.257088e+02,6.15546306
3984,0.000104,1.256984e+02,4.94931765
3985,0.000099,1.256897e+02,4.10873781
3986,0.000101,1.256818e+02,3.54343576
3987,0.000102,1.256769e+02,6.54824710
3988,0.000095,1.256658e+02,5.23102089
3989,0.000087,1.256567e+02,4.30616844
3990,0.000083,1.256485e+02,3.67855176
3991,0.000085,1.256448e+02,6.97582155
3992,0.000115,1.256330e+02,5.53956543
3993,0.000097,1.256234e+02,4.52416053
3994,0.000100,1.256150e+02,3.82911838
3995,0.000099,1.256127e+02,7.44061439
3996,0.000091,1.256000e+02,5.87684893
3997,0.000133,1.255898e+02,4.76425799
3998,0.000107,1.255811e+02,3.99643181
3999,0.000109,1.255804e+02,7.94526149
4000,0.000100,1.255667e+02,6.24490877
4001,0.000104,1.255559e+02,5.02809674
4002,0.000111,1.255467e+02,4.18185629
4003,0.000099,1.255385e+02,3.61443369
4004,0.000099,1.255330e+02,6.64591818
4005,0.000112,1.255215e+02,5.31742151
4006,0.000123,1.255119e+02,4.38684330
4007,0.000112,1.255033e+02,3.75744803
4008,0.000118,1.254990e+02,7.08230326
4009,0.000110,1.254867e+02,5.63410588
4010,0.000137,1.254765e+02,4.61290910
4011,0.000169,1.254676e+02,3.91649889
4012,0.000141,1.254646e+02,7.55654634
4013,0.000142,1.254513e+02,5.98009059
4014,0.000178,1.254406e+02,4.86163099
4015,0.000299,1.254312e+02,4.09291092
4016,0.000195,1.254297e+02,8.07133980
4017,0.000150,1.254153e+02,6.35745596
4018,0.000161,1.254038e+02,5.13467533
4019,0.000150,1.253940e+02,4.28806968
4020,0.000138,1.253851e+02,3.72383268
4021,0.000276,1.253786e+02,6.76841458
4022,0.002141,1.253663e+02,5.43381130
4023,0.000115,1.253559e+02,4.50343726
4024,0.000101,1.253466e+02,3.87832213
4025,0.000108,1.253411e+02,7.21543254
4026,0.000101,1.253279e+02,5.76093007
4027,0.000089,1.253168e+02,4.74052603
4028,0.000085,1.253070e+02,4.04959945
4029,0.000084,1.253027e+02,7.70102013
4030,0.000085,1.252883e+02,6.11797457
4031,0.000089,1.252766e+02,5.00088708
4032,0.000086,1.252662e+02,4.23893625
4033,0.000087,1.252632e+02,8.22788691
4034,0.000087,1.252476e+02,6.50700841
4035,0.000126,1.252350e+02,5.28613114
4036,0.000109,1.252240e+02,4.44762137
4037,0.000098,1.252225e+02,8.79893627
4038,0.000102,1.252055e+02,6.93021182
4039,0.000107,1.251919e+02,5.59792063
4040,0.000102,1.251802e+02,4.67694472
4041,0.000097,1.251696e+02,4.06501679
4042,0.000103,1.251618e+02,7.38986824
4043,0.000099,1.251471e+02,5.93797813
4044,0.000098,1.251346e+02,4.92820409
4045,0.000106,1.251234e+02,4.25238058
4046,0.000098,1.251164e+02,7.88851042
4047,0.000100,1.251004e+02,6.30809655
4048,0.000102,1.250870e+02,5.20265299
4049,0.000127,1.250750e+02,4.45759078
4050,0.000149,1.250691e+02,8.42863821
4051,0.000126,1.250516e+02,6.71003528
4052,0.000126,1.250372e+02,5.50147106
4053,0.000131,1.250244e+02,4.68135537
4054,0.000270,1.250198e+02,9.01290803
4055,0.000176,1.250006e+02,7.14559666
4056,0.000155,1.249850e+02,5.82577750
4057,0.000119,1.249713e+02,4.92422695
4058,0.000130,1.249682e+02,9.64411954
4059,0.000137,1.249471e+02,7.61661560
4060,0.000128,1.249301e+02,6.17661763
4061,0.000128,1.249154e+02,5.18658083
4062,0.000112,1.249142e+02,10.32522489
4063,0.000106,1.248910e+02,8.12496786
4064,0.002001,1.248726e+02,6.55496859
4065,0.000112,1.248568e+02,5.46861535
4066,0.000101,1.248425e+02,4.74616233
4067,0.000103,1.248323e+02,8.67257827
4068,0.000103,1.248122e+02,6.96179866
4069,0.000088,1.247953e+02,5.77042809
4070,0.000084,1.247800e+02,4.97164350
4071,0.000089,1.247710e+02,9.26170905
4072,0.000085,1.247492e+02,7.39815993
4073,0.000084,1.247309e+02,6.09203867
4074,0.000083,1.247147e+02,5.20892074
4075,0.000090,1.247073e+02,9.89459910
4076,0.000086,1.246835e+02,7.86515764
4077,0.000086,1.246640e+02,6.43352833
4078,0.000119,1.246468e+02,5.45711300
4079,0.000102,1.246415e+02,10.57389811
4080,0.000096,1.246157e+02,8.36425220
4081,0.000097,1.245948e+02,6.79530289
4082,0.000103,1.245767e+02,5.71563698
4083,0.000105,1.245742e+02,11.30280152
4084,0.000098,1.245462e+02,8.89745825
4085,0.000111,1.245239e+02,7.17836182
4086,0.000101,1.245049e+02,5.98454858
4087,0.000098,1.244877e+02,5.18483342
4088,0.000107,1.244758e+02,9.46754222
4089,0.000100,1.244521e+02,7.58462831
4090,0.000100,1.244323e+02,6.26497432
4091,0.000101,1.244146e+02,5.37044174
4092,0.000100,1.244054e+02,10.07853870
4093,0.000121,1.243803e+02,8.01725253
4094,0.000206,1.243598e+02,6.55938320
4095,0.000145,1.243418e+02,5.55933436
4096,0.000115,1.243361e+02,10.73526995
4097,0.000134,1.243096e+02,8.48055848
4098,0.000210,1.242883e+02,6.87177099
4099,0.000194,1.242701e+02,5.75517203
4100,0.000226,1.242690e+02,11.44371703
4101,0.000161,1.242409e+02,8.98017501
4102,0.000138,1.242190e+02,7.20768379
4103,0.000139,1.242007e+02,5.96346988
4104,0.000159,1.241844e+02,5.11632616
4105,0.000132,1.241753e+02,9.52271254
4106,0.000129,1.241528e+02,7.57390817
4107,0.002014,1.241344e+02,6.19129054
4108,0.000105,1.241183e+02,5.23741869
4109,0.000105,1.241136e+02,10.11567019
4110,0.000098,1.240903e+02,7.97796596
4111,0.000100,1.240718e+02,6.44652202
4112,0.000101,1.240561e+02,5.37679835
4113,0.000095,1.240420e+02,4.65156585
4114,0.000087,1.240321e+02,8.42714386
4115,0.000082,1.240134e+02,6.73697705
4116,0.000083,1.239980e+02,5.54287383
4117,0.000085,1.239844e+02,4.72266273
4118,0.000092,1.239784e+02,8.92834836
4119,0.000085,1.239594e+02,7.06974528
4120,0.000086,1.239441e+02,5.74323664
4121,0.000120,1.239310e+02,4.82088937
4122,0.000107,1.239292e+02,9.48723180
4123,0.000098,1.239097e+02,7.45045881
4124,0.000100,1.238944e+02,5.98387533
4125,0.000102,1.238816e+02,4.95271113
4126,0.000101,1.238703e+02,4.24854655
4127,0.000098,1.238639e+02,7.88325907
4128,0.000113,1.238484e+02,6.26897117
4129,0.000099,1.238358e+02,5.12261028
4130,0.000098,1.238248e+02,4.33084046
4131,0.000098,1.238217e+02,8.37123525
4132,0.000104,1.238058e+02,6.60113497
4133,0.000099,1.237932e+02,5.33315055
4134,0.000101,1.237824e+02,4.44808854
4135,0.000129,1.237728e+02,3.84929303
4136,0.000156,1.237661e+02,6.98169065
4137,0.000130,1.237532e+02,5.58537502
4138,0.000127,1.237425e+02,4.60131632
4139,0.000130,1.237332e+02,3.92848026
4140,0.000191,1.237287e+02,7.41153481
4141,0.000207,1.237155e+02,5.87952885
4142,0.000187,1.237047e+02,4.79049365
4143,0.000139,1.236954e+02,4.03828731
4144,0.000133,1.236935e+02,7.89135246
4145,0.000147,1.236796e+02,6.21551953
4146,0.000133,1.236686e+02,5.01510211
4147,0.001963,1.236593e+02,4.17800818
4148,0.000102,1.236509e+02,3.61328238
4149,0.000104,1.236452e+02,6.59341702
4150,0.000102,1.236338e+02,5.27466130
4151,0.000099,1.236243e+02,4.34687318
4152,0.000105,1.236160e+02,3.71461740
4153,0.000106,1.236120e+02,7.01382857
4154,0.000103,1.236001e+02,5.56905902
4155,0.000103,1.235904e+02,4.54436111
4156,0.000090,1.235819e+02,3.83920459
4157,0.000084,1.235798e+02,7.47778662
4158,0.000085,1.235672e+02,5.89860792
4159,0.000085,1.235571e+02,4.77034052
4160,0.000083,1.235485e+02,3.98665629
4161,0.000126,1.235485e+02,7.98690726
4162,0.000103,1.235351e+02,6.26414569
4163,0.000105,1.235246e+02,5.02514564
4164,0.000102,1.235157e+02,4.15700729
4165,0.000096,1.235079e+02,3.56869002
4166,0.000102,1.235036e+02,6.66699242
4167,0.000104,1.234925e+02,5.30956578
4168,0.000098,1.234834e+02,4.35071504
4169,0.000099,1.234754e+02,3.69451171
4170,0.000104,1.234726e+02,7.10901298
4171,0.000100,1.234608e+02,5.62481292
4172,0.000105,1.234513e+02,4.56858779
4173,0.000096,1.234432e+02,3.83891996
4174,0.000104,1.234422e+02,7.59235017
4175,0.000098,1.234296e+02,5.97239299
4176,0.000102,1.234196e+02,4.81171871
4177,0.000105,1.234112e+02,4.00274035
4178,0.000101,1.234036e+02,3.45813594
4179,0.000128,1.233987e+02,6.35411801
4180,0.000163,1.233882e+02,5.08147260
4181,0.000126,1.233795e+02,4.18704452
4182,0.000120,1.233718e+02,3.57889238
4183,0.000138,1.233681e+02,6.77215953
4184,0.000149,1.233570e+02,5.37945875
4185,0.000148,1.233479e+02,4.39308749
4186,0.000178,1.233400e+02,3.71596448
4187,0.002106,1.233379e+02,7.22884787
4188,0.000117,1.233261e+02,5.70744429
4189,0.000104,1.233166e+02,4.62227003
4190,0.000107,1.233084e+02,3.87049816
4191,0.000099,1.233081e+02,7.72678252
4192,0.000103,1.232953e+02,6.06739539
4193,0.000103,1.232853e+02,4.87614148
4194,0.000102,1.232769e+02,4.04376361
4195,0.000101,1.232693e+02,3.48186405
4196,0.000106,1.232648e+02,6.46146122
4197,0.000105,1.232542e+02,5.15640084
4198,0.000111,1.232454e+02,4.23715734
4199,0.000104,1.232377e+02,3.61053228
4200,0.000109,1.232345e+02,6.89206828
4201,0.000139,1.232233e+02,5.46490381
4202,0.000116,1.232141e+02,4.45216996
4203,0.000102,1.232061e+02,3.75532839
4204,0.000106,1.232045e+02,7.36174216
4205,0.000100,1.231924e+02,5.80360422
4206,0.000103,1.231828e+02,4.69037825
4207,0.000111,1.231745e+02,3.91756494
4208,0.000099,1.231671e+02,3.39995920
4209,0.000099,1.231617e+02,6.17461112
4210,0.000099,1.231515e+02,4.95347782
4211,0.000107,1.231430e+02,4.09865264
4212,0.000098,1.231353e+02,3.52042481
4213,0.000097,1.231311e+02,6.58027282
4214,0.000104,1.231203e+02,5.24329508
4215,0.000102,1.231114e+02,4.30007960
4216,0.000101,1.231035e+02,3.65594104
4217,0.000106,1.231007e+02,7.02302982
4218,0.000100,1.230891e+02,5.56174099
4219,0.000100,1.230798e+02,4.52340662
4220,0.000103,1.230717e+02,3.80781253
4221,0.000101,1.230704e+02,7.50553443
4222,0.000112,1.230580e+02,5.91086874
4223,0.000140,1.230481e+02,4.77028974
4224,0.000114,1.230397e+02,3.97741943
4225,0.000129,1.230321e+02,3.44565988
4226,0.000128,1.230269e+02,6.29287467
4227,0.002184,1.230164e+02,5.04249560
4228,0.000113,1.230077e+02,4.16623249
4229,0.000097,1.229999e+02,3.57282955
4230,0.000102,1.229958e+02,6.71019460
4231,0.000103,1.229847e+02,5.34191869
4232,0.000103,1.229755e+02,4.37579464
4233,0.000097,1.229674e+02,3.71542199
4234,0.000115,1.229647e+02,7.16535150
4235,0.000105,1.229528e+02,5.67053563
4236,0.000100,1.229432e+02,4.60771940
4237,0.000104,1.229348e+02,3.87478871
4238,0.000107,1.229338e+02,7.66108368
4239,0.000100,1.229209e+02,6.03046744
4240,0.000145,1.229107e+02,4.86371618
4241,0.000151,1.229020e+02,4.05235534
4242,0.000162,1.228942e+02,3.50812930
4243,0.000133,1.228889e+02,6.42398088
4244,0.000131,1.228780e+02,5.14560746
4245,0.000103,1.228690e+02,4.24963896
4246,0.000097,1.228609e+02,3.64299708
4247,0.000103,1.228567e+02,6.85359097
4248,0.000100,1.228452e+02,5.45534740
4249,0.000101,1.228356e+02,4.46822923
4250,0.000106,1.228272e+02,3.79383555
4251,0.000109,1.228245e+02,7.32189849
4252,0.000103,1.228120e+02,5.79497326
4253,0.000097,1.228019e+02,4.70978736
4254,0.000105,1.227932e+02,3.96203866
4255,0.000103,1.227920e+02,7.83172591
4256,0.000108,1.227786e+02,6.16667134
4257,0.000104,1.227679e+02,4.97607309
4258,0.000099,1.227588e+02,4.14907440
4259,0.000097,1.227505e+02,3.59538001
4260,0.000109,1.227448e+02,6.57277717
4261,0.000100,1.227334e+02,5.26896226
4262,0.000097,1.227238e+02,4.35650289
4263,0.000107,1.227153e+02,3.74009063
4264,0.000097,1.227107e+02,7.01588482
4265,0.000102,1.226985e+02,5.59046655
4266,0.000139,1.226883e+02,4.58595628
4267,0.000151,1.226794e+02,3.90152583
4268,0.000118,1.226761e+02,7.49867157
4269,0.000138,1.226629e+02,5.94267994
4270,0.000139,1.226522e+02,4.83913616
4271,0.000125,1.226428e+02,4.08111131
4272,0.000125,1.226411e+02,8.02404126
4273,0.002126,1.226268e+02,6.32784704
4274,0.000106,1.226153e+02,5.11784038
4275,0.000102,1.226055e+02,4.28033895
4276,0.000103,1.225965e+02,3.72239702
4277,0.000133,1.225899e+02,6.74835999
4278,0.000109,1.225776e+02,5.42397816
4279,0.000102,1.225672e+02,4.50078206
4280,0.000103,1.225578e+02,3.88057135
4281,0.000103,1.225522e+02,7.20687324
4282,0.000103,1.225389e+02,5.75958842
4283,0.000106,1.225278e+02,4.74407013
4284,0.000103,1.225180e+02,4.05635842
4285,0.000102,1.225135e+02,7.70611139
4286,0.000111,1.224991e+02,6.12677658
4287,0.000166,1.224873e+02,5.01187890
4288,0.000150,1.224769e+02,4.25112439
4289,0.000113,1.224738e+02,8.24901682
4290,0.000101,1.224581e+02,6.52778072
4291,0.000105,1.224454e+02,5.30595042
4292,0.000104,1.224343e+02,4.46625555
4293,0.000099,1.224328e+02,8.83874783
4294,0.000107,1.224156e+02,6.96497000
4295,0.000106,1.224019e+02,5.62808652
4296,0.000100,1.223902e+02,4.70314252
4297,0.000108,1.223795e+02,4.08796762
4298,0.000100,1.223716e+02,7.44083519
4299,0.000098,1.223568e+02,5.98015960
4300,0.000103,1.223441e+02,4.96318808
4301,0.000097,1.223328e+02,4.28168384
4302,0.000102,1.223259e+02,7.95813059
4303,0.000105,1.223097e+02,6.36412196
4304,0.000106,1.222961e+02,5.24775542
4305,0.000101,1.222840e+02,4.49417297
4306,0.000100,1.222782e+02,8.51960500
4307,0.000108,1.222604e+02,6.78190920
4308,0.000103,1.222458e+02,5.55814274
4309,0.000113,1.222328e+02,4.72621306
4310,0.000133,1.222284e+02,9.12818887
4311,0.000126,1.222089e+02,7.23551773
4312,0.000120,1.221930e+02,5.89559944
4313,0.000134,1.221791e+02,4.97843304
4314,0.000137,1.221764e+02,9.78698685
4315,0.000155,1.221549e+02,7.72700019
4316,0.002107,1.221376e+02,6.26131887
4317,0.000102,1.221227e+02,5.25129754
4318,0.000105,1.221221e+02,10.49929362
4319,0.000101,1.220983e+02,8.25848104
4320,0.000105,1.220795e+02,6.65645263
4321,0.000112,1.220635e+02,5.54511720
4322,0.000102,1.220489e+02,4.80371614
4323,0.000104,1.220391e+02,8.83217687
4324,0.000105,1.220186e+02,7.08218410
4325,0.000103,1.220013e+02,5.86014133
4326,0.000102,1.219859e+02,5.03793553
4327,0.000106,1.219774e+02,9.45069235
4328,0.000107,1.219550e+02,7.53982943
4329,0.000142,1.219364e+02,6.19659226
4330,0.000146,1.219200e+02,5.28493867
4331,0.000134,1.219133e+02,10.11667040
4332,0.000123,1.218889e+02,8.03082354
4333,0.000101,1.218690e+02,6.55482655
4334,0.000098,1.218516e+02,5.54407318
4335,0.000110,1.218474e+02,10.83323900
4336,0.000098,1.218208e+02,8.55703525
4337,0.000100,1.217994e+02,6.93561403
4338,0.000107,1.217810e+02,5.81508604
4339,0.000108,1.217801e+02,11.60415204
4340,0.000101,1.217512e+02,9.12097242
4341,0.000105,1.217284e+02,7.34041469
4342,0.000099,1.217091e+02,6.09847742
4343,0.000097,1.216917e+02,5.26200729
4344,0.000104,1.216809e+02,9.72597757
4345,0.000101,1.216566e+02,7.77170745
4346,0.000100,1.216365e+02,6.39593214
4347,0.000097,1.216186e+02,5.45814490
4348,0.000111,1.216109e+02,10.37672999
4349,0.000101,1.215851e+02,8.23326006
4350,0.000098,1.215642e+02,6.71054956
4351,0.000106,1.215460e+02,5.66012140
4352,0.000105,1.215422e+02,11.07870907
4353,0.000135,1.215149e+02,8.73002454
4354,0.000131,1.214932e+02,7.04697226
4355,0.000118,1.214748e+02,5.87228994
4356,0.000117,1.214583e+02,5.07819813
4357,0.000145,1.214470e+02,9.26818322
4358,0.002247,1.214246e+02,7.41135633
4359,0.000114,1.214060e+02,6.10083981
4360,0.000098,1.213897e+02,5.20271903
4361,0.000099,1.213825e+02,9.85511721
4362,0.000106,1.213593e+02,7.81102241
4363,0.000102,1.213406e+02,6.35330801
4364,0.000098,1.213245e+02,5.34119472
4365,0.000110,1.213220e+02,10.49837298
4366,0.000108,1.212979e+02,8.25363446
4367,0.000104,1.212790e+02,6.63779443
4368,0.000111,1.212632e+02,5.50218819
4369,0.000103,1.212491e+02,4.72693799
4370,0.000109,1.212409e+02,8.74664827
4371,0.000145,1.212217e+02,6.96217509
4372,0.000151,1.212061e+02,5.69415540
4373,0.000136,1.211925e+02,4.81719822
4374,0.000131,1.211884e+02,9.29702633
4375,0.000124,1.211688e+02,7.33342635
4376,0.000101,1.211532e+02,5.92449348
4377,0.000100,1.211400e+02,4.93833133
4378,0.000103,1.211282e+02,4.26810896
4379,0.000102,1.211201e+02,7.75697572
4380,0.000099,1.211045e+02,6.19888376
4381,0.000106,1.210915e+02,5.09646110
4382,0.000142,1.210802e+02,4.33816885
4383,0.000117,1.210754e+02,8.23704001
4384,0.000103,1.210594e+02,6.52128750
4385,0.000103,1.210465e+02,5.29569537
4386,0.000098,1.210355e+02,4.44313273
4387,0.000105,1.210342e+02,8.77654701
4388,0.000107,1.210176e+02,6.89407072
4389,0.000099,1.210046e+02,5.53826540
4390,0.000098,1.209937e+02,4.58533628
4391,0.000112,1.209840e+02,3.93559214
4392,0.000102,1.209786e+02,7.31862119
4393,0.000101,1.209653e+02,5.82511517
4394,0.000112,1.209544e+02,4.76560633
4395,0.000121,1.209449e+02,4.03546646
4396,0.000147,1.209420e+02,7.79608230
4397,0.000125,1.209281e+02,6.15657588
4398,0.000125,1.209171e+02,4.98388300
4399,0.000120,1.209076e+02,4.16757854
4400,0.000130,1.209074e+02,8.32752286
4401,0.000124,1.208928e+02,6.53280065
4402,0.002177,1.208813e+02,5.23978087
4403,0.000116,1.208718e+02,4.33128884
4404,0.000119,1.208633e+02,3.71300426
4405,0.000116,1.208588e+02,6.95422875
4406,0.000097,1.208469e+02,5.53308119
4407,0.000107,1.208371e+02,4.52601415
4408,0.000098,1.208286e+02,3.83366999
4409,0.000100,1.208261e+02,7.42192490
4410,0.000098,1.208135e+02,5.86401339
4411,0.000102,1.208034e+02,4.75149052
4412,0.000102,1.207948e+02,3.97922825
4413,0.000104,1.207944e+02,7.93741191
4414,0.000102,1.207810e+02,6.23327275
4415,0.000140,1.207705e+02,5.00788517
4416,0.000156,1.207616e+02,4.14953922
4417,0.000122,1.207537e+02,3.56799508
4418,0.000121,1.207492e+02,6.64209835
4419,0.000118,1.207381e+02,5.29586446
4420,0.000122,1.207290e+02,4.34491765
4421,0.000122,1.207209e+02,3.69409588
4422,0.000117,1.207180e+02,7.09233788
4423,0.000126,1.207062e+02,5.61657698
4424,0.000124,1.206967e+02,4.56608261
4425,0.000122,1.206885e+02,3.84014382
4426,0.000134,1.206874e+02,7.58619187
4427,0.000121,1.206749e+02,5.97153034
4428,0.000123,1.206649e+02,4.81409522
4429,0.000129,1.206564e+02,4.00691371
4430,0.000124,1.206489e+02,3.46311108
4431,0.000119,1.206439e+02,6.36259518
4432,0.000162,1.206334e+02,5.09033968
4433,0.000126,1.206246e+02,4.19547397
4434,0.000130,1.206169e+02,3.58641649
4435,0.000154,1.206133e+02,6.79204750
4436,0.000155,1.206021e+02,5.39648810
4437,0.000136,1.205930e+02,4.40711696
4438,0.000108,1.205851e+02,3.72709788
4439,0.000132,1.205831e+02,7.26236939
4440,0.000124,1.205711e+02,5.73440990
4441,0.000264,1.205616e+02,4.64331459
4442,0.002176,1.205534e+02,3.88635265
4443,0.000110,1.205533e+02,7.77634945
4444,0.000105,1.205404e+02,6.10620539
4445,0.000106,1.205304e+02,4.90571435
4446,0.000112,1.205219e+02,4.06552671
4447,0.000100,1.205143e+02,3.49723537
4448,0.000103,1.205100e+02,6.51418752
4449,0.000100,1.204993e+02,5.19613708
4450,0.000105,1.204905e+02,4.26611201
4451,0.000103,1.204827e+02,3.63075325
4452,0.000104,1.204797e+02,6.96097164
4453,0.000106,1.204684e+02,5.51658041
4454,0.000105,1.204591e+02,4.48971073
4455,0.000092,1.204511e+02,3.78147419
4456,0.000138,1.204498e+02,7.44930127
4457,0.000105,1.204376e+02,5.86916130
4458,0.000099,1.204279e+02,4.73802658
4459,0.000104,1.204196e+02,3.95081464
4460,0.000097,1.204121e+02,3.42198561
4461,0.000103,1.204070e+02,6.25617305
4462,0.000104,1.203967e+02,5.01289738
4463,0.000100,1.203881e+02,4.14030079
4464,0.000098,1.203804e+02,3.54816458
4465,0.000114,1.203766e+02,6.68016909
4466,0.000100,1.203656e+02,5.31630616
4467,0.000104,1.203566e+02,4.35154610
4468,0.000102,1.203487e+02,3.69047915
4469,0.000100,1.203463e+02,7.14381851
4470,0.000097,1.203346e+02,5.65033697
4471,0.000101,1.203251e+02,4.58624784
4472,0.000103,1.203170e+02,3.85034719
4473,0.000101,1.203162e+02,7.65002748
4474,0.000100,1.203036e+02,6.01723406
4475,0.000113,1.202936e+02,4.84621045
4476,0.000102,1.202851e+02,4.02927040
4477,0.000109,1.202775e+02,3.47901385
4478,0.000133,1.202727e+02,6.41940563
4479,0.000119,1.202621e+02,5.13336349
4480,0.000126,1.202533e+02,4.22885103
4481,0.000128,1.202454e+02,3.61358097
4482,0.000131,1.202419e+02,6.85952224
4483,0.000172,1.202305e+02,5.44977874
4484,0.002165,1.202213e+02,4.45077191
4485,0.000116,1.202132e+02,3.76478604
4486,0.000105,1.202112e+02,7.34036416
4487,0.000104,1.201990e+02,5.79762641
4488,0.000105,1.201892e+02,4.69679726
4489,0.000101,1.201808e+02,3.93410451
4490,0.000102,1.201805e+02,7.86495445
4491,0.000107,1.201673e+02,6.17924058
4492,0.000103,1.201570e+02,4.96879976
4493,0.000105,1.201482e+02,4.12309396
4494,0.000101,1.201404e+02,3.55258957
4495,0.000112,1.201357e+02,6.59712363
4496,0.000105,1.201246e+02,5.26878129
4497,0.000106,1.201154e+02,4.33341428
4498,0.000157,1.201073e+02,3.69638086
4499,0.000120,1.201040e+02,7.05405308
4500,0.000107,1.200921e+02,5.59889152
4501,0.000100,1.200824e+02,4.56680647
4502,0.000104,1.200740e+02,3.85748320
4503,0.000103,1.200722e+02,7.55291438
4504,0.000097,1.200594e+02,5.96138024
4505,0.000101,1.200491e+02,4.82509470
4506,0.000103,1.200404e+02,4.03742254
4507,0.000101,1.200403e+02,8.09684526
4508,0.000101,1.200264e+02,6.35866809
4509,0.000114,1.200155e+02,5.11021596
4510,0.000099,1.200063e+02,4.23780774
4511,0.000100,1.199981e+02,3.64940810
4512,0.000102,1.199933e+02,6.79335030
4513,0.000098,1.199816e+02,5.42424224
4514,0.000100,1.199719e+02,4.46035297
4515,0.000105,1.199633e+02,3.80429849
4516,0.000099,1.199598e+02,7.26831231
4517,0.000100,1.199472e+02,5.76940008
4518,0.000107,1.199370e+02,4.70685431
4519,0.000102,1.199280e+02,3.97736111
4520,0.000101,1.199260e+02,7.78654519
4521,0.000115,1.199124e+02,6.14801715
4522,0.000138,1.199015e+02,4.97919145
4523,0.000114,1.198921e+02,4.17016482
4524,0.000119,1.198919e+02,8.35130153
4525,0.000128,1.198770e+02,6.56259770
4526,0.002168,1.198653e+02,5.27935856
4527,0.000111,1.198554e+02,4.38435751
4528,0.000101,1.198465e+02,3.78249697
4529,0.000102,1.198411e+02,7.01582348
4530,0.000103,1.198285e+02,5.60948581
4531,0.000103,1.198180e+02,4.62168797
4532,0.000106,1.198086e+02,3.95170849
4533,0.000104,1.198044e+02,7.51067836
4534,0.000105,1.197908e+02,5.97185825
4535,0.000106,1.197796e+02,4.88397760
4536,0.000112,1.197698e+02,4.14010294
4537,0.000104,1.197670e+02,8.05024188
4538,0.000108,1.197522e+02,6.36885267
4539,0.000107,1.197402e+02,5.17311721
4540,0.000164,1.197298e+02,4.34922827
4541,0.000154,1.197287e+02,8.63785520
4542,0.000130,1.197124e+02,6.80301448
4543,0.000117,1.196995e+02,5.49109426
4544,0.000123,1.196885e+02,4.58068007
4545,0.000103,1.196785e+02,3.97271439
4546,0.000099,1.196715e+02,7.27705120
4547,0.000098,1.196575e+02,5.84000753
4548,0.000108,1.196457e+02,4.83611495
4549,0.000098,1.196351e+02,4.16035523
4550,0.000100,1.196292e+02,7.79396253
4551,0.000109,1.196140e+02,6.22207943
4552,0.000097,1.196013e+02,5.11720879
4553,0.000096,1.195901e+02,4.36779000
4554,0.000110,1.195854e+02,8.35680520
4555,0.000100,1.195687e+02,6.63957556
4556,0.000099,1.195551e+02,5.42563953
4557,0.000107,1.195430e+02,4.59624427
4558,0.000100,1.195399e+02,8.96886534
4559,0.000102,1.195216e+02,7.09487741
4560,0.000106,1.195067e+02,5.76310308
4561,0.000097,1.194939e+02,4.84687871
4562,0.000102,1.194926e+02,9.63365250
4563,0.000114,1.194723e+02,7.59047619
4564,0.000107,1.194562e+02,6.13130114
4565,0.000113,1.194423e+02,5.12076540
4566,0.000126,1.194298e+02,4.44818364
4567,0.000122,1.194208e+02,8.12896371
4568,0.002186,1.194032e+02,6.53195948
4569,0.000106,1.193882e+02,5.41890522
4570,0.000099,1.193748e+02,4.67223262
4571,0.000097,1.193669e+02,8.71321306
4572,0.000153,1.193475e+02,6.96684874
4573,0.000109,1.193314e+02,5.74217950
4574,0.000104,1.193170e+02,4.91415378
4575,0.000106,1.193104e+02,9.34607043
4576,0.000106,1.192892e+02,7.43770169
4577,0.000106,1.192718e+02,6.09136959
4578,0.000103,1.192563e+02,5.17388118
4579,0.000107,1.192515e+02,10.03062710
4580,0.000108,1.192282e+02,7.94636574
4581,0.000108,1.192093e+02,6.46725460
4582,0.000157,1.191928e+02,5.45123425
4583,0.000152,1.191903e+02,10.77027238
4584,0.000132,1.191647e+02,8.49488376
4585,0.000129,1.191442e+02,6.87071987
4586,0.000136,1.191265e+02,5.74605192
4587,0.000117,1.191105e+02,4.99664670
4588,0.000108,1.190988e+02,9.08560893
4589,0.000104,1.190766e+02,7.30295901
4590,0.000100,1.190578e+02,6.05845088
4591,0.000097,1.190410e+02,5.22045957
4592,0.000101,1.190311e+02,9.72161416
4593,0.000109,1.190071e+02,7.76571860
4594,0.000103,1.189872e+02,6.38904395
4595,0.000096,1.189696e+02,5.45203939
4596,0.000104,1.189622e+02,10.40643303
4597,0.000099,1.189364e+02,8.26141136
4598,0.000106,1.189153e+02,6.73927037
4599,0.000109,1.188970e+02,5.69189203
4600,0.000097,1.188931e+02,11.14456583
4601,0.000100,1.188653e+02,8.79350008
4602,0.000107,1.188431e+02,7.11176509
4603,0.000098,1.188241e+02,5.94188351
4604,0.000098,1.188070e+02,5.15535601
4605,0.000104,1.187947e+02,9.36663051
4606,0.000108,1.187715e+02,7.51060777
4607,0.000110,1.187520e+02,6.20558903
4608,0.002191,1.187347e+02,5.31636479
4609,0.000106,1.187259e+02,9.98693675
4610,0.000103,1.187015e+02,7.94140442
4611,0.000101,1.186816e+02,6.48832486
4612,0.000102,1.186642e+02,5.48515881
4613,0.000101,1.186598e+02,10.66136631
4614,0.000100,1.186342e+02,8.41090741
4615,0.000100,1.186138e+02,6.79690628
4616,0.000106,1.185965e+02,5.66861016
4617,0.000102,1.185810e+02,4.90357667
4618,0.000108,1.185704e+02,8.92669888
4619,0.000105,1.185496e+02,7.13918309
4620,0.000104,1.185324e+02,5.87491663
4621,0.000105,1.185173e+02,5.00570919
4622,0.000145,1.185108e+02,9.49686322
4623,0.000159,1.184895e+02,7.52334949
4624,0.000136,1.184723e+02,6.11270319
4625,0.000130,1.184575e+02,5.13014269
4626,0.000137,1.184558e+02,10.12893133
4627,0.000132,1.184337e+02,7.95700228
4628,0.000122,1.184165e+02,6.39002430
4629,0.000138,1.184020e+02,5.28547799
4630,0.000108,1.183893e+02,4.52874334
4631,0.000099,1.183825e+02,8.44670003
4632,0.000118,1.183649e+02,6.71368146
4633,0.000105,1.183507e+02,5.47901030
4634,0.000097,1.183384e+02,4.62254456
4635,0.000106,1.183355e+02,8.99797788
4636,0.000097,1.183175e+02,7.08892144
4637,0.000102,1.183033e+02,5.71617049
4638,0.000107,1.182912e+02,4.75298257
4639,0.000101,1.182805e+02,4.09690879
4640,0.000103,1.182737e+02,7.51931436
4641,0.000098,1.182593e+02,6.00043795
4642,0.000110,1.182474e+02,4.92372691
4643,0.000098,1.182371e+02,4.18186311
4644,0.000099,1.182333e+02,8.00746888
4645,0.000104,1.182184e+02,6.33383325
4646,0.000105,1.182065e+02,5.13665466
4647,0.000099,1.181963e+02,4.30283008
4648,0.002090,1.181956e+02,8.55524558
4649,0.000120,1.181800e+02,6.71738012
4650,0.000099,1.181679e+02,5.39238910
4651,0.000111,1.181577e+02,4.46032499
4652,0.000105,1.181487e+02,3.82462854
4653,0.000102,1.181438e+02,7.15178691
4654,0.000104,1.181312e+02,5.69100456
4655,0.000099,1.181209e+02,4.65412867
4656,0.000098,1.181119e+02,3.93948382
4657,0.000103,1.181094e+02,7.63805258
4658,0.000101,1.180962e+02,6.03259552
4659,0.000101,1.180856e+02,4.88383637
4660,0.000097,1.180765e+02,4.08415127
4661,0.000104,1.180765e+02,8.17750080
4662,0.000156,1.180624e+02,6.41753609
4663,0.000152,1.180514e+02,5.14923235
4664,0.000128,1.180422e+02,4.25809852
4665,0.000124,1.180340e+02,3.65188922
4666,0.000127,1.180297e+02,6.84673508
4667,0.000124,1.180182e+02,5.45055713
4668,0.000128,1.180087e+02,4.46117317
4669,0.000129,1.180004e+02,3.78119371
4670,0.000123,1.179979e+02,7.32180418
4671,0.000122,1.179857e+02,5.78860590
4672,0.000126,1.179758e+02,4.69367576
4673,0.000126,1.179674e+02,3.93376531
4674,0.000120,1.179670e+02,7.84482681
4675,0.000122,1.179538e+02,6.16464908
4676,0.000119,1.179435e+02,4.95635384
4677,0.000146,1.179348e+02,4.11003253
4678,0.000108,1.179271e+02,3.53679876
4679,0.000112,1.179226e+02,6.58045032
4680,0.000096,1.179117e+02,5.25040185
4681,0.000097,1.179027e+02,4.31083087
4682,0.000101,1.178947e+02,3.66785385
4683,0.000096,1.178918e+02,7.03830474
4684,0.000097,1.178802e+02,5.57741840
4685,0.000105,1.178708e+02,4.53732511
4686,0.004352,1.178627e+02,3.81851576
4687,0.000106,1.178616e+02,7.54080905
4688,0.000096,1.178491e+02,5.93929486
4689,0.000090,1.178393e+02,4.79094957
4690,0.000090,1.178309e+02,3.98991666
4691,0.000091,1.178234e+02,3.45015994
4692,0.000098,1.178184e+02,6.33823006
4693,0.000108,1.178080e+02,5.07339947
4694,0.000104,1.177993e+02,4.18341918
4695,0.000103,1.177916e+02,3.57746494
4696,0.000105,1.177880e+02,6.77678318
4697,0.000091,1.177769e+02,5.38660978
4698,0.000085,1.177678e+02,4.40056133
4699,0.000086,1.177599e+02,3.72246433
4700,0.000298,1.177579e+02,7.25770357
4701,0.000320,1.177460e+02,5.73268600
4702,0.000335,1.177365e+02,4.64302841
4703,0.000277,1.177283e+02,3.88654908
4704,0.000311,1.177282e+02,7.78403780
4705,0.000307,1.177154e+02,6.11394799
4706,0.000276,1.177054e+02,4.91266048
4707,0.000320,1.176969e+02,4.07123661
4708,0.000304,1.176893e+02,3.50159447
4709,0.000314,1.176850e+02,6.53292419
4710,0.000361,1.176743e+02,5.21146076
4711,0.000340,1.176655e+02,4.27817752
4712,0.000338,1.176577e+02,3.63992062
4713,0.000346,1.176549e+02,6.99244509
4714,0.000302,1.176434e+02,5.54160546
4715,0.000308,1.176342e+02,4.50912655
4716,0.000338,1.176261e+02,3.79618007
4717,0.000302,1.176250e+02,7.49548367
4718,0.000306,1.176127e+02,5.90539579
4719,0.000305,1.176029e+02,4.76594025
4720,0.000320,1.175946e+02,3.97191969
4721,0.000275,1.175871e+02,3.43773934
4722,0.000277,1.175820e+02,6.30531861
4723,0.000308,1.175717e+02,5.05061340
4724,0.001698,1.175630e+02,4.16879743
4725,0.000091,1.175553e+02,3.56945396
4726,0.000107,1.175516e+02,6.74413171
4727,0.000099,1.175405e+02,5.36529241
4728,0.000100,1.175314e+02,4.38856190
4729,0.000103,1.175235e+02,3.71815922
4730,0.000103,1.175212e+02,7.22472713
4731,0.000111,1.175093e+02,5.71223611
4732,0.000106,1.174998e+02,4.63305200
4733,0.000145,1.174915e+02,3.88539206
4734,0.000112,1.174911e+02,7.75025356
4735,0.000113,1.174783e+02,6.09387671
4736,0.000129,1.174681e+02,4.90422200
4737,0.000138,1.174596e+02,4.07277850
4738,0.000200,1.174519e+02,3.51158084
4739,0.000157,1.174472e+02,6.51282707
4740,0.000149,1.174364e+02,5.20416235
4741,0.000141,1.174275e+02,4.28205233
4742,0.000129,1.174195e+02,3.65344856
4743,0.000127,1.174162e+02,6.97198090
4744,0.000122,1.174047e+02,5.53511782
4745,0.000116,1.173952e+02,4.51503526
4746,0.000112,1.173870e+02,3.81302197
4747,0.000124,1.173853e+02,7.47436303
4748,0.000118,1.173728e+02,5.89944648
4749,0.000116,1.173628e+02,4.77364005
4750,0.000128,1.173543e+02,3.99189960
4751,0.000118,1.173465e+02,3.46842153
4752,0.000123,1.173409e+02,6.29968233
4753,0.000128,1.173303e+02,5.05990935
4754,0.000272,1.173213e+02,4.19178357
4755,0.000156,1.173134e+02,3.60464891
4756,0.000135,1.173089e+02,6.73862265
4757,0.000125,1.172975e+02,5.37603225
4758,0.000122,1.172881e+02,4.41446314
4759,0.000129,1.172799e+02,3.75789177
4760,0.001541,1.172768e+02,7.21919554
4761,0.000099,1.172646e+02,5.72430683
4762,0.000083,1.172546e+02,4.66181514
4763,0.000082,1.172460e+02,3.92972203
4764,0.000083,1.172446e+02,7.74458132
4765,0.000083,1.172313e+02,6.10720111
4766,0.000082,1.172208e+02,4.93582949
4767,0.000082,1.172117e+02,4.12179832
4768,0.000084,1.172036e+02,3.57644157
4769,0.000083,1.171978e+02,6.52735998
4770,0.000086,1.171865e+02,5.23862920
4771,0.000094,1.171770e+02,4.33588383
4772,0.000098,1.171685e+02,3.72532740
4773,0.000124,1.171640e+02,6.98770612
4774,0.000131,1.171518e+02,5.57249009
4775,0.000122,1.171418e+02,4.57382860
4776,0.000143,1.171329e+02,3.89225298
4777,0.000134,1.171298e+02,7.49129187
4778,0.000133,1.171166e+02,5.93979882
4779,0.000116,1.171059e+02,4.83757028
4780,0.000125,1.170967e+02,4.07883681
4781,0.000157,1.170951e+02,8.04143266
4782,0.000134,1.170808e+02,6.34311854
4783,0.000136,1.170694e+02,5.12916092
4784,0.000145,1.170596e+02,4.28677823
4785,0.000129,1.170508e+02,3.72382079
4786,0.000122,1.170444e+02,6.78519329
4787,0.000136,1.170321e+02,5.45078642
4788,0.000130,1.170217e+02,4.51787470
4789,0.000125,1.170124e+02,3.88885175
4790,0.000123,1.170072e+02,7.26905760
4791,0.000118,1.169939e+02,5.80478513
4792,0.000121,1.169828e+02,4.77399847
4793,0.000119,1.169731e+02,4.07307681
4794,0.000115,1.169691e+02,7.79786580
4795,0.000120,1.169547e+02,6.19359576
4796,0.000122,1.169428e+02,5.05709211
4797,0.000114,1.169325e+02,4.27808116
4798,0.000117,1.169301e+02,8.37503548
4799,0.001760,1.169143e+02,6.61982420
4800,0.000084,1.169015e+02,5.36919117
4801,0.000083,1.168905e+02,4.50549294
4802,0.000085,1.168900e+02,9.00425306
4803,0.000085,1.168726e+02,7.08624826
4804,0.000082,1.168588e+02,5.71242314
4805,0.000082,1.168470e+02,4.75697209
4806,0.000082,1.168364e+02,4.11742868
4807,0.000081,1.168295e+02,7.59581794
4808,0.000083,1.168144e+02,6.08902666
4809,0.000083,1.168018e+02,5.03422556
4810,0.000088,1.167905e+02,4.32254072
4811,0.000083,1.167847e+02,8.15179628
4812,0.000091,1.167683e+02,6.50136192
4813,0.000113,1.167546e+02,5.33895743
4814,0.000099,1.167426e+02,4.54866651
4815,0.000096,1.167381e+02,8.75750512
4816,0.000103,1.167201e+02,6.95182540
4817,0.000103,1.167053e+02,5.67285308
4818,0.000127,1.166924e+02,4.79692399
4819,0.000126,1.166896e+02,9.41651553
4820,0.000115,1.166697e+02,7.44293188
4821,0.000116,1.166536e+02,6.03760025
4822,0.000124,1.166397e+02,5.06833034
4823,0.000145,1.166390e+02,10.13264695
4824,0.000143,1.166169e+02,7.97731513
4825,0.000129,1.165994e+02,6.43488594
4826,0.000117,1.165844e+02,5.36378990
4827,0.000166,1.165708e+02,4.64850190
4828,0.000217,1.165617e+02,8.55773383
4829,0.000148,1.165425e+02,6.86643873
4830,0.000133,1.165263e+02,5.68414221
4831,0.000231,1.165118e+02,4.88794233
4832,0.000130,1.165040e+02,9.18729247
4833,0.000121,1.164829e+02,7.33407830
4834,0.000125,1.164654e+02,6.03014449
4835,0.000118,1.164499e+02,5.14456885
4836,0.000104,1.164438e+02,9.86913026
4837,0.000112,1.164206e+02,7.83966983
4838,0.000151,1.164017e+02,6.40255624
4839,0.002083,1.163851e+02,5.41813603
4840,0.000088,1.163813e+02,10.60676668
4841,0.000080,1.163559e+02,8.38534951
4842,0.000085,1.163354e+02,6.80232126
4843,0.000080,1.163177e+02,5.70850255
4844,0.000081,1.163168e+02,11.40420486
4845,0.000080,1.162889e+02,8.97367357
4846,0.000082,1.162668e+02,7.23076712
4847,0.000083,1.162481e+02,6.01588333
4848,0.000081,1.162311e+02,5.19914276
4849,0.000083,1.162204e+02,9.60779663
4850,0.000083,1.161966e+02,7.68989788
4851,0.000082,1.161768e+02,6.34122679
4852,0.000183,1.161591e+02,5.42411286
4853,0.000107,1.161510e+02,10.29194955
4854,0.000147,1.161255e+02,8.18268409
4855,0.000099,1.161045e+02,6.68648353
4856,0.000100,1.160862e+02,5.65723730
4857,0.000094,1.160817e+02,11.03109397
4858,0.000095,1.160543e+02,8.71312948
4859,0.000107,1.160323e+02,7.05491136
4860,0.000120,1.160135e+02,5.90107308
4861,0.000108,1.159965e+02,5.12473408
4862,0.000120,1.159841e+02,9.28652879
4863,0.000113,1.159611e+02,7.45132373
4864,0.000114,1.159419e+02,6.16001634
4865,0.000119,1.159248e+02,5.27909097
4866,0.000145,1.159161e+02,9.90966251
4867,0.000117,1.158920e+02,7.88206435
4868,0.000124,1.158724e+02,6.44022211
4869,0.000115,1.158554e+02,5.44332634
4870,0.000126,1.158511e+02,10.59006421
4871,0.000128,1.158260e+02,8.35451967
4872,0.000130,1.158060e+02,6.74921758
4873,0.000120,1.157891e+02,5.62510708
4874,0.000115,1.157739e+02,4.86123430
4875,0.000126,1.157637e+02,8.87669772
4876,0.000111,1.157434e+02,7.09530853
4877,0.000110,1.157265e+02,5.83314400
4878,0.000119,1.157117e+02,4.96344817
4879,0.001700,1.157059e+02,9.45684521
4880,0.000089,1.156850e+02,7.48682458
4881,0.000089,1.156681e+02,6.07620692
4882,0.000092,1.156538e+02,5.09151622
4883,0.000091,1.156527e+02,10.10245167
4884,0.000091,1.156310e+02,7.93121687
4885,0.000094,1.156141e+02,6.36214307
4886,0.000092,1.156000e+02,5.25381445
4887,0.000086,1.155876e+02,4.49269212
4888,0.000087,1.155815e+02,8.43472392
4889,0.000083,1.155643e+02,6.69731084
4890,0.000082,1.155503e+02,5.45712062
4891,0.000082,1.155383e+02,4.59489444
4892,0.000083,1.155361e+02,9.00251668
4893,0.000120,1.155184e+02,7.08644076
4894,0.000097,1.155044e+02,5.70623286
4895,0.000095,1.154926e+02,4.73577809
4896,0.000097,1.154822e+02,4.07330151
4897,0.000108,1.154760e+02,7.53268379
4898,0.000099,1.154617e+02,6.00407204
4899,0.000101,1.154500e+02,4.91835642
4900,0.000094,1.154399e+02,4.16867770
4901,0.000094,1.154367e+02,8.03840569
4902,0.000102,1.154219e+02,6.35228773
4903,0.000103,1.154101e+02,5.14403169
4904,0.000096,1.154000e+02,4.30073553
4905,0.000103,1.154000e+02,8.60544108
4906,0.000097,1.153844e+02,6.75176939
4907,0.000095,1.153724e+02,5.41319848
4908,0.000102,1.153623e+02,4.46969312
4909,0.000096,1.153533e+02,3.82478787
4910,0.000112,1.153490e+02,7.20330193
4911,0.000129,1.153364e+02,5.72593160
4912,0.000112,1.153261e+02,4.67527050
4913,0.000105,1.153172e+02,3.94950892
4914,0.000113,1.153152e+02,7.70810816
4915,0.000127,1.153019e+02,6.08249179
4916,0.000120,1.152913e+02,4.91717979
4917,0.000119,1.152823e+02,4.10415434
4918,0.000156,1.152742e+02,3.55553721
4919,0.001815,1.152685e+02,6.48351572
4920,0.000091,1.152575e+02,5.19544380
4921,0.000087,1.152483e+02,4.28840337
4922,0.000087,1.152401e+02,3.66978565
4923,0.000090,1.152362e+02,6.93032178
4924,0.000113,1.152246e+02,5.51061084
4925,0.000122,1.152151e+02,4.50235383
4926,0.000095,1.152068e+02,3.80756933
4927,0.000095,1.152048e+02,7.42475514
4928,0.000097,1.151924e+02,5.86373187
4929,0.000098,1.151824e+02,4.74656227
4930,0.000098,1.151740e+02,3.96914242
4931,0.000097,1.151663e+02,3.44654064
4932,0.000099,1.151607e+02,6.25638687
4933,0.000152,1.151503e+02,5.02205963
4934,0.000117,1.151416e+02,4.15519306
4935,0.000132,1.151338e+02,3.56618863
4936,0.000120,1.151297e+02,6.69071193
4937,0.000118,1.151186e+02,5.33031531
4938,0.000114,1.151096e+02,4.36677901
4939,0.000104,1.151016e+02,3.70527432
4940,0.000098,1.150991e+02,7.16920208
4941,0.000098,1.150873e+02,5.67313431
4942,0.000111,1.150778e+02,4.60526482
4943,0.000100,1.150696e+02,3.86486301
4944,0.000100,1.150691e+02,7.69477293
4945,0.000104,1.150564e+02,6.05266083
4946,0.000097,1.150464e+02,4.87229256
4947,0.000099,1.150379e+02,4.04626630
4948,0.000103,1.150303e+02,3.48754857
4949,0.000097,1.150258e+02,6.47134152
4950,0.000096,1.150152e+02,5.16975774
4951,0.000104,1.150064e+02,4.25101639
4952,0.000128,1.149986e+02,3.62305856
4953,0.000095,1.149955e+02,6.93199038
4954,0.000096,1.149842e+02,5.49979527
4955,0.000102,1.149750e+02,4.48081493
4956,0.000096,1.149670e+02,3.77735135
4957,0.000105,1.149657e+02,7.43762351
4958,0.000118,1.149535e+02,5.86471691
4959,0.000256,1.149438e+02,4.73751194
4960,0.001982,1.149355e+02,3.95195779
4961,0.000098,1.149280e+02,3.42331606
4962,0.000086,1.149229e+02,6.26705720
4963,0.000089,1.149127e+02,5.02312840
4964,0.000089,1.149041e+02,4.14855050
4965,0.000089,1.148964e+02,3.55376566
4966,0.000091,1.148927e+02,6.70964767
4967,0.000090,1.148817e+02,5.33986163
4968,0.000092,1.148727e+02,4.36891623
4969,0.000092,1.148648e+02,3.70187678
4970,0.000093,1.148627e+02,7.19548520
4971,0.000095,1.148509e+02,5.69004442
4972,0.000108,1.148414e+02,4.61495020
4973,0.000135,1.148333e+02,3.86923072
4974,0.000118,1.148329e+02,7.72784648
4975,0.000108,1.148202e+02,6.07620108
4976,0.000107,1.148102e+02,4.88867723
4977,0.000113,1.148017e+02,4.05751061
4978,0.000110,1.147941e+02,3.49540575
4979,0.000113,1.147897e+02,6.50105506
4980,0.000120,1.147790e+02,5.19227127
4981,0.000114,1.147702e+02,4.26851764
4982,0.000112,1.147623e+02,3.63737167
4983,0.000118,1.147593e+02,6.96762520
4984,0.000100,1.147479e+02,5.52807225
4985,0.000096,1.147386e+02,4.50415029
4986,0.000098,1.147305e+02,3.79770149
4987,0.000096,1.147291e+02,7.47908461
4988,0.000094,1.147168e+02,5.89854839
4989,0.000095,1.147070e+02,4.76640773
4990,0.000107,1.146986e+02,3.97806448
4991,0.000274,1.146910e+02,3.44826366
4992,0.000120,1.146858e+02,6.30635872
4993,0.000108,1.146753e+02,5.05742873
4994,0.000096,1.146666e+02,4.18024080
4995,0.000092,1.146587e+02,3.58463122
4996,0.000103,1.146548e+02,6.75443852
4997,0.000097,1.146436e+02,5.37950764
4998,0.000109,1.146344e+02,4.40610444
4999,0.000102,1.146264e+02,3.73860561
5000,0.001784,1.146239e+02,7.24587404
5001,0.000112,1.146119e+02,5.73506080
5002,0.000101,1.146022e+02,4.65762514
5003,0.000097,1.145938e+02,3.91183417
5004,0.000096,1.145931e+02,7.78402294
5005,0.000097,1.145801e+02,6.12668775
5006,0.000097,1.145697e+02,4.93689455
5007,0.000097,1.145610e+02,4.10605801
5008,0.000092,1.145531e+02,3.54598688
5009,0.000097,1.145482e+02,6.55718171
5010,0.000092,1.145372e+02,5.24614879
5011,0.000103,1.145280e+02,4.32313148
5012,0.000093,1.145198e+02,3.69472230
5013,0.000130,1.145162e+02,7.02962976
5014,0.000115,1.145044e+02,5.58778811
5015,0.000105,1.144947e+02,4.56500412
5016,0.000104,1.144862e+02,3.86206114
5017,0.000111,1.144842e+02,7.54727058
5018,0.000109,1.144714e+02,5.96433941
5019,0.000115,1.144611e+02,4.83372501
5020,0.000117,1.144522e+02,4.04971513
5021,0.000112,1.144521e+02,8.11362964
5022,0.000111,1.144381e+02,6.37852445
5023,0.000120,1.144271e+02,5.13147224
5024,0.000112,1.144178e+02,4.25949109
5025,0.000107,1.144094e+02,3.67099921
5026,0.000115,1.144045e+02,6.83326974
5027,0.000114,1.143927e+02,5.46057801
5028,0.000113,1.143829e+02,4.49331377
5029,0.000117,1.143742e+02,3.83434019
5030,0.000118,1.143706e+02,7.33181768
5031,0.000115,1.143579e+02,5.82354890
5032,0.000112,1.143474e+02,4.75320435
5033,0.000108,1.143383e+02,4.01746689
5034,0.000099,1.143364e+02,7.87756178
5035,0.000096,1.143225e+02,6.22302130
5036,0.000100,1.143114e+02,5.04128500
5037,0.000095,1.143018e+02,4.22214244
5038,0.001654,1.143018e+02,8.47419692
5039,0.000094,1.142866e+02,6.66183584
5040,0.000085,1.142746e+02,5.35981003
5041,0.000089,1.142644e+02,4.45021975
5042,0.000094,1.142553e+02,3.83742986
5043,0.000091,1.142499e+02,7.14304423
5044,0.000099,1.142370e+02,5.71119088
5045,0.000103,1.142262e+02,4.70366462
5046,0.000097,1.142166e+02,4.01889559
5047,0.000098,1.142125e+02,7.67003183
5048,0.000097,1.141984e+02,6.09801490
5049,0.000092,1.141869e+02,4.98452705
5050,0.000103,1.141768e+02,4.22141826
5051,0.000123,1.141743e+02,8.24632377
5052,0.000157,1.141588e+02,6.52298864
5053,0.000139,1.141464e+02,5.29494076
5054,0.000117,1.141357e+02,4.44672232
5055,0.000113,1.141350e+02,8.87574975
5056,0.000120,1.141181e+02,6.98901522
5057,0.000117,1.141046e+02,5.63715065
5058,0.000114,1.140931e+02,4.69658305
5059,0.000111,1.140828e+02,4.06661426
5060,0.000115,1.140759e+02,7.49919314
5061,0.000105,1.140613e+02,6.01353145
5062,0.000105,1.140490e+02,4.97284174
5063,0.000110,1.140380e+02,4.27005426
5064,0.000106,1.140323e+02,8.05694722
5065,0.000106,1.140163e+02,6.42659861
5066,0.000111,1.140030e+02,5.27736092
5067,0.000102,1.139913e+02,4.49514440
5068,0.000109,1.139871e+02,8.66579818
5069,0.000122,1.139694e+02,6.87893291
5070,0.000110,1.139550e+02,5.61201153
5071,0.000110,1.139425e+02,4.74319936
5072,0.000116,1.139400e+02,9.32954124
5073,0.000112,1.139205e+02,7.37325819
5074,0.000108,1.139048e+02,5.97869313
5075,0.000118,1.138913e+02,5.01546352
5076,0.000117,1.138909e+02,10.05224791
5077,0.000111,1.138693e+02,7.91244287
5078,0.000124,1.138522e+02,6.37932982
5079,0.000268,1.138376e+02,5.31309616
5080,0.001655,1.138244e+02,4.59976316
5081,0.000085,1.138158e+02,8.49950517
5082,0.000078,1.137970e+02,6.81590680
5083,0.000077,1.137812e+02,5.63720981
5084,0.000077,1.137671e+02,4.84200815
5085,0.000081,1.137598e+02,9.13781423
5086,0.000084,1.137392e+02,7.29050623
5087,0.000098,1.137220e+02,5.98883853
5088,0.000090,1.137069e+02,5.10329724
5089,0.000089,1.137013e+02,9.83078944
5090,0.000092,1.136786e+02,7.80525158
5091,0.000096,1.136600e+02,6.36899886
5092,0.000107,1.136438e+02,5.38365619
5093,0.000108,1.136405e+02,10.58221468
5094,0.000142,1.136155e+02,8.36250278
5095,0.000129,1.135953e+02,6.77883696
5096,0.000107,1.135780e+02,5.68314118
5097,0.000102,1.135777e+02,11.39632392
5098,0.000134,1.135500e+02,8.96497898
5099,0.000140,1.135282e+02,7.21979188
5100,0.000118,1.135097e+02,6.00204366
5101,0.000126,1.134930e+02,5.18266104
5102,0.000120,1.134827e+02,9.61591675
5103,0.000115,1.134591e+02,7.69385752
5104,0.000123,1.134393e+02,6.34122617
5105,0.000115,1.134218e+02,5.42091776
5106,0.000112,1.134141e+02,10.31952220
5107,0.000116,1.133886e+02,8.20385217
5108,0.000105,1.133677e+02,6.70236836
5109,0.000108,1.133494e+02,5.66924372
5110,0.000114,1.133452e+02,11.08066114
5111,0.000108,1.133176e+02,8.75351171
5112,0.000108,1.132955e+02,7.08829491
5113,0.000107,1.132766e+02,5.92961506
5114,0.000112,1.132595e+02,5.15047982
5115,0.000107,1.132471e+02,9.34780264
5116,0.000109,1.132238e+02,7.50329480
5117,0.000116,1.132043e+02,6.20571993
5118,0.000122,1.131870e+02,5.32115128
5119,0.001615,1.131781e+02,9.99319810
5120,0.000081,1.131536e+02,7.95320696
5121,0.000079,1.131336e+02,6.50301346
5122,0.000078,1.131162e+02,5.50109317
5123,0.000086,1.131117e+02,10.69707324
5124,0.000081,1.130860e+02,8.44508439
5125,0.000082,1.130655e+02,6.82851152
5126,0.000081,1.130481e+02,5.69729094
5127,0.000079,1.130325e+02,4.92945471
5128,0.000082,1.130218e+02,8.98689097
5129,0.000082,1.130008e+02,7.19034916
5130,0.000082,1.129834e+02,5.91815249
5131,0.000081,1.129681e+02,5.04229431
5132,0.000082,1.129618e+02,9.58716278
5133,0.000118,1.129401e+02,7.59709270
5134,0.000103,1.129227e+02,6.17262015
5135,0.000092,1.129078e+02,5.17879846
5136,0.000099,1.129064e+02,10.25399108
5137,0.000104,1.128839e+02,8.05680946
5138,0.000108,1.128664e+02,6.46916866
5139,0.000127,1.128517e+02,5.34795962
5140,0.000107,1.128388e+02,4.57813364
5141,0.000109,1.128322e+02,8.57660122
5142,0.000117,1.128143e+02,6.81508932
5143,0.000147,1.127998e+02,5.55754364
5144,0.000277,1.127873e+02,4.68304326
5145,0.000148,1.127849e+02,9.16257809
5146,0.000126,1.127664e+02,7.21614181
5147,0.000123,1.127519e+02,5.81347318
5148,0.000125,1.127397e+02,4.82661606
5149,0.000119,1.127288e+02,4.15227709
5150,0.000150,1.127223e+02,7.67642032
5151,0.000121,1.127075e+02,6.11970668
5152,0.000114,1.126954e+02,5.01299391
5153,0.000111,1.126849e+02,4.24778042
5154,0.000114,1.126816e+02,8.19904236
5155,0.000113,1.126663e+02,6.47870249
5156,0.000106,1.126541e+02,5.24446438
5157,0.000112,1.126437e+02,4.38160957
5158,0.000118,1.126344e+02,3.79690141
5159,0.000105,1.126278e+02,6.89187919
5160,0.001697,1.126153e+02,5.52200826
5161,0.000085,1.126049e+02,4.55462538
5162,0.000082,1.125957e+02,3.89175227
5163,0.000080,1.125915e+02,7.36045141
5164,0.000079,1.125785e+02,5.84604562
5165,0.000081,1.125680e+02,4.76687856
5166,0.000084,1.125588e+02,4.01943637
5167,0.000082,1.125571e+02,7.88570315
5168,0.000082,1.125434e+02,6.21691611
5169,0.000083,1.125325e+02,5.01817587
5170,0.000082,1.125233e+02,4.17950223
5171,0.000081,1.125150e+02,3.61162759
5172,0.000085,1.125096e+02,6.63532246
5173,0.000112,1.124983e+02,5.30854992
5174,0.000109,1.124889e+02,4.37161687
5175,0.000093,1.124805e+02,3.73033677
5176,0.000094,1.124770e+02,7.10262803
5177,0.000100,1.124650e+02,5.63852026
5178,0.000095,1.124553e+02,4.59580995
5179,0.000100,1.124469e+02,3.87468308
5180,0.000101,1.124454e+02,7.62074903
5181,0.000096,1.124326e+02,6.00912607
5182,0.000096,1.124225e+02,4.85257416
5183,0.000104,1.124138e+02,4.04483390
5184,0.000104,1.124060e+02,3.49949907
5185,0.000095,1.124009e+02,6.42198329
5186,0.000102,1.123902e+02,5.14291533
5187,0.000105,1.123813e+02,4.24141973
5188,0.000120,1.123734e+02,3.62619415
5189,0.000108,1.123698e+02,6.87932489
5190,0.000115,1.123584e+02,5.46832877
5191,0.000112,1.123491e+02,4.46548219
5192,0.000124,1.123410e+02,3.77395770
5193,0.000143,1.123393e+02,7.38379723
5194,0.000144,1.123271e+02,5.83069654
5195,0.000117,1.123174e+02,4.71841459
5196,0.000132,1.123090e+02,3.94386039
5197,0.000116,1.123015e+02,3.42292736
5198,0.000125,1.122962e+02,6.23228546
5199,0.000141,1.122859e+02,5.00194012
5200,0.001720,1.122772e+02,4.13726881
5201,0.000091,1.122696e+02,3.54939078
5202,0.000087,1.122656e+02,6.67577940
5203,0.000088,1.122547e+02,5.31807884
5204,0.000098,1.122457e+02,4.35578133
5205,0.000088,1.122378e+02,3.69466307
5206,0.000091,1.122355e+02,7.16412220
5207,0.000092,1.122238e+02,5.66907579
5208,0.000094,1.122143e+02,4.60118955
5209,0.000093,1.122062e+02,3.86021603
5210,0.000098,1.122058e+02,7.70060409
5211,0.000093,1.121931e+02,6.05743152
5212,0.000101,1.121831e+02,4.87547508
5213,0.000139,1.121747e+02,4.04768137
5214,0.000105,1.121671e+02,3.48731432
5215,0.000105,1.121627e+02,6.48589420
5216,0.000094,1.121521e+02,5.18081224
5217,0.000095,1.121433e+02,4.25884939
5218,0.000106,1.121355e+02,3.62813021
5219,0.000101,1.121326e+02,6.95754234
5220,0.000094,1.121212e+02,5.51957390
5221,0.000101,1.121120e+02,4.49563772
5222,0.000096,1.121040e+02,3.78808731
5223,0.000095,1.121028e+02,7.47564425
5224,0.000103,1.120905e+02,5.89428925
5225,0.000104,1.120808e+02,4.76008741
5226,0.000095,1.120725e+02,3.96888620
5227,0.000093,1.120650e+02,3.43589354
5228,0.000103,1.120600e+02,6.30770112
5229,0.000096,1.120497e+02,5.05439689
5230,0.000095,1.120410e+02,4.17235375
5231,0.000101,1.120333e+02,3.57183315
5232,0.000096,1.120297e+02,6.76284719
5233,0.000098,1.120186e+02,5.38093511
5234,0.000109,1.120096e+02,4.40042289
5235,0.000094,1.120016e+02,3.72604495
5236,0.000099,1.119996e+02,7.26293934
5237,0.000127,1.119877e+02,5.74220905
5238,0.000121,1.119781e+02,4.65513352
5239,0.000107,1.119699e+02,3.90023378
5240,0.000120,1.119697e+02,7.81148146
5241,0.001956,1.119568e+02,6.14092380
5242,0.000091,1.119467e+02,4.93865759
5243,0.000088,1.119381e+02,4.09620634
5244,0.000092,1.119304e+02,3.52575553
5245,0.000120,1.119261e+02,6.57999500
5246,0.000103,1.119152e+02,5.25332274
5247,0.000105,1.119062e+02,4.31589058
5248,0.000103,1.118983e+02,3.67458716
5249,0.000105,1.118954e+02,7.06264750
5250,0.000107,1.118837e+02,5.60163124
5251,0.000112,1.118743e+02,4.56131654
5252,0.000108,1.118661e+02,3.84265748
5253,0.000124,1.118649e+02,7.59227850
5254,0.000112,1.118523e+02,5.98622581
5255,0.000099,1.118422e+02,4.83462244
5256,0.000146,1.118337e+02,4.03175120
5257,0.000117,1.118260e+02,3.49150306
5258,0.000114,1.118208e+02,6.40995485
5259,0.000108,1.118101e+02,5.13809611
5260,0.000115,1.118011e+02,4.24377018
5261,0.000111,1.117931e+02,3.63576947
5262,0.000113,1.117893e+02,6.87596062
5263,0.000111,1.117778e+02,5.47419244
5264,0.000115,1.117683e+02,4.48071691
5265,0.000108,1.117601e+02,3.79864534
5266,0.000102,1.117578e+02,7.38755529
5267,0.000100,1.117454e+02,5.84550174
5268,0.000094,1.117353e+02,4.74469839
5269,0.000096,1.117267e+02,3.98189173
5270,0.000101,1.117263e+02,7.94834498
5271,0.000095,1.117128e+02,6.25481359
5272,0.000100,1.117021e+02,5.03795403
5273,0.000103,1.116930e+02,4.18736967
5274,0.000097,1.116849e+02,3.61344667
5275,0.000096,1.116800e+02,6.70512976
5276,0.000107,1.116685e+02,5.36288076
5277,0.000104,1.116590e+02,4.41706148
5278,0.000096,1.116505e+02,3.77259650
5279,0.000105,1.116470e+02,7.19976815
5280,0.000102,1.116346e+02,5.72205373
5281,0.000103,1.116245e+02,4.67305232
5282,0.000096,1.116157e+02,3.95159944
5283,0.002063,1.116138e+02,7.74221843
5284,0.000097,1.116003e+02,6.11818956
5285,0.000094,1.115896e+02,4.95753617
5286,0.000089,1.115803e+02,4.15228261
5287,0.000090,1.115719e+02,3.61402327
5288,0.000091,1.115656e+02,6.55421261
5289,0.000092,1.115540e+02,5.27285754
5290,0.000091,1.115443e+02,4.37658743
5291,0.000091,1.115355e+02,3.77168942
5292,0.000099,1.115304e+02,7.03334736
5293,0.000094,1.115179e+02,5.62152960
5294,0.000094,1.115075e+02,4.62655230
5295,0.000090,1.114983e+02,3.94883275
5296,0.000096,1.114946e+02,7.55898533
5297,0.000140,1.114810e+02,6.00619758
5298,0.000115,1.114699e+02,4.90431320
5299,0.000112,1.114602e+02,4.14722258
5300,0.000110,1.114582e+02,8.13481208
5301,0.000123,1.114434e+02,6.42970197
5302,0.000122,1.114314e+02,5.21212882
5303,0.000107,1.114212e+02,4.36870869
5304,0.000110,1.114211e+02,8.76482210
5305,0.000120,1.114048e+02,6.89509171
5306,0.000108,1.113919e+02,5.55238752
5307,0.000116,1.113810e+02,4.61521828
5308,0.000120,1.113711e+02,3.98487176
5309,0.000111,1.113651e+02,7.40563589
5310,0.000116,1.113511e+02,5.92763424
5311,0.000112,1.113394e+02,4.88877816
5312,0.000093,1.113290e+02,4.18403486
5313,0.000096,1.113243e+02,7.96495248
5314,0.000094,1.113090e+02,6.34058660
5315,0.000101,1.112964e+02,5.19147817
5316,0.000095,1.112853e+02,4.40559660
5317,0.000099,1.112822e+02,8.57680067
5318,0.000102,1.112654e+02,6.79407146
5319,0.000095,1.112517e+02,5.52546608
5320,0.000100,1.112399e+02,4.65119577
5321,0.000108,1.112386e+02,9.24525332
5322,0.001606,1.112200e+02,7.29110278
5323,0.000106,1.112052e+02,5.89297072
5324,0.000088,1.111924e+02,4.92246715
5325,0.000099,1.111809e+02,4.27460567
5326,0.000098,1.111728e+02,7.83487768
5327,0.000096,1.111566e+02,6.29631852
5328,0.000096,1.111428e+02,5.22105338
5329,0.000103,1.111305e+02,4.49727367
5330,0.000118,1.111235e+02,8.42891596
5331,0.000101,1.111057e+02,6.73794292
5332,0.000101,1.110908e+02,5.54855421
5333,0.000115,1.110776e+02,4.74145365
5334,0.000109,1.110721e+02,9.07681604
5335,0.000151,1.110524e+02,7.22031039
5336,0.000120,1.110362e+02,5.90652353
5337,0.000108,1.110220e+02,5.00792947
5338,0.000113,1.110184e+02,9.78245947
5339,0.000113,1.109966e+02,7.74602097
5340,0.000106,1.109790e+02,6.29651443
5341,0.000104,1.109637e+02,5.29736011
5342,0.000111,1.109623e+02,10.55003639
5343,0.000112,1.109382e+02,8.31784261
5344,0.000107,1.109189e+02,6.72012006
5345,0.000114,1.109024e+02,5.61032331
5346,0.000107,1.108875e+02,4.86864031
5347,0.000106,1.108772e+02,8.93877014
5348,0.000110,1.108561e+02,7.17908660
5349,0.000115,1.108384e+02,5.94745375
5350,0.000108,1.108225e+02,5.11628604
5351,0.000118,1.108138e+02,9.61231776
5352,0.000147,1.107908e+02,7.67544875
5353,0.000118,1.107717e+02,6.30953552
5354,0.000111,1.107548e+02,5.37855625
5355,0.000115,1.107485e+02,10.34227795
5356,0.000111,1.107233e+02,8.21159051
5357,0.000112,1.107028e+02,6.69773064
5358,0.000118,1.106849e+02,5.65547994
5359,0.000109,1.106817e+02,11.13315739
5360,0.000134,1.106542e+02,8.79057927
5361,0.001550,1.106322e+02,7.11389923
5362,0.000082,1.106134e+02,5.94781410
5363,0.000077,1.105963e+02,5.16531990
5364,0.000079,1.105842e+02,9.41637260
5365,0.000079,1.105607e+02,7.56092714
5366,0.000084,1.105409e+02,6.25747135
5367,0.000086,1.105233e+02,5.37151348
5368,0.000093,1.105142e+02,10.09424296
5369,0.000089,1.104891e+02,8.04299776
5370,0.000089,1.104685e+02,6.58778986
5371,0.000089,1.104505e+02,5.58599054
5372,0.000093,1.104452e+02,10.83043666
5373,0.000098,1.104185e+02,8.56558372
5374,0.000144,1.103971e+02,6.94371946
5375,0.000129,1.103788e+02,5.81320586
5376,0.000123,1.103785e+02,11.63244908
5377,0.000111,1.103501e+02,9.13552436
5378,0.000114,1.103278e+02,7.33181168
5379,0.000119,1.103093e+02,6.05953160
5380,0.000134,1.102928e+02,5.18838664
5381,0.000120,1.102847e+02,9.76071776
5382,0.000124,1.102616e+02,7.75990081
5383,0.000118,1.102428e+02,6.33292911
5384,0.000130,1.102265e+02,5.34230336
5385,0.000116,1.102232e+02,10.44995782
5386,0.000113,1.101991e+02,8.23655448
5387,0.000117,1.101801e+02,6.64218558
5388,0.000109,1.101640e+02,5.52104242
5389,0.000102,1.101497e+02,4.75517553
5390,0.000105,1.101410e+02,8.77016933
5391,0.000113,1.101216e+02,6.99602265
5392,0.000105,1.101057e+02,5.73382960
5393,0.000113,1.100919e+02,4.85971075
5394,0.000111,1.100875e+02,9.36877046
5395,0.000107,1.100676e+02,7.40241026
5396,0.000108,1.100517e+02,5.98902485
5397,0.000117,1.100382e+02,4.99772513
5398,0.000107,1.100261e+02,4.32234404
5399,0.000118,1.100179e+02,7.86787467
5400,0.000116,1.100018e+02,6.29336486
5401,0.000111,1.099886e+02,5.17638910
5402,0.000119,1.099769e+02,4.40562984
5403,0.000162,1.099724e+02,8.39770554
5404,0.000291,1.099559e+02,6.65182940
5405,0.001756,1.099426e+02,5.40083159
5406,0.000106,1.099313e+02,4.52725056
5407,0.000079,1.099306e+02,8.99590359
5408,0.000078,1.099134e+02,7.06773564
5409,0.000078,1.099000e+02,5.67419734
5410,0.000078,1.098888e+02,4.69046287
5411,0.000080,1.098789e+02,4.01616597
5412,0.000082,1.098739e+02,7.54334715
5413,0.000081,1.098601e+02,5.99821055
5414,0.000091,1.098489e+02,4.89684862
5415,0.000092,1.098391e+02,4.13338443
5416,0.000096,1.098371e+02,8.08062450
5417,0.000094,1.098226e+02,6.37387090
5418,0.000093,1.098111e+02,5.14694597
5419,0.000141,1.098014e+02,4.28744439
5420,0.000121,1.097927e+02,3.70417874
5421,0.000149,1.097870e+02,6.80195430
5422,0.000181,1.097751e+02,5.44088416
5423,0.000117,1.097652e+02,4.47816856
5424,0.000111,1.097565e+02,3.81764186
5425,0.000119,1.097530e+02,7.28364965
5426,0.000208,1.097405e+02,5.77895161
5427,0.000122,1.097304e+02,4.70535283
5428,0.000236,1.097216e+02,3.96092300
5429,0.000120,1.097204e+02,7.82062156
5430,0.000113,1.097071e+02,6.16183524
5431,0.000117,1.096966e+02,4.96909008
5432,0.000105,1.096876e+02,4.13378641
5433,0.000107,1.096796e+02,3.56782837
5434,0.000109,1.096747e+02,6.59082152
5435,0.000103,1.096636e+02,5.26998128
5436,0.000103,1.096544e+02,4.33642946
5437,0.000111,1.096463e+02,3.69700302
5438,0.000116,1.096431e+02,7.06791364
5439,0.000107,1.096313e+02,5.60919876
5440,0.000109,1.096217e+02,4.56952276
5441,0.000116,1.096135e+02,3.84995460
5442,0.000111,1.096122e+02,7.59564312
5443,0.000118,1.095996e+02,5.98841278
5444,0.000117,1.095896e+02,4.83418912
5445,0.000109,1.095811e+02,4.02746160
5446,0.000115,1.095734e+02,3.48245040
5447,0.001618,1.095684e+02,6.40979474
5448,0.000080,1.095578e+02,5.13199058
5449,0.000078,1.095490e+02,4.23069797
5450,0.000079,1.095412e+02,3.61513825
5451,0.000080,1.095378e+02,6.87604128
5452,0.000083,1.095265e+02,5.46488543
5453,0.000082,1.095173e+02,4.46115875
5454,0.000080,1.095092e+02,3.76844711
5455,0.000081,1.095076e+02,7.39019202
5456,0.000083,1.094955e+02,5.83513813
5457,0.000082,1.094858e+02,4.72060716
5458,0.000083,1.094775e+02,3.94380008
5459,0.000081,1.094700e+02,3.42087268
5460,0.000084,1.094648e+02,6.24533395
5461,0.000118,1.094545e+02,5.01106777
5462,0.000097,1.094459e+02,4.14284754
5463,0.000117,1.094383e+02,3.55195832
5464,0.000175,1.094345e+02,6.69842760
5465,0.000112,1.094235e+02,5.33481063
5466,0.000111,1.094145e+02,4.36741960
5467,0.000114,1.094066e+02,3.70208295
5468,0.000112,1.094045e+02,7.19761026
5469,0.000125,1.093927e+02,5.69429967
5470,0.000123,1.093833e+02,4.61950475
5471,0.000124,1.093751e+02,3.87289675
5472,0.000110,1.093749e+02,7.74640745
5473,0.000103,1.093621e+02,6.09223604
5474,0.000118,1.093521e+02,4.90125948
5475,0.000133,1.093437e+02,4.06618656
5476,0.000113,1.093361e+02,3.50015079
5477,0.000126,1.093318e+02,6.53156233
5478,0.000115,1.093211e+02,5.21502195
5479,0.000135,1.093123e+02,4.28388429
5480,0.000124,1.093045e+02,3.64601635
5481,0.000125,1.093017e+02,7.01555162
5482,0.000126,1.092903e+02,5.56332493
5483,0.000141,1.092810e+02,4.52804248
5484,0.000115,1.092729e+02,3.81164784
5485,0.000115,1.092720e+02,7.54767677
5486,0.000113,1.092596e+02,5.94886122
5487,0.000111,1.092497e+02,4.80083647
5488,0.001726,1.092414e+02,3.99885992
5489,0.000088,1.092338e+02,3.45774165
5490,0.000088,1.092290e+02,6.37454546
5491,0.000086,1.092185e+02,5.10460275
5492,0.000078,1.092098e+02,4.20959433
5493,0.000081,1.092020e+02,3.59924170
5494,0.000082,1.091986e+02,6.84359825
5495,0.000082,1.091874e+02,5.44185470
5496,0.000083,1.091782e+02,4.44590181
5497,0.000081,1.091702e+02,3.75976275
5498,0.000083,1.091684e+02,7.35942999
5499,0.000083,1.091563e+02,5.81525378
5500,0.000084,1.091466e+02,4.70994582
5501,0.000084,1.091383e+02,3.94111301
5502,0.000112,1.091307e+02,3.42506573
5503,0.000101,1.091253e+02,6.22766881
5504,0.000100,1.091149e+02,5.00403935
5505,0.000095,1.091062e+02,4.14522014
5506,0.000094,1.090985e+02,3.56259240
5507,0.000106,1.090943e+02,6.68225654
5508,0.000096,1.090832e+02,5.33066206
5509,0.000094,1.090741e+02,4.37411677
5510,0.000102,1.090661e+02,3.71851257
5511,0.000095,1.090634e+02,7.18235765
5512,0.000100,1.090515e+02,5.69243486
5513,0.000134,1.090418e+02,4.62994357
5514,0.000156,1.090335e+02,3.89461648
5515,0.000120,1.090326e+02,7.73160933
5516,0.000115,1.090197e+02,6.09217889
5517,0.000122,1.090094e+02,4.91497488
5518,0.000136,1.090007e+02,4.09279844
5519,0.000130,1.089928e+02,3.53846041
5520,0.000140,1.089878e+02,6.53293089
5521,0.000129,1.089768e+02,5.23164292
5522,0.000123,1.089677e+02,4.31507574
5523,0.000126,1.089595e+02,3.69073721
5524,0.000121,1.089559e+02,7.01803895
5525,0.000116,1.089441e+02,5.58255848
5526,0.000128,1.089344e+02,4.56357290
5527,0.000110,1.089259e+02,3.86266743
5528,0.000126,1.089239e+02,7.55103957
5529,0.001755,1.089111e+02,5.97048162
5530,0.000094,1.089008e+02,4.84052808
5531,0.000087,1.088919e+02,4.05611913
5532,0.000096,1.088918e+02,8.13578674
5533,0.000090,1.088778e+02,6.39838863
5534,0.000091,1.088668e+02,5.14832283
5535,0.000093,1.088575e+02,4.27306631
5536,0.000092,1.088491e+02,3.68141447
5537,0.000093,1.088443e+02,6.86948720
5538,0.000095,1.088325e+02,5.48950987
5539,0.000086,1.088226e+02,4.51561244
5540,0.000082,1.088139e+02,3.85087010
5541,0.000083,1.088105e+02,7.38732497
5542,0.000084,1.087977e+02,5.86683465
5543,0.000134,1.087872e+02,4.78597094
5544,0.000093,1.087780e+02,4.04142127
5545,0.000095,1.087764e+02,7.95564071
5546,0.000094,1.087623e+02,6.28319847
5547,0.000100,1.087511e+02,5.08647264
5548,0.000101,1.087415e+02,4.25499981
5549,0.000094,1.087327e+02,3.69842927
5550,0.000102,1.087264e+02,6.74172850
5551,0.000097,1.087143e+02,5.41961024
5552,0.000097,1.087041e+02,4.49365598
5553,0.000132,1.086950e+02,3.86792944
5554,0.000097,1.086899e+02,7.24587410
5555,0.000096,1.086768e+02,5.78805609
5556,0.000099,1.086659e+02,4.75953854
5557,0.000095,1.086562e+02,4.05819692
5558,0.000095,1.086526e+02,7.79926746
5559,0.000102,1.086383e+02,6.19462407
5560,0.000098,1.086266e+02,5.05489532
5561,0.000098,1.086164e+02,4.27107058
5562,0.000133,1.086144e+02,8.40585682
5563,0.000113,1.085987e+02,6.64233508
5564,0.000108,1.085861e+02,5.38209817
5565,0.000110,1.085752e+02,4.50845985
5566,0.000118,1.085654e+02,3.92577119
5567,0.000130,1.085580e+02,7.13442425
5568,0.000122,1.085443e+02,5.74366230
5569,0.000130,1.085327e+02,4.77235787
5570,0.000111,1.085222e+02,4.11878179
5571,0.002016,1.085160e+02,7.67445083
5572,0.000129,1.085010e+02,6.14226031
5573,0.000121,1.084885e+02,5.06480896
5574,0.000122,1.084774e+02,4.33366255
5575,0.000128,1.084725e+02,8.26612670
5576,0.000125,1.084561e+02,6.58066829
5577,0.000139,1.084426e+02,5.38789946
5578,0.000193,1.084307e+02,4.57196842
5579,0.000204,1.084274e+02,8.91346292
5580,0.000197,1.084093e+02,7.06183147
5581,0.000199,1.083946e+02,5.74377495
5582,0.000187,1.083818e+02,4.83522427
5583,0.000192,1.083806e+02,9.62077867
5584,0.000200,1.083604e+02,7.58886956
5585,0.000228,1.083444e+02,6.13463715
5586,0.000258,1.083306e+02,5.12490818
5587,0.000174,1.083181e+02,4.45073884
5588,0.000109,1.083094e+02,8.16508437
5589,0.000114,1.082918e+02,6.56277208
5590,0.000106,1.082769e+02,5.44247521
5591,0.000095,1.082635e+02,4.68802409
5592,0.000104,1.082560e+02,8.79412033
5593,0.000097,1.082366e+02,7.03057175
5594,0.000099,1.082205e+02,5.78931816
5595,0.000104,1.082061e+02,4.94627351
5596,0.000098,1.082002e+02,9.47971883
5597,0.000135,1.081788e+02,7.54048022
5598,0.000142,1.081613e+02,6.16679972
5599,0.000115,1.081458e+02,5.22590389
5600,0.000118,1.081421e+02,10.22596689
5601,0.000134,1.081184e+02,8.09513930
5602,0.000149,1.080993e+02,6.57635108
5603,0.000179,1.080827e+02,5.52728014
5604,0.000180,1.080817e+02,11.03736203
5605,0.000175,1.080555e+02,8.69747671
5606,0.000132,1.080346e+02,7.01958486
5607,0.000127,1.080169e+02,5.85085231
5608,0.000139,1.080008e+02,5.06658041
5609,0.000113,1.079903e+02,9.35083178
5610,0.000121,1.079676e+02,7.49850137
5611,0.001965,1.079486e+02,6.19741504
5612,0.000108,1.079316e+02,5.31480776
5613,0.000103,1.079233e+02,10.05933651
5614,0.000113,1.078987e+02,8.01571454
5615,0.000106,1.078783e+02,6.56831152
5616,0.000100,1.078605e+02,5.57559322
5617,0.000101,1.078553e+02,10.82768856
5618,0.000099,1.078284e+02,8.57457210
5619,0.000092,1.078068e+02,6.96575856
5620,0.000083,1.077881e+02,5.85010180
5621,0.000084,1.077869e+02,11.66163140
5622,0.000083,1.077578e+02,9.17951830
5623,0.000083,1.077349e+02,7.39319511
5624,0.000127,1.077154e+02,6.14088160
5625,0.000107,1.076980e+02,5.29133345
5626,0.000097,1.076878e+02,9.83622928
5627,0.000097,1.076635e+02,7.85552548
5628,0.000101,1.076433e+02,6.45220241
5629,0.000096,1.076257e+02,5.48729443
5630,0.000097,1.076195e+02,10.55189840
5631,0.000100,1.075937e+02,8.35917170
5632,0.000098,1.075729e+02,6.79005168
5633,0.000095,1.075551e+02,5.69697813
5634,0.000117,1.075539e+02,11.33458349
5635,0.000099,1.075266e+02,8.91170852
5636,0.000099,1.075052e+02,7.16189489
5637,0.000104,1.074872e+02,5.92782969
5638,0.000101,1.074713e+02,5.08266067
5639,0.000098,1.074630e+02,9.52157683
5640,0.000103,1.074409e+02,7.57622768
5641,0.000111,1.074228e+02,6.18860065
5642,0.000131,1.074072e+02,5.22490289
5643,0.000130,1.074038e+02,10.19778471
5644,0.000131,1.073807e+02,8.04189192
5645,0.000116,1.073625e+02,6.48842871
5646,0.000126,1.073472e+02,5.39551833
5647,0.000139,1.073335e+02,4.64837966
5648,0.000116,1.073251e+02,8.56716255
5649,0.000110,1.073066e+02,6.83589155
5650,0.000120,1.072914e+02,5.60359622
5651,0.000119,1.072782e+02,4.74967225
5652,0.000123,1.072741e+02,9.15959987
5653,0.002091,1.072550e+02,7.23840657
5654,0.000108,1.072398e+02,5.85688326
5655,0.000100,1.072270e+02,4.88749506
5656,0.000099,1.072154e+02,4.22679250
5657,0.000105,1.072076e+02,7.70175065
5658,0.000100,1.071923e+02,6.16123643
5659,0.000103,1.071796e+02,5.06804705
5660,0.000112,1.071685e+02,4.31358406
5661,0.000103,1.071641e+02,8.23045390
5662,0.000102,1.071483e+02,6.52073130
5663,0.000104,1.071356e+02,5.29543009
5664,0.000103,1.071247e+02,4.43980285
5665,0.000106,1.071241e+02,8.82793938
5666,0.000110,1.071075e+02,6.93796811
5667,0.000134,1.070946e+02,5.57194301
5668,0.000122,1.070838e+02,4.60775627
5669,0.000108,1.070743e+02,3.94716080
5670,0.000102,1.070694e+02,7.41477064
5671,0.000105,1.070561e+02,5.89876634
5672,0.000105,1.070452e+02,4.81838853
5673,0.000098,1.070357e+02,4.06984930
5674,0.000105,1.070337e+02,7.95292000
5675,0.000097,1.070196e+02,6.27666304
5676,0.000098,1.070085e+02,5.07193831
5677,0.000107,1.069990e+02,4.22841958
5678,0.000099,1.069905e+02,3.65650029
5679,0.000110,1.069849e+02,6.70642790
5680,0.000103,1.069733e+02,5.36851737
5681,0.000096,1.069636e+02,4.42263683
5682,0.000097,1.069551e+02,3.77417543
5683,0.000104,1.069515e+02,7.18941582
5684,0.000099,1.069393e+02,5.70857374
5685,0.000100,1.069294e+02,4.65243972
5686,0.000108,1.069207e+02,3.92063071
5687,0.000140,1.069194e+02,7.72754419
5688,0.000130,1.069063e+02,6.09304897
5689,0.000120,1.068960e+02,4.91817128
5690,0.000124,1.068872e+02,4.09586594
5691,0.000137,1.068793e+02,3.53918010
5692,0.000183,1.068743e+02,6.52351099
5693,0.000181,1.068633e+02,5.22071523
5694,0.000165,1.068543e+02,4.30035424
5695,0.002049,1.068462e+02,3.67039915
5696,0.000111,1.068429e+02,7.00222855
5697,0.000102,1.068313e+02,5.56151505
5698,0.000099,1.068219e+02,4.53503613
5699,0.000098,1.068137e+02,3.82499431
5700,0.000102,1.068123e+02,7.53198236
5701,0.000101,1.067998e+02,5.94248787
5702,0.000100,1.067899e+02,4.80127823
5703,0.000097,1.067814e+02,4.00397842
5704,0.000102,1.067738e+02,3.46563356
5705,0.000118,1.067688e+02,6.36602195
5706,0.000106,1.067583e+02,5.10085306
5707,0.000112,1.067495e+02,4.20872721
5708,0.000135,1.067418e+02,3.59967734
5709,0.000111,1.067383e+02,6.83500115
5710,0.000101,1.067271e+02,5.43589875
5711,0.000103,1.067179e+02,4.44090767
5712,0.000097,1.067099e+02,3.75441158
5713,0.000105,1.067082e+02,7.35264107
5714,0.000121,1.066961e+02,5.80884030
5715,0.000096,1.066865e+02,4.70243222
5716,0.000098,1.066782e+02,3.93139643
5717,0.000101,1.066708e+02,3.41245616
5718,0.000097,1.066655e+02,6.22241026
5719,0.000097,1.066553e+02,4.99545789
5720,0.000104,1.066467e+02,4.13240221
5721,0.000094,1.066391e+02,3.54506710
5722,0.000096,1.066352e+02,6.67970151
5723,0.000103,1.066243e+02,5.32237673
5724,0.000113,1.066154e+02,4.35936832
5725,0.000096,1.066075e+02,3.69700876
5726,0.000097,1.066053e+02,7.18404786
5727,0.000101,1.065936e+02,5.68577283
5728,0.000099,1.065841e+02,4.61438755
5729,0.000096,1.065760e+02,3.87002218
5730,0.000117,1.065757e+02,7.73912276
5731,0.000133,1.065630e+02,6.08846842
5732,0.000115,1.065530e+02,4.89971895
5733,0.000148,1.065445e+02,4.06598260
5734,0.000124,1.065370e+02,3.50068637
5735,0.000134,1.065327e+02,6.53353293
5736,0.000156,1.065220e+02,5.21780499
5737,0.002080,1.065132e+02,4.28691032
5738,0.000101,1.065054e+02,3.64895277
5739,0.000101,1.065026e+02,7.02437225
5740,0.000102,1.064911e+02,5.57128670
5741,0.000107,1.064818e+02,4.53494875
5742,0.000100,1.064738e+02,3.81746797
5743,0.000104,1.064728e+02,7.56460683
5744,0.000099,1.064604e+02,5.96297369
5745,0.000103,1.064505e+02,4.81236882
5746,0.000103,1.064422e+02,4.00812691
5747,0.000098,1.064346e+02,3.46512368
5748,0.000107,1.064298e+02,6.39590700
5749,0.000105,1.064193e+02,5.12160837
5750,0.000105,1.064105e+02,4.22295542
5751,0.000157,1.064028e+02,3.60965873
5752,0.000137,1.063994e+02,6.87344341
5753,0.000141,1.063881e+02,5.46528917
5754,0.000108,1.063789e+02,4.46409333
5755,0.000098,1.063708e+02,3.77377373
5756,0.000108,1.063692e+02,7.39914538
5757,0.000098,1.063569e+02,5.84619128
5758,0.000097,1.063472e+02,4.73379964
5759,0.000149,1.063388e+02,3.95935641
5760,0.000122,1.063312e+02,3.43902156
5761,0.000100,1.063258e+02,6.26731339
5762,0.000105,1.063154e+02,5.03449025
5763,0.000097,1.063067e+02,4.16841913
5764,0.000093,1.062989e+02,3.58023692
5765,0.000098,1.062948e+02,6.73195394
5766,0.000101,1.062836e+02,5.36875600
5767,0.000096,1.062744e+02,4.40308490
5768,0.000104,1.062663e+02,3.74047296
5769,0.000106,1.062638e+02,7.24361138
5770,0.000098,1.062518e+02,5.73933981
5771,0.000126,1.062420e+02,4.66559175
5772,0.000120,1.062336e+02,3.92160078
5773,0.000112,1.062329e+02,7.80609747
5774,0.000137,1.062198e+02,6.14919662
5775,0.000156,1.062095e+02,4.95831925
5776,0.000152,1.062006e+02,4.12560092
5777,0.000147,1.061927e+02,3.56338295
5778,0.000141,1.061878e+02,6.60151105
5779,0.002299,1.061767e+02,5.28381443
5780,0.000110,1.061674e+02,4.35458321
5781,0.000102,1.061592e+02,3.72072279
5782,0.000103,1.061557e+02,7.09979436
5783,0.000110,1.061437e+02,5.64481332
5784,0.000103,1.061339e+02,4.61077136
5785,0.000101,1.061253e+02,3.89849111
5786,0.000103,1.061235e+02,7.64776404
5787,0.000105,1.061105e+02,6.04421369
5788,0.000103,1.061000e+02,4.89651080
5789,0.000105,1.060910e+02,4.09864323
5790,0.000101,1.060829e+02,3.56387895
5791,0.000105,1.060770e+02,6.48514011
5792,0.000107,1.060658e+02,5.21431018
5793,0.000132,1.060563e+02,4.32326026
5794,0.000103,1.060478e+02,3.71994836
5795,0.000105,1.060432e+02,6.97103202
5796,0.000100,1.060311e+02,5.56686082
5797,0.000099,1.060210e+02,4.57453471
5798,0.000109,1.060122e+02,3.89611011
5799,0.000096,1.060090e+02,7.50553120
5800,0.000098,1.059959e+02,5.95700977
5801,0.000105,1.059852e+02,4.85477493
5802,0.000109,1.059759e+02,4.09428485
5803,0.000102,1.059745e+02,8.09260350
5804,0.000106,1.059601e+02,6.38782300
5805,0.000098,1.059487e+02,5.16643250
5806,0.000099,1.059388e+02,4.31649585
5807,0.000097,1.059299e+02,3.74656835
5808,0.000103,1.059237e+02,6.86260059
5809,0.000095,1.059113e+02,5.51212731
5810,0.000096,1.059009e+02,4.56488803
5811,0.000112,1.058915e+02,3.92366155
5812,0.000100,1.058866e+02,7.38498024
5813,0.000097,1.058731e+02,5.89466791
5814,0.000103,1.058620e+02,4.84170807
5815,0.000099,1.058521e+02,4.12246702
5816,0.000100,1.058487e+02,7.95879842
5817,0.000141,1.058340e+02,6.31701492
5818,0.000125,1.058219e+02,5.14930642
5819,0.000115,1.058115e+02,4.34489342
5820,0.000148,1.058099e+02,8.58822786
5821,0.000130,1.057936e+02,6.78234865
5822,0.000139,1.057806e+02,5.49016293
5823,0.000152,1.057695e+02,4.59291830
5824,0.000134,1.057593e+02,3.99339464
5825,0.000289,1.057520e+02,7.29407793
5826,0.002231,1.057379e+02,5.86690786
5827,0.000104,1.057259e+02,4.86860216
5828,0.000097,1.057151e+02,4.19562706
5829,0.000102,1.057090e+02,7.85595310
5830,0.000102,1.056935e+02,6.28233528
5831,0.000101,1.056806e+02,5.17405334
5832,0.000099,1.056691e+02,4.42059981
5833,0.000102,1.056645e+02,8.47189019
5834,0.000104,1.056474e+02,6.73934899
5835,0.000107,1.056334e+02,5.51142027
5836,0.000085,1.056211e+02,4.66987279
5837,0.000085,1.056182e+02,9.14612414
5838,0.000085,1.055993e+02,7.24103200
5839,0.000085,1.055840e+02,5.88291113
5840,0.000120,1.055708e+02,4.94496614
5841,0.000101,1.055700e+02,9.88322084
5842,0.000097,1.055490e+02,7.79065522
5843,0.000104,1.055323e+02,6.29079458
5844,0.000097,1.055180e+02,5.24734798
5845,0.000117,1.055050e+02,4.54900532
5846,0.000102,1.054964e+02,8.39169170
5847,0.000099,1.054781e+02,6.73743760
5848,0.000098,1.054626e+02,5.57846995
5849,0.000101,1.054487e+02,4.79596298
5850,0.000101,1.054415e+02,9.04799204
5851,0.000098,1.054213e+02,7.22533734
5852,0.000096,1.054044e+02,5.93973866
5853,0.000102,1.053895e+02,5.06412716
5854,0.000098,1.053841e+02,9.76353858
5855,0.000111,1.053618e+02,7.75708161
5856,0.000102,1.053435e+02,6.33257252
5857,0.000096,1.053275e+02,5.35388527
5858,0.000101,1.053245e+02,10.54272235
5859,0.000109,1.052997e+02,8.33552254
5860,0.000133,1.052798e+02,6.75853272
5861,0.000122,1.052626e+02,5.66565615
5862,0.000121,1.052470e+02,4.93692103
5863,0.000158,1.052353e+02,8.96388405
5864,0.000153,1.052136e+02,7.21950213
5865,0.000175,1.051952e+02,6.00011477
5866,0.000191,1.051786e+02,5.17800630
5867,0.000181,1.051688e+02,9.64609520
5868,0.000179,1.051453e+02,7.71789551
5869,0.000138,1.051256e+02,6.35838882
5870,0.002026,1.051082e+02,5.43147589
5871,0.000103,1.051010e+02,10.38663374
5872,0.000105,1.050754e+02,8.25679913
5873,0.000102,1.050544e+02,6.74237707
5874,0.000099,1.050362e+02,5.69811466
5875,0.000102,1.050326e+02,11.19096645
5876,0.000100,1.050047e+02,8.84032646
5877,0.000103,1.049825e+02,7.15510864
5878,0.000105,1.049635e+02,5.97996505
5879,0.000113,1.049463e+02,5.18800322
5880,0.000105,1.049343e+02,9.47379576
5881,0.000103,1.049108e+02,7.60103028
5882,0.000090,1.048910e+02,6.28071575
5883,0.000084,1.048735e+02,5.37855996
5884,0.000120,1.048652e+02,10.16403203
5885,0.000103,1.048402e+02,8.08613295
5886,0.000105,1.048198e+02,6.60580805
5887,0.000096,1.048021e+02,5.58061153
5888,0.000097,1.047984e+02,10.91886194
5889,0.000117,1.047719e+02,8.61770230
5890,0.000097,1.047509e+02,6.96231558
5891,0.000096,1.047331e+02,5.80106126
5892,0.000103,1.047172e+02,5.01078940
5893,0.000097,1.047069e+02,9.20407950
5894,0.000099,1.046853e+02,7.35858192
5895,0.000109,1.046673e+02,6.04839840
5896,0.000094,1.046517e+02,5.14381011
5897,0.000098,1.046459e+02,9.85435311
5898,0.000111,1.046235e+02,7.80357726
5899,0.000102,1.046054e+02,6.33186598
5900,0.000096,1.045900e+02,5.30192876
5901,0.000098,1.045896e+02,10.57738223
5902,0.000106,1.045661e+02,8.30599541
5903,0.000123,1.045478e+02,6.66047919
5904,0.000124,1.045326e+02,5.49463388
5905,0.000120,1.045193e+02,4.69115449
5906,0.000119,1.045133e+02,8.87375342
5907,0.000125,1.044946e+02,7.04226602
5908,0.000209,1.044795e+02,5.73040076
5909,0.000217,1.044665e+02,4.81439394
5910,0.000191,1.044651e+02,9.51389368
5911,0.000160,1.044456e+02,7.48383011
5912,0.002039,1.044305e+02,6.01596741
5913,0.000112,1.044177e+02,4.97878855
5914,0.000104,1.044065e+02,4.26645360
5915,0.000100,1.044007e+02,7.99015007
5916,0.000104,1.043852e+02,6.35612214
5917,0.000101,1.043725e+02,5.18931209
5918,0.000104,1.043616e+02,4.37812910
5919,0.000107,1.043594e+02,8.56520958
5920,0.000103,1.043432e+02,6.75409215
5921,0.000104,1.043305e+02,5.44898768
5922,0.000108,1.043197e+02,4.53139863
5923,0.000100,1.043101e+02,3.90544012
5924,0.000087,1.043042e+02,7.21199219
5925,0.000086,1.042911e+02,5.75941211
5926,0.000116,1.042803e+02,4.72771942
5927,0.000112,1.042708e+02,4.01578757
5928,0.000100,1.042676e+02,7.73167991
5929,0.000100,1.042539e+02,6.12151823
5930,0.000104,1.042429e+02,4.96758949
5931,0.000102,1.042334e+02,4.16257648
5932,0.000095,1.042331e+02,8.31506689
5933,0.000109,1.042185e+02,6.53610502
5934,0.000103,1.042071e+02,5.25116740
5935,0.000101,1.041976e+02,4.34566090
5936,0.000109,1.041891e+02,3.72720827
5937,0.000100,1.041847e+02,7.00433745
5938,0.000100,1.041727e+02,5.57880642
5939,0.000103,1.041629e+02,4.56494831
5940,0.000096,1.041543e+02,3.86486739
5941,0.000098,1.041522e+02,7.52808743
5942,0.000110,1.041394e+02,5.95136205
5943,0.000100,1.041292e+02,4.82069338
5944,0.000102,1.041205e+02,4.03180132
5945,0.000103,1.041126e+02,3.49961825
5946,0.000117,1.041071e+02,6.37025273
5947,0.000129,1.040963e+02,5.11364937
5948,0.000115,1.040874e+02,4.22836923
5949,0.000127,1.040794e+02,3.62443325
5950,0.000129,1.040755e+02,6.83761699
5951,0.000158,1.040641e+02,5.44514350
5952,0.000223,1.040548e+02,4.45540923
5953,0.002238,1.040467e+02,3.77286383
5954,0.000109,1.040446e+02,7.35614640
5955,0.000107,1.040324e+02,5.81700620
5956,0.000102,1.040227e+02,4.71420904
5957,0.000107,1.040143e+02,3.94584647
5958,0.000101,1.040067e+02,3.42866133
5959,0.000106,1.040013e+02,6.23156664
5960,0.000106,1.039910e+02,5.00648645
5961,0.000100,1.039823e+02,4.14470492
5962,0.000104,1.039746e+02,3.55808093
5963,0.000104,1.039706e+02,6.69166880
5964,0.000103,1.039596e+02,5.33434723
5965,0.000105,1.039506e+02,4.37107913
5966,0.000100,1.039427e+02,3.70822976
5967,0.000149,1.039404e+02,7.20051814
5968,0.000130,1.039286e+02,5.70020695
5969,0.000110,1.039191e+02,4.62687508
5970,0.000110,1.039109e+02,3.88065862
5971,0.000099,1.039107e+02,7.76174865
5972,0.000102,1.038979e+02,6.10680680
5973,0.000103,1.038879e+02,4.91424849
5974,0.000097,1.038794e+02,4.07713203
5975,0.000096,1.038718e+02,3.50887518
5976,0.000107,1.038676e+02,6.55720035
5977,0.000101,1.038568e+02,5.23559950
5978,0.000099,1.038480e+02,4.29961656
5979,0.000101,1.038402e+02,3.65730198
5980,0.000097,1.038375e+02,7.05482611
5981,0.000097,1.038260e+02,5.59357194
5982,0.000105,1.038167e+02,4.55024324
5983,0.000098,1.038087e+02,3.82682613
5984,0.000095,1.038079e+02,7.60337782
5985,0.000108,1.037954e+02,5.99101349
5986,0.000101,1.037856e+02,4.83130100
5987,0.000096,1.037772e+02,4.01935136
5988,0.000101,1.037697e+02,3.46997177
5989,0.000129,1.037651e+02,6.43103157
5990,0.000128,1.037546e+02,5.14526922
5991,0.000121,1.037458e+02,4.23693250
5992,0.000120,1.037381e+02,3.61559489
5993,0.000126,1.037350e+02,6.91707319
5994,0.000188,1.037237e+02,5.49483042
5995,0.000211,1.037145e+02,4.48175387
5996,0.000196,1.037065e+02,3.78152501
5997,0.000132,1.037052e+02,7.45281478
5998,0.000127,1.036930e+02,5.88284348
5999,0.002102,1.036832e+02,4.75613223
6000,0.000112,1.036749e+02,3.96969675
6001,0.000102,1.036674e+02,3.43958754
6002,0.000102,1.036624e+02,6.31240338
6003,0.000100,1.036520e+02,5.06255383
6004,0.000101,1.036433e+02,4.18217883
6005,0.000102,1.036356e+02,3.58222509
6006,0.000103,1.036320e+02,6.78692175
6007,0.000102,1.036208e+02,5.40369162
6008,0.000103,1.036117e+02,4.42115854
6009,0.000100,1.036037e+02,3.74454716
6010,0.000103,1.036018e+02,7.31002887
6011,0.000087,1.035897e+02,5.78238364
6012,0.000115,1.035801e+02,4.68894674
6013,0.000107,1.035718e+02,3.92848547
6014,0.000100,1.035642e+02,3.41814470
6015,0.000102,1.035587e+02,6.20169139
6016,0.000097,1.035484e+02,4.98801399
6017,0.000100,1.035397e+02,4.13609955
6018,0.000106,1.035319e+02,3.55810657
6019,0.000098,1.035277e+02,6.66497824
6020,0.000104,1.035167e+02,5.32100902
6021,0.000104,1.035075e+02,4.36956407
6022,0.000098,1.034995e+02,3.71723958
6023,0.000099,1.034968e+02,7.17581993
6024,0.000105,1.034849e+02,5.69073940
6025,0.000097,1.034752e+02,4.63117327
6026,0.000095,1.034668e+02,3.89746179
6027,0.000104,1.034660e+02,7.73811341
6028,0.000098,1.034530e+02,6.10022991
6029,0.000104,1.034427e+02,4.92336679
6030,0.000100,1.034340e+02,4.10080486
6031,0.000106,1.034261e+02,3.54571469
6032,0.000110,1.034211e+02,6.55274211
6033,0.000131,1.034101e+02,5.24875576
6034,0.000123,1.034009e+02,4.32943323
6035,0.000117,1.033927e+02,3.70252663
6036,0.000119,1.033892e+02,7.05186830
6037,0.000180,1.033773e+02,5.61014475
6038,0.000222,1.033675e+02,4.58562999
6039,0.000202,1.033590e+02,3.88000790
6040,0.000166,1.033571e+02,7.60142163
6041,0.000125,1.033442e+02,6.01050854
6042,0.002040,1.033338e+02,4.87180526
6043,0.000113,1.033249e+02,4.08016806
6044,0.000104,1.033168e+02,3.54952724
6045,0.000103,1.033109e+02,6.45305612
6046,0.000109,1.032998e+02,5.19053704
6047,0.000098,1.032904e+02,4.30514655
6048,0.000099,1.032820e+02,3.70550304
6049,0.000101,1.032773e+02,6.94131702
6050,0.000107,1.032653e+02,5.54459140
6051,0.000099,1.032554e+02,4.55719948
6052,0.000101,1.032466e+02,3.88184960
6053,0.000091,1.032435e+02,7.47903748
6054,0.000127,1.032304e+02,5.93689895
6055,0.000113,1.032198e+02,4.83870491
6056,0.000110,1.032106e+02,4.08054611
6057,0.000101,1.032093e+02,8.07029938
6058,0.000097,1.031950e+02,6.37061758
6059,0.000102,1.031836e+02,5.15219045
6060,0.000097,1.031738e+02,4.30368030
6061,0.000098,1.031650e+02,3.73415431
6062,0.000104,1.031590e+02,6.84915009
6063,0.000102,1.031466e+02,5.50035953
6064,0.000099,1.031363e+02,4.55346805
6065,0.000103,1.031270e+02,3.91174229
6066,0.000100,1.031223e+02,7.37624595
6067,0.000097,1.031089e+02,5.88611259
6068,0.000100,1.030978e+02,4.83223498
6069,0.000100,1.030880e+02,4.11142896
6070,0.000097,1.030848e+02,7.95587136
6071,0.000104,1.030702e+02,6.31251485
6072,0.000101,1.030583e+02,5.14242054
6073,0.000102,1.030479e+02,4.33520196
6074,0.000102,1.030466e+02,8.59234472
6075,0.000119,1.030304e+02,6.78286415
6076,0.000128,1.030175e+02,5.48660480
6077,0.000114,1.030065e+02,4.58512926
6078,0.000122,1.029964e+02,3.98159127
6079,0.000119,1.029895e+02,7.30070311
6080,0.000148,1.029754e+02,5.86753202
6081,0.000235,1.029636e+02,4.86337527
6082,0.000193,1.029529e+02,4.18502572
6083,0.000173,1.029472e+02,7.86993158
6084,0.000150,1.029318e+02,6.28812573
6085,0.002028,1.029190e+02,5.17216832
6086,0.000105,1.029077e+02,4.41180930
6087,0.000106,1.029035e+02,8.49463907
6088,0.000101,1.028865e+02,6.75143933
6089,0.000103,1.028726e+02,5.51379585
6090,0.000102,1.028605e+02,4.66363956
6091,0.000106,1.028581e+02,9.17925708
6092,0.000103,1.028393e+02,7.26072639
6093,0.000101,1.028242e+02,5.89062557
6094,0.000099,1.028111e+02,4.94219658
6095,0.000105,1.028110e+02,9.92857356
6096,0.000098,1.027901e+02,7.81945121
6097,0.000088,1.027735e+02,6.30510745
6098,0.000091,1.027593e+02,5.24913130
6099,0.000114,1.027465e+02,4.54037224
6100,0.000114,1.027386e+02,8.43130442
6101,0.000100,1.027204e+02,6.75981142
6102,0.000098,1.027050e+02,5.58609937
6103,0.000112,1.026913e+02,4.79138954
6104,0.000103,1.026848e+02,9.10037335
6105,0.000097,1.026647e+02,7.25745401
6106,0.000098,1.026480e+02,5.95472615
6107,0.000132,1.026333e+02,5.06501627
6108,0.000101,1.026287e+02,9.83089612
6109,0.000098,1.026064e+02,7.80085339
6110,0.000105,1.025882e+02,6.35665352
6111,0.000098,1.025724e+02,5.36187052
6112,0.000097,1.025703e+02,10.62752866
6113,0.000104,1.025455e+02,8.39309045
6114,0.000097,1.025257e+02,6.79365418
6115,0.000096,1.025086e+02,5.68258118
6116,0.000104,1.024932e+02,4.93972707
6117,0.000103,1.024822e+02,9.03760240
6118,0.000105,1.024606e+02,7.26779079
6119,0.000140,1.024423e+02,6.02798624
6120,0.000114,1.024258e+02,5.19009801
6121,0.000116,1.024168e+02,9.73849754
6122,0.000127,1.023932e+02,7.78160120
6123,0.000139,1.023735e+02,6.39929741
6124,0.000180,1.023562e+02,5.45485423
6125,0.000221,1.023498e+02,10.50038660
6126,0.000193,1.023240e+02,8.33822099
6127,0.002009,1.023030e+02,6.79839511
6128,0.000107,1.022847e+02,5.73471158
6129,0.000104,1.022820e+02,11.32881953
6130,0.000105,1.022539e+02,8.94173372
6131,0.000102,1.022314e+02,7.22817919
6132,0.000104,1.022123e+02,6.03150228
6133,0.000105,1.021950e+02,5.22391338
6134,0.000100,1.021836e+02,9.59736665
6135,0.000104,1.021597e+02,7.69287734
6136,0.000100,1.021397e+02,6.34858516
6137,0.000104,1.021221e+02,5.42899174
6138,0.000100,1.021142e+02,10.31183095
6139,0.000105,1.020888e+02,8.19821787
6140,0.000106,1.020681e+02,6.69100512
6141,0.000139,1.020501e+02,5.64619122
6142,0.000116,1.020469e+02,11.09287785
6143,0.000102,1.020198e+02,8.75126139
6144,0.000098,1.019984e+02,7.06547156
6145,0.000104,1.019802e+02,5.88193177
6146,0.000101,1.019639e+02,5.07598033
6147,0.000096,1.019538e+02,9.36025146
6148,0.000103,1.019316e+02,7.48010592
6149,0.000099,1.019132e+02,6.14436917
6150,0.000097,1.018971e+02,5.22151696
6151,0.000104,1.018916e+02,10.03437236
6152,0.000107,1.018685e+02,7.94387922
6153,0.000097,1.018499e+02,6.44266203
6154,0.000101,1.018341e+02,5.39130777
6155,0.000096,1.018340e+02,10.78279215
6156,0.000100,1.018097e+02,8.46574248
6157,0.000104,1.017908e+02,6.78603934
6158,0.000097,1.017752e+02,5.59501742
6159,0.000099,1.017614e+02,4.77344581
6160,0.000097,1.017555e+02,9.05409375
6161,0.000111,1.017361e+02,7.18300668
6162,0.000142,1.017205e+02,5.84159995
6163,0.000164,1.017071e+02,4.90393560
6164,0.000133,1.017059e+02,9.71659776
6165,0.000128,1.016858e+02,7.64080601
6166,0.000123,1.016701e+02,6.13846065
6167,0.000190,1.016570e+02,5.07558199
6168,0.002203,1.016454e+02,4.34444584
6169,0.000105,1.016397e+02,8.16509294
6170,0.000105,1.016236e+02,6.49110356
6171,0.000103,1.016106e+02,5.29412146
6172,0.000099,1.015993e+02,4.46046839
6173,0.000100,1.015974e+02,8.76047637
6174,0.000099,1.015807e+02,6.90339969
6175,0.000105,1.015675e+02,5.56325992
6176,0.000106,1.015564e+02,4.61921241
6177,0.000105,1.015465e+02,3.97363686
6178,0.000105,1.015408e+02,7.37797097
6179,0.000107,1.015272e+02,5.88511621
6180,0.000105,1.015161e+02,4.82268980
6181,0.000104,1.015064e+02,4.08764689
6182,0.000160,1.015036e+02,7.91704954
6183,0.000143,1.014894e+02,6.26097495
6184,0.000110,1.014781e+02,5.07175433
6185,0.000104,1.014684e+02,4.23990355
6186,0.000104,1.014597e+02,3.67629060
6187,0.000103,1.014536e+02,6.69184409
6188,0.000098,1.014419e+02,5.36676362
6189,0.000105,1.014321e+02,4.43046437
6190,0.000098,1.014234e+02,3.78884325
6191,0.000099,1.014195e+02,7.17910787
6192,0.000107,1.014071e+02,5.70818182
6193,0.000101,1.013971e+02,4.65930022
6194,0.000094,1.013884e+02,3.93259973
6195,0.000112,1.013868e+02,7.72466017
6196,0.000098,1.013736e+02,6.09687150
6197,0.000098,1.013632e+02,4.92665740
6198,0.000105,1.013543e+02,4.10746447
6199,0.000100,1.013463e+02,3.55265236
6200,0.000100,1.013411e+02,6.53431771
6201,0.000099,1.013301e+02,5.23329400
6202,0.000106,1.013210e+02,4.31377006
6203,0.000095,1.013129e+02,3.68398036
6204,0.000101,1.013095e+02,7.02275165
6205,0.000124,1.012978e+02,5.58056025
6206,0.000142,1.012883e+02,4.55233637
6207,0.000120,1.012800e+02,3.84046462
6208,0.000121,1.012786e+02,7.56499524
6209,0.000124,1.012661e+02,5.97034461
6210,0.000131,1.012561e+02,4.82446107
6211,0.000223,1.012476e+02,4.02302942
6212,0.000216,1.012399e+02,3.48115197
6213,0.000186,1.012349e+02,6.40507759
6214,0.000141,1.012243e+02,5.13190915
6215,0.002237,1.012155e+02,4.23301620
6216,0.000142,1.012077e+02,3.61838038
6217,0.000100,1.012043e+02,6.88775090
6218,0.000107,1.011930e+02,5.47687100
6219,0.000099,1.011837e+02,4.47211143
6220,0.000098,1.011757e+02,3.77765889
6221,0.000106,1.011742e+02,7.42175445
6222,0.000102,1.011620e+02,5.86188054
6223,0.000094,1.011523e+02,4.74229539
6224,0.000085,1.011440e+02,3.96059196
6225,0.000085,1.011365e+02,3.43326468
6226,0.000085,1.011314e+02,6.28982850
6227,0.000085,1.011211e+02,5.04583450
6228,0.000092,1.011124e+02,4.16903040
6229,0.000112,1.011047e+02,3.57086194
6230,0.000105,1.011011e+02,6.76400831
6231,0.000102,1.010901e+02,5.38526567
6232,0.000105,1.010810e+02,4.40502390
6233,0.000095,1.010731e+02,3.72904416
6234,0.000103,1.010713e+02,7.28799813
6235,0.000102,1.010594e+02,5.76335177
6236,0.000096,1.010498e+02,4.67080160
6237,0.000097,1.010416e+02,3.90966336
6238,0.000187,1.010342e+02,3.39763267
6239,0.000106,1.010289e+02,6.18312286
6240,0.000098,1.010187e+02,4.96879145
6241,0.000099,1.010102e+02,4.11473607
6242,0.000103,1.010026e+02,3.53369555
6243,0.000096,1.009987e+02,6.64794267
6244,0.000097,1.009878e+02,5.30162787
6245,0.000102,1.009789e+02,4.34641974
6246,0.000100,1.009710e+02,3.68949966
6247,0.000121,1.009688e+02,7.16141668
6248,0.000136,1.009571e+02,5.67212731
6249,0.000117,1.009476e+02,4.60701020
6250,0.000119,1.009395e+02,3.86696326
6251,0.000130,1.009392e+02,7.72749495
6252,0.000180,1.009265e+02,6.08334197
6253,0.000226,1.009165e+02,4.89896291
6254,0.000200,1.009080e+02,4.06813109
6255,0.000147,1.009004e+02,3.50473535
6256,0.000128,1.008961e+02,6.53857838
6257,0.000131,1.008854e+02,5.22491715
6258,0.000156,1.008765e+02,4.29519056
6259,0.002077,1.008687e+02,3.65786193
6260,0.000107,1.008659e+02,7.04148838
6261,0.000106,1.008543e+02,5.58771629
6262,0.000104,1.008450e+02,4.55045536
6263,0.000100,1.008369e+02,3.83205080
6264,0.000100,1.008359e+02,7.59596333
6265,0.000100,1.008234e+02,5.99038633
6266,0.000105,1.008134e+02,4.83637412
6267,0.000098,1.008050e+02,4.02934589
6268,0.000088,1.007974e+02,3.48420502
6269,0.000087,1.007925e+02,6.43620079
6270,0.000085,1.007819e+02,5.15557193
6271,0.000090,1.007730e+02,4.25192807
6272,0.000083,1.007652e+02,3.63486869
6273,0.000132,1.007618e+02,6.92876589
6274,0.000103,1.007504e+02,5.51087014
6275,0.000098,1.007410e+02,4.50210102
6276,0.000097,1.007328e+02,3.80609966
6277,0.000102,1.007312e+02,7.47192177
6278,0.000103,1.007188e+02,5.90526653
6279,0.000097,1.007089e+02,4.78229902
6280,0.000108,1.007003e+02,3.99993086
6281,0.000100,1.006926e+02,3.47391614
6282,0.000099,1.006872e+02,6.34199752
6283,0.000106,1.006766e+02,5.09512644
6284,0.000099,1.006677e+02,4.21852872
6285,0.000094,1.006597e+02,3.62276064
6286,0.000105,1.006556e+02,6.82462053
6287,0.000097,1.006442e+02,5.44337781
6288,0.000099,1.006348e+02,4.46418094
6289,0.000107,1.006265e+02,3.79177566
6290,0.000124,1.006240e+02,7.35692235
6291,0.000130,1.006116e+02,5.83001953
6292,0.000120,1.006016e+02,4.73930306
6293,0.000118,1.005929e+02,3.98297829
6294,0.000125,1.005924e+02,7.94303342
6295,0.000169,1.005789e+02,6.25825159
6296,0.000223,1.005682e+02,5.04646665
6297,0.000210,1.005591e+02,4.19850443
6298,0.000158,1.005509e+02,3.62563422
6299,0.000138,1.005459e+02,6.73152910
6300,0.001999,1.005344e+02,5.38842800
6301,0.000107,1.005248e+02,4.44063029
6302,0.000102,1.005163e+02,3.79372285
6303,0.000097,1.005128e+02,7.25366133
6304,0.000097,1.005003e+02,5.76815148
6305,0.000099,1.004901e+02,4.71175790
6306,0.000106,1.004812e+02,3.98370009
6307,0.000100,1.004794e+02,7.82869644
6308,0.000102,1.004658e+02,6.18878574
6309,0.000103,1.004549e+02,5.01442506
6310,0.000105,1.004455e+02,4.19767298
6311,0.000097,1.004370e+02,3.65017985
6312,0.000088,1.004308e+02,6.65373137
6313,0.000085,1.004191e+02,5.35134886
6314,0.000119,1.004091e+02,4.43788240
6315,0.000108,1.004002e+02,3.81938138
6316,0.000101,1.003954e+02,7.16673157
6317,0.000105,1.003826e+02,5.72544616
6318,0.000098,1.003720e+02,4.70668817
6319,0.000101,1.003626e+02,4.01027529
6320,0.000102,1.003593e+02,7.73176148
6321,0.000100,1.003454e+02,6.13980813
6322,0.000101,1.003340e+02,5.00657408
6323,0.000097,1.003241e+02,4.22490682
6324,0.000106,1.003226e+02,8.35315303
6325,0.000102,1.003073e+02,6.59776505
6326,0.000097,1.002950e+02,5.34017521
6327,0.000101,1.002845e+02,4.46541971
6328,0.000096,1.002750e+02,3.87945172
6329,0.000095,1.002683e+02,7.10290284
6330,0.000103,1.002550e+02,5.71030338
6331,0.000101,1.002437e+02,4.73407377
6332,0.000097,1.002336e+02,4.07400745
6333,0.000107,1.002282e+02,7.65916878
6334,0.000111,1.002136e+02,6.11996552
6335,0.000133,1.002015e+02,5.03321987
6336,0.000124,1.001908e+02,4.29188970
6337,0.000113,1.001869e+02,8.27072864
6338,0.000127,1.001709e+02,6.57232481
6339,0.000161,1.001578e+02,5.36529918
6340,0.000223,1.001463e+02,4.53499845
6341,0.000196,1.001443e+02,8.94210795
6342,0.000160,1.001265e+02,7.07076818
6343,0.002102,1.001123e+02,5.73286562
6344,0.000107,1.000999e+02,4.80526225
6345,0.000104,1.000887e+02,4.18687897
6346,0.000099,1.000804e+02,7.61891504
6347,0.000105,1.000648e+02,6.13860609
6348,0.000101,1.000515e+02,5.10464947
6349,0.000101,1.000396e+02,4.40918339
6350,0.000108,1.000324e+02,8.22073482
6351,0.000103,1.000152e+02,6.58535226
6352,0.000103,1.000009e+02,5.43512851
6353,0.000089,9.998802e+01,4.65472859
6354,0.000110,9.998234e+01,8.88036692
6355,0.000105,9.996337e+01,7.07602997
6356,0.000106,9.994771e+01,5.79866773
6357,0.000147,9.993391e+01,4.92468897
6358,0.000108,9.993011e+01,9.60229178
6359,0.000112,9.990905e+01,7.61374514
6360,0.000099,9.989195e+01,6.19727343
6361,0.000096,9.987707e+01,5.22014966
6362,0.000110,9.987565e+01,10.39136280
6363,0.000097,9.985220e+01,8.20181869
6364,0.000098,9.983347e+01,6.63302554
6365,0.000106,9.981740e+01,5.54213933
6366,0.000097,9.980281e+01,4.81225062
6367,0.000100,9.979282e+01,8.84384499
6368,0.000105,9.977227e+01,7.10817685
6369,0.000103,9.975491e+01,5.89174532
6370,0.000098,9.973932e+01,5.06968625
6371,0.000103,9.973104e+01,9.54393864
6372,0.000098,9.970846e+01,7.62526472
6373,0.000099,9.968970e+01,6.27018621
6374,0.000096,9.967308e+01,5.34514831
6375,0.000103,9.966714e+01,10.30654639
6376,0.000101,9.964231e+01,8.18717361
6377,0.000109,9.962206e+01,6.67901273
6378,0.000142,9.960439e+01,5.63897105
6379,0.000114,9.960159e+01,11.13682899
6380,0.000114,9.957429e+01,8.79743209
6381,0.000133,9.955245e+01,7.12039474
6382,0.000141,9.953373e+01,5.95210067
6383,0.000137,9.951677e+01,5.16689382
6384,0.002136,9.950504e+01,9.46042182
6385,0.000104,9.948154e+01,7.59743893
6386,0.000108,9.946178e+01,6.28650451
6387,0.000105,9.944417e+01,5.39404000
6388,0.000103,9.943542e+01,10.18178084
6389,0.000098,9.941017e+01,8.11446536
6390,0.000103,9.938941e+01,6.64545685
6391,0.000100,9.937123e+01,5.63251585
6392,0.000098,9.936648e+01,10.96816530
6393,0.000106,9.933934e+01,8.67707462
6394,0.000101,9.931759e+01,7.03379264
6395,0.000104,9.929895e+01,5.88645255
6396,0.000108,9.928213e+01,5.11098586
6397,0.000106,9.927014e+01,9.29227949
6398,0.000152,9.924738e+01,7.45801905
6399,0.000149,9.922835e+01,6.16196676
6400,0.000126,9.921150e+01,5.27306539
6401,0.000107,9.920362e+01,9.96851825
6402,0.000103,9.917979e+01,7.92611052
6403,0.000105,9.916040e+01,6.46688642
6404,0.000103,9.914362e+01,5.45195468
6405,0.000096,9.914078e+01,10.71490893
6406,0.000102,9.911572e+01,8.44689425
6407,0.000099,9.909594e+01,6.81015575
6408,0.000099,9.907926e+01,5.65677702
6409,0.000104,9.906442e+01,4.86712097
6410,0.000098,9.905584e+01,9.02951089
6411,0.000100,9.903555e+01,7.20108280
6412,0.000102,9.901893e+01,5.89723199
6413,0.000097,9.900448e+01,4.99182357
6414,0.000103,9.900060e+01,9.68299394
6415,0.000106,9.897959e+01,7.64854368
6416,0.000100,9.896291e+01,6.18253046
6417,0.000100,9.894877e+01,5.15113852
6418,0.000103,9.893617e+01,4.44594176
6419,0.000097,9.892814e+01,8.16021682
6420,0.000100,9.891120e+01,6.52052899
6421,0.000112,9.889725e+01,5.35336174
6422,0.000139,9.888508e+01,4.54463372
6423,0.000125,9.888106e+01,8.74263687
6424,0.000116,9.886361e+01,6.91741611
6425,0.000127,9.884966e+01,5.60484971
6426,0.000131,9.883778e+01,4.68407703
6427,0.002361,9.882714e+01,4.05690259
6428,0.000113,9.881978e+01,7.37766169
6429,0.000112,9.880561e+01,5.90990998
6430,0.000107,9.879385e+01,4.86873442
6431,0.000103,9.878352e+01,4.15079306
6432,0.000101,9.877930e+01,7.90468499
6433,0.000102,9.876464e+01,6.27128220
6434,0.000104,9.875281e+01,5.10117236
6435,0.000103,9.874263e+01,4.28488382
6436,0.000101,9.874174e+01,8.50123967
6437,0.000105,9.872630e+01,6.69070069
6438,0.000108,9.871419e+01,5.38264180
6439,0.000143,9.870401e+01,4.46027875
6440,0.000159,9.869498e+01,3.82939391
6441,0.000140,9.869018e+01,7.16962629
6442,0.000126,9.867757e+01,5.71382881
6443,0.000106,9.866723e+01,4.67730413
6444,0.000103,9.865822e+01,3.96026962
6445,0.000100,9.865593e+01,7.70987014
6446,0.000098,9.864259e+01,6.09546628
6447,0.000108,9.863193e+01,4.93609860
6448,0.000099,9.862283e+01,4.12545892
6449,0.000233,9.861463e+01,3.57693558
6450,0.000120,9.860896e+01,6.52865882
6451,0.000101,9.859782e+01,5.23704352
6452,0.000098,9.858851e+01,4.32494688
6453,0.000098,9.858026e+01,3.70072033
6454,0.000103,9.857648e+01,7.01522997
6455,0.000103,9.856468e+01,5.58105046
6456,0.000102,9.855505e+01,4.55911594
6457,0.000105,9.854666e+01,3.85200086
6458,0.000095,9.854500e+01,7.55765426
6459,0.000099,9.853236e+01,5.96960981
6460,0.000105,9.852228e+01,4.82884669
6461,0.000099,9.851368e+01,4.03128733
6462,0.000107,9.850593e+01,3.49214463
6463,0.000138,9.850074e+01,6.40484183
6464,0.000121,9.849010e+01,5.13556367
6465,0.000114,9.848120e+01,4.23957372
6466,0.000127,9.847331e+01,3.62698059
6467,0.000150,9.846977e+01,6.88952572
6468,0.000222,9.845841e+01,5.48121086
6469,0.000209,9.844913e+01,4.47828652
6470,0.000177,9.844104e+01,3.78506922
6471,0.000116,9.843942e+01,7.42693226
6472,0.000121,9.842719e+01,5.86816550
6473,0.000146,9.841742e+01,4.74923046
6474,0.000158,9.840907e+01,3.96783393
6475,0.002099,9.840154e+01,3.44053845
6476,0.000109,9.839639e+01,6.29923688
6477,0.000102,9.838603e+01,5.05456791
6478,0.000108,9.837735e+01,4.17701230
6479,0.000102,9.836964e+01,3.57806233
6480,0.000103,9.836602e+01,6.77769595
6481,0.000096,9.835494e+01,5.39678907
6482,0.000086,9.834585e+01,4.41459525
6483,0.000082,9.833792e+01,3.73688640
6484,0.000087,9.833608e+01,7.30714752
6485,0.000085,9.832413e+01,5.77865529
6486,0.000087,9.831456e+01,4.68279463
6487,0.000087,9.830635e+01,3.91883787
6488,0.000107,9.829892e+01,3.40446622
6489,0.000118,9.829363e+01,6.20322969
6490,0.000101,9.828346e+01,4.98405223
6491,0.000098,9.827491e+01,4.12593718
6492,0.000108,9.826729e+01,3.54156531
6493,0.000099,9.826343e+01,6.67393592
6494,0.000102,9.825255e+01,5.32104029
6495,0.000105,9.824359e+01,4.36036718
6496,0.000099,9.823574e+01,3.69897892
6497,0.000097,9.823357e+01,7.19446409
6498,0.000109,9.822183e+01,5.69663325
6499,0.000099,9.821238e+01,4.62446571
6500,0.000096,9.820425e+01,3.87865832
6501,0.000104,9.820408e+01,7.76886994
6502,0.000098,9.819132e+01,6.11395829
6503,0.000098,9.818128e+01,4.92074367
6504,0.000102,9.817280e+01,4.08269268
6505,0.000116,9.816522e+01,3.51353264
6506,0.000132,9.816104e+01,6.57641323
6507,0.000117,9.815029e+01,5.25190798
6508,0.000126,9.814141e+01,4.31332314
6509,0.000136,9.813358e+01,3.66888092
6510,0.000124,9.813100e+01,7.08775636
6511,0.000128,9.811942e+01,5.62088102
6512,0.000120,9.811004e+01,4.57292540
6513,0.000111,9.810193e+01,3.84588923
6514,0.000107,9.810126e+01,7.65200283
6515,0.000105,9.808867e+01,6.03078016
6516,0.000119,9.807871e+01,4.86401840
6517,0.000111,9.807025e+01,4.04665968
6518,0.001654,9.806265e+01,3.49335469
6519,0.000089,9.805806e+01,6.48498338
6520,0.000093,9.804740e+01,5.18930647
6521,0.000083,9.803853e+01,4.27343741
6522,0.000083,9.803069e+01,3.64663009
6523,0.000087,9.802761e+01,6.98721512
6524,0.000089,9.801612e+01,5.55169954
6525,0.000093,9.800676e+01,4.52859618
6526,0.000090,9.799862e+01,3.82107851
6527,0.000090,9.799735e+01,7.54144937
6528,0.000087,9.798488e+01,5.95429486
6529,0.000095,9.797494e+01,4.81464726
6530,0.000092,9.796645e+01,4.01879687
6531,0.000092,9.795878e+01,3.48217516
6532,0.000125,9.795368e+01,6.40044094
6533,0.000116,9.794304e+01,5.13428026
6534,0.000122,9.793413e+01,4.24202097
6535,0.000199,9.792621e+01,3.63379669
6536,0.000197,9.792253e+01,6.89382108
6537,0.000200,9.791107e+01,5.49038391
6538,0.000177,9.790166e+01,4.49311298
6539,0.000136,9.789343e+01,3.80619735
6540,0.000132,9.789145e+01,7.43836325
6541,0.000135,9.787901e+01,5.88602943
6542,0.000152,9.786902e+01,4.77456961
6543,0.000138,9.786042e+01,4.00146179
6544,0.000146,9.785261e+01,3.48273824
6545,0.000190,9.784686e+01,6.32453182
6546,0.000208,9.783617e+01,5.08906091
6547,0.000127,9.782714e+01,4.22181085
6548,0.000146,9.781905e+01,3.63359611
6549,0.000159,9.781461e+01,6.80953119
6550,0.000148,9.780309e+01,5.43945120
6551,0.000131,9.779355e+01,4.46959073
6552,0.000129,9.778513e+01,3.80494098
6553,0.000145,9.778226e+01,7.34490810
6554,0.000128,9.776976e+01,5.82878324
6555,0.000128,9.775961e+01,4.74727969
6556,0.000144,9.775080e+01,3.99884040
6557,0.000131,9.774981e+01,7.93489534
6558,0.002105,9.773614e+01,6.26033913
6559,0.000107,9.772527e+01,5.05751591
6560,0.000100,9.771600e+01,4.21748338
6561,0.000132,9.770763e+01,3.65145325
6562,0.000119,9.770221e+01,6.73766309
6563,0.000116,9.769049e+01,5.40312609
6564,0.000116,9.768067e+01,4.46320093
6565,0.000116,9.767193e+01,3.82337164
6566,0.000119,9.766792e+01,7.26465893
6567,0.000111,9.765520e+01,5.78714931
6568,0.000109,9.764474e+01,4.73845257
6569,0.000114,9.763556e+01,4.01764626
6570,0.000114,9.763324e+01,7.84548130
6571,0.000116,9.761933e+01,6.21281504
6572,0.000165,9.760811e+01,5.04583557
6573,0.000153,9.759842e+01,4.23642456
6574,0.000145,9.759813e+01,8.48466609
6575,0.000132,9.758281e+01,6.68361241
6576,0.000142,9.757070e+01,5.38811620
6577,0.000136,9.756040e+01,4.48196979
6578,0.000127,9.755113e+01,3.87068826
6579,0.000137,9.754556e+01,7.20331101
6580,0.000130,9.753239e+01,5.76826054
6581,0.000132,9.752139e+01,4.75668439
6582,0.000136,9.751161e+01,4.06778950
6583,0.000130,9.750749e+01,7.77607214
6584,0.000128,9.749308e+01,6.18945633
6585,0.000137,9.748125e+01,5.06308797
6586,0.000174,9.747087e+01,4.28913186
6587,0.000191,9.746851e+01,8.40630541
6588,0.000137,9.745263e+01,6.65507825
6589,0.000115,9.743983e+01,5.40382339
6590,0.000114,9.742875e+01,4.53682680
6591,0.000129,9.742852e+01,9.09881867
6592,0.000225,9.741091e+01,7.16876259
6593,0.000201,9.739696e+01,5.78168608
6594,0.000205,9.738508e+01,4.81306013
6595,0.000192,9.737435e+01,4.16147989
6596,0.000187,9.736775e+01,7.73442159
6597,0.000179,9.735247e+01,6.19965170
6598,0.000184,9.733965e+01,5.12011166
6599,0.000179,9.732820e+01,4.38744405
6600,0.002053,9.732303e+01,8.35636742
6601,0.000095,9.730618e+01,6.66089022
6602,0.000083,9.729227e+01,5.46031616
6603,0.000083,9.728001e+01,4.63856922
6604,0.000082,9.727658e+01,9.03912514
6605,0.000082,9.725790e+01,7.16871381
6606,0.000084,9.724274e+01,5.83606361
6607,0.000082,9.722954e+01,4.91651623
6608,0.000084,9.722828e+01,9.78760758
6609,0.000086,9.720748e+01,7.72666030
6610,0.000082,9.719087e+01,6.24982960
6611,0.000089,9.717661e+01,5.22291158
6612,0.000086,9.716364e+01,4.53605707
6613,0.000085,9.715477e+01,8.33850972
6614,0.000127,9.713649e+01,6.70421408
6615,0.000101,9.712103e+01,5.55938347
6616,0.000097,9.710714e+01,4.78658148
6617,0.000102,9.709968e+01,9.00844588
6618,0.000098,9.707951e+01,7.20197635
6619,0.000103,9.706271e+01,5.92754357
6620,0.000102,9.704779e+01,5.05937119
6621,0.000105,9.704220e+01,9.74085407
6622,0.000097,9.701988e+01,7.74601535
6623,0.000105,9.700159e+01,6.32905263
6624,0.000100,9.698556e+01,5.35499925
6625,0.000103,9.698245e+01,10.54058216
6626,0.000126,9.695769e+01,8.33954105
6627,0.000127,9.693776e+01,6.76575668
6628,0.000116,9.692055e+01,5.67411062
6629,0.000120,9.690486e+01,4.94537111
6630,0.000134,9.689316e+01,8.98619495
6631,0.000159,9.687144e+01,7.23987529
6632,0.000197,9.685300e+01,6.01765590
6633,0.000199,9.683640e+01,5.19240087
6634,0.000174,9.682672e+01,9.69037218
6635,0.000133,9.680305e+01,7.75421542
6636,0.000151,9.678332e+01,6.38709907
6637,0.000134,9.676583e+01,5.45329652
6638,0.000139,9.675896e+01,10.45710420
6639,0.000127,9.673318e+01,8.31232743
6640,0.000129,9.671214e+01,6.78474246
6641,0.000121,9.669380e+01,5.72919811
6642,0.001952,9.669071e+01,11.29247794
6643,0.000104,9.666264e+01,8.91884911
6644,0.000101,9.664026e+01,7.21407933
6645,0.000111,9.662113e+01,6.02257024
6646,0.000099,9.660388e+01,5.21736214
6647,0.000101,9.659240e+01,9.57967932
6648,0.000093,9.656863e+01,7.68006941
6649,0.000087,9.654878e+01,6.33757635
6650,0.000081,9.653120e+01,5.41755082
6651,0.000084,9.652355e+01,10.30224806
6652,0.000086,9.649831e+01,8.18923803
6653,0.000085,9.647778e+01,6.68015713
6654,0.000084,9.645999e+01,5.63181947
6655,0.000111,9.645721e+01,11.09502377
6656,0.000135,9.643037e+01,8.74941167
6657,0.000101,9.640915e+01,7.05787706
6658,0.000097,9.639121e+01,5.86754556
6659,0.000101,9.637521e+01,5.05453340
6660,0.000096,9.636577e+01,9.36945465
6661,0.000102,9.634380e+01,7.47952759
6662,0.000101,9.632573e+01,6.13364139
6663,0.000096,9.630997e+01,5.20094187
6664,0.000098,9.630532e+01,10.05894255
6665,0.000109,9.628243e+01,7.95446036
6666,0.000100,9.626419e+01,6.43968485
6667,0.000098,9.624867e+01,5.37566426
6668,0.000101,9.623478e+01,4.64953793
6669,0.000104,9.622551e+01,8.49168663
6670,0.000125,9.620694e+01,6.79495034
6671,0.000124,9.619160e+01,5.58843210
6672,0.000116,9.617816e+01,4.75337023
6673,0.000121,9.617324e+01,9.09959749
6674,0.000131,9.615413e+01,7.20769938
6675,0.000189,9.613881e+01,5.84784761
6676,0.000223,9.612573e+01,4.89427582
6677,0.000182,9.612560e+01,9.78538685
6678,0.000182,9.610562e+01,7.68463056
6679,0.000139,9.609012e+01,6.16069258
6680,0.000130,9.607724e+01,5.07938800
6681,0.000135,9.606593e+01,4.33314807
6682,0.002026,9.606114e+01,8.23099549
6683,0.000105,9.604520e+01,6.53187275
6684,0.000101,9.603233e+01,5.31371510
6685,0.000100,9.602128e+01,4.46267861
6686,0.000100,9.602032e+01,8.85113497
6687,0.000102,9.600362e+01,6.96480088
6688,0.000103,9.599054e+01,5.60035122
6689,0.000110,9.597958e+01,4.63638914
6690,0.000102,9.596988e+01,3.97512411
6691,0.000097,9.596493e+01,7.46189292
6692,0.000088,9.595140e+01,5.94105707
6693,0.000085,9.594036e+01,4.85582198
6694,0.000083,9.593077e+01,4.10266887
6695,0.000086,9.592873e+01,8.02542667
6696,0.000119,9.591448e+01,6.33703421
6697,0.000103,9.590316e+01,5.12164021
6698,0.000098,9.589354e+01,4.26892764
6699,0.000108,9.588493e+01,3.68931646
6700,0.000097,9.587941e+01,6.78944772
6701,0.000102,9.586762e+01,5.43426479
6702,0.000102,9.585784e+01,4.47395197
6703,0.000096,9.584922e+01,3.81369858
6704,0.000099,9.584589e+01,7.30000071
6705,0.000097,9.583343e+01,5.79440042
6706,0.000105,9.582333e+01,4.71788980
6707,0.000100,9.581461e+01,3.96958327
6708,0.000100,9.581370e+01,7.87100584
6709,0.000109,9.580035e+01,6.20325794
6710,0.000098,9.578980e+01,5.00127708
6711,0.000101,9.578088e+01,4.15712314
6712,0.000106,9.577289e+01,3.58329180
6713,0.000109,9.576821e+01,6.66272317
6714,0.000135,9.575707e+01,5.32521534
6715,0.000123,9.574784e+01,4.37695159
6716,0.000113,9.573972e+01,3.72503565
6717,0.000121,9.573691e+01,7.17544706
6718,0.000173,9.572501e+01,5.69141342
6719,0.000226,9.571537e+01,4.63020139
6720,0.000201,9.570705e+01,3.89274002
6721,0.000170,9.570639e+01,7.74467886
6722,0.000117,9.569354e+01,6.10211895
6723,0.000141,9.568338e+01,4.91847832
6724,0.001997,9.567479e+01,4.08760351
6725,0.000136,9.566709e+01,3.52340582
6726,0.000102,9.566261e+01,6.56012031
6727,0.000102,9.565181e+01,5.24384684
6728,0.000102,9.564287e+01,4.31122763
6729,0.000097,9.563498e+01,3.67077245
6730,0.000104,9.563221e+01,7.06877037
6731,0.000103,9.562063e+01,5.60879009
6732,0.000103,9.561124e+01,4.56554457
6733,0.000102,9.560312e+01,3.84140262
6734,0.000109,9.560235e+01,7.63183018
6735,0.000090,9.558981e+01,6.01613575
6736,0.000085,9.557988e+01,4.85277348
6737,0.000113,9.557146e+01,4.03710649
6738,0.000112,9.556390e+01,3.48415857
6739,0.000100,9.555936e+01,6.46907920
6740,0.000099,9.554878e+01,5.17542160
6741,0.000103,9.553999e+01,4.25993542
6742,0.000095,9.553222e+01,3.63229676
6743,0.000108,9.552929e+01,6.97123825
6744,0.000104,9.551792e+01,5.53627509
6745,0.000098,9.550868e+01,4.51213885
6746,0.000097,9.550066e+01,3.80245012
6747,0.000103,9.549963e+01,7.52653887
6748,0.000099,9.548732e+01,5.93836087
6749,0.000102,9.547753e+01,4.79615204
6750,0.000101,9.546921e+01,3.99664376
6751,0.000095,9.546171e+01,3.45580599
6752,0.000099,9.545698e+01,6.38499607
6753,0.000106,9.544654e+01,5.11462267
6754,0.000105,9.543784e+01,4.21707304
6755,0.000098,9.543013e+01,3.60304432
6756,0.000100,9.542693e+01,6.87986147
6757,0.000128,9.541571e+01,5.47042258
6758,0.000124,9.540656e+01,4.46608168
6759,0.000113,9.539859e+01,3.77158403
6760,0.000127,9.539720e+01,7.42690931
6761,0.000122,9.538505e+01,5.86662692
6762,0.000162,9.537536e+01,4.74616424
6763,0.000152,9.536707e+01,3.96350914
6764,0.000157,9.535959e+01,3.43545275
6765,0.000145,9.535457e+01,6.30657236
6766,0.002049,9.534423e+01,5.06000148
6767,0.000110,9.533557e+01,4.18105109
6768,0.000103,9.532787e+01,3.58131893
6769,0.000100,9.532430e+01,6.79393525
6770,0.000112,9.531319e+01,5.41047889
6771,0.000104,9.530407e+01,4.42657464
6772,0.000096,9.529610e+01,3.74797711
6773,0.000099,9.529427e+01,7.33264955
6774,0.000101,9.528223e+01,5.80067180
6775,0.000107,9.527258e+01,4.70258409
6776,0.000106,9.526429e+01,3.93752138
6777,0.000102,9.525677e+01,3.42297424
6778,0.000103,9.525138e+01,6.23390441
6779,0.000152,9.524108e+01,5.01175986
6780,0.000124,9.523241e+01,4.15218587
6781,0.000097,9.522466e+01,3.56755476
6782,0.000100,9.522064e+01,6.71382761
6783,0.000104,9.520958e+01,5.35697868
6784,0.000100,9.520044e+01,4.39433349
6785,0.000095,9.519242e+01,3.73252808
6786,0.000104,9.519005e+01,7.24434304
6787,0.000098,9.517807e+01,5.74130080
6788,0.000100,9.516839e+01,4.66646244
6789,0.000110,9.516003e+01,3.91998275
6790,0.000097,9.515962e+01,7.82971084
6791,0.000096,9.514655e+01,6.16802958
6792,0.000099,9.513623e+01,4.97123344
6793,0.000110,9.512748e+01,4.13213345
6794,0.000097,9.511962e+01,3.56371863
6795,0.000105,9.511504e+01,6.64073655
6796,0.000109,9.510394e+01,5.31149909
6797,0.000099,9.509473e+01,4.37134127
6798,0.000102,9.508657e+01,3.72761700
6799,0.000107,9.508353e+01,7.16335592
6800,0.000102,9.507153e+01,5.69032823
6801,0.000115,9.506175e+01,4.64010142
6802,0.000134,9.505325e+01,3.91368286
6803,0.000116,9.505205e+01,7.74008653
6804,0.000115,9.503896e+01,6.11098933
6805,0.000130,9.502853e+01,4.94105496
6806,0.000171,9.501961e+01,4.12411580
6807,0.002217,9.501156e+01,3.57357449
6808,0.000105,9.500623e+01,6.57701813
6809,0.000103,9.499501e+01,5.27703301
6810,0.000104,9.498561e+01,4.36126037
6811,0.000104,9.497723e+01,3.73754653
6812,0.000106,9.497332e+01,7.09230613
6813,0.000102,9.496118e+01,5.65107923
6814,0.000100,9.495120e+01,4.62759418
6815,0.000107,9.494244e+01,3.92347084
6816,0.000100,9.494023e+01,7.66100593
6817,0.000099,9.492699e+01,6.06643282
6818,0.000102,9.491632e+01,4.92573749
6819,0.000105,9.490711e+01,4.13352606
6820,0.000148,9.490694e+01,8.28765375
6821,0.000137,9.489239e+01,6.52659526
6822,0.000141,9.488090e+01,5.25848437
6823,0.000171,9.487116e+01,4.37001692
6824,0.000129,9.486241e+01,3.76919317
6825,0.000113,9.485734e+01,7.03535466
6826,0.000115,9.484489e+01,5.62883503
6827,0.000098,9.483452e+01,4.63539853
6828,0.000097,9.482533e+01,3.95691263
6829,0.000106,9.482178e+01,7.59689205
6830,0.000098,9.480819e+01,6.04002038
6831,0.000102,9.479709e+01,4.93226004
6832,0.000111,9.478739e+01,4.16860554
6833,0.000098,9.478566e+01,8.21565767
6834,0.000096,9.477073e+01,6.49547654
6835,0.000104,9.475875e+01,5.26333546
6836,0.000102,9.474845e+01,4.40650771
6837,0.000096,9.473909e+01,3.83265955
6838,0.000096,9.473239e+01,6.99891689
6839,0.000103,9.471939e+01,5.63154958
6840,0.000103,9.470839e+01,4.67298359
6841,0.000100,9.469850e+01,4.02478407
6842,0.000104,9.469308e+01,7.55442808
6843,0.000101,9.467887e+01,6.04003643
6844,0.000123,9.466704e+01,4.97050519
6845,0.000132,9.465655e+01,4.24061770
6846,0.000117,9.465268e+01,8.16634704
6847,0.000120,9.463704e+01,6.49210848
6848,0.000134,9.462425e+01,5.30165370
6849,0.000183,9.461306e+01,4.48219679
6850,0.000226,9.461108e+01,8.83939375
6851,0.000199,9.459376e+01,6.99132243
6852,0.000129,9.457984e+01,5.66914312
6853,0.000123,9.456783e+01,4.75160934
6854,0.002132,9.455688e+01,4.13920597
6855,0.000104,9.454885e+01,7.54149304
6856,0.000107,9.453361e+01,6.07584298
6857,0.000103,9.452066e+01,5.05100744
6858,0.000098,9.450898e+01,4.36070801
6859,0.000101,9.450216e+01,8.14680459
6860,0.000105,9.448538e+01,6.52479162
6861,0.000104,9.447135e+01,5.38257158
6862,0.000102,9.445883e+01,4.60639268
6863,0.000102,9.445353e+01,8.81165147
6864,0.000093,9.443498e+01,7.01915279
6865,0.000085,9.441969e+01,5.74851053
6866,0.000091,9.440623e+01,4.87769005
6867,0.000115,9.440286e+01,9.54079754
6868,0.000107,9.438223e+01,7.56229481
6869,0.000100,9.436552e+01,6.15109378
6870,0.000104,9.435099e+01,5.17596521
6871,0.000098,9.435005e+01,10.33940716
6872,0.000098,9.432704e+01,8.15782112
6873,0.000104,9.430870e+01,6.59267887
6874,0.000101,9.429299e+01,5.50253835
6875,0.000103,9.427874e+01,4.77177606
6876,0.000099,9.426935e+01,8.80962072
6877,0.000105,9.424918e+01,7.07579487
6878,0.000098,9.423216e+01,5.85877728
6879,0.000099,9.421691e+01,5.03489041
6880,0.000102,9.420925e+01,9.52208864
6881,0.000097,9.418700e+01,7.60323100
6882,0.000096,9.416856e+01,6.24614291
6883,0.000104,9.415224e+01,5.31831006
6884,0.000098,9.414692e+01,10.29994195
6885,0.000102,9.412237e+01,8.17808057
6886,0.000111,9.410237e+01,6.66635519
6887,0.000115,9.408495e+01,5.62251817
6888,0.000136,9.408276e+01,11.14856955
6889,0.000127,9.405563e+01,8.80400657
6890,0.000126,9.403397e+01,7.12164337
6891,0.000120,9.401542e+01,5.94846513
6892,0.000158,9.399862e+01,5.15937473
6893,0.000171,9.398734e+01,9.48543808
6894,0.000153,9.396391e+01,7.61504184
6895,0.000140,9.394422e+01,6.29794611
6896,0.000119,9.392667e+01,5.40087638
6897,0.000120,9.391827e+01,10.22796399
6898,0.002038,9.389294e+01,8.15066581
6899,0.000107,9.387212e+01,6.67388654
6900,0.000097,9.385389e+01,5.65539446
6901,0.000105,9.384938e+01,11.03814966
6902,0.000105,9.382200e+01,8.73382911
6903,0.000103,9.380005e+01,7.08064765
6904,0.000102,9.378122e+01,5.92642043
6905,0.000102,9.376420e+01,5.14673040
6906,0.000102,9.375214e+01,9.37125514
6907,0.000103,9.372903e+01,7.52423862
6908,0.000106,9.370968e+01,6.21937856
6909,0.000096,9.369252e+01,5.32497010
6910,0.000090,9.368448e+01,10.07118654
6911,0.000093,9.366013e+01,8.01224305
6912,0.000111,9.364029e+01,6.54151275
6913,0.000111,9.362309e+01,5.51915299
6914,0.000099,9.362006e+01,10.84276439
6915,0.000115,9.359433e+01,8.55335065
6916,0.000105,9.357399e+01,6.90146784
6917,0.000107,9.355680e+01,5.73794487
6918,0.000098,9.354147e+01,4.94196282
6919,0.000111,9.353245e+01,9.15690138
6920,0.000101,9.351150e+01,7.30865050
6921,0.000102,9.349430e+01,5.99103626
6922,0.000105,9.347931e+01,5.07650693
6923,0.000099,9.347508e+01,9.83245901
6924,0.000099,9.345333e+01,7.77244085
6925,0.000105,9.343602e+01,6.28810824
6926,0.000097,9.342133e+01,5.24399423
6927,0.000098,9.340822e+01,4.53020959
6928,0.000104,9.339972e+01,8.30133979
6929,0.000159,9.338212e+01,6.63787205
6930,0.000143,9.336762e+01,5.45359040
6931,0.000140,9.335494e+01,4.63278397
6932,0.000119,9.335065e+01,8.90285256
6933,0.000118,9.333252e+01,7.04755876
6934,0.000126,9.331802e+01,5.71276493
6935,0.000145,9.330566e+01,4.77579376
6936,0.000148,9.329460e+01,4.13694774
6937,0.000124,9.328693e+01,7.52266953
6938,0.000121,9.327222e+01,6.02694283
6939,0.000133,9.326001e+01,4.96489594
6940,0.000151,9.324929e+01,4.23155309
6941,0.002054,9.324500e+01,8.06749931
6942,0.000103,9.322979e+01,6.39980234
6943,0.000098,9.321754e+01,5.20367381
6944,0.000100,9.320701e+01,4.36782915
6945,0.000112,9.320631e+01,8.68547341
6946,0.000101,9.319030e+01,6.83376096
6947,0.000102,9.317777e+01,5.49410644
6948,0.000103,9.316727e+01,4.54766301
6949,0.000103,9.315797e+01,3.89867972
6950,0.000102,9.315330e+01,7.33072798
6951,0.000090,9.314026e+01,5.83732386
6952,0.000086,9.312962e+01,4.77185000
6953,0.000084,9.312036e+01,4.03279789
6954,0.000087,9.311841e+01,7.89280297
6955,0.000138,9.310462e+01,6.23429425
6956,0.000100,9.309366e+01,5.04074935
6957,0.000098,9.308433e+01,4.20386506
6958,0.000101,9.307595e+01,3.63560935
6959,0.000099,9.307053e+01,6.68624485
6960,0.000104,9.305906e+01,5.35481435
6961,0.000101,9.304953e+01,4.41192268
6962,0.000099,9.304111e+01,3.76430030
6963,0.000098,9.303775e+01,7.19509416
6964,0.000111,9.302559e+01,5.71497268
6965,0.000100,9.301572e+01,4.65732867
6966,0.000096,9.300717e+01,3.92284007
6967,0.000104,9.300611e+01,7.76343764
6968,0.000097,9.299305e+01,6.12273976
6969,0.000098,9.298271e+01,4.94092884
6970,0.000099,9.297394e+01,4.11167850
6971,0.000106,9.296608e+01,3.54866672
6972,0.000101,9.296132e+01,6.58030912
6973,0.000098,9.295037e+01,5.26414722
6974,0.000112,9.294129e+01,4.33176989
6975,0.000118,9.293327e+01,3.69149171
6976,0.000134,9.293032e+01,7.09059934
6977,0.000121,9.291860e+01,5.62898120
6978,0.000121,9.290911e+01,4.58454227
6979,0.000125,9.290088e+01,3.85947066
6980,0.000191,9.290001e+01,7.65708701
6981,0.000227,9.288735e+01,6.03792091
6982,0.002138,9.287733e+01,4.87185148
6983,0.000107,9.286883e+01,4.05404747
6984,0.000102,9.286119e+01,3.49936340
6985,0.000106,9.285659e+01,6.49394891
6986,0.000102,9.284592e+01,5.19596235
6987,0.000100,9.283706e+01,4.27702215
6988,0.000098,9.282924e+01,3.64661687
6989,0.000098,9.282630e+01,7.00056842
6990,0.000105,9.281485e+01,5.55951518
6991,0.000103,9.280555e+01,4.53048473
6992,0.000103,9.279749e+01,3.81687182
6993,0.000103,9.279651e+01,7.56166697
6994,0.000102,9.278411e+01,5.96546467
6995,0.000107,9.277428e+01,4.81678050
6996,0.000164,9.276591e+01,4.01205810
6997,0.000115,9.275839e+01,3.46708079
6998,0.000102,9.275371e+01,6.41711079
6999,0.000118,9.274323e+01,5.13851858
7000,0.000100,9.273449e+01,4.23432362
7001,0.000104,9.272676e+01,3.61498929
7002,0.000104,9.272367e+01,6.91815872
7003,0.000098,9.271240e+01,5.49857051
7004,0.000098,9.270321e+01,4.48599939
7005,0.000097,9.269523e+01,3.78488799
7006,0.000107,9.269402e+01,7.47261893
7007,0.000102,9.268180e+01,5.90004093
7008,0.000103,9.267207e+01,4.76959300
7009,0.000102,9.266378e+01,3.97886677
7010,0.000097,9.265630e+01,3.44442927
7011,0.000096,9.265145e+01,6.34631999
7012,0.000106,9.264107e+01,5.08781823
7013,0.000098,9.263240e+01,4.19918001
7014,0.000096,9.262471e+01,3.59171452
7015,0.000105,9.262136e+01,6.84115806
7016,0.000100,9.261021e+01,5.44361009
7017,0.000101,9.260109e+01,4.44822849
7018,0.000117,9.259313e+01,3.76038941
7019,0.000129,9.259158e+01,7.38858269
7020,0.000127,9.257950e+01,5.84010854
7021,0.000125,9.256983e+01,4.72856375
7022,0.000128,9.256156e+01,3.95258676
7023,0.000123,9.255408e+01,3.42941174
7024,0.000120,9.254895e+01,6.28071715
7025,0.000135,9.253864e+01,5.04292409
7026,0.000118,9.252998e+01,4.17058729
7027,0.000106,9.252228e+01,3.57574820
7028,0.002254,9.251859e+01,6.76918081
7029,0.000103,9.250751e+01,5.39425427
7030,0.000098,9.249840e+01,4.41680724
7031,0.000095,9.249042e+01,3.74304018
7032,0.000100,9.248846e+01,7.30951061
7033,0.000098,9.247644e+01,5.78569361
7034,0.000104,9.246679e+01,4.69380532
7035,0.000099,9.245849e+01,3.93342735
7036,0.000098,9.245095e+01,3.42234127
7037,0.000102,9.244546e+01,6.22063479
7038,0.000107,9.243516e+01,5.00431915
7039,0.000108,9.242647e+01,4.14919181
7040,0.000101,9.241869e+01,3.56790192
7041,0.000149,9.241457e+01,6.70280124
7042,0.000142,9.240349e+01,5.35128628
7043,0.000141,9.239434e+01,4.39274798
7044,0.000140,9.238628e+01,3.73408445
7045,0.000129,9.238380e+01,7.23617663
7046,0.000125,9.237180e+01,5.73783356
7047,0.000138,9.236209e+01,4.66664948
7048,0.000121,9.235370e+01,3.92302333
7049,0.000121,9.235317e+01,7.82511127
7050,0.000120,9.234007e+01,6.16733659
7051,0.000100,9.232971e+01,4.97361648
7052,0.000098,9.232091e+01,4.13698257
7053,0.000104,9.231301e+01,3.57052969
7054,0.000099,9.230831e+01,6.64344613
7055,0.000098,9.229717e+01,5.31656553
7056,0.000104,9.228790e+01,4.37837584
7057,0.000097,9.227969e+01,3.73630470
7058,0.000098,9.227653e+01,7.17018195
7059,0.000103,9.226446e+01,5.69863461
7060,0.000130,9.225462e+01,4.64975525
7061,0.000119,9.224605e+01,3.92458842
7062,0.000120,9.224474e+01,7.75184016
7063,0.000124,9.223156e+01,6.12316877
7064,0.000120,9.222105e+01,4.95382350
7065,0.000127,9.221205e+01,4.13763063
7066,0.000123,9.220392e+01,3.58791532
7067,0.000126,9.219846e+01,6.59378772
7068,0.000116,9.218714e+01,5.29347805
7069,0.002112,9.217764e+01,4.37782915
7070,0.000104,9.216916e+01,3.75455935
7071,0.000097,9.216512e+01,7.11447410
7072,0.000099,9.215286e+01,5.67183442
7073,0.000103,9.214275e+01,4.64771876
7074,0.000098,9.213388e+01,3.94356315
7075,0.000105,9.213154e+01,7.68948319
7076,0.000104,9.211815e+01,6.09221083
7077,0.000106,9.210734e+01,4.94998105
7078,0.000099,9.209799e+01,4.15715303
7079,0.000105,9.209769e+01,8.32346446
7080,0.000104,9.208296e+01,6.55819492
7081,0.000110,9.207131e+01,5.28747561
7082,0.000103,9.206141e+01,4.39768317
7083,0.000143,9.205251e+01,3.79646244
7084,0.000156,9.204724e+01,7.07366921
7085,0.000134,9.203459e+01,5.66327269
7086,0.000135,9.202404e+01,4.66765944
7087,0.000144,9.201468e+01,3.98826407
7088,0.000126,9.201092e+01,7.64291688
7089,0.000103,9.199710e+01,6.08067780
7090,0.000096,9.198578e+01,4.96972308
7091,0.000107,9.197587e+01,4.20452977
7092,0.000100,9.197393e+01,8.27050157
7093,0.000099,9.195872e+01,6.54320753
7094,0.000111,9.194649e+01,5.30666129
7095,0.000098,9.193595e+01,4.44752519
7096,0.000096,9.192636e+01,3.87284300
7097,0.000100,9.191935e+01,7.05466097
7098,0.000101,9.190605e+01,5.68145219
7099,0.000096,9.189477e+01,4.71963954
7100,0.000101,9.188462e+01,4.07006319
7101,0.000098,9.187886e+01,7.61921522
7102,0.000102,9.186430e+01,6.09728266
7103,0.000109,9.185216e+01,5.02336327
7104,0.000126,9.184137e+01,4.29140670
7105,0.000117,9.183714e+01,8.24130413
7106,0.000122,9.182110e+01,6.55751759
7107,0.000130,9.180794e+01,5.36128832
7108,0.000125,9.179640e+01,4.53888071
7109,0.004542,9.179405e+01,8.92575047
7110,0.000093,9.177626e+01,7.06576480
7111,0.000088,9.176192e+01,5.73613064
7112,0.000084,9.174952e+01,4.81452639
7113,0.000084,9.174947e+01,9.67778998
7114,0.000087,9.172963e+01,7.62589272
7115,0.000085,9.171391e+01,6.15073680
7116,0.000084,9.170052e+01,5.12040970
7117,0.000081,9.168841e+01,4.42744395
7118,0.000085,9.168105e+01,8.24205215
7119,0.000084,9.166373e+01,6.60811953
7120,0.000093,9.164919e+01,5.45864815
7121,0.000084,9.163620e+01,4.67857299
7122,0.000084,9.163037e+01,8.91882003
7123,0.000265,9.161120e+01,7.11147774
7124,0.000283,9.159536e+01,5.83137368
7125,0.000334,9.158138e+01,4.95502904
7126,0.000304,9.157750e+01,9.66099910
7127,0.000299,9.155619e+01,7.66415534
7128,0.000433,9.153887e+01,6.24075911
7129,0.000426,9.152380e+01,5.25799873
7130,0.000328,9.152243e+01,10.47383668
7131,0.000388,9.149865e+01,8.26976478
7132,0.000313,9.147967e+01,6.68909358
7133,0.000304,9.146338e+01,5.58864878
7134,0.000339,9.144859e+01,4.85125383
7135,0.000305,9.143861e+01,8.93225358
7136,0.000221,9.141776e+01,7.17889349
7137,0.000311,9.140015e+01,5.94825691
7138,0.000330,9.138435e+01,5.11502026
7139,0.000275,9.137624e+01,9.65615228
7140,0.000295,9.135330e+01,7.71302798
7141,0.000308,9.133427e+01,6.33830644
7142,0.000314,9.131743e+01,5.39773704
7143,0.000278,9.131188e+01,10.44642088
7144,0.000445,9.128662e+01,8.29480604
7145,0.000376,9.126607e+01,6.76071028
7146,0.000234,9.124817e+01,5.70004883
7147,0.000438,9.124605e+01,11.30882951
7148,0.000298,9.121823e+01,8.92828084
7149,0.002156,9.119606e+01,7.21811204
7150,0.000112,9.117711e+01,6.02334088
7151,0.000100,9.116000e+01,5.21743955
7152,0.000100,9.114884e+01,9.61846587
7153,0.000109,9.112496e+01,7.71420871
7154,0.000101,9.110498e+01,6.37015533
7155,0.000099,9.108722e+01,5.45158310
7156,0.000113,9.107937e+01,10.37171810
7157,0.000108,9.105368e+01,8.25400765
7158,0.000111,9.103268e+01,6.74445778
7159,0.000105,9.101437e+01,5.69931846
7160,0.000116,9.101089e+01,11.19548798
7161,0.000106,9.098324e+01,8.84386063
7162,0.000108,9.096122e+01,7.15184285
7163,0.000143,9.094246e+01,5.96557163
7164,0.000153,9.092561e+01,5.15977031
7165,0.000136,9.091473e+01,9.49153735
7166,0.000127,9.089165e+01,7.59956976
7167,0.000135,9.087249e+01,6.25725354
7168,0.000133,9.085564e+01,5.33195986
7169,0.000099,9.084922e+01,10.20617399
7170,0.000102,9.082498e+01,8.09627013
7171,0.000100,9.080543e+01,6.58287366
7172,0.000099,9.078864e+01,5.52500925
7173,0.000108,9.078765e+01,10.99749437
7174,0.000098,9.076205e+01,8.65127464
7175,0.000099,9.074205e+01,6.95185368
7176,0.000105,9.072533e+01,5.74856116
7177,0.000141,9.071055e+01,4.92010453
7178,0.000111,9.070350e+01,9.27406348
7179,0.000103,9.068288e+01,7.37374275
7180,0.000103,9.066616e+01,6.01254375
7181,0.000098,9.065174e+01,5.06213828
7182,0.000097,9.064969e+01,9.97388772
7183,0.000109,9.062821e+01,7.85745807
7184,0.000118,9.061134e+01,6.32611796
7185,0.000113,9.059719e+01,5.24315530
7186,0.000120,9.058466e+01,4.49835524
7187,0.001686,9.057806e+01,8.41063157
7188,0.000094,9.056082e+01,6.69692586
7189,0.000084,9.054678e+01,5.47116585
7190,0.000090,9.053463e+01,4.61693942
7191,0.000086,9.053227e+01,9.03979022
7192,0.000086,9.051436e+01,7.13092399
7193,0.000087,9.050022e+01,5.75214991
7194,0.000088,9.048830e+01,4.77957778
7195,0.000088,9.047770e+01,4.11307533
7196,0.000089,9.047158e+01,7.63247768
7197,0.000090,9.045710e+01,6.09011977
7198,0.000094,9.044522e+01,4.99033433
7199,0.000091,9.043487e+01,4.22733047
7200,0.000114,9.043207e+01,8.20510980
7201,0.000125,9.041696e+01,6.48770968
7202,0.000124,9.040491e+01,5.25152386
7203,0.000132,9.039466e+01,4.38397696
7204,0.000137,9.038547e+01,3.79358645
7205,0.000131,9.037936e+01,6.94677456
7206,0.000134,9.036693e+01,5.56437182
7207,0.000142,9.035660e+01,4.58400366
7208,0.000143,9.034751e+01,3.90895060
7209,0.000135,9.034392e+01,7.46919670
7210,0.000152,9.033086e+01,5.92976875
7211,0.000148,9.032030e+01,4.82780468
7212,0.000130,9.031118e+01,4.06043157
7213,0.000128,9.031030e+01,8.05719833
7214,0.000126,9.029638e+01,6.34875896
7215,0.000119,9.028540e+01,5.11573668
7216,0.000122,9.027613e+01,4.24803154
7217,0.000123,9.026786e+01,3.65652372
7218,0.000116,9.026321e+01,6.82293816
7219,0.000118,9.025165e+01,5.44854373
7220,0.000123,9.024211e+01,4.47201383
7221,0.000116,9.023374e+01,3.79869202
7222,0.000117,9.023118e+01,7.35469473
7223,0.000129,9.021884e+01,5.82757042
7224,0.000124,9.020891e+01,4.73310011
7225,0.000120,9.020036e+01,3.97022879
7226,0.000128,9.020017e+01,7.94711597
7227,0.001998,9.018685e+01,6.25478474
7228,0.000093,9.017638e+01,5.03254707
7229,0.000091,9.016757e+01,4.17196006
7230,0.000084,9.015971e+01,3.58534041
7231,0.000090,9.015557e+01,6.73281920
7232,0.000100,9.014443e+01,5.37218014
7233,0.000101,9.013526e+01,4.40520861
7234,0.000103,9.012722e+01,3.73858490
7235,0.000098,9.012496e+01,7.26500063
7236,0.000101,9.011299e+01,5.75436290
7237,0.000097,9.010336e+01,4.67173356
7238,0.000100,9.009508e+01,3.91734361
7239,0.000099,9.009501e+01,7.85517787
7240,0.000102,9.008202e+01,6.18191262
7241,0.000153,9.007182e+01,4.97368043
7242,0.000130,9.006323e+01,4.12332464
7243,0.000129,9.005555e+01,3.54416888
7244,0.000121,9.005151e+01,6.65811018
7245,0.000124,9.004061e+01,5.31357032
7246,0.000131,9.003163e+01,4.35855457
7247,0.000116,9.002374e+01,3.70075498
7248,0.000117,9.002147e+01,7.18674231
7249,0.000126,9.000972e+01,5.69427614
7250,0.000120,9.000026e+01,4.62531974
7251,0.000126,8.999211e+01,3.88115166
7252,0.000131,8.999192e+01,7.77197020
7253,0.000121,8.997915e+01,6.11897148
7254,0.000125,8.996911e+01,4.92614326
7255,0.000128,8.996063e+01,4.08744264
7256,0.000121,8.995304e+01,3.51699505
7257,0.000118,8.994892e+01,6.59117421
7258,0.000119,8.993817e+01,5.26380550
7259,0.000130,8.992929e+01,4.32191735
7260,0.000120,8.992147e+01,3.67404846
7261,0.000127,8.991904e+01,7.11481752
7262,0.000130,8.990744e+01,5.64135019
7263,0.000115,8.989807e+01,4.58704148
7264,0.000101,8.988998e+01,3.85408544
7265,0.000113,8.988956e+01,7.69414899
7266,0.000098,8.987694e+01,6.06205985
7267,0.002008,8.986699e+01,4.88545765
7268,0.000161,8.985856e+01,4.05930767
7269,0.000178,8.985101e+01,3.49840804
7270,0.000125,8.984669e+01,6.52951606
7271,0.000128,8.983604e+01,5.22002252
7272,0.000111,8.982720e+01,4.29208270
7273,0.000105,8.981941e+01,3.65496705
7274,0.000098,8.981672e+01,7.04768141
7275,0.000096,8.980522e+01,5.59382517
7276,0.000095,8.979589e+01,4.55492740
7277,0.000098,8.978781e+01,3.83399610
7278,0.000098,8.978706e+01,7.62081177
7279,0.000103,8.977455e+01,6.01017245
7280,0.000097,8.976463e+01,4.85051660
7281,0.000139,8.975621e+01,4.03772842
7282,0.000133,8.974864e+01,3.48716767
7283,0.000127,8.974404e+01,6.47265328
7284,0.000126,8.973343e+01,5.18172432
7285,0.000130,8.972459e+01,4.26855086
7286,0.000129,8.971677e+01,3.64302752
7287,0.000126,8.971373e+01,6.98522254
7288,0.000216,8.970228e+01,5.55164573
7289,0.000127,8.969294e+01,4.52899171
7290,0.000129,8.968483e+01,3.82098002
7291,0.000120,8.968365e+01,7.55211965
7292,0.000126,8.967119e+01,5.96358545
7293,0.000130,8.966127e+01,4.82173090
7294,0.000120,8.965279e+01,4.02326332
7295,0.000126,8.964515e+01,3.48398375
7296,0.000128,8.964018e+01,6.42112182
7297,0.000106,8.962955e+01,5.14964121
7298,0.000101,8.962065e+01,4.25226505
7299,0.000106,8.961275e+01,3.63938857
7300,0.000098,8.960926e+01,6.92818987
7301,0.000104,8.959779e+01,5.51581101
7302,0.000098,8.958839e+01,4.51051186
7303,0.000105,8.958018e+01,3.81659959
7304,0.000100,8.957846e+01,7.48900428
7305,0.000102,8.956599e+01,5.92353380
7306,0.001724,8.955599e+01,4.80067938
7307,0.000123,8.954740e+01,4.01785057
7308,0.000108,8.953962e+01,3.49113780
7309,0.000118,8.953414e+01,6.37637092
7310,0.000109,8.952342e+01,5.12563230
7311,0.000098,8.951440e+01,4.24552273
7312,0.000094,8.950633e+01,3.64677514
7313,0.000099,8.950225e+01,6.87823333
7314,0.000094,8.949068e+01,5.48844728
7315,0.000095,8.948113e+01,4.50213540
7316,0.000098,8.947273e+01,3.82402293
7317,0.000102,8.947032e+01,7.43330790
7318,0.000100,8.945774e+01,5.89240288
7319,0.000134,8.944757e+01,4.79035515
7320,0.000141,8.943878e+01,4.02510516
7321,0.000122,8.943838e+01,8.04616939
7322,0.000123,8.942458e+01,6.34104230
7323,0.000120,8.941367e+01,5.11302552
7324,0.000124,8.940441e+01,4.25237953
7325,0.000121,8.939608e+01,3.66993754
7326,0.000122,8.939118e+01,6.83820124
7327,0.000129,8.937940e+01,5.47319911
7328,0.000122,8.936958e+01,4.50835995
7329,0.000119,8.936088e+01,3.84857566
7330,0.000134,8.935753e+01,7.38810686
7331,0.000121,8.934470e+01,5.87416400
7332,0.000120,8.933422e+01,4.79570500
7333,0.000126,8.932508e+01,4.05094044
7334,0.000121,8.932359e+01,7.99527865
7335,0.000120,8.930952e+01,6.31942796
7336,0.000129,8.929826e+01,5.11723108
7337,0.000124,8.928860e+01,4.27936048
7338,0.000124,8.927985e+01,3.71640707
7339,0.000109,8.927380e+01,6.81278884
7340,0.000101,8.926162e+01,5.47595838
7341,0.000103,8.925135e+01,4.53631261
7342,0.000096,8.924216e+01,3.89852798
7343,0.001505,8.923748e+01,7.35842672
7344,0.000090,8.922421e+01,5.87513379
7345,0.000083,8.921321e+01,4.82440851
7346,0.000080,8.920351e+01,4.10432038
7347,0.000080,8.920050e+01,7.96080524
7348,0.000082,8.918592e+01,6.31821209
7349,0.000078,8.917408e+01,5.14640257
7350,0.000084,8.916378e+01,4.33603129
7351,0.000095,8.916276e+01,8.62479805
7352,0.000095,8.914665e+01,6.80892298
7353,0.000089,8.913380e+01,5.50522103
7354,0.000091,8.912281e+01,4.59601376
7355,0.000119,8.911285e+01,3.98518087
7356,0.000100,8.910628e+01,7.35129359
7357,0.000130,8.909225e+01,5.90399134
7358,0.000128,8.908043e+01,4.88674590
7359,0.000127,8.906986e+01,4.19685202
7360,0.000120,8.906467e+01,7.94975624
7361,0.000116,8.904925e+01,6.34606171
7362,0.000125,8.903648e+01,5.21080554
7363,0.000114,8.902519e+01,4.43394841
7364,0.000121,8.902171e+01,8.60901369
7365,0.000119,8.900465e+01,6.83496786
7366,0.000120,8.899075e+01,5.57087299
7367,0.000116,8.897864e+01,4.69849868
7368,0.000125,8.897725e+01,9.33418536
7369,0.000116,8.895826e+01,7.37450488
7370,0.000120,8.894307e+01,5.96975697
7371,0.000117,8.893001e+01,4.99255630
7372,0.000126,8.891813e+01,4.33856819
7373,0.000117,8.890994e+01,7.96874452
7374,0.000122,8.889323e+01,6.41042348
7375,0.000135,8.887908e+01,5.31821895
7376,0.000118,8.886636e+01,4.58049108
7377,0.000133,8.885952e+01,8.62216205
7378,0.000128,8.884106e+01,6.89601465
7379,0.000124,8.882567e+01,5.67759582
7380,0.000161,8.881199e+01,4.84719014
7381,0.001600,8.880692e+01,9.33946721
7382,0.000085,8.878643e+01,7.42981504
7383,0.000082,8.876963e+01,6.07282924
7384,0.000082,8.875489e+01,5.13984455
7385,0.000088,8.875208e+01,10.12579835
7386,0.000083,8.872926e+01,8.01536242
7387,0.000084,8.871086e+01,6.50616245
7388,0.000083,8.869495e+01,5.45959793
7389,0.000080,8.868043e+01,4.76168211
7390,0.000085,8.866955e+01,8.65651261
7391,0.000083,8.864937e+01,6.98004170
7392,0.000081,8.863219e+01,5.80767612
7393,0.000082,8.861668e+01,5.01755543
7394,0.000084,8.860746e+01,9.35766514
7395,0.000111,8.858529e+01,7.49723643
7396,0.000107,8.856673e+01,6.18548098
7397,0.000095,8.855020e+01,5.29193561
7398,0.000103,8.854329e+01,10.12364640
7399,0.000097,8.851889e+01,8.06093345
7400,0.000111,8.849886e+01,6.59480555
7401,0.000118,8.848130e+01,5.58534436
7402,0.000109,8.847751e+01,10.96006148
7403,0.000116,8.845067e+01,8.67502735
7404,0.000130,8.842908e+01,7.03812774
7405,0.000123,8.841049e+01,5.89898389
7406,0.000117,8.839359e+01,5.13423850
7407,0.000125,8.838130e+01,9.34434284
7408,0.000121,8.835807e+01,7.51893406
7409,0.000116,8.833845e+01,6.23515165
7410,0.000117,8.832091e+01,5.36171635
7411,0.000126,8.831165e+01,10.07500750
7412,0.000117,8.828668e+01,8.04199304
7413,0.000119,8.826607e+01,6.59753586
7414,0.000120,8.824799e+01,5.60167958
7415,0.000121,8.824277e+01,10.87427026
7416,0.000117,8.821593e+01,8.61343270
7417,0.000120,8.819434e+01,6.99145806
7418,0.000125,8.817580e+01,5.85870844
7419,0.000118,8.815904e+01,5.09277675
7420,0.001873,8.814690e+01,9.24083598
7421,0.000093,8.812431e+01,7.42394916
7422,0.000084,8.810539e+01,6.13941188
7423,0.000079,8.808862e+01,5.25773665
7424,0.000083,8.808068e+01,9.93320145
7425,0.000089,8.805700e+01,7.90350447
7426,0.000082,8.803771e+01,6.45211648
7427,0.000086,8.802101e+01,5.44157978
7428,0.000082,8.801823e+01,10.70022808
7429,0.000081,8.799328e+01,8.43945336
7430,0.000084,8.797359e+01,6.80622816
7431,0.000084,8.795698e+01,5.65386663
7432,0.000081,8.794221e+01,4.86371260
7433,0.000104,8.793383e+01,9.04139066
7434,0.000110,8.791359e+01,7.21144244
7435,0.000098,8.789702e+01,5.90465220
7436,0.000101,8.788263e+01,4.99566112
7437,0.000103,8.787907e+01,9.71874031
7438,0.000100,8.785806e+01,7.67694078
7439,0.000098,8.784140e+01,6.20340683
7440,0.000103,8.782730e+01,5.16482085
7441,0.000096,8.781474e+01,4.45321972
7442,0.000097,8.780705e+01,8.21067333
7443,0.000106,8.779009e+01,6.55817343
7444,0.000098,8.777615e+01,5.37963253
7445,0.000102,8.776400e+01,4.56118366
7446,0.000096,8.776043e+01,8.81943234
7447,0.000104,8.774288e+01,6.97529139
7448,0.000097,8.772891e+01,5.64654160
7449,0.000113,8.771703e+01,4.71221104
7450,0.000121,8.770641e+01,4.07412191
7451,0.000109,8.769944e+01,7.45941953
7452,0.000117,8.768518e+01,5.96995010
7453,0.000127,8.767338e+01,4.91081057
7454,0.000122,8.766305e+01,4.17841028
7455,0.000121,8.765933e+01,8.01423064
7456,0.000124,8.764451e+01,6.35274160
7457,0.000122,8.763260e+01,5.15962559
7458,0.000120,8.762239e+01,4.32481744
7459,0.000125,8.762214e+01,8.64284312
7460,0.001950,8.760646e+01,6.79688568
7461,0.000101,8.759422e+01,5.46005423
7462,0.000103,8.758397e+01,4.51454683
7463,0.000101,8.757491e+01,3.86554099
7464,0.000104,8.757062e+01,7.30417765
7465,0.000101,8.755781e+01,5.81301375
7466,0.000096,8.754737e+01,4.74809211
7467,0.000082,8.753830e+01,4.00868433
7468,0.000084,8.753666e+01,7.87684972
7469,0.000082,8.752304e+01,6.21954667
7470,0.000085,8.751223e+01,5.02582525
7471,0.000084,8.750304e+01,4.18800876
7472,0.000084,8.749480e+01,3.61861850
7473,0.000112,8.748963e+01,6.68114394
7474,0.000108,8.747827e+01,5.34842264
7475,0.000102,8.746884e+01,4.40373818
7476,0.000094,8.746052e+01,3.75425620
7477,0.000101,8.745738e+01,7.20007383
7478,0.000099,8.744529e+01,5.71713845
7479,0.000099,8.743549e+01,4.65652987
7480,0.000102,8.742701e+01,3.91923171
7481,0.000099,8.742617e+01,7.77931578
7482,0.000099,8.741314e+01,6.13385071
7483,0.000106,8.740284e+01,4.94757057
7484,0.000100,8.739412e+01,4.11431265
7485,0.000143,8.738630e+01,3.54793950
7486,0.000112,8.738172e+01,6.60110974
7487,0.000120,8.737079e+01,5.27861965
7488,0.000104,8.736172e+01,4.34076783
7489,0.000105,8.735374e+01,3.69594183
7490,0.000105,8.735097e+01,7.12216655
7491,0.000100,8.733925e+01,5.65198359
7492,0.000098,8.732975e+01,4.60031392
7493,0.000103,8.732153e+01,3.86928668
7494,0.000109,8.732089e+01,7.70081312
7495,0.000104,8.730818e+01,6.07043574
7496,0.000106,8.729814e+01,4.89506532
7497,0.000102,8.728963e+01,4.06965620
7498,0.000108,8.728200e+01,3.50896694
7499,0.000112,8.727758e+01,6.53722118
7500,0.000107,8.726687e+01,5.22751914
7501,0.001690,8.725799e+01,4.29906008
7502,0.000087,8.725016e+01,3.66111377
7503,0.000083,8.724744e+01,7.05609238
7504,0.000087,8.723592e+01,5.60052960
7505,0.000089,8.722658e+01,4.55977658
7506,0.000087,8.721849e+01,3.83685822
7507,0.000090,8.721779e+01,7.63118764
7508,0.000103,8.720528e+01,6.01725832
7509,0.000095,8.719539e+01,4.85432657
7510,0.000094,8.718698e+01,4.03828415
7511,0.000102,8.717945e+01,3.48457637
7512,0.000109,8.717498e+01,6.48121319
7513,0.000107,8.716441e+01,5.18548977
7514,0.000108,8.715562e+01,4.26768488
7515,0.000183,8.714786e+01,3.63778226
7516,0.000144,8.714504e+01,6.99631434
7517,0.000135,8.713364e+01,5.55630974
7518,0.000129,8.712439e+01,4.52753395
7519,0.000137,8.711636e+01,3.81377415
7520,0.000110,8.711548e+01,7.56680351
7521,0.000099,8.710310e+01,5.97007171
7522,0.000106,8.709328e+01,4.82048411
7523,0.000102,8.708493e+01,4.01476448
7524,0.000099,8.707742e+01,3.46891640
7525,0.000113,8.707281e+01,6.43035965
7526,0.000101,8.706231e+01,5.14940134
7527,0.000099,8.705356e+01,4.24313289
7528,0.000102,8.704582e+01,3.62213821
7529,0.000097,8.704279e+01,6.94113456
7530,0.000098,8.703147e+01,5.51738332
7531,0.000107,8.702225e+01,4.50141063
7532,0.000097,8.701423e+01,3.79766618
7533,0.000098,8.701308e+01,7.50665666
7534,0.000106,8.700078e+01,5.92774736
7535,0.000105,8.699099e+01,4.79228823
7536,0.000099,8.698263e+01,3.99774853
7537,0.000097,8.697510e+01,3.46058156
7538,0.000107,8.697025e+01,6.38409245
7539,0.000106,8.695978e+01,5.11865450
7540,0.000098,8.695102e+01,4.22478804
7541,0.000103,8.694325e+01,3.61357261
7542,0.001722,8.693992e+01,6.89037998
7543,0.000093,8.692863e+01,5.48361865
7544,0.000092,8.691939e+01,4.48133089
7545,0.000093,8.691133e+01,3.78853003
7546,0.000098,8.690981e+01,7.45086179
7547,0.000095,8.689754e+01,5.89050142
7548,0.000101,8.688772e+01,4.77007627
7549,0.000098,8.687932e+01,3.98770942
7550,0.000099,8.687172e+01,3.46018735
7551,0.000097,8.686653e+01,6.34289725
7552,0.000100,8.685603e+01,5.09391575
7553,0.000102,8.684721e+01,4.21351687
7554,0.000097,8.683935e+01,3.61315648
7555,0.000146,8.683561e+01,6.84475486
7556,0.000141,8.682429e+01,5.45595634
7557,0.000164,8.681497e+01,4.46849965
7558,0.000138,8.680681e+01,3.78784269
7559,0.000120,8.680481e+01,7.40030858
7560,0.000126,8.679251e+01,5.85951255
7561,0.000127,8.678261e+01,4.75535568
7562,0.000126,8.677408e+01,3.98649919
7563,0.000121,8.676634e+01,3.46991628
7564,0.000130,8.676068e+01,6.30816759
7565,0.000129,8.675008e+01,5.07697212
7566,0.000126,8.674113e+01,4.21152799
7567,0.000129,8.673311e+01,3.62351064
7568,0.000110,8.672883e+01,6.80585269
7569,0.000096,8.671739e+01,5.43644851
7570,0.000104,8.670792e+01,4.46547160
7571,0.000098,8.669958e+01,3.79866167
7572,0.000097,8.669694e+01,7.35678133
7573,0.000095,8.668450e+01,5.83708915
7574,0.000107,8.667443e+01,4.75102182
7575,0.000099,8.666569e+01,3.99761483
7576,0.000096,8.666503e+01,7.96555741
7577,0.000106,8.665141e+01,6.28246440
7578,0.000099,8.664061e+01,5.07104878
7579,0.000097,8.663141e+01,4.22275180
7580,0.000109,8.662313e+01,3.64923996
7581,0.001514,8.661808e+01,6.77643957
7582,0.000093,8.660642e+01,5.42863263
7583,0.000090,8.659668e+01,4.47661181
7584,0.000085,8.658803e+01,3.82615693
7585,0.000087,8.658451e+01,7.32327122
7586,0.000084,8.657182e+01,5.82709043
7587,0.000090,8.656143e+01,4.76188157
7588,0.000100,8.655235e+01,4.02680422
7589,0.000111,8.655067e+01,7.92751682
7590,0.000145,8.653675e+01,6.26996331
7591,0.000157,8.652560e+01,5.08140841
7592,0.000114,8.651601e+01,4.25353778
7593,0.000112,8.650731e+01,3.69767896
7594,0.000123,8.650117e+01,6.76108564
7595,0.000184,8.648910e+01,5.43824527
7596,0.000158,8.647891e+01,4.50886401
7597,0.000148,8.646978e+01,3.87839421
7598,0.000131,8.646500e+01,7.30467494
7599,0.000130,8.645186e+01,5.83567417
7600,0.000133,8.644096e+01,4.79542776
7601,0.000121,8.643133e+01,4.08282440
7602,0.000126,8.642819e+01,7.90524149
7603,0.000115,8.641376e+01,6.27719040
7604,0.000116,8.640202e+01,5.11602065
7605,0.000131,8.639180e+01,4.31325027
7606,0.000115,8.639067e+01,8.56771126
7607,0.000113,8.637472e+01,6.76656860
7608,0.000124,8.636198e+01,5.47361012
7609,0.000117,8.635108e+01,4.57206336
7610,0.000119,8.634119e+01,3.96649203
7611,0.000124,8.633459e+01,7.30788677
7612,0.000117,8.632070e+01,5.87136909
7613,0.000125,8.630898e+01,4.86178476
7614,0.000127,8.629849e+01,4.17714042
7615,0.000117,8.629328e+01,7.90563190
7616,0.000128,8.627800e+01,6.31269666
7617,0.000121,8.626534e+01,5.18504197
7618,0.000127,8.625414e+01,4.41336703
7619,0.001572,8.625064e+01,8.56457411
7620,0.000085,8.623374e+01,6.80118831
7621,0.000082,8.621997e+01,5.54457245
7622,0.000080,8.620796e+01,4.67725751
7623,0.000082,8.620655e+01,9.28990924
7624,0.000081,8.618773e+01,7.34070676
7625,0.000084,8.617267e+01,5.94324973
7626,0.000083,8.615973e+01,4.97093104
7627,0.000080,8.614796e+01,4.32004244
7628,0.000088,8.613983e+01,7.93540101
7629,0.000083,8.612327e+01,6.38411258
7630,0.000092,8.610925e+01,5.29655923
7631,0.000102,8.609663e+01,4.56173759
7632,0.000098,8.608989e+01,8.58982971
7633,0.000150,8.607158e+01,6.87038379
7634,0.000131,8.605632e+01,5.65633427
7635,0.000116,8.604276e+01,4.82860531
7636,0.000122,8.603778e+01,9.30880065
7637,0.000121,8.601745e+01,7.40543841
7638,0.000120,8.600079e+01,6.05248896
7639,0.000113,8.598618e+01,5.12192023
7640,0.000111,8.598347e+01,10.09755844
7641,0.000105,8.596081e+01,7.99291024
7642,0.000112,8.594256e+01,6.48736022
7643,0.000105,8.592677e+01,5.44292343
7644,0.000103,8.591236e+01,4.74613619
7645,0.000116,8.590165e+01,8.63675375
7646,0.000138,8.588160e+01,6.96348547
7647,0.000126,8.586454e+01,5.79293192
7648,0.000125,8.584914e+01,5.00373118
7649,0.000125,8.584008e+01,9.34146066
7650,0.000116,8.581803e+01,7.48371512
7651,0.000115,8.579958e+01,6.17342337
7652,0.000126,8.578316e+01,5.28058205
7653,0.000122,8.577639e+01,10.11194586
7654,0.000149,8.575210e+01,8.05130097
7655,0.000129,8.573217e+01,6.58623968
7656,0.000130,8.571469e+01,5.57724960
7657,0.000134,8.571103e+01,10.95388845
7658,0.001982,8.568427e+01,8.67017679
7659,0.000100,8.566274e+01,7.03386937
7660,0.000104,8.564421e+01,5.89492473
7661,0.000095,8.562736e+01,5.13025739
7662,0.000084,8.561516e+01,9.34517837
7663,0.000082,8.559196e+01,7.51976613
7664,0.000091,8.557237e+01,6.23583502
7665,0.000080,8.555485e+01,5.36230132
7666,0.000084,8.554564e+01,10.08241490
7667,0.000083,8.552066e+01,8.04862554
7668,0.000084,8.550003e+01,6.60354469
7669,0.000084,8.548193e+01,5.60732371
7670,0.000084,8.547673e+01,10.88911121
7671,0.000087,8.544982e+01,8.62648403
7672,0.000092,8.542817e+01,7.00321929
7673,0.000122,8.540957e+01,5.86969113
7674,0.000099,8.539275e+01,5.10345524
7675,0.000107,8.538054e+01,9.26084316
7676,0.000116,8.535784e+01,7.44173863
7677,0.000126,8.533881e+01,6.15579602
7678,0.000115,8.532194e+01,5.27340047
7679,0.000130,8.531390e+01,9.96066231
7680,0.000136,8.529007e+01,7.92749680
7681,0.000145,8.527064e+01,6.47380153
7682,0.000153,8.525380e+01,5.46190155
7683,0.000143,8.525092e+01,10.73568437
7684,0.000124,8.522577e+01,8.46981759
7685,0.000130,8.520590e+01,6.83305810
7686,0.000112,8.518913e+01,5.67841344
7687,0.000115,8.517420e+01,4.88691520
7688,0.000124,8.516566e+01,9.07840557
7689,0.000109,8.514522e+01,7.24334235
7690,0.000111,8.512847e+01,5.93304066
7691,0.000121,8.511390e+01,5.02175900
7692,0.000113,8.511021e+01,9.76289821
7693,0.000115,8.508897e+01,7.71404519
7694,0.000122,8.507212e+01,6.23545669
7695,0.000115,8.505785e+01,5.19336116
7696,0.000121,8.504513e+01,4.47938269
7697,0.000125,8.503728e+01,8.25341815
7698,0.000119,8.502012e+01,6.59401880
7699,0.001933,8.500601e+01,5.41048466
7700,0.000091,8.499371e+01,4.58848353
7701,0.000084,8.499005e+01,8.86858681
7702,0.000084,8.497229e+01,7.01542295
7703,0.000083,8.495814e+01,5.67995571
7704,0.000083,8.494612e+01,4.74068667
7705,0.000082,8.493536e+01,4.09900070
7706,0.000082,8.492831e+01,7.50466502
7707,0.000083,8.491388e+01,6.00653900
7708,0.000084,8.490195e+01,4.94088790
7709,0.000081,8.489149e+01,4.20363818
7710,0.000087,8.488776e+01,8.06569516
7711,0.000084,8.487277e+01,6.39341089
7712,0.000111,8.486073e+01,5.19204581
7713,0.000102,8.485041e+01,4.35098869
7714,0.000099,8.485024e+01,8.70184360
7715,0.000095,8.483438e+01,6.84274938
7716,0.000108,8.482200e+01,5.49577633
7717,0.000097,8.481166e+01,4.54248830
7718,0.000101,8.480251e+01,3.88759449
7719,0.000102,8.479828e+01,7.35648756
7720,0.000098,8.478533e+01,5.85312689
7721,0.000101,8.477479e+01,4.77876469
7722,0.000115,8.476565e+01,4.03213396
7723,0.000130,8.476413e+01,7.93695184
7724,0.000123,8.475037e+01,6.26521132
7725,0.000115,8.473946e+01,5.06025195
7726,0.000132,8.473019e+01,4.21376162
7727,0.000115,8.472190e+01,3.63781365
7728,0.000120,8.471682e+01,6.73356524
7729,0.000125,8.470536e+01,5.38765002
7730,0.000113,8.469585e+01,4.43271660
7731,0.000110,8.468748e+01,3.77540832
7732,0.000120,8.468449e+01,7.26049987
7733,0.000112,8.467228e+01,5.76222639
7734,0.000113,8.466240e+01,4.68965313
7735,0.000123,8.465387e+01,3.94314115
7736,0.000113,8.465323e+01,7.84905235
7737,0.000119,8.464007e+01,6.18588135
7738,0.000124,8.462968e+01,4.98575742
7739,0.000117,8.462090e+01,4.14176854
7740,0.000108,8.461304e+01,3.56727004
7741,0.000255,8.460862e+01,6.66120702
7742,0.000301,8.459758e+01,5.32280302
7743,0.001994,8.458845e+01,4.37255811
7744,0.000094,8.458042e+01,3.71825652
7745,0.000080,8.457787e+01,7.19152002
7746,0.000108,8.456601e+01,5.70313041
7747,0.000084,8.455644e+01,4.63724075
7748,0.000080,8.454818e+01,3.89525443
7749,0.000080,8.454780e+01,7.78070217
7750,0.000083,8.453495e+01,6.12956808
7751,0.000084,8.452482e+01,4.93796246
7752,0.000080,8.451625e+01,4.09996515
7753,0.000084,8.450859e+01,3.52975099
7754,0.000084,8.450436e+01,6.60543736
7755,0.000083,8.449354e+01,5.27726959
7756,0.000129,8.448459e+01,4.33443166
7757,0.000106,8.447673e+01,3.68549836
7758,0.000096,8.447426e+01,7.13458742
7759,0.000097,8.446260e+01,5.65808201
7760,0.000103,8.445318e+01,4.60097803
7761,0.000100,8.444505e+01,3.86546651
7762,0.000097,8.444467e+01,7.72127207
7763,0.000185,8.443199e+01,6.08364262
7764,0.000099,8.442200e+01,4.90218292
7765,0.000106,8.441354e+01,4.07178438
7766,0.000121,8.440597e+01,3.50722766
7767,0.000112,8.440173e+01,6.55755629
7768,0.000112,8.439104e+01,5.24089588
7769,0.000129,8.438218e+01,4.30679890
7770,0.000120,8.437439e+01,3.66446148
7771,0.000118,8.437185e+01,7.08385664
7772,0.000124,8.436031e+01,5.62024215
7773,0.000129,8.435097e+01,4.57304486
7774,0.000121,8.434289e+01,3.84511166
7775,0.000120,8.434237e+01,7.66691418
7776,0.000133,8.432981e+01,6.04360058
7777,0.000119,8.431989e+01,4.87324441
7778,0.000118,8.431148e+01,4.05144699
7779,0.000123,8.430393e+01,3.49346734
7780,0.000116,8.429958e+01,6.51466220
7781,0.000118,8.428895e+01,5.21034249
7782,0.000125,8.428013e+01,4.28590921
7783,0.000116,8.427235e+01,3.65106906
7784,0.000118,8.426964e+01,7.03751027
7785,0.001874,8.425816e+01,5.58752581
7786,0.000087,8.424885e+01,4.55109733
7787,0.000080,8.424079e+01,3.83163257
7788,0.000082,8.424003e+01,7.61654162
7789,0.000084,8.422754e+01,6.00821159
7790,0.000082,8.421764e+01,4.84977658
7791,0.000084,8.420922e+01,4.03746723
7792,0.000082,8.420166e+01,3.48691538
7793,0.000082,8.419709e+01,6.47611172
7794,0.000093,8.418648e+01,5.18491930
7795,0.000142,8.417765e+01,4.27104194
7796,0.000098,8.416984e+01,3.64459704
7797,0.000097,8.416686e+01,6.99531588
7798,0.000093,8.415540e+01,5.55972818
7799,0.000116,8.414607e+01,4.53497413
7800,0.000107,8.413796e+01,3.82492961
7801,0.000107,8.413687e+01,7.57021843
7802,0.000097,8.412440e+01,5.97762811
7803,0.000102,8.411447e+01,4.83204086
7804,0.000108,8.410600e+01,4.03023255
7805,0.000094,8.409836e+01,3.48809547
7806,0.000103,8.409349e+01,6.44233099
7807,0.000097,8.408284e+01,5.16522053
7808,0.000098,8.407394e+01,4.26298072
7809,0.000104,8.406605e+01,3.64602658
7810,0.000099,8.406269e+01,6.95791879
7811,0.000099,8.405119e+01,5.53771697
7812,0.000104,8.404178e+01,4.52579509
7813,0.000111,8.403357e+01,3.82638632
7814,0.000105,8.403204e+01,7.52877360
7815,0.000107,8.401952e+01,5.95295241
7816,0.000111,8.400950e+01,4.82145400
7817,0.000110,8.400091e+01,4.03149381
7818,0.000118,8.399314e+01,3.49908336
7819,0.000125,8.398782e+01,6.41463142
7820,0.000107,8.397708e+01,5.15293416
7821,0.000108,8.396804e+01,4.26382194
7822,0.000116,8.395999e+01,3.65785869
7823,0.000114,8.395612e+01,6.92682317
7824,0.000107,8.394450e+01,5.52343504
7825,0.000113,8.393493e+01,4.52598919
7826,0.035185,8.392654e+01,3.83892420
7827,0.000125,8.392441e+01,7.49389380
7828,0.000112,8.391175e+01,5.93637204
7829,0.000109,8.390155e+01,4.82077023
7830,0.000109,8.389275e+01,4.04459318
7831,0.000105,8.389271e+01,8.12061886
7832,0.000108,8.387882e+01,6.39544058
7833,0.000107,8.386786e+01,5.15112697
7834,0.000109,8.385859e+01,4.27731973
7835,0.000109,8.385027e+01,3.68451386
7836,0.000112,8.384568e+01,6.90464694
7837,0.000111,8.383383e+01,5.52024285
7838,0.000111,8.382399e+01,4.53972244
7839,0.000118,8.381530e+01,3.86750321
7840,0.000155,8.381233e+01,7.46840822
7841,0.000146,8.379941e+01,5.93155085
7842,0.000144,8.378890e+01,4.83457420
7843,0.000144,8.377977e+01,4.07504186
7844,0.000132,8.377875e+01,8.09145870
7845,0.000135,8.376456e+01,6.38872125
7846,0.000148,8.375325e+01,5.16481766
7847,0.000114,8.374359e+01,4.30956146
7848,0.000101,8.373486e+01,3.73306229
7849,0.000101,8.372922e+01,6.89573443
7850,0.000103,8.371697e+01,5.53361351
7851,0.000102,8.370669e+01,4.57365216
7852,0.000097,8.369752e+01,3.91989922
7853,0.000106,8.369335e+01,7.45697493
7854,0.000098,8.367997e+01,5.94436539
7855,0.000102,8.366895e+01,4.87005062
7856,0.000101,8.365927e+01,4.13128493
7857,0.000099,8.365687e+01,8.07713720
7858,0.000098,8.364216e+01,6.40070455
7859,0.000106,8.363028e+01,5.20165096
7860,0.000100,8.361999e+01,4.36958353
7861,0.000098,8.361974e+01,8.76135480
7862,0.000107,8.360344e+01,6.90655992
7863,0.000099,8.359053e+01,5.57153663
7864,0.000107,8.357954e+01,4.63727950
7865,0.000107,8.356963e+01,4.00692929
7866,0.000097,8.356371e+01,7.46618450
7867,0.186480,8.354958e+01,5.98301380
7868,0.000097,8.353776e+01,4.93700035
7869,0.000086,8.352723e+01,4.22450961
7870,0.000086,8.352283e+01,8.08426651
7871,0.000090,8.350728e+01,6.43963347
7872,0.000089,8.349448e+01,5.27149347
7873,0.000084,8.348324e+01,4.46863727
7874,0.000086,8.348071e+01,8.76579779
7875,0.000086,8.346346e+01,6.94516222
7876,0.000083,8.344952e+01,5.64363317
7877,0.000083,8.343745e+01,4.74151590
7878,0.000086,8.343721e+01,9.51622482
7879,0.000085,8.341797e+01,7.50365809
7880,0.000085,8.340269e+01,6.05645038
7881,0.000085,8.338966e+01,5.04540061
7882,0.000129,8.337788e+01,4.36516956
7883,0.000107,8.337064e+01,8.11949200
7884,0.000107,8.335381e+01,6.51316571
7885,0.000127,8.333967e+01,5.38262131
7886,0.000117,8.332703e+01,4.61497502
7887,0.000108,8.332134e+01,8.79747801
7888,0.000136,8.330269e+01,7.01720904
7889,0.000122,8.328728e+01,5.75554907
7890,0.000116,8.327368e+01,4.89123569
7891,0.000124,8.326996e+01,9.54270189
7892,0.000125,8.324920e+01,7.57218500
7893,0.000123,8.323233e+01,6.16661718
7894,0.000115,8.321765e+01,5.19541376
7895,0.000127,8.321644e+01,10.36071760
7896,0.000117,8.319324e+01,8.18198230
7897,0.000115,8.317472e+01,6.61838397
7898,0.000123,8.315883e+01,5.52895613
7899,0.000135,8.314440e+01,4.79833857
7900,0.000118,8.313480e+01,8.85083285
7901,0.000122,8.311440e+01,7.11362661
7902,0.000120,8.309718e+01,5.89340021
7903,0.000112,8.308174e+01,5.06659423
7904,0.000120,8.307398e+01,9.58352982
7905,0.000123,8.305148e+01,7.65544432
7906,0.000123,8.303281e+01,6.29044354
7907,0.000130,8.301629e+01,5.35595156
7908,0.000128,8.301104e+01,10.38528944
7909,0.000125,8.298618e+01,8.24733141
7910,0.000127,8.296594e+01,6.72213425
7911,0.000130,8.294832e+01,5.66715918
7912,0.000283,8.294643e+01,11.26209643
7913,0.000319,8.291892e+01,8.89345173
7914,0.000327,8.289699e+01,7.19113980
7915,0.000275,8.287824e+01,6.00155778
7916,0.000321,8.286129e+01,5.19924956
7917,0.000338,8.285032e+01,9.59884955
7918,0.000314,8.282659e+01,7.70105543
7919,0.000286,8.280671e+01,6.36147361
7920,0.000310,8.278902e+01,5.44624972
7921,0.000273,8.278122e+01,10.36982745
7922,0.000276,8.275555e+01,8.25667305
7923,0.000310,8.273452e+01,6.75050254
7924,0.000323,8.271618e+01,5.70820385
7925,0.000295,8.271262e+01,11.21377278
7926,0.000302,8.268484e+01,8.86408171
7927,0.000333,8.266267e+01,7.17378273
7928,0.000319,8.264374e+01,5.98940397
7929,0.000309,8.262671e+01,5.18580514
7930,0.000458,8.261554e+01,9.53082432
7931,0.000342,8.259218e+01,7.63813929
7932,0.000376,8.257274e+01,6.29612811
7933,0.000417,8.255558e+01,5.37205448
7934,0.000304,8.254878e+01,10.26593592
7935,0.000304,8.252412e+01,8.15192316
7936,0.000309,8.250417e+01,6.63642017
7937,0.000268,8.248699e+01,5.57810871
7938,0.000277,8.248558e+01,11.07928855
7939,0.000307,8.245943e+01,8.72447134
7940,0.000272,8.243893e+01,7.01956303
7941,0.000276,8.242174e+01,5.81332081
7942,0.000307,8.240651e+01,4.98375188
7943,0.000316,8.239889e+01,9.36560853
7944,0.000286,8.237769e+01,7.45537093
7945,0.000293,8.236045e+01,6.08779318
7946,0.000336,8.234554e+01,5.13366352
7947,0.000306,8.234301e+01,10.08522927
7948,0.000313,8.232089e+01,7.95340036
7949,0.000335,8.230346e+01,6.41131428
7950,0.000300,8.228880e+01,5.32119276
7951,0.000309,8.227580e+01,4.57178159
7952,0.000338,8.226868e+01,8.52218664
7953,0.000307,8.225087e+01,6.79247477
7954,0.000318,8.223632e+01,5.55532793
7955,0.000340,8.222371e+01,4.69315902
7956,0.000292,8.222103e+01,9.16924406
7957,0.000284,8.220252e+01,7.23829346
7958,0.000338,8.218789e+01,5.84319037
7959,0.000303,8.217554e+01,4.85870948
7960,0.000361,8.216455e+01,4.18357068
7961,0.000340,8.215813e+01,7.75413286
7962,0.000411,8.214316e+01,6.18986994
7963,0.000301,8.213087e+01,5.07365266
7964,0.000323,8.212017e+01,4.29842030
7965,0.000304,8.211730e+01,8.34433129
7966,0.000305,8.210170e+01,6.59886483
7967,0.000314,8.208926e+01,5.34123809
7968,0.000324,8.207869e+01,4.45743310
7969,0.000297,8.206923e+01,3.85484188
7970,0.000305,8.206306e+01,7.07264304
7971,0.000329,8.205025e+01,5.66333298
7972,0.000297,8.203963e+01,4.66228600
7973,0.000304,8.203029e+01,3.97152118
7974,0.000337,8.202683e+01,7.61348939
7975,0.000305,8.201339e+01,6.04120915
7976,0.000305,8.200254e+01,4.91376722
7977,0.000318,8.199320e+01,4.12682871
7978,0.000276,8.199266e+01,8.22390476
7979,0.000278,8.197832e+01,6.47611993
7980,0.000315,8.196705e+01,5.21241400
7981,0.000299,8.195757e+01,4.32094821
7982,0.000274,8.194914e+01,3.71137718
7983,0.000280,8.194475e+01,6.96979296
7984,0.000307,8.193288e+01,5.55903860
7985,0.000275,8.192312e+01,4.55418520
7986,0.000289,8.191460e+01,3.85913151
7987,0.000330,8.191247e+01,7.52474545
7988,0.000295,8.189978e+01,5.95502562
7989,0.000367,8.188961e+01,4.82725126
7990,0.000407,8.188091e+01,4.03862909
7991,0.000359,8.187305e+01,3.50525022
7992,0.000431,8.186760e+01,6.40240888
7993,0.000379,8.185688e+01,5.14141032
7994,0.000352,8.184789e+01,4.25067231
7995,0.006444,8.183991e+01,3.64109607
7996,0.000129,8.183623e+01,6.90399812
7997,0.000115,8.182479e+01,5.49854111
7998,0.000113,8.181543e+01,4.49657253
7999,0.000109,8.180726e+01,3.80306616
8000,0.000115,8.180561e+01,7.46324744
8001,0.000109,8.179328e+01,5.90108098
8002,0.000100,8.178343e+01,4.77812246
8003,0.000102,8.177501e+01,3.99253253
8004,0.000104,8.176741e+01,3.46123119
8005,0.000098,8.176231e+01,6.35202204
8006,0.000107,8.175184e+01,5.09757694
8007,0.000115,8.174308e+01,4.21127389
8008,0.000145,8.173531e+01,3.60477582
8009,0.000160,8.173185e+01,6.85492606
8010,0.000137,8.172063e+01,5.45761539
8011,0.000130,8.171145e+01,4.46140853
8012,0.000135,8.170345e+01,3.77199680
8013,0.000123,8.170192e+01,7.41380374
8014,0.000131,8.168978e+01,5.86128129
8015,0.000132,8.168008e+01,4.74535190
8016,0.000126,8.167179e+01,3.96487698
8017,0.000117,8.166430e+01,3.43733015
8018,0.000122,8.165929e+01,6.31200183
8019,0.000101,8.164896e+01,5.06581480
8020,0.000100,8.164031e+01,4.18564775
8021,0.000103,8.163262e+01,3.58370762
8022,0.000101,8.162918e+01,6.81363675
8023,0.000099,8.161808e+01,5.42579726
8024,0.000096,8.160899e+01,4.43675090
8025,0.000107,8.160106e+01,3.75273936
8026,0.000106,8.159949e+01,7.37039548
8027,0.000097,8.158746e+01,5.82856247
8028,0.000105,8.157784e+01,4.72082763
8029,0.000098,8.156960e+01,3.94662718
8030,0.000095,8.156216e+01,3.42384165
8031,0.000102,8.155710e+01,6.27768380
8032,0.000097,8.154684e+01,5.04074298
8033,0.000104,8.153823e+01,4.16775356
8034,0.000102,8.153057e+01,3.57134100
8035,0.000105,8.152704e+01,6.77711426
8036,0.000097,8.151600e+01,5.39960053
8037,0.000107,8.150694e+01,4.41866412
8038,0.000097,8.149903e+01,3.74099168
8039,0.000100,8.149730e+01,7.33112140
8040,0.000104,8.148533e+01,5.80073215
8041,0.000100,8.147574e+01,4.70207121
8042,0.000099,8.146751e+01,3.93506217
8043,0.000115,8.146006e+01,3.41788451
8044,0.000210,8.145486e+01,6.24775502
8045,0.000138,8.144461e+01,5.02088803
8046,0.000155,8.143600e+01,4.15598083
8047,0.000153,8.142832e+01,3.56597650
8048,0.000153,8.142460e+01,6.74464703
8049,0.000150,8.141357e+01,5.37825004
8050,0.000145,8.140450e+01,4.40632528
8051,0.000132,8.139656e+01,3.73591190
8052,0.000128,8.139459e+01,7.29568841
8053,0.000142,8.138263e+01,5.77750965
8054,0.000125,8.137301e+01,4.68883031
8055,0.000118,8.136474e+01,3.92997846
8056,0.000128,8.135723e+01,3.41932645
8057,0.000121,8.135179e+01,6.22229523
8058,0.000129,8.134152e+01,5.00642402
8059,0.000128,8.133285e+01,4.15061767
8060,0.000122,8.132511e+01,3.56803068
8061,0.000123,8.132109e+01,6.71658769
8062,0.000127,8.131002e+01,5.36225109
8063,0.000139,8.130089e+01,4.40041667
8064,0.000124,8.129286e+01,3.73837241
8065,0.000127,8.129054e+01,7.26466486
8066,0.000146,8.127853e+01,5.75966868
8067,0.000133,8.126884e+01,4.68211679
8068,0.000125,8.126046e+01,3.93264324
8069,0.000182,8.126019e+01,7.87120584
8070,0.000319,8.124705e+01,6.20230672
8071,0.000329,8.123668e+01,4.99864194
8072,0.000309,8.122790e+01,4.15327655
8073,0.000275,8.122002e+01,3.57943947
8074,0.000284,8.121559e+01,6.69409943
8075,0.000306,8.120442e+01,5.35313114
8076,0.000274,8.119514e+01,4.40286810
8077,0.000279,8.118696e+01,3.75071006
8078,0.000306,8.118415e+01,7.23937888
8079,0.000275,8.117202e+01,5.74896633
8080,0.000279,8.116217e+01,4.68416759
8081,0.000293,8.115362e+01,3.94578804
8082,0.000340,8.115277e+01,7.84279716
8083,0.000300,8.113950e+01,6.18976540
8084,0.000308,8.112895e+01,5.00009373
8085,0.000339,8.111996e+01,4.16710135
8086,0.000304,8.111186e+01,3.60390907
8087,0.000307,8.110683e+01,6.67945211
8088,0.000345,8.109545e+01,5.35378062
8089,0.000302,8.108595e+01,4.41724011
8090,0.000345,8.107750e+01,3.77714580
8091,0.000425,8.107401e+01,7.22234550
8092,0.000297,8.106165e+01,5.74860409
8093,0.000372,8.105152e+01,4.69894809
8094,0.000358,8.104268e+01,3.97415204
8095,0.000331,8.104103e+01,7.82308223
8096,0.000358,8.102749e+01,6.18817343
8097,0.000338,8.101664e+01,5.01513619
8098,0.000307,8.100731e+01,4.19734306
8099,0.000283,8.099886e+01,3.64753060
8100,0.000278,8.099295e+01,6.67639941
8101,0.000304,8.098123e+01,5.36892682
8102,0.000282,8.097134e+01,4.44929183
8103,0.000292,8.096249e+01,3.82442399
8104,0.000313,8.095798e+01,7.21758191
8105,0.000280,8.094523e+01,5.76367926
8106,0.000289,8.093467e+01,4.73272008
8107,0.000305,8.092535e+01,4.02512950
8108,0.000280,8.092255e+01,7.81633304
8109,0.000311,8.090855e+01,6.20297994
8110,0.000307,8.089720e+01,5.05050897
8111,0.000278,8.088734e+01,4.25201890
8112,0.000290,8.088659e+01,8.47769638
8113,0.000316,8.087113e+01,6.69070867
8114,0.000289,8.085884e+01,5.40573006
8115,0.000386,8.084834e+01,4.50759344
8116,0.000445,8.083885e+01,3.90237701
8117,0.000324,8.083287e+01,7.23106740
8118,0.000323,8.081946e+01,5.80167825
8119,0.000327,8.080820e+01,4.79450542
8120,0.000336,8.079816e+01,4.10912280
8121,0.000391,8.079366e+01,7.82868432
8122,0.000355,8.077893e+01,6.24189637
8123,0.000514,8.076679e+01,5.11554109
8124,0.000364,8.075610e+01,4.34191420
8125,0.000428,8.075341e+01,8.48850405
8126,0.000417,8.073711e+01,6.73015384
8127,0.000374,8.072393e+01,5.47362927
8128,0.000337,8.071249e+01,4.60305837
8129,0.000341,8.071200e+01,9.21592680
8130,0.000310,8.069386e+01,7.27051877
8131,0.000310,8.067944e+01,5.87187086
8132,0.000335,8.066713e+01,4.89494162
8133,0.007017,8.065598e+01,4.23772005
8134,0.000093,8.064902e+01,7.86738133
8135,0.000086,8.063316e+01,6.31357048
8136,0.000093,8.061983e+01,5.22004966
8137,0.000085,8.060790e+01,4.47753052
8138,0.000086,8.060244e+01,8.52557246
8139,0.000088,8.058489e+01,6.80225487
8140,0.000086,8.057038e+01,5.58093578
8141,0.000084,8.055756e+01,4.74422741
8142,0.000092,8.055399e+01,9.25021240
8143,0.000088,8.053447e+01,7.34163892
8144,0.000088,8.051859e+01,5.98023112
8145,0.000087,8.050477e+01,5.03956839
8146,0.000089,8.050358e+01,10.04688209
8147,0.000121,8.048175e+01,7.93571528
8148,0.000104,8.046431e+01,6.42068690
8149,0.000101,8.044934e+01,5.36529538
8150,0.000109,8.043574e+01,4.65780214
8151,0.000097,8.042664e+01,8.58879342
8152,0.000109,8.040741e+01,6.90523597
8153,0.000105,8.039115e+01,5.72319638
8154,0.000101,8.037656e+01,4.92292630
8155,0.000097,8.036913e+01,9.30567450
8156,0.000106,8.034786e+01,7.43705514
8157,0.000097,8.033018e+01,6.11512515
8158,0.000098,8.031451e+01,5.21130430
8159,0.000101,8.030932e+01,10.09150418
8160,0.000104,8.028573e+01,8.01959459
8161,0.000098,8.026647e+01,6.54312028
8162,0.000103,8.024966e+01,5.52372715
8163,0.000105,8.024745e+01,10.95205855
8164,0.000099,8.022124e+01,8.65679036
8165,0.000099,8.020026e+01,7.00959892
8166,0.000104,8.018224e+01,5.86127565
8167,0.000108,8.016590e+01,5.08963800
8168,0.000114,8.015478e+01,9.35323637
8169,0.000114,8.013192e+01,7.51760743
8170,0.000108,8.011266e+01,6.22563366
8171,0.000131,8.009544e+01,5.34676166
8172,0.000128,8.008696e+01,10.11453400
8173,0.000119,8.006207e+01,8.07107572
8174,0.000117,8.004153e+01,6.61935354
8175,0.000130,8.002347e+01,5.61962667
8176,0.000117,8.001860e+01,10.94719855
8177,0.000129,7.999148e+01,8.67498777
8178,0.000119,7.996963e+01,7.04619726
8179,0.000124,7.995080e+01,5.91088098
8180,0.000111,7.995069e+01,11.85904101
8181,0.000117,7.992113e+01,9.33567456
8182,0.000121,7.989792e+01,7.51142618
8183,0.000115,7.987838e+01,6.22488537
8184,0.000111,7.986096e+01,5.34546817
8185,0.000120,7.985210e+01,10.06088022
8186,0.000114,7.982746e+01,8.02193132
8187,0.000112,7.980724e+01,6.56791462
8188,0.000126,7.978960e+01,5.55982537
8189,0.000128,7.978553e+01,10.85987111
8190,0.000129,7.975930e+01,8.58610999
8191,0.000128,7.973840e+01,6.94795426
8192,0.000130,7.972062e+01,5.79681403
8193,0.000121,7.970468e+01,5.01182500
8194,0.000130,7.969444e+01,9.21335632
8195,0.000119,7.967280e+01,7.37425285
8196,0.000131,7.965488e+01,6.06572570
8197,0.000127,7.963918e+01,5.15993449
8198,0.000127,7.963371e+01,9.91381742
8199,0.000121,7.961115e+01,7.85668595
8200,0.000126,7.959305e+01,6.37661355
8201,0.000130,7.957758e+01,5.33765149
8202,0.000109,7.956370e+01,4.62908125
8203,0.000099,7.955394e+01,8.40485997
8204,0.000110,7.953552e+01,6.73929185
8205,0.000102,7.952022e+01,5.55519337
8206,0.000096,7.950678e+01,4.73586162
8207,0.000107,7.950142e+01,9.02775426
8208,0.000102,7.948243e+01,7.16257480
8209,0.000106,7.946715e+01,5.82169165
8210,0.000106,7.945406e+01,4.88129822
8211,0.000096,7.945357e+01,9.73319440
8212,0.000174,7.943369e+01,7.65372055
8213,0.000303,7.941822e+01,6.14445787
8214,0.000271,7.940533e+01,5.07303145
8215,0.000265,7.939398e+01,4.33315555
8216,0.000331,7.938904e+01,8.21852605
8217,0.000323,7.937310e+01,6.52889167
8218,0.000288,7.936021e+01,5.31654475
8219,0.000311,7.934912e+01,4.46875682
8220,0.000355,7.934811e+01,8.86185125
8221,0.000327,7.933138e+01,6.97885816
8222,0.000343,7.931826e+01,5.61535799
8223,0.000346,7.930726e+01,4.65084166
8224,0.000304,7.929751e+01,3.98818089
8225,0.000302,7.929262e+01,7.49722593
8226,0.000345,7.927902e+01,5.97161878
8227,0.000328,7.926791e+01,4.88131179
8228,0.000338,7.925827e+01,4.12323293
8229,0.000398,7.925641e+01,8.08672520
8230,0.000316,7.924204e+01,6.38689421
8231,0.000374,7.923064e+01,5.16115078
8232,0.000332,7.922096e+01,4.29934124
8233,0.000357,7.921230e+01,3.71206165
8234,0.000324,7.920697e+01,6.86274085
8235,0.000305,7.919506e+01,5.49109223
8236,0.000330,7.918520e+01,4.51682897
8237,0.000272,7.917653e+01,3.84507353
8238,0.000279,7.917351e+01,7.40128598
8239,0.000361,7.916088e+01,5.87216711
8240,0.000335,7.915068e+01,4.77611246
8241,0.000314,7.914188e+01,4.01185296
8242,0.000377,7.914144e+01,8.00534071
8243,0.000315,7.912785e+01,6.30595714
8244,0.000301,7.911716e+01,5.07801659
8245,0.000325,7.910814e+01,4.21279401
8246,0.000302,7.910009e+01,3.62232946
8247,0.000333,7.909581e+01,6.79477480
8248,0.000332,7.908446e+01,5.42396621
8249,0.000297,7.907511e+01,4.44879040
8250,0.000282,7.906692e+01,3.77556867
8251,0.000298,7.906466e+01,7.34175569
8252,0.000268,7.905248e+01,5.81603629
8253,0.000276,7.904268e+01,4.72126368
8254,0.000274,7.903426e+01,3.95716867
8255,0.000311,7.902663e+01,3.44171333
8256,0.000272,7.902112e+01,6.25689475
8257,0.000280,7.901075e+01,5.03215283
8258,0.000300,7.900202e+01,4.16860481
8259,0.000306,7.899424e+01,3.57909193
8260,0.000318,7.899035e+01,6.74985564
8261,0.000407,7.897926e+01,5.38389637
8262,0.000350,7.897014e+01,4.41176491
8263,0.000443,7.896216e+01,3.74049201
8264,0.000363,7.896015e+01,7.29874967
8265,0.000414,7.894819e+01,5.77936130
8266,0.000344,7.893858e+01,4.68889618
8267,0.000346,7.893032e+01,3.92773417
8268,0.000313,7.892285e+01,3.41438123
8269,0.000312,7.891752e+01,6.22184629
8270,0.000337,7.890731e+01,5.00258852
8271,0.000293,7.889871e+01,4.14293537
8272,0.000284,7.889106e+01,3.55623854
8273,0.008067,7.888727e+01,6.71511456
8274,0.000097,7.887631e+01,5.35575579
8275,0.000096,7.886730e+01,4.38845976
8276,0.000092,7.885941e+01,3.72074817
8277,0.000091,7.885745e+01,7.26330745
8278,0.000095,7.884560e+01,5.75160094
8279,0.000095,7.883608e+01,4.66689648
8280,0.000093,7.882790e+01,3.91006271
8281,0.000093,7.882049e+01,3.39997263
8282,0.000098,7.881518e+01,6.19365306
8283,0.000096,7.880504e+01,4.98107437
8284,0.000092,7.879650e+01,4.12653293
8285,0.000095,7.878889e+01,3.54374332
8286,0.000095,7.878507e+01,6.68582851
8287,0.000140,7.877418e+01,5.33407100
8288,0.000117,7.876522e+01,4.37268546
8289,0.000118,7.875735e+01,3.70956428
8290,0.000125,7.875531e+01,7.23236929
8291,0.000142,7.874352e+01,5.72920051
8292,0.000175,7.873404e+01,4.65122185
8293,0.000145,7.872587e+01,3.89969437
8294,0.000175,7.871846e+01,3.39374299
8295,0.000173,7.871307e+01,6.17006625
8296,0.000163,7.870296e+01,4.96504837
8297,0.000165,7.869443e+01,4.11655795
8298,0.000164,7.868680e+01,3.53856763
8299,0.000162,7.868286e+01,6.66063234
8300,0.000166,7.867199e+01,5.31729578
8301,0.000167,7.866302e+01,4.36273343
8302,0.000158,7.865513e+01,3.70511486
8303,0.000169,7.865292e+01,7.20517095
8304,0.000162,7.864114e+01,5.71131480
8305,0.000156,7.863164e+01,4.64095930
8306,0.000161,7.862344e+01,3.89567625
8307,0.000190,7.862329e+01,7.80836286
8308,0.000156,7.861042e+01,6.15073410
8309,0.000160,7.860028e+01,4.95416054
8310,0.000173,7.859171e+01,4.11268982
8311,0.000170,7.858404e+01,3.54044863
8312,0.000164,7.857987e+01,6.63949202
8313,0.000175,7.856896e+01,5.30548007
8314,0.000172,7.855994e+01,4.35875875
8315,0.000160,7.855199e+01,3.70767779
8316,0.000173,7.854950e+01,7.18192768
8317,0.000166,7.853767e+01,5.69830634
8318,0.000174,7.852811e+01,4.63664264
8319,0.000172,7.851983e+01,3.89872959
8320,0.000167,7.851935e+01,7.78270887
8321,0.000168,7.850643e+01,6.13626825
8322,0.000174,7.849621e+01,4.94927246
8323,0.000163,7.848754e+01,4.11604752
8324,0.000159,7.847975e+01,3.55075869
8325,0.000179,7.847525e+01,6.62330459
8326,0.000170,7.846425e+01,5.29979633
8327,0.000169,7.845511e+01,4.36223934
8328,0.000150,7.844703e+01,3.71904438
8329,0.000124,7.844414e+01,7.16375198
8330,0.000114,7.843221e+01,5.69160619
8331,0.000112,7.842251e+01,4.64006879
8332,0.000114,7.841408e+01,3.91103665
8333,0.000128,7.841313e+01,7.76227317
8334,0.000137,7.840009e+01,6.12833231
8335,0.000165,7.838972e+01,4.95246991
8336,0.000179,7.838087e+01,4.12917932
8337,0.000162,7.837289e+01,3.57250251
8338,0.000170,7.836789e+01,6.61391180
8339,0.000152,7.835672e+01,5.30259213
8340,0.000162,7.834737e+01,4.37607941
8341,0.000167,7.833908e+01,3.74267571
8342,0.000152,7.833561e+01,7.15267590
8343,0.000159,7.832348e+01,5.69382693
8344,0.000170,7.831355e+01,4.65449959
8345,0.000158,7.830487e+01,3.93652246
8346,0.000160,7.830326e+01,7.74927961
8347,0.000153,7.828998e+01,6.12980221
8348,0.000160,7.827934e+01,4.96737169
8349,0.000165,7.827021e+01,4.15647991
8350,0.000153,7.826193e+01,3.61080923
8351,0.000166,7.825620e+01,6.61444937
8352,0.000156,7.824472e+01,5.31784050
8353,0.000161,7.823505e+01,4.40514583
8354,0.000161,7.822640e+01,3.78430319
8355,0.000159,7.822209e+01,7.15208963
8356,0.000189,7.820962e+01,5.70928993
8357,0.000185,7.819931e+01,4.68527103
8358,0.000168,7.819023e+01,3.98152551
8359,0.000166,7.818765e+01,7.74736420
8360,0.000313,7.817398e+01,6.14533630
8361,0.000360,7.816291e+01,4.99977103
8362,0.000352,7.815333e+01,4.20488687
8363,0.000334,7.815283e+01,8.40535130
8364,0.000282,7.813774e+01,6.62989461
8365,0.000271,7.812578e+01,5.35175792
8366,0.000271,7.811558e+01,4.45693664
8367,0.000296,7.810639e+01,3.85260717
8368,0.000309,7.810083e+01,7.16720967
8369,0.000292,7.808780e+01,5.74457495
8370,0.000329,7.807689e+01,4.74038602
8371,0.000289,7.806719e+01,4.05537506
8372,0.000299,7.806317e+01,7.76195932
8373,0.000316,7.804886e+01,6.18182349
8374,0.000296,7.803712e+01,5.05809446
8375,0.000293,7.802681e+01,4.28427380
8376,0.000333,7.802467e+01,8.41915375
8377,0.000303,7.800886e+01,6.66734664
8378,0.000304,7.799612e+01,5.41308158
8379,0.000356,7.798511e+01,4.54172474
8380,0.000277,7.797508e+01,3.95911293
8381,0.000267,7.796766e+01,7.20530082
8382,0.000298,7.795374e+01,5.80857190
8383,0.000268,7.794191e+01,4.83027203
8384,0.000342,7.793125e+01,4.16973386
8385,0.000274,7.792512e+01,7.80024949
8386,0.000299,7.790982e+01,6.24801356
8387,0.000302,7.789703e+01,5.15256082
8388,0.000418,7.788565e+01,4.40599152
8389,0.000484,7.788111e+01,8.45705792
8390,0.000307,7.786418e+01,6.73505472
8391,0.000349,7.785027e+01,5.51133945
8392,0.000337,7.783805e+01,4.66993593
8393,0.000296,7.783550e+01,9.18102400
8394,0.000293,7.781666e+01,7.27360976
8395,0.000328,7.780144e+01,5.90948410
8396,0.000294,7.778826e+01,4.96363504
8397,0.000303,7.778817e+01,9.97791118
8398,0.000337,7.776708e+01,7.86788475
8399,0.000298,7.775034e+01,6.35001266
8400,0.000301,7.773607e+01,5.28917262
8401,0.000309,7.772315e+01,4.57518772
8402,0.000283,7.771532e+01,8.52241232
8403,0.000273,7.769683e+01,6.83613390
8404,0.000278,7.768130e+01,5.64869019
8405,0.000308,7.766742e+01,4.84188107
8406,0.000305,7.766129e+01,9.24220707
8407,0.000275,7.764077e+01,7.37128577
8408,0.000304,7.762383e+01,6.04437445
8409,0.000277,7.760889e+01,5.13438020
8410,0.000276,7.760498e+01,10.03260023
8411,0.000324,7.758214e+01,7.95913012
8412,0.006813,7.756361e+01,6.47852556
8413,0.000104,7.754750e+01,5.45381368
8414,0.000089,7.754651e+01,10.89948675
8415,0.000086,7.752100e+01,8.60371634
8416,0.000086,7.750069e+01,6.95368677
8417,0.000093,7.748331e+01,5.80142746
8418,0.000119,7.746758e+01,5.02604484
8419,0.000106,7.745756e+01,9.30960345
8420,0.000117,7.743527e+01,7.47282602
8421,0.000116,7.741654e+01,6.17880644
8422,0.000115,7.739982e+01,5.29808526
8423,0.000121,7.739219e+01,10.08216175
8424,0.000120,7.736773e+01,8.03953147
8425,0.000183,7.734757e+01,6.58806171
8426,0.000143,7.732986e+01,5.58886667
8427,0.000131,7.732551e+01,10.92747171
8428,0.000120,7.729863e+01,8.65816333
8429,0.000126,7.727697e+01,7.03213912
8430,0.000113,7.725828e+01,5.90005590
8431,0.000115,7.724129e+01,5.13930570
8432,0.000134,7.722876e+01,9.33417999
8433,0.000118,7.720551e+01,7.51518209
8434,0.000116,7.718588e+01,6.23463866
8435,0.000120,7.716832e+01,5.36203452
8436,0.000115,7.715906e+01,10.07446607
8437,0.000116,7.713414e+01,8.04277386
8438,0.000123,7.711359e+01,6.59719086
8439,0.000133,7.709558e+01,5.59850107
8440,0.000123,7.709065e+01,10.88713150
8441,0.000129,7.706391e+01,8.62195419
8442,0.000133,7.704245e+01,6.99403510
8443,0.000126,7.702407e+01,5.85437974
8444,0.000122,7.700749e+01,5.08127908
8445,0.000127,7.699591e+01,9.26120249
8446,0.000124,7.697350e+01,7.43317907
8447,0.000125,7.695480e+01,6.13736524
8448,0.000128,7.693828e+01,5.24489254
8449,0.000129,7.693118e+01,9.97027506
8450,0.000118,7.690771e+01,7.92392294
8451,0.000110,7.688869e+01,6.45668315
8452,0.000098,7.687229e+01,5.43153154
8453,0.000100,7.687060e+01,10.75943937
8454,0.000106,7.684585e+01,8.47612435
8455,0.000098,7.682643e+01,6.82229502
8456,0.000103,7.681014e+01,5.65138929
8457,0.000097,7.679572e+01,4.84521416
8458,0.000111,7.678847e+01,9.09959439
8459,0.000097,7.676848e+01,7.24404478
8460,0.000104,7.675222e+01,5.91467670
8461,0.000101,7.673817e+01,4.98631123
8462,0.000099,7.673589e+01,9.80371523
8463,0.000097,7.671505e+01,7.73091459
8464,0.000107,7.669864e+01,6.23058010
8465,0.000104,7.668485e+01,5.16916439
8466,0.000099,7.667263e+01,4.43889076
8467,0.000110,7.666609e+01,8.29048192
8468,0.000128,7.664930e+01,6.60658979
8469,0.000100,7.663561e+01,5.40156902
8470,0.000104,7.662375e+01,4.56139152
8471,0.000102,7.662138e+01,8.92917166
8472,0.000099,7.660390e+01,7.04844836
8473,0.000105,7.659009e+01,5.68920911
8474,0.000098,7.657842e+01,4.72986435
8475,0.000099,7.656805e+01,4.07206946
8476,0.000102,7.656206e+01,7.56038738
8477,0.000133,7.654786e+01,6.03585426
8478,0.000134,7.653621e+01,4.94805364
8479,0.000115,7.652605e+01,4.19287017
8480,0.000137,7.652335e+01,8.14592187
8481,0.000121,7.650848e+01,6.44402996
8482,0.000118,7.649662e+01,5.21808868
8483,0.000125,7.648652e+01,4.35706103
8484,0.000118,7.647746e+01,3.77066837
8485,0.000122,7.647151e+01,6.91566622
8486,0.000126,7.645923e+01,5.54118790
8487,0.000118,7.644902e+01,4.56556477
8488,0.000115,7.644003e+01,3.89314677
8489,0.000125,7.643658e+01,7.45286918
8490,0.000121,7.642363e+01,5.91839520
8491,0.000120,7.641316e+01,4.81887586
8492,0.000119,7.640411e+01,4.05234699
8493,0.000124,7.640339e+01,8.05822482
8494,0.000121,7.638953e+01,6.35104184
8495,0.000120,7.637861e+01,5.11758287
8496,0.000130,7.636939e+01,4.24846246
8497,0.000119,7.636117e+01,3.65514904
8498,0.000133,7.635669e+01,6.84109861
8499,0.000128,7.634514e+01,5.46274569
8500,0.000125,7.633563e+01,4.48203028
8501,0.000130,7.632729e+01,3.80471468
8502,0.000131,7.632494e+01,7.39137756
8503,0.000123,7.631258e+01,5.85607134
8504,0.000119,7.630264e+01,4.75409086
8505,0.000262,7.629409e+01,3.98459051
8506,0.000298,7.628636e+01,3.46508280
8507,0.000287,7.628079e+01,6.29992114
8508,0.000300,7.627029e+01,5.06624949
8509,0.000320,7.626146e+01,4.19591524
8510,0.000424,7.625359e+01,3.60128760
8511,0.000416,7.624970e+01,6.79738860
8512,0.000315,7.623849e+01,5.42068987
8513,0.000274,7.622928e+01,4.44030983
8514,0.000264,7.622121e+01,3.76276306
8515,0.000299,7.621929e+01,7.35216906
8516,0.000286,7.620719e+01,5.82010614
8517,0.000322,7.619749e+01,4.71983023
8518,0.000315,7.618917e+01,3.95113622
8519,0.000329,7.618164e+01,3.43211167
8520,0.000299,7.617637e+01,6.26769730
8521,0.000322,7.616606e+01,5.03694397
8522,0.000297,7.615740e+01,4.16839420
8523,0.000324,7.614969e+01,3.57492951
8524,0.000353,7.614601e+01,6.76718701
8525,0.000312,7.613496e+01,5.39449954
8526,0.000296,7.612588e+01,4.41682377
8527,0.000299,7.611794e+01,3.74113806
8528,0.000276,7.611614e+01,7.32272451
8529,0.000281,7.610418e+01,5.79567941
8530,0.000305,7.609459e+01,4.69897778
8531,0.000276,7.608636e+01,3.93284850
8532,0.000274,7.607892e+01,3.41573037
8533,0.000269,7.607374e+01,6.24402746
8534,0.000303,7.606352e+01,5.01768048
8535,0.000304,7.605494e+01,4.15239851
8536,0.000273,7.604729e+01,3.56139443
8537,0.000298,7.604365e+01,6.74350322
8538,0.000273,7.603267e+01,5.37602955
8539,0.000436,7.602365e+01,4.40232256
8540,0.000572,7.601576e+01,3.72968231
8541,0.000309,7.601394e+01,7.29841487
8542,0.000364,7.600205e+01,5.77737907
8543,0.000332,7.599250e+01,4.68534636
8544,0.000298,7.598430e+01,3.92287036
8545,0.000295,7.597688e+01,3.40861232
8546,0.000326,7.597167e+01,6.22538967
8547,0.000303,7.596148e+01,5.00441401
8548,0.000282,7.595292e+01,4.14341115
8549,0.000305,7.594528e+01,3.55581244
8550,0.000276,7.594156e+01,6.72409882
8551,0.000290,7.593061e+01,5.36270614
8552,0.006510,7.592160e+01,4.39391970
8553,0.000102,7.591370e+01,3.72526446
8554,0.000087,7.591177e+01,7.27786685
8555,0.000090,7.589989e+01,5.76363478
8556,0.000086,7.589033e+01,4.67717904
8557,0.000085,7.588212e+01,3.91929680
8558,0.000083,7.587467e+01,3.40876902
8559,0.000084,7.586933e+01,6.21090067
8560,0.000084,7.585913e+01,4.99617454
8561,0.000084,7.585054e+01,4.14039946
8562,0.000085,7.584286e+01,3.55712777
8563,0.000086,7.583898e+01,6.70856824
8564,0.000085,7.582800e+01,5.35411687
8565,0.000116,7.581894e+01,4.39121548
8566,0.000111,7.581099e+01,3.72752374
8567,0.000100,7.580885e+01,7.26101587
8568,0.000098,7.579694e+01,5.75444020
8569,0.000103,7.578733e+01,4.67454940
8570,0.000094,7.577905e+01,3.92230278
8571,0.000096,7.577900e+01,7.87303856
8572,0.000107,7.576596e+01,6.20086215
8573,0.000095,7.575569e+01,4.99339553
8574,0.000101,7.574702e+01,4.14395853
8575,0.000107,7.573925e+01,3.56611324
8576,0.000108,7.573509e+01,6.69741731
8577,0.000102,7.572403e+01,5.35097118
8578,0.000100,7.571488e+01,4.39515247
8579,0.000103,7.570682e+01,3.73764912
8580,0.000100,7.570436e+01,7.24855001
8581,0.000106,7.569235e+01,5.75074544
8582,0.000106,7.568263e+01,4.67870644
8583,0.000108,7.567422e+01,3.93345427
8584,0.000111,7.567379e+01,7.85904338
8585,0.000119,7.566064e+01,6.19643550
8586,0.000128,7.565024e+01,4.99761879
8587,0.000121,7.564141e+01,4.15602511
8588,0.000123,7.563349e+01,3.58509007
8589,0.000120,7.562892e+01,6.69207733
8590,0.000120,7.561770e+01,5.35511150
8591,0.000126,7.560838e+01,4.40802618
8592,0.000112,7.560014e+01,3.75839529
8593,0.000120,7.559720e+01,7.24211529
8594,0.000147,7.558501e+01,5.75465787
8595,0.000135,7.557509e+01,4.69228269
8596,0.000116,7.556647e+01,3.95593114
8597,0.000112,7.556549e+01,7.85133084
8598,0.000128,7.555213e+01,6.19997783
8599,0.000119,7.554151e+01,5.01179575
8600,0.000124,7.553243e+01,4.18019270
8601,0.000128,7.552425e+01,3.61827701
8602,0.000116,7.551907e+01,6.69510770
8603,0.000114,7.550759e+01,5.36978860
8604,0.000125,7.549799e+01,4.43384174
8605,0.000123,7.548945e+01,3.79451428
8606,0.000120,7.548580e+01,7.24448898
8607,0.000125,7.547331e+01,5.76973396
8608,0.000122,7.546307e+01,4.71969961
8609,0.000127,7.545411e+01,3.99502928
8610,0.000128,7.545232e+01,7.85289764
8611,0.000124,7.543862e+01,6.21534875
8612,0.000127,7.542763e+01,5.04076120
8613,0.000128,7.541816e+01,4.22230293
8614,0.000121,7.540957e+01,3.67245387
8615,0.000118,7.540347e+01,6.71066187
8616,0.000122,7.539158e+01,5.40023915
8617,0.000118,7.538152e+01,4.47897694
8618,0.000105,7.537251e+01,3.85346731
8619,0.000107,7.536781e+01,7.26010172
8620,0.000106,7.535484e+01,5.80159013
8621,0.000100,7.534409e+01,4.76784568
8622,0.000099,7.533459e+01,4.05886655
8623,0.000105,7.533159e+01,7.86842482
8624,0.000100,7.531734e+01,6.24850711
8625,0.000096,7.530576e+01,5.09186682
8626,0.000106,7.529569e+01,4.29107521
8627,0.000105,7.529474e+01,8.54083383
8628,0.000102,7.527898e+01,6.74498529
8629,0.000107,7.526641e+01,5.45419191
8630,0.000101,7.525566e+01,4.55264475
8631,0.000111,7.524593e+01,3.94577444
8632,0.000113,7.523964e+01,7.29535212
8633,0.000100,7.522591e+01,5.85819931
8634,0.000101,7.521437e+01,4.84627488
8635,0.000098,7.520404e+01,4.15838687
8636,0.000112,7.519923e+01,7.90437018
8637,0.000117,7.518412e+01,6.30751851
8638,0.000111,7.517164e+01,5.17479598
8639,0.000107,7.516063e+01,4.39760357
8640,0.000099,7.515762e+01,8.57713251
8641,0.000102,7.514088e+01,6.80601042
8642,0.000120,7.512729e+01,5.54117718
8643,0.000110,7.511548e+01,4.66572405
8644,0.000107,7.511470e+01,9.31920052
8645,0.000155,7.509603e+01,7.35783887
8646,0.000308,7.508116e+01,5.94855527
8647,0.000319,7.506842e+01,4.96511296
8648,0.000367,7.505687e+01,4.30435738
8649,0.000308,7.504942e+01,7.96749592
8650,0.000299,7.503303e+01,6.40026755
8651,0.000327,7.501922e+01,5.29822095
8652,0.000292,7.500684e+01,4.55077266
8653,0.000292,7.500090e+01,8.63992176
8654,0.000296,7.498275e+01,6.89987264
8655,0.000332,7.496770e+01,5.66755617
8656,0.000294,7.495438e+01,4.82412904
8657,0.000331,7.495036e+01,9.38036201
8658,0.000306,7.493015e+01,7.45112438
8659,0.000271,7.491367e+01,6.07570292
8660,0.000269,7.489930e+01,5.12604874
8661,0.000402,7.489773e+01,10.19454568
8662,0.000433,7.487512e+01,8.05807131
8663,0.000385,7.485702e+01,6.52537769
8664,0.000354,7.484146e+01,5.45814436
8665,0.000278,7.482730e+01,4.74300946
8666,0.000324,7.481764e+01,8.72511369
8667,0.000351,7.479769e+01,7.01951365
8668,0.000306,7.478081e+01,5.82211019
8669,0.000288,7.476564e+01,5.01139244
8670,0.000324,7.475776e+01,9.45720019
8671,0.000317,7.473572e+01,7.56135301
8672,0.000302,7.471739e+01,6.21978187
8673,0.000318,7.470114e+01,5.30200110
8674,0.000347,7.469569e+01,10.25971308
8675,0.000311,7.467129e+01,8.15451717
8676,0.000344,7.465139e+01,6.65330821
8677,0.000310,7.463402e+01,5.61566840
8678,0.000270,7.463182e+01,11.13878465
8679,0.000278,7.460478e+01,8.80326001
8680,0.005574,7.458317e+01,7.12539918
8681,0.000110,7.456464e+01,5.95373960
8682,0.000100,7.454786e+01,5.16438880
8683,0.000089,7.453673e+01,9.51267434
8684,0.000096,7.451328e+01,7.63962202
8685,0.000090,7.449357e+01,6.31844672
8686,0.000086,7.447601e+01,5.41681448
8687,0.000089,7.446792e+01,10.28905616
8688,0.000086,7.444248e+01,8.20067262
8689,0.000088,7.442158e+01,6.71319996
8690,0.000083,7.440330e+01,5.68500035
8691,0.000087,7.439931e+01,11.13978707
8692,0.000090,7.437170e+01,8.81451342
8693,0.000119,7.434960e+01,7.14289170
8694,0.000108,7.433067e+01,5.97287947
8695,0.000114,7.431358e+01,5.18026563
8696,0.000109,7.430201e+01,9.48856961
8697,0.000101,7.427864e+01,7.61409637
8698,0.000099,7.425913e+01,6.28634806
8699,0.000109,7.424186e+01,5.37343248
8700,0.000096,7.423452e+01,10.23181306
8701,0.000097,7.420980e+01,8.13498690
8702,0.000103,7.418972e+01,6.63314699
8703,0.000097,7.417236e+01,5.58575443
8704,0.000098,7.417033e+01,11.05420129
8705,0.000118,7.414406e+01,8.71488607
8706,0.000098,7.412338e+01,7.02243917
8707,0.000097,7.410596e+01,5.82634893
8708,0.000106,7.409050e+01,5.00494779
8709,0.000101,7.408227e+01,9.36380832
8710,0.000099,7.406086e+01,7.46416309
8711,0.000097,7.404336e+01,6.10536409
8712,0.000101,7.402818e+01,5.15847074
8713,0.000099,7.402506e+01,10.09202674
8714,0.000109,7.400269e+01,7.96824475
8715,0.000108,7.398500e+01,6.43293632
8716,0.000100,7.397006e+01,5.34855741
8717,0.000100,7.395678e+01,4.60382968
8718,0.000114,7.394913e+01,8.54378508
8719,0.000111,7.393104e+01,6.81824217
8720,0.000109,7.391622e+01,5.58478431
8721,0.000108,7.390335e+01,4.72576317
8722,0.000121,7.390021e+01,9.19894126
8723,0.000162,7.388144e+01,7.26899672
8724,0.000158,7.386654e+01,5.87501753
8725,0.000124,7.385394e+01,4.89168156
8726,0.000116,7.384271e+01,4.21749756
8727,0.000123,7.383593e+01,7.79125016
8728,0.000117,7.382071e+01,6.22509325
8729,0.000120,7.380820e+01,5.10759955
8730,0.000115,7.379729e+01,4.33146034
8731,0.000139,7.379417e+01,8.38992205
8732,0.000113,7.377833e+01,6.63913826
8733,0.000117,7.376569e+01,5.37745192
8734,0.000122,7.375493e+01,4.49054163
8735,0.000115,7.374529e+01,3.88550588
8736,0.000117,7.373895e+01,7.12008910
8737,0.000127,7.372594e+01,5.70360702
8738,0.000112,7.371515e+01,4.69695741
8739,0.000128,7.370567e+01,4.00181113
8740,0.000130,7.370215e+01,7.67054745
8741,0.000120,7.368851e+01,6.08765476
8742,0.000121,7.367751e+01,4.95183488
8743,0.000129,7.366804e+01,4.15831857
8744,0.000122,7.366756e+01,8.29323832
8745,0.000122,7.365302e+01,6.53103596
8746,0.000129,7.364160e+01,5.25589058
8747,0.000141,7.363200e+01,4.35539852
8748,0.000121,7.362347e+01,3.73880299
8749,0.000120,7.361915e+01,7.03559804
8750,0.000127,7.360711e+01,5.61002116
8751,0.000123,7.359724e+01,4.59342979
8752,0.000122,7.358863e+01,3.88919919
8753,0.000125,7.358667e+01,7.60396271
8754,0.000101,7.357380e+01,6.01566153
8755,0.000113,7.356351e+01,4.87314602
8756,0.000112,7.355472e+01,4.07294340
8757,0.000101,7.354680e+01,3.53067887
8758,0.000098,7.354148e+01,6.47490801
8759,0.000105,7.353062e+01,5.19582889
8760,0.000098,7.352154e+01,4.29083426
8761,0.000097,7.351350e+01,3.67023594
8762,0.000107,7.351003e+01,6.99066700
8763,0.000101,7.349844e+01,5.56339884
8764,0.000100,7.348897e+01,4.54419349
8765,0.000122,7.348074e+01,3.83726889
8766,0.000101,7.347940e+01,7.56653930
8767,0.000101,7.346688e+01,5.97837474
8768,0.000104,7.345691e+01,4.83485401
8769,0.000108,7.344840e+01,4.03316901
8770,0.000099,7.344075e+01,3.48959642
8771,0.000097,7.343589e+01,6.44387465
8772,0.004123,7.342528e+01,5.16514667
8773,0.000143,7.341643e+01,4.25976287
8774,0.000083,7.340860e+01,3.63858110
8775,0.000087,7.340547e+01,6.96362997
8776,0.000085,7.339407e+01,5.53786335
8777,0.000083,7.338478e+01,4.51924581
8778,0.000086,7.337670e+01,3.81245456
8779,0.000084,7.337561e+01,7.54186622
8780,0.000082,7.336324e+01,5.95619650
8781,0.000083,7.335341e+01,4.81413874
8782,0.000084,7.334503e+01,4.01328132
8783,0.000082,7.333750e+01,3.47025745
8784,0.000084,7.333281e+01,6.42375759
8785,0.000099,7.332231e+01,5.14728507
8786,0.000117,7.331356e+01,4.24339501
8787,0.000099,7.330581e+01,3.62326143
8788,0.000107,7.330279e+01,6.94462497
8789,0.000103,7.329148e+01,5.52184368
8790,0.000099,7.328227e+01,4.50535839
8791,0.000099,7.327426e+01,3.80013279
8792,0.000106,7.327321e+01,7.52326279
8793,0.000096,7.326092e+01,5.94126380
8794,0.000098,7.325115e+01,4.80195258
8795,0.000112,7.324282e+01,4.00318758
8796,0.000103,7.323533e+01,3.46180729
8797,0.000099,7.323066e+01,6.40933349
8798,0.000099,7.322021e+01,5.13620259
8799,0.000105,7.321149e+01,4.23493570
8800,0.000097,7.320377e+01,3.61689705
8801,0.000096,7.320073e+01,6.93025086
8802,0.000104,7.318945e+01,5.51139329
8803,0.000098,7.318025e+01,4.49806336
8804,0.000107,7.317226e+01,3.79540882
8805,0.000106,7.317116e+01,7.50856159
8806,0.000098,7.315888e+01,5.93106177
8807,0.000100,7.314912e+01,4.79543882
8808,0.000115,7.314079e+01,3.99973967
8809,0.000108,7.313328e+01,3.46090174
8810,0.000112,7.312854e+01,6.39905764
8811,0.000134,7.311808e+01,5.13014941
8812,0.000118,7.310934e+01,4.23245732
8813,0.000130,7.310160e+01,3.61743952
8814,0.000123,7.309844e+01,6.91962182
8815,0.000142,7.308715e+01,5.50552530
8816,0.000122,7.307793e+01,4.49629056
8817,0.000115,7.306989e+01,3.79716436
8818,0.000126,7.306864e+01,7.49733039
8819,0.000116,7.305634e+01,5.92513726
8820,0.000118,7.304653e+01,4.79414002
8821,0.000135,7.303815e+01,4.00250093
8822,0.000117,7.303058e+01,3.46715537
8823,0.000114,7.302567e+01,6.39285993
8824,0.000122,7.301516e+01,5.12911815
8825,0.000121,7.300635e+01,4.23603830
8826,0.000112,7.299853e+01,3.62507463
8827,0.000123,7.299517e+01,6.91295247
8828,0.000116,7.298381e+01,5.50457509
8829,0.000177,7.297450e+01,4.50052281
8830,0.000144,7.296638e+01,3.80604927
8831,0.000122,7.296487e+01,7.49000443
8832,0.000125,7.295249e+01,5.92409776
8833,0.000124,7.294258e+01,4.79886994
8834,0.000130,7.293409e+01,4.01251466
8835,0.000120,7.292641e+01,3.48184678
8836,0.000117,7.292122e+01,6.39157346
8837,0.000146,7.291058e+01,5.13420485
8838,0.000128,7.290166e+01,4.24706895
8839,0.000120,7.289370e+01,3.64149530
8840,0.000133,7.289000e+01,6.91127081
8841,0.000118,7.287851e+01,5.50988868
8842,0.000105,7.286905e+01,4.51246700
8843,0.000105,7.286077e+01,3.82414713
8844,0.000101,7.285887e+01,7.48778651
8845,0.000118,7.284634e+01,5.92951789
8846,0.002031,7.283626e+01,4.81163235
8847,0.000085,7.282759e+01,4.03224131
8848,0.000081,7.281972e+01,3.50788006
8849,0.000084,7.281408e+01,6.39698742
8850,0.000091,7.280325e+01,5.14769735
8851,0.000087,7.279411e+01,4.26837907
8852,0.000086,7.278594e+01,3.67006892
8853,0.000099,7.278173e+01,6.91657141
8854,0.000094,7.277000e+01,5.52402967
8855,0.000098,7.276031e+01,4.53531837
8856,0.000107,7.275178e+01,3.85529390
8857,0.000100,7.274929e+01,7.49287039
8858,0.000100,7.273649e+01,5.94423121
8859,0.000129,7.272614e+01,4.83598532
8860,0.000121,7.271717e+01,4.06599089
8861,0.000128,7.271676e+01,8.13091995
8862,0.000113,7.270269e+01,6.41220164
8863,0.000118,7.269154e+01,5.17350540
8864,0.000119,7.268207e+01,4.30474545
8865,0.000134,7.267355e+01,3.71640959
8866,0.000116,7.266856e+01,6.93217284
8867,0.000122,7.265648e+01,5.55123869
8868,0.000116,7.264640e+01,4.57431559
8869,0.000118,7.263747e+01,3.90570812
8870,0.000118,7.263409e+01,7.50880673
8871,0.000128,7.262088e+01,5.97280988
8872,0.000122,7.261009e+01,4.87762440
8873,0.000131,7.260066e+01,4.12058298
8874,0.000126,7.259923e+01,8.14711688
8875,0.000124,7.258468e+01,6.44210186
8876,0.000122,7.257304e+01,5.21777610
8877,0.000128,7.256304e+01,4.36358604
8878,0.000118,7.255397e+01,3.78909155
8879,0.000122,7.254782e+01,6.96332769
8880,0.000128,7.253516e+01,5.59810333
8881,0.000136,7.252448e+01,4.63743031
8882,0.000119,7.251493e+01,3.98464597
8883,0.000132,7.251020e+01,7.54112279
8884,0.000128,7.249634e+01,6.02219297
8885,0.000099,7.248486e+01,4.94497898
8886,0.000103,7.247473e+01,4.20584837
8887,0.000100,7.247176e+01,8.18046319
8888,0.000101,7.245646e+01,6.49387503
8889,0.000100,7.244404e+01,5.28925559
8890,0.000113,7.243323e+01,4.45513136
8891,0.000097,7.243240e+01,8.88679059
8892,0.000099,7.241540e+01,7.01729070
8893,0.000103,7.240186e+01,5.67347411
8894,0.000096,7.239026e+01,4.73503614
8895,0.000097,7.237976e+01,4.10371747
8896,0.000105,7.237303e+01,7.59692090
8897,0.000100,7.235816e+01,6.10107142
8898,0.000104,7.234564e+01,5.04823193
8899,0.000117,7.233444e+01,4.33313219
8900,0.000098,7.232919e+01,8.23769429
8901,0.000099,7.231276e+01,6.57572895
8902,0.000105,7.229917e+01,5.39749212
8903,0.000103,7.228716e+01,4.58988778
8904,0.000098,7.228377e+01,8.94486814
8905,0.002407,7.226550e+01,7.10134814
8906,0.000119,7.225065e+01,5.78570202
8907,0.000112,7.223771e+01,4.87607572
8908,0.000113,7.223663e+01,9.72417763
8909,0.000110,7.221621e+01,7.68212766
8910,0.000105,7.219990e+01,6.21589128
8911,0.000108,7.218590e+01,5.19380623
8912,0.000093,7.217318e+01,4.50811631
8913,0.000101,7.216475e+01,8.32259457
8914,0.000097,7.214674e+01,6.69127729
8915,0.000113,7.213153e+01,5.54524351
8916,0.000096,7.211787e+01,4.76891354
8917,0.000098,7.211103e+01,9.02774487
8918,0.000107,7.209107e+01,7.21530205
8919,0.000162,7.207448e+01,5.93259600
8920,0.000131,7.205978e+01,5.05538219
8921,0.000131,7.205502e+01,9.80290533
8922,0.000141,7.203281e+01,7.79163284
8923,0.000134,7.201467e+01,6.35817971
8924,0.000128,7.199883e+01,5.36867569
8925,0.000125,7.199681e+01,10.65395929
8926,0.000119,7.197202e+01,8.42431449
8927,0.000122,7.195215e+01,6.82453997
8928,0.000126,7.193507e+01,5.71004721
8929,0.000121,7.191954e+01,4.96231350
8930,0.000114,7.190888e+01,9.11788970
8931,0.000143,7.188709e+01,7.33462500
8932,0.000106,7.186868e+01,6.08105881
8933,0.000096,7.185216e+01,5.23027551
8934,0.000104,7.184375e+01,9.87768212
8935,0.000099,7.181983e+01,7.89197734
8936,0.000098,7.180001e+01,6.48376853
8937,0.000102,7.178251e+01,5.51691838
8938,0.000099,7.177718e+01,10.70972949
8939,0.000097,7.175091e+01,8.50089509
8940,0.000098,7.172961e+01,6.92103568
8941,0.000138,7.171114e+01,5.82379426
8942,0.000100,7.170995e+01,11.62116804
8943,0.000105,7.168108e+01,9.16675645
8944,0.000107,7.165822e+01,7.39685839
8945,0.000098,7.163881e+01,6.15369356
8946,0.000099,7.162138e+01,5.30895379
8947,0.000106,7.161127e+01,9.89621782
8948,0.000100,7.158676e+01,7.91666576
8949,0.000100,7.156643e+01,6.51103223
8950,0.000115,7.154853e+01,5.54248942
8951,0.000106,7.154256e+01,10.69749272
8952,0.000111,7.151627e+01,8.48745116
8953,0.000134,7.149504e+01,6.90197622
8954,0.000114,7.147676e+01,5.79468587
8955,0.002203,7.147612e+01,11.57997736
8956,0.000109,7.144785e+01,9.11760313
8957,0.000100,7.142568e+01,7.33437612
8958,0.000109,7.140708e+01,6.07301009
8959,0.000100,7.139057e+01,5.20652722
8960,0.000103,7.138253e+01,9.81672087
8961,0.000100,7.135933e+01,7.81746399
8962,0.000100,7.134041e+01,6.38661470
8963,0.000101,7.132402e+01,5.38923396
8964,0.000103,7.132125e+01,10.59533866
8965,0.000104,7.129681e+01,8.36125819
8966,0.000104,7.127751e+01,6.74554880
8967,0.000109,7.126124e+01,5.60397414
8968,0.000106,7.124677e+01,4.81986030
8969,0.000125,7.123871e+01,8.97573261
8970,0.000108,7.121887e+01,7.15984398
8971,0.000100,7.120264e+01,5.86113464
8972,0.000103,7.118855e+01,4.95610779
8973,0.000103,7.118538e+01,9.67050251
8974,0.000106,7.116473e+01,7.63877297
8975,0.000099,7.114839e+01,6.17022321
8976,0.000102,7.113458e+01,5.13319945
8977,0.000103,7.112229e+01,4.42115884
8978,0.000099,7.111509e+01,8.19024399
8979,0.000106,7.109840e+01,6.53911428
8980,0.000100,7.108471e+01,5.35933808
8981,0.000102,7.107281e+01,4.53826171
8982,0.000103,7.106976e+01,8.82097182
8983,0.000098,7.105242e+01,6.97391067
8984,0.000097,7.103864e+01,5.64062334
8985,0.000106,7.102696e+01,4.70107162
8986,0.000103,7.101653e+01,4.05793289
8987,0.000097,7.101006e+01,7.47912962
8988,0.000100,7.099594e+01,5.98116765
8989,0.000102,7.098429e+01,4.91371370
8990,0.000100,7.097410e+01,4.17378544
8991,0.000101,7.097090e+01,8.05846585
8992,0.000109,7.095615e+01,6.38372714
8993,0.000104,7.094432e+01,5.17859475
8994,0.000098,7.093422e+01,4.33329977
8995,0.000103,7.092513e+01,3.75841946
8996,0.000107,7.091884e+01,6.85035970
8997,0.000104,7.090662e+01,5.49709533
8998,0.000129,7.089643e+01,4.53758661
8999,0.000121,7.088743e+01,3.87711549
9000,0.002033,7.088363e+01,7.38321769
9001,0.000105,7.087078e+01,5.87032757
9002,0.000102,7.086034e+01,4.78723236
9003,0.000100,7.085130e+01,4.03299259
9004,0.000101,7.085022e+01,7.98489872
9005,0.000106,7.083648e+01,6.29963687
9006,0.000110,7.082561e+01,5.08285215
9007,0.000100,7.081641e+01,4.22628011
9008,0.000102,7.080818e+01,3.64214855
9009,0.000100,7.080347e+01,6.78698542
9010,0.000105,7.079200e+01,5.42549869
9011,0.000106,7.078251e+01,4.45751354
9012,0.000104,7.077418e+01,3.78960737
9013,0.000104,7.077159e+01,7.33517427
9014,0.000161,7.075932e+01,5.81686415
9015,0.000127,7.074942e+01,4.72772049
9016,0.000117,7.074089e+01,3.96777323
9017,0.000097,7.074073e+01,7.94777438
9018,0.000097,7.072744e+01,6.25930846
9019,0.000107,7.071699e+01,5.03849088
9020,0.000102,7.070818e+01,4.17776477
9021,0.000095,7.070032e+01,3.59013488
9022,0.000107,7.069628e+01,6.75589417
9023,0.000097,7.068513e+01,5.39200457
9024,0.000106,7.067594e+01,4.42120991
9025,0.000105,7.066789e+01,3.75069505
9026,0.000100,7.066580e+01,7.31041038
9027,0.000100,7.065378e+01,5.79100216
9028,0.000098,7.064411e+01,4.70018759
9029,0.000104,7.063580e+01,3.93846456
9030,0.000097,7.062828e+01,3.42441627
9031,0.000096,7.062291e+01,6.23871236
9032,0.000104,7.061264e+01,5.01718938
9033,0.000099,7.060400e+01,4.15545009
9034,0.000104,7.059631e+01,3.56688186
9035,0.000104,7.059252e+01,6.73890717
9036,0.000099,7.058152e+01,5.37510306
9037,0.000099,7.057246e+01,4.40397163
9038,0.000111,7.056453e+01,3.73300749
9039,0.000098,7.056263e+01,7.29580377
9040,0.000099,7.055072e+01,5.77716424
9041,0.001950,7.054115e+01,4.68662610
9042,0.000107,7.053294e+01,3.92494067
9043,0.000097,7.052550e+01,3.41092116
9044,0.000100,7.052027e+01,6.22698145
9045,0.000106,7.051007e+01,5.00629046
9046,0.000099,7.050150e+01,4.14506334
9047,0.000100,7.049387e+01,3.55688127
9048,0.000101,7.049017e+01,6.72858801
9049,0.000097,7.047922e+01,5.36612307
9050,0.000103,7.047021e+01,4.39596170
9051,0.000103,7.046233e+01,3.72576208
9052,0.000102,7.046047e+01,7.28638050
9053,0.000104,7.044860e+01,5.76954825
9054,0.000107,7.043907e+01,4.68041996
9055,0.000156,7.043088e+01,3.91988934
9056,0.000140,7.042346e+01,3.40686978
9057,0.000124,7.041823e+01,6.22030568
9058,0.000125,7.040806e+01,5.00144667
9059,0.000141,7.039950e+01,4.14176992
9060,0.000128,7.039187e+01,3.55493720
9061,0.000124,7.038815e+01,6.72251996
9062,0.000133,7.037720e+01,5.36229329
9063,0.000115,7.036819e+01,4.39407864
9064,0.000098,7.036030e+01,3.72560145
9065,0.000099,7.035838e+01,7.28065229
9066,0.000106,7.034650e+01,5.76645134
9067,0.000098,7.033695e+01,4.67966396
9068,0.000101,7.032874e+01,3.92124621
9069,0.000103,7.032129e+01,3.41010985
9070,0.000098,7.031598e+01,6.21770986
9071,0.000101,7.030577e+01,5.00158222
9072,0.000111,7.029718e+01,4.14442084
9073,0.000101,7.028950e+01,3.55987201
9074,0.000098,7.028567e+01,6.72023018
9075,0.000104,7.027467e+01,5.36312158
9076,0.000097,7.026561e+01,4.39783279
9077,0.000098,7.025766e+01,3.73206839
9078,0.001547,7.025559e+01,7.27850166
9079,0.000096,7.024365e+01,5.76780262
9080,0.000086,7.023404e+01,4.68435662
9081,0.000103,7.022575e+01,3.92910365
9082,0.000099,7.021823e+01,3.42084891
9083,0.000094,7.021273e+01,6.21943772
9084,0.000101,7.020245e+01,5.00707032
9085,0.000098,7.019376e+01,4.15354413
9086,0.000099,7.018599e+01,3.57238491
9087,0.000105,7.018193e+01,6.72220722
9088,0.000099,7.017084e+01,5.36928068
9089,0.000096,7.016167e+01,4.40811213
9090,0.000102,7.015361e+01,3.74628336
9091,0.000097,7.015127e+01,7.28061622
9092,0.000132,7.013922e+01,5.77452458
9093,0.000139,7.012947e+01,4.69569564
9094,0.000119,7.012106e+01,3.94495759
9095,0.000116,7.012080e+01,7.89959698
9096,0.000130,7.010759e+01,6.22662975
9097,0.000121,7.009715e+01,5.01937778
9098,0.000116,7.008831e+01,4.17097241
9099,0.000114,7.008038e+01,3.59467988
9100,0.000124,7.007596e+01,6.72975030
9101,0.000124,7.006470e+01,5.38247094
9102,0.000119,7.005535e+01,4.42706476
9103,0.000125,7.004710e+01,3.77085272
9104,0.000135,7.004435e+01,7.28845967
9105,0.000124,7.003209e+01,5.78854727
9106,0.000129,7.002214e+01,4.71613819
9107,0.000120,7.001350e+01,3.97181478
9108,0.000124,7.001277e+01,7.90768571
9109,0.000131,6.999933e+01,6.24143746
9110,0.000124,6.998865e+01,5.04127982
9111,0.000124,6.997956e+01,4.20013122
9112,0.000134,6.997137e+01,3.63080850
9113,0.000122,6.996639e+01,6.74530178
9114,0.001496,6.995485e+01,5.40580778
9115,0.000085,6.994522e+01,4.45853975
9116,0.000079,6.993667e+01,3.81035621
9117,0.000081,6.993327e+01,7.30471997
9118,0.000087,6.992070e+01,5.81330013
9119,0.000084,6.991042e+01,4.74994465
9120,0.000081,6.990144e+01,4.01478499
9121,0.000081,6.989996e+01,7.92462472
9122,0.000083,6.988616e+01,6.26759203
9123,0.000081,6.987511e+01,5.07743232
9124,0.000079,6.986562e+01,4.24665021
9125,0.000081,6.985703e+01,3.68732269
9126,0.000081,6.985118e+01,6.77284534
9127,0.000079,6.983921e+01,5.44431711
9128,0.000109,6.982913e+01,4.50867495
9129,0.000105,6.982012e+01,3.87200173
9130,0.000112,6.981573e+01,7.33363723
9131,0.000104,6.980267e+01,5.85416901
9132,0.000109,6.979187e+01,4.80374303
9133,0.000130,6.978236e+01,4.08171246
9134,0.000119,6.977975e+01,7.95489261
9135,0.000120,6.976538e+01,6.31080855
9136,0.000125,6.975374e+01,5.13491159
9137,0.000119,6.974365e+01,4.31896026
9138,0.000146,6.974319e+01,8.64200372
9139,0.000129,6.972726e+01,6.81837468
9140,0.000115,6.971462e+01,5.50544348
9141,0.000113,6.970384e+01,4.58638720
9142,0.000117,6.969411e+01,3.96602624
9143,0.000118,6.968822e+01,7.38135732
9144,0.000120,6.967439e+01,5.91884264
9145,0.000119,6.966280e+01,4.88679452
9146,0.000172,6.965247e+01,4.18326925
9147,0.000113,6.964814e+01,8.00470249
9148,0.000109,6.963290e+01,6.37888042
9149,0.000120,6.962035e+01,5.22312676
9150,0.001893,6.960934e+01,4.42791364
9151,0.000087,6.960692e+01,8.69371062
9152,0.000083,6.959001e+01,6.88957867
9153,0.000086,6.957634e+01,5.59848246
9154,0.000082,6.956451e+01,4.70236945
9155,0.000082,6.956446e+01,9.45417727
9156,0.000084,6.954556e+01,7.45528387
9157,0.000084,6.953058e+01,6.01614572
9158,0.000089,6.951781e+01,5.00912728
9159,0.000085,6.950627e+01,4.33023871
9160,0.000083,6.949941e+01,8.08069565
9161,0.000082,6.948287e+01,6.47962205
9162,0.000085,6.946901e+01,5.35078200
9163,0.000108,6.945664e+01,4.58257739
9164,0.000108,6.945141e+01,8.77098905
9165,0.000100,6.943306e+01,6.99266075
9166,0.000098,6.941793e+01,5.73000513
9167,0.000102,6.940461e+01,4.86294128
9168,0.000102,6.940145e+01,9.53167309
9169,0.000108,6.938098e+01,7.55923034
9170,0.000103,6.936440e+01,6.14956524
9171,0.000097,6.934999e+01,5.17312105
9172,0.000100,6.934947e+01,10.36877135
9173,0.000103,6.932653e+01,8.18361934
9174,0.000098,6.930827e+01,6.61238391
9175,0.000099,6.929265e+01,5.51491598
9176,0.000103,6.927851e+01,4.77674126
9177,0.000106,6.926965e+01,8.87049296
9178,0.000121,6.924948e+01,7.12161907
9179,0.000107,6.923252e+01,5.89022286
9180,0.000115,6.921734e+01,5.05344701
9181,0.000110,6.921041e+01,9.62508890
9182,0.000108,6.918808e+01,7.68075232
9183,0.000110,6.916961e+01,6.30108753
9184,0.000104,6.915333e+01,5.35396957
9185,0.000103,6.914900e+01,10.45309463
9186,0.000109,6.912421e+01,8.29365142
9187,0.002196,6.910411e+01,6.74986770
9188,0.000105,6.908666e+01,5.67933012
9189,0.000103,6.908580e+01,11.36096214
9190,0.000100,6.905823e+01,8.96481706
9191,0.000098,6.903634e+01,7.23947026
9192,0.000098,6.901768e+01,6.03104067
9193,0.000093,6.900084e+01,5.21407161
9194,0.000099,6.899067e+01,9.69958304
9195,0.000097,6.896684e+01,7.77363843
9196,0.000105,6.894693e+01,6.41146633
9197,0.000097,6.892925e+01,5.47883877
9198,0.000100,6.892227e+01,10.50447888
9199,0.000102,6.889632e+01,8.35721488
9200,0.000140,6.887514e+01,6.82410357
9201,0.000140,6.885668e+01,5.76120734
9202,0.000124,6.885399e+01,11.38710886
9203,0.000115,6.882572e+01,8.99628112
9204,0.000129,6.880322e+01,7.27388677
9205,0.000114,6.878405e+01,6.06510235
9206,0.000123,6.876681e+01,5.24379655
9207,0.000129,6.875608e+01,9.69837248
9208,0.000126,6.873221e+01,7.76740684
9209,0.000124,6.871236e+01,6.39637354
9210,0.000132,6.869488e+01,5.45109147
9211,0.000125,6.868855e+01,10.47259173
9212,0.000138,6.866317e+01,8.31285607
9213,0.000126,6.864267e+01,6.76270393
9214,0.000121,6.862503e+01,5.67885851
9215,0.000123,6.862421e+01,11.32907373
9216,0.000120,6.859713e+01,8.91961862
9217,0.000130,6.857593e+01,7.17323345
9218,0.000128,6.855816e+01,5.93614612
9219,0.000138,6.854244e+01,5.08437590
9220,0.000144,6.853498e+01,9.59785533
9221,0.000112,6.851293e+01,7.63795924
9222,0.000110,6.849502e+01,6.23311082
9223,0.000118,6.847954e+01,5.25165716
9224,0.002224,6.847739e+01,10.35809797
9225,0.000118,6.845426e+01,8.16697370
9226,0.000100,6.843607e+01,6.57999897
9227,0.000107,6.842079e+01,5.45644074
9228,0.000105,6.840726e+01,4.68272717
9229,0.000104,6.840022e+01,8.76965636
9230,0.000107,6.838155e+01,6.98620856
9231,0.000109,6.836635e+01,5.70850582
9232,0.000104,6.835319e+01,4.81625727
9233,0.000106,6.835088e+01,9.45454387
9234,0.000109,6.833144e+01,7.45976751
9235,0.000106,6.831611e+01,6.01599963
9236,0.000106,6.830320e+01,4.99484427
9237,0.000211,6.829175e+01,4.29260604
9238,0.000177,6.828550e+01,8.00709563
9239,0.000152,6.826979e+01,6.38508401
9240,0.000160,6.825694e+01,5.22482188
9241,0.000160,6.824580e+01,4.41648732
9242,0.000101,6.824342e+01,8.63351243
9243,0.000110,6.822700e+01,6.82022163
9244,0.000106,6.821399e+01,5.51042994
9245,0.000099,6.820298e+01,4.58690852
9246,0.000097,6.819316e+01,3.95468841
9247,0.000104,6.818731e+01,7.32467340
9248,0.000101,6.817389e+01,5.85430906
9249,0.000100,6.816283e+01,4.80634176
9250,0.000099,6.815315e+01,4.08009705
9251,0.000106,6.815030e+01,7.90135595
9252,0.000116,6.813618e+01,6.25828900
9253,0.000106,6.812487e+01,5.07611109
9254,0.000108,6.811519e+01,4.24734460
9255,0.000100,6.810648e+01,3.68438086
9256,0.000098,6.810048e+01,6.72402607
9257,0.000103,6.808871e+01,5.39709649
9258,0.000101,6.807888e+01,4.45693978
9259,0.000098,6.807019e+01,3.81063016
9260,0.000298,6.806646e+01,7.25364195
9261,0.000116,6.805401e+01,5.77034955
9262,0.002131,6.804388e+01,4.70935166
9263,0.000114,6.803509e+01,3.97152057
9264,0.000103,6.803389e+01,7.84992317
9265,0.000104,6.802052e+01,6.19742238
9266,0.000108,6.800993e+01,5.00538864
9267,0.000102,6.800094e+01,4.16743951
9268,0.000102,6.799287e+01,3.59717203
9269,0.000113,6.798806e+01,6.68059313
9270,0.000104,6.797684e+01,5.34643796
9271,0.000102,6.796753e+01,4.39924711
9272,0.000100,6.795932e+01,3.74701147
9273,0.000108,6.795650e+01,7.22298032
9274,0.000106,6.794446e+01,5.73454904
9275,0.000138,6.793471e+01,4.66833949
9276,0.000122,6.792629e+01,3.92588141
9277,0.000102,6.792576e+01,7.82843054
9278,0.000107,6.791271e+01,6.17240038
9279,0.000105,6.790240e+01,4.97664710
9280,0.000097,6.789368e+01,4.13523889
9281,0.000096,6.788586e+01,3.56227206
9282,0.000108,6.788152e+01,6.66330597
9283,0.000097,6.787051e+01,5.32662759
9284,0.000102,6.786139e+01,4.37699595
9285,0.000104,6.785337e+01,3.72276657
9286,0.000098,6.785088e+01,7.21123382
9287,0.000101,6.783900e+01,5.72123060
9288,0.000108,6.782939e+01,4.65345366
9289,0.000113,6.782110e+01,3.90968536
9290,0.000098,6.782080e+01,7.82068053
9291,0.000105,6.780785e+01,6.16383648
9292,0.000105,6.779763e+01,4.96726105
9293,0.000101,6.778899e+01,4.12519031
9294,0.000099,6.778126e+01,3.55188453
9295,0.000107,6.777705e+01,6.65827817
9296,0.000100,6.776609e+01,5.32141557
9297,0.000107,6.775702e+01,4.37172855
9298,0.000102,6.774904e+01,3.71767344
9299,0.000100,6.774661e+01,7.20889360
9300,0.000100,6.773475e+01,5.71925733
9301,0.000105,6.772516e+01,4.65199250
9302,0.002050,6.771688e+01,3.90893263
9303,0.000106,6.771657e+01,7.82043827
9304,0.000100,6.770361e+01,6.16444366
9305,0.000100,6.769339e+01,4.96891172
9306,0.000097,6.768473e+01,4.12809603
9307,0.000101,6.767697e+01,3.55621857
9308,0.000099,6.767268e+01,6.66100235
9309,0.000105,6.766168e+01,5.32568320
9310,0.000102,6.765257e+01,4.37780506
9311,0.000098,6.764453e+01,3.72574904
9312,0.000108,6.764197e+01,7.21340886
9313,0.000106,6.763004e+01,5.72579011
9314,0.000103,6.762037e+01,4.66089243
9315,0.000103,6.761200e+01,3.92045003
9316,0.000185,6.761151e+01,7.82651777
9317,0.000147,6.759845e+01,6.17299453
9318,0.000125,6.758811e+01,4.98039161
9319,0.000134,6.757934e+01,4.14285438
9320,0.000131,6.757146e+01,3.57437707
9321,0.000133,6.756691e+01,6.67140354
9322,0.000114,6.755577e+01,5.33957981
9323,0.000105,6.754650e+01,4.39568044
9324,0.000108,6.753831e+01,3.74782800
9325,0.000100,6.753542e+01,7.22555546
9326,0.000097,6.752331e+01,5.74200585
9327,0.000109,6.751345e+01,4.68182543
9328,0.000098,6.750489e+01,3.94647604
9329,0.000100,6.750399e+01,7.84035737
9330,0.000103,6.749071e+01,6.19148874
9331,0.000097,6.748014e+01,5.00438087
9332,0.000101,6.747113e+01,4.17291247
9333,0.000106,6.746300e+01,3.61060241
9334,0.000109,6.745793e+01,6.69218785
9335,0.000101,6.744651e+01,5.36667986
9336,0.000103,6.743696e+01,4.42991392
9337,0.000096,6.742847e+01,3.78949626
9338,0.000101,6.742495e+01,7.24869274
9339,0.001920,6.741251e+01,5.77232934
9340,0.000105,6.740231e+01,4.72044133
9341,0.000097,6.739338e+01,3.99395728
9342,0.000102,6.739173e+01,7.86596317
9343,0.000095,6.737805e+01,6.22521104
9344,0.000097,6.736707e+01,5.04765843
9345,0.000110,6.735763e+01,4.22666160
9346,0.000095,6.734905e+01,3.67487566
9347,0.000099,6.734305e+01,6.72955434
9348,0.000100,6.733114e+01,5.41498281
9349,0.000100,6.732107e+01,4.49048772
9350,0.000096,6.731205e+01,3.86273129
9351,0.000104,6.730742e+01,7.29003064
9352,0.000098,6.729438e+01,5.82612442
9353,0.000159,6.728356e+01,4.78852440
9354,0.000131,6.727400e+01,4.07716667
9355,0.000124,6.727101e+01,7.91169693
9356,0.000129,6.725662e+01,6.28509109
9357,0.000125,6.724490e+01,5.12409592
9358,0.000130,6.723469e+01,4.32106414
9359,0.000132,6.723367e+01,8.60012355
9360,0.000124,6.721765e+01,6.79627098
9361,0.000124,6.720485e+01,5.50081590
9362,0.000143,6.719386e+01,4.59755615
9363,0.000118,6.718388e+01,3.99142169
9364,0.000124,6.717723e+01,7.36448397
9365,0.000123,6.716312e+01,5.92264797
9366,0.000119,6.715118e+01,4.91008227
9367,0.000119,6.714046e+01,4.22483287
9368,0.000124,6.713503e+01,7.99511488
9369,0.000128,6.711933e+01,6.39397505
9370,0.000110,6.710625e+01,5.26243243
9371,0.000100,6.709462e+01,4.49082576
9372,0.000104,6.709062e+01,8.69404919
9373,0.000097,6.707300e+01,6.91962883
9374,0.000096,6.705853e+01,5.65881992
9375,0.006342,6.704580e+01,4.79332107
9376,0.000091,6.704349e+01,9.46786055
9377,0.000086,6.702353e+01,7.50503336
9378,0.000094,6.700736e+01,6.10401010
9379,0.000085,6.699327e+01,5.13681275
9380,0.000084,6.699291e+01,10.32391760
9381,0.000085,6.697011e+01,8.15633109
9382,0.000088,6.695184e+01,6.60347121
9383,0.000085,6.693607e+01,5.52654776
9384,0.000083,6.692163e+01,4.81158458
9385,0.000084,6.691167e+01,8.88055099
9386,0.000086,6.689082e+01,7.16360561
9387,0.000085,6.687295e+01,5.96881115
9388,0.000189,6.685666e+01,5.17296166
9389,0.000312,6.684677e+01,9.68598081
9390,0.000277,6.682269e+01,7.79208428
9391,0.000273,6.680217e+01,6.47130821
9392,0.000280,6.678352e+01,5.59007995
9393,0.000303,6.677342e+01,10.58228523
9394,0.000464,6.674528e+01,8.49823674
9395,0.000317,6.672138e+01,7.04376485
9396,0.000339,6.669966e+01,6.07362957
9397,0.000311,6.668881e+01,11.58124426
9398,0.000645,6.665550e+01,9.29389386
9399,0.000519,6.662720e+01,7.69896502
9400,0.000362,6.660145e+01,6.63804140
9401,0.000308,6.658890e+01,12.69767538
9402,0.000371,6.654888e+01,10.19465386
9403,0.000282,6.651477e+01,8.45443038
9404,0.000279,6.648358e+01,7.30361591
9405,0.000318,6.646763e+01,13.95104341
9406,0.000282,6.641875e+01,11.22209651
9407,0.000275,6.637676e+01,9.33535574
9408,0.000303,6.633803e+01,8.10023056
9409,0.000286,6.631570e+01,15.36838342
9410,0.001920,6.625477e+01,12.40781837
9411,0.000130,6.620173e+01,10.37994249
9412,0.000097,6.615217e+01,9.07402897
9413,0.000098,6.611810e+01,16.98987058
9414,0.000097,6.604016e+01,13.80111746
9415,0.000098,6.597099e+01,11.64947244
9416,0.000097,6.590518e+01,10.29990518
9417,0.000096,6.584939e+01,18.87996395
9418,0.000099,6.574625e+01,15.48425336
9419,0.000106,6.565225e+01,13.24800221
9420,0.000098,6.562862e+01,26.35019823
9421,0.000097,6.546376e+01,21.15089004
9422,0.000097,6.532082e+01,17.60383082
9423,0.000096,6.518593e+01,15.36189016
9424,0.000139,6.510506e+01,29.46465067
9425,0.000129,6.487312e+01,24.01174686
9426,0.000124,6.466202e+01,20.43604724
9427,0.000129,6.464585e+01,41.60116896
9428,0.000133,6.424538e+01,33.39667088
9429,0.000131,6.389372e+01,27.87924166
9430,0.000126,6.355427e+01,24.51975426
9431,0.000124,6.332402e+01,47.09043671
9432,0.000122,6.270257e+01,38.77560387
9433,0.000133,6.211348e+01,33.58696945
9434,0.000124,6.189185e+01,67.02052414
9435,0.000130,6.073621e+01,54.67574469
9436,0.000126,5.965732e+01,46.83922968
9437,0.000124,5.952615e+01,95.89426602
9438,0.000122,5.730201e+01,77.67567789
9439,0.000133,5.526064e+01,65.88174110
9440,0.000120,5.319949e+01,59.23375432
9441,0.000104,5.120449e+01,110.20786103
9442,0.000105,4.740869e+01,92.01361271
9443,0.000096,4.373097e+01,80.70412553
9444,0.000111,4.143239e+01,154.33012424
9445,0.000107,3.510951e+01,124.84647618
9446,0.001517,2.960508e+01,104.03864756
9447,0.000084,2.462686e+01,89.32789866
9448,0.000083,2.209203e+01,164.95072867
9449,0.000083,1.586084e+01,129.08409279
9450,0.000097,1.130468e+01,101.74421518
9451,0.000082,7.959483e+00,80.68734906
9452,0.000082,5.521019e+00,64.25358271
9453,0.000081,3.769734e+00,51.26626567
9454,0.000083,2.535231e+00,40.90713859
9455,0.000210,2.396673e+00,74.98583007
9456,0.000089,1.450444e+00,57.10401399
9457,0.000087,8.778252e-01,43.49512463
9458,0.000088,5.314634e-01,33.13909560
9459,0.000115,3.219805e-01,25.25759964
9460,0.000150,1.952539e-01,19.25813817
9461,0.000133,1.185482e-01,14.69011209
9462,0.000138,7.207960e-02,11.21095026
9463,0.000136,4.389699e-02,8.56022131
9464,0.000134,2.678125e-02,6.53992205
9465,0.000144,1.637031e-02,4.99949247
9466,0.000131,1.002672e-02,3.82442955
9467,0.000162,6.154273e-03,2.92763665
9468,0.000184,3.785719e-03,2.24285076
9469,0.000141,2.334090e-03,1.71964808
9470,0.000126,1.442595e-03,1.31964856
9471,0.000206,8.939647e-04,1.01363124
9472,0.000172,5.556387e-04,0.77934169
9473,0.000126,3.465760e-04,0.59982534
9474,0.000117,2.171302e-04,0.46216039
9475,0.000118,1.368242e-04,0.35649443
9476,0.000120,8.690884e-05,0.27531181
9477,0.000116,5.582610e-05,0.21287650
9478,0.000121,3.643615e-05,0.16480822
9479,0.000123,2.431956e-05,0.12775996
9480,0.000116,1.673540e-05,0.09917254
9481,0.001728,1.198052e-05,0.07708780
9482,0.000086,1.164355e-05,0.14019755
9483,0.000084,8.515110e-06,0.10663802
9484,0.000083,6.657308e-06,0.08114023
9485,0.000092,5.550876e-06,0.06176489
9486,0.000082,4.889720e-06,0.04704030
9487,0.000082,4.493041e-06,0.03584958
9488,0.000085,4.253826e-06,0.02734523
9489,0.000083,4.108591e-06,0.02088427
9490,0.000081,4.019591e-06,0.01597905
9491,0.000084,3.964329e-06,0.01225999
9492,0.000081,3.929361e-06,0.00944721
9493,0.000081,3.906635e-06,0.00732901
9494,0.000083,3.891315e-06,0.00574531
9495,0.000115,3.880488e-06,0.00457472
9496,0.000121,3.872395e-06,0.00372422
9497,0.000099,3.865970e-06,0.00312078
9498,0.000099,3.863381e-06,0.00580573
9499,0.000241,3.855760e-06,0.00458823
9500,0.000139,3.849756e-06,0.00370953
9501,0.000115,3.844693e-06,0.00309163
9502,0.000140,3.840178e-06,0.00267113
9503,0.000149,3.837337e-06,0.00492574
9504,0.000142,3.831165e-06,0.00394765
9505,0.000151,3.826027e-06,0.00325406
9506,0.000137,3.821487e-06,0.00277730
9507,0.000130,3.819769e-06,0.00533161
9508,0.000128,3.813141e-06,0.00423908
9509,0.000118,3.807749e-06,0.00345727
9510,0.000117,3.803071e-06,0.00291369
9511,0.000132,3.802587e-06,0.00578624
9512,0.000281,3.795380e-06,0.00456837
9513,0.000125,3.789664e-06,0.00368965
9514,0.000122,3.784807e-06,0.00307201
9515,0.000117,3.780445e-06,0.00265198
9516,0.000116,3.777881e-06,0.00493719
9517,0.000218,3.771768e-06,0.00395258
9518,0.000342,3.766689e-06,0.00325355
9519,0.000341,3.762208e-06,0.00277235
9520,0.000317,3.760675e-06,0.00534897
9521,0.000344,3.754078e-06,0.00424880
9522,0.001579,3.748729e-06,0.00346059
9523,0.000089,3.744100e-06,0.00291171
9524,0.000089,3.743804e-06,0.00580759
9525,0.000088,3.736619e-06,0.00458135
9526,0.000082,3.730940e-06,0.00369562
9527,0.000083,3.726128e-06,0.00307215
9528,0.000085,3.721817e-06,0.00264742
9529,0.000086,3.719420e-06,0.00495354
9530,0.000086,3.713337e-06,0.00396132
9531,0.000085,3.708301e-06,0.00325593
9532,0.000079,3.703869e-06,0.00276954
9533,0.000092,3.702514e-06,0.00536897
9534,0.000108,3.695942e-06,0.00426052
9535,0.000134,3.690631e-06,0.00346540
9536,0.000268,3.686048e-06,0.00291082
9537,0.000123,3.685945e-06,0.00583159
9538,0.000111,3.678777e-06,0.00459632
9539,0.000139,3.673132e-06,0.00370309
9540,0.000137,3.668363e-06,0.00307340
9541,0.000126,3.664101e-06,0.00264367
9542,0.000124,3.661873e-06,0.00497204
9543,0.000118,3.655819e-06,0.00397166
9544,0.000123,3.650823e-06,0.00325950
9545,0.000124,3.646437e-06,0.00276761
9546,0.000120,3.645264e-06,0.00539131
9547,0.000120,3.638713e-06,0.00427400
9548,0.000126,3.633439e-06,0.00347152
9549,0.000116,3.628900e-06,0.00291091
9550,0.000111,3.624786e-06,0.00253238
9551,0.000116,3.621839e-06,0.00461320
9552,0.000122,3.616225e-06,0.00371198
9553,0.000113,3.611498e-06,0.00307571
9554,0.000114,3.607283e-06,0.00264069
9555,0.000123,3.605227e-06,0.00499262
9556,0.000119,3.599198e-06,0.00398357
9557,0.000129,3.594239e-06,0.00326425
9558,0.001755,3.589899e-06,0.00276654
9559,0.000091,3.588912e-06,0.00541592
9560,0.000089,3.582378e-06,0.00428919
9561,0.000083,3.577137e-06,0.00347893
9562,0.000084,3.572641e-06,0.00291195
9563,0.000082,3.568575e-06,0.00252839
9564,0.000085,3.565792e-06,0.00463195
9565,0.000081,3.560205e-06,0.00372229
9566,0.000083,3.555517e-06,0.00307907
9567,0.000083,3.551348e-06,0.00263849
9568,0.000085,3.549468e-06,0.00501523
9569,0.000083,3.543460e-06,0.00399703
9570,0.000081,3.538537e-06,0.00327016
9571,0.000102,3.534240e-06,0.00276632
9572,0.000218,3.533443e-06,0.00544274
9573,0.000152,3.526923e-06,0.00430606
9574,0.000138,3.521713e-06,0.00348761
9575,0.000128,3.517257e-06,0.00291394
9576,0.000116,3.513238e-06,0.00252509
9577,0.000121,3.510620e-06,0.00465253
9578,0.000144,3.505059e-06,0.00373398
9579,0.000122,3.500408e-06,0.00308347
9580,0.000257,3.496283e-06,0.00263706
9581,0.000141,3.494581e-06,0.00503985
9582,0.000167,3.488592e-06,0.00401200
9583,0.000178,3.483703e-06,0.00327721
9584,0.000165,3.479447e-06,0.00276697
9585,0.000164,3.478844e-06,0.00547175
9586,0.000164,3.472335e-06,0.00432459
9587,0.000146,3.467153e-06,0.00349755
9588,0.000142,3.462736e-06,0.00291687
9589,0.000138,3.458761e-06,0.00252249
9590,0.000131,3.456312e-06,0.00467492
9591,0.000152,3.450773e-06,0.00374705
9592,0.000142,3.446158e-06,0.00308892
9593,0.000133,3.442075e-06,0.00263640
9594,0.000148,3.440555e-06,0.00506644
9595,0.000136,3.434581e-06,0.00402848
9596,0.000141,3.429722e-06,0.00328540
9597,0.002023,3.425507e-06,0.00276846
9598,0.000111,3.425102e-06,0.00550291
9599,0.000117,3.418599e-06,0.00434476
9600,0.000107,3.413443e-06,0.00350873
9601,0.000104,3.409063e-06,0.00292074
9602,0.000102,3.405132e-06,0.00252059
9603,0.000107,3.402853e-06,0.00469911
9604,0.000102,3.397333e-06,0.00376149
9605,0.000102,3.392751e-06,0.00309540
9606,0.000103,3.388710e-06,0.00263651
9607,0.000104,3.387375e-06,0.00509499
9608,0.000114,3.381413e-06,0.00404645
9609,0.000105,3.376583e-06,0.00329473
9610,0.000129,3.372406e-06,0.00277081
9611,0.000129,3.372203e-06,0.00553620
9612,0.000123,3.365703e-06,0.00436657
9613,0.000120,3.360570e-06,0.00352116
9614,0.000123,3.356225e-06,0.00292555
9615,0.000127,3.352336e-06,0.00251939
9616,0.000136,3.350230e-06,0.00472507
9617,0.000265,3.344727e-06,0.00377729
9618,0.000143,3.340177e-06,0.00310291
9619,0.000128,3.336176e-06,0.00263740
9620,0.000156,3.335028e-06,0.00512547
9621,0.000143,3.329074e-06,0.00406590
9622,0.000176,3.324271e-06,0.00330519
9623,0.000152,3.320131e-06,0.00277402
9624,0.000136,3.316375e-06,0.00241559
9625,0.000139,3.313633e-06,0.00438999
9626,0.000140,3.308521e-06,0.00353483
9627,0.000144,3.304210e-06,0.00293131
9628,0.000132,3.300362e-06,0.00251890
9629,0.000144,3.298431e-06,0.00475281
9630,0.000144,3.292942e-06,0.00379445
9631,0.000156,3.288421e-06,0.00311146
9632,0.000138,3.284458e-06,0.00263908
9633,0.000147,3.283501e-06,0.00515789
9634,0.000148,3.277553e-06,0.00408684
9635,0.000196,3.272774e-06,0.00331679
9636,0.000162,3.268670e-06,0.00277809
9637,0.000191,3.264955e-06,0.00241379
9638,0.001759,3.262377e-06,0.00441503
9639,0.000088,3.257284e-06,0.00354974
9640,0.000086,3.253004e-06,0.00293802
9641,0.000082,3.249195e-06,0.00251911
9642,0.000082,3.247443e-06,0.00478230
9643,0.000082,3.241965e-06,0.00381296
9644,0.000084,3.237471e-06,0.00312105
9645,0.000084,3.233545e-06,0.00264154
9646,0.000084,3.232783e-06,0.00519223
9647,0.000084,3.226837e-06,0.00410926
9648,0.000090,3.222080e-06,0.00332952
9649,0.000081,3.218009e-06,0.00278303
9650,0.000083,3.214335e-06,0.00241264
9651,0.000108,3.211923e-06,0.00444169
9652,0.000105,3.206845e-06,0.00356590
9653,0.000098,3.202596e-06,0.00294568
9654,0.000094,3.198825e-06,0.00252005
9655,0.000097,3.197253e-06,0.00481356
9656,0.000109,3.191783e-06,0.00383283
9657,0.000103,3.187314e-06,0.00313169
9658,0.000107,3.183424e-06,0.00264479
9659,0.000194,3.182860e-06,0.00522849
9660,0.000116,3.176912e-06,0.00413316
9661,0.000113,3.172175e-06,0.00334340
9662,0.000113,3.168137e-06,0.00278884
9663,0.000126,3.164501e-06,0.00241215
9664,0.000115,3.162258e-06,0.00446996
9665,0.000260,3.157193e-06,0.00358330
9666,0.000176,3.152972e-06,0.00295429
9667,0.000115,3.149238e-06,0.00252171
9668,0.000130,3.147849e-06,0.00484658
9669,0.000123,3.142384e-06,0.00385406
9670,0.000115,3.137939e-06,0.00314337
9671,0.000117,3.134082e-06,0.00264884
9672,0.000117,3.133720e-06,0.00526666
9673,0.000116,3.127768e-06,0.00415854
9674,0.000113,3.123049e-06,0.00335843
9675,0.000123,3.119041e-06,0.00279553
9676,0.000120,3.115443e-06,0.00241232
9677,0.001907,3.113370e-06,0.00449985
9678,0.000087,3.108315e-06,0.00360196
9679,0.000082,3.104121e-06,0.00296387
9680,0.000084,3.100422e-06,0.00252411
9681,0.000085,3.099219e-06,0.00488135
9682,0.000084,3.093756e-06,0.00387666
9683,0.000084,3.089333e-06,0.00315611
9684,0.000082,3.085508e-06,0.00265370
9685,0.000086,3.085351e-06,0.00530675
9686,0.000084,3.079391e-06,0.00418541
9687,0.000082,3.074688e-06,0.00337460
9688,0.000083,3.070708e-06,0.00280310
9689,0.000081,3.067147e-06,0.00241316
9690,0.000107,3.065246e-06,0.00453135
9691,0.000100,3.060200e-06,0.00362187
9692,0.000101,3.056030e-06,0.00297443
9693,0.000095,3.052366e-06,0.00252724
9694,0.000095,3.051351e-06,0.00491789
9695,0.000107,3.045888e-06,0.00390062
9696,0.000108,3.041483e-06,0.00316991
9697,0.000097,3.037690e-06,0.00265938
9698,0.000103,3.034250e-06,0.00231462
9699,0.000096,3.031771e-06,0.00421377
9700,0.000100,3.027080e-06,0.00339194
9701,0.000100,3.023128e-06,0.00281158
9702,0.000103,3.019603e-06,0.00241468
9703,0.000099,3.017876e-06,0.00456448
9704,0.000097,3.012836e-06,0.00364305
9705,0.000108,3.008688e-06,0.00298596
9706,0.000098,3.005056e-06,0.00253113
9707,0.000109,3.004234e-06,0.00495620
9708,0.000117,2.998767e-06,0.00392596
9709,0.000108,2.994380e-06,0.00318479
9710,0.000125,2.990616e-06,0.00266588
9711,0.000126,2.987212e-06,0.00231463
9712,0.000119,2.984895e-06,0.00424363
9713,0.000122,2.980215e-06,0.00341045
9714,0.000131,2.976289e-06,0.00282095
9715,0.001929,2.972798e-06,0.00241689
9716,0.000115,2.971248e-06,0.00459924
9717,0.000102,2.966210e-06,0.00366550
9718,0.000110,2.962084e-06,0.00299848
9719,0.000097,2.958483e-06,0.00253577
9720,0.000100,2.957856e-06,0.00499629
9721,0.000103,2.952382e-06,0.00395269
9722,0.000102,2.948010e-06,0.00320074
9723,0.000103,2.944274e-06,0.00267322
9724,0.000101,2.940906e-06,0.00231528
9725,0.000095,2.938753e-06,0.00427499
9726,0.000085,2.934081e-06,0.00343013
9727,0.000085,2.930179e-06,0.00283124
9728,0.000115,2.926720e-06,0.00241979
9729,0.000107,2.925350e-06,0.00463564
9730,0.000096,2.920312e-06,0.00368922
9731,0.000098,2.916205e-06,0.00301201
9732,0.000098,2.912634e-06,0.00254119
9733,0.000097,2.912205e-06,0.00503815
9734,0.000097,2.906722e-06,0.00398080
9735,0.000106,2.902363e-06,0.00321778
9736,0.000100,2.898654e-06,0.00268140
9737,0.000099,2.895319e-06,0.00231658
9738,0.000106,2.893332e-06,0.00430787
9739,0.000101,2.888667e-06,0.00345099
9740,0.000102,2.884786e-06,0.00284246
9741,0.000096,2.881359e-06,0.00242341
9742,0.000102,2.880171e-06,0.00467368
9743,0.000108,2.875131e-06,0.00371424
9744,0.000108,2.871041e-06,0.00302654
9745,0.000111,2.867498e-06,0.00254738
9746,0.000099,2.867272e-06,0.00508181
9747,0.000099,2.861775e-06,0.00401032
9748,0.000104,2.857427e-06,0.00323592
9749,0.000101,2.853743e-06,0.00269043
9750,0.000099,2.850442e-06,0.00231852
9751,0.000104,2.848622e-06,0.00434227
9752,0.000100,2.843960e-06,0.00347305
9753,0.000101,2.840100e-06,0.00285461
9754,0.001852,2.836704e-06,0.00242775
9755,0.000100,2.835700e-06,0.00471338
9756,0.000099,2.830655e-06,0.00374055
9757,0.000191,2.826580e-06,0.00304208
9758,0.000105,2.823065e-06,0.00255437
9759,0.000099,2.823044e-06,0.00512727
9760,0.000094,2.817531e-06,0.00404125
9761,0.000091,2.813192e-06,0.00325517
9762,0.000091,2.809531e-06,0.00270033
9763,0.000091,2.806262e-06,0.00232113
9764,0.000099,2.804612e-06,0.00437820
9765,0.000104,2.799951e-06,0.00349632
9766,0.000111,2.796110e-06,0.00286770
9767,0.000106,2.792743e-06,0.00243281
9768,0.000166,2.791927e-06,0.00475475
9769,0.000131,2.786873e-06,0.00376818
9770,0.000142,2.782812e-06,0.00305866
9771,0.000123,2.779323e-06,0.00256215
9772,0.000132,2.776165e-06,0.00222625
9773,0.000142,2.773979e-06,0.00407360
9774,0.000123,2.769647e-06,0.00327553
9775,0.000120,2.766008e-06,0.00271110
9776,0.000128,2.762769e-06,0.00232440
9777,0.000122,2.761291e-06,0.00441568
9778,0.000109,2.756629e-06,0.00352080
9779,0.000107,2.752805e-06,0.00288175
9780,0.000097,2.749466e-06,0.00243861
9781,0.000097,2.748841e-06,0.00479780
9782,0.000110,2.743776e-06,0.00379712
9783,0.000099,2.739726e-06,0.00307627
9784,0.000097,2.736261e-06,0.00257074
9785,0.000097,2.733135e-06,0.00222787
9786,0.000107,2.731108e-06,0.00410738
9787,0.000102,2.726780e-06,0.00329703
9788,0.000100,2.723161e-06,0.00272276
9789,0.000106,2.719952e-06,0.00232836
9790,0.000099,2.718649e-06,0.00445472
9791,0.001641,2.713983e-06,0.00354651
9792,0.000103,2.710175e-06,0.00289676
9793,0.000107,2.706862e-06,0.00244517
9794,0.000115,2.706431e-06,0.00484254
9795,0.000110,2.701352e-06,0.00382740
9796,0.000114,2.697311e-06,0.00309494
9797,0.000110,2.693869e-06,0.00258016
9798,0.000115,2.690774e-06,0.00223013
9799,0.000113,2.688907e-06,0.00414261
9800,0.000113,2.684582e-06,0.00331967
9801,0.000127,2.680982e-06,0.00273532
9802,0.000133,2.677801e-06,0.00233302
9803,0.000116,2.676675e-06,0.00449533
9804,0.000173,2.672003e-06,0.00357345
9805,0.000146,2.668208e-06,0.00291275
9806,0.000116,2.664920e-06,0.00245249
9807,0.000124,2.664687e-06,0.00488899
9808,0.000127,2.659591e-06,0.00385902
9809,0.000115,2.655557e-06,0.00311467
9810,0.000120,2.652137e-06,0.00259041
9811,0.000122,2.649071e-06,0.00223302
9812,0.000145,2.647368e-06,0.00417931
9813,0.000128,2.643042e-06,0.00334346
9814,0.000131,2.639460e-06,0.00274879
9815,0.000128,2.636305e-06,0.00233838
9816,0.000119,2.635360e-06,0.00453752
9817,0.000123,2.630678e-06,0.00360165
9818,0.000126,2.626895e-06,0.00292973
9819,0.000125,2.623631e-06,0.00246058
9820,0.000133,2.623599e-06,0.00493717
9821,0.000127,2.618483e-06,0.00389200
9822,0.000126,2.614455e-06,0.00313548
9823,0.000119,2.611055e-06,0.00260151
9824,0.000128,2.608018e-06,0.00223657
9825,0.000121,2.606478e-06,0.00421747
9826,0.000116,2.602151e-06,0.00336842
9827,0.000113,2.598583e-06,0.00276318
9828,0.000098,2.595455e-06,0.00234446
9829,0.001539,2.594692e-06,0.00458131
9830,0.000086,2.589999e-06,0.00363112
9831,0.000083,2.586226e-06,0.00294772
9832,0.000082,2.582984e-06,0.00246945
9833,0.000084,2.580050e-06,0.00214587
9834,0.000108,2.578018e-06,0.00392635
9835,0.000098,2.573993e-06,0.00315737
9836,0.000095,2.570612e-06,0.00261346
9837,0.000131,2.567602e-06,0.00224078
9838,0.000118,2.566230e-06,0.00425712
9839,0.000118,2.561897e-06,0.00339455
9840,0.000114,2.558344e-06,0.00277850
9841,0.000117,2.555240e-06,0.00235126
9842,0.000127,2.554663e-06,0.00462672
9843,0.000172,2.549955e-06,0.00366186
9844,0.000124,2.546190e-06,0.00296671
9845,0.000147,2.542970e-06,0.00247913
9846,0.000136,2.540064e-06,0.00214836
9847,0.000115,2.538185e-06,0.00396208
9848,0.000128,2.534162e-06,0.00318036
9849,0.000117,2.530798e-06,0.00262629
9850,0.000120,2.527814e-06,0.00224567
9851,0.000122,2.526612e-06,0.00429828
9852,0.000117,2.522272e-06,0.00342188
9853,0.000118,2.518731e-06,0.00279477
9854,0.000122,2.515651e-06,0.00235881
9855,0.000118,2.515263e-06,0.00467376
9856,0.000119,2.510537e-06,0.00369389
9857,0.000129,2.506779e-06,0.00298674
9858,0.000127,2.503578e-06,0.00248961
9859,0.000119,2.500701e-06,0.00215147
9860,0.000122,2.498977e-06,0.00399922
9861,0.000134,2.494952e-06,0.00320447
9862,0.000117,2.491604e-06,0.00263999
9863,0.000120,2.488646e-06,0.00225124
9864,0.000125,2.487615e-06,0.00434095
9865,0.001654,2.483266e-06,0.00345042
9866,0.000090,2.479735e-06,0.00281200
9867,0.000083,2.476677e-06,0.00236711
9868,0.000083,2.476481e-06,0.00472246
9869,0.000082,2.471736e-06,0.00372723
9870,0.000083,2.467982e-06,0.00300780
9871,0.000091,2.464800e-06,0.00250091
9872,0.000082,2.461949e-06,0.00215522
9873,0.000081,2.460382e-06,0.00403777
9874,0.000082,2.456355e-06,0.00322970
9875,0.000085,2.453020e-06,0.00265459
9876,0.000080,2.450086e-06,0.00225751
9877,0.000083,2.449230e-06,0.00438516
9878,0.000082,2.444869e-06,0.00348018
9879,0.000108,2.441347e-06,0.00283020
9880,0.000101,2.438310e-06,0.00237617
9881,0.000101,2.435553e-06,0.00206963
9882,0.000117,2.433541e-06,0.00376190
9883,0.000121,2.429789e-06,0.00302992
9884,0.000119,2.426624e-06,0.00251305
9885,0.000114,2.423799e-06,0.00215961
9886,0.000136,2.422392e-06,0.00407776
9887,0.000119,2.418359e-06,0.00325608
9888,0.000129,2.415037e-06,0.00267010
9889,0.000117,2.412126e-06,0.00226448
9890,0.000125,2.411448e-06,0.00443093
9891,0.000123,2.407071e-06,0.00351117
9892,0.000118,2.403557e-06,0.00284939
9893,0.000123,2.400539e-06,0.00238601
9894,0.000123,2.397809e-06,0.00207230
9895,0.000117,2.395943e-06,0.00379790
9896,0.000116,2.392192e-06,0.00305311
9897,0.000122,2.389043e-06,0.00252603
9898,0.000112,2.386243e-06,0.00216466
9899,0.000123,2.384997e-06,0.00411919
9900,0.000112,2.380956e-06,0.00328360
9901,0.000123,2.377646e-06,0.00268653
9902,0.000113,2.374757e-06,0.00227218
9903,0.000124,2.374258e-06,0.00447826
9904,0.001852,2.369865e-06,0.00354341
9905,0.000087,2.366355e-06,0.00286957
9906,0.000084,2.363356e-06,0.00239663
9907,0.000083,2.360652e-06,0.00207557
9908,0.000086,2.358934e-06,0.00383525
9909,0.000084,2.355182e-06,0.00307737
9910,0.000084,2.352047e-06,0.00253988
9911,0.000089,2.349270e-06,0.00217038
9912,0.000083,2.348188e-06,0.00416209
9913,0.000084,2.344138e-06,0.00331230
9914,0.000083,2.340837e-06,0.00270389
9915,0.000083,2.337968e-06,0.00228062
9916,0.000085,2.337653e-06,0.00452719
9917,0.000085,2.333239e-06,0.00357692
9918,0.000116,2.329734e-06,0.00289076
9919,0.000102,2.326752e-06,0.00240806
9920,0.000098,2.324073e-06,0.00207947
9921,0.000104,2.322505e-06,0.00387397
9922,0.000111,2.318748e-06,0.00310273
9923,0.000103,2.315627e-06,0.00255459
9924,0.000104,2.312872e-06,0.00217678
9925,0.000101,2.311957e-06,0.00420648
9926,0.000100,2.307894e-06,0.00334218
9927,0.000106,2.304601e-06,0.00272219
9928,0.000098,2.301752e-06,0.00228980
9929,0.000102,2.301624e-06,0.00457772
9930,0.000110,2.297187e-06,0.00361170
9931,0.000127,2.293683e-06,0.00291298
9932,0.000108,2.290717e-06,0.00242030
9933,0.000113,2.288062e-06,0.00208400
9934,0.000128,2.286646e-06,0.00391408
9935,0.000118,2.282884e-06,0.00312920
9936,0.000120,2.279774e-06,0.00257019
9937,0.000120,2.277041e-06,0.00218388
9938,0.000121,2.276295e-06,0.00425236
9939,0.000126,2.272217e-06,0.00337327
9940,0.000127,2.268930e-06,0.00274146
9941,0.000117,2.266099e-06,0.00229974
9942,0.000126,2.263532e-06,0.00200121
9943,0.001993,2.261699e-06,0.00364779
9944,0.000102,2.258194e-06,0.00293624
9945,0.000103,2.255243e-06,0.00243337
9946,0.000101,2.252611e-06,0.00208917
9947,0.000084,2.251349e-06,0.00395559
9948,0.000085,2.247579e-06,0.00315679
9949,0.000085,2.244479e-06,0.00258669
9950,0.000090,2.241766e-06,0.00219168
9951,0.000084,2.241192e-06,0.00429977
9952,0.000086,2.237097e-06,0.00340556
9953,0.000085,2.233814e-06,0.00276170
9954,0.000086,2.231001e-06,0.00231045
9955,0.000083,2.228458e-06,0.00200461
9956,0.000086,2.226766e-06,0.00368518
9957,0.000112,2.223259e-06,0.00296055
9958,0.000103,2.220321e-06,0.00244728
9959,0.000099,2.217711e-06,0.00209499
9960,0.000105,2.216605e-06,0.00399853
9961,0.000102,2.212825e-06,0.00318552
9962,0.000105,2.209734e-06,0.00260410
9963,0.000102,2.207040e-06,0.00220020
9964,0.000100,2.206641e-06,0.00434872
9965,0.000097,2.202526e-06,0.00343909
9966,0.000100,2.199246e-06,0.00278293
9967,0.000106,2.196449e-06,0.00232194
9968,0.000100,2.193930e-06,0.00200862
9969,0.000100,2.192380e-06,0.00372391
9970,0.000113,2.188869e-06,0.00298593
9971,0.000165,2.185943e-06,0.00246204
9972,0.000106,2.183354e-06,0.00210149
9973,0.000108,2.182407e-06,0.00404290
9974,0.000101,2.178614e-06,0.00321541
9975,0.000100,2.175530e-06,0.00262244
9976,0.000105,2.172854e-06,0.00220945
9977,0.000104,2.172633e-06,0.00439922
9978,0.000111,2.168496e-06,0.00347386
9979,0.000118,2.165217e-06,0.00280516
9980,0.000113,2.162434e-06,0.00233423
9981,0.000125,2.159938e-06,0.00201325
9982,0.000125,2.158532e-06,0.00376399
9983,0.001976,2.155016e-06,0.00301239
9984,0.000110,2.152100e-06,0.00247767
9985,0.000103,2.149531e-06,0.00210866
9986,0.000104,2.148745e-06,0.00408873
9987,0.000108,2.144937e-06,0.00324646
9988,0.000100,2.141858e-06,0.00264171
9989,0.000105,2.139200e-06,0.00221944
9990,0.000101,2.139161e-06,0.00445131
9991,0.000101,2.134998e-06,0.00350989
9992,0.000101,2.131718e-06,0.00282840
9993,0.000105,2.128949e-06,0.00234733
9994,0.000101,2.126474e-06,0.00201851
9995,0.000096,2.125215e-06,0.00380543
9996,0.000113,2.121690e-06,0.00303994
9997,0.000105,2.118784e-06,0.00249418
9998,0.000104,2.116234e-06,0.00211653
9999,0.000109,2.115612e-06,0.00413604
10000,0.000103,2.111787e-06,0.00327870
